

================================================================
== Vitis HLS Report for 'gaussian_blur'
================================================================
* Date:           Sat Aug  1 15:48:52 2026

* Version:        2025.2 (Build 6295257 on Nov 14 2025)
* Project:        canny_top
* Solution:       hls (Vitis Kernel Flow Target)
* Product family: zynquplus
* Target device:  xck26-sfvc784-2LV-c


================================================================
== Performance Estimates
================================================================
+ Timing: 
    * Summary: 
    +--------+---------+----------+------------+
    |  Clock |  Target | Estimated| Uncertainty|
    +--------+---------+----------+------------+
    |ap_clk  |  5.00 ns|  3.353 ns|     1.35 ns|
    +--------+---------+----------+------------+

+ Latency: 
    * Summary: 
    +---------+---------+----------+----------+------+--------+---------+
    |  Latency (cycles) |  Latency (absolute) |    Interval   | Pipeline|
    |   min   |   max   |    min   |    max   |  min |   max  |   Type  |
    +---------+---------+----------+----------+------+--------+---------+
    |     1543|   539701|  7.715 us|  2.699 ms|  1543|  539701|       no|
    +---------+---------+----------+----------+------+--------+---------+

    + Detail: 
        * Instance: 
        +----------------------------------------------------+-----------------------------------------+---------+---------+----------+----------+-----+-----+-------------------+
        |                                                    |                                         |  Latency (cycles) |  Latency (absolute) |  Interval |      Pipeline     |
        |                      Instance                      |                  Module                 |   min   |   max   |    min   |    max   | min | max |        Type       |
        +----------------------------------------------------+-----------------------------------------+---------+---------+----------+----------+-----+-----+-------------------+
        |grp_gaussian_blur_Pipeline_VITIS_LOOP_94_2_fu_114   |gaussian_blur_Pipeline_VITIS_LOOP_94_2   |      515|      515|  2.575 us|  2.575 us|    0|    0|  loop pipeline stp|
        |grp_gaussian_blur_Pipeline_VITIS_LOOP_157_7_fu_129  |gaussian_blur_Pipeline_VITIS_LOOP_157_7  |      515|      515|  2.575 us|  2.575 us|    0|    0|  loop pipeline stp|
        +----------------------------------------------------+-----------------------------------------+---------+---------+----------+----------+-----+-----+-------------------+

        * Loop: 
        +-------------------+---------+---------+----------+-----------+-----------+------+----------+
        |                   |  Latency (cycles) | Iteration|  Initiation Interval  | Trip |          |
        |     Loop Name     |   min   |   max   |  Latency |  achieved |   target  | Count| Pipelined|
        +-------------------+---------+---------+----------+-----------+-----------+------+----------+
        |- VITIS_LOOP_59_1  |     1542|   539700|  3 ~ 1050|          -|          -|   514|        no|
        +-------------------+---------+---------+----------+-----------+-----------+------+----------+



================================================================
== Utilization Estimates
================================================================
* Summary: 
+-----------------+---------+------+--------+--------+-----+
|       Name      | BRAM_18K|  DSP |   FF   |   LUT  | URAM|
+-----------------+---------+------+--------+--------+-----+
|DSP              |        -|     -|       -|       -|    -|
|Expression       |        -|     -|       0|     375|    -|
|FIFO             |        -|     -|       -|       -|    -|
|Instance         |        -|     -|     689|     843|    -|
|Memory           |        5|     -|       0|       0|    0|
|Multiplexer      |        -|     -|       0|     364|    -|
|Register         |        -|     -|     131|       -|    -|
+-----------------+---------+------+--------+--------+-----+
|Total            |        5|     0|     820|    1582|    0|
+-----------------+---------+------+--------+--------+-----+
|Available        |      288|  1248|  234240|  117120|   64|
+-----------------+---------+------+--------+--------+-----+
|Utilization (%)  |        1|     0|      ~0|       1|    0|
+-----------------+---------+------+--------+--------+-----+

+ Detail: 
    * Instance: 
    +----------------------------------------------------+-----------------------------------------+---------+----+-----+-----+-----+
    |                      Instance                      |                  Module                 | BRAM_18K| DSP|  FF | LUT | URAM|
    +----------------------------------------------------+-----------------------------------------+---------+----+-----+-----+-----+
    |grp_gaussian_blur_Pipeline_VITIS_LOOP_157_7_fu_129  |gaussian_blur_Pipeline_VITIS_LOOP_157_7  |        0|   0|   43|  309|    0|
    |grp_gaussian_blur_Pipeline_VITIS_LOOP_94_2_fu_114   |gaussian_blur_Pipeline_VITIS_LOOP_94_2   |        0|   0|  122|  309|    0|
    |srem_10ns_4ns_10_14_seq_1_U118                      |srem_10ns_4ns_10_14_seq_1                |        0|   0|  131|   56|    0|
    |srem_10ns_4ns_10_14_seq_1_U119                      |srem_10ns_4ns_10_14_seq_1                |        0|   0|  131|   56|    0|
    |srem_11ns_4ns_11_15_seq_1_U120                      |srem_11ns_4ns_11_15_seq_1                |        0|   0|  143|   64|    0|
    |urem_9ns_4ns_3_13_seq_1_U121                        |urem_9ns_4ns_3_13_seq_1                  |        0|   0|  119|   49|    0|
    +----------------------------------------------------+-----------------------------------------+---------+----+-----+-----+-----+
    |Total                                               |                                         |        0|   0|  689|  843|    0|
    +----------------------------------------------------+-----------------------------------------+---------+----+-----+-----+-----+

    * DSP: 
    N/A

    * Memory: 
    +----------------+----------------------------------------+---------+---+----+-----+------+-----+------+-------------+
    |     Memory     |                 Module                 | BRAM_18K| FF| LUT| URAM| Words| Bits| Banks| W*Bits*Banks|
    +----------------+----------------------------------------+---------+---+----+-----+------+-----+------+-------------+
    |lineBuffer_U    |gaussian_blur_lineBuffer_RAM_AUTO_1R1W  |        1|  0|   0|    0|   512|   12|     1|         6144|
    |lineBuffer_1_U  |gaussian_blur_lineBuffer_RAM_AUTO_1R1W  |        1|  0|   0|    0|   512|   12|     1|         6144|
    |lineBuffer_2_U  |gaussian_blur_lineBuffer_RAM_AUTO_1R1W  |        1|  0|   0|    0|   512|   12|     1|         6144|
    |lineBuffer_3_U  |gaussian_blur_lineBuffer_RAM_AUTO_1R1W  |        1|  0|   0|    0|   512|   12|     1|         6144|
    |lineBuffer_4_U  |gaussian_blur_lineBuffer_RAM_AUTO_1R1W  |        1|  0|   0|    0|   512|   12|     1|         6144|
    +----------------+----------------------------------------+---------+---+----+-----+------+-----+------+-------------+
    |Total           |                                        |        5|  0|   0|    0|  2560|   60|     5|        30720|
    +----------------+----------------------------------------+---------+---+----+-----+------+-----+------+-------------+

    * FIFO: 
    N/A

    * Expression: 
    +----------------------------------+----------+----+---+----+------------+------------+
    |           Variable Name          | Operation| DSP| FF| LUT| Bitwidth P0| Bitwidth P1|
    +----------------------------------+----------+----+---+----+------------+------------+
    |add_ln152_1_fu_247_p2             |         +|   0|  0|  17|          10|           3|
    |add_ln152_2_fu_279_p2             |         +|   0|  0|  18|          11|           2|
    |add_ln152_fu_215_p2               |         +|   0|  0|  17|          10|           4|
    |add_ln21_1_fu_407_p2              |         +|   0|  0|  10|           3|           3|
    |add_ln21_2_fu_438_p2              |         +|   0|  0|  10|           3|           3|
    |add_ln21_fu_381_p2                |         +|   0|  0|  10|           3|           3|
    |add_ln57_1_fu_477_p2              |         +|   0|  0|  17|          10|           1|
    |add_ln57_fu_457_p2                |         +|   0|  0|  17|          10|           1|
    |outputRow_fu_202_p2               |         +|   0|  0|  17|          10|           3|
    |rowsReceived_fu_175_p2            |         +|   0|  0|  17|          10|           1|
    |sub_ln26_1_fu_260_p2              |         -|   0|  0|  17|           2|          10|
    |sub_ln26_2_fu_296_p2              |         -|   0|  0|  17|           1|          10|
    |sub_ln26_fu_228_p2                |         -|   0|  0|  17|           3|          10|
    |sub_ln28_fu_352_p2                |         -|   0|  0|  16|           3|           9|
    |ap_block_state2                   |       and|   0|  0|   2|           1|           1|
    |ap_block_state21_on_subcall_done  |       and|   0|  0|   2|           1|           1|
    |ap_block_state6_on_subcall_done   |       and|   0|  0|   2|           1|           1|
    |ap_predicate_op46_read_state2     |       and|   0|  0|   2|           1|           1|
    |icmp_ln27_fu_315_p2               |      icmp|   0|  0|   9|           2|           1|
    |icmp_ln57_1_fu_483_p2             |      icmp|   0|  0|  17|          10|           3|
    |icmp_ln57_fu_463_p2               |      icmp|   0|  0|  17|          10|           3|
    |icmp_ln59_fu_169_p2               |      icmp|   0|  0|  17|          10|          10|
    |ap_block_state1                   |        or|   0|  0|   2|           1|           1|
    |grp_fu_241_p0                     |    select|   0|  0|  10|           1|          10|
    |grp_fu_273_p0                     |    select|   0|  0|  10|           1|          10|
    |grp_fu_346_p0                     |    select|   0|  0|  10|           1|          11|
    |grp_fu_363_p0                     |    select|   0|  0|   9|           1|           9|
    |select_ln21_1_fu_413_p3           |    select|   0|  0|   3|           1|           3|
    |select_ln21_2_fu_444_p3           |    select|   0|  0|   3|           1|           3|
    |select_ln21_fu_387_p3             |    select|   0|  0|   3|           1|           3|
    |select_ln27_fu_326_p3             |    select|   0|  0|  10|           1|          10|
    |select_ln57_1_fu_489_p3           |    select|   0|  0|  10|           1|           1|
    |select_ln57_fu_469_p3             |    select|   0|  0|  10|           1|           1|
    |xor_ln28_fu_321_p2                |       xor|   0|  0|  10|          10|           2|
    +----------------------------------+----------+----+---+----+------------+------------+
    |Total                             |          |   0|  0| 375|         146|         148|
    +----------------------------------+----------+----+---+----+------------+------------+

    * Multiplexer: 
    +-----------------------+-----+-----------+-----+-----------+
    |          Name         | LUT | Input Size| Bits| Total Bits|
    +-----------------------+-----+-----------+-----+-----------+
    |ap_NS_fsm              |  111|         22|    1|         22|
    |ap_done                |    9|          2|    1|          2|
    |gray_out_blk_n         |    9|          2|    1|          2|
    |gray_out_read          |   14|          3|    1|          3|
    |lineBuffer_1_address0  |   14|          3|    9|         27|
    |lineBuffer_1_ce0       |   14|          3|    1|          3|
    |lineBuffer_1_we0       |    9|          2|    1|          2|
    |lineBuffer_2_address0  |   14|          3|    9|         27|
    |lineBuffer_2_ce0       |   14|          3|    1|          3|
    |lineBuffer_2_we0       |    9|          2|    1|          2|
    |lineBuffer_3_address0  |   14|          3|    9|         27|
    |lineBuffer_3_ce0       |   14|          3|    1|          3|
    |lineBuffer_3_we0       |    9|          2|    1|          2|
    |lineBuffer_4_address0  |   14|          3|    9|         27|
    |lineBuffer_4_ce0       |   14|          3|    1|          3|
    |lineBuffer_4_we0       |    9|          2|    1|          2|
    |lineBuffer_address0    |   14|          3|    9|         27|
    |lineBuffer_ce0         |   14|          3|    1|          3|
    |lineBuffer_we0         |    9|          2|    1|          2|
    |phi_urem57_fu_76       |    9|          2|   10|         20|
    |phi_urem_fu_80         |    9|          2|   10|         20|
    |real_start             |    9|          2|    1|          2|
    |row_7_fu_84            |    9|          2|   10|         20|
    +-----------------------+-----+-----------+-----+-----------+
    |Total                  |  364|         77|   90|        251|
    +-----------------------+-----+-----------+-----+-----------+

    * Register: 
    +-----------------------------------------------------------------+----+----+-----+-----------+
    |                               Name                              | FF | LUT| Bits| Const Bits|
    +-----------------------------------------------------------------+----+----+-----+-----------+
    |ap_CS_fsm                                                        |  21|   0|   21|          0|
    |ap_done_reg                                                      |   1|   0|    1|          0|
    |grp_gaussian_blur_Pipeline_VITIS_LOOP_157_7_fu_129_ap_start_reg  |   1|   0|    1|          0|
    |grp_gaussian_blur_Pipeline_VITIS_LOOP_94_2_fu_114_ap_start_reg   |   1|   0|    1|          0|
    |phi_urem57_fu_76                                                 |  10|   0|   10|          0|
    |phi_urem_fu_80                                                   |  10|   0|   10|          0|
    |result_3_reg_603                                                 |   3|   0|    3|          0|
    |row_7_fu_84                                                      |  10|   0|   10|          0|
    |rowsReceived_reg_538                                             |  10|   0|   10|          0|
    |sample0_reg_559                                                  |   8|   0|    8|          0|
    |sample1_reg_564                                                  |   8|   0|    8|          0|
    |sample2_reg_569                                                  |   8|   0|    8|          0|
    |select_ln21_1_reg_613                                            |   3|   0|    3|          0|
    |select_ln21_2_reg_623                                            |   3|   0|    3|          0|
    |select_ln21_reg_608                                              |   3|   0|    3|          0|
    |start_once_reg                                                   |   1|   0|    1|          0|
    |tmp_49_reg_579                                                   |   1|   0|    1|          0|
    |tmp_reg_554                                                      |   1|   0|    1|          0|
    |trunc_ln152_reg_618                                              |   3|   0|    3|          0|
    |trunc_ln20_3_reg_628                                             |   3|   0|    3|          0|
    |trunc_ln59_reg_548                                               |   9|   0|    9|          0|
    |trunc_ln79_reg_574                                               |   3|   0|    3|          0|
    |zext_ln59_reg_543                                                |  10|   0|   11|          1|
    +-----------------------------------------------------------------+----+----+-----+-----------+
    |Total                                                            | 131|   0|  132|          1|
    +-----------------------------------------------------------------+----+----+-----+-----------+



================================================================
== Interface
================================================================
* Summary: 
+--------------------------+-----+-----+------------+---------------+--------------+
|         RTL Ports        | Dir | Bits|  Protocol  | Source Object |    C Type    |
+--------------------------+-----+-----+------------+---------------+--------------+
|ap_clk                    |   in|    1|  ap_ctrl_hs|  gaussian_blur|  return value|
|ap_rst                    |   in|    1|  ap_ctrl_hs|  gaussian_blur|  return value|
|ap_start                  |   in|    1|  ap_ctrl_hs|  gaussian_blur|  return value|
|start_full_n              |   in|    1|  ap_ctrl_hs|  gaussian_blur|  return value|
|ap_done                   |  out|    1|  ap_ctrl_hs|  gaussian_blur|  return value|
|ap_continue               |   in|    1|  ap_ctrl_hs|  gaussian_blur|  return value|
|ap_idle                   |  out|    1|  ap_ctrl_hs|  gaussian_blur|  return value|
|ap_ready                  |  out|    1|  ap_ctrl_hs|  gaussian_blur|  return value|
|start_out                 |  out|    1|  ap_ctrl_hs|  gaussian_blur|  return value|
|start_write               |  out|    1|  ap_ctrl_hs|  gaussian_blur|  return value|
|gray_out_dout             |   in|    8|     ap_fifo|       gray_out|       pointer|
|gray_out_empty_n          |   in|    1|     ap_fifo|       gray_out|       pointer|
|gray_out_read             |  out|    1|     ap_fifo|       gray_out|       pointer|
|gray_out_num_data_valid   |   in|   11|     ap_fifo|       gray_out|       pointer|
|gray_out_fifo_cap         |   in|   11|     ap_fifo|       gray_out|       pointer|
|gauss_out_din             |  out|    8|     ap_fifo|      gauss_out|       pointer|
|gauss_out_full_n          |   in|    1|     ap_fifo|      gauss_out|       pointer|
|gauss_out_write           |  out|    1|     ap_fifo|      gauss_out|       pointer|
|gauss_out_num_data_valid  |   in|   32|     ap_fifo|      gauss_out|       pointer|
|gauss_out_fifo_cap        |   in|   32|     ap_fifo|      gauss_out|       pointer|
+--------------------------+-----+-----+------------+---------------+--------------+

============================================================
+ Verbose Summary: Synthesis Manager
============================================================
InlineROM: 1
ExposeGlobal: 0
============================================================
+ Verbose Summary: CDFG Model
============================================================
IsTopModel: 0
ResetActiveHigh: 1
IsCombinational: 2
IsDatapathOnly: 0
HasWiredReturn: 1
HasMFsm: 0
HasVarLatency: 1
IsPipeline: 0
IsRtlPipelined: 0
IsInstanceOverlapped: 0
IsDontTouch: 0
HasImplIP: 0
IsGatedGlobalClock: 0


============================================================
+ Verbose Summary: Schedule
============================================================
* Number of FSM states : 21
* Pipeline : 0
* Dataflow Pipeline: 0

* FSM state transitions: 
1 --> 2 
2 --> 3 6 
3 --> 4 
4 --> 5 
5 --> 6 
6 --> 7 21 
7 --> 8 
8 --> 9 
9 --> 10 
10 --> 11 
11 --> 12 
12 --> 13 
13 --> 14 
14 --> 15 
15 --> 16 
16 --> 17 
17 --> 18 
18 --> 19 
19 --> 20 
20 --> 21 
21 --> 2 

* FSM state operations: 

State 1 <SV = 0> <Delay = 1.23>
ST_1 : Operation 22 [1/1] (0.00ns)   --->   "%phi_urem57 = alloca i32 1"   --->   Operation 22 'alloca' 'phi_urem57' <Predicate = true> <Delay = 0.00>
ST_1 : Operation 23 [1/1] (0.00ns)   --->   "%phi_urem = alloca i32 1"   --->   Operation 23 'alloca' 'phi_urem' <Predicate = true> <Delay = 0.00>
ST_1 : Operation 24 [1/1] (0.00ns)   --->   "%row_7 = alloca i32 1" [../src/gaussian_blur.cpp:24->../src/gaussian_blur.cpp:152]   --->   Operation 24 'alloca' 'row_7' <Predicate = true> <Delay = 0.00>
ST_1 : Operation 25 [1/1] (0.00ns)   --->   "%specinterface_ln0 = specinterface void @_ssdm_op_SpecInterface, i8 %gauss_out, void @empty_10, i32 0, i32 0, void @empty_4, i32 0, i32 0, void @empty_4, void @empty_4, void @empty_4, i32 0, i32 0, i32 0, i32 0, void @empty_4, void @empty_4, i32 4294967295, i32 0, i32 0, i32 0"   --->   Operation 25 'specinterface' 'specinterface_ln0' <Predicate = true> <Delay = 0.00>
ST_1 : Operation 26 [1/1] (0.00ns)   --->   "%specinterface_ln0 = specinterface void @_ssdm_op_SpecInterface, i8 %gray_out, void @empty_10, i32 0, i32 0, void @empty_4, i32 0, i32 0, void @empty_4, void @empty_4, void @empty_4, i32 0, i32 0, i32 0, i32 0, void @empty_4, void @empty_4, i32 4294967295, i32 0, i32 0, i32 0"   --->   Operation 26 'specinterface' 'specinterface_ln0' <Predicate = true> <Delay = 0.00>
ST_1 : Operation 27 [1/1] (1.23ns)   --->   "%lineBuffer = alloca i64 1" [../src/gaussian_blur.cpp:54]   --->   Operation 27 'alloca' 'lineBuffer' <Predicate = true> <Delay = 1.23>
ST_1 : Operation 28 [1/1] (1.23ns)   --->   "%lineBuffer_1 = alloca i64 1" [../src/gaussian_blur.cpp:54]   --->   Operation 28 'alloca' 'lineBuffer_1' <Predicate = true> <Delay = 1.23>
ST_1 : Operation 29 [1/1] (1.23ns)   --->   "%lineBuffer_2 = alloca i64 1" [../src/gaussian_blur.cpp:54]   --->   Operation 29 'alloca' 'lineBuffer_2' <Predicate = true> <Delay = 1.23>
ST_1 : Operation 30 [1/1] (1.23ns)   --->   "%lineBuffer_3 = alloca i64 1" [../src/gaussian_blur.cpp:54]   --->   Operation 30 'alloca' 'lineBuffer_3' <Predicate = true> <Delay = 1.23>
ST_1 : Operation 31 [1/1] (1.23ns)   --->   "%lineBuffer_4 = alloca i64 1" [../src/gaussian_blur.cpp:54]   --->   Operation 31 'alloca' 'lineBuffer_4' <Predicate = true> <Delay = 1.23>
ST_1 : Operation 32 [1/1] (0.42ns)   --->   "%store_ln24 = store i10 0, i10 %row_7" [../src/gaussian_blur.cpp:24->../src/gaussian_blur.cpp:152]   --->   Operation 32 'store' 'store_ln24' <Predicate = true> <Delay = 0.42>
ST_1 : Operation 33 [1/1] (0.42ns)   --->   "%store_ln0 = store i10 0, i10 %phi_urem"   --->   Operation 33 'store' 'store_ln0' <Predicate = true> <Delay = 0.42>
ST_1 : Operation 34 [1/1] (0.42ns)   --->   "%store_ln0 = store i10 0, i10 %phi_urem57"   --->   Operation 34 'store' 'store_ln0' <Predicate = true> <Delay = 0.42>
ST_1 : Operation 35 [1/1] (0.00ns)   --->   "%br_ln59 = br void %for.body" [../src/gaussian_blur.cpp:59]   --->   Operation 35 'br' 'br_ln59' <Predicate = true> <Delay = 0.00>

State 2 <SV = 1> <Delay = 2.53>
ST_2 : Operation 36 [1/1] (0.00ns)   --->   "%row_9 = load i10 %row_7" [../src/gaussian_blur.cpp:28->../src/gaussian_blur.cpp:152]   --->   Operation 36 'load' 'row_9' <Predicate = true> <Delay = 0.00>
ST_2 : Operation 37 [1/1] (0.78ns)   --->   "%icmp_ln59 = icmp_eq  i10 %row_9, i10 514" [../src/gaussian_blur.cpp:59]   --->   Operation 37 'icmp' 'icmp_ln59' <Predicate = true> <Delay = 0.78> <CoreInst = "Cmp">   --->   Core 9 'Cmp' <Latency = 0> <II = 1> <Delay = 0.78> <FuncUnit> <Opcode : 'seteq' 'setne' 'setle' 'setge' 'setlt' 'setgt'> <InPorts = 2> <OutPorts = 1>
ST_2 : Operation 38 [1/1] (0.00ns)   --->   "%speclooptripcount_ln0 = speclooptripcount void @_ssdm_op_SpecLoopTripCount, i64 514, i64 514, i64 514"   --->   Operation 38 'speclooptripcount' 'speclooptripcount_ln0' <Predicate = true> <Delay = 0.00>
ST_2 : Operation 39 [1/1] (0.78ns)   --->   "%rowsReceived = add i10 %row_9, i10 1" [../src/gaussian_blur.cpp:133]   --->   Operation 39 'add' 'rowsReceived' <Predicate = true> <Delay = 0.78> <CoreInst = "Adder">   --->   Core 1 'Adder' <Latency = 0> <II = 1> <Delay = 0.78> <FuncUnit> <Opcode : 'add' 'sub'> <InPorts = 2> <OutPorts = 1>
ST_2 : Operation 40 [1/1] (0.00ns)   --->   "%br_ln59 = br i1 %icmp_ln59, void %for.body.split, void %for.end127" [../src/gaussian_blur.cpp:59]   --->   Operation 40 'br' 'br_ln59' <Predicate = true> <Delay = 0.00>
ST_2 : Operation 41 [1/1] (0.00ns)   --->   "%zext_ln59 = zext i10 %row_9" [../src/gaussian_blur.cpp:59]   --->   Operation 41 'zext' 'zext_ln59' <Predicate = (!icmp_ln59)> <Delay = 0.00>
ST_2 : Operation 42 [1/1] (0.00ns)   --->   "%trunc_ln59 = trunc i10 %row_9" [../src/gaussian_blur.cpp:59]   --->   Operation 42 'trunc' 'trunc_ln59' <Predicate = (!icmp_ln59)> <Delay = 0.00>
ST_2 : Operation 43 [1/1] (0.00ns)   --->   "%specloopname_ln59 = specloopname void @_ssdm_op_SpecLoopName, void @empty_16" [../src/gaussian_blur.cpp:59]   --->   Operation 43 'specloopname' 'specloopname_ln59' <Predicate = (!icmp_ln59)> <Delay = 0.00>
ST_2 : Operation 44 [1/1] (0.00ns)   --->   "%tmp = bitselect i1 @_ssdm_op_BitSelect.i1.i10.i32, i10 %row_9, i32 9" [../src/gaussian_blur.cpp:60]   --->   Operation 44 'bitselect' 'tmp' <Predicate = (!icmp_ln59)> <Delay = 0.00>
ST_2 : Operation 45 [1/1] (0.00ns)   --->   "%br_ln60 = br i1 %tmp, void %VITIS_LOOP_94_2, void %if.end65" [../src/gaussian_blur.cpp:60]   --->   Operation 45 'br' 'br_ln60' <Predicate = (!icmp_ln59)> <Delay = 0.00>
ST_2 : Operation 46 [1/1] ( I:1.75ns O:1.75ns )   --->   "%sample0 = read i8 @_ssdm_op_Read.ap_fifo.volatile.i8P0A, i8 %gray_out" [../src/gaussian_blur.cpp:79]   --->   Operation 46 'read' 'sample0' <Predicate = (!icmp_ln59 & !tmp)> <Delay = 1.75> <CoreInst = "FIFO">   --->   Core 77 'FIFO' <Latency = 0> <II = 1> <Delay = 1.75> <Storage> <Opcode : 'read' 'write' 'nbread' 'nbwrite'> <Ports = 0> <Width = 8> <Depth = 1024> <FIFO>
ST_2 : Operation 47 [1/1] (0.00ns)   --->   "%ret_ln185 = ret" [../src/gaussian_blur.cpp:185]   --->   Operation 47 'ret' 'ret_ln185' <Predicate = (icmp_ln59)> <Delay = 0.00>

State 3 <SV = 2> <Delay = 1.75>
ST_3 : Operation 48 [1/1] ( I:1.75ns O:1.75ns )   --->   "%sample1 = read i8 @_ssdm_op_Read.ap_fifo.volatile.i8P0A, i8 %gray_out" [../src/gaussian_blur.cpp:80]   --->   Operation 48 'read' 'sample1' <Predicate = true> <Delay = 1.75> <CoreInst = "FIFO">   --->   Core 77 'FIFO' <Latency = 0> <II = 1> <Delay = 1.75> <Storage> <Opcode : 'read' 'write' 'nbread' 'nbwrite'> <Ports = 0> <Width = 8> <Depth = 1024> <FIFO>

State 4 <SV = 3> <Delay = 1.75>
ST_4 : Operation 49 [1/1] ( I:1.75ns O:1.75ns )   --->   "%sample2 = read i8 @_ssdm_op_Read.ap_fifo.volatile.i8P0A, i8 %gray_out" [../src/gaussian_blur.cpp:81]   --->   Operation 49 'read' 'sample2' <Predicate = true> <Delay = 1.75> <CoreInst = "FIFO">   --->   Core 77 'FIFO' <Latency = 0> <II = 1> <Delay = 1.75> <Storage> <Opcode : 'read' 'write' 'nbread' 'nbwrite'> <Ports = 0> <Width = 8> <Depth = 1024> <FIFO>

State 5 <SV = 4> <Delay = 0.67>
ST_5 : Operation 50 [1/1] (0.00ns)   --->   "%phi_urem_load_6 = load i10 %phi_urem" [../src/gaussian_blur.cpp:79]   --->   Operation 50 'load' 'phi_urem_load_6' <Predicate = true> <Delay = 0.00>
ST_5 : Operation 51 [1/1] (0.00ns)   --->   "%trunc_ln79 = trunc i10 %phi_urem_load_6" [../src/gaussian_blur.cpp:79]   --->   Operation 51 'trunc' 'trunc_ln79' <Predicate = true> <Delay = 0.00>
ST_5 : Operation 52 [2/2] (0.67ns)   --->   "%call_ln81 = call void @gaussian_blur_Pipeline_VITIS_LOOP_94_2, i8 %sample2, i8 %sample1, i8 %sample0, i8 %gray_out, i12 %lineBuffer_4, i12 %lineBuffer_3, i12 %lineBuffer_2, i12 %lineBuffer_1, i12 %lineBuffer, i3 %trunc_ln79" [../src/gaussian_blur.cpp:81]   --->   Operation 52 'call' 'call_ln81' <Predicate = true> <Delay = 0.67> <CoreType = "Generic">   --->   Generic Core

State 6 <SV = 5> <Delay = 3.13>
ST_6 : Operation 53 [1/2] (0.00ns)   --->   "%call_ln81 = call void @gaussian_blur_Pipeline_VITIS_LOOP_94_2, i8 %sample2, i8 %sample1, i8 %sample0, i8 %gray_out, i12 %lineBuffer_4, i12 %lineBuffer_3, i12 %lineBuffer_2, i12 %lineBuffer_1, i12 %lineBuffer, i3 %trunc_ln79" [../src/gaussian_blur.cpp:81]   --->   Operation 53 'call' 'call_ln81' <Predicate = (!tmp)> <Delay = 0.00> <CoreType = "Generic">   --->   Generic Core
ST_6 : Operation 54 [1/1] (0.00ns)   --->   "%br_ln0 = br void %if.end65"   --->   Operation 54 'br' 'br_ln0' <Predicate = (!tmp)> <Delay = 0.00>
ST_6 : Operation 55 [1/1] (0.78ns)   --->   "%outputRow = add i10 %row_9, i10 1022" [../src/gaussian_blur.cpp:135]   --->   Operation 55 'add' 'outputRow' <Predicate = true> <Delay = 0.78> <CoreInst = "Adder">   --->   Core 1 'Adder' <Latency = 0> <II = 1> <Delay = 0.78> <FuncUnit> <Opcode : 'add' 'sub'> <InPorts = 2> <OutPorts = 1>
ST_6 : Operation 56 [1/1] (0.00ns)   --->   "%tmp_49 = bitselect i1 @_ssdm_op_BitSelect.i1.i10.i32, i10 %outputRow, i32 9" [../src/gaussian_blur.cpp:137]   --->   Operation 56 'bitselect' 'tmp_49' <Predicate = true> <Delay = 0.00>
ST_6 : Operation 57 [1/1] (0.00ns)   --->   "%br_ln137 = br i1 %tmp_49, void %VITIS_LOOP_148_6_ifconv, void %cleanup" [../src/gaussian_blur.cpp:137]   --->   Operation 57 'br' 'br_ln137' <Predicate = true> <Delay = 0.00>
ST_6 : Operation 58 [1/1] (0.78ns)   --->   "%add_ln152 = add i10 %row_9, i10 1020" [../src/gaussian_blur.cpp:152]   --->   Operation 58 'add' 'add_ln152' <Predicate = (!tmp_49)> <Delay = 0.78> <CoreInst = "Adder">   --->   Core 1 'Adder' <Latency = 0> <II = 1> <Delay = 0.78> <FuncUnit> <Opcode : 'add' 'sub'> <InPorts = 2> <OutPorts = 1>
ST_6 : Operation 59 [1/1] (0.00ns)   --->   "%tmp_50 = bitselect i1 @_ssdm_op_BitSelect.i1.i10.i32, i10 %add_ln152, i32 9" [../src/gaussian_blur.cpp:25->../src/gaussian_blur.cpp:152]   --->   Operation 59 'bitselect' 'tmp_50' <Predicate = (!tmp_49)> <Delay = 0.00>
ST_6 : Operation 60 [1/1] (0.78ns)   --->   "%sub_ln26 = sub i10 4, i10 %row_9" [../src/gaussian_blur.cpp:26->../src/gaussian_blur.cpp:152]   --->   Operation 60 'sub' 'sub_ln26' <Predicate = (!tmp_49)> <Delay = 0.78> <CoreInst = "Adder">   --->   Core 1 'Adder' <Latency = 0> <II = 1> <Delay = 0.78> <FuncUnit> <Opcode : 'add' 'sub'> <InPorts = 2> <OutPorts = 1>
ST_6 : Operation 61 [1/1] (0.40ns)   --->   "%select_ln25 = select i1 %tmp_50, i10 %sub_ln26, i10 %add_ln152" [../src/gaussian_blur.cpp:25->../src/gaussian_blur.cpp:152]   --->   Operation 61 'select' 'select_ln25' <Predicate = (!tmp_49)> <Delay = 0.40> <CoreInst = "Sel">   --->   Core 73 'Sel' <Latency = 0> <II = 1> <Delay = 0.40> <FuncUnit> <Opcode : 'select'> <InPorts = 3> <OutPorts = 1>
ST_6 : Operation 62 [14/14] (1.39ns)   --->   "%result = srem i10 %select_ln25, i10 5" [../src/gaussian_blur.cpp:20->../src/gaussian_blur.cpp:151]   --->   Operation 62 'srem' 'result' <Predicate = (!tmp_49)> <Delay = 1.39> <CoreInst = "DivnS_SEQ">   --->   Core 7 'DivnS_SEQ' <Latency = 13> <II = 10> <Delay = 1.39> <FuncUnit> <Opcode : 'udiv' 'sdiv' 'urem' 'srem'> <InPorts = 2> <OutPorts = 1>
ST_6 : Operation 63 [1/1] (0.78ns)   --->   "%add_ln152_1 = add i10 %row_9, i10 1021" [../src/gaussian_blur.cpp:152]   --->   Operation 63 'add' 'add_ln152_1' <Predicate = (!tmp_49)> <Delay = 0.78> <CoreInst = "Adder">   --->   Core 1 'Adder' <Latency = 0> <II = 1> <Delay = 0.78> <FuncUnit> <Opcode : 'add' 'sub'> <InPorts = 2> <OutPorts = 1>
ST_6 : Operation 64 [1/1] (0.00ns)   --->   "%tmp_52 = bitselect i1 @_ssdm_op_BitSelect.i1.i10.i32, i10 %add_ln152_1, i32 9" [../src/gaussian_blur.cpp:25->../src/gaussian_blur.cpp:152]   --->   Operation 64 'bitselect' 'tmp_52' <Predicate = (!tmp_49)> <Delay = 0.00>
ST_6 : Operation 65 [1/1] (0.78ns)   --->   "%sub_ln26_1 = sub i10 3, i10 %row_9" [../src/gaussian_blur.cpp:26->../src/gaussian_blur.cpp:152]   --->   Operation 65 'sub' 'sub_ln26_1' <Predicate = (!tmp_49)> <Delay = 0.78> <CoreInst = "Adder">   --->   Core 1 'Adder' <Latency = 0> <II = 1> <Delay = 0.78> <FuncUnit> <Opcode : 'add' 'sub'> <InPorts = 2> <OutPorts = 1>
ST_6 : Operation 66 [1/1] (0.40ns)   --->   "%select_ln25_1 = select i1 %tmp_52, i10 %sub_ln26_1, i10 %add_ln152_1" [../src/gaussian_blur.cpp:25->../src/gaussian_blur.cpp:152]   --->   Operation 66 'select' 'select_ln25_1' <Predicate = (!tmp_49)> <Delay = 0.40> <CoreInst = "Sel">   --->   Core 73 'Sel' <Latency = 0> <II = 1> <Delay = 0.40> <FuncUnit> <Opcode : 'select'> <InPorts = 3> <OutPorts = 1>
ST_6 : Operation 67 [14/14] (1.39ns)   --->   "%result_1 = srem i10 %select_ln25_1, i10 5" [../src/gaussian_blur.cpp:20->../src/gaussian_blur.cpp:151]   --->   Operation 67 'srem' 'result_1' <Predicate = (!tmp_49)> <Delay = 1.39> <CoreInst = "DivnS_SEQ">   --->   Core 7 'DivnS_SEQ' <Latency = 13> <II = 10> <Delay = 1.39> <FuncUnit> <Opcode : 'udiv' 'sdiv' 'urem' 'srem'> <InPorts = 2> <OutPorts = 1>
ST_6 : Operation 68 [1/1] (0.78ns)   --->   "%add_ln152_2 = add i11 %zext_ln59, i11 2047" [../src/gaussian_blur.cpp:152]   --->   Operation 68 'add' 'add_ln152_2' <Predicate = (!tmp_49)> <Delay = 0.78> <CoreInst = "Adder">   --->   Core 1 'Adder' <Latency = 0> <II = 1> <Delay = 0.79> <FuncUnit> <Opcode : 'add' 'sub'> <InPorts = 2> <OutPorts = 1>
ST_6 : Operation 69 [1/1] (0.00ns) (grouped into LUT with out node value_assign_15)   --->   "%trunc_ln24 = trunc i11 %add_ln152_2" [../src/gaussian_blur.cpp:24->../src/gaussian_blur.cpp:152]   --->   Operation 69 'trunc' 'trunc_ln24' <Predicate = (!tmp_49)> <Delay = 0.00>
ST_6 : Operation 70 [1/1] (0.00ns) (grouped into LUT with out node value_assign_15)   --->   "%tmp_54 = bitselect i1 @_ssdm_op_BitSelect.i1.i11.i32, i11 %add_ln152_2, i32 10" [../src/gaussian_blur.cpp:25->../src/gaussian_blur.cpp:152]   --->   Operation 70 'bitselect' 'tmp_54' <Predicate = (!tmp_49)> <Delay = 0.00>
ST_6 : Operation 71 [1/1] (0.78ns)   --->   "%sub_ln26_2 = sub i10 1, i10 %row_9" [../src/gaussian_blur.cpp:26->../src/gaussian_blur.cpp:152]   --->   Operation 71 'sub' 'sub_ln26_2' <Predicate = (!tmp_49)> <Delay = 0.78> <CoreInst = "Adder">   --->   Core 1 'Adder' <Latency = 0> <II = 1> <Delay = 0.78> <FuncUnit> <Opcode : 'add' 'sub'> <InPorts = 2> <OutPorts = 1>
ST_6 : Operation 72 [1/1] (0.00ns) (grouped into LUT with out node value_assign_15)   --->   "%sext_ln26 = sext i10 %sub_ln26_2" [../src/gaussian_blur.cpp:26->../src/gaussian_blur.cpp:152]   --->   Operation 72 'sext' 'sext_ln26' <Predicate = (!tmp_49)> <Delay = 0.00>
ST_6 : Operation 73 [1/1] (0.00ns)   --->   "%tmp_55 = partselect i2 @_ssdm_op_PartSelect.i2.i11.i32.i32, i11 %add_ln152_2, i32 9, i32 10" [../src/gaussian_blur.cpp:27->../src/gaussian_blur.cpp:152]   --->   Operation 73 'partselect' 'tmp_55' <Predicate = (!tmp_49)> <Delay = 0.00>
ST_6 : Operation 74 [1/1] (0.54ns)   --->   "%icmp_ln27 = icmp_eq  i2 %tmp_55, i2 1" [../src/gaussian_blur.cpp:27->../src/gaussian_blur.cpp:152]   --->   Operation 74 'icmp' 'icmp_ln27' <Predicate = (!tmp_49)> <Delay = 0.54> <CoreInst = "Cmp">   --->   Core 9 'Cmp' <Latency = 0> <II = 1> <Delay = 0.54> <FuncUnit> <Opcode : 'seteq' 'setne' 'setle' 'setge' 'setlt' 'setgt'> <InPorts = 2> <OutPorts = 1>
ST_6 : Operation 75 [1/1] (0.00ns) (grouped into LUT with out node value_assign_15)   --->   "%xor_ln28 = xor i10 %row_9, i10 1023" [../src/gaussian_blur.cpp:28->../src/gaussian_blur.cpp:152]   --->   Operation 75 'xor' 'xor_ln28' <Predicate = (!tmp_49)> <Delay = 0.00> <CoreInst = "LogicGate">   --->   Core 74 'LogicGate' <Latency = 0> <II = 1> <Delay = 0.35> <FuncUnit> <Opcode : 'and' 'or' 'xor'> <InPorts = 2> <OutPorts = 1>
ST_6 : Operation 76 [1/1] (0.00ns) (grouped into LUT with out node value_assign_15)   --->   "%select_ln27 = select i1 %icmp_ln27, i10 %xor_ln28, i10 %trunc_ln24" [../src/gaussian_blur.cpp:27->../src/gaussian_blur.cpp:152]   --->   Operation 76 'select' 'select_ln27' <Predicate = (!tmp_49)> <Delay = 0.00> <CoreInst = "Sel">   --->   Core 73 'Sel' <Latency = 0> <II = 1> <Delay = 0.40> <FuncUnit> <Opcode : 'select'> <InPorts = 3> <OutPorts = 1>
ST_6 : Operation 77 [1/1] (0.00ns) (grouped into LUT with out node value_assign_15)   --->   "%zext_ln27 = zext i10 %select_ln27" [../src/gaussian_blur.cpp:27->../src/gaussian_blur.cpp:152]   --->   Operation 77 'zext' 'zext_ln27' <Predicate = (!tmp_49)> <Delay = 0.00>
ST_6 : Operation 78 [1/1] (0.40ns) (out node of the LUT)   --->   "%value_assign_15 = select i1 %tmp_54, i11 %sext_ln26, i11 %zext_ln27" [../src/gaussian_blur.cpp:25->../src/gaussian_blur.cpp:152]   --->   Operation 78 'select' 'value_assign_15' <Predicate = (!tmp_49)> <Delay = 0.40> <CoreInst = "Sel">   --->   Core 73 'Sel' <Latency = 0> <II = 1> <Delay = 0.38> <FuncUnit> <Opcode : 'select'> <InPorts = 3> <OutPorts = 1>
ST_6 : Operation 79 [15/15] (1.39ns)   --->   "%result_2 = srem i11 %value_assign_15, i11 5" [../src/gaussian_blur.cpp:20->../src/gaussian_blur.cpp:151]   --->   Operation 79 'srem' 'result_2' <Predicate = (!tmp_49)> <Delay = 1.39> <CoreInst = "DivnS_SEQ">   --->   Core 7 'DivnS_SEQ' <Latency = 14> <II = 11> <Delay = 1.39> <FuncUnit> <Opcode : 'udiv' 'sdiv' 'urem' 'srem'> <InPorts = 2> <OutPorts = 1>
ST_6 : Operation 80 [1/1] (0.77ns)   --->   "%sub_ln28 = sub i9 510, i9 %trunc_ln59" [../src/gaussian_blur.cpp:28->../src/gaussian_blur.cpp:152]   --->   Operation 80 'sub' 'sub_ln28' <Predicate = (tmp & !tmp_49)> <Delay = 0.77> <CoreInst = "Adder">   --->   Core 1 'Adder' <Latency = 0> <II = 1> <Delay = 0.77> <FuncUnit> <Opcode : 'add' 'sub'> <InPorts = 2> <OutPorts = 1>
ST_6 : Operation 81 [1/1] (0.39ns)   --->   "%select_ln27_1 = select i1 %tmp, i9 %sub_ln28, i9 %trunc_ln59" [../src/gaussian_blur.cpp:27->../src/gaussian_blur.cpp:152]   --->   Operation 81 'select' 'select_ln27_1' <Predicate = (!tmp_49)> <Delay = 0.39> <CoreInst = "Sel">   --->   Core 73 'Sel' <Latency = 0> <II = 1> <Delay = 0.39> <FuncUnit> <Opcode : 'select'> <InPorts = 3> <OutPorts = 1>
ST_6 : Operation 82 [13/13] (1.39ns)   --->   "%result_3 = urem i9 %select_ln27_1, i9 5" [../src/gaussian_blur.cpp:20->../src/gaussian_blur.cpp:151]   --->   Operation 82 'urem' 'result_3' <Predicate = (!tmp_49)> <Delay = 1.39> <CoreInst = "DivnS_SEQ">   --->   Core 7 'DivnS_SEQ' <Latency = 12> <II = 3> <Delay = 1.39> <FuncUnit> <Opcode : 'udiv' 'sdiv' 'urem' 'srem'> <InPorts = 2> <OutPorts = 1>

State 7 <SV = 6> <Delay = 1.39>
ST_7 : Operation 83 [13/14] (1.39ns)   --->   "%result = srem i10 %select_ln25, i10 5" [../src/gaussian_blur.cpp:20->../src/gaussian_blur.cpp:151]   --->   Operation 83 'srem' 'result' <Predicate = true> <Delay = 1.39> <CoreInst = "DivnS_SEQ">   --->   Core 7 'DivnS_SEQ' <Latency = 13> <II = 10> <Delay = 1.39> <FuncUnit> <Opcode : 'udiv' 'sdiv' 'urem' 'srem'> <InPorts = 2> <OutPorts = 1>
ST_7 : Operation 84 [13/14] (1.39ns)   --->   "%result_1 = srem i10 %select_ln25_1, i10 5" [../src/gaussian_blur.cpp:20->../src/gaussian_blur.cpp:151]   --->   Operation 84 'srem' 'result_1' <Predicate = true> <Delay = 1.39> <CoreInst = "DivnS_SEQ">   --->   Core 7 'DivnS_SEQ' <Latency = 13> <II = 10> <Delay = 1.39> <FuncUnit> <Opcode : 'udiv' 'sdiv' 'urem' 'srem'> <InPorts = 2> <OutPorts = 1>
ST_7 : Operation 85 [14/15] (1.39ns)   --->   "%result_2 = srem i11 %value_assign_15, i11 5" [../src/gaussian_blur.cpp:20->../src/gaussian_blur.cpp:151]   --->   Operation 85 'srem' 'result_2' <Predicate = true> <Delay = 1.39> <CoreInst = "DivnS_SEQ">   --->   Core 7 'DivnS_SEQ' <Latency = 14> <II = 11> <Delay = 1.39> <FuncUnit> <Opcode : 'udiv' 'sdiv' 'urem' 'srem'> <InPorts = 2> <OutPorts = 1>
ST_7 : Operation 86 [12/13] (1.39ns)   --->   "%result_3 = urem i9 %select_ln27_1, i9 5" [../src/gaussian_blur.cpp:20->../src/gaussian_blur.cpp:151]   --->   Operation 86 'urem' 'result_3' <Predicate = true> <Delay = 1.39> <CoreInst = "DivnS_SEQ">   --->   Core 7 'DivnS_SEQ' <Latency = 12> <II = 3> <Delay = 1.39> <FuncUnit> <Opcode : 'udiv' 'sdiv' 'urem' 'srem'> <InPorts = 2> <OutPorts = 1>

State 8 <SV = 7> <Delay = 1.39>
ST_8 : Operation 87 [12/14] (1.39ns)   --->   "%result = srem i10 %select_ln25, i10 5" [../src/gaussian_blur.cpp:20->../src/gaussian_blur.cpp:151]   --->   Operation 87 'srem' 'result' <Predicate = true> <Delay = 1.39> <CoreInst = "DivnS_SEQ">   --->   Core 7 'DivnS_SEQ' <Latency = 13> <II = 10> <Delay = 1.39> <FuncUnit> <Opcode : 'udiv' 'sdiv' 'urem' 'srem'> <InPorts = 2> <OutPorts = 1>
ST_8 : Operation 88 [12/14] (1.39ns)   --->   "%result_1 = srem i10 %select_ln25_1, i10 5" [../src/gaussian_blur.cpp:20->../src/gaussian_blur.cpp:151]   --->   Operation 88 'srem' 'result_1' <Predicate = true> <Delay = 1.39> <CoreInst = "DivnS_SEQ">   --->   Core 7 'DivnS_SEQ' <Latency = 13> <II = 10> <Delay = 1.39> <FuncUnit> <Opcode : 'udiv' 'sdiv' 'urem' 'srem'> <InPorts = 2> <OutPorts = 1>
ST_8 : Operation 89 [13/15] (1.39ns)   --->   "%result_2 = srem i11 %value_assign_15, i11 5" [../src/gaussian_blur.cpp:20->../src/gaussian_blur.cpp:151]   --->   Operation 89 'srem' 'result_2' <Predicate = true> <Delay = 1.39> <CoreInst = "DivnS_SEQ">   --->   Core 7 'DivnS_SEQ' <Latency = 14> <II = 11> <Delay = 1.39> <FuncUnit> <Opcode : 'udiv' 'sdiv' 'urem' 'srem'> <InPorts = 2> <OutPorts = 1>
ST_8 : Operation 90 [11/13] (1.39ns)   --->   "%result_3 = urem i9 %select_ln27_1, i9 5" [../src/gaussian_blur.cpp:20->../src/gaussian_blur.cpp:151]   --->   Operation 90 'urem' 'result_3' <Predicate = true> <Delay = 1.39> <CoreInst = "DivnS_SEQ">   --->   Core 7 'DivnS_SEQ' <Latency = 12> <II = 3> <Delay = 1.39> <FuncUnit> <Opcode : 'udiv' 'sdiv' 'urem' 'srem'> <InPorts = 2> <OutPorts = 1>

State 9 <SV = 8> <Delay = 1.39>
ST_9 : Operation 91 [11/14] (1.39ns)   --->   "%result = srem i10 %select_ln25, i10 5" [../src/gaussian_blur.cpp:20->../src/gaussian_blur.cpp:151]   --->   Operation 91 'srem' 'result' <Predicate = true> <Delay = 1.39> <CoreInst = "DivnS_SEQ">   --->   Core 7 'DivnS_SEQ' <Latency = 13> <II = 10> <Delay = 1.39> <FuncUnit> <Opcode : 'udiv' 'sdiv' 'urem' 'srem'> <InPorts = 2> <OutPorts = 1>
ST_9 : Operation 92 [11/14] (1.39ns)   --->   "%result_1 = srem i10 %select_ln25_1, i10 5" [../src/gaussian_blur.cpp:20->../src/gaussian_blur.cpp:151]   --->   Operation 92 'srem' 'result_1' <Predicate = true> <Delay = 1.39> <CoreInst = "DivnS_SEQ">   --->   Core 7 'DivnS_SEQ' <Latency = 13> <II = 10> <Delay = 1.39> <FuncUnit> <Opcode : 'udiv' 'sdiv' 'urem' 'srem'> <InPorts = 2> <OutPorts = 1>
ST_9 : Operation 93 [12/15] (1.39ns)   --->   "%result_2 = srem i11 %value_assign_15, i11 5" [../src/gaussian_blur.cpp:20->../src/gaussian_blur.cpp:151]   --->   Operation 93 'srem' 'result_2' <Predicate = true> <Delay = 1.39> <CoreInst = "DivnS_SEQ">   --->   Core 7 'DivnS_SEQ' <Latency = 14> <II = 11> <Delay = 1.39> <FuncUnit> <Opcode : 'udiv' 'sdiv' 'urem' 'srem'> <InPorts = 2> <OutPorts = 1>
ST_9 : Operation 94 [10/13] (1.39ns)   --->   "%result_3 = urem i9 %select_ln27_1, i9 5" [../src/gaussian_blur.cpp:20->../src/gaussian_blur.cpp:151]   --->   Operation 94 'urem' 'result_3' <Predicate = true> <Delay = 1.39> <CoreInst = "DivnS_SEQ">   --->   Core 7 'DivnS_SEQ' <Latency = 12> <II = 3> <Delay = 1.39> <FuncUnit> <Opcode : 'udiv' 'sdiv' 'urem' 'srem'> <InPorts = 2> <OutPorts = 1>

State 10 <SV = 9> <Delay = 1.39>
ST_10 : Operation 95 [10/14] (1.39ns)   --->   "%result = srem i10 %select_ln25, i10 5" [../src/gaussian_blur.cpp:20->../src/gaussian_blur.cpp:151]   --->   Operation 95 'srem' 'result' <Predicate = true> <Delay = 1.39> <CoreInst = "DivnS_SEQ">   --->   Core 7 'DivnS_SEQ' <Latency = 13> <II = 10> <Delay = 1.39> <FuncUnit> <Opcode : 'udiv' 'sdiv' 'urem' 'srem'> <InPorts = 2> <OutPorts = 1>
ST_10 : Operation 96 [10/14] (1.39ns)   --->   "%result_1 = srem i10 %select_ln25_1, i10 5" [../src/gaussian_blur.cpp:20->../src/gaussian_blur.cpp:151]   --->   Operation 96 'srem' 'result_1' <Predicate = true> <Delay = 1.39> <CoreInst = "DivnS_SEQ">   --->   Core 7 'DivnS_SEQ' <Latency = 13> <II = 10> <Delay = 1.39> <FuncUnit> <Opcode : 'udiv' 'sdiv' 'urem' 'srem'> <InPorts = 2> <OutPorts = 1>
ST_10 : Operation 97 [11/15] (1.39ns)   --->   "%result_2 = srem i11 %value_assign_15, i11 5" [../src/gaussian_blur.cpp:20->../src/gaussian_blur.cpp:151]   --->   Operation 97 'srem' 'result_2' <Predicate = true> <Delay = 1.39> <CoreInst = "DivnS_SEQ">   --->   Core 7 'DivnS_SEQ' <Latency = 14> <II = 11> <Delay = 1.39> <FuncUnit> <Opcode : 'udiv' 'sdiv' 'urem' 'srem'> <InPorts = 2> <OutPorts = 1>
ST_10 : Operation 98 [9/13] (1.39ns)   --->   "%result_3 = urem i9 %select_ln27_1, i9 5" [../src/gaussian_blur.cpp:20->../src/gaussian_blur.cpp:151]   --->   Operation 98 'urem' 'result_3' <Predicate = true> <Delay = 1.39> <CoreInst = "DivnS_SEQ">   --->   Core 7 'DivnS_SEQ' <Latency = 12> <II = 3> <Delay = 1.39> <FuncUnit> <Opcode : 'udiv' 'sdiv' 'urem' 'srem'> <InPorts = 2> <OutPorts = 1>

State 11 <SV = 10> <Delay = 1.39>
ST_11 : Operation 99 [9/14] (1.39ns)   --->   "%result = srem i10 %select_ln25, i10 5" [../src/gaussian_blur.cpp:20->../src/gaussian_blur.cpp:151]   --->   Operation 99 'srem' 'result' <Predicate = true> <Delay = 1.39> <CoreInst = "DivnS_SEQ">   --->   Core 7 'DivnS_SEQ' <Latency = 13> <II = 10> <Delay = 1.39> <FuncUnit> <Opcode : 'udiv' 'sdiv' 'urem' 'srem'> <InPorts = 2> <OutPorts = 1>
ST_11 : Operation 100 [9/14] (1.39ns)   --->   "%result_1 = srem i10 %select_ln25_1, i10 5" [../src/gaussian_blur.cpp:20->../src/gaussian_blur.cpp:151]   --->   Operation 100 'srem' 'result_1' <Predicate = true> <Delay = 1.39> <CoreInst = "DivnS_SEQ">   --->   Core 7 'DivnS_SEQ' <Latency = 13> <II = 10> <Delay = 1.39> <FuncUnit> <Opcode : 'udiv' 'sdiv' 'urem' 'srem'> <InPorts = 2> <OutPorts = 1>
ST_11 : Operation 101 [10/15] (1.39ns)   --->   "%result_2 = srem i11 %value_assign_15, i11 5" [../src/gaussian_blur.cpp:20->../src/gaussian_blur.cpp:151]   --->   Operation 101 'srem' 'result_2' <Predicate = true> <Delay = 1.39> <CoreInst = "DivnS_SEQ">   --->   Core 7 'DivnS_SEQ' <Latency = 14> <II = 11> <Delay = 1.39> <FuncUnit> <Opcode : 'udiv' 'sdiv' 'urem' 'srem'> <InPorts = 2> <OutPorts = 1>
ST_11 : Operation 102 [8/13] (1.39ns)   --->   "%result_3 = urem i9 %select_ln27_1, i9 5" [../src/gaussian_blur.cpp:20->../src/gaussian_blur.cpp:151]   --->   Operation 102 'urem' 'result_3' <Predicate = true> <Delay = 1.39> <CoreInst = "DivnS_SEQ">   --->   Core 7 'DivnS_SEQ' <Latency = 12> <II = 3> <Delay = 1.39> <FuncUnit> <Opcode : 'udiv' 'sdiv' 'urem' 'srem'> <InPorts = 2> <OutPorts = 1>

State 12 <SV = 11> <Delay = 1.39>
ST_12 : Operation 103 [8/14] (1.39ns)   --->   "%result = srem i10 %select_ln25, i10 5" [../src/gaussian_blur.cpp:20->../src/gaussian_blur.cpp:151]   --->   Operation 103 'srem' 'result' <Predicate = true> <Delay = 1.39> <CoreInst = "DivnS_SEQ">   --->   Core 7 'DivnS_SEQ' <Latency = 13> <II = 10> <Delay = 1.39> <FuncUnit> <Opcode : 'udiv' 'sdiv' 'urem' 'srem'> <InPorts = 2> <OutPorts = 1>
ST_12 : Operation 104 [8/14] (1.39ns)   --->   "%result_1 = srem i10 %select_ln25_1, i10 5" [../src/gaussian_blur.cpp:20->../src/gaussian_blur.cpp:151]   --->   Operation 104 'srem' 'result_1' <Predicate = true> <Delay = 1.39> <CoreInst = "DivnS_SEQ">   --->   Core 7 'DivnS_SEQ' <Latency = 13> <II = 10> <Delay = 1.39> <FuncUnit> <Opcode : 'udiv' 'sdiv' 'urem' 'srem'> <InPorts = 2> <OutPorts = 1>
ST_12 : Operation 105 [9/15] (1.39ns)   --->   "%result_2 = srem i11 %value_assign_15, i11 5" [../src/gaussian_blur.cpp:20->../src/gaussian_blur.cpp:151]   --->   Operation 105 'srem' 'result_2' <Predicate = true> <Delay = 1.39> <CoreInst = "DivnS_SEQ">   --->   Core 7 'DivnS_SEQ' <Latency = 14> <II = 11> <Delay = 1.39> <FuncUnit> <Opcode : 'udiv' 'sdiv' 'urem' 'srem'> <InPorts = 2> <OutPorts = 1>
ST_12 : Operation 106 [7/13] (1.39ns)   --->   "%result_3 = urem i9 %select_ln27_1, i9 5" [../src/gaussian_blur.cpp:20->../src/gaussian_blur.cpp:151]   --->   Operation 106 'urem' 'result_3' <Predicate = true> <Delay = 1.39> <CoreInst = "DivnS_SEQ">   --->   Core 7 'DivnS_SEQ' <Latency = 12> <II = 3> <Delay = 1.39> <FuncUnit> <Opcode : 'udiv' 'sdiv' 'urem' 'srem'> <InPorts = 2> <OutPorts = 1>

State 13 <SV = 12> <Delay = 1.39>
ST_13 : Operation 107 [7/14] (1.39ns)   --->   "%result = srem i10 %select_ln25, i10 5" [../src/gaussian_blur.cpp:20->../src/gaussian_blur.cpp:151]   --->   Operation 107 'srem' 'result' <Predicate = true> <Delay = 1.39> <CoreInst = "DivnS_SEQ">   --->   Core 7 'DivnS_SEQ' <Latency = 13> <II = 10> <Delay = 1.39> <FuncUnit> <Opcode : 'udiv' 'sdiv' 'urem' 'srem'> <InPorts = 2> <OutPorts = 1>
ST_13 : Operation 108 [7/14] (1.39ns)   --->   "%result_1 = srem i10 %select_ln25_1, i10 5" [../src/gaussian_blur.cpp:20->../src/gaussian_blur.cpp:151]   --->   Operation 108 'srem' 'result_1' <Predicate = true> <Delay = 1.39> <CoreInst = "DivnS_SEQ">   --->   Core 7 'DivnS_SEQ' <Latency = 13> <II = 10> <Delay = 1.39> <FuncUnit> <Opcode : 'udiv' 'sdiv' 'urem' 'srem'> <InPorts = 2> <OutPorts = 1>
ST_13 : Operation 109 [8/15] (1.39ns)   --->   "%result_2 = srem i11 %value_assign_15, i11 5" [../src/gaussian_blur.cpp:20->../src/gaussian_blur.cpp:151]   --->   Operation 109 'srem' 'result_2' <Predicate = true> <Delay = 1.39> <CoreInst = "DivnS_SEQ">   --->   Core 7 'DivnS_SEQ' <Latency = 14> <II = 11> <Delay = 1.39> <FuncUnit> <Opcode : 'udiv' 'sdiv' 'urem' 'srem'> <InPorts = 2> <OutPorts = 1>
ST_13 : Operation 110 [6/13] (1.39ns)   --->   "%result_3 = urem i9 %select_ln27_1, i9 5" [../src/gaussian_blur.cpp:20->../src/gaussian_blur.cpp:151]   --->   Operation 110 'urem' 'result_3' <Predicate = true> <Delay = 1.39> <CoreInst = "DivnS_SEQ">   --->   Core 7 'DivnS_SEQ' <Latency = 12> <II = 3> <Delay = 1.39> <FuncUnit> <Opcode : 'udiv' 'sdiv' 'urem' 'srem'> <InPorts = 2> <OutPorts = 1>

State 14 <SV = 13> <Delay = 1.39>
ST_14 : Operation 111 [6/14] (1.39ns)   --->   "%result = srem i10 %select_ln25, i10 5" [../src/gaussian_blur.cpp:20->../src/gaussian_blur.cpp:151]   --->   Operation 111 'srem' 'result' <Predicate = true> <Delay = 1.39> <CoreInst = "DivnS_SEQ">   --->   Core 7 'DivnS_SEQ' <Latency = 13> <II = 10> <Delay = 1.39> <FuncUnit> <Opcode : 'udiv' 'sdiv' 'urem' 'srem'> <InPorts = 2> <OutPorts = 1>
ST_14 : Operation 112 [6/14] (1.39ns)   --->   "%result_1 = srem i10 %select_ln25_1, i10 5" [../src/gaussian_blur.cpp:20->../src/gaussian_blur.cpp:151]   --->   Operation 112 'srem' 'result_1' <Predicate = true> <Delay = 1.39> <CoreInst = "DivnS_SEQ">   --->   Core 7 'DivnS_SEQ' <Latency = 13> <II = 10> <Delay = 1.39> <FuncUnit> <Opcode : 'udiv' 'sdiv' 'urem' 'srem'> <InPorts = 2> <OutPorts = 1>
ST_14 : Operation 113 [7/15] (1.39ns)   --->   "%result_2 = srem i11 %value_assign_15, i11 5" [../src/gaussian_blur.cpp:20->../src/gaussian_blur.cpp:151]   --->   Operation 113 'srem' 'result_2' <Predicate = true> <Delay = 1.39> <CoreInst = "DivnS_SEQ">   --->   Core 7 'DivnS_SEQ' <Latency = 14> <II = 11> <Delay = 1.39> <FuncUnit> <Opcode : 'udiv' 'sdiv' 'urem' 'srem'> <InPorts = 2> <OutPorts = 1>
ST_14 : Operation 114 [5/13] (1.39ns)   --->   "%result_3 = urem i9 %select_ln27_1, i9 5" [../src/gaussian_blur.cpp:20->../src/gaussian_blur.cpp:151]   --->   Operation 114 'urem' 'result_3' <Predicate = true> <Delay = 1.39> <CoreInst = "DivnS_SEQ">   --->   Core 7 'DivnS_SEQ' <Latency = 12> <II = 3> <Delay = 1.39> <FuncUnit> <Opcode : 'udiv' 'sdiv' 'urem' 'srem'> <InPorts = 2> <OutPorts = 1>

State 15 <SV = 14> <Delay = 1.39>
ST_15 : Operation 115 [5/14] (1.39ns)   --->   "%result = srem i10 %select_ln25, i10 5" [../src/gaussian_blur.cpp:20->../src/gaussian_blur.cpp:151]   --->   Operation 115 'srem' 'result' <Predicate = true> <Delay = 1.39> <CoreInst = "DivnS_SEQ">   --->   Core 7 'DivnS_SEQ' <Latency = 13> <II = 10> <Delay = 1.39> <FuncUnit> <Opcode : 'udiv' 'sdiv' 'urem' 'srem'> <InPorts = 2> <OutPorts = 1>
ST_15 : Operation 116 [5/14] (1.39ns)   --->   "%result_1 = srem i10 %select_ln25_1, i10 5" [../src/gaussian_blur.cpp:20->../src/gaussian_blur.cpp:151]   --->   Operation 116 'srem' 'result_1' <Predicate = true> <Delay = 1.39> <CoreInst = "DivnS_SEQ">   --->   Core 7 'DivnS_SEQ' <Latency = 13> <II = 10> <Delay = 1.39> <FuncUnit> <Opcode : 'udiv' 'sdiv' 'urem' 'srem'> <InPorts = 2> <OutPorts = 1>
ST_15 : Operation 117 [6/15] (1.39ns)   --->   "%result_2 = srem i11 %value_assign_15, i11 5" [../src/gaussian_blur.cpp:20->../src/gaussian_blur.cpp:151]   --->   Operation 117 'srem' 'result_2' <Predicate = true> <Delay = 1.39> <CoreInst = "DivnS_SEQ">   --->   Core 7 'DivnS_SEQ' <Latency = 14> <II = 11> <Delay = 1.39> <FuncUnit> <Opcode : 'udiv' 'sdiv' 'urem' 'srem'> <InPorts = 2> <OutPorts = 1>
ST_15 : Operation 118 [4/13] (1.39ns)   --->   "%result_3 = urem i9 %select_ln27_1, i9 5" [../src/gaussian_blur.cpp:20->../src/gaussian_blur.cpp:151]   --->   Operation 118 'urem' 'result_3' <Predicate = true> <Delay = 1.39> <CoreInst = "DivnS_SEQ">   --->   Core 7 'DivnS_SEQ' <Latency = 12> <II = 3> <Delay = 1.39> <FuncUnit> <Opcode : 'udiv' 'sdiv' 'urem' 'srem'> <InPorts = 2> <OutPorts = 1>

State 16 <SV = 15> <Delay = 1.39>
ST_16 : Operation 119 [4/14] (1.39ns)   --->   "%result = srem i10 %select_ln25, i10 5" [../src/gaussian_blur.cpp:20->../src/gaussian_blur.cpp:151]   --->   Operation 119 'srem' 'result' <Predicate = true> <Delay = 1.39> <CoreInst = "DivnS_SEQ">   --->   Core 7 'DivnS_SEQ' <Latency = 13> <II = 10> <Delay = 1.39> <FuncUnit> <Opcode : 'udiv' 'sdiv' 'urem' 'srem'> <InPorts = 2> <OutPorts = 1>
ST_16 : Operation 120 [4/14] (1.39ns)   --->   "%result_1 = srem i10 %select_ln25_1, i10 5" [../src/gaussian_blur.cpp:20->../src/gaussian_blur.cpp:151]   --->   Operation 120 'srem' 'result_1' <Predicate = true> <Delay = 1.39> <CoreInst = "DivnS_SEQ">   --->   Core 7 'DivnS_SEQ' <Latency = 13> <II = 10> <Delay = 1.39> <FuncUnit> <Opcode : 'udiv' 'sdiv' 'urem' 'srem'> <InPorts = 2> <OutPorts = 1>
ST_16 : Operation 121 [5/15] (1.39ns)   --->   "%result_2 = srem i11 %value_assign_15, i11 5" [../src/gaussian_blur.cpp:20->../src/gaussian_blur.cpp:151]   --->   Operation 121 'srem' 'result_2' <Predicate = true> <Delay = 1.39> <CoreInst = "DivnS_SEQ">   --->   Core 7 'DivnS_SEQ' <Latency = 14> <II = 11> <Delay = 1.39> <FuncUnit> <Opcode : 'udiv' 'sdiv' 'urem' 'srem'> <InPorts = 2> <OutPorts = 1>
ST_16 : Operation 122 [3/13] (1.39ns)   --->   "%result_3 = urem i9 %select_ln27_1, i9 5" [../src/gaussian_blur.cpp:20->../src/gaussian_blur.cpp:151]   --->   Operation 122 'urem' 'result_3' <Predicate = true> <Delay = 1.39> <CoreInst = "DivnS_SEQ">   --->   Core 7 'DivnS_SEQ' <Latency = 12> <II = 3> <Delay = 1.39> <FuncUnit> <Opcode : 'udiv' 'sdiv' 'urem' 'srem'> <InPorts = 2> <OutPorts = 1>

State 17 <SV = 16> <Delay = 1.39>
ST_17 : Operation 123 [3/14] (1.39ns)   --->   "%result = srem i10 %select_ln25, i10 5" [../src/gaussian_blur.cpp:20->../src/gaussian_blur.cpp:151]   --->   Operation 123 'srem' 'result' <Predicate = true> <Delay = 1.39> <CoreInst = "DivnS_SEQ">   --->   Core 7 'DivnS_SEQ' <Latency = 13> <II = 10> <Delay = 1.39> <FuncUnit> <Opcode : 'udiv' 'sdiv' 'urem' 'srem'> <InPorts = 2> <OutPorts = 1>
ST_17 : Operation 124 [3/14] (1.39ns)   --->   "%result_1 = srem i10 %select_ln25_1, i10 5" [../src/gaussian_blur.cpp:20->../src/gaussian_blur.cpp:151]   --->   Operation 124 'srem' 'result_1' <Predicate = true> <Delay = 1.39> <CoreInst = "DivnS_SEQ">   --->   Core 7 'DivnS_SEQ' <Latency = 13> <II = 10> <Delay = 1.39> <FuncUnit> <Opcode : 'udiv' 'sdiv' 'urem' 'srem'> <InPorts = 2> <OutPorts = 1>
ST_17 : Operation 125 [4/15] (1.39ns)   --->   "%result_2 = srem i11 %value_assign_15, i11 5" [../src/gaussian_blur.cpp:20->../src/gaussian_blur.cpp:151]   --->   Operation 125 'srem' 'result_2' <Predicate = true> <Delay = 1.39> <CoreInst = "DivnS_SEQ">   --->   Core 7 'DivnS_SEQ' <Latency = 14> <II = 11> <Delay = 1.39> <FuncUnit> <Opcode : 'udiv' 'sdiv' 'urem' 'srem'> <InPorts = 2> <OutPorts = 1>
ST_17 : Operation 126 [2/13] (1.39ns)   --->   "%result_3 = urem i9 %select_ln27_1, i9 5" [../src/gaussian_blur.cpp:20->../src/gaussian_blur.cpp:151]   --->   Operation 126 'urem' 'result_3' <Predicate = true> <Delay = 1.39> <CoreInst = "DivnS_SEQ">   --->   Core 7 'DivnS_SEQ' <Latency = 12> <II = 3> <Delay = 1.39> <FuncUnit> <Opcode : 'udiv' 'sdiv' 'urem' 'srem'> <InPorts = 2> <OutPorts = 1>

State 18 <SV = 17> <Delay = 1.39>
ST_18 : Operation 127 [2/14] (1.39ns)   --->   "%result = srem i10 %select_ln25, i10 5" [../src/gaussian_blur.cpp:20->../src/gaussian_blur.cpp:151]   --->   Operation 127 'srem' 'result' <Predicate = true> <Delay = 1.39> <CoreInst = "DivnS_SEQ">   --->   Core 7 'DivnS_SEQ' <Latency = 13> <II = 10> <Delay = 1.39> <FuncUnit> <Opcode : 'udiv' 'sdiv' 'urem' 'srem'> <InPorts = 2> <OutPorts = 1>
ST_18 : Operation 128 [2/14] (1.39ns)   --->   "%result_1 = srem i10 %select_ln25_1, i10 5" [../src/gaussian_blur.cpp:20->../src/gaussian_blur.cpp:151]   --->   Operation 128 'srem' 'result_1' <Predicate = true> <Delay = 1.39> <CoreInst = "DivnS_SEQ">   --->   Core 7 'DivnS_SEQ' <Latency = 13> <II = 10> <Delay = 1.39> <FuncUnit> <Opcode : 'udiv' 'sdiv' 'urem' 'srem'> <InPorts = 2> <OutPorts = 1>
ST_18 : Operation 129 [3/15] (1.39ns)   --->   "%result_2 = srem i11 %value_assign_15, i11 5" [../src/gaussian_blur.cpp:20->../src/gaussian_blur.cpp:151]   --->   Operation 129 'srem' 'result_2' <Predicate = true> <Delay = 1.39> <CoreInst = "DivnS_SEQ">   --->   Core 7 'DivnS_SEQ' <Latency = 14> <II = 11> <Delay = 1.39> <FuncUnit> <Opcode : 'udiv' 'sdiv' 'urem' 'srem'> <InPorts = 2> <OutPorts = 1>
ST_18 : Operation 130 [1/13] (1.39ns)   --->   "%result_3 = urem i9 %select_ln27_1, i9 5" [../src/gaussian_blur.cpp:20->../src/gaussian_blur.cpp:151]   --->   Operation 130 'urem' 'result_3' <Predicate = true> <Delay = 1.39> <CoreInst = "DivnS_SEQ">   --->   Core 7 'DivnS_SEQ' <Latency = 12> <II = 3> <Delay = 1.39> <FuncUnit> <Opcode : 'udiv' 'sdiv' 'urem' 'srem'> <InPorts = 2> <OutPorts = 1>

State 19 <SV = 18> <Delay = 2.27>
ST_19 : Operation 131 [1/14] (1.39ns)   --->   "%result = srem i10 %select_ln25, i10 5" [../src/gaussian_blur.cpp:20->../src/gaussian_blur.cpp:151]   --->   Operation 131 'srem' 'result' <Predicate = true> <Delay = 1.39> <CoreInst = "DivnS_SEQ">   --->   Core 7 'DivnS_SEQ' <Latency = 13> <II = 10> <Delay = 1.39> <FuncUnit> <Opcode : 'udiv' 'sdiv' 'urem' 'srem'> <InPorts = 2> <OutPorts = 1>
ST_19 : Operation 132 [1/1] (0.00ns)   --->   "%trunc_ln20 = trunc i10 %result" [../src/gaussian_blur.cpp:20->../src/gaussian_blur.cpp:151]   --->   Operation 132 'trunc' 'trunc_ln20' <Predicate = true> <Delay = 0.00>
ST_19 : Operation 133 [1/1] (0.00ns)   --->   "%tmp_51 = bitselect i1 @_ssdm_op_BitSelect.i1.i10.i32, i10 %result, i32 3" [../src/gaussian_blur.cpp:21->../src/gaussian_blur.cpp:151]   --->   Operation 133 'bitselect' 'tmp_51' <Predicate = true> <Delay = 0.00>
ST_19 : Operation 134 [1/1] (0.67ns)   --->   "%add_ln21 = add i3 %trunc_ln20, i3 5" [../src/gaussian_blur.cpp:21->../src/gaussian_blur.cpp:151]   --->   Operation 134 'add' 'add_ln21' <Predicate = true> <Delay = 0.67> <CoreInst = "Adder">   --->   Core 1 'Adder' <Latency = 0> <II = 1> <Delay = 0.67> <FuncUnit> <Opcode : 'add' 'sub'> <InPorts = 2> <OutPorts = 1>
ST_19 : Operation 135 [1/1] (0.20ns)   --->   "%select_ln21 = select i1 %tmp_51, i3 %add_ln21, i3 %trunc_ln20" [../src/gaussian_blur.cpp:21->../src/gaussian_blur.cpp:151]   --->   Operation 135 'select' 'select_ln21' <Predicate = true> <Delay = 0.20> <CoreInst = "Sel">   --->   Core 73 'Sel' <Latency = 0> <II = 1> <Delay = 0.20> <FuncUnit> <Opcode : 'select'> <InPorts = 3> <OutPorts = 1>
ST_19 : Operation 136 [1/14] (1.39ns)   --->   "%result_1 = srem i10 %select_ln25_1, i10 5" [../src/gaussian_blur.cpp:20->../src/gaussian_blur.cpp:151]   --->   Operation 136 'srem' 'result_1' <Predicate = true> <Delay = 1.39> <CoreInst = "DivnS_SEQ">   --->   Core 7 'DivnS_SEQ' <Latency = 13> <II = 10> <Delay = 1.39> <FuncUnit> <Opcode : 'udiv' 'sdiv' 'urem' 'srem'> <InPorts = 2> <OutPorts = 1>
ST_19 : Operation 137 [1/1] (0.00ns)   --->   "%trunc_ln20_1 = trunc i10 %result_1" [../src/gaussian_blur.cpp:20->../src/gaussian_blur.cpp:151]   --->   Operation 137 'trunc' 'trunc_ln20_1' <Predicate = true> <Delay = 0.00>
ST_19 : Operation 138 [1/1] (0.00ns)   --->   "%tmp_53 = bitselect i1 @_ssdm_op_BitSelect.i1.i10.i32, i10 %result_1, i32 3" [../src/gaussian_blur.cpp:21->../src/gaussian_blur.cpp:151]   --->   Operation 138 'bitselect' 'tmp_53' <Predicate = true> <Delay = 0.00>
ST_19 : Operation 139 [1/1] (0.67ns)   --->   "%add_ln21_1 = add i3 %trunc_ln20_1, i3 5" [../src/gaussian_blur.cpp:21->../src/gaussian_blur.cpp:151]   --->   Operation 139 'add' 'add_ln21_1' <Predicate = true> <Delay = 0.67> <CoreInst = "Adder">   --->   Core 1 'Adder' <Latency = 0> <II = 1> <Delay = 0.67> <FuncUnit> <Opcode : 'add' 'sub'> <InPorts = 2> <OutPorts = 1>
ST_19 : Operation 140 [1/1] (0.20ns)   --->   "%select_ln21_1 = select i1 %tmp_53, i3 %add_ln21_1, i3 %trunc_ln20_1" [../src/gaussian_blur.cpp:21->../src/gaussian_blur.cpp:151]   --->   Operation 140 'select' 'select_ln21_1' <Predicate = true> <Delay = 0.20> <CoreInst = "Sel">   --->   Core 73 'Sel' <Latency = 0> <II = 1> <Delay = 0.20> <FuncUnit> <Opcode : 'select'> <InPorts = 3> <OutPorts = 1>
ST_19 : Operation 141 [2/15] (1.39ns)   --->   "%result_2 = srem i11 %value_assign_15, i11 5" [../src/gaussian_blur.cpp:20->../src/gaussian_blur.cpp:151]   --->   Operation 141 'srem' 'result_2' <Predicate = true> <Delay = 1.39> <CoreInst = "DivnS_SEQ">   --->   Core 7 'DivnS_SEQ' <Latency = 14> <II = 11> <Delay = 1.39> <FuncUnit> <Opcode : 'udiv' 'sdiv' 'urem' 'srem'> <InPorts = 2> <OutPorts = 1>

State 20 <SV = 19> <Delay = 2.27>
ST_20 : Operation 142 [1/1] (0.00ns)   --->   "%phi_urem57_load_1 = load i10 %phi_urem57" [../src/gaussian_blur.cpp:152]   --->   Operation 142 'load' 'phi_urem57_load_1' <Predicate = true> <Delay = 0.00>
ST_20 : Operation 143 [1/1] (0.00ns)   --->   "%trunc_ln152 = trunc i10 %phi_urem57_load_1" [../src/gaussian_blur.cpp:152]   --->   Operation 143 'trunc' 'trunc_ln152' <Predicate = true> <Delay = 0.00>
ST_20 : Operation 144 [1/15] (1.39ns)   --->   "%result_2 = srem i11 %value_assign_15, i11 5" [../src/gaussian_blur.cpp:20->../src/gaussian_blur.cpp:151]   --->   Operation 144 'srem' 'result_2' <Predicate = true> <Delay = 1.39> <CoreInst = "DivnS_SEQ">   --->   Core 7 'DivnS_SEQ' <Latency = 14> <II = 11> <Delay = 1.39> <FuncUnit> <Opcode : 'udiv' 'sdiv' 'urem' 'srem'> <InPorts = 2> <OutPorts = 1>
ST_20 : Operation 145 [1/1] (0.00ns)   --->   "%trunc_ln20_2 = trunc i11 %result_2" [../src/gaussian_blur.cpp:20->../src/gaussian_blur.cpp:151]   --->   Operation 145 'trunc' 'trunc_ln20_2' <Predicate = true> <Delay = 0.00>
ST_20 : Operation 146 [1/1] (0.00ns)   --->   "%tmp_56 = bitselect i1 @_ssdm_op_BitSelect.i1.i11.i32, i11 %result_2, i32 3" [../src/gaussian_blur.cpp:21->../src/gaussian_blur.cpp:151]   --->   Operation 146 'bitselect' 'tmp_56' <Predicate = true> <Delay = 0.00>
ST_20 : Operation 147 [1/1] (0.67ns)   --->   "%add_ln21_2 = add i3 %trunc_ln20_2, i3 5" [../src/gaussian_blur.cpp:21->../src/gaussian_blur.cpp:151]   --->   Operation 147 'add' 'add_ln21_2' <Predicate = true> <Delay = 0.67> <CoreInst = "Adder">   --->   Core 1 'Adder' <Latency = 0> <II = 1> <Delay = 0.67> <FuncUnit> <Opcode : 'add' 'sub'> <InPorts = 2> <OutPorts = 1>
ST_20 : Operation 148 [1/1] (0.20ns)   --->   "%select_ln21_2 = select i1 %tmp_56, i3 %add_ln21_2, i3 %trunc_ln20_2" [../src/gaussian_blur.cpp:21->../src/gaussian_blur.cpp:151]   --->   Operation 148 'select' 'select_ln21_2' <Predicate = true> <Delay = 0.20> <CoreInst = "Sel">   --->   Core 73 'Sel' <Latency = 0> <II = 1> <Delay = 0.20> <FuncUnit> <Opcode : 'select'> <InPorts = 3> <OutPorts = 1>
ST_20 : Operation 149 [1/1] (0.00ns)   --->   "%trunc_ln20_3 = trunc i3 %result_3" [../src/gaussian_blur.cpp:20->../src/gaussian_blur.cpp:151]   --->   Operation 149 'trunc' 'trunc_ln20_3' <Predicate = true> <Delay = 0.00>
ST_20 : Operation 150 [2/2] (0.00ns)   --->   "%call_ln21 = call void @gaussian_blur_Pipeline_VITIS_LOOP_157_7, i12 %lineBuffer, i12 %lineBuffer_1, i12 %lineBuffer_2, i12 %lineBuffer_3, i12 %lineBuffer_4, i3 %select_ln21, i3 %select_ln21_1, i3 %trunc_ln152, i3 %select_ln21_2, i3 %trunc_ln20_3, i8 %gauss_out" [../src/gaussian_blur.cpp:21->../src/gaussian_blur.cpp:151]   --->   Operation 150 'call' 'call_ln21' <Predicate = true> <Delay = 0.00> <CoreType = "Generic">   --->   Generic Core

State 21 <SV = 20> <Delay = 1.61>
ST_21 : Operation 151 [1/2] (0.00ns)   --->   "%call_ln21 = call void @gaussian_blur_Pipeline_VITIS_LOOP_157_7, i12 %lineBuffer, i12 %lineBuffer_1, i12 %lineBuffer_2, i12 %lineBuffer_3, i12 %lineBuffer_4, i3 %select_ln21, i3 %select_ln21_1, i3 %trunc_ln152, i3 %select_ln21_2, i3 %trunc_ln20_3, i8 %gauss_out" [../src/gaussian_blur.cpp:21->../src/gaussian_blur.cpp:151]   --->   Operation 151 'call' 'call_ln21' <Predicate = (!tmp_49)> <Delay = 0.00> <CoreType = "Generic">   --->   Generic Core
ST_21 : Operation 152 [1/1] (0.00ns)   --->   "%br_ln0 = br void %cleanup"   --->   Operation 152 'br' 'br_ln0' <Predicate = (!tmp_49)> <Delay = 0.00>
ST_21 : Operation 153 [1/1] (0.00ns)   --->   "%phi_urem57_load = load i10 %phi_urem57" [../src/gaussian_blur.cpp:57]   --->   Operation 153 'load' 'phi_urem57_load' <Predicate = true> <Delay = 0.00>
ST_21 : Operation 154 [1/1] (0.00ns)   --->   "%phi_urem_load = load i10 %phi_urem" [../src/gaussian_blur.cpp:57]   --->   Operation 154 'load' 'phi_urem_load' <Predicate = true> <Delay = 0.00>
ST_21 : Operation 155 [1/1] (0.78ns)   --->   "%add_ln57 = add i10 %phi_urem57_load, i10 1" [../src/gaussian_blur.cpp:57]   --->   Operation 155 'add' 'add_ln57' <Predicate = true> <Delay = 0.78> <CoreInst = "Adder">   --->   Core 1 'Adder' <Latency = 0> <II = 1> <Delay = 0.78> <FuncUnit> <Opcode : 'add' 'sub'> <InPorts = 2> <OutPorts = 1>
ST_21 : Operation 156 [1/1] (0.78ns)   --->   "%icmp_ln57 = icmp_eq  i10 %phi_urem57_load, i10 4" [../src/gaussian_blur.cpp:57]   --->   Operation 156 'icmp' 'icmp_ln57' <Predicate = true> <Delay = 0.78> <CoreInst = "Cmp">   --->   Core 9 'Cmp' <Latency = 0> <II = 1> <Delay = 0.78> <FuncUnit> <Opcode : 'seteq' 'setne' 'setle' 'setge' 'setlt' 'setgt'> <InPorts = 2> <OutPorts = 1>
ST_21 : Operation 157 [1/1] (0.40ns)   --->   "%select_ln57 = select i1 %icmp_ln57, i10 0, i10 %add_ln57" [../src/gaussian_blur.cpp:57]   --->   Operation 157 'select' 'select_ln57' <Predicate = true> <Delay = 0.40> <CoreInst = "Sel">   --->   Core 73 'Sel' <Latency = 0> <II = 1> <Delay = 0.40> <FuncUnit> <Opcode : 'select'> <InPorts = 3> <OutPorts = 1>
ST_21 : Operation 158 [1/1] (0.78ns)   --->   "%add_ln57_1 = add i10 %phi_urem_load, i10 1" [../src/gaussian_blur.cpp:57]   --->   Operation 158 'add' 'add_ln57_1' <Predicate = true> <Delay = 0.78> <CoreInst = "Adder">   --->   Core 1 'Adder' <Latency = 0> <II = 1> <Delay = 0.78> <FuncUnit> <Opcode : 'add' 'sub'> <InPorts = 2> <OutPorts = 1>
ST_21 : Operation 159 [1/1] (0.78ns)   --->   "%icmp_ln57_1 = icmp_eq  i10 %phi_urem_load, i10 4" [../src/gaussian_blur.cpp:57]   --->   Operation 159 'icmp' 'icmp_ln57_1' <Predicate = true> <Delay = 0.78> <CoreInst = "Cmp">   --->   Core 9 'Cmp' <Latency = 0> <II = 1> <Delay = 0.78> <FuncUnit> <Opcode : 'seteq' 'setne' 'setle' 'setge' 'setlt' 'setgt'> <InPorts = 2> <OutPorts = 1>
ST_21 : Operation 160 [1/1] (0.40ns)   --->   "%select_ln57_1 = select i1 %icmp_ln57_1, i10 0, i10 %add_ln57_1" [../src/gaussian_blur.cpp:57]   --->   Operation 160 'select' 'select_ln57_1' <Predicate = true> <Delay = 0.40> <CoreInst = "Sel">   --->   Core 73 'Sel' <Latency = 0> <II = 1> <Delay = 0.40> <FuncUnit> <Opcode : 'select'> <InPorts = 3> <OutPorts = 1>
ST_21 : Operation 161 [1/1] (0.42ns)   --->   "%store_ln24 = store i10 %rowsReceived, i10 %row_7" [../src/gaussian_blur.cpp:24->../src/gaussian_blur.cpp:152]   --->   Operation 161 'store' 'store_ln24' <Predicate = true> <Delay = 0.42>
ST_21 : Operation 162 [1/1] (0.42ns)   --->   "%store_ln57 = store i10 %select_ln57_1, i10 %phi_urem" [../src/gaussian_blur.cpp:57]   --->   Operation 162 'store' 'store_ln57' <Predicate = true> <Delay = 0.42>
ST_21 : Operation 163 [1/1] (0.42ns)   --->   "%store_ln57 = store i10 %select_ln57, i10 %phi_urem57" [../src/gaussian_blur.cpp:57]   --->   Operation 163 'store' 'store_ln57' <Predicate = true> <Delay = 0.42>
ST_21 : Operation 164 [1/1] (0.00ns)   --->   "%br_ln59 = br void %for.body" [../src/gaussian_blur.cpp:59]   --->   Operation 164 'br' 'br_ln59' <Predicate = true> <Delay = 0.00>


============================================================
+ Verbose Summary: Binding
============================================================
STG Binding: 
---------------- STG Properties BEGIN ----------------
- Is combinational: 0
- Is one-state seq: 0
- Is datapath-only: 0
- Is pipelined: 0
- Is top level: 0
Port [ Return ] is wired: 1; IO mode=ap_ctrl_hs:ce=0
Port [ gray_out]:  wired=1; compound=1; hidden=0; nouse=0; global=0; static=0; extern=0; dir=0; type=3; pingpong=0; private_global=0; IO mode=ap_fifo:ce=0
Port [ gauss_out]:  wired=1; compound=1; hidden=0; nouse=0; global=0; static=0; extern=0; dir=1; type=3; pingpong=0; private_global=0; IO mode=ap_fifo:ce=0
---------------- STG Properties END ------------------

---------------- Datapath Model BEGIN ----------------

<LifeTime>
<method=bitvector/>
phi_urem57            (alloca           ) [ 0111111111111111111111]
phi_urem              (alloca           ) [ 0111111111111111111111]
row_7                 (alloca           ) [ 0111111111111111111111]
specinterface_ln0     (specinterface    ) [ 0000000000000000000000]
specinterface_ln0     (specinterface    ) [ 0000000000000000000000]
lineBuffer            (alloca           ) [ 0011111111111111111111]
lineBuffer_1          (alloca           ) [ 0011111111111111111111]
lineBuffer_2          (alloca           ) [ 0011111111111111111111]
lineBuffer_3          (alloca           ) [ 0011111111111111111111]
lineBuffer_4          (alloca           ) [ 0011111111111111111111]
store_ln24            (store            ) [ 0000000000000000000000]
store_ln0             (store            ) [ 0000000000000000000000]
store_ln0             (store            ) [ 0000000000000000000000]
br_ln59               (br               ) [ 0000000000000000000000]
row_9                 (load             ) [ 0001111000000000000000]
icmp_ln59             (icmp             ) [ 0011111111111111111111]
speclooptripcount_ln0 (speclooptripcount) [ 0000000000000000000000]
rowsReceived          (add              ) [ 0001111111111111111111]
br_ln59               (br               ) [ 0000000000000000000000]
zext_ln59             (zext             ) [ 0001111000000000000000]
trunc_ln59            (trunc            ) [ 0001111000000000000000]
specloopname_ln59     (specloopname     ) [ 0000000000000000000000]
tmp                   (bitselect        ) [ 0011111111111111111111]
br_ln60               (br               ) [ 0000000000000000000000]
sample0               (read             ) [ 0001111000000000000000]
ret_ln185             (ret              ) [ 0000000000000000000000]
sample1               (read             ) [ 0010111111111111111111]
sample2               (read             ) [ 0010011111111111111111]
phi_urem_load_6       (load             ) [ 0000000000000000000000]
trunc_ln79            (trunc            ) [ 0010001111111111111111]
call_ln81             (call             ) [ 0000000000000000000000]
br_ln0                (br               ) [ 0000000000000000000000]
outputRow             (add              ) [ 0000000000000000000000]
tmp_49                (bitselect        ) [ 0011111111111111111111]
br_ln137              (br               ) [ 0000000000000000000000]
add_ln152             (add              ) [ 0000000000000000000000]
tmp_50                (bitselect        ) [ 0000000000000000000000]
sub_ln26              (sub              ) [ 0000000000000000000000]
select_ln25           (select           ) [ 0000000111111111111100]
add_ln152_1           (add              ) [ 0000000000000000000000]
tmp_52                (bitselect        ) [ 0000000000000000000000]
sub_ln26_1            (sub              ) [ 0000000000000000000000]
select_ln25_1         (select           ) [ 0000000111111111111100]
add_ln152_2           (add              ) [ 0000000000000000000000]
trunc_ln24            (trunc            ) [ 0000000000000000000000]
tmp_54                (bitselect        ) [ 0000000000000000000000]
sub_ln26_2            (sub              ) [ 0000000000000000000000]
sext_ln26             (sext             ) [ 0000000000000000000000]
tmp_55                (partselect       ) [ 0000000000000000000000]
icmp_ln27             (icmp             ) [ 0000000000000000000000]
xor_ln28              (xor              ) [ 0000000000000000000000]
select_ln27           (select           ) [ 0000000000000000000000]
zext_ln27             (zext             ) [ 0000000000000000000000]
value_assign_15       (select           ) [ 0000000111111111111110]
sub_ln28              (sub              ) [ 0000000000000000000000]
select_ln27_1         (select           ) [ 0000000111111111111000]
result_3              (urem             ) [ 0000000000000000000110]
result                (srem             ) [ 0000000000000000000000]
trunc_ln20            (trunc            ) [ 0000000000000000000000]
tmp_51                (bitselect        ) [ 0000000000000000000000]
add_ln21              (add              ) [ 0000000000000000000000]
select_ln21           (select           ) [ 0011111000000000000011]
result_1              (srem             ) [ 0000000000000000000000]
trunc_ln20_1          (trunc            ) [ 0000000000000000000000]
tmp_53                (bitselect        ) [ 0000000000000000000000]
add_ln21_1            (add              ) [ 0000000000000000000000]
select_ln21_1         (select           ) [ 0011111000000000000011]
phi_urem57_load_1     (load             ) [ 0000000000000000000000]
trunc_ln152           (trunc            ) [ 0011111000000000000001]
result_2              (srem             ) [ 0000000000000000000000]
trunc_ln20_2          (trunc            ) [ 0000000000000000000000]
tmp_56                (bitselect        ) [ 0000000000000000000000]
add_ln21_2            (add              ) [ 0000000000000000000000]
select_ln21_2         (select           ) [ 0011111000000000000001]
trunc_ln20_3          (trunc            ) [ 0011111000000000000001]
call_ln21             (call             ) [ 0000000000000000000000]
br_ln0                (br               ) [ 0000000000000000000000]
phi_urem57_load       (load             ) [ 0000000000000000000000]
phi_urem_load         (load             ) [ 0000000000000000000000]
add_ln57              (add              ) [ 0000000000000000000000]
icmp_ln57             (icmp             ) [ 0000000000000000000000]
select_ln57           (select           ) [ 0000000000000000000000]
add_ln57_1            (add              ) [ 0000000000000000000000]
icmp_ln57_1           (icmp             ) [ 0000000000000000000000]
select_ln57_1         (select           ) [ 0000000000000000000000]
store_ln24            (store            ) [ 0000000000000000000000]
store_ln57            (store            ) [ 0000000000000000000000]
store_ln57            (store            ) [ 0000000000000000000000]
br_ln59               (br               ) [ 0000000000000000000000]
</LifeTime>

<model>

<comp_list>
<comp id="0" class="1000" name="gray_out">
<pin_list>
<pin id="1" dir="1" index="0" bw="1" slack="0"/>
</pin_list>
<bind>
<StgValue><ssdm name="gray_out"/></StgValue>
</bind>
</comp>

<comp id="2" class="1000" name="gauss_out">
<pin_list>
<pin id="3" dir="1" index="0" bw="1" slack="0"/>
</pin_list>
<bind>
<StgValue><ssdm name="gauss_out"/></StgValue>
</bind>
</comp>

<comp id="4" class="1001" name="const_4">
<pin_list>
<pin id="5" dir="1" index="0" bw="1" slack="0"/>
</pin_list>
<bind>
<StgValue><ssdm name=""/></StgValue>
</bind>
</comp>

<comp id="6" class="1001" name="const_6">
<pin_list>
<pin id="7" dir="1" index="0" bw="1" slack="2147483647"/>
</pin_list>
<bind>
<StgValue><ssdm name="_ssdm_op_SpecInterface"/></StgValue>
</bind>
</comp>

<comp id="8" class="1001" name="const_8">
<pin_list>
<pin id="9" dir="1" index="0" bw="1" slack="2147483647"/>
</pin_list>
<bind>
<StgValue><ssdm name="empty_10"/></StgValue>
</bind>
</comp>

<comp id="10" class="1001" name="const_10">
<pin_list>
<pin id="11" dir="1" index="0" bw="1" slack="2147483647"/>
</pin_list>
<bind>
<StgValue><ssdm name=""/></StgValue>
</bind>
</comp>

<comp id="12" class="1001" name="const_12">
<pin_list>
<pin id="13" dir="1" index="0" bw="1" slack="2147483647"/>
</pin_list>
<bind>
<StgValue><ssdm name="empty_4"/></StgValue>
</bind>
</comp>

<comp id="14" class="1001" name="const_14">
<pin_list>
<pin id="15" dir="1" index="0" bw="1" slack="2147483647"/>
</pin_list>
<bind>
<StgValue><ssdm name=""/></StgValue>
</bind>
</comp>

<comp id="16" class="1001" name="const_16">
<pin_list>
<pin id="17" dir="1" index="0" bw="1" slack="0"/>
</pin_list>
<bind>
<StgValue><ssdm name=""/></StgValue>
</bind>
</comp>

<comp id="18" class="1001" name="const_18">
<pin_list>
<pin id="19" dir="1" index="0" bw="1" slack="0"/>
</pin_list>
<bind>
<StgValue><ssdm name=""/></StgValue>
</bind>
</comp>

<comp id="20" class="1001" name="const_20">
<pin_list>
<pin id="21" dir="1" index="0" bw="1" slack="0"/>
</pin_list>
<bind>
<StgValue><ssdm name=""/></StgValue>
</bind>
</comp>

<comp id="22" class="1001" name="const_22">
<pin_list>
<pin id="23" dir="1" index="0" bw="1" slack="2147483647"/>
</pin_list>
<bind>
<StgValue><ssdm name="_ssdm_op_SpecLoopTripCount"/></StgValue>
</bind>
</comp>

<comp id="24" class="1001" name="const_24">
<pin_list>
<pin id="25" dir="1" index="0" bw="1" slack="2147483647"/>
</pin_list>
<bind>
<StgValue><ssdm name=""/></StgValue>
</bind>
</comp>

<comp id="26" class="1001" name="const_26">
<pin_list>
<pin id="27" dir="1" index="0" bw="1" slack="0"/>
</pin_list>
<bind>
<StgValue><ssdm name=""/></StgValue>
</bind>
</comp>

<comp id="28" class="1001" name="const_28">
<pin_list>
<pin id="29" dir="1" index="0" bw="1" slack="2147483647"/>
</pin_list>
<bind>
<StgValue><ssdm name="_ssdm_op_SpecLoopName"/></StgValue>
</bind>
</comp>

<comp id="30" class="1001" name="const_30">
<pin_list>
<pin id="31" dir="1" index="0" bw="1" slack="2147483647"/>
</pin_list>
<bind>
<StgValue><ssdm name="empty_16"/></StgValue>
</bind>
</comp>

<comp id="32" class="1001" name="const_32">
<pin_list>
<pin id="33" dir="1" index="0" bw="1" slack="0"/>
</pin_list>
<bind>
<StgValue><ssdm name="_ssdm_op_BitSelect.i1.i10.i32"/></StgValue>
</bind>
</comp>

<comp id="34" class="1001" name="const_34">
<pin_list>
<pin id="35" dir="1" index="0" bw="1" slack="0"/>
</pin_list>
<bind>
<StgValue><ssdm name=""/></StgValue>
</bind>
</comp>

<comp id="36" class="1001" name="const_36">
<pin_list>
<pin id="37" dir="1" index="0" bw="1" slack="0"/>
</pin_list>
<bind>
<StgValue><ssdm name="_ssdm_op_Read.ap_fifo.volatile.i8P0A"/></StgValue>
</bind>
</comp>

<comp id="38" class="1001" name="const_38">
<pin_list>
<pin id="39" dir="1" index="0" bw="1" slack="0"/>
</pin_list>
<bind>
<StgValue><ssdm name="gaussian_blur_Pipeline_VITIS_LOOP_94_2"/></StgValue>
</bind>
</comp>

<comp id="40" class="1001" name="const_40">
<pin_list>
<pin id="41" dir="1" index="0" bw="1" slack="0"/>
</pin_list>
<bind>
<StgValue><ssdm name=""/></StgValue>
</bind>
</comp>

<comp id="42" class="1001" name="const_42">
<pin_list>
<pin id="43" dir="1" index="0" bw="1" slack="0"/>
</pin_list>
<bind>
<StgValue><ssdm name=""/></StgValue>
</bind>
</comp>

<comp id="44" class="1001" name="const_44">
<pin_list>
<pin id="45" dir="1" index="0" bw="1" slack="0"/>
</pin_list>
<bind>
<StgValue><ssdm name=""/></StgValue>
</bind>
</comp>

<comp id="46" class="1001" name="const_46">
<pin_list>
<pin id="47" dir="1" index="0" bw="1" slack="0"/>
</pin_list>
<bind>
<StgValue><ssdm name=""/></StgValue>
</bind>
</comp>

<comp id="48" class="1001" name="const_48">
<pin_list>
<pin id="49" dir="1" index="0" bw="1" slack="0"/>
</pin_list>
<bind>
<StgValue><ssdm name=""/></StgValue>
</bind>
</comp>

<comp id="50" class="1001" name="const_50">
<pin_list>
<pin id="51" dir="1" index="0" bw="1" slack="0"/>
</pin_list>
<bind>
<StgValue><ssdm name=""/></StgValue>
</bind>
</comp>

<comp id="52" class="1001" name="const_52">
<pin_list>
<pin id="53" dir="1" index="0" bw="1" slack="0"/>
</pin_list>
<bind>
<StgValue><ssdm name=""/></StgValue>
</bind>
</comp>

<comp id="54" class="1001" name="const_54">
<pin_list>
<pin id="55" dir="1" index="0" bw="1" slack="0"/>
</pin_list>
<bind>
<StgValue><ssdm name="_ssdm_op_BitSelect.i1.i11.i32"/></StgValue>
</bind>
</comp>

<comp id="56" class="1001" name="const_56">
<pin_list>
<pin id="57" dir="1" index="0" bw="1" slack="0"/>
</pin_list>
<bind>
<StgValue><ssdm name=""/></StgValue>
</bind>
</comp>

<comp id="58" class="1001" name="const_58">
<pin_list>
<pin id="59" dir="1" index="0" bw="1" slack="0"/>
</pin_list>
<bind>
<StgValue><ssdm name="_ssdm_op_PartSelect.i2.i11.i32.i32"/></StgValue>
</bind>
</comp>

<comp id="60" class="1001" name="const_60">
<pin_list>
<pin id="61" dir="1" index="0" bw="1" slack="0"/>
</pin_list>
<bind>
<StgValue><ssdm name=""/></StgValue>
</bind>
</comp>

<comp id="62" class="1001" name="const_62">
<pin_list>
<pin id="63" dir="1" index="0" bw="1" slack="0"/>
</pin_list>
<bind>
<StgValue><ssdm name=""/></StgValue>
</bind>
</comp>

<comp id="64" class="1001" name="const_64">
<pin_list>
<pin id="65" dir="1" index="0" bw="1" slack="0"/>
</pin_list>
<bind>
<StgValue><ssdm name=""/></StgValue>
</bind>
</comp>

<comp id="66" class="1001" name="const_66">
<pin_list>
<pin id="67" dir="1" index="0" bw="1" slack="0"/>
</pin_list>
<bind>
<StgValue><ssdm name=""/></StgValue>
</bind>
</comp>

<comp id="68" class="1001" name="const_68">
<pin_list>
<pin id="69" dir="1" index="0" bw="1" slack="0"/>
</pin_list>
<bind>
<StgValue><ssdm name=""/></StgValue>
</bind>
</comp>

<comp id="70" class="1001" name="const_70">
<pin_list>
<pin id="71" dir="1" index="0" bw="1" slack="0"/>
</pin_list>
<bind>
<StgValue><ssdm name=""/></StgValue>
</bind>
</comp>

<comp id="72" class="1001" name="const_72">
<pin_list>
<pin id="73" dir="1" index="0" bw="1" slack="0"/>
</pin_list>
<bind>
<StgValue><ssdm name=""/></StgValue>
</bind>
</comp>

<comp id="74" class="1001" name="const_74">
<pin_list>
<pin id="75" dir="1" index="0" bw="1" slack="0"/>
</pin_list>
<bind>
<StgValue><ssdm name="gaussian_blur_Pipeline_VITIS_LOOP_157_7"/></StgValue>
</bind>
</comp>

<comp id="76" class="1004" name="phi_urem57_fu_76">
<pin_list>
<pin id="77" dir="0" index="0" bw="1" slack="0"/>
<pin id="78" dir="1" index="1" bw="10" slack="0"/>
</pin_list>
<bind>
<opcode="alloca(26) " fcode="alloca"/>
<opset="phi_urem57/1 "/>
</bind>
</comp>

<comp id="80" class="1004" name="phi_urem_fu_80">
<pin_list>
<pin id="81" dir="0" index="0" bw="1" slack="0"/>
<pin id="82" dir="1" index="1" bw="10" slack="0"/>
</pin_list>
<bind>
<opcode="alloca(26) " fcode="alloca"/>
<opset="phi_urem/1 "/>
</bind>
</comp>

<comp id="84" class="1004" name="row_7_fu_84">
<pin_list>
<pin id="85" dir="0" index="0" bw="1" slack="0"/>
<pin id="86" dir="1" index="1" bw="10" slack="0"/>
</pin_list>
<bind>
<opcode="alloca(26) " fcode="alloca"/>
<opset="row_7/1 "/>
</bind>
</comp>

<comp id="88" class="1004" name="lineBuffer_alloca_fu_88">
<pin_list>
<pin id="89" dir="0" index="0" bw="1" slack="0"/>
<pin id="90" dir="1" index="1" bw="12" slack="2147483647"/>
</pin_list>
<bind>
<opcode="alloca(26) " fcode="alloca"/>
<opset="lineBuffer/1 "/>
</bind>
</comp>

<comp id="92" class="1004" name="lineBuffer_1_alloca_fu_92">
<pin_list>
<pin id="93" dir="0" index="0" bw="1" slack="0"/>
<pin id="94" dir="1" index="1" bw="12" slack="2147483647"/>
</pin_list>
<bind>
<opcode="alloca(26) " fcode="alloca"/>
<opset="lineBuffer_1/1 "/>
</bind>
</comp>

<comp id="96" class="1004" name="lineBuffer_2_alloca_fu_96">
<pin_list>
<pin id="97" dir="0" index="0" bw="1" slack="0"/>
<pin id="98" dir="1" index="1" bw="12" slack="2147483647"/>
</pin_list>
<bind>
<opcode="alloca(26) " fcode="alloca"/>
<opset="lineBuffer_2/1 "/>
</bind>
</comp>

<comp id="100" class="1004" name="lineBuffer_3_alloca_fu_100">
<pin_list>
<pin id="101" dir="0" index="0" bw="1" slack="0"/>
<pin id="102" dir="1" index="1" bw="12" slack="2147483647"/>
</pin_list>
<bind>
<opcode="alloca(26) " fcode="alloca"/>
<opset="lineBuffer_3/1 "/>
</bind>
</comp>

<comp id="104" class="1004" name="lineBuffer_4_alloca_fu_104">
<pin_list>
<pin id="105" dir="0" index="0" bw="1" slack="0"/>
<pin id="106" dir="1" index="1" bw="12" slack="2147483647"/>
</pin_list>
<bind>
<opcode="alloca(26) " fcode="alloca"/>
<opset="lineBuffer_4/1 "/>
</bind>
</comp>

<comp id="108" class="1004" name="grp_read_fu_108">
<pin_list>
<pin id="109" dir="0" index="0" bw="8" slack="0"/>
<pin id="110" dir="0" index="1" bw="8" slack="0"/>
<pin id="111" dir="1" index="2" bw="8" slack="1"/>
</pin_list>
<bind>
<opcode="read(1150) " fcode="read"/>
<opset="sample0/2 sample1/3 sample2/4 "/>
</bind>
</comp>

<comp id="114" class="1004" name="grp_gaussian_blur_Pipeline_VITIS_LOOP_94_2_fu_114">
<pin_list>
<pin id="115" dir="0" index="0" bw="0" slack="0"/>
<pin id="116" dir="0" index="1" bw="8" slack="1"/>
<pin id="117" dir="0" index="2" bw="8" slack="2"/>
<pin id="118" dir="0" index="3" bw="8" slack="3"/>
<pin id="119" dir="0" index="4" bw="8" slack="0"/>
<pin id="120" dir="0" index="5" bw="12" slack="2147483647"/>
<pin id="121" dir="0" index="6" bw="12" slack="2147483647"/>
<pin id="122" dir="0" index="7" bw="12" slack="2147483647"/>
<pin id="123" dir="0" index="8" bw="12" slack="2147483647"/>
<pin id="124" dir="0" index="9" bw="12" slack="2147483647"/>
<pin id="125" dir="0" index="10" bw="3" slack="0"/>
<pin id="126" dir="1" index="11" bw="0" slack="2147483647"/>
</pin_list>
<bind>
<opcode="call(48) " fcode="call"/>
<opset="call_ln81/5 "/>
</bind>
</comp>

<comp id="129" class="1004" name="grp_gaussian_blur_Pipeline_VITIS_LOOP_157_7_fu_129">
<pin_list>
<pin id="130" dir="0" index="0" bw="0" slack="0"/>
<pin id="131" dir="0" index="1" bw="12" slack="2147483647"/>
<pin id="132" dir="0" index="2" bw="12" slack="2147483647"/>
<pin id="133" dir="0" index="3" bw="12" slack="2147483647"/>
<pin id="134" dir="0" index="4" bw="12" slack="2147483647"/>
<pin id="135" dir="0" index="5" bw="12" slack="2147483647"/>
<pin id="136" dir="0" index="6" bw="3" slack="1"/>
<pin id="137" dir="0" index="7" bw="3" slack="1"/>
<pin id="138" dir="0" index="8" bw="3" slack="0"/>
<pin id="139" dir="0" index="9" bw="3" slack="0"/>
<pin id="140" dir="0" index="10" bw="3" slack="0"/>
<pin id="141" dir="0" index="11" bw="8" slack="0"/>
<pin id="142" dir="1" index="12" bw="0" slack="2147483647"/>
</pin_list>
<bind>
<opcode="call(48) " fcode="call"/>
<opset="call_ln21/20 "/>
</bind>
</comp>

<comp id="145" class="1004" name="grp_load_fu_145">
<pin_list>
<pin id="146" dir="0" index="0" bw="10" slack="4"/>
<pin id="147" dir="1" index="1" bw="10" slack="0"/>
</pin_list>
<bind>
<opcode="load(27) " fcode="load"/>
<opset="phi_urem_load_6/5 phi_urem_load/21 "/>
</bind>
</comp>

<comp id="148" class="1004" name="grp_load_fu_148">
<pin_list>
<pin id="149" dir="0" index="0" bw="10" slack="19"/>
<pin id="150" dir="1" index="1" bw="10" slack="0"/>
</pin_list>
<bind>
<opcode="load(27) " fcode="load"/>
<opset="phi_urem57_load_1/20 phi_urem57_load/21 "/>
</bind>
</comp>

<comp id="151" class="1004" name="store_ln24_store_fu_151">
<pin_list>
<pin id="152" dir="0" index="0" bw="1" slack="0"/>
<pin id="153" dir="0" index="1" bw="10" slack="0"/>
<pin id="154" dir="1" index="2" bw="0" slack="2147483647"/>
</pin_list>
<bind>
<opcode="store(28) " fcode="store"/>
<opset="store_ln24/1 "/>
</bind>
</comp>

<comp id="156" class="1004" name="store_ln0_store_fu_156">
<pin_list>
<pin id="157" dir="0" index="0" bw="1" slack="0"/>
<pin id="158" dir="0" index="1" bw="10" slack="0"/>
<pin id="159" dir="1" index="2" bw="0" slack="2147483647"/>
</pin_list>
<bind>
<opcode="store(28) " fcode="store"/>
<opset="store_ln0/1 "/>
</bind>
</comp>

<comp id="161" class="1004" name="store_ln0_store_fu_161">
<pin_list>
<pin id="162" dir="0" index="0" bw="1" slack="0"/>
<pin id="163" dir="0" index="1" bw="10" slack="0"/>
<pin id="164" dir="1" index="2" bw="0" slack="2147483647"/>
</pin_list>
<bind>
<opcode="store(28) " fcode="store"/>
<opset="store_ln0/1 "/>
</bind>
</comp>

<comp id="166" class="1004" name="row_9_load_fu_166">
<pin_list>
<pin id="167" dir="0" index="0" bw="10" slack="1"/>
<pin id="168" dir="1" index="1" bw="10" slack="0"/>
</pin_list>
<bind>
<opcode="load(27) " fcode="load"/>
<opset="row_9/2 "/>
</bind>
</comp>

<comp id="169" class="1004" name="icmp_ln59_fu_169">
<pin_list>
<pin id="170" dir="0" index="0" bw="10" slack="0"/>
<pin id="171" dir="0" index="1" bw="10" slack="0"/>
<pin id="172" dir="1" index="2" bw="1" slack="2147483647"/>
</pin_list>
<bind>
<opcode="icmp(45) " fcode="icmp"/>
<opset="icmp_ln59/2 "/>
</bind>
</comp>

<comp id="175" class="1004" name="rowsReceived_fu_175">
<pin_list>
<pin id="176" dir="0" index="0" bw="10" slack="0"/>
<pin id="177" dir="0" index="1" bw="1" slack="0"/>
<pin id="178" dir="1" index="2" bw="10" slack="19"/>
</pin_list>
<bind>
<opcode="add(8) " fcode="add"/>
<opset="rowsReceived/2 "/>
</bind>
</comp>

<comp id="181" class="1004" name="zext_ln59_fu_181">
<pin_list>
<pin id="182" dir="0" index="0" bw="10" slack="0"/>
<pin id="183" dir="1" index="1" bw="11" slack="4"/>
</pin_list>
<bind>
<opcode="zext(34) " fcode="zext"/>
<opset="zext_ln59/2 "/>
</bind>
</comp>

<comp id="185" class="1004" name="trunc_ln59_fu_185">
<pin_list>
<pin id="186" dir="0" index="0" bw="10" slack="0"/>
<pin id="187" dir="1" index="1" bw="9" slack="4"/>
</pin_list>
<bind>
<opcode="trunc(33) " fcode="trunc"/>
<opset="trunc_ln59/2 "/>
</bind>
</comp>

<comp id="189" class="1004" name="tmp_fu_189">
<pin_list>
<pin id="190" dir="0" index="0" bw="1" slack="0"/>
<pin id="191" dir="0" index="1" bw="10" slack="0"/>
<pin id="192" dir="0" index="2" bw="5" slack="0"/>
<pin id="193" dir="1" index="3" bw="1" slack="4"/>
</pin_list>
<bind>
<opcode="bitselect(1000) " fcode="bitselect"/>
<opset="tmp/2 "/>
</bind>
</comp>

<comp id="197" class="1004" name="trunc_ln79_fu_197">
<pin_list>
<pin id="198" dir="0" index="0" bw="10" slack="0"/>
<pin id="199" dir="1" index="1" bw="3" slack="0"/>
</pin_list>
<bind>
<opcode="trunc(33) " fcode="trunc"/>
<opset="trunc_ln79/5 "/>
</bind>
</comp>

<comp id="202" class="1004" name="outputRow_fu_202">
<pin_list>
<pin id="203" dir="0" index="0" bw="10" slack="2147483647"/>
<pin id="204" dir="0" index="1" bw="2" slack="0"/>
<pin id="205" dir="1" index="2" bw="10" slack="0"/>
</pin_list>
<bind>
<opcode="add(8) " fcode="add"/>
<opset="outputRow/6 "/>
</bind>
</comp>

<comp id="207" class="1004" name="tmp_49_fu_207">
<pin_list>
<pin id="208" dir="0" index="0" bw="1" slack="0"/>
<pin id="209" dir="0" index="1" bw="10" slack="0"/>
<pin id="210" dir="0" index="2" bw="5" slack="0"/>
<pin id="211" dir="1" index="3" bw="1" slack="15"/>
</pin_list>
<bind>
<opcode="bitselect(1000) " fcode="bitselect"/>
<opset="tmp_49/6 "/>
</bind>
</comp>

<comp id="215" class="1004" name="add_ln152_fu_215">
<pin_list>
<pin id="216" dir="0" index="0" bw="10" slack="2147483647"/>
<pin id="217" dir="0" index="1" bw="3" slack="0"/>
<pin id="218" dir="1" index="2" bw="10" slack="0"/>
</pin_list>
<bind>
<opcode="add(8) " fcode="add"/>
<opset="add_ln152/6 "/>
</bind>
</comp>

<comp id="220" class="1004" name="tmp_50_fu_220">
<pin_list>
<pin id="221" dir="0" index="0" bw="1" slack="0"/>
<pin id="222" dir="0" index="1" bw="10" slack="0"/>
<pin id="223" dir="0" index="2" bw="5" slack="0"/>
<pin id="224" dir="1" index="3" bw="1" slack="0"/>
</pin_list>
<bind>
<opcode="bitselect(1000) " fcode="bitselect"/>
<opset="tmp_50/6 "/>
</bind>
</comp>

<comp id="228" class="1004" name="sub_ln26_fu_228">
<pin_list>
<pin id="229" dir="0" index="0" bw="4" slack="0"/>
<pin id="230" dir="0" index="1" bw="10" slack="2147483647"/>
<pin id="231" dir="1" index="2" bw="10" slack="0"/>
</pin_list>
<bind>
<opcode="sub(10) " fcode="sub"/>
<opset="sub_ln26/6 "/>
</bind>
</comp>

<comp id="233" class="1004" name="select_ln25_fu_233">
<pin_list>
<pin id="234" dir="0" index="0" bw="1" slack="0"/>
<pin id="235" dir="0" index="1" bw="10" slack="0"/>
<pin id="236" dir="0" index="2" bw="10" slack="0"/>
<pin id="237" dir="1" index="3" bw="10" slack="0"/>
</pin_list>
<bind>
<opcode="select(49) " fcode="select"/>
<opset="select_ln25/6 "/>
</bind>
</comp>

<comp id="241" class="1004" name="grp_fu_241">
<pin_list>
<pin id="242" dir="0" index="0" bw="10" slack="0"/>
<pin id="243" dir="0" index="1" bw="4" slack="0"/>
<pin id="244" dir="1" index="2" bw="10" slack="0"/>
</pin_list>
<bind>
<opcode="srem(18) " fcode="srem"/>
<opset="result/6 "/>
</bind>
</comp>

<comp id="247" class="1004" name="add_ln152_1_fu_247">
<pin_list>
<pin id="248" dir="0" index="0" bw="10" slack="2147483647"/>
<pin id="249" dir="0" index="1" bw="3" slack="0"/>
<pin id="250" dir="1" index="2" bw="10" slack="0"/>
</pin_list>
<bind>
<opcode="add(8) " fcode="add"/>
<opset="add_ln152_1/6 "/>
</bind>
</comp>

<comp id="252" class="1004" name="tmp_52_fu_252">
<pin_list>
<pin id="253" dir="0" index="0" bw="1" slack="0"/>
<pin id="254" dir="0" index="1" bw="10" slack="0"/>
<pin id="255" dir="0" index="2" bw="5" slack="0"/>
<pin id="256" dir="1" index="3" bw="1" slack="0"/>
</pin_list>
<bind>
<opcode="bitselect(1000) " fcode="bitselect"/>
<opset="tmp_52/6 "/>
</bind>
</comp>

<comp id="260" class="1004" name="sub_ln26_1_fu_260">
<pin_list>
<pin id="261" dir="0" index="0" bw="3" slack="0"/>
<pin id="262" dir="0" index="1" bw="10" slack="2147483647"/>
<pin id="263" dir="1" index="2" bw="10" slack="0"/>
</pin_list>
<bind>
<opcode="sub(10) " fcode="sub"/>
<opset="sub_ln26_1/6 "/>
</bind>
</comp>

<comp id="265" class="1004" name="select_ln25_1_fu_265">
<pin_list>
<pin id="266" dir="0" index="0" bw="1" slack="0"/>
<pin id="267" dir="0" index="1" bw="10" slack="0"/>
<pin id="268" dir="0" index="2" bw="10" slack="0"/>
<pin id="269" dir="1" index="3" bw="10" slack="0"/>
</pin_list>
<bind>
<opcode="select(49) " fcode="select"/>
<opset="select_ln25_1/6 "/>
</bind>
</comp>

<comp id="273" class="1004" name="grp_fu_273">
<pin_list>
<pin id="274" dir="0" index="0" bw="10" slack="0"/>
<pin id="275" dir="0" index="1" bw="4" slack="0"/>
<pin id="276" dir="1" index="2" bw="10" slack="0"/>
</pin_list>
<bind>
<opcode="srem(18) " fcode="srem"/>
<opset="result_1/6 "/>
</bind>
</comp>

<comp id="279" class="1004" name="add_ln152_2_fu_279">
<pin_list>
<pin id="280" dir="0" index="0" bw="10" slack="4"/>
<pin id="281" dir="0" index="1" bw="1" slack="0"/>
<pin id="282" dir="1" index="2" bw="11" slack="0"/>
</pin_list>
<bind>
<opcode="add(8) " fcode="add"/>
<opset="add_ln152_2/6 "/>
</bind>
</comp>

<comp id="284" class="1004" name="trunc_ln24_fu_284">
<pin_list>
<pin id="285" dir="0" index="0" bw="11" slack="0"/>
<pin id="286" dir="1" index="1" bw="10" slack="0"/>
</pin_list>
<bind>
<opcode="trunc(33) " fcode="trunc"/>
<opset="trunc_ln24/6 "/>
</bind>
</comp>

<comp id="288" class="1004" name="tmp_54_fu_288">
<pin_list>
<pin id="289" dir="0" index="0" bw="1" slack="0"/>
<pin id="290" dir="0" index="1" bw="11" slack="0"/>
<pin id="291" dir="0" index="2" bw="5" slack="0"/>
<pin id="292" dir="1" index="3" bw="1" slack="0"/>
</pin_list>
<bind>
<opcode="bitselect(1000) " fcode="bitselect"/>
<opset="tmp_54/6 "/>
</bind>
</comp>

<comp id="296" class="1004" name="sub_ln26_2_fu_296">
<pin_list>
<pin id="297" dir="0" index="0" bw="1" slack="0"/>
<pin id="298" dir="0" index="1" bw="10" slack="2147483647"/>
<pin id="299" dir="1" index="2" bw="10" slack="0"/>
</pin_list>
<bind>
<opcode="sub(10) " fcode="sub"/>
<opset="sub_ln26_2/6 "/>
</bind>
</comp>

<comp id="301" class="1004" name="sext_ln26_fu_301">
<pin_list>
<pin id="302" dir="0" index="0" bw="10" slack="0"/>
<pin id="303" dir="1" index="1" bw="11" slack="0"/>
</pin_list>
<bind>
<opcode="sext(35) " fcode="sext"/>
<opset="sext_ln26/6 "/>
</bind>
</comp>

<comp id="305" class="1004" name="tmp_55_fu_305">
<pin_list>
<pin id="306" dir="0" index="0" bw="2" slack="0"/>
<pin id="307" dir="0" index="1" bw="11" slack="0"/>
<pin id="308" dir="0" index="2" bw="5" slack="0"/>
<pin id="309" dir="0" index="3" bw="5" slack="0"/>
<pin id="310" dir="1" index="4" bw="2" slack="0"/>
</pin_list>
<bind>
<opcode="partselect(1002) " fcode="partselect"/>
<opset="tmp_55/6 "/>
</bind>
</comp>

<comp id="315" class="1004" name="icmp_ln27_fu_315">
<pin_list>
<pin id="316" dir="0" index="0" bw="2" slack="0"/>
<pin id="317" dir="0" index="1" bw="2" slack="0"/>
<pin id="318" dir="1" index="2" bw="1" slack="0"/>
</pin_list>
<bind>
<opcode="icmp(45) " fcode="icmp"/>
<opset="icmp_ln27/6 "/>
</bind>
</comp>

<comp id="321" class="1004" name="xor_ln28_fu_321">
<pin_list>
<pin id="322" dir="0" index="0" bw="10" slack="2147483647"/>
<pin id="323" dir="0" index="1" bw="10" slack="0"/>
<pin id="324" dir="1" index="2" bw="10" slack="0"/>
</pin_list>
<bind>
<opcode="xor(25) " fcode="xor"/>
<opset="xor_ln28/6 "/>
</bind>
</comp>

<comp id="326" class="1004" name="select_ln27_fu_326">
<pin_list>
<pin id="327" dir="0" index="0" bw="1" slack="0"/>
<pin id="328" dir="0" index="1" bw="10" slack="0"/>
<pin id="329" dir="0" index="2" bw="10" slack="0"/>
<pin id="330" dir="1" index="3" bw="10" slack="0"/>
</pin_list>
<bind>
<opcode="select(49) " fcode="select"/>
<opset="select_ln27/6 "/>
</bind>
</comp>

<comp id="334" class="1004" name="zext_ln27_fu_334">
<pin_list>
<pin id="335" dir="0" index="0" bw="10" slack="0"/>
<pin id="336" dir="1" index="1" bw="11" slack="0"/>
</pin_list>
<bind>
<opcode="zext(34) " fcode="zext"/>
<opset="zext_ln27/6 "/>
</bind>
</comp>

<comp id="338" class="1004" name="value_assign_15_fu_338">
<pin_list>
<pin id="339" dir="0" index="0" bw="1" slack="0"/>
<pin id="340" dir="0" index="1" bw="11" slack="0"/>
<pin id="341" dir="0" index="2" bw="11" slack="0"/>
<pin id="342" dir="1" index="3" bw="11" slack="0"/>
</pin_list>
<bind>
<opcode="select(49) " fcode="select"/>
<opset="value_assign_15/6 "/>
</bind>
</comp>

<comp id="346" class="1004" name="grp_fu_346">
<pin_list>
<pin id="347" dir="0" index="0" bw="11" slack="0"/>
<pin id="348" dir="0" index="1" bw="4" slack="0"/>
<pin id="349" dir="1" index="2" bw="11" slack="0"/>
</pin_list>
<bind>
<opcode="srem(18) " fcode="srem"/>
<opset="result_2/6 "/>
</bind>
</comp>

<comp id="352" class="1004" name="sub_ln28_fu_352">
<pin_list>
<pin id="353" dir="0" index="0" bw="2" slack="0"/>
<pin id="354" dir="0" index="1" bw="9" slack="4"/>
<pin id="355" dir="1" index="2" bw="9" slack="0"/>
</pin_list>
<bind>
<opcode="sub(10) " fcode="sub"/>
<opset="sub_ln28/6 "/>
</bind>
</comp>

<comp id="357" class="1004" name="select_ln27_1_fu_357">
<pin_list>
<pin id="358" dir="0" index="0" bw="1" slack="4"/>
<pin id="359" dir="0" index="1" bw="9" slack="0"/>
<pin id="360" dir="0" index="2" bw="9" slack="4"/>
<pin id="361" dir="1" index="3" bw="9" slack="0"/>
</pin_list>
<bind>
<opcode="select(49) " fcode="select"/>
<opset="select_ln27_1/6 "/>
</bind>
</comp>

<comp id="363" class="1004" name="grp_fu_363">
<pin_list>
<pin id="364" dir="0" index="0" bw="9" slack="0"/>
<pin id="365" dir="0" index="1" bw="4" slack="0"/>
<pin id="366" dir="1" index="2" bw="3" slack="2"/>
</pin_list>
<bind>
<opcode="urem(17) " fcode="urem"/>
<opset="result_3/6 "/>
</bind>
</comp>

<comp id="369" class="1004" name="trunc_ln20_fu_369">
<pin_list>
<pin id="370" dir="0" index="0" bw="4" slack="0"/>
<pin id="371" dir="1" index="1" bw="3" slack="0"/>
</pin_list>
<bind>
<opcode="trunc(33) " fcode="trunc"/>
<opset="trunc_ln20/19 "/>
</bind>
</comp>

<comp id="373" class="1004" name="tmp_51_fu_373">
<pin_list>
<pin id="374" dir="0" index="0" bw="1" slack="0"/>
<pin id="375" dir="0" index="1" bw="4" slack="0"/>
<pin id="376" dir="0" index="2" bw="3" slack="0"/>
<pin id="377" dir="1" index="3" bw="1" slack="0"/>
</pin_list>
<bind>
<opcode="bitselect(1000) " fcode="bitselect"/>
<opset="tmp_51/19 "/>
</bind>
</comp>

<comp id="381" class="1004" name="add_ln21_fu_381">
<pin_list>
<pin id="382" dir="0" index="0" bw="3" slack="0"/>
<pin id="383" dir="0" index="1" bw="3" slack="0"/>
<pin id="384" dir="1" index="2" bw="3" slack="0"/>
</pin_list>
<bind>
<opcode="add(8) " fcode="add"/>
<opset="add_ln21/19 "/>
</bind>
</comp>

<comp id="387" class="1004" name="select_ln21_fu_387">
<pin_list>
<pin id="388" dir="0" index="0" bw="1" slack="0"/>
<pin id="389" dir="0" index="1" bw="3" slack="0"/>
<pin id="390" dir="0" index="2" bw="3" slack="0"/>
<pin id="391" dir="1" index="3" bw="3" slack="1"/>
</pin_list>
<bind>
<opcode="select(49) " fcode="select"/>
<opset="select_ln21/19 "/>
</bind>
</comp>

<comp id="395" class="1004" name="trunc_ln20_1_fu_395">
<pin_list>
<pin id="396" dir="0" index="0" bw="4" slack="0"/>
<pin id="397" dir="1" index="1" bw="3" slack="0"/>
</pin_list>
<bind>
<opcode="trunc(33) " fcode="trunc"/>
<opset="trunc_ln20_1/19 "/>
</bind>
</comp>

<comp id="399" class="1004" name="tmp_53_fu_399">
<pin_list>
<pin id="400" dir="0" index="0" bw="1" slack="0"/>
<pin id="401" dir="0" index="1" bw="4" slack="0"/>
<pin id="402" dir="0" index="2" bw="3" slack="0"/>
<pin id="403" dir="1" index="3" bw="1" slack="0"/>
</pin_list>
<bind>
<opcode="bitselect(1000) " fcode="bitselect"/>
<opset="tmp_53/19 "/>
</bind>
</comp>

<comp id="407" class="1004" name="add_ln21_1_fu_407">
<pin_list>
<pin id="408" dir="0" index="0" bw="3" slack="0"/>
<pin id="409" dir="0" index="1" bw="3" slack="0"/>
<pin id="410" dir="1" index="2" bw="3" slack="0"/>
</pin_list>
<bind>
<opcode="add(8) " fcode="add"/>
<opset="add_ln21_1/19 "/>
</bind>
</comp>

<comp id="413" class="1004" name="select_ln21_1_fu_413">
<pin_list>
<pin id="414" dir="0" index="0" bw="1" slack="0"/>
<pin id="415" dir="0" index="1" bw="3" slack="0"/>
<pin id="416" dir="0" index="2" bw="3" slack="0"/>
<pin id="417" dir="1" index="3" bw="3" slack="1"/>
</pin_list>
<bind>
<opcode="select(49) " fcode="select"/>
<opset="select_ln21_1/19 "/>
</bind>
</comp>

<comp id="421" class="1004" name="trunc_ln152_fu_421">
<pin_list>
<pin id="422" dir="0" index="0" bw="10" slack="0"/>
<pin id="423" dir="1" index="1" bw="3" slack="0"/>
</pin_list>
<bind>
<opcode="trunc(33) " fcode="trunc"/>
<opset="trunc_ln152/20 "/>
</bind>
</comp>

<comp id="426" class="1004" name="trunc_ln20_2_fu_426">
<pin_list>
<pin id="427" dir="0" index="0" bw="4" slack="0"/>
<pin id="428" dir="1" index="1" bw="3" slack="0"/>
</pin_list>
<bind>
<opcode="trunc(33) " fcode="trunc"/>
<opset="trunc_ln20_2/20 "/>
</bind>
</comp>

<comp id="430" class="1004" name="tmp_56_fu_430">
<pin_list>
<pin id="431" dir="0" index="0" bw="1" slack="0"/>
<pin id="432" dir="0" index="1" bw="4" slack="0"/>
<pin id="433" dir="0" index="2" bw="3" slack="0"/>
<pin id="434" dir="1" index="3" bw="1" slack="0"/>
</pin_list>
<bind>
<opcode="bitselect(1000) " fcode="bitselect"/>
<opset="tmp_56/20 "/>
</bind>
</comp>

<comp id="438" class="1004" name="add_ln21_2_fu_438">
<pin_list>
<pin id="439" dir="0" index="0" bw="3" slack="0"/>
<pin id="440" dir="0" index="1" bw="3" slack="0"/>
<pin id="441" dir="1" index="2" bw="3" slack="0"/>
</pin_list>
<bind>
<opcode="add(8) " fcode="add"/>
<opset="add_ln21_2/20 "/>
</bind>
</comp>

<comp id="444" class="1004" name="select_ln21_2_fu_444">
<pin_list>
<pin id="445" dir="0" index="0" bw="1" slack="0"/>
<pin id="446" dir="0" index="1" bw="3" slack="0"/>
<pin id="447" dir="0" index="2" bw="3" slack="0"/>
<pin id="448" dir="1" index="3" bw="3" slack="0"/>
</pin_list>
<bind>
<opcode="select(49) " fcode="select"/>
<opset="select_ln21_2/20 "/>
</bind>
</comp>

<comp id="453" class="1004" name="trunc_ln20_3_fu_453">
<pin_list>
<pin id="454" dir="0" index="0" bw="3" slack="2"/>
<pin id="455" dir="1" index="1" bw="3" slack="0"/>
</pin_list>
<bind>
<opcode="trunc(33) " fcode="trunc"/>
<opset="trunc_ln20_3/20 "/>
</bind>
</comp>

<comp id="457" class="1004" name="add_ln57_fu_457">
<pin_list>
<pin id="458" dir="0" index="0" bw="10" slack="0"/>
<pin id="459" dir="0" index="1" bw="1" slack="0"/>
<pin id="460" dir="1" index="2" bw="10" slack="0"/>
</pin_list>
<bind>
<opcode="add(8) " fcode="add"/>
<opset="add_ln57/21 "/>
</bind>
</comp>

<comp id="463" class="1004" name="icmp_ln57_fu_463">
<pin_list>
<pin id="464" dir="0" index="0" bw="10" slack="0"/>
<pin id="465" dir="0" index="1" bw="10" slack="0"/>
<pin id="466" dir="1" index="2" bw="1" slack="0"/>
</pin_list>
<bind>
<opcode="icmp(45) " fcode="icmp"/>
<opset="icmp_ln57/21 "/>
</bind>
</comp>

<comp id="469" class="1004" name="select_ln57_fu_469">
<pin_list>
<pin id="470" dir="0" index="0" bw="1" slack="0"/>
<pin id="471" dir="0" index="1" bw="10" slack="0"/>
<pin id="472" dir="0" index="2" bw="10" slack="0"/>
<pin id="473" dir="1" index="3" bw="10" slack="0"/>
</pin_list>
<bind>
<opcode="select(49) " fcode="select"/>
<opset="select_ln57/21 "/>
</bind>
</comp>

<comp id="477" class="1004" name="add_ln57_1_fu_477">
<pin_list>
<pin id="478" dir="0" index="0" bw="10" slack="0"/>
<pin id="479" dir="0" index="1" bw="1" slack="0"/>
<pin id="480" dir="1" index="2" bw="10" slack="0"/>
</pin_list>
<bind>
<opcode="add(8) " fcode="add"/>
<opset="add_ln57_1/21 "/>
</bind>
</comp>

<comp id="483" class="1004" name="icmp_ln57_1_fu_483">
<pin_list>
<pin id="484" dir="0" index="0" bw="10" slack="0"/>
<pin id="485" dir="0" index="1" bw="10" slack="0"/>
<pin id="486" dir="1" index="2" bw="1" slack="0"/>
</pin_list>
<bind>
<opcode="icmp(45) " fcode="icmp"/>
<opset="icmp_ln57_1/21 "/>
</bind>
</comp>

<comp id="489" class="1004" name="select_ln57_1_fu_489">
<pin_list>
<pin id="490" dir="0" index="0" bw="1" slack="0"/>
<pin id="491" dir="0" index="1" bw="10" slack="0"/>
<pin id="492" dir="0" index="2" bw="10" slack="0"/>
<pin id="493" dir="1" index="3" bw="10" slack="0"/>
</pin_list>
<bind>
<opcode="select(49) " fcode="select"/>
<opset="select_ln57_1/21 "/>
</bind>
</comp>

<comp id="497" class="1004" name="store_ln24_store_fu_497">
<pin_list>
<pin id="498" dir="0" index="0" bw="10" slack="19"/>
<pin id="499" dir="0" index="1" bw="10" slack="20"/>
<pin id="500" dir="1" index="2" bw="0" slack="2147483647"/>
</pin_list>
<bind>
<opcode="store(28) " fcode="store"/>
<opset="store_ln24/21 "/>
</bind>
</comp>

<comp id="501" class="1004" name="store_ln57_store_fu_501">
<pin_list>
<pin id="502" dir="0" index="0" bw="10" slack="0"/>
<pin id="503" dir="0" index="1" bw="10" slack="20"/>
<pin id="504" dir="1" index="2" bw="0" slack="2147483647"/>
</pin_list>
<bind>
<opcode="store(28) " fcode="store"/>
<opset="store_ln57/21 "/>
</bind>
</comp>

<comp id="506" class="1004" name="store_ln57_store_fu_506">
<pin_list>
<pin id="507" dir="0" index="0" bw="10" slack="0"/>
<pin id="508" dir="0" index="1" bw="10" slack="20"/>
<pin id="509" dir="1" index="2" bw="0" slack="2147483647"/>
</pin_list>
<bind>
<opcode="store(28) " fcode="store"/>
<opset="store_ln57/21 "/>
</bind>
</comp>

<comp id="511" class="1005" name="phi_urem57_reg_511">
<pin_list>
<pin id="512" dir="0" index="0" bw="10" slack="0"/>
<pin id="513" dir="1" index="1" bw="10" slack="0"/>
</pin_list>
<bind>
<opset="phi_urem57 "/>
</bind>
</comp>

<comp id="518" class="1005" name="phi_urem_reg_518">
<pin_list>
<pin id="519" dir="0" index="0" bw="10" slack="0"/>
<pin id="520" dir="1" index="1" bw="10" slack="0"/>
</pin_list>
<bind>
<opset="phi_urem "/>
</bind>
</comp>

<comp id="525" class="1005" name="row_7_reg_525">
<pin_list>
<pin id="526" dir="0" index="0" bw="10" slack="0"/>
<pin id="527" dir="1" index="1" bw="10" slack="0"/>
</pin_list>
<bind>
<opset="row_7 "/>
</bind>
</comp>

<comp id="538" class="1005" name="rowsReceived_reg_538">
<pin_list>
<pin id="539" dir="0" index="0" bw="10" slack="19"/>
<pin id="540" dir="1" index="1" bw="10" slack="19"/>
</pin_list>
<bind>
<opset="rowsReceived "/>
</bind>
</comp>

<comp id="543" class="1005" name="zext_ln59_reg_543">
<pin_list>
<pin id="544" dir="0" index="0" bw="11" slack="4"/>
<pin id="545" dir="1" index="1" bw="11" slack="4"/>
</pin_list>
<bind>
<opset="zext_ln59 "/>
</bind>
</comp>

<comp id="548" class="1005" name="trunc_ln59_reg_548">
<pin_list>
<pin id="549" dir="0" index="0" bw="9" slack="4"/>
<pin id="550" dir="1" index="1" bw="9" slack="4"/>
</pin_list>
<bind>
<opset="trunc_ln59 "/>
</bind>
</comp>

<comp id="554" class="1005" name="tmp_reg_554">
<pin_list>
<pin id="555" dir="0" index="0" bw="1" slack="4"/>
<pin id="556" dir="1" index="1" bw="1" slack="4"/>
</pin_list>
<bind>
<opset="tmp "/>
</bind>
</comp>

<comp id="559" class="1005" name="sample0_reg_559">
<pin_list>
<pin id="560" dir="0" index="0" bw="8" slack="3"/>
<pin id="561" dir="1" index="1" bw="8" slack="3"/>
</pin_list>
<bind>
<opset="sample0 "/>
</bind>
</comp>

<comp id="564" class="1005" name="sample1_reg_564">
<pin_list>
<pin id="565" dir="0" index="0" bw="8" slack="2"/>
<pin id="566" dir="1" index="1" bw="8" slack="2"/>
</pin_list>
<bind>
<opset="sample1 "/>
</bind>
</comp>

<comp id="569" class="1005" name="sample2_reg_569">
<pin_list>
<pin id="570" dir="0" index="0" bw="8" slack="1"/>
<pin id="571" dir="1" index="1" bw="8" slack="1"/>
</pin_list>
<bind>
<opset="sample2 "/>
</bind>
</comp>

<comp id="574" class="1005" name="trunc_ln79_reg_574">
<pin_list>
<pin id="575" dir="0" index="0" bw="3" slack="1"/>
<pin id="576" dir="1" index="1" bw="3" slack="1"/>
</pin_list>
<bind>
<opset="trunc_ln79 "/>
</bind>
</comp>

<comp id="579" class="1005" name="tmp_49_reg_579">
<pin_list>
<pin id="580" dir="0" index="0" bw="1" slack="15"/>
<pin id="581" dir="1" index="1" bw="1" slack="2147483647"/>
</pin_list>
<bind>
<opset="tmp_49 "/>
</bind>
</comp>

<comp id="583" class="1005" name="select_ln25_reg_583">
<pin_list>
<pin id="584" dir="0" index="0" bw="10" slack="1"/>
<pin id="585" dir="1" index="1" bw="10" slack="1"/>
</pin_list>
<bind>
<opset="select_ln25 "/>
</bind>
</comp>

<comp id="588" class="1005" name="select_ln25_1_reg_588">
<pin_list>
<pin id="589" dir="0" index="0" bw="10" slack="1"/>
<pin id="590" dir="1" index="1" bw="10" slack="1"/>
</pin_list>
<bind>
<opset="select_ln25_1 "/>
</bind>
</comp>

<comp id="593" class="1005" name="value_assign_15_reg_593">
<pin_list>
<pin id="594" dir="0" index="0" bw="11" slack="1"/>
<pin id="595" dir="1" index="1" bw="11" slack="1"/>
</pin_list>
<bind>
<opset="value_assign_15 "/>
</bind>
</comp>

<comp id="598" class="1005" name="select_ln27_1_reg_598">
<pin_list>
<pin id="599" dir="0" index="0" bw="9" slack="1"/>
<pin id="600" dir="1" index="1" bw="9" slack="1"/>
</pin_list>
<bind>
<opset="select_ln27_1 "/>
</bind>
</comp>

<comp id="603" class="1005" name="result_3_reg_603">
<pin_list>
<pin id="604" dir="0" index="0" bw="3" slack="2"/>
<pin id="605" dir="1" index="1" bw="3" slack="2"/>
</pin_list>
<bind>
<opset="result_3 "/>
</bind>
</comp>

<comp id="608" class="1005" name="select_ln21_reg_608">
<pin_list>
<pin id="609" dir="0" index="0" bw="3" slack="1"/>
<pin id="610" dir="1" index="1" bw="3" slack="1"/>
</pin_list>
<bind>
<opset="select_ln21 "/>
</bind>
</comp>

<comp id="613" class="1005" name="select_ln21_1_reg_613">
<pin_list>
<pin id="614" dir="0" index="0" bw="3" slack="1"/>
<pin id="615" dir="1" index="1" bw="3" slack="1"/>
</pin_list>
<bind>
<opset="select_ln21_1 "/>
</bind>
</comp>

<comp id="618" class="1005" name="trunc_ln152_reg_618">
<pin_list>
<pin id="619" dir="0" index="0" bw="3" slack="1"/>
<pin id="620" dir="1" index="1" bw="3" slack="1"/>
</pin_list>
<bind>
<opset="trunc_ln152 "/>
</bind>
</comp>

<comp id="623" class="1005" name="select_ln21_2_reg_623">
<pin_list>
<pin id="624" dir="0" index="0" bw="3" slack="1"/>
<pin id="625" dir="1" index="1" bw="3" slack="1"/>
</pin_list>
<bind>
<opset="select_ln21_2 "/>
</bind>
</comp>

<comp id="628" class="1005" name="trunc_ln20_3_reg_628">
<pin_list>
<pin id="629" dir="0" index="0" bw="3" slack="1"/>
<pin id="630" dir="1" index="1" bw="3" slack="1"/>
</pin_list>
<bind>
<opset="trunc_ln20_3 "/>
</bind>
</comp>

</comp_list>

<net_list>
<net id="79"><net_src comp="4" pin="0"/><net_sink comp="76" pin=0"/></net>

<net id="83"><net_src comp="4" pin="0"/><net_sink comp="80" pin=0"/></net>

<net id="87"><net_src comp="4" pin="0"/><net_sink comp="84" pin=0"/></net>

<net id="91"><net_src comp="16" pin="0"/><net_sink comp="88" pin=0"/></net>

<net id="95"><net_src comp="16" pin="0"/><net_sink comp="92" pin=0"/></net>

<net id="99"><net_src comp="16" pin="0"/><net_sink comp="96" pin=0"/></net>

<net id="103"><net_src comp="16" pin="0"/><net_sink comp="100" pin=0"/></net>

<net id="107"><net_src comp="16" pin="0"/><net_sink comp="104" pin=0"/></net>

<net id="112"><net_src comp="36" pin="0"/><net_sink comp="108" pin=0"/></net>

<net id="113"><net_src comp="0" pin="0"/><net_sink comp="108" pin=1"/></net>

<net id="127"><net_src comp="38" pin="0"/><net_sink comp="114" pin=0"/></net>

<net id="128"><net_src comp="0" pin="0"/><net_sink comp="114" pin=4"/></net>

<net id="143"><net_src comp="74" pin="0"/><net_sink comp="129" pin=0"/></net>

<net id="144"><net_src comp="2" pin="0"/><net_sink comp="129" pin=11"/></net>

<net id="155"><net_src comp="18" pin="0"/><net_sink comp="151" pin=0"/></net>

<net id="160"><net_src comp="18" pin="0"/><net_sink comp="156" pin=0"/></net>

<net id="165"><net_src comp="18" pin="0"/><net_sink comp="161" pin=0"/></net>

<net id="173"><net_src comp="166" pin="1"/><net_sink comp="169" pin=0"/></net>

<net id="174"><net_src comp="20" pin="0"/><net_sink comp="169" pin=1"/></net>

<net id="179"><net_src comp="166" pin="1"/><net_sink comp="175" pin=0"/></net>

<net id="180"><net_src comp="26" pin="0"/><net_sink comp="175" pin=1"/></net>

<net id="184"><net_src comp="166" pin="1"/><net_sink comp="181" pin=0"/></net>

<net id="188"><net_src comp="166" pin="1"/><net_sink comp="185" pin=0"/></net>

<net id="194"><net_src comp="32" pin="0"/><net_sink comp="189" pin=0"/></net>

<net id="195"><net_src comp="166" pin="1"/><net_sink comp="189" pin=1"/></net>

<net id="196"><net_src comp="34" pin="0"/><net_sink comp="189" pin=2"/></net>

<net id="200"><net_src comp="145" pin="1"/><net_sink comp="197" pin=0"/></net>

<net id="201"><net_src comp="197" pin="1"/><net_sink comp="114" pin=10"/></net>

<net id="206"><net_src comp="40" pin="0"/><net_sink comp="202" pin=1"/></net>

<net id="212"><net_src comp="32" pin="0"/><net_sink comp="207" pin=0"/></net>

<net id="213"><net_src comp="202" pin="2"/><net_sink comp="207" pin=1"/></net>

<net id="214"><net_src comp="34" pin="0"/><net_sink comp="207" pin=2"/></net>

<net id="219"><net_src comp="42" pin="0"/><net_sink comp="215" pin=1"/></net>

<net id="225"><net_src comp="32" pin="0"/><net_sink comp="220" pin=0"/></net>

<net id="226"><net_src comp="215" pin="2"/><net_sink comp="220" pin=1"/></net>

<net id="227"><net_src comp="34" pin="0"/><net_sink comp="220" pin=2"/></net>

<net id="232"><net_src comp="44" pin="0"/><net_sink comp="228" pin=0"/></net>

<net id="238"><net_src comp="220" pin="3"/><net_sink comp="233" pin=0"/></net>

<net id="239"><net_src comp="228" pin="2"/><net_sink comp="233" pin=1"/></net>

<net id="240"><net_src comp="215" pin="2"/><net_sink comp="233" pin=2"/></net>

<net id="245"><net_src comp="233" pin="3"/><net_sink comp="241" pin=0"/></net>

<net id="246"><net_src comp="46" pin="0"/><net_sink comp="241" pin=1"/></net>

<net id="251"><net_src comp="48" pin="0"/><net_sink comp="247" pin=1"/></net>

<net id="257"><net_src comp="32" pin="0"/><net_sink comp="252" pin=0"/></net>

<net id="258"><net_src comp="247" pin="2"/><net_sink comp="252" pin=1"/></net>

<net id="259"><net_src comp="34" pin="0"/><net_sink comp="252" pin=2"/></net>

<net id="264"><net_src comp="50" pin="0"/><net_sink comp="260" pin=0"/></net>

<net id="270"><net_src comp="252" pin="3"/><net_sink comp="265" pin=0"/></net>

<net id="271"><net_src comp="260" pin="2"/><net_sink comp="265" pin=1"/></net>

<net id="272"><net_src comp="247" pin="2"/><net_sink comp="265" pin=2"/></net>

<net id="277"><net_src comp="265" pin="3"/><net_sink comp="273" pin=0"/></net>

<net id="278"><net_src comp="46" pin="0"/><net_sink comp="273" pin=1"/></net>

<net id="283"><net_src comp="52" pin="0"/><net_sink comp="279" pin=1"/></net>

<net id="287"><net_src comp="279" pin="2"/><net_sink comp="284" pin=0"/></net>

<net id="293"><net_src comp="54" pin="0"/><net_sink comp="288" pin=0"/></net>

<net id="294"><net_src comp="279" pin="2"/><net_sink comp="288" pin=1"/></net>

<net id="295"><net_src comp="56" pin="0"/><net_sink comp="288" pin=2"/></net>

<net id="300"><net_src comp="26" pin="0"/><net_sink comp="296" pin=0"/></net>

<net id="304"><net_src comp="296" pin="2"/><net_sink comp="301" pin=0"/></net>

<net id="311"><net_src comp="58" pin="0"/><net_sink comp="305" pin=0"/></net>

<net id="312"><net_src comp="279" pin="2"/><net_sink comp="305" pin=1"/></net>

<net id="313"><net_src comp="34" pin="0"/><net_sink comp="305" pin=2"/></net>

<net id="314"><net_src comp="56" pin="0"/><net_sink comp="305" pin=3"/></net>

<net id="319"><net_src comp="305" pin="4"/><net_sink comp="315" pin=0"/></net>

<net id="320"><net_src comp="60" pin="0"/><net_sink comp="315" pin=1"/></net>

<net id="325"><net_src comp="62" pin="0"/><net_sink comp="321" pin=1"/></net>

<net id="331"><net_src comp="315" pin="2"/><net_sink comp="326" pin=0"/></net>

<net id="332"><net_src comp="321" pin="2"/><net_sink comp="326" pin=1"/></net>

<net id="333"><net_src comp="284" pin="1"/><net_sink comp="326" pin=2"/></net>

<net id="337"><net_src comp="326" pin="3"/><net_sink comp="334" pin=0"/></net>

<net id="343"><net_src comp="288" pin="3"/><net_sink comp="338" pin=0"/></net>

<net id="344"><net_src comp="301" pin="1"/><net_sink comp="338" pin=1"/></net>

<net id="345"><net_src comp="334" pin="1"/><net_sink comp="338" pin=2"/></net>

<net id="350"><net_src comp="338" pin="3"/><net_sink comp="346" pin=0"/></net>

<net id="351"><net_src comp="64" pin="0"/><net_sink comp="346" pin=1"/></net>

<net id="356"><net_src comp="66" pin="0"/><net_sink comp="352" pin=0"/></net>

<net id="362"><net_src comp="352" pin="2"/><net_sink comp="357" pin=1"/></net>

<net id="367"><net_src comp="357" pin="3"/><net_sink comp="363" pin=0"/></net>

<net id="368"><net_src comp="68" pin="0"/><net_sink comp="363" pin=1"/></net>

<net id="372"><net_src comp="241" pin="2"/><net_sink comp="369" pin=0"/></net>

<net id="378"><net_src comp="32" pin="0"/><net_sink comp="373" pin=0"/></net>

<net id="379"><net_src comp="241" pin="2"/><net_sink comp="373" pin=1"/></net>

<net id="380"><net_src comp="70" pin="0"/><net_sink comp="373" pin=2"/></net>

<net id="385"><net_src comp="369" pin="1"/><net_sink comp="381" pin=0"/></net>

<net id="386"><net_src comp="72" pin="0"/><net_sink comp="381" pin=1"/></net>

<net id="392"><net_src comp="373" pin="3"/><net_sink comp="387" pin=0"/></net>

<net id="393"><net_src comp="381" pin="2"/><net_sink comp="387" pin=1"/></net>

<net id="394"><net_src comp="369" pin="1"/><net_sink comp="387" pin=2"/></net>

<net id="398"><net_src comp="273" pin="2"/><net_sink comp="395" pin=0"/></net>

<net id="404"><net_src comp="32" pin="0"/><net_sink comp="399" pin=0"/></net>

<net id="405"><net_src comp="273" pin="2"/><net_sink comp="399" pin=1"/></net>

<net id="406"><net_src comp="70" pin="0"/><net_sink comp="399" pin=2"/></net>

<net id="411"><net_src comp="395" pin="1"/><net_sink comp="407" pin=0"/></net>

<net id="412"><net_src comp="72" pin="0"/><net_sink comp="407" pin=1"/></net>

<net id="418"><net_src comp="399" pin="3"/><net_sink comp="413" pin=0"/></net>

<net id="419"><net_src comp="407" pin="2"/><net_sink comp="413" pin=1"/></net>

<net id="420"><net_src comp="395" pin="1"/><net_sink comp="413" pin=2"/></net>

<net id="424"><net_src comp="148" pin="1"/><net_sink comp="421" pin=0"/></net>

<net id="425"><net_src comp="421" pin="1"/><net_sink comp="129" pin=8"/></net>

<net id="429"><net_src comp="346" pin="2"/><net_sink comp="426" pin=0"/></net>

<net id="435"><net_src comp="54" pin="0"/><net_sink comp="430" pin=0"/></net>

<net id="436"><net_src comp="346" pin="2"/><net_sink comp="430" pin=1"/></net>

<net id="437"><net_src comp="70" pin="0"/><net_sink comp="430" pin=2"/></net>

<net id="442"><net_src comp="426" pin="1"/><net_sink comp="438" pin=0"/></net>

<net id="443"><net_src comp="72" pin="0"/><net_sink comp="438" pin=1"/></net>

<net id="449"><net_src comp="430" pin="3"/><net_sink comp="444" pin=0"/></net>

<net id="450"><net_src comp="438" pin="2"/><net_sink comp="444" pin=1"/></net>

<net id="451"><net_src comp="426" pin="1"/><net_sink comp="444" pin=2"/></net>

<net id="452"><net_src comp="444" pin="3"/><net_sink comp="129" pin=9"/></net>

<net id="456"><net_src comp="453" pin="1"/><net_sink comp="129" pin=10"/></net>

<net id="461"><net_src comp="148" pin="1"/><net_sink comp="457" pin=0"/></net>

<net id="462"><net_src comp="26" pin="0"/><net_sink comp="457" pin=1"/></net>

<net id="467"><net_src comp="148" pin="1"/><net_sink comp="463" pin=0"/></net>

<net id="468"><net_src comp="44" pin="0"/><net_sink comp="463" pin=1"/></net>

<net id="474"><net_src comp="463" pin="2"/><net_sink comp="469" pin=0"/></net>

<net id="475"><net_src comp="18" pin="0"/><net_sink comp="469" pin=1"/></net>

<net id="476"><net_src comp="457" pin="2"/><net_sink comp="469" pin=2"/></net>

<net id="481"><net_src comp="145" pin="1"/><net_sink comp="477" pin=0"/></net>

<net id="482"><net_src comp="26" pin="0"/><net_sink comp="477" pin=1"/></net>

<net id="487"><net_src comp="145" pin="1"/><net_sink comp="483" pin=0"/></net>

<net id="488"><net_src comp="44" pin="0"/><net_sink comp="483" pin=1"/></net>

<net id="494"><net_src comp="483" pin="2"/><net_sink comp="489" pin=0"/></net>

<net id="495"><net_src comp="18" pin="0"/><net_sink comp="489" pin=1"/></net>

<net id="496"><net_src comp="477" pin="2"/><net_sink comp="489" pin=2"/></net>

<net id="505"><net_src comp="489" pin="3"/><net_sink comp="501" pin=0"/></net>

<net id="510"><net_src comp="469" pin="3"/><net_sink comp="506" pin=0"/></net>

<net id="514"><net_src comp="76" pin="1"/><net_sink comp="511" pin=0"/></net>

<net id="515"><net_src comp="511" pin="1"/><net_sink comp="161" pin=1"/></net>

<net id="516"><net_src comp="511" pin="1"/><net_sink comp="148" pin=0"/></net>

<net id="517"><net_src comp="511" pin="1"/><net_sink comp="506" pin=1"/></net>

<net id="521"><net_src comp="80" pin="1"/><net_sink comp="518" pin=0"/></net>

<net id="522"><net_src comp="518" pin="1"/><net_sink comp="156" pin=1"/></net>

<net id="523"><net_src comp="518" pin="1"/><net_sink comp="145" pin=0"/></net>

<net id="524"><net_src comp="518" pin="1"/><net_sink comp="501" pin=1"/></net>

<net id="528"><net_src comp="84" pin="1"/><net_sink comp="525" pin=0"/></net>

<net id="529"><net_src comp="525" pin="1"/><net_sink comp="151" pin=1"/></net>

<net id="530"><net_src comp="525" pin="1"/><net_sink comp="166" pin=0"/></net>

<net id="531"><net_src comp="525" pin="1"/><net_sink comp="497" pin=1"/></net>

<net id="541"><net_src comp="175" pin="2"/><net_sink comp="538" pin=0"/></net>

<net id="542"><net_src comp="538" pin="1"/><net_sink comp="497" pin=0"/></net>

<net id="546"><net_src comp="181" pin="1"/><net_sink comp="543" pin=0"/></net>

<net id="547"><net_src comp="543" pin="1"/><net_sink comp="279" pin=0"/></net>

<net id="551"><net_src comp="185" pin="1"/><net_sink comp="548" pin=0"/></net>

<net id="552"><net_src comp="548" pin="1"/><net_sink comp="352" pin=1"/></net>

<net id="553"><net_src comp="548" pin="1"/><net_sink comp="357" pin=2"/></net>

<net id="557"><net_src comp="189" pin="3"/><net_sink comp="554" pin=0"/></net>

<net id="558"><net_src comp="554" pin="1"/><net_sink comp="357" pin=0"/></net>

<net id="562"><net_src comp="108" pin="2"/><net_sink comp="559" pin=0"/></net>

<net id="563"><net_src comp="559" pin="1"/><net_sink comp="114" pin=3"/></net>

<net id="567"><net_src comp="108" pin="2"/><net_sink comp="564" pin=0"/></net>

<net id="568"><net_src comp="564" pin="1"/><net_sink comp="114" pin=2"/></net>

<net id="572"><net_src comp="108" pin="2"/><net_sink comp="569" pin=0"/></net>

<net id="573"><net_src comp="569" pin="1"/><net_sink comp="114" pin=1"/></net>

<net id="577"><net_src comp="197" pin="1"/><net_sink comp="574" pin=0"/></net>

<net id="578"><net_src comp="574" pin="1"/><net_sink comp="114" pin=10"/></net>

<net id="582"><net_src comp="207" pin="3"/><net_sink comp="579" pin=0"/></net>

<net id="586"><net_src comp="233" pin="3"/><net_sink comp="583" pin=0"/></net>

<net id="587"><net_src comp="583" pin="1"/><net_sink comp="241" pin=0"/></net>

<net id="591"><net_src comp="265" pin="3"/><net_sink comp="588" pin=0"/></net>

<net id="592"><net_src comp="588" pin="1"/><net_sink comp="273" pin=0"/></net>

<net id="596"><net_src comp="338" pin="3"/><net_sink comp="593" pin=0"/></net>

<net id="597"><net_src comp="593" pin="1"/><net_sink comp="346" pin=0"/></net>

<net id="601"><net_src comp="357" pin="3"/><net_sink comp="598" pin=0"/></net>

<net id="602"><net_src comp="598" pin="1"/><net_sink comp="363" pin=0"/></net>

<net id="606"><net_src comp="363" pin="2"/><net_sink comp="603" pin=0"/></net>

<net id="607"><net_src comp="603" pin="1"/><net_sink comp="453" pin=0"/></net>

<net id="611"><net_src comp="387" pin="3"/><net_sink comp="608" pin=0"/></net>

<net id="612"><net_src comp="608" pin="1"/><net_sink comp="129" pin=6"/></net>

<net id="616"><net_src comp="413" pin="3"/><net_sink comp="613" pin=0"/></net>

<net id="617"><net_src comp="613" pin="1"/><net_sink comp="129" pin=7"/></net>

<net id="621"><net_src comp="421" pin="1"/><net_sink comp="618" pin=0"/></net>

<net id="622"><net_src comp="618" pin="1"/><net_sink comp="129" pin=8"/></net>

<net id="626"><net_src comp="444" pin="3"/><net_sink comp="623" pin=0"/></net>

<net id="627"><net_src comp="623" pin="1"/><net_sink comp="129" pin=9"/></net>

<net id="631"><net_src comp="453" pin="1"/><net_sink comp="628" pin=0"/></net>

<net id="632"><net_src comp="628" pin="1"/><net_sink comp="129" pin=10"/></net>

</net_list>

</model> 
---------------- Datapath Model END ------------------

* FSMD analyzer results:
  - Output states:
	Port: gauss_out | {20 21 }
 - Input state : 
	Port: gaussian_blur : gray_out | {2 3 4 5 6 }
  - Chain level:
	State 1
		store_ln24 : 1
		store_ln0 : 1
		store_ln0 : 1
	State 2
		icmp_ln59 : 1
		rowsReceived : 1
		br_ln59 : 2
		zext_ln59 : 1
		trunc_ln59 : 1
		tmp : 1
		br_ln60 : 2
	State 3
	State 4
	State 5
		trunc_ln79 : 1
		call_ln81 : 2
	State 6
		tmp_49 : 1
		br_ln137 : 2
		tmp_50 : 1
		select_ln25 : 2
		result : 3
		tmp_52 : 1
		select_ln25_1 : 2
		result_1 : 3
		trunc_ln24 : 1
		tmp_54 : 1
		sext_ln26 : 1
		tmp_55 : 1
		icmp_ln27 : 2
		select_ln27 : 3
		zext_ln27 : 4
		value_assign_15 : 5
		result_2 : 6
		select_ln27_1 : 1
		result_3 : 2
	State 7
	State 8
	State 9
	State 10
	State 11
	State 12
	State 13
	State 14
	State 15
	State 16
	State 17
	State 18
	State 19
		trunc_ln20 : 1
		tmp_51 : 1
		add_ln21 : 2
		select_ln21 : 3
		trunc_ln20_1 : 1
		tmp_53 : 1
		add_ln21_1 : 2
		select_ln21_1 : 3
	State 20
		trunc_ln152 : 1
		trunc_ln20_2 : 1
		tmp_56 : 1
		add_ln21_2 : 2
		select_ln21_2 : 3
		call_ln21 : 4
	State 21
		add_ln57 : 1
		icmp_ln57 : 1
		select_ln57 : 2
		add_ln57_1 : 1
		icmp_ln57_1 : 1
		select_ln57_1 : 2
		store_ln57 : 3
		store_ln57 : 3


============================================================
+ Verbose Summary: Datapath Resource usage 
============================================================

* Functional unit list:
|----------|----------------------------------------------------|---------|---------|---------|
| Operation|                   Functional Unit                  |  Delay  |    FF   |   LUT   |
|----------|----------------------------------------------------|---------|---------|---------|
|   call   |  grp_gaussian_blur_Pipeline_VITIS_LOOP_94_2_fu_114 |    0    |   117   |   155   |
|          | grp_gaussian_blur_Pipeline_VITIS_LOOP_157_7_fu_129 |  2.135  |    99   |   301   |
|----------|----------------------------------------------------|---------|---------|---------|
|          |                     grp_fu_241                     |    0    |   131   |    56   |
|   srem   |                     grp_fu_273                     |    0    |   131   |    56   |
|          |                     grp_fu_346                     |    0    |   143   |    64   |
|----------|----------------------------------------------------|---------|---------|---------|
|   urem   |                     grp_fu_363                     |    0    |   119   |    49   |
|----------|----------------------------------------------------|---------|---------|---------|
|          |                 rowsReceived_fu_175                |    0    |    0    |    17   |
|          |                  outputRow_fu_202                  |    0    |    0    |    17   |
|          |                  add_ln152_fu_215                  |    0    |    0    |    17   |
|          |                 add_ln152_1_fu_247                 |    0    |    0    |    17   |
|    add   |                 add_ln152_2_fu_279                 |    0    |    0    |    17   |
|          |                   add_ln21_fu_381                  |    0    |    0    |    10   |
|          |                  add_ln21_1_fu_407                 |    0    |    0    |    10   |
|          |                  add_ln21_2_fu_438                 |    0    |    0    |    10   |
|          |                   add_ln57_fu_457                  |    0    |    0    |    17   |
|          |                  add_ln57_1_fu_477                 |    0    |    0    |    17   |
|----------|----------------------------------------------------|---------|---------|---------|
|          |                 select_ln25_fu_233                 |    0    |    0    |    10   |
|          |                select_ln25_1_fu_265                |    0    |    0    |    10   |
|          |                 select_ln27_fu_326                 |    0    |    0    |    10   |
|          |               value_assign_15_fu_338               |    0    |    0    |    10   |
|  select  |                select_ln27_1_fu_357                |    0    |    0    |    9    |
|          |                 select_ln21_fu_387                 |    0    |    0    |    3    |
|          |                select_ln21_1_fu_413                |    0    |    0    |    3    |
|          |                select_ln21_2_fu_444                |    0    |    0    |    3    |
|          |                 select_ln57_fu_469                 |    0    |    0    |    10   |
|          |                select_ln57_1_fu_489                |    0    |    0    |    10   |
|----------|----------------------------------------------------|---------|---------|---------|
|          |                   sub_ln26_fu_228                  |    0    |    0    |    17   |
|    sub   |                  sub_ln26_1_fu_260                 |    0    |    0    |    17   |
|          |                  sub_ln26_2_fu_296                 |    0    |    0    |    17   |
|          |                   sub_ln28_fu_352                  |    0    |    0    |    16   |
|----------|----------------------------------------------------|---------|---------|---------|
|          |                  icmp_ln59_fu_169                  |    0    |    0    |    17   |
|   icmp   |                  icmp_ln27_fu_315                  |    0    |    0    |    9    |
|          |                  icmp_ln57_fu_463                  |    0    |    0    |    17   |
|          |                 icmp_ln57_1_fu_483                 |    0    |    0    |    17   |
|----------|----------------------------------------------------|---------|---------|---------|
|    xor   |                   xor_ln28_fu_321                  |    0    |    0    |    10   |
|----------|----------------------------------------------------|---------|---------|---------|
|   read   |                   grp_read_fu_108                  |    0    |    0    |    0    |
|----------|----------------------------------------------------|---------|---------|---------|
|   zext   |                  zext_ln59_fu_181                  |    0    |    0    |    0    |
|          |                  zext_ln27_fu_334                  |    0    |    0    |    0    |
|----------|----------------------------------------------------|---------|---------|---------|
|          |                  trunc_ln59_fu_185                 |    0    |    0    |    0    |
|          |                  trunc_ln79_fu_197                 |    0    |    0    |    0    |
|          |                  trunc_ln24_fu_284                 |    0    |    0    |    0    |
|   trunc  |                  trunc_ln20_fu_369                 |    0    |    0    |    0    |
|          |                 trunc_ln20_1_fu_395                |    0    |    0    |    0    |
|          |                 trunc_ln152_fu_421                 |    0    |    0    |    0    |
|          |                 trunc_ln20_2_fu_426                |    0    |    0    |    0    |
|          |                 trunc_ln20_3_fu_453                |    0    |    0    |    0    |
|----------|----------------------------------------------------|---------|---------|---------|
|          |                     tmp_fu_189                     |    0    |    0    |    0    |
|          |                    tmp_49_fu_207                   |    0    |    0    |    0    |
|          |                    tmp_50_fu_220                   |    0    |    0    |    0    |
| bitselect|                    tmp_52_fu_252                   |    0    |    0    |    0    |
|          |                    tmp_54_fu_288                   |    0    |    0    |    0    |
|          |                    tmp_51_fu_373                   |    0    |    0    |    0    |
|          |                    tmp_53_fu_399                   |    0    |    0    |    0    |
|          |                    tmp_56_fu_430                   |    0    |    0    |    0    |
|----------|----------------------------------------------------|---------|---------|---------|
|   sext   |                  sext_ln26_fu_301                  |    0    |    0    |    0    |
|----------|----------------------------------------------------|---------|---------|---------|
|partselect|                    tmp_55_fu_305                   |    0    |    0    |    0    |
|----------|----------------------------------------------------|---------|---------|---------|
|   Total  |                                                    |  2.135  |   740   |   1045  |
|----------|----------------------------------------------------|---------|---------|---------|

Memories:
+------------+--------+--------+--------+--------+
|            |  BRAM  |   FF   |   LUT  |  URAM  |
+------------+--------+--------+--------+--------+
| lineBuffer |    1   |    0   |    0   |    0   |
|lineBuffer_1|    1   |    0   |    0   |    0   |
|lineBuffer_2|    1   |    0   |    0   |    0   |
|lineBuffer_3|    1   |    0   |    0   |    0   |
|lineBuffer_4|    1   |    0   |    0   |    0   |
+------------+--------+--------+--------+--------+
|    Total   |    5   |    0   |    0   |    0   |
+------------+--------+--------+--------+--------+

* Register list:
+-----------------------+--------+
|                       |   FF   |
+-----------------------+--------+
|   phi_urem57_reg_511  |   10   |
|    phi_urem_reg_518   |   10   |
|    result_3_reg_603   |    3   |
|     row_7_reg_525     |   10   |
|  rowsReceived_reg_538 |   10   |
|    sample0_reg_559    |    8   |
|    sample1_reg_564    |    8   |
|    sample2_reg_569    |    8   |
| select_ln21_1_reg_613 |    3   |
| select_ln21_2_reg_623 |    3   |
|  select_ln21_reg_608  |    3   |
| select_ln25_1_reg_588 |   10   |
|  select_ln25_reg_583  |   10   |
| select_ln27_1_reg_598 |    9   |
|     tmp_49_reg_579    |    1   |
|      tmp_reg_554      |    1   |
|  trunc_ln152_reg_618  |    3   |
|  trunc_ln20_3_reg_628 |    3   |
|   trunc_ln59_reg_548  |    9   |
|   trunc_ln79_reg_574  |    3   |
|value_assign_15_reg_593|   11   |
|   zext_ln59_reg_543   |   11   |
+-----------------------+--------+
|         Total         |   147  |
+-----------------------+--------+

* Multiplexer (MUX) list: 
|----------------------------------------------------|------|------|------|--------||---------||---------||---------|
|                        Comp                        |  Pin | Size |  BW  | S x BW ||  Delay  ||    FF   ||   LUT   |
|----------------------------------------------------|------|------|------|--------||---------||---------||---------|
|  grp_gaussian_blur_Pipeline_VITIS_LOOP_94_2_fu_114 |  p10 |   2  |   3  |    6   ||    0    ||    9    |
| grp_gaussian_blur_Pipeline_VITIS_LOOP_157_7_fu_129 |  p8  |   2  |   3  |    6   ||    0    ||    9    |
| grp_gaussian_blur_Pipeline_VITIS_LOOP_157_7_fu_129 |  p9  |   2  |   3  |    6   ||    0    ||    9    |
| grp_gaussian_blur_Pipeline_VITIS_LOOP_157_7_fu_129 |  p10 |   2  |   3  |    6   ||    0    ||    9    |
|                     grp_fu_241                     |  p0  |   2  |  10  |   20   ||    0    ||    9    |
|                     grp_fu_273                     |  p0  |   2  |  10  |   20   ||    0    ||    9    |
|                     grp_fu_346                     |  p0  |   2  |  11  |   22   ||    0    ||    9    |
|                     grp_fu_363                     |  p0  |   2  |   9  |   18   ||    0    ||    9    |
|----------------------------------------------------|------|------|------|--------||---------||---------||---------|
|                        Total                       |      |      |      |   104  ||  3.416  ||    0    ||    72   |
|----------------------------------------------------|------|------|------|--------||---------||---------||---------|



* Summary:
+-----------+--------+--------+--------+--------+--------+
|           |  BRAM  |  Delay |   FF   |   LUT  |  URAM  |
+-----------+--------+--------+--------+--------+--------+
|  Function |    -   |    2   |   740  |  1045  |    -   |
|   Memory  |    5   |    -   |    0   |    0   |    0   |
|Multiplexer|    -   |    3   |    0   |   72   |    -   |
|  Register |    -   |    -   |   147  |    -   |    -   |
+-----------+--------+--------+--------+--------+--------+
|   Total   |    5   |    5   |   887  |  1117  |    0   |
+-----------+--------+--------+--------+--------+--------+
