

================================================================
== Vitis HLS Report for 'gaussian_blur_Pipeline_VITIS_LOOP_64_2'
================================================================
* Date:           Thu Jul 23 23:06:30 2026

* Version:        2025.2 (Build 6295257 on Nov 14 2025)
* Project:        canny_top
* Solution:       hls (Vitis Kernel Flow Target)
* Product family: zynquplus
* Target device:  xck26-sfvc784-2LV-c


================================================================
== Performance Estimates
================================================================
+ Timing: 
    * Summary: 
    +--------+---------+----------+------------+
    |  Clock |  Target | Estimated| Uncertainty|
    +--------+---------+----------+------------+
    |ap_clk  |  5.00 ns|  3.321 ns|     1.35 ns|
    +--------+---------+----------+------------+

+ Latency: 
    * Summary: 
    +---------+---------+-----------+-----------+-----+-----+-------------------+
    |  Latency (cycles) |   Latency (absolute)  |  Interval |      Pipeline     |
    |   min   |   max   |    min    |    max    | min | max |        Type       |
    +---------+---------+-----------+-----------+-----+-----+-------------------+
    |     4068|     4068|  20.340 us|  20.340 us|    0|    0|  loop pipeline stp|
    +---------+---------+-----------+-----------+-----+-----+-------------------+

    + Detail: 
        * Instance: 
        N/A

        * Loop: 
        +-------------------+---------+---------+----------+-----------+-----------+------+----------+
        |                   |  Latency (cycles) | Iteration|  Initiation Interval  | Trip |          |
        |     Loop Name     |   min   |   max   |  Latency |  achieved |   target  | Count| Pipelined|
        +-------------------+---------+---------+----------+-----------+-----------+------+----------+
        |- VITIS_LOOP_64_2  |     4066|     4066|        11|          8|          1|   508|       yes|
        +-------------------+---------+---------+----------+-----------+-----------+------+----------+



================================================================
== Utilization Estimates
================================================================
* Summary: 
+-----------------+---------+------+--------+--------+-----+
|       Name      | BRAM_18K|  DSP |   FF   |   LUT  | URAM|
+-----------------+---------+------+--------+--------+-----+
|DSP              |        -|     -|       -|       -|    -|
|Expression       |        -|     -|       0|     604|    -|
|FIFO             |        -|     -|       -|       -|    -|
|Instance         |        -|     -|       -|       -|    -|
|Memory           |        -|     -|       -|       -|    -|
|Multiplexer      |        -|     -|       0|     377|    -|
|Register         |        -|     -|     261|       -|    -|
+-----------------+---------+------+--------+--------+-----+
|Total            |        0|     0|     261|     981|    0|
+-----------------+---------+------+--------+--------+-----+
|Available        |      288|  1248|  234240|  117120|   64|
+-----------------+---------+------+--------+--------+-----+
|Utilization (%)  |        0|     0|      ~0|      ~0|    0|
+-----------------+---------+------+--------+--------+-----+

+ Detail: 
    * Instance: 
    N/A

    * DSP: 
    N/A

    * Memory: 
    N/A

    * FIFO: 
    N/A

    * Expression: 
    +---------------------------+----------+----+---+----+------------+------------+
    |       Variable Name       | Operation| DSP| FF| LUT| Bitwidth P0| Bitwidth P1|
    +---------------------------+----------+----+---+----+------------+------------+
    |add_ln89_1_fu_658_p2       |         +|   0|  0|  16|           9|           2|
    |add_ln89_2_fu_686_p2       |         +|   0|  0|  16|           9|           1|
    |add_ln89_fu_630_p2         |         +|   0|  0|  16|           9|           3|
    |add_ln91_1_fu_1074_p2      |         +|   0|  0|  16|          14|          14|
    |add_ln91_2_fu_1132_p2      |         +|   0|  0|  22|          15|          15|
    |add_ln91_3_fu_1373_p2      |         +|   0|  0|  16|          16|          16|
    |add_ln91_4_fu_1316_p2      |         +|   0|  0|  16|          14|          14|
    |add_ln91_5_fu_1322_p2      |         +|   0|  0|  16|           9|           9|
    |add_ln91_6_fu_1332_p2      |         +|   0|  0|  16|          14|          14|
    |add_ln91_7_fu_1032_p2      |         +|   0|  0|  16|          14|          14|
    |add_ln91_fu_857_p2         |         +|   0|  0|  16|           9|           9|
    |add_ln93_fu_755_p2         |         +|   0|  0|  15|           8|           1|
    |empty_43_fu_940_p2         |         +|   0|  0|  17|          10|          10|
    |empty_44_fu_851_p2         |         +|   0|  0|  16|           9|           9|
    |empty_fu_781_p2            |         +|   0|  0|  16|           9|           9|
    |sum_1_fu_1382_p2           |         +|   0|  0|  16|          16|          16|
    |tmp10_fu_1218_p2           |         +|   0|  0|  17|          10|          10|
    |tmp141_fu_1059_p2          |         +|   0|  0|  17|          10|          10|
    |tmp16_fu_1065_p2           |         +|   0|  0|  16|           9|           9|
    |tmp18_fu_1264_p2           |         +|   0|  0|  17|          10|          10|
    |tmp1_fu_1180_p2            |         +|   0|  0|  17|          11|          11|
    |tmp2_fu_1189_p2            |         +|   0|  0|  17|          10|          10|
    |tmp3_fu_1112_p2            |         +|   0|  0|  16|           9|           9|
    |tmp4_fu_1208_p2            |         +|   0|  0|  16|           9|           9|
    |tmp5_fu_1049_p2            |         +|   0|  0|  16|           9|           9|
    |tmp63_fu_1199_p2           |         +|   0|  0|  17|          11|          11|
    |tmp6_fu_1254_p2            |         +|   0|  0|  16|           9|           9|
    |tmp8_fu_946_p2             |         +|   0|  0|  16|           9|           9|
    |tmp_fu_930_p2              |         +|   0|  0|  16|           9|           9|
    |tmp11_fu_1360_p2           |         -|   0|  0|  22|          15|          15|
    |tmp19_fu_1306_p2           |         -|   0|  0|  20|          13|          13|
    |ap_condition_1062          |       and|   0|  0|   2|           1|           1|
    |ap_condition_1065          |       and|   0|  0|   2|           1|           1|
    |ap_condition_1070          |       and|   0|  0|   2|           1|           1|
    |ap_condition_1073          |       and|   0|  0|   2|           1|           1|
    |ap_condition_1078          |       and|   0|  0|   2|           1|           1|
    |ap_condition_1081          |       and|   0|  0|   2|           1|           1|
    |ap_condition_1086          |       and|   0|  0|   2|           1|           1|
    |ap_condition_1089          |       and|   0|  0|   2|           1|           1|
    |ap_condition_1094          |       and|   0|  0|   2|           1|           1|
    |ap_condition_1097          |       and|   0|  0|   2|           1|           1|
    |icmp_ln64_fu_598_p2        |      icmp|   0|  0|  16|           9|           3|
    |grp_fu_547_p3              |    select|   0|  0|   8|           1|           8|
    |grp_fu_554_p3              |    select|   0|  0|   8|           1|           8|
    |grp_fu_561_p3              |    select|   0|  0|   8|           1|           8|
    |grp_fu_568_p3              |    select|   0|  0|   8|           1|           8|
    |grp_fu_575_p3              |    select|   0|  0|   8|           1|           8|
    |select_ln93_21_fu_1240_p3  |    select|   0|  0|   8|           1|           8|
    |ap_enable_pp0              |       xor|   0|  0|   2|           1|           2|
    +---------------------------+----------+----+---+----+------------+------------+
    |Total                      |          |   0|  0| 604|         363|         372|
    +---------------------------+----------+----+---+----+------------+------------+

    * Multiplexer: 
    +-------------------------------------------------+----+-----------+-----+-----------+
    |                       Name                      | LUT| Input Size| Bits| Total Bits|
    +-------------------------------------------------+----+-----------+-----+-----------+
    |ap_NS_fsm                                        |  49|          9|    1|          9|
    |ap_done_int                                      |   9|          2|    1|          2|
    |ap_enable_reg_pp0_iter0                          |   9|          2|    1|          2|
    |ap_enable_reg_pp0_iter0_reg                      |   9|          2|    1|          2|
    |ap_enable_reg_pp0_iter1                          |   9|          2|    1|          2|
    |ap_sig_allocacmp_column                          |   9|          2|    9|         18|
    |column_4_fu_82                                   |   9|          2|    9|         18|
    |grp_fu_575_p0                                    |  14|          3|    1|          3|
    |p_ZN12_GLOBAL_N_110lineBufferE_0_address0_local  |  65|         14|   11|        154|
    |p_ZN12_GLOBAL_N_110lineBufferE_0_address1_local  |  65|         13|   11|        143|
    |p_ZN12_GLOBAL_N_110lineBufferE_1_address0_local  |  65|         14|   11|        154|
    |p_ZN12_GLOBAL_N_110lineBufferE_1_address1_local  |  65|         13|   11|        143|
    +-------------------------------------------------+----+-----------+-----+-----------+
    |Total                                            | 377|         78|   68|        650|
    +-------------------------------------------------+----+-----------+-----+-----------+

    * Register: 
    +-----------------------------------+----+----+-----+-----------+
    |                Name               | FF | LUT| Bits| Const Bits|
    +-----------------------------------+----+----+-----+-----------+
    |add_ln91_1_reg_1755                |  14|   0|   14|          0|
    |add_ln91_2_reg_1785                |  15|   0|   15|          0|
    |add_ln91_6_reg_1842                |  14|   0|   14|          0|
    |add_ln91_reg_1645                  |   9|   0|    9|          0|
    |add_ln93_reg_1577                  |   8|   0|    8|          0|
    |ap_CS_fsm                          |   8|   0|    8|          0|
    |ap_done_reg                        |   1|   0|    1|          0|
    |ap_enable_reg_pp0_iter0_reg        |   1|   0|    1|          0|
    |ap_enable_reg_pp0_iter1            |   1|   0|    1|          0|
    |column_4_fu_82                     |   9|   0|    9|          0|
    |column_reg_1451                    |   9|   0|    9|          0|
    |column_reg_1451_pp0_iter1_reg      |   9|   0|    9|          0|
    |empty_43_reg_1695                  |  10|   0|   10|          0|
    |empty_44_reg_1640                  |   9|   0|    9|          0|
    |empty_reg_1595                     |   9|   0|    9|          0|
    |icmp_ln64_reg_1460                 |   1|   0|    1|          0|
    |lshr_ln3_reg_1493                  |   8|   0|    8|          0|
    |lshr_ln93_1_reg_1511               |   8|   0|    8|          0|
    |lshr_ln93_2_reg_1529               |   8|   0|    8|          0|
    |lshr_ln_reg_1474                   |   8|   0|    8|          0|
    |reg_582                            |   8|   0|    8|          0|
    |reg_586                            |   8|   0|    8|          0|
    |select_ln93_12_reg_1690            |   8|   0|    8|          0|
    |select_ln93_19_reg_1831            |   8|   0|    8|          0|
    |tmp10_reg_1815                     |  10|   0|   10|          0|
    |tmp141_reg_1745                    |  10|   0|   10|          0|
    |tmp16_reg_1750                     |   9|   0|    9|          0|
    |tmp18_reg_1836                     |  10|   0|   10|          0|
    |tmp3_reg_1780                      |   9|   0|    9|          0|
    |tmp63_reg_1810                     |  11|   0|   11|          0|
    |tmp8_reg_1700                      |   9|   0|    9|          0|
    |trunc_ln64_reg_1464                |   1|   0|    1|          0|
    |trunc_ln64_reg_1464_pp0_iter1_reg  |   1|   0|    1|          0|
    +-----------------------------------+----+----+-----+-----------+
    |Total                              | 261|   0|  261|          0|
    +-----------------------------------+----+----+-----+-----------+



================================================================
== Interface
================================================================
* Summary: 
+-------------------------------------------+-----+-----+------------+----------------------------------------+--------------+
|                 RTL Ports                 | Dir | Bits|  Protocol  |              Source Object             |    C Type    |
+-------------------------------------------+-----+-----+------------+----------------------------------------+--------------+
|ap_clk                                     |   in|    1|  ap_ctrl_hs|  gaussian_blur_Pipeline_VITIS_LOOP_64_2|  return value|
|ap_rst                                     |   in|    1|  ap_ctrl_hs|  gaussian_blur_Pipeline_VITIS_LOOP_64_2|  return value|
|ap_start                                   |   in|    1|  ap_ctrl_hs|  gaussian_blur_Pipeline_VITIS_LOOP_64_2|  return value|
|ap_done                                    |  out|    1|  ap_ctrl_hs|  gaussian_blur_Pipeline_VITIS_LOOP_64_2|  return value|
|ap_idle                                    |  out|    1|  ap_ctrl_hs|  gaussian_blur_Pipeline_VITIS_LOOP_64_2|  return value|
|ap_ready                                   |  out|    1|  ap_ctrl_hs|  gaussian_blur_Pipeline_VITIS_LOOP_64_2|  return value|
|select_ln22                                |   in|    3|     ap_none|                             select_ln22|        scalar|
|result_15                                  |   in|    3|     ap_none|                               result_15|        scalar|
|select_ln22_1                              |   in|    3|     ap_none|                           select_ln22_1|        scalar|
|select_ln22_2                              |   in|    3|     ap_none|                           select_ln22_2|        scalar|
|select_ln22_3                              |   in|    3|     ap_none|                           select_ln22_3|        scalar|
|output_r_address0                          |  out|    9|   ap_memory|                                output_r|         array|
|output_r_ce0                               |  out|    1|   ap_memory|                                output_r|         array|
|output_r_we0                               |  out|    1|   ap_memory|                                output_r|         array|
|output_r_d0                                |  out|    8|   ap_memory|                                output_r|         array|
|p_ZN12_GLOBAL_N_110lineBufferE_0_address0  |  out|   11|   ap_memory|        p_ZN12_GLOBAL_N_110lineBufferE_0|         array|
|p_ZN12_GLOBAL_N_110lineBufferE_0_ce0       |  out|    1|   ap_memory|        p_ZN12_GLOBAL_N_110lineBufferE_0|         array|
|p_ZN12_GLOBAL_N_110lineBufferE_0_q0        |   in|    8|   ap_memory|        p_ZN12_GLOBAL_N_110lineBufferE_0|         array|
|p_ZN12_GLOBAL_N_110lineBufferE_0_address1  |  out|   11|   ap_memory|        p_ZN12_GLOBAL_N_110lineBufferE_0|         array|
|p_ZN12_GLOBAL_N_110lineBufferE_0_ce1       |  out|    1|   ap_memory|        p_ZN12_GLOBAL_N_110lineBufferE_0|         array|
|p_ZN12_GLOBAL_N_110lineBufferE_0_q1        |   in|    8|   ap_memory|        p_ZN12_GLOBAL_N_110lineBufferE_0|         array|
|p_ZN12_GLOBAL_N_110lineBufferE_1_address0  |  out|   11|   ap_memory|        p_ZN12_GLOBAL_N_110lineBufferE_1|         array|
|p_ZN12_GLOBAL_N_110lineBufferE_1_ce0       |  out|    1|   ap_memory|        p_ZN12_GLOBAL_N_110lineBufferE_1|         array|
|p_ZN12_GLOBAL_N_110lineBufferE_1_q0        |   in|    8|   ap_memory|        p_ZN12_GLOBAL_N_110lineBufferE_1|         array|
|p_ZN12_GLOBAL_N_110lineBufferE_1_address1  |  out|   11|   ap_memory|        p_ZN12_GLOBAL_N_110lineBufferE_1|         array|
|p_ZN12_GLOBAL_N_110lineBufferE_1_ce1       |  out|    1|   ap_memory|        p_ZN12_GLOBAL_N_110lineBufferE_1|         array|
|p_ZN12_GLOBAL_N_110lineBufferE_1_q1        |   in|    8|   ap_memory|        p_ZN12_GLOBAL_N_110lineBufferE_1|         array|
+-------------------------------------------+-----+-----+------------+----------------------------------------+--------------+

============================================================
+ Verbose Summary: Synthesis Manager
============================================================
InlineROM: 1
ExposeGlobal: 0
============================================================
+ Verbose Summary: CDFG Model
============================================================
IsTopModel: 0
ResetActiveHigh: 1
IsCombinational: 2
IsDatapathOnly: 2
HasWiredReturn: 1
HasMFsm: 2
HasVarLatency: 1
IsPipeline: 0
IsRtlPipelined: 0
IsInstanceOverlapped: 0
IsDontTouch: 0
HasImplIP: 0
IsGatedGlobalClock: 0

+ Individual pipeline summary: 
  * Pipeline-0: initiation interval (II) = 8, depth = 11


============================================================
+ Verbose Summary: Schedule
============================================================
* Number of FSM states : 11
* Pipeline : 1
  Pipeline-0 : II = 8, D = 11, States = { 1 2 3 4 5 6 7 8 9 10 11 }
* Dataflow Pipeline: 0

* FSM state transitions: 
1 --> 2 
2 --> 3 
3 --> 4 
4 --> 5 
5 --> 6 
6 --> 7 
7 --> 8 
8 --> 9 
9 --> 10 
10 --> 11 
11 --> 

* FSM state operations: 

State 1 <SV = 0> <Delay = 1.20>
ST_1 : Operation 14 [1/1] (0.00ns)   --->   "%column_4 = alloca i32 1" [../src/gaussian_blur.cpp:64]   --->   Operation 14 'alloca' 'column_4' <Predicate = true> <Delay = 0.00>
ST_1 : Operation 15 [1/1] (0.00ns)   --->   "%select_ln22_3_read = read i3 @_ssdm_op_Read.ap_auto.i3, i3 %select_ln22_3"   --->   Operation 15 'read' 'select_ln22_3_read' <Predicate = true> <Delay = 0.00>
ST_1 : Operation 16 [1/1] (0.00ns)   --->   "%select_ln22_2_read = read i3 @_ssdm_op_Read.ap_auto.i3, i3 %select_ln22_2"   --->   Operation 16 'read' 'select_ln22_2_read' <Predicate = true> <Delay = 0.00>
ST_1 : Operation 17 [1/1] (0.00ns)   --->   "%select_ln22_1_read = read i3 @_ssdm_op_Read.ap_auto.i3, i3 %select_ln22_1"   --->   Operation 17 'read' 'select_ln22_1_read' <Predicate = true> <Delay = 0.00>
ST_1 : Operation 18 [1/1] (0.00ns)   --->   "%result_15_read = read i3 @_ssdm_op_Read.ap_auto.i3, i3 %result_15"   --->   Operation 18 'read' 'result_15_read' <Predicate = true> <Delay = 0.00>
ST_1 : Operation 19 [1/1] (0.00ns)   --->   "%select_ln22_read = read i3 @_ssdm_op_Read.ap_auto.i3, i3 %select_ln22"   --->   Operation 19 'read' 'select_ln22_read' <Predicate = true> <Delay = 0.00>
ST_1 : Operation 20 [1/1] (0.42ns)   --->   "%store_ln64 = store i9 2, i9 %column_4" [../src/gaussian_blur.cpp:64]   --->   Operation 20 'store' 'store_ln64' <Predicate = true> <Delay = 0.42>
ST_1 : Operation 21 [1/1] (0.00ns)   --->   "%br_ln0 = br void %VITIS_LOOP_67_3"   --->   Operation 21 'br' 'br_ln0' <Predicate = true> <Delay = 0.00>
ST_1 : Operation 22 [1/1] (0.00ns)   --->   "%column = load i9 %column_4" [../src/gaussian_blur.cpp:89]   --->   Operation 22 'load' 'column' <Predicate = true> <Delay = 0.00>
ST_1 : Operation 23 [1/1] (0.77ns)   --->   "%icmp_ln64 = icmp_eq  i9 %column, i9 510" [../src/gaussian_blur.cpp:64]   --->   Operation 23 'icmp' 'icmp_ln64' <Predicate = true> <Delay = 0.77> <CoreInst = "Cmp">   --->   Core 9 'Cmp' <Latency = 0> <II = 1> <Delay = 0.77> <FuncUnit> <Opcode : 'seteq' 'setne' 'setle' 'setge' 'setlt' 'setgt'> <InPorts = 2> <OutPorts = 1>
ST_1 : Operation 24 [1/1] (0.00ns)   --->   "%br_ln64 = br i1 %icmp_ln64, void %VITIS_LOOP_67_3.split, void %cleanup.loopexit.exitStub" [../src/gaussian_blur.cpp:64]   --->   Operation 24 'br' 'br_ln64' <Predicate = true> <Delay = 0.00>
ST_1 : Operation 25 [1/1] (0.00ns)   --->   "%trunc_ln64 = trunc i9 %column" [../src/gaussian_blur.cpp:64]   --->   Operation 25 'trunc' 'trunc_ln64' <Predicate = (!icmp_ln64)> <Delay = 0.00>

State 2 <SV = 1> <Delay = 2.01>
ST_2 : Operation 26 [1/1] (0.00ns)   --->   "%lshr_ln = partselect i8 @_ssdm_op_PartSelect.i8.i9.i32.i32, i9 %column, i32 1, i32 8" [../src/gaussian_blur.cpp:64]   --->   Operation 26 'partselect' 'lshr_ln' <Predicate = (!icmp_ln64)> <Delay = 0.00>
ST_2 : Operation 27 [1/1] (0.00ns)   --->   "%tmp_s = bitconcatenate i11 @_ssdm_op_BitConcatenate.i11.i3.i8, i3 %select_ln22_read, i8 %lshr_ln" [../src/gaussian_blur.cpp:93]   --->   Operation 27 'bitconcatenate' 'tmp_s' <Predicate = (!icmp_ln64)> <Delay = 0.00>
ST_2 : Operation 28 [1/1] (0.00ns)   --->   "%zext_ln93 = zext i11 %tmp_s" [../src/gaussian_blur.cpp:93]   --->   Operation 28 'zext' 'zext_ln93' <Predicate = (!icmp_ln64)> <Delay = 0.00>
ST_2 : Operation 29 [1/1] (0.00ns)   --->   "%p_ZN12_GLOBAL_N_110lineBufferE_0_addr = getelementptr i8 %p_ZN12_GLOBAL_N_110lineBufferE_0, i64 0, i64 %zext_ln93" [../src/gaussian_blur.cpp:93]   --->   Operation 29 'getelementptr' 'p_ZN12_GLOBAL_N_110lineBufferE_0_addr' <Predicate = (!icmp_ln64 & !trunc_ln64)> <Delay = 0.00>
ST_2 : Operation 30 [1/1] (0.00ns)   --->   "%p_ZN12_GLOBAL_N_110lineBufferE_1_addr = getelementptr i8 %p_ZN12_GLOBAL_N_110lineBufferE_1, i64 0, i64 %zext_ln93" [../src/gaussian_blur.cpp:93]   --->   Operation 30 'getelementptr' 'p_ZN12_GLOBAL_N_110lineBufferE_1_addr' <Predicate = (!icmp_ln64 & trunc_ln64)> <Delay = 0.00>
ST_2 : Operation 31 [1/1] (0.77ns)   --->   "%add_ln89 = add i9 %column, i9 510" [../src/gaussian_blur.cpp:89]   --->   Operation 31 'add' 'add_ln89' <Predicate = (!icmp_ln64)> <Delay = 0.77> <CoreInst = "Adder">   --->   Core 1 'Adder' <Latency = 0> <II = 1> <Delay = 0.77> <FuncUnit> <Opcode : 'add' 'sub'> <InPorts = 2> <OutPorts = 1>
ST_2 : Operation 32 [1/1] (0.00ns)   --->   "%lshr_ln3 = partselect i8 @_ssdm_op_PartSelect.i8.i9.i32.i32, i9 %add_ln89, i32 1, i32 8" [../src/gaussian_blur.cpp:93]   --->   Operation 32 'partselect' 'lshr_ln3' <Predicate = (!icmp_ln64)> <Delay = 0.00>
ST_2 : Operation 33 [1/1] (0.00ns)   --->   "%tmp_34 = bitconcatenate i11 @_ssdm_op_BitConcatenate.i11.i3.i8, i3 %select_ln22_read, i8 %lshr_ln3" [../src/gaussian_blur.cpp:93]   --->   Operation 33 'bitconcatenate' 'tmp_34' <Predicate = (!icmp_ln64)> <Delay = 0.00>
ST_2 : Operation 34 [1/1] (0.00ns)   --->   "%zext_ln93_5 = zext i11 %tmp_34" [../src/gaussian_blur.cpp:93]   --->   Operation 34 'zext' 'zext_ln93_5' <Predicate = (!icmp_ln64)> <Delay = 0.00>
ST_2 : Operation 35 [1/1] (0.00ns)   --->   "%p_ZN12_GLOBAL_N_110lineBufferE_0_addr_1 = getelementptr i8 %p_ZN12_GLOBAL_N_110lineBufferE_0, i64 0, i64 %zext_ln93_5" [../src/gaussian_blur.cpp:93]   --->   Operation 35 'getelementptr' 'p_ZN12_GLOBAL_N_110lineBufferE_0_addr_1' <Predicate = (!icmp_ln64 & !trunc_ln64)> <Delay = 0.00>
ST_2 : Operation 36 [1/1] (0.00ns)   --->   "%p_ZN12_GLOBAL_N_110lineBufferE_1_addr_1 = getelementptr i8 %p_ZN12_GLOBAL_N_110lineBufferE_1, i64 0, i64 %zext_ln93_5" [../src/gaussian_blur.cpp:93]   --->   Operation 36 'getelementptr' 'p_ZN12_GLOBAL_N_110lineBufferE_1_addr_1' <Predicate = (!icmp_ln64 & trunc_ln64)> <Delay = 0.00>
ST_2 : Operation 37 [2/2] (1.23ns)   --->   "%p_ZN12_GLOBAL_N_110lineBufferE_0_load = load i11 %p_ZN12_GLOBAL_N_110lineBufferE_0_addr_1" [../src/gaussian_blur.cpp:93]   --->   Operation 37 'load' 'p_ZN12_GLOBAL_N_110lineBufferE_0_load' <Predicate = (!icmp_ln64 & !trunc_ln64)> <Delay = 1.23> <CoreInst = "RAM">   --->   Core 82 'RAM' <Latency = 1> <II = 1> <Delay = 1.23> <Storage> <Opcode : 'load' 'store'> <Ports = 2> <Width = 8> <Depth = 1280> <RAM>
ST_2 : Operation 38 [2/2] (1.23ns)   --->   "%p_ZN12_GLOBAL_N_110lineBufferE_1_load = load i11 %p_ZN12_GLOBAL_N_110lineBufferE_1_addr_1" [../src/gaussian_blur.cpp:93]   --->   Operation 38 'load' 'p_ZN12_GLOBAL_N_110lineBufferE_1_load' <Predicate = (!icmp_ln64 & trunc_ln64)> <Delay = 1.23> <CoreInst = "RAM">   --->   Core 82 'RAM' <Latency = 1> <II = 1> <Delay = 1.23> <Storage> <Opcode : 'load' 'store'> <Ports = 2> <Width = 8> <Depth = 1280> <RAM>
ST_2 : Operation 39 [1/1] (0.77ns)   --->   "%add_ln89_1 = add i9 %column, i9 511" [../src/gaussian_blur.cpp:89]   --->   Operation 39 'add' 'add_ln89_1' <Predicate = (!icmp_ln64)> <Delay = 0.77> <CoreInst = "Adder">   --->   Core 1 'Adder' <Latency = 0> <II = 1> <Delay = 0.77> <FuncUnit> <Opcode : 'add' 'sub'> <InPorts = 2> <OutPorts = 1>
ST_2 : Operation 40 [1/1] (0.00ns)   --->   "%lshr_ln93_1 = partselect i8 @_ssdm_op_PartSelect.i8.i9.i32.i32, i9 %add_ln89_1, i32 1, i32 8" [../src/gaussian_blur.cpp:93]   --->   Operation 40 'partselect' 'lshr_ln93_1' <Predicate = (!icmp_ln64)> <Delay = 0.00>
ST_2 : Operation 41 [1/1] (0.00ns)   --->   "%tmp_39 = bitconcatenate i11 @_ssdm_op_BitConcatenate.i11.i3.i8, i3 %select_ln22_read, i8 %lshr_ln93_1" [../src/gaussian_blur.cpp:93]   --->   Operation 41 'bitconcatenate' 'tmp_39' <Predicate = (!icmp_ln64)> <Delay = 0.00>
ST_2 : Operation 42 [1/1] (0.00ns)   --->   "%zext_ln93_17 = zext i11 %tmp_39" [../src/gaussian_blur.cpp:93]   --->   Operation 42 'zext' 'zext_ln93_17' <Predicate = (!icmp_ln64)> <Delay = 0.00>
ST_2 : Operation 43 [1/1] (0.00ns)   --->   "%p_ZN12_GLOBAL_N_110lineBufferE_0_addr_2 = getelementptr i8 %p_ZN12_GLOBAL_N_110lineBufferE_0, i64 0, i64 %zext_ln93_17" [../src/gaussian_blur.cpp:93]   --->   Operation 43 'getelementptr' 'p_ZN12_GLOBAL_N_110lineBufferE_0_addr_2' <Predicate = (!icmp_ln64 & trunc_ln64)> <Delay = 0.00>
ST_2 : Operation 44 [1/1] (0.00ns)   --->   "%p_ZN12_GLOBAL_N_110lineBufferE_1_addr_2 = getelementptr i8 %p_ZN12_GLOBAL_N_110lineBufferE_1, i64 0, i64 %zext_ln93_17" [../src/gaussian_blur.cpp:93]   --->   Operation 44 'getelementptr' 'p_ZN12_GLOBAL_N_110lineBufferE_1_addr_2' <Predicate = (!icmp_ln64 & !trunc_ln64)> <Delay = 0.00>
ST_2 : Operation 45 [2/2] (1.23ns)   --->   "%p_ZN12_GLOBAL_N_110lineBufferE_0_load_1 = load i11 %p_ZN12_GLOBAL_N_110lineBufferE_0_addr_2" [../src/gaussian_blur.cpp:93]   --->   Operation 45 'load' 'p_ZN12_GLOBAL_N_110lineBufferE_0_load_1' <Predicate = (!icmp_ln64 & trunc_ln64)> <Delay = 1.23> <CoreInst = "RAM">   --->   Core 82 'RAM' <Latency = 1> <II = 1> <Delay = 1.23> <Storage> <Opcode : 'load' 'store'> <Ports = 2> <Width = 8> <Depth = 1280> <RAM>
ST_2 : Operation 46 [2/2] (1.23ns)   --->   "%p_ZN12_GLOBAL_N_110lineBufferE_1_load_1 = load i11 %p_ZN12_GLOBAL_N_110lineBufferE_1_addr_2" [../src/gaussian_blur.cpp:93]   --->   Operation 46 'load' 'p_ZN12_GLOBAL_N_110lineBufferE_1_load_1' <Predicate = (!icmp_ln64 & !trunc_ln64)> <Delay = 1.23> <CoreInst = "RAM">   --->   Core 82 'RAM' <Latency = 1> <II = 1> <Delay = 1.23> <Storage> <Opcode : 'load' 'store'> <Ports = 2> <Width = 8> <Depth = 1280> <RAM>
ST_2 : Operation 47 [2/2] (1.23ns)   --->   "%p_ZN12_GLOBAL_N_110lineBufferE_0_load_2 = load i11 %p_ZN12_GLOBAL_N_110lineBufferE_0_addr" [../src/gaussian_blur.cpp:93]   --->   Operation 47 'load' 'p_ZN12_GLOBAL_N_110lineBufferE_0_load_2' <Predicate = (!icmp_ln64 & !trunc_ln64)> <Delay = 1.23> <CoreInst = "RAM">   --->   Core 82 'RAM' <Latency = 1> <II = 1> <Delay = 1.23> <Storage> <Opcode : 'load' 'store'> <Ports = 2> <Width = 8> <Depth = 1280> <RAM>
ST_2 : Operation 48 [2/2] (1.23ns)   --->   "%p_ZN12_GLOBAL_N_110lineBufferE_1_load_2 = load i11 %p_ZN12_GLOBAL_N_110lineBufferE_1_addr" [../src/gaussian_blur.cpp:93]   --->   Operation 48 'load' 'p_ZN12_GLOBAL_N_110lineBufferE_1_load_2' <Predicate = (!icmp_ln64 & trunc_ln64)> <Delay = 1.23> <CoreInst = "RAM">   --->   Core 82 'RAM' <Latency = 1> <II = 1> <Delay = 1.23> <Storage> <Opcode : 'load' 'store'> <Ports = 2> <Width = 8> <Depth = 1280> <RAM>
ST_2 : Operation 49 [1/1] (0.77ns)   --->   "%add_ln89_2 = add i9 %column, i9 1" [../src/gaussian_blur.cpp:89]   --->   Operation 49 'add' 'add_ln89_2' <Predicate = (!icmp_ln64)> <Delay = 0.77> <CoreInst = "Adder">   --->   Core 1 'Adder' <Latency = 0> <II = 1> <Delay = 0.77> <FuncUnit> <Opcode : 'add' 'sub'> <InPorts = 2> <OutPorts = 1>
ST_2 : Operation 50 [1/1] (0.00ns)   --->   "%lshr_ln93_2 = partselect i8 @_ssdm_op_PartSelect.i8.i9.i32.i32, i9 %add_ln89_2, i32 1, i32 8" [../src/gaussian_blur.cpp:93]   --->   Operation 50 'partselect' 'lshr_ln93_2' <Predicate = (!icmp_ln64)> <Delay = 0.00>
ST_2 : Operation 51 [1/1] (0.00ns)   --->   "%tmp_44 = bitconcatenate i11 @_ssdm_op_BitConcatenate.i11.i3.i8, i3 %select_ln22_read, i8 %lshr_ln93_2" [../src/gaussian_blur.cpp:93]   --->   Operation 51 'bitconcatenate' 'tmp_44' <Predicate = (!icmp_ln64)> <Delay = 0.00>
ST_2 : Operation 52 [1/1] (0.00ns)   --->   "%zext_ln93_22 = zext i11 %tmp_44" [../src/gaussian_blur.cpp:93]   --->   Operation 52 'zext' 'zext_ln93_22' <Predicate = (!icmp_ln64)> <Delay = 0.00>
ST_2 : Operation 53 [1/1] (0.00ns)   --->   "%p_ZN12_GLOBAL_N_110lineBufferE_0_addr_4 = getelementptr i8 %p_ZN12_GLOBAL_N_110lineBufferE_0, i64 0, i64 %zext_ln93_22" [../src/gaussian_blur.cpp:93]   --->   Operation 53 'getelementptr' 'p_ZN12_GLOBAL_N_110lineBufferE_0_addr_4' <Predicate = (!icmp_ln64 & trunc_ln64)> <Delay = 0.00>
ST_2 : Operation 54 [1/1] (0.00ns)   --->   "%p_ZN12_GLOBAL_N_110lineBufferE_1_addr_4 = getelementptr i8 %p_ZN12_GLOBAL_N_110lineBufferE_1, i64 0, i64 %zext_ln93_22" [../src/gaussian_blur.cpp:93]   --->   Operation 54 'getelementptr' 'p_ZN12_GLOBAL_N_110lineBufferE_1_addr_4' <Predicate = (!icmp_ln64 & !trunc_ln64)> <Delay = 0.00>
ST_2 : Operation 55 [2/2] (1.23ns)   --->   "%p_ZN12_GLOBAL_N_110lineBufferE_0_load_3 = load i11 %p_ZN12_GLOBAL_N_110lineBufferE_0_addr_4" [../src/gaussian_blur.cpp:93]   --->   Operation 55 'load' 'p_ZN12_GLOBAL_N_110lineBufferE_0_load_3' <Predicate = (!icmp_ln64 & trunc_ln64)> <Delay = 1.23> <CoreInst = "RAM">   --->   Core 82 'RAM' <Latency = 1> <II = 1> <Delay = 1.23> <Storage> <Opcode : 'load' 'store'> <Ports = 2> <Width = 8> <Depth = 1280> <RAM>
ST_2 : Operation 56 [2/2] (1.23ns)   --->   "%p_ZN12_GLOBAL_N_110lineBufferE_1_load_3 = load i11 %p_ZN12_GLOBAL_N_110lineBufferE_1_addr_4" [../src/gaussian_blur.cpp:93]   --->   Operation 56 'load' 'p_ZN12_GLOBAL_N_110lineBufferE_1_load_3' <Predicate = (!icmp_ln64 & !trunc_ln64)> <Delay = 1.23> <CoreInst = "RAM">   --->   Core 82 'RAM' <Latency = 1> <II = 1> <Delay = 1.23> <Storage> <Opcode : 'load' 'store'> <Ports = 2> <Width = 8> <Depth = 1280> <RAM>
ST_2 : Operation 57 [1/1] (0.42ns)   --->   "%store_ln64 = store i9 %add_ln89_2, i9 %column_4" [../src/gaussian_blur.cpp:64]   --->   Operation 57 'store' 'store_ln64' <Predicate = (!icmp_ln64)> <Delay = 0.42>

State 3 <SV = 2> <Delay = 2.39>
ST_3 : Operation 58 [1/1] (0.00ns)   --->   "%tmp_35 = bitconcatenate i11 @_ssdm_op_BitConcatenate.i11.i3.i8, i3 %result_15_read, i8 %lshr_ln3" [../src/gaussian_blur.cpp:93]   --->   Operation 58 'bitconcatenate' 'tmp_35' <Predicate = (!icmp_ln64)> <Delay = 0.00>
ST_3 : Operation 59 [1/1] (0.00ns)   --->   "%zext_ln93_6 = zext i11 %tmp_35" [../src/gaussian_blur.cpp:93]   --->   Operation 59 'zext' 'zext_ln93_6' <Predicate = (!icmp_ln64)> <Delay = 0.00>
ST_3 : Operation 60 [1/1] (0.00ns)   --->   "%p_ZN12_GLOBAL_N_110lineBufferE_0_addr_6 = getelementptr i8 %p_ZN12_GLOBAL_N_110lineBufferE_0, i64 0, i64 %zext_ln93_6" [../src/gaussian_blur.cpp:93]   --->   Operation 60 'getelementptr' 'p_ZN12_GLOBAL_N_110lineBufferE_0_addr_6' <Predicate = (!icmp_ln64 & !trunc_ln64)> <Delay = 0.00>
ST_3 : Operation 61 [1/1] (0.00ns)   --->   "%p_ZN12_GLOBAL_N_110lineBufferE_1_addr_6 = getelementptr i8 %p_ZN12_GLOBAL_N_110lineBufferE_1, i64 0, i64 %zext_ln93_6" [../src/gaussian_blur.cpp:93]   --->   Operation 61 'getelementptr' 'p_ZN12_GLOBAL_N_110lineBufferE_1_addr_6' <Predicate = (!icmp_ln64 & trunc_ln64)> <Delay = 0.00>
ST_3 : Operation 62 [1/2] ( I:1.23ns O:1.23ns )   --->   "%p_ZN12_GLOBAL_N_110lineBufferE_0_load = load i11 %p_ZN12_GLOBAL_N_110lineBufferE_0_addr_1" [../src/gaussian_blur.cpp:93]   --->   Operation 62 'load' 'p_ZN12_GLOBAL_N_110lineBufferE_0_load' <Predicate = (!icmp_ln64 & !trunc_ln64)> <Delay = 1.23> <CoreInst = "RAM">   --->   Core 82 'RAM' <Latency = 1> <II = 1> <Delay = 1.23> <Storage> <Opcode : 'load' 'store'> <Ports = 2> <Width = 8> <Depth = 1280> <RAM>
ST_3 : Operation 63 [1/2] ( I:1.23ns O:1.23ns )   --->   "%p_ZN12_GLOBAL_N_110lineBufferE_1_load = load i11 %p_ZN12_GLOBAL_N_110lineBufferE_1_addr_1" [../src/gaussian_blur.cpp:93]   --->   Operation 63 'load' 'p_ZN12_GLOBAL_N_110lineBufferE_1_load' <Predicate = (!icmp_ln64 & trunc_ln64)> <Delay = 1.23> <CoreInst = "RAM">   --->   Core 82 'RAM' <Latency = 1> <II = 1> <Delay = 1.23> <Storage> <Opcode : 'load' 'store'> <Ports = 2> <Width = 8> <Depth = 1280> <RAM>
ST_3 : Operation 64 [1/1] (0.39ns)   --->   "%sum = select i1 %trunc_ln64, i8 %p_ZN12_GLOBAL_N_110lineBufferE_1_load, i8 %p_ZN12_GLOBAL_N_110lineBufferE_0_load" [../src/gaussian_blur.cpp:93]   --->   Operation 64 'select' 'sum' <Predicate = (!icmp_ln64)> <Delay = 0.39> <CoreInst = "Sel">   --->   Core 73 'Sel' <Latency = 0> <II = 1> <Delay = 0.39> <FuncUnit> <Opcode : 'select'> <InPorts = 3> <OutPorts = 1>
ST_3 : Operation 65 [1/1] (0.00ns)   --->   "%tmp_40 = bitconcatenate i11 @_ssdm_op_BitConcatenate.i11.i3.i8, i3 %result_15_read, i8 %lshr_ln93_1" [../src/gaussian_blur.cpp:93]   --->   Operation 65 'bitconcatenate' 'tmp_40' <Predicate = (!icmp_ln64)> <Delay = 0.00>
ST_3 : Operation 66 [1/1] (0.00ns)   --->   "%zext_ln93_18 = zext i11 %tmp_40" [../src/gaussian_blur.cpp:93]   --->   Operation 66 'zext' 'zext_ln93_18' <Predicate = (!icmp_ln64)> <Delay = 0.00>
ST_3 : Operation 67 [1/1] (0.00ns)   --->   "%p_ZN12_GLOBAL_N_110lineBufferE_0_addr_7 = getelementptr i8 %p_ZN12_GLOBAL_N_110lineBufferE_0, i64 0, i64 %zext_ln93_18" [../src/gaussian_blur.cpp:93]   --->   Operation 67 'getelementptr' 'p_ZN12_GLOBAL_N_110lineBufferE_0_addr_7' <Predicate = (!icmp_ln64 & trunc_ln64)> <Delay = 0.00>
ST_3 : Operation 68 [1/1] (0.00ns)   --->   "%p_ZN12_GLOBAL_N_110lineBufferE_1_addr_7 = getelementptr i8 %p_ZN12_GLOBAL_N_110lineBufferE_1, i64 0, i64 %zext_ln93_18" [../src/gaussian_blur.cpp:93]   --->   Operation 68 'getelementptr' 'p_ZN12_GLOBAL_N_110lineBufferE_1_addr_7' <Predicate = (!icmp_ln64 & !trunc_ln64)> <Delay = 0.00>
ST_3 : Operation 69 [1/2] ( I:1.23ns O:1.23ns )   --->   "%p_ZN12_GLOBAL_N_110lineBufferE_0_load_1 = load i11 %p_ZN12_GLOBAL_N_110lineBufferE_0_addr_2" [../src/gaussian_blur.cpp:93]   --->   Operation 69 'load' 'p_ZN12_GLOBAL_N_110lineBufferE_0_load_1' <Predicate = (!icmp_ln64 & trunc_ln64)> <Delay = 1.23> <CoreInst = "RAM">   --->   Core 82 'RAM' <Latency = 1> <II = 1> <Delay = 1.23> <Storage> <Opcode : 'load' 'store'> <Ports = 2> <Width = 8> <Depth = 1280> <RAM>
ST_3 : Operation 70 [1/2] ( I:1.23ns O:1.23ns )   --->   "%p_ZN12_GLOBAL_N_110lineBufferE_1_load_1 = load i11 %p_ZN12_GLOBAL_N_110lineBufferE_1_addr_2" [../src/gaussian_blur.cpp:93]   --->   Operation 70 'load' 'p_ZN12_GLOBAL_N_110lineBufferE_1_load_1' <Predicate = (!icmp_ln64 & !trunc_ln64)> <Delay = 1.23> <CoreInst = "RAM">   --->   Core 82 'RAM' <Latency = 1> <II = 1> <Delay = 1.23> <Storage> <Opcode : 'load' 'store'> <Ports = 2> <Width = 8> <Depth = 1280> <RAM>
ST_3 : Operation 71 [1/1] (0.39ns)   --->   "%select_ln93 = select i1 %trunc_ln64, i8 %p_ZN12_GLOBAL_N_110lineBufferE_0_load_1, i8 %p_ZN12_GLOBAL_N_110lineBufferE_1_load_1" [../src/gaussian_blur.cpp:93]   --->   Operation 71 'select' 'select_ln93' <Predicate = (!icmp_ln64)> <Delay = 0.39> <CoreInst = "Sel">   --->   Core 73 'Sel' <Latency = 0> <II = 1> <Delay = 0.39> <FuncUnit> <Opcode : 'select'> <InPorts = 3> <OutPorts = 1>
ST_3 : Operation 72 [1/2] ( I:1.23ns O:1.23ns )   --->   "%p_ZN12_GLOBAL_N_110lineBufferE_0_load_2 = load i11 %p_ZN12_GLOBAL_N_110lineBufferE_0_addr" [../src/gaussian_blur.cpp:93]   --->   Operation 72 'load' 'p_ZN12_GLOBAL_N_110lineBufferE_0_load_2' <Predicate = (!icmp_ln64 & !trunc_ln64)> <Delay = 1.23> <CoreInst = "RAM">   --->   Core 82 'RAM' <Latency = 1> <II = 1> <Delay = 1.23> <Storage> <Opcode : 'load' 'store'> <Ports = 2> <Width = 8> <Depth = 1280> <RAM>
ST_3 : Operation 73 [1/2] ( I:1.23ns O:1.23ns )   --->   "%p_ZN12_GLOBAL_N_110lineBufferE_1_load_2 = load i11 %p_ZN12_GLOBAL_N_110lineBufferE_1_addr" [../src/gaussian_blur.cpp:93]   --->   Operation 73 'load' 'p_ZN12_GLOBAL_N_110lineBufferE_1_load_2' <Predicate = (!icmp_ln64 & trunc_ln64)> <Delay = 1.23> <CoreInst = "RAM">   --->   Core 82 'RAM' <Latency = 1> <II = 1> <Delay = 1.23> <Storage> <Opcode : 'load' 'store'> <Ports = 2> <Width = 8> <Depth = 1280> <RAM>
ST_3 : Operation 74 [1/1] (0.39ns)   --->   "%select_ln93_1 = select i1 %trunc_ln64, i8 %p_ZN12_GLOBAL_N_110lineBufferE_1_load_2, i8 %p_ZN12_GLOBAL_N_110lineBufferE_0_load_2" [../src/gaussian_blur.cpp:93]   --->   Operation 74 'select' 'select_ln93_1' <Predicate = (!icmp_ln64)> <Delay = 0.39> <CoreInst = "Sel">   --->   Core 73 'Sel' <Latency = 0> <II = 1> <Delay = 0.39> <FuncUnit> <Opcode : 'select'> <InPorts = 3> <OutPorts = 1>
ST_3 : Operation 75 [1/1] (0.00ns)   --->   "%tmp_45 = bitconcatenate i11 @_ssdm_op_BitConcatenate.i11.i3.i8, i3 %result_15_read, i8 %lshr_ln93_2" [../src/gaussian_blur.cpp:93]   --->   Operation 75 'bitconcatenate' 'tmp_45' <Predicate = (!icmp_ln64)> <Delay = 0.00>
ST_3 : Operation 76 [1/1] (0.00ns)   --->   "%zext_ln93_23 = zext i11 %tmp_45" [../src/gaussian_blur.cpp:93]   --->   Operation 76 'zext' 'zext_ln93_23' <Predicate = (!icmp_ln64)> <Delay = 0.00>
ST_3 : Operation 77 [1/1] (0.00ns)   --->   "%p_ZN12_GLOBAL_N_110lineBufferE_0_addr_9 = getelementptr i8 %p_ZN12_GLOBAL_N_110lineBufferE_0, i64 0, i64 %zext_ln93_23" [../src/gaussian_blur.cpp:93]   --->   Operation 77 'getelementptr' 'p_ZN12_GLOBAL_N_110lineBufferE_0_addr_9' <Predicate = (!icmp_ln64 & trunc_ln64)> <Delay = 0.00>
ST_3 : Operation 78 [1/1] (0.00ns)   --->   "%p_ZN12_GLOBAL_N_110lineBufferE_1_addr_9 = getelementptr i8 %p_ZN12_GLOBAL_N_110lineBufferE_1, i64 0, i64 %zext_ln93_23" [../src/gaussian_blur.cpp:93]   --->   Operation 78 'getelementptr' 'p_ZN12_GLOBAL_N_110lineBufferE_1_addr_9' <Predicate = (!icmp_ln64 & !trunc_ln64)> <Delay = 0.00>
ST_3 : Operation 79 [1/2] ( I:1.23ns O:1.23ns )   --->   "%p_ZN12_GLOBAL_N_110lineBufferE_0_load_3 = load i11 %p_ZN12_GLOBAL_N_110lineBufferE_0_addr_4" [../src/gaussian_blur.cpp:93]   --->   Operation 79 'load' 'p_ZN12_GLOBAL_N_110lineBufferE_0_load_3' <Predicate = (!icmp_ln64 & trunc_ln64)> <Delay = 1.23> <CoreInst = "RAM">   --->   Core 82 'RAM' <Latency = 1> <II = 1> <Delay = 1.23> <Storage> <Opcode : 'load' 'store'> <Ports = 2> <Width = 8> <Depth = 1280> <RAM>
ST_3 : Operation 80 [1/2] ( I:1.23ns O:1.23ns )   --->   "%p_ZN12_GLOBAL_N_110lineBufferE_1_load_3 = load i11 %p_ZN12_GLOBAL_N_110lineBufferE_1_addr_4" [../src/gaussian_blur.cpp:93]   --->   Operation 80 'load' 'p_ZN12_GLOBAL_N_110lineBufferE_1_load_3' <Predicate = (!icmp_ln64 & !trunc_ln64)> <Delay = 1.23> <CoreInst = "RAM">   --->   Core 82 'RAM' <Latency = 1> <II = 1> <Delay = 1.23> <Storage> <Opcode : 'load' 'store'> <Ports = 2> <Width = 8> <Depth = 1280> <RAM>
ST_3 : Operation 81 [1/1] (0.39ns)   --->   "%select_ln93_2 = select i1 %trunc_ln64, i8 %p_ZN12_GLOBAL_N_110lineBufferE_0_load_3, i8 %p_ZN12_GLOBAL_N_110lineBufferE_1_load_3" [../src/gaussian_blur.cpp:93]   --->   Operation 81 'select' 'select_ln93_2' <Predicate = (!icmp_ln64)> <Delay = 0.39> <CoreInst = "Sel">   --->   Core 73 'Sel' <Latency = 0> <II = 1> <Delay = 0.39> <FuncUnit> <Opcode : 'select'> <InPorts = 3> <OutPorts = 1>
ST_3 : Operation 82 [1/1] (0.76ns)   --->   "%add_ln93 = add i8 %lshr_ln, i8 1" [../src/gaussian_blur.cpp:93]   --->   Operation 82 'add' 'add_ln93' <Predicate = (!icmp_ln64)> <Delay = 0.76> <CoreInst = "Adder">   --->   Core 1 'Adder' <Latency = 0> <II = 1> <Delay = 0.76> <FuncUnit> <Opcode : 'add' 'sub'> <InPorts = 2> <OutPorts = 1>
ST_3 : Operation 83 [1/1] (0.00ns)   --->   "%tmp_49 = bitconcatenate i11 @_ssdm_op_BitConcatenate.i11.i3.i8, i3 %select_ln22_read, i8 %add_ln93" [../src/gaussian_blur.cpp:93]   --->   Operation 83 'bitconcatenate' 'tmp_49' <Predicate = (!icmp_ln64)> <Delay = 0.00>
ST_3 : Operation 84 [1/1] (0.00ns)   --->   "%zext_ln93_27 = zext i11 %tmp_49" [../src/gaussian_blur.cpp:93]   --->   Operation 84 'zext' 'zext_ln93_27' <Predicate = (!icmp_ln64)> <Delay = 0.00>
ST_3 : Operation 85 [1/1] (0.00ns)   --->   "%p_ZN12_GLOBAL_N_110lineBufferE_0_addr_5 = getelementptr i8 %p_ZN12_GLOBAL_N_110lineBufferE_0, i64 0, i64 %zext_ln93_27" [../src/gaussian_blur.cpp:93]   --->   Operation 85 'getelementptr' 'p_ZN12_GLOBAL_N_110lineBufferE_0_addr_5' <Predicate = (!icmp_ln64 & !trunc_ln64)> <Delay = 0.00>
ST_3 : Operation 86 [1/1] (0.00ns)   --->   "%p_ZN12_GLOBAL_N_110lineBufferE_1_addr_5 = getelementptr i8 %p_ZN12_GLOBAL_N_110lineBufferE_1, i64 0, i64 %zext_ln93_27" [../src/gaussian_blur.cpp:93]   --->   Operation 86 'getelementptr' 'p_ZN12_GLOBAL_N_110lineBufferE_1_addr_5' <Predicate = (!icmp_ln64 & trunc_ln64)> <Delay = 0.00>
ST_3 : Operation 87 [2/2] (1.23ns)   --->   "%p_ZN12_GLOBAL_N_110lineBufferE_0_load_4 = load i11 %p_ZN12_GLOBAL_N_110lineBufferE_0_addr_5" [../src/gaussian_blur.cpp:93]   --->   Operation 87 'load' 'p_ZN12_GLOBAL_N_110lineBufferE_0_load_4' <Predicate = (!icmp_ln64 & !trunc_ln64)> <Delay = 1.23> <CoreInst = "RAM">   --->   Core 82 'RAM' <Latency = 1> <II = 1> <Delay = 1.23> <Storage> <Opcode : 'load' 'store'> <Ports = 2> <Width = 8> <Depth = 1280> <RAM>
ST_3 : Operation 88 [2/2] (1.23ns)   --->   "%p_ZN12_GLOBAL_N_110lineBufferE_1_load_4 = load i11 %p_ZN12_GLOBAL_N_110lineBufferE_1_addr_5" [../src/gaussian_blur.cpp:93]   --->   Operation 88 'load' 'p_ZN12_GLOBAL_N_110lineBufferE_1_load_4' <Predicate = (!icmp_ln64 & trunc_ln64)> <Delay = 1.23> <CoreInst = "RAM">   --->   Core 82 'RAM' <Latency = 1> <II = 1> <Delay = 1.23> <Storage> <Opcode : 'load' 'store'> <Ports = 2> <Width = 8> <Depth = 1280> <RAM>
ST_3 : Operation 89 [2/2] (1.23ns)   --->   "%p_ZN12_GLOBAL_N_110lineBufferE_0_load_5 = load i11 %p_ZN12_GLOBAL_N_110lineBufferE_0_addr_6" [../src/gaussian_blur.cpp:93]   --->   Operation 89 'load' 'p_ZN12_GLOBAL_N_110lineBufferE_0_load_5' <Predicate = (!icmp_ln64 & !trunc_ln64)> <Delay = 1.23> <CoreInst = "RAM">   --->   Core 82 'RAM' <Latency = 1> <II = 1> <Delay = 1.23> <Storage> <Opcode : 'load' 'store'> <Ports = 2> <Width = 8> <Depth = 1280> <RAM>
ST_3 : Operation 90 [2/2] (1.23ns)   --->   "%p_ZN12_GLOBAL_N_110lineBufferE_1_load_5 = load i11 %p_ZN12_GLOBAL_N_110lineBufferE_1_addr_6" [../src/gaussian_blur.cpp:93]   --->   Operation 90 'load' 'p_ZN12_GLOBAL_N_110lineBufferE_1_load_5' <Predicate = (!icmp_ln64 & trunc_ln64)> <Delay = 1.23> <CoreInst = "RAM">   --->   Core 82 'RAM' <Latency = 1> <II = 1> <Delay = 1.23> <Storage> <Opcode : 'load' 'store'> <Ports = 2> <Width = 8> <Depth = 1280> <RAM>
ST_3 : Operation 91 [2/2] (1.23ns)   --->   "%p_ZN12_GLOBAL_N_110lineBufferE_0_load_6 = load i11 %p_ZN12_GLOBAL_N_110lineBufferE_0_addr_7" [../src/gaussian_blur.cpp:93]   --->   Operation 91 'load' 'p_ZN12_GLOBAL_N_110lineBufferE_0_load_6' <Predicate = (!icmp_ln64 & trunc_ln64)> <Delay = 1.23> <CoreInst = "RAM">   --->   Core 82 'RAM' <Latency = 1> <II = 1> <Delay = 1.23> <Storage> <Opcode : 'load' 'store'> <Ports = 2> <Width = 8> <Depth = 1280> <RAM>
ST_3 : Operation 92 [2/2] (1.23ns)   --->   "%p_ZN12_GLOBAL_N_110lineBufferE_1_load_6 = load i11 %p_ZN12_GLOBAL_N_110lineBufferE_1_addr_7" [../src/gaussian_blur.cpp:93]   --->   Operation 92 'load' 'p_ZN12_GLOBAL_N_110lineBufferE_1_load_6' <Predicate = (!icmp_ln64 & !trunc_ln64)> <Delay = 1.23> <CoreInst = "RAM">   --->   Core 82 'RAM' <Latency = 1> <II = 1> <Delay = 1.23> <Storage> <Opcode : 'load' 'store'> <Ports = 2> <Width = 8> <Depth = 1280> <RAM>
ST_3 : Operation 93 [2/2] (1.23ns)   --->   "%p_ZN12_GLOBAL_N_110lineBufferE_0_load_8 = load i11 %p_ZN12_GLOBAL_N_110lineBufferE_0_addr_9" [../src/gaussian_blur.cpp:93]   --->   Operation 93 'load' 'p_ZN12_GLOBAL_N_110lineBufferE_0_load_8' <Predicate = (!icmp_ln64 & trunc_ln64)> <Delay = 1.23> <CoreInst = "RAM">   --->   Core 82 'RAM' <Latency = 1> <II = 1> <Delay = 1.23> <Storage> <Opcode : 'load' 'store'> <Ports = 2> <Width = 8> <Depth = 1280> <RAM>
ST_3 : Operation 94 [2/2] (1.23ns)   --->   "%p_ZN12_GLOBAL_N_110lineBufferE_1_load_8 = load i11 %p_ZN12_GLOBAL_N_110lineBufferE_1_addr_9" [../src/gaussian_blur.cpp:93]   --->   Operation 94 'load' 'p_ZN12_GLOBAL_N_110lineBufferE_1_load_8' <Predicate = (!icmp_ln64 & !trunc_ln64)> <Delay = 1.23> <CoreInst = "RAM">   --->   Core 82 'RAM' <Latency = 1> <II = 1> <Delay = 1.23> <Storage> <Opcode : 'load' 'store'> <Ports = 2> <Width = 8> <Depth = 1280> <RAM>
ST_3 : Operation 95 [1/1] (0.00ns)   --->   "%select_ln93_1_cast = zext i8 %select_ln93" [../src/gaussian_blur.cpp:93]   --->   Operation 95 'zext' 'select_ln93_1_cast' <Predicate = (!icmp_ln64)> <Delay = 0.00>
ST_3 : Operation 96 [1/1] (0.00ns)   --->   "%select_ln93_3_cast = zext i8 %select_ln93_2" [../src/gaussian_blur.cpp:93]   --->   Operation 96 'zext' 'select_ln93_3_cast' <Predicate = (!icmp_ln64)> <Delay = 0.00>
ST_3 : Operation 97 [1/1] (0.76ns)   --->   "%empty = add i9 %select_ln93_3_cast, i9 %select_ln93_1_cast" [../src/gaussian_blur.cpp:93]   --->   Operation 97 'add' 'empty' <Predicate = (!icmp_ln64)> <Delay = 0.76> <CoreInst = "Adder">   --->   Core 1 'Adder' <Latency = 0> <II = 1> <Delay = 0.77> <FuncUnit> <Opcode : 'add' 'sub'> <InPorts = 2> <OutPorts = 1>
ST_3 : Operation 351 [1/1] (0.42ns)   --->   "%ret_ln0 = ret"   --->   Operation 351 'ret' 'ret_ln0' <Predicate = (icmp_ln64)> <Delay = 0.42>

State 4 <SV = 3> <Delay = 2.39>
ST_4 : Operation 98 [1/1] (0.00ns)   --->   "%tmp_30 = bitconcatenate i11 @_ssdm_op_BitConcatenate.i11.i3.i8, i3 %result_15_read, i8 %lshr_ln" [../src/gaussian_blur.cpp:93]   --->   Operation 98 'bitconcatenate' 'tmp_30' <Predicate = (!icmp_ln64)> <Delay = 0.00>
ST_4 : Operation 99 [1/1] (0.00ns)   --->   "%zext_ln93_1 = zext i11 %tmp_30" [../src/gaussian_blur.cpp:93]   --->   Operation 99 'zext' 'zext_ln93_1' <Predicate = (!icmp_ln64)> <Delay = 0.00>
ST_4 : Operation 100 [1/1] (0.00ns)   --->   "%p_ZN12_GLOBAL_N_110lineBufferE_0_addr_3 = getelementptr i8 %p_ZN12_GLOBAL_N_110lineBufferE_0, i64 0, i64 %zext_ln93_1" [../src/gaussian_blur.cpp:93]   --->   Operation 100 'getelementptr' 'p_ZN12_GLOBAL_N_110lineBufferE_0_addr_3' <Predicate = (!icmp_ln64 & !trunc_ln64)> <Delay = 0.00>
ST_4 : Operation 101 [1/1] (0.00ns)   --->   "%p_ZN12_GLOBAL_N_110lineBufferE_1_addr_3 = getelementptr i8 %p_ZN12_GLOBAL_N_110lineBufferE_1, i64 0, i64 %zext_ln93_1" [../src/gaussian_blur.cpp:93]   --->   Operation 101 'getelementptr' 'p_ZN12_GLOBAL_N_110lineBufferE_1_addr_3' <Predicate = (!icmp_ln64 & trunc_ln64)> <Delay = 0.00>
ST_4 : Operation 102 [1/1] (0.00ns)   --->   "%zext_ln65 = zext i8 %sum" [../src/gaussian_blur.cpp:65]   --->   Operation 102 'zext' 'zext_ln65' <Predicate = (!icmp_ln64)> <Delay = 0.00>
ST_4 : Operation 103 [1/1] (0.00ns)   --->   "%tmp_41 = bitconcatenate i11 @_ssdm_op_BitConcatenate.i11.i3.i8, i3 %select_ln22_1_read, i8 %lshr_ln93_1" [../src/gaussian_blur.cpp:93]   --->   Operation 103 'bitconcatenate' 'tmp_41' <Predicate = (!icmp_ln64)> <Delay = 0.00>
ST_4 : Operation 104 [1/1] (0.00ns)   --->   "%zext_ln93_19 = zext i11 %tmp_41" [../src/gaussian_blur.cpp:93]   --->   Operation 104 'zext' 'zext_ln93_19' <Predicate = (!icmp_ln64)> <Delay = 0.00>
ST_4 : Operation 105 [1/1] (0.00ns)   --->   "%p_ZN12_GLOBAL_N_110lineBufferE_0_addr_12 = getelementptr i8 %p_ZN12_GLOBAL_N_110lineBufferE_0, i64 0, i64 %zext_ln93_19" [../src/gaussian_blur.cpp:93]   --->   Operation 105 'getelementptr' 'p_ZN12_GLOBAL_N_110lineBufferE_0_addr_12' <Predicate = (!icmp_ln64 & trunc_ln64)> <Delay = 0.00>
ST_4 : Operation 106 [1/1] (0.00ns)   --->   "%p_ZN12_GLOBAL_N_110lineBufferE_1_addr_12 = getelementptr i8 %p_ZN12_GLOBAL_N_110lineBufferE_1, i64 0, i64 %zext_ln93_19" [../src/gaussian_blur.cpp:93]   --->   Operation 106 'getelementptr' 'p_ZN12_GLOBAL_N_110lineBufferE_1_addr_12' <Predicate = (!icmp_ln64 & !trunc_ln64)> <Delay = 0.00>
ST_4 : Operation 107 [1/1] (0.00ns)   --->   "%tmp_46 = bitconcatenate i11 @_ssdm_op_BitConcatenate.i11.i3.i8, i3 %select_ln22_1_read, i8 %lshr_ln93_2" [../src/gaussian_blur.cpp:93]   --->   Operation 107 'bitconcatenate' 'tmp_46' <Predicate = (!icmp_ln64)> <Delay = 0.00>
ST_4 : Operation 108 [1/1] (0.00ns)   --->   "%zext_ln93_24 = zext i11 %tmp_46" [../src/gaussian_blur.cpp:93]   --->   Operation 108 'zext' 'zext_ln93_24' <Predicate = (!icmp_ln64)> <Delay = 0.00>
ST_4 : Operation 109 [1/1] (0.00ns)   --->   "%p_ZN12_GLOBAL_N_110lineBufferE_0_addr_14 = getelementptr i8 %p_ZN12_GLOBAL_N_110lineBufferE_0, i64 0, i64 %zext_ln93_24" [../src/gaussian_blur.cpp:93]   --->   Operation 109 'getelementptr' 'p_ZN12_GLOBAL_N_110lineBufferE_0_addr_14' <Predicate = (!icmp_ln64 & trunc_ln64)> <Delay = 0.00>
ST_4 : Operation 110 [1/1] (0.00ns)   --->   "%p_ZN12_GLOBAL_N_110lineBufferE_1_addr_14 = getelementptr i8 %p_ZN12_GLOBAL_N_110lineBufferE_1, i64 0, i64 %zext_ln93_24" [../src/gaussian_blur.cpp:93]   --->   Operation 110 'getelementptr' 'p_ZN12_GLOBAL_N_110lineBufferE_1_addr_14' <Predicate = (!icmp_ln64 & !trunc_ln64)> <Delay = 0.00>
ST_4 : Operation 111 [1/1] (0.00ns)   --->   "%tmp_50 = bitconcatenate i11 @_ssdm_op_BitConcatenate.i11.i3.i8, i3 %result_15_read, i8 %add_ln93" [../src/gaussian_blur.cpp:93]   --->   Operation 111 'bitconcatenate' 'tmp_50' <Predicate = (!icmp_ln64)> <Delay = 0.00>
ST_4 : Operation 112 [1/1] (0.00ns)   --->   "%zext_ln93_28 = zext i11 %tmp_50" [../src/gaussian_blur.cpp:93]   --->   Operation 112 'zext' 'zext_ln93_28' <Predicate = (!icmp_ln64)> <Delay = 0.00>
ST_4 : Operation 113 [1/1] (0.00ns)   --->   "%p_ZN12_GLOBAL_N_110lineBufferE_0_addr_10 = getelementptr i8 %p_ZN12_GLOBAL_N_110lineBufferE_0, i64 0, i64 %zext_ln93_28" [../src/gaussian_blur.cpp:93]   --->   Operation 113 'getelementptr' 'p_ZN12_GLOBAL_N_110lineBufferE_0_addr_10' <Predicate = (!icmp_ln64 & !trunc_ln64)> <Delay = 0.00>
ST_4 : Operation 114 [1/1] (0.00ns)   --->   "%p_ZN12_GLOBAL_N_110lineBufferE_1_addr_10 = getelementptr i8 %p_ZN12_GLOBAL_N_110lineBufferE_1, i64 0, i64 %zext_ln93_28" [../src/gaussian_blur.cpp:93]   --->   Operation 114 'getelementptr' 'p_ZN12_GLOBAL_N_110lineBufferE_1_addr_10' <Predicate = (!icmp_ln64 & trunc_ln64)> <Delay = 0.00>
ST_4 : Operation 115 [1/2] ( I:1.23ns O:1.23ns )   --->   "%p_ZN12_GLOBAL_N_110lineBufferE_0_load_4 = load i11 %p_ZN12_GLOBAL_N_110lineBufferE_0_addr_5" [../src/gaussian_blur.cpp:93]   --->   Operation 115 'load' 'p_ZN12_GLOBAL_N_110lineBufferE_0_load_4' <Predicate = (!icmp_ln64 & !trunc_ln64)> <Delay = 1.23> <CoreInst = "RAM">   --->   Core 82 'RAM' <Latency = 1> <II = 1> <Delay = 1.23> <Storage> <Opcode : 'load' 'store'> <Ports = 2> <Width = 8> <Depth = 1280> <RAM>
ST_4 : Operation 116 [1/2] ( I:1.23ns O:1.23ns )   --->   "%p_ZN12_GLOBAL_N_110lineBufferE_1_load_4 = load i11 %p_ZN12_GLOBAL_N_110lineBufferE_1_addr_5" [../src/gaussian_blur.cpp:93]   --->   Operation 116 'load' 'p_ZN12_GLOBAL_N_110lineBufferE_1_load_4' <Predicate = (!icmp_ln64 & trunc_ln64)> <Delay = 1.23> <CoreInst = "RAM">   --->   Core 82 'RAM' <Latency = 1> <II = 1> <Delay = 1.23> <Storage> <Opcode : 'load' 'store'> <Ports = 2> <Width = 8> <Depth = 1280> <RAM>
ST_4 : Operation 117 [1/1] (0.39ns)   --->   "%select_ln93_3 = select i1 %trunc_ln64, i8 %p_ZN12_GLOBAL_N_110lineBufferE_1_load_4, i8 %p_ZN12_GLOBAL_N_110lineBufferE_0_load_4" [../src/gaussian_blur.cpp:93]   --->   Operation 117 'select' 'select_ln93_3' <Predicate = (!icmp_ln64)> <Delay = 0.39> <CoreInst = "Sel">   --->   Core 73 'Sel' <Latency = 0> <II = 1> <Delay = 0.39> <FuncUnit> <Opcode : 'select'> <InPorts = 3> <OutPorts = 1>
ST_4 : Operation 118 [1/1] (0.00ns)   --->   "%zext_ln20 = zext i8 %select_ln93_3" [../src/gaussian_blur.cpp:20->../src/gaussian_blur.cpp:79]   --->   Operation 118 'zext' 'zext_ln20' <Predicate = (!icmp_ln64)> <Delay = 0.00>
ST_4 : Operation 119 [1/2] ( I:1.23ns O:1.23ns )   --->   "%p_ZN12_GLOBAL_N_110lineBufferE_0_load_5 = load i11 %p_ZN12_GLOBAL_N_110lineBufferE_0_addr_6" [../src/gaussian_blur.cpp:93]   --->   Operation 119 'load' 'p_ZN12_GLOBAL_N_110lineBufferE_0_load_5' <Predicate = (!icmp_ln64 & !trunc_ln64)> <Delay = 1.23> <CoreInst = "RAM">   --->   Core 82 'RAM' <Latency = 1> <II = 1> <Delay = 1.23> <Storage> <Opcode : 'load' 'store'> <Ports = 2> <Width = 8> <Depth = 1280> <RAM>
ST_4 : Operation 120 [1/2] ( I:1.23ns O:1.23ns )   --->   "%p_ZN12_GLOBAL_N_110lineBufferE_1_load_5 = load i11 %p_ZN12_GLOBAL_N_110lineBufferE_1_addr_6" [../src/gaussian_blur.cpp:93]   --->   Operation 120 'load' 'p_ZN12_GLOBAL_N_110lineBufferE_1_load_5' <Predicate = (!icmp_ln64 & trunc_ln64)> <Delay = 1.23> <CoreInst = "RAM">   --->   Core 82 'RAM' <Latency = 1> <II = 1> <Delay = 1.23> <Storage> <Opcode : 'load' 'store'> <Ports = 2> <Width = 8> <Depth = 1280> <RAM>
ST_4 : Operation 121 [1/1] (0.39ns)   --->   "%select_ln93_4 = select i1 %trunc_ln64, i8 %p_ZN12_GLOBAL_N_110lineBufferE_1_load_5, i8 %p_ZN12_GLOBAL_N_110lineBufferE_0_load_5" [../src/gaussian_blur.cpp:93]   --->   Operation 121 'select' 'select_ln93_4' <Predicate = (!icmp_ln64)> <Delay = 0.39> <CoreInst = "Sel">   --->   Core 73 'Sel' <Latency = 0> <II = 1> <Delay = 0.39> <FuncUnit> <Opcode : 'select'> <InPorts = 3> <OutPorts = 1>
ST_4 : Operation 122 [1/2] ( I:1.23ns O:1.23ns )   --->   "%p_ZN12_GLOBAL_N_110lineBufferE_0_load_6 = load i11 %p_ZN12_GLOBAL_N_110lineBufferE_0_addr_7" [../src/gaussian_blur.cpp:93]   --->   Operation 122 'load' 'p_ZN12_GLOBAL_N_110lineBufferE_0_load_6' <Predicate = (!icmp_ln64 & trunc_ln64)> <Delay = 1.23> <CoreInst = "RAM">   --->   Core 82 'RAM' <Latency = 1> <II = 1> <Delay = 1.23> <Storage> <Opcode : 'load' 'store'> <Ports = 2> <Width = 8> <Depth = 1280> <RAM>
ST_4 : Operation 123 [1/2] ( I:1.23ns O:1.23ns )   --->   "%p_ZN12_GLOBAL_N_110lineBufferE_1_load_6 = load i11 %p_ZN12_GLOBAL_N_110lineBufferE_1_addr_7" [../src/gaussian_blur.cpp:93]   --->   Operation 123 'load' 'p_ZN12_GLOBAL_N_110lineBufferE_1_load_6' <Predicate = (!icmp_ln64 & !trunc_ln64)> <Delay = 1.23> <CoreInst = "RAM">   --->   Core 82 'RAM' <Latency = 1> <II = 1> <Delay = 1.23> <Storage> <Opcode : 'load' 'store'> <Ports = 2> <Width = 8> <Depth = 1280> <RAM>
ST_4 : Operation 124 [1/1] (0.39ns)   --->   "%select_ln93_5 = select i1 %trunc_ln64, i8 %p_ZN12_GLOBAL_N_110lineBufferE_0_load_6, i8 %p_ZN12_GLOBAL_N_110lineBufferE_1_load_6" [../src/gaussian_blur.cpp:93]   --->   Operation 124 'select' 'select_ln93_5' <Predicate = (!icmp_ln64)> <Delay = 0.39> <CoreInst = "Sel">   --->   Core 73 'Sel' <Latency = 0> <II = 1> <Delay = 0.39> <FuncUnit> <Opcode : 'select'> <InPorts = 3> <OutPorts = 1>
ST_4 : Operation 125 [2/2] (1.23ns)   --->   "%p_ZN12_GLOBAL_N_110lineBufferE_0_load_7 = load i11 %p_ZN12_GLOBAL_N_110lineBufferE_0_addr_3" [../src/gaussian_blur.cpp:93]   --->   Operation 125 'load' 'p_ZN12_GLOBAL_N_110lineBufferE_0_load_7' <Predicate = (!icmp_ln64 & !trunc_ln64)> <Delay = 1.23> <CoreInst = "RAM">   --->   Core 82 'RAM' <Latency = 1> <II = 1> <Delay = 1.23> <Storage> <Opcode : 'load' 'store'> <Ports = 2> <Width = 8> <Depth = 1280> <RAM>
ST_4 : Operation 126 [2/2] (1.23ns)   --->   "%p_ZN12_GLOBAL_N_110lineBufferE_1_load_7 = load i11 %p_ZN12_GLOBAL_N_110lineBufferE_1_addr_3" [../src/gaussian_blur.cpp:93]   --->   Operation 126 'load' 'p_ZN12_GLOBAL_N_110lineBufferE_1_load_7' <Predicate = (!icmp_ln64 & trunc_ln64)> <Delay = 1.23> <CoreInst = "RAM">   --->   Core 82 'RAM' <Latency = 1> <II = 1> <Delay = 1.23> <Storage> <Opcode : 'load' 'store'> <Ports = 2> <Width = 8> <Depth = 1280> <RAM>
ST_4 : Operation 127 [1/2] ( I:1.23ns O:1.23ns )   --->   "%p_ZN12_GLOBAL_N_110lineBufferE_0_load_8 = load i11 %p_ZN12_GLOBAL_N_110lineBufferE_0_addr_9" [../src/gaussian_blur.cpp:93]   --->   Operation 127 'load' 'p_ZN12_GLOBAL_N_110lineBufferE_0_load_8' <Predicate = (!icmp_ln64 & trunc_ln64)> <Delay = 1.23> <CoreInst = "RAM">   --->   Core 82 'RAM' <Latency = 1> <II = 1> <Delay = 1.23> <Storage> <Opcode : 'load' 'store'> <Ports = 2> <Width = 8> <Depth = 1280> <RAM>
ST_4 : Operation 128 [1/2] ( I:1.23ns O:1.23ns )   --->   "%p_ZN12_GLOBAL_N_110lineBufferE_1_load_8 = load i11 %p_ZN12_GLOBAL_N_110lineBufferE_1_addr_9" [../src/gaussian_blur.cpp:93]   --->   Operation 128 'load' 'p_ZN12_GLOBAL_N_110lineBufferE_1_load_8' <Predicate = (!icmp_ln64 & !trunc_ln64)> <Delay = 1.23> <CoreInst = "RAM">   --->   Core 82 'RAM' <Latency = 1> <II = 1> <Delay = 1.23> <Storage> <Opcode : 'load' 'store'> <Ports = 2> <Width = 8> <Depth = 1280> <RAM>
ST_4 : Operation 129 [1/1] (0.39ns)   --->   "%select_ln93_7 = select i1 %trunc_ln64, i8 %p_ZN12_GLOBAL_N_110lineBufferE_0_load_8, i8 %p_ZN12_GLOBAL_N_110lineBufferE_1_load_8" [../src/gaussian_blur.cpp:93]   --->   Operation 129 'select' 'select_ln93_7' <Predicate = (!icmp_ln64)> <Delay = 0.39> <CoreInst = "Sel">   --->   Core 73 'Sel' <Latency = 0> <II = 1> <Delay = 0.39> <FuncUnit> <Opcode : 'select'> <InPorts = 3> <OutPorts = 1>
ST_4 : Operation 130 [2/2] (1.23ns)   --->   "%p_ZN12_GLOBAL_N_110lineBufferE_0_load_9 = load i11 %p_ZN12_GLOBAL_N_110lineBufferE_0_addr_10" [../src/gaussian_blur.cpp:93]   --->   Operation 130 'load' 'p_ZN12_GLOBAL_N_110lineBufferE_0_load_9' <Predicate = (!icmp_ln64 & !trunc_ln64)> <Delay = 1.23> <CoreInst = "RAM">   --->   Core 82 'RAM' <Latency = 1> <II = 1> <Delay = 1.23> <Storage> <Opcode : 'load' 'store'> <Ports = 2> <Width = 8> <Depth = 1280> <RAM>
ST_4 : Operation 131 [2/2] (1.23ns)   --->   "%p_ZN12_GLOBAL_N_110lineBufferE_1_load_9 = load i11 %p_ZN12_GLOBAL_N_110lineBufferE_1_addr_10" [../src/gaussian_blur.cpp:93]   --->   Operation 131 'load' 'p_ZN12_GLOBAL_N_110lineBufferE_1_load_9' <Predicate = (!icmp_ln64 & trunc_ln64)> <Delay = 1.23> <CoreInst = "RAM">   --->   Core 82 'RAM' <Latency = 1> <II = 1> <Delay = 1.23> <Storage> <Opcode : 'load' 'store'> <Ports = 2> <Width = 8> <Depth = 1280> <RAM>
ST_4 : Operation 132 [2/2] (1.23ns)   --->   "%p_ZN12_GLOBAL_N_110lineBufferE_0_load_11 = load i11 %p_ZN12_GLOBAL_N_110lineBufferE_0_addr_12" [../src/gaussian_blur.cpp:93]   --->   Operation 132 'load' 'p_ZN12_GLOBAL_N_110lineBufferE_0_load_11' <Predicate = (!icmp_ln64 & trunc_ln64)> <Delay = 1.23> <CoreInst = "RAM">   --->   Core 82 'RAM' <Latency = 1> <II = 1> <Delay = 1.23> <Storage> <Opcode : 'load' 'store'> <Ports = 2> <Width = 8> <Depth = 1280> <RAM>
ST_4 : Operation 133 [2/2] (1.23ns)   --->   "%p_ZN12_GLOBAL_N_110lineBufferE_1_load_11 = load i11 %p_ZN12_GLOBAL_N_110lineBufferE_1_addr_12" [../src/gaussian_blur.cpp:93]   --->   Operation 133 'load' 'p_ZN12_GLOBAL_N_110lineBufferE_1_load_11' <Predicate = (!icmp_ln64 & !trunc_ln64)> <Delay = 1.23> <CoreInst = "RAM">   --->   Core 82 'RAM' <Latency = 1> <II = 1> <Delay = 1.23> <Storage> <Opcode : 'load' 'store'> <Ports = 2> <Width = 8> <Depth = 1280> <RAM>
ST_4 : Operation 134 [2/2] (1.23ns)   --->   "%p_ZN12_GLOBAL_N_110lineBufferE_0_load_13 = load i11 %p_ZN12_GLOBAL_N_110lineBufferE_0_addr_14" [../src/gaussian_blur.cpp:93]   --->   Operation 134 'load' 'p_ZN12_GLOBAL_N_110lineBufferE_0_load_13' <Predicate = (!icmp_ln64 & trunc_ln64)> <Delay = 1.23> <CoreInst = "RAM">   --->   Core 82 'RAM' <Latency = 1> <II = 1> <Delay = 1.23> <Storage> <Opcode : 'load' 'store'> <Ports = 2> <Width = 8> <Depth = 1280> <RAM>
ST_4 : Operation 135 [2/2] (1.23ns)   --->   "%p_ZN12_GLOBAL_N_110lineBufferE_1_load_13 = load i11 %p_ZN12_GLOBAL_N_110lineBufferE_1_addr_14" [../src/gaussian_blur.cpp:93]   --->   Operation 135 'load' 'p_ZN12_GLOBAL_N_110lineBufferE_1_load_13' <Predicate = (!icmp_ln64 & !trunc_ln64)> <Delay = 1.23> <CoreInst = "RAM">   --->   Core 82 'RAM' <Latency = 1> <II = 1> <Delay = 1.23> <Storage> <Opcode : 'load' 'store'> <Ports = 2> <Width = 8> <Depth = 1280> <RAM>
ST_4 : Operation 136 [1/1] (0.00ns)   --->   "%select_ln93_6_cast = zext i8 %select_ln93_5" [../src/gaussian_blur.cpp:93]   --->   Operation 136 'zext' 'select_ln93_6_cast' <Predicate = (!icmp_ln64)> <Delay = 0.00>
ST_4 : Operation 137 [1/1] (0.00ns)   --->   "%select_ln93_8_cast = zext i8 %select_ln93_7" [../src/gaussian_blur.cpp:93]   --->   Operation 137 'zext' 'select_ln93_8_cast' <Predicate = (!icmp_ln64)> <Delay = 0.00>
ST_4 : Operation 138 [1/1] (0.76ns)   --->   "%empty_44 = add i9 %select_ln93_8_cast, i9 %select_ln93_6_cast" [../src/gaussian_blur.cpp:93]   --->   Operation 138 'add' 'empty_44' <Predicate = (!icmp_ln64)> <Delay = 0.76> <CoreInst = "Adder">   --->   Core 1 'Adder' <Latency = 0> <II = 1> <Delay = 0.77> <FuncUnit> <Opcode : 'add' 'sub'> <InPorts = 2> <OutPorts = 1>
ST_4 : Operation 139 [1/1] (0.76ns)   --->   "%add_ln91 = add i9 %zext_ln20, i9 %zext_ln65" [../src/gaussian_blur.cpp:91]   --->   Operation 139 'add' 'add_ln91' <Predicate = (!icmp_ln64)> <Delay = 0.76> <CoreInst = "Adder">   --->   Core 1 'Adder' <Latency = 0> <II = 1> <Delay = 0.77> <FuncUnit> <Opcode : 'add' 'sub'> <InPorts = 2> <OutPorts = 1>

State 5 <SV = 4> <Delay = 3.17>
ST_5 : Operation 140 [1/1] (0.00ns)   --->   "%tmp_31 = bitconcatenate i11 @_ssdm_op_BitConcatenate.i11.i3.i8, i3 %select_ln22_1_read, i8 %lshr_ln" [../src/gaussian_blur.cpp:93]   --->   Operation 140 'bitconcatenate' 'tmp_31' <Predicate = (!icmp_ln64)> <Delay = 0.00>
ST_5 : Operation 141 [1/1] (0.00ns)   --->   "%zext_ln93_2 = zext i11 %tmp_31" [../src/gaussian_blur.cpp:93]   --->   Operation 141 'zext' 'zext_ln93_2' <Predicate = (!icmp_ln64)> <Delay = 0.00>
ST_5 : Operation 142 [1/1] (0.00ns)   --->   "%p_ZN12_GLOBAL_N_110lineBufferE_0_addr_8 = getelementptr i8 %p_ZN12_GLOBAL_N_110lineBufferE_0, i64 0, i64 %zext_ln93_2" [../src/gaussian_blur.cpp:93]   --->   Operation 142 'getelementptr' 'p_ZN12_GLOBAL_N_110lineBufferE_0_addr_8' <Predicate = (!icmp_ln64 & !trunc_ln64)> <Delay = 0.00>
ST_5 : Operation 143 [1/1] (0.00ns)   --->   "%p_ZN12_GLOBAL_N_110lineBufferE_1_addr_8 = getelementptr i8 %p_ZN12_GLOBAL_N_110lineBufferE_1, i64 0, i64 %zext_ln93_2" [../src/gaussian_blur.cpp:93]   --->   Operation 143 'getelementptr' 'p_ZN12_GLOBAL_N_110lineBufferE_1_addr_8' <Predicate = (!icmp_ln64 & trunc_ln64)> <Delay = 0.00>
ST_5 : Operation 144 [1/1] (0.00ns)   --->   "%tmp_36 = bitconcatenate i11 @_ssdm_op_BitConcatenate.i11.i3.i8, i3 %select_ln22_1_read, i8 %lshr_ln3" [../src/gaussian_blur.cpp:93]   --->   Operation 144 'bitconcatenate' 'tmp_36' <Predicate = (!icmp_ln64)> <Delay = 0.00>
ST_5 : Operation 145 [1/1] (0.00ns)   --->   "%zext_ln93_7 = zext i11 %tmp_36" [../src/gaussian_blur.cpp:93]   --->   Operation 145 'zext' 'zext_ln93_7' <Predicate = (!icmp_ln64)> <Delay = 0.00>
ST_5 : Operation 146 [1/1] (0.00ns)   --->   "%p_ZN12_GLOBAL_N_110lineBufferE_0_addr_11 = getelementptr i8 %p_ZN12_GLOBAL_N_110lineBufferE_0, i64 0, i64 %zext_ln93_7" [../src/gaussian_blur.cpp:93]   --->   Operation 146 'getelementptr' 'p_ZN12_GLOBAL_N_110lineBufferE_0_addr_11' <Predicate = (!icmp_ln64 & !trunc_ln64)> <Delay = 0.00>
ST_5 : Operation 147 [1/1] (0.00ns)   --->   "%p_ZN12_GLOBAL_N_110lineBufferE_1_addr_11 = getelementptr i8 %p_ZN12_GLOBAL_N_110lineBufferE_1, i64 0, i64 %zext_ln93_7" [../src/gaussian_blur.cpp:93]   --->   Operation 147 'getelementptr' 'p_ZN12_GLOBAL_N_110lineBufferE_1_addr_11' <Predicate = (!icmp_ln64 & trunc_ln64)> <Delay = 0.00>
ST_5 : Operation 148 [1/1] (0.00ns)   --->   "%tmp_42 = bitconcatenate i11 @_ssdm_op_BitConcatenate.i11.i3.i8, i3 %select_ln22_2_read, i8 %lshr_ln93_1" [../src/gaussian_blur.cpp:93]   --->   Operation 148 'bitconcatenate' 'tmp_42' <Predicate = (!icmp_ln64)> <Delay = 0.00>
ST_5 : Operation 149 [1/1] (0.00ns)   --->   "%zext_ln93_20 = zext i11 %tmp_42" [../src/gaussian_blur.cpp:93]   --->   Operation 149 'zext' 'zext_ln93_20' <Predicate = (!icmp_ln64)> <Delay = 0.00>
ST_5 : Operation 150 [1/1] (0.00ns)   --->   "%p_ZN12_GLOBAL_N_110lineBufferE_0_addr_17 = getelementptr i8 %p_ZN12_GLOBAL_N_110lineBufferE_0, i64 0, i64 %zext_ln93_20" [../src/gaussian_blur.cpp:93]   --->   Operation 150 'getelementptr' 'p_ZN12_GLOBAL_N_110lineBufferE_0_addr_17' <Predicate = (!icmp_ln64 & trunc_ln64)> <Delay = 0.00>
ST_5 : Operation 151 [1/1] (0.00ns)   --->   "%p_ZN12_GLOBAL_N_110lineBufferE_1_addr_17 = getelementptr i8 %p_ZN12_GLOBAL_N_110lineBufferE_1, i64 0, i64 %zext_ln93_20" [../src/gaussian_blur.cpp:93]   --->   Operation 151 'getelementptr' 'p_ZN12_GLOBAL_N_110lineBufferE_1_addr_17' <Predicate = (!icmp_ln64 & !trunc_ln64)> <Delay = 0.00>
ST_5 : Operation 152 [1/1] (0.00ns)   --->   "%tmp_47 = bitconcatenate i11 @_ssdm_op_BitConcatenate.i11.i3.i8, i3 %select_ln22_2_read, i8 %lshr_ln93_2" [../src/gaussian_blur.cpp:93]   --->   Operation 152 'bitconcatenate' 'tmp_47' <Predicate = (!icmp_ln64)> <Delay = 0.00>
ST_5 : Operation 153 [1/1] (0.00ns)   --->   "%zext_ln93_25 = zext i11 %tmp_47" [../src/gaussian_blur.cpp:93]   --->   Operation 153 'zext' 'zext_ln93_25' <Predicate = (!icmp_ln64)> <Delay = 0.00>
ST_5 : Operation 154 [1/1] (0.00ns)   --->   "%p_ZN12_GLOBAL_N_110lineBufferE_0_addr_19 = getelementptr i8 %p_ZN12_GLOBAL_N_110lineBufferE_0, i64 0, i64 %zext_ln93_25" [../src/gaussian_blur.cpp:93]   --->   Operation 154 'getelementptr' 'p_ZN12_GLOBAL_N_110lineBufferE_0_addr_19' <Predicate = (!icmp_ln64 & trunc_ln64)> <Delay = 0.00>
ST_5 : Operation 155 [1/1] (0.00ns)   --->   "%p_ZN12_GLOBAL_N_110lineBufferE_1_addr_19 = getelementptr i8 %p_ZN12_GLOBAL_N_110lineBufferE_1, i64 0, i64 %zext_ln93_25" [../src/gaussian_blur.cpp:93]   --->   Operation 155 'getelementptr' 'p_ZN12_GLOBAL_N_110lineBufferE_1_addr_19' <Predicate = (!icmp_ln64 & !trunc_ln64)> <Delay = 0.00>
ST_5 : Operation 156 [1/2] ( I:1.23ns O:1.23ns )   --->   "%p_ZN12_GLOBAL_N_110lineBufferE_0_load_7 = load i11 %p_ZN12_GLOBAL_N_110lineBufferE_0_addr_3" [../src/gaussian_blur.cpp:93]   --->   Operation 156 'load' 'p_ZN12_GLOBAL_N_110lineBufferE_0_load_7' <Predicate = (!icmp_ln64 & !trunc_ln64)> <Delay = 1.23> <CoreInst = "RAM">   --->   Core 82 'RAM' <Latency = 1> <II = 1> <Delay = 1.23> <Storage> <Opcode : 'load' 'store'> <Ports = 2> <Width = 8> <Depth = 1280> <RAM>
ST_5 : Operation 157 [1/2] ( I:1.23ns O:1.23ns )   --->   "%p_ZN12_GLOBAL_N_110lineBufferE_1_load_7 = load i11 %p_ZN12_GLOBAL_N_110lineBufferE_1_addr_3" [../src/gaussian_blur.cpp:93]   --->   Operation 157 'load' 'p_ZN12_GLOBAL_N_110lineBufferE_1_load_7' <Predicate = (!icmp_ln64 & trunc_ln64)> <Delay = 1.23> <CoreInst = "RAM">   --->   Core 82 'RAM' <Latency = 1> <II = 1> <Delay = 1.23> <Storage> <Opcode : 'load' 'store'> <Ports = 2> <Width = 8> <Depth = 1280> <RAM>
ST_5 : Operation 158 [1/1] (0.39ns)   --->   "%select_ln93_6 = select i1 %trunc_ln64, i8 %p_ZN12_GLOBAL_N_110lineBufferE_1_load_7, i8 %p_ZN12_GLOBAL_N_110lineBufferE_0_load_7" [../src/gaussian_blur.cpp:93]   --->   Operation 158 'select' 'select_ln93_6' <Predicate = (!icmp_ln64)> <Delay = 0.39> <CoreInst = "Sel">   --->   Core 73 'Sel' <Latency = 0> <II = 1> <Delay = 0.39> <FuncUnit> <Opcode : 'select'> <InPorts = 3> <OutPorts = 1>
ST_5 : Operation 159 [1/1] (0.00ns)   --->   "%zext_ln93_9 = zext i8 %select_ln93_6" [../src/gaussian_blur.cpp:93]   --->   Operation 159 'zext' 'zext_ln93_9' <Predicate = (!icmp_ln64)> <Delay = 0.00>
ST_5 : Operation 160 [1/2] ( I:1.23ns O:1.23ns )   --->   "%p_ZN12_GLOBAL_N_110lineBufferE_0_load_9 = load i11 %p_ZN12_GLOBAL_N_110lineBufferE_0_addr_10" [../src/gaussian_blur.cpp:93]   --->   Operation 160 'load' 'p_ZN12_GLOBAL_N_110lineBufferE_0_load_9' <Predicate = (!icmp_ln64 & !trunc_ln64)> <Delay = 1.23> <CoreInst = "RAM">   --->   Core 82 'RAM' <Latency = 1> <II = 1> <Delay = 1.23> <Storage> <Opcode : 'load' 'store'> <Ports = 2> <Width = 8> <Depth = 1280> <RAM>
ST_5 : Operation 161 [1/2] ( I:1.23ns O:1.23ns )   --->   "%p_ZN12_GLOBAL_N_110lineBufferE_1_load_9 = load i11 %p_ZN12_GLOBAL_N_110lineBufferE_1_addr_10" [../src/gaussian_blur.cpp:93]   --->   Operation 161 'load' 'p_ZN12_GLOBAL_N_110lineBufferE_1_load_9' <Predicate = (!icmp_ln64 & trunc_ln64)> <Delay = 1.23> <CoreInst = "RAM">   --->   Core 82 'RAM' <Latency = 1> <II = 1> <Delay = 1.23> <Storage> <Opcode : 'load' 'store'> <Ports = 2> <Width = 8> <Depth = 1280> <RAM>
ST_5 : Operation 162 [1/1] (0.39ns)   --->   "%select_ln93_8 = select i1 %trunc_ln64, i8 %p_ZN12_GLOBAL_N_110lineBufferE_1_load_9, i8 %p_ZN12_GLOBAL_N_110lineBufferE_0_load_9" [../src/gaussian_blur.cpp:93]   --->   Operation 162 'select' 'select_ln93_8' <Predicate = (!icmp_ln64)> <Delay = 0.39> <CoreInst = "Sel">   --->   Core 73 'Sel' <Latency = 0> <II = 1> <Delay = 0.39> <FuncUnit> <Opcode : 'select'> <InPorts = 3> <OutPorts = 1>
ST_5 : Operation 163 [2/2] (1.23ns)   --->   "%p_ZN12_GLOBAL_N_110lineBufferE_0_load_10 = load i11 %p_ZN12_GLOBAL_N_110lineBufferE_0_addr_11" [../src/gaussian_blur.cpp:93]   --->   Operation 163 'load' 'p_ZN12_GLOBAL_N_110lineBufferE_0_load_10' <Predicate = (!icmp_ln64 & !trunc_ln64)> <Delay = 1.23> <CoreInst = "RAM">   --->   Core 82 'RAM' <Latency = 1> <II = 1> <Delay = 1.23> <Storage> <Opcode : 'load' 'store'> <Ports = 2> <Width = 8> <Depth = 1280> <RAM>
ST_5 : Operation 164 [2/2] (1.23ns)   --->   "%p_ZN12_GLOBAL_N_110lineBufferE_1_load_10 = load i11 %p_ZN12_GLOBAL_N_110lineBufferE_1_addr_11" [../src/gaussian_blur.cpp:93]   --->   Operation 164 'load' 'p_ZN12_GLOBAL_N_110lineBufferE_1_load_10' <Predicate = (!icmp_ln64 & trunc_ln64)> <Delay = 1.23> <CoreInst = "RAM">   --->   Core 82 'RAM' <Latency = 1> <II = 1> <Delay = 1.23> <Storage> <Opcode : 'load' 'store'> <Ports = 2> <Width = 8> <Depth = 1280> <RAM>
ST_5 : Operation 165 [1/2] ( I:1.23ns O:1.23ns )   --->   "%p_ZN12_GLOBAL_N_110lineBufferE_0_load_11 = load i11 %p_ZN12_GLOBAL_N_110lineBufferE_0_addr_12" [../src/gaussian_blur.cpp:93]   --->   Operation 165 'load' 'p_ZN12_GLOBAL_N_110lineBufferE_0_load_11' <Predicate = (!icmp_ln64 & trunc_ln64)> <Delay = 1.23> <CoreInst = "RAM">   --->   Core 82 'RAM' <Latency = 1> <II = 1> <Delay = 1.23> <Storage> <Opcode : 'load' 'store'> <Ports = 2> <Width = 8> <Depth = 1280> <RAM>
ST_5 : Operation 166 [1/2] ( I:1.23ns O:1.23ns )   --->   "%p_ZN12_GLOBAL_N_110lineBufferE_1_load_11 = load i11 %p_ZN12_GLOBAL_N_110lineBufferE_1_addr_12" [../src/gaussian_blur.cpp:93]   --->   Operation 166 'load' 'p_ZN12_GLOBAL_N_110lineBufferE_1_load_11' <Predicate = (!icmp_ln64 & !trunc_ln64)> <Delay = 1.23> <CoreInst = "RAM">   --->   Core 82 'RAM' <Latency = 1> <II = 1> <Delay = 1.23> <Storage> <Opcode : 'load' 'store'> <Ports = 2> <Width = 8> <Depth = 1280> <RAM>
ST_5 : Operation 167 [1/1] (0.39ns)   --->   "%select_ln93_10 = select i1 %trunc_ln64, i8 %p_ZN12_GLOBAL_N_110lineBufferE_0_load_11, i8 %p_ZN12_GLOBAL_N_110lineBufferE_1_load_11" [../src/gaussian_blur.cpp:93]   --->   Operation 167 'select' 'select_ln93_10' <Predicate = (!icmp_ln64)> <Delay = 0.39> <CoreInst = "Sel">   --->   Core 73 'Sel' <Latency = 0> <II = 1> <Delay = 0.39> <FuncUnit> <Opcode : 'select'> <InPorts = 3> <OutPorts = 1>
ST_5 : Operation 168 [1/1] (0.00ns)   --->   "%zext_ln93_11 = zext i8 %select_ln93_10" [../src/gaussian_blur.cpp:93]   --->   Operation 168 'zext' 'zext_ln93_11' <Predicate = (!icmp_ln64)> <Delay = 0.00>
ST_5 : Operation 169 [2/2] (1.23ns)   --->   "%p_ZN12_GLOBAL_N_110lineBufferE_0_load_12 = load i11 %p_ZN12_GLOBAL_N_110lineBufferE_0_addr_8" [../src/gaussian_blur.cpp:93]   --->   Operation 169 'load' 'p_ZN12_GLOBAL_N_110lineBufferE_0_load_12' <Predicate = (!icmp_ln64 & !trunc_ln64)> <Delay = 1.23> <CoreInst = "RAM">   --->   Core 82 'RAM' <Latency = 1> <II = 1> <Delay = 1.23> <Storage> <Opcode : 'load' 'store'> <Ports = 2> <Width = 8> <Depth = 1280> <RAM>
ST_5 : Operation 170 [2/2] (1.23ns)   --->   "%p_ZN12_GLOBAL_N_110lineBufferE_1_load_12 = load i11 %p_ZN12_GLOBAL_N_110lineBufferE_1_addr_8" [../src/gaussian_blur.cpp:93]   --->   Operation 170 'load' 'p_ZN12_GLOBAL_N_110lineBufferE_1_load_12' <Predicate = (!icmp_ln64 & trunc_ln64)> <Delay = 1.23> <CoreInst = "RAM">   --->   Core 82 'RAM' <Latency = 1> <II = 1> <Delay = 1.23> <Storage> <Opcode : 'load' 'store'> <Ports = 2> <Width = 8> <Depth = 1280> <RAM>
ST_5 : Operation 171 [1/2] ( I:1.23ns O:1.23ns )   --->   "%p_ZN12_GLOBAL_N_110lineBufferE_0_load_13 = load i11 %p_ZN12_GLOBAL_N_110lineBufferE_0_addr_14" [../src/gaussian_blur.cpp:93]   --->   Operation 171 'load' 'p_ZN12_GLOBAL_N_110lineBufferE_0_load_13' <Predicate = (!icmp_ln64 & trunc_ln64)> <Delay = 1.23> <CoreInst = "RAM">   --->   Core 82 'RAM' <Latency = 1> <II = 1> <Delay = 1.23> <Storage> <Opcode : 'load' 'store'> <Ports = 2> <Width = 8> <Depth = 1280> <RAM>
ST_5 : Operation 172 [1/2] ( I:1.23ns O:1.23ns )   --->   "%p_ZN12_GLOBAL_N_110lineBufferE_1_load_13 = load i11 %p_ZN12_GLOBAL_N_110lineBufferE_1_addr_14" [../src/gaussian_blur.cpp:93]   --->   Operation 172 'load' 'p_ZN12_GLOBAL_N_110lineBufferE_1_load_13' <Predicate = (!icmp_ln64 & !trunc_ln64)> <Delay = 1.23> <CoreInst = "RAM">   --->   Core 82 'RAM' <Latency = 1> <II = 1> <Delay = 1.23> <Storage> <Opcode : 'load' 'store'> <Ports = 2> <Width = 8> <Depth = 1280> <RAM>
ST_5 : Operation 173 [1/1] (0.39ns)   --->   "%select_ln93_12 = select i1 %trunc_ln64, i8 %p_ZN12_GLOBAL_N_110lineBufferE_0_load_13, i8 %p_ZN12_GLOBAL_N_110lineBufferE_1_load_13" [../src/gaussian_blur.cpp:93]   --->   Operation 173 'select' 'select_ln93_12' <Predicate = (!icmp_ln64)> <Delay = 0.39> <CoreInst = "Sel">   --->   Core 73 'Sel' <Latency = 0> <II = 1> <Delay = 0.39> <FuncUnit> <Opcode : 'select'> <InPorts = 3> <OutPorts = 1>
ST_5 : Operation 174 [2/2] (1.23ns)   --->   "%p_ZN12_GLOBAL_N_110lineBufferE_0_load_16 = load i11 %p_ZN12_GLOBAL_N_110lineBufferE_0_addr_17" [../src/gaussian_blur.cpp:93]   --->   Operation 174 'load' 'p_ZN12_GLOBAL_N_110lineBufferE_0_load_16' <Predicate = (!icmp_ln64 & trunc_ln64)> <Delay = 1.23> <CoreInst = "RAM">   --->   Core 82 'RAM' <Latency = 1> <II = 1> <Delay = 1.23> <Storage> <Opcode : 'load' 'store'> <Ports = 2> <Width = 8> <Depth = 1280> <RAM>
ST_5 : Operation 175 [2/2] (1.23ns)   --->   "%p_ZN12_GLOBAL_N_110lineBufferE_1_load_16 = load i11 %p_ZN12_GLOBAL_N_110lineBufferE_1_addr_17" [../src/gaussian_blur.cpp:93]   --->   Operation 175 'load' 'p_ZN12_GLOBAL_N_110lineBufferE_1_load_16' <Predicate = (!icmp_ln64 & !trunc_ln64)> <Delay = 1.23> <CoreInst = "RAM">   --->   Core 82 'RAM' <Latency = 1> <II = 1> <Delay = 1.23> <Storage> <Opcode : 'load' 'store'> <Ports = 2> <Width = 8> <Depth = 1280> <RAM>
ST_5 : Operation 176 [2/2] (1.23ns)   --->   "%p_ZN12_GLOBAL_N_110lineBufferE_0_load_18 = load i11 %p_ZN12_GLOBAL_N_110lineBufferE_0_addr_19" [../src/gaussian_blur.cpp:93]   --->   Operation 176 'load' 'p_ZN12_GLOBAL_N_110lineBufferE_0_load_18' <Predicate = (!icmp_ln64 & trunc_ln64)> <Delay = 1.23> <CoreInst = "RAM">   --->   Core 82 'RAM' <Latency = 1> <II = 1> <Delay = 1.23> <Storage> <Opcode : 'load' 'store'> <Ports = 2> <Width = 8> <Depth = 1280> <RAM>
ST_5 : Operation 177 [2/2] (1.23ns)   --->   "%p_ZN12_GLOBAL_N_110lineBufferE_1_load_18 = load i11 %p_ZN12_GLOBAL_N_110lineBufferE_1_addr_19" [../src/gaussian_blur.cpp:93]   --->   Operation 177 'load' 'p_ZN12_GLOBAL_N_110lineBufferE_1_load_18' <Predicate = (!icmp_ln64 & !trunc_ln64)> <Delay = 1.23> <CoreInst = "RAM">   --->   Core 82 'RAM' <Latency = 1> <II = 1> <Delay = 1.23> <Storage> <Opcode : 'load' 'store'> <Ports = 2> <Width = 8> <Depth = 1280> <RAM>
ST_5 : Operation 178 [1/1] (0.00ns)   --->   "%select_ln93_4_cast = zext i8 %select_ln93_4" [../src/gaussian_blur.cpp:93]   --->   Operation 178 'zext' 'select_ln93_4_cast' <Predicate = (!icmp_ln64)> <Delay = 0.00>
ST_5 : Operation 179 [1/1] (0.00ns)   --->   "%p_cast = zext i9 %empty" [../src/gaussian_blur.cpp:93]   --->   Operation 179 'zext' 'p_cast' <Predicate = (!icmp_ln64)> <Delay = 0.00>
ST_5 : Operation 180 [1/1] (0.00ns)   --->   "%select_ln93_8_cast22 = zext i8 %select_ln93_8" [../src/gaussian_blur.cpp:93]   --->   Operation 180 'zext' 'select_ln93_8_cast22' <Predicate = (!icmp_ln64)> <Delay = 0.00>
ST_5 : Operation 181 [1/1] (0.76ns)   --->   "%tmp = add i9 %select_ln93_4_cast, i9 %select_ln93_8_cast22" [../src/gaussian_blur.cpp:93]   --->   Operation 181 'add' 'tmp' <Predicate = (!icmp_ln64)> <Delay = 0.76> <CoreInst = "Adder">   --->   Core 1 'Adder' <Latency = 0> <II = 1> <Delay = 0.77> <FuncUnit> <Opcode : 'add' 'sub'> <InPorts = 2> <OutPorts = 1>
ST_5 : Operation 182 [1/1] (0.00ns)   --->   "%tmp_cast = zext i9 %tmp" [../src/gaussian_blur.cpp:93]   --->   Operation 182 'zext' 'tmp_cast' <Predicate = (!icmp_ln64)> <Delay = 0.00>
ST_5 : Operation 183 [1/1] (0.77ns)   --->   "%empty_43 = add i10 %tmp_cast, i10 %p_cast" [../src/gaussian_blur.cpp:93]   --->   Operation 183 'add' 'empty_43' <Predicate = (!icmp_ln64)> <Delay = 0.77> <CoreInst = "Adder">   --->   Core 1 'Adder' <Latency = 0> <II = 1> <Delay = 0.78> <FuncUnit> <Opcode : 'add' 'sub'> <InPorts = 2> <OutPorts = 1>
ST_5 : Operation 184 [1/1] (0.76ns)   --->   "%tmp8 = add i9 %zext_ln93_11, i9 %zext_ln93_9" [../src/gaussian_blur.cpp:93]   --->   Operation 184 'add' 'tmp8' <Predicate = (!icmp_ln64)> <Delay = 0.76> <CoreInst = "Adder">   --->   Core 1 'Adder' <Latency = 0> <II = 1> <Delay = 0.77> <FuncUnit> <Opcode : 'add' 'sub'> <InPorts = 2> <OutPorts = 1>

State 6 <SV = 5> <Delay = 3.17>
ST_6 : Operation 185 [1/1] (0.00ns)   --->   "%tmp_37 = bitconcatenate i11 @_ssdm_op_BitConcatenate.i11.i3.i8, i3 %select_ln22_2_read, i8 %lshr_ln3" [../src/gaussian_blur.cpp:93]   --->   Operation 185 'bitconcatenate' 'tmp_37' <Predicate = (!icmp_ln64)> <Delay = 0.00>
ST_6 : Operation 186 [1/1] (0.00ns)   --->   "%zext_ln93_8 = zext i11 %tmp_37" [../src/gaussian_blur.cpp:93]   --->   Operation 186 'zext' 'zext_ln93_8' <Predicate = (!icmp_ln64)> <Delay = 0.00>
ST_6 : Operation 187 [1/1] (0.00ns)   --->   "%p_ZN12_GLOBAL_N_110lineBufferE_0_addr_16 = getelementptr i8 %p_ZN12_GLOBAL_N_110lineBufferE_0, i64 0, i64 %zext_ln93_8" [../src/gaussian_blur.cpp:93]   --->   Operation 187 'getelementptr' 'p_ZN12_GLOBAL_N_110lineBufferE_0_addr_16' <Predicate = (!icmp_ln64 & !trunc_ln64)> <Delay = 0.00>
ST_6 : Operation 188 [1/1] (0.00ns)   --->   "%p_ZN12_GLOBAL_N_110lineBufferE_1_addr_16 = getelementptr i8 %p_ZN12_GLOBAL_N_110lineBufferE_1, i64 0, i64 %zext_ln93_8" [../src/gaussian_blur.cpp:93]   --->   Operation 188 'getelementptr' 'p_ZN12_GLOBAL_N_110lineBufferE_1_addr_16' <Predicate = (!icmp_ln64 & trunc_ln64)> <Delay = 0.00>
ST_6 : Operation 189 [1/1] (0.00ns)   --->   "%tmp_43 = bitconcatenate i11 @_ssdm_op_BitConcatenate.i11.i3.i8, i3 %select_ln22_3_read, i8 %lshr_ln93_1" [../src/gaussian_blur.cpp:93]   --->   Operation 189 'bitconcatenate' 'tmp_43' <Predicate = (!icmp_ln64)> <Delay = 0.00>
ST_6 : Operation 190 [1/1] (0.00ns)   --->   "%zext_ln93_21 = zext i11 %tmp_43" [../src/gaussian_blur.cpp:93]   --->   Operation 190 'zext' 'zext_ln93_21' <Predicate = (!icmp_ln64)> <Delay = 0.00>
ST_6 : Operation 191 [1/1] (0.00ns)   --->   "%p_ZN12_GLOBAL_N_110lineBufferE_0_addr_22 = getelementptr i8 %p_ZN12_GLOBAL_N_110lineBufferE_0, i64 0, i64 %zext_ln93_21" [../src/gaussian_blur.cpp:93]   --->   Operation 191 'getelementptr' 'p_ZN12_GLOBAL_N_110lineBufferE_0_addr_22' <Predicate = (!icmp_ln64 & trunc_ln64)> <Delay = 0.00>
ST_6 : Operation 192 [1/1] (0.00ns)   --->   "%p_ZN12_GLOBAL_N_110lineBufferE_1_addr_22 = getelementptr i8 %p_ZN12_GLOBAL_N_110lineBufferE_1, i64 0, i64 %zext_ln93_21" [../src/gaussian_blur.cpp:93]   --->   Operation 192 'getelementptr' 'p_ZN12_GLOBAL_N_110lineBufferE_1_addr_22' <Predicate = (!icmp_ln64 & !trunc_ln64)> <Delay = 0.00>
ST_6 : Operation 193 [1/1] (0.00ns)   --->   "%zext_ln89 = zext i8 %select_ln93_1" [../src/gaussian_blur.cpp:89]   --->   Operation 193 'zext' 'zext_ln89' <Predicate = (!icmp_ln64)> <Delay = 0.00>
ST_6 : Operation 194 [1/1] (0.00ns)   --->   "%tmp_48 = bitconcatenate i11 @_ssdm_op_BitConcatenate.i11.i3.i8, i3 %select_ln22_3_read, i8 %lshr_ln93_2" [../src/gaussian_blur.cpp:93]   --->   Operation 194 'bitconcatenate' 'tmp_48' <Predicate = (!icmp_ln64)> <Delay = 0.00>
ST_6 : Operation 195 [1/1] (0.00ns)   --->   "%zext_ln93_26 = zext i11 %tmp_48" [../src/gaussian_blur.cpp:93]   --->   Operation 195 'zext' 'zext_ln93_26' <Predicate = (!icmp_ln64)> <Delay = 0.00>
ST_6 : Operation 196 [1/1] (0.00ns)   --->   "%p_ZN12_GLOBAL_N_110lineBufferE_0_addr_23 = getelementptr i8 %p_ZN12_GLOBAL_N_110lineBufferE_0, i64 0, i64 %zext_ln93_26" [../src/gaussian_blur.cpp:93]   --->   Operation 196 'getelementptr' 'p_ZN12_GLOBAL_N_110lineBufferE_0_addr_23' <Predicate = (!icmp_ln64 & trunc_ln64)> <Delay = 0.00>
ST_6 : Operation 197 [1/1] (0.00ns)   --->   "%p_ZN12_GLOBAL_N_110lineBufferE_1_addr_23 = getelementptr i8 %p_ZN12_GLOBAL_N_110lineBufferE_1, i64 0, i64 %zext_ln93_26" [../src/gaussian_blur.cpp:93]   --->   Operation 197 'getelementptr' 'p_ZN12_GLOBAL_N_110lineBufferE_1_addr_23' <Predicate = (!icmp_ln64 & !trunc_ln64)> <Delay = 0.00>
ST_6 : Operation 198 [1/1] (0.00ns)   --->   "%tmp_51 = bitconcatenate i11 @_ssdm_op_BitConcatenate.i11.i3.i8, i3 %select_ln22_1_read, i8 %add_ln93" [../src/gaussian_blur.cpp:93]   --->   Operation 198 'bitconcatenate' 'tmp_51' <Predicate = (!icmp_ln64)> <Delay = 0.00>
ST_6 : Operation 199 [1/1] (0.00ns)   --->   "%zext_ln93_29 = zext i11 %tmp_51" [../src/gaussian_blur.cpp:93]   --->   Operation 199 'zext' 'zext_ln93_29' <Predicate = (!icmp_ln64)> <Delay = 0.00>
ST_6 : Operation 200 [1/1] (0.00ns)   --->   "%p_ZN12_GLOBAL_N_110lineBufferE_0_addr_15 = getelementptr i8 %p_ZN12_GLOBAL_N_110lineBufferE_0, i64 0, i64 %zext_ln93_29" [../src/gaussian_blur.cpp:93]   --->   Operation 200 'getelementptr' 'p_ZN12_GLOBAL_N_110lineBufferE_0_addr_15' <Predicate = (!icmp_ln64 & !trunc_ln64)> <Delay = 0.00>
ST_6 : Operation 201 [1/1] (0.00ns)   --->   "%p_ZN12_GLOBAL_N_110lineBufferE_1_addr_15 = getelementptr i8 %p_ZN12_GLOBAL_N_110lineBufferE_1, i64 0, i64 %zext_ln93_29" [../src/gaussian_blur.cpp:93]   --->   Operation 201 'getelementptr' 'p_ZN12_GLOBAL_N_110lineBufferE_1_addr_15' <Predicate = (!icmp_ln64 & trunc_ln64)> <Delay = 0.00>
ST_6 : Operation 202 [1/2] ( I:1.23ns O:1.23ns )   --->   "%p_ZN12_GLOBAL_N_110lineBufferE_0_load_10 = load i11 %p_ZN12_GLOBAL_N_110lineBufferE_0_addr_11" [../src/gaussian_blur.cpp:93]   --->   Operation 202 'load' 'p_ZN12_GLOBAL_N_110lineBufferE_0_load_10' <Predicate = (!icmp_ln64 & !trunc_ln64)> <Delay = 1.23> <CoreInst = "RAM">   --->   Core 82 'RAM' <Latency = 1> <II = 1> <Delay = 1.23> <Storage> <Opcode : 'load' 'store'> <Ports = 2> <Width = 8> <Depth = 1280> <RAM>
ST_6 : Operation 203 [1/2] ( I:1.23ns O:1.23ns )   --->   "%p_ZN12_GLOBAL_N_110lineBufferE_1_load_10 = load i11 %p_ZN12_GLOBAL_N_110lineBufferE_1_addr_11" [../src/gaussian_blur.cpp:93]   --->   Operation 203 'load' 'p_ZN12_GLOBAL_N_110lineBufferE_1_load_10' <Predicate = (!icmp_ln64 & trunc_ln64)> <Delay = 1.23> <CoreInst = "RAM">   --->   Core 82 'RAM' <Latency = 1> <II = 1> <Delay = 1.23> <Storage> <Opcode : 'load' 'store'> <Ports = 2> <Width = 8> <Depth = 1280> <RAM>
ST_6 : Operation 204 [1/1] (0.39ns)   --->   "%select_ln93_9 = select i1 %trunc_ln64, i8 %p_ZN12_GLOBAL_N_110lineBufferE_1_load_10, i8 %p_ZN12_GLOBAL_N_110lineBufferE_0_load_10" [../src/gaussian_blur.cpp:93]   --->   Operation 204 'select' 'select_ln93_9' <Predicate = (!icmp_ln64)> <Delay = 0.39> <CoreInst = "Sel">   --->   Core 73 'Sel' <Latency = 0> <II = 1> <Delay = 0.39> <FuncUnit> <Opcode : 'select'> <InPorts = 3> <OutPorts = 1>
ST_6 : Operation 205 [1/1] (0.00ns)   --->   "%zext_ln93_10 = zext i8 %select_ln93_9" [../src/gaussian_blur.cpp:93]   --->   Operation 205 'zext' 'zext_ln93_10' <Predicate = (!icmp_ln64)> <Delay = 0.00>
ST_6 : Operation 206 [1/2] ( I:1.23ns O:1.23ns )   --->   "%p_ZN12_GLOBAL_N_110lineBufferE_0_load_12 = load i11 %p_ZN12_GLOBAL_N_110lineBufferE_0_addr_8" [../src/gaussian_blur.cpp:93]   --->   Operation 206 'load' 'p_ZN12_GLOBAL_N_110lineBufferE_0_load_12' <Predicate = (!icmp_ln64 & !trunc_ln64)> <Delay = 1.23> <CoreInst = "RAM">   --->   Core 82 'RAM' <Latency = 1> <II = 1> <Delay = 1.23> <Storage> <Opcode : 'load' 'store'> <Ports = 2> <Width = 8> <Depth = 1280> <RAM>
ST_6 : Operation 207 [1/2] ( I:1.23ns O:1.23ns )   --->   "%p_ZN12_GLOBAL_N_110lineBufferE_1_load_12 = load i11 %p_ZN12_GLOBAL_N_110lineBufferE_1_addr_8" [../src/gaussian_blur.cpp:93]   --->   Operation 207 'load' 'p_ZN12_GLOBAL_N_110lineBufferE_1_load_12' <Predicate = (!icmp_ln64 & trunc_ln64)> <Delay = 1.23> <CoreInst = "RAM">   --->   Core 82 'RAM' <Latency = 1> <II = 1> <Delay = 1.23> <Storage> <Opcode : 'load' 'store'> <Ports = 2> <Width = 8> <Depth = 1280> <RAM>
ST_6 : Operation 208 [1/1] (0.39ns)   --->   "%select_ln93_11 = select i1 %trunc_ln64, i8 %p_ZN12_GLOBAL_N_110lineBufferE_1_load_12, i8 %p_ZN12_GLOBAL_N_110lineBufferE_0_load_12" [../src/gaussian_blur.cpp:93]   --->   Operation 208 'select' 'select_ln93_11' <Predicate = (!icmp_ln64)> <Delay = 0.39> <CoreInst = "Sel">   --->   Core 73 'Sel' <Latency = 0> <II = 1> <Delay = 0.39> <FuncUnit> <Opcode : 'select'> <InPorts = 3> <OutPorts = 1>
ST_6 : Operation 209 [2/2] (1.23ns)   --->   "%p_ZN12_GLOBAL_N_110lineBufferE_0_load_14 = load i11 %p_ZN12_GLOBAL_N_110lineBufferE_0_addr_15" [../src/gaussian_blur.cpp:93]   --->   Operation 209 'load' 'p_ZN12_GLOBAL_N_110lineBufferE_0_load_14' <Predicate = (!icmp_ln64 & !trunc_ln64)> <Delay = 1.23> <CoreInst = "RAM">   --->   Core 82 'RAM' <Latency = 1> <II = 1> <Delay = 1.23> <Storage> <Opcode : 'load' 'store'> <Ports = 2> <Width = 8> <Depth = 1280> <RAM>
ST_6 : Operation 210 [2/2] (1.23ns)   --->   "%p_ZN12_GLOBAL_N_110lineBufferE_1_load_14 = load i11 %p_ZN12_GLOBAL_N_110lineBufferE_1_addr_15" [../src/gaussian_blur.cpp:93]   --->   Operation 210 'load' 'p_ZN12_GLOBAL_N_110lineBufferE_1_load_14' <Predicate = (!icmp_ln64 & trunc_ln64)> <Delay = 1.23> <CoreInst = "RAM">   --->   Core 82 'RAM' <Latency = 1> <II = 1> <Delay = 1.23> <Storage> <Opcode : 'load' 'store'> <Ports = 2> <Width = 8> <Depth = 1280> <RAM>
ST_6 : Operation 211 [2/2] (1.23ns)   --->   "%p_ZN12_GLOBAL_N_110lineBufferE_0_load_15 = load i11 %p_ZN12_GLOBAL_N_110lineBufferE_0_addr_16" [../src/gaussian_blur.cpp:93]   --->   Operation 211 'load' 'p_ZN12_GLOBAL_N_110lineBufferE_0_load_15' <Predicate = (!icmp_ln64 & !trunc_ln64)> <Delay = 1.23> <CoreInst = "RAM">   --->   Core 82 'RAM' <Latency = 1> <II = 1> <Delay = 1.23> <Storage> <Opcode : 'load' 'store'> <Ports = 2> <Width = 8> <Depth = 1280> <RAM>
ST_6 : Operation 212 [2/2] (1.23ns)   --->   "%p_ZN12_GLOBAL_N_110lineBufferE_1_load_15 = load i11 %p_ZN12_GLOBAL_N_110lineBufferE_1_addr_16" [../src/gaussian_blur.cpp:93]   --->   Operation 212 'load' 'p_ZN12_GLOBAL_N_110lineBufferE_1_load_15' <Predicate = (!icmp_ln64 & trunc_ln64)> <Delay = 1.23> <CoreInst = "RAM">   --->   Core 82 'RAM' <Latency = 1> <II = 1> <Delay = 1.23> <Storage> <Opcode : 'load' 'store'> <Ports = 2> <Width = 8> <Depth = 1280> <RAM>
ST_6 : Operation 213 [1/2] ( I:1.23ns O:1.23ns )   --->   "%p_ZN12_GLOBAL_N_110lineBufferE_0_load_16 = load i11 %p_ZN12_GLOBAL_N_110lineBufferE_0_addr_17" [../src/gaussian_blur.cpp:93]   --->   Operation 213 'load' 'p_ZN12_GLOBAL_N_110lineBufferE_0_load_16' <Predicate = (!icmp_ln64 & trunc_ln64)> <Delay = 1.23> <CoreInst = "RAM">   --->   Core 82 'RAM' <Latency = 1> <II = 1> <Delay = 1.23> <Storage> <Opcode : 'load' 'store'> <Ports = 2> <Width = 8> <Depth = 1280> <RAM>
ST_6 : Operation 214 [1/2] ( I:1.23ns O:1.23ns )   --->   "%p_ZN12_GLOBAL_N_110lineBufferE_1_load_16 = load i11 %p_ZN12_GLOBAL_N_110lineBufferE_1_addr_17" [../src/gaussian_blur.cpp:93]   --->   Operation 214 'load' 'p_ZN12_GLOBAL_N_110lineBufferE_1_load_16' <Predicate = (!icmp_ln64 & !trunc_ln64)> <Delay = 1.23> <CoreInst = "RAM">   --->   Core 82 'RAM' <Latency = 1> <II = 1> <Delay = 1.23> <Storage> <Opcode : 'load' 'store'> <Ports = 2> <Width = 8> <Depth = 1280> <RAM>
ST_6 : Operation 215 [1/1] (0.39ns)   --->   "%select_ln93_15 = select i1 %trunc_ln64, i8 %p_ZN12_GLOBAL_N_110lineBufferE_0_load_16, i8 %p_ZN12_GLOBAL_N_110lineBufferE_1_load_16" [../src/gaussian_blur.cpp:93]   --->   Operation 215 'select' 'select_ln93_15' <Predicate = (!icmp_ln64)> <Delay = 0.39> <CoreInst = "Sel">   --->   Core 73 'Sel' <Latency = 0> <II = 1> <Delay = 0.39> <FuncUnit> <Opcode : 'select'> <InPorts = 3> <OutPorts = 1>
ST_6 : Operation 216 [1/2] ( I:1.23ns O:1.23ns )   --->   "%p_ZN12_GLOBAL_N_110lineBufferE_0_load_18 = load i11 %p_ZN12_GLOBAL_N_110lineBufferE_0_addr_19" [../src/gaussian_blur.cpp:93]   --->   Operation 216 'load' 'p_ZN12_GLOBAL_N_110lineBufferE_0_load_18' <Predicate = (!icmp_ln64 & trunc_ln64)> <Delay = 1.23> <CoreInst = "RAM">   --->   Core 82 'RAM' <Latency = 1> <II = 1> <Delay = 1.23> <Storage> <Opcode : 'load' 'store'> <Ports = 2> <Width = 8> <Depth = 1280> <RAM>
ST_6 : Operation 217 [1/2] ( I:1.23ns O:1.23ns )   --->   "%p_ZN12_GLOBAL_N_110lineBufferE_1_load_18 = load i11 %p_ZN12_GLOBAL_N_110lineBufferE_1_addr_19" [../src/gaussian_blur.cpp:93]   --->   Operation 217 'load' 'p_ZN12_GLOBAL_N_110lineBufferE_1_load_18' <Predicate = (!icmp_ln64 & !trunc_ln64)> <Delay = 1.23> <CoreInst = "RAM">   --->   Core 82 'RAM' <Latency = 1> <II = 1> <Delay = 1.23> <Storage> <Opcode : 'load' 'store'> <Ports = 2> <Width = 8> <Depth = 1280> <RAM>
ST_6 : Operation 218 [1/1] (0.39ns)   --->   "%select_ln93_17 = select i1 %trunc_ln64, i8 %p_ZN12_GLOBAL_N_110lineBufferE_0_load_18, i8 %p_ZN12_GLOBAL_N_110lineBufferE_1_load_18" [../src/gaussian_blur.cpp:93]   --->   Operation 218 'select' 'select_ln93_17' <Predicate = (!icmp_ln64)> <Delay = 0.39> <CoreInst = "Sel">   --->   Core 73 'Sel' <Latency = 0> <II = 1> <Delay = 0.39> <FuncUnit> <Opcode : 'select'> <InPorts = 3> <OutPorts = 1>
ST_6 : Operation 219 [2/2] (1.23ns)   --->   "%p_ZN12_GLOBAL_N_110lineBufferE_0_load_21 = load i11 %p_ZN12_GLOBAL_N_110lineBufferE_0_addr_22" [../src/gaussian_blur.cpp:93]   --->   Operation 219 'load' 'p_ZN12_GLOBAL_N_110lineBufferE_0_load_21' <Predicate = (!icmp_ln64 & trunc_ln64)> <Delay = 1.23> <CoreInst = "RAM">   --->   Core 82 'RAM' <Latency = 1> <II = 1> <Delay = 1.23> <Storage> <Opcode : 'load' 'store'> <Ports = 2> <Width = 8> <Depth = 1280> <RAM>
ST_6 : Operation 220 [2/2] (1.23ns)   --->   "%p_ZN12_GLOBAL_N_110lineBufferE_1_load_21 = load i11 %p_ZN12_GLOBAL_N_110lineBufferE_1_addr_22" [../src/gaussian_blur.cpp:93]   --->   Operation 220 'load' 'p_ZN12_GLOBAL_N_110lineBufferE_1_load_21' <Predicate = (!icmp_ln64 & !trunc_ln64)> <Delay = 1.23> <CoreInst = "RAM">   --->   Core 82 'RAM' <Latency = 1> <II = 1> <Delay = 1.23> <Storage> <Opcode : 'load' 'store'> <Ports = 2> <Width = 8> <Depth = 1280> <RAM>
ST_6 : Operation 221 [2/2] (1.23ns)   --->   "%p_ZN12_GLOBAL_N_110lineBufferE_0_load_23 = load i11 %p_ZN12_GLOBAL_N_110lineBufferE_0_addr_23" [../src/gaussian_blur.cpp:93]   --->   Operation 221 'load' 'p_ZN12_GLOBAL_N_110lineBufferE_0_load_23' <Predicate = (!icmp_ln64 & trunc_ln64)> <Delay = 1.23> <CoreInst = "RAM">   --->   Core 82 'RAM' <Latency = 1> <II = 1> <Delay = 1.23> <Storage> <Opcode : 'load' 'store'> <Ports = 2> <Width = 8> <Depth = 1280> <RAM>
ST_6 : Operation 222 [2/2] (1.23ns)   --->   "%p_ZN12_GLOBAL_N_110lineBufferE_1_load_23 = load i11 %p_ZN12_GLOBAL_N_110lineBufferE_1_addr_23" [../src/gaussian_blur.cpp:93]   --->   Operation 222 'load' 'p_ZN12_GLOBAL_N_110lineBufferE_1_load_23' <Predicate = (!icmp_ln64 & !trunc_ln64)> <Delay = 1.23> <CoreInst = "RAM">   --->   Core 82 'RAM' <Latency = 1> <II = 1> <Delay = 1.23> <Storage> <Opcode : 'load' 'store'> <Ports = 2> <Width = 8> <Depth = 1280> <RAM>
ST_6 : Operation 223 [1/1] (0.00ns)   --->   "%tmp_19 = bitconcatenate i13 @_ssdm_op_BitConcatenate.i13.i8.i5, i8 %select_ln93_11, i5 0" [../src/gaussian_blur.cpp:91]   --->   Operation 223 'bitconcatenate' 'tmp_19' <Predicate = (!icmp_ln64)> <Delay = 0.00>
ST_6 : Operation 224 [1/1] (0.00ns)   --->   "%zext_ln91_7 = zext i13 %tmp_19" [../src/gaussian_blur.cpp:91]   --->   Operation 224 'zext' 'zext_ln91_7' <Predicate = (!icmp_ln64)> <Delay = 0.00>
ST_6 : Operation 225 [1/1] (0.00ns)   --->   "%tmp_20 = bitconcatenate i10 @_ssdm_op_BitConcatenate.i10.i8.i2, i8 %select_ln93_11, i2 0" [../src/gaussian_blur.cpp:91]   --->   Operation 225 'bitconcatenate' 'tmp_20' <Predicate = (!icmp_ln64)> <Delay = 0.00>
ST_6 : Operation 226 [1/1] (0.00ns)   --->   "%zext_ln91_8 = zext i10 %tmp_20" [../src/gaussian_blur.cpp:91]   --->   Operation 226 'zext' 'zext_ln91_8' <Predicate = (!icmp_ln64)> <Delay = 0.00>
ST_6 : Operation 227 [1/1] (0.00ns) (grouped into TernaryAdder)   --->   "%add_ln91_7 = add i14 %zext_ln91_7, i14 %zext_ln91_8" [../src/gaussian_blur.cpp:91]   --->   Operation 227 'add' 'add_ln91_7' <Predicate = (!icmp_ln64)> <Delay = 0.00> <CoreInst = "TAddSub">   --->   Core 10 'TAddSub' <Latency = 0> <II = 1> <Delay = 0.45> <IPBlock> <Opcode : 'add' 'sub'> <InPorts = 3> <OutPorts = 1> <Sync> <CReg>
ST_6 : Operation 228 [1/1] (0.00ns)   --->   "%select_ln93_15_cast25 = zext i8 %select_ln93_15" [../src/gaussian_blur.cpp:93]   --->   Operation 228 'zext' 'select_ln93_15_cast25' <Predicate = (!icmp_ln64)> <Delay = 0.00>
ST_6 : Operation 229 [1/1] (0.00ns)   --->   "%p_cast10 = zext i9 %empty_44" [../src/gaussian_blur.cpp:93]   --->   Operation 229 'zext' 'p_cast10' <Predicate = (!icmp_ln64)> <Delay = 0.00>
ST_6 : Operation 230 [1/1] (0.00ns)   --->   "%select_ln93_17_cast = zext i8 %select_ln93_17" [../src/gaussian_blur.cpp:93]   --->   Operation 230 'zext' 'select_ln93_17_cast' <Predicate = (!icmp_ln64)> <Delay = 0.00>
ST_6 : Operation 231 [1/1] (0.76ns)   --->   "%tmp5 = add i9 %select_ln93_15_cast25, i9 %select_ln93_17_cast" [../src/gaussian_blur.cpp:93]   --->   Operation 231 'add' 'tmp5' <Predicate = (!icmp_ln64)> <Delay = 0.76> <CoreInst = "Adder">   --->   Core 1 'Adder' <Latency = 0> <II = 1> <Delay = 0.77> <FuncUnit> <Opcode : 'add' 'sub'> <InPorts = 2> <OutPorts = 1>
ST_6 : Operation 232 [1/1] (0.00ns)   --->   "%tmp5_cast = zext i9 %tmp5" [../src/gaussian_blur.cpp:93]   --->   Operation 232 'zext' 'tmp5_cast' <Predicate = (!icmp_ln64)> <Delay = 0.00>
ST_6 : Operation 233 [1/1] (0.77ns)   --->   "%tmp141 = add i10 %tmp5_cast, i10 %p_cast10" [../src/gaussian_blur.cpp:93]   --->   Operation 233 'add' 'tmp141' <Predicate = (!icmp_ln64)> <Delay = 0.77> <CoreInst = "Adder">   --->   Core 1 'Adder' <Latency = 0> <II = 1> <Delay = 0.78> <FuncUnit> <Opcode : 'add' 'sub'> <InPorts = 2> <OutPorts = 1>
ST_6 : Operation 234 [1/1] (0.76ns)   --->   "%tmp16 = add i9 %zext_ln93_10, i9 %zext_ln89" [../src/gaussian_blur.cpp:93]   --->   Operation 234 'add' 'tmp16' <Predicate = (!icmp_ln64)> <Delay = 0.76> <CoreInst = "Adder">   --->   Core 1 'Adder' <Latency = 0> <II = 1> <Delay = 0.77> <FuncUnit> <Opcode : 'add' 'sub'> <InPorts = 2> <OutPorts = 1>
ST_6 : Operation 235 [1/1] (0.00ns)   --->   "%zext_ln91_2 = zext i9 %add_ln91" [../src/gaussian_blur.cpp:91]   --->   Operation 235 'zext' 'zext_ln91_2' <Predicate = (!icmp_ln64)> <Delay = 0.00>
ST_6 : Operation 236 [1/1] (0.77ns) (root node of TernaryAdder)   --->   "%add_ln91_1 = add i14 %add_ln91_7, i14 %zext_ln91_2" [../src/gaussian_blur.cpp:91]   --->   Operation 236 'add' 'add_ln91_1' <Predicate = (!icmp_ln64)> <Delay = 0.77> <CoreInst = "TAddSub">   --->   Core 10 'TAddSub' <Latency = 0> <II = 1> <Delay = 0.45> <IPBlock> <Opcode : 'add' 'sub'> <InPorts = 3> <OutPorts = 1> <Sync> <CReg>

State 7 <SV = 6> <Delay = 2.39>
ST_7 : Operation 237 [1/1] (0.00ns)   --->   "%tmp_32 = bitconcatenate i11 @_ssdm_op_BitConcatenate.i11.i3.i8, i3 %select_ln22_2_read, i8 %lshr_ln" [../src/gaussian_blur.cpp:93]   --->   Operation 237 'bitconcatenate' 'tmp_32' <Predicate = (!icmp_ln64)> <Delay = 0.00>
ST_7 : Operation 238 [1/1] (0.00ns)   --->   "%zext_ln93_3 = zext i11 %tmp_32" [../src/gaussian_blur.cpp:93]   --->   Operation 238 'zext' 'zext_ln93_3' <Predicate = (!icmp_ln64)> <Delay = 0.00>
ST_7 : Operation 239 [1/1] (0.00ns)   --->   "%p_ZN12_GLOBAL_N_110lineBufferE_0_addr_13 = getelementptr i8 %p_ZN12_GLOBAL_N_110lineBufferE_0, i64 0, i64 %zext_ln93_3" [../src/gaussian_blur.cpp:93]   --->   Operation 239 'getelementptr' 'p_ZN12_GLOBAL_N_110lineBufferE_0_addr_13' <Predicate = (!icmp_ln64 & !trunc_ln64)> <Delay = 0.00>
ST_7 : Operation 240 [1/1] (0.00ns)   --->   "%p_ZN12_GLOBAL_N_110lineBufferE_1_addr_13 = getelementptr i8 %p_ZN12_GLOBAL_N_110lineBufferE_1, i64 0, i64 %zext_ln93_3" [../src/gaussian_blur.cpp:93]   --->   Operation 240 'getelementptr' 'p_ZN12_GLOBAL_N_110lineBufferE_1_addr_13' <Predicate = (!icmp_ln64 & trunc_ln64)> <Delay = 0.00>
ST_7 : Operation 241 [1/1] (0.00ns)   --->   "%tmp_52 = bitconcatenate i11 @_ssdm_op_BitConcatenate.i11.i3.i8, i3 %select_ln22_2_read, i8 %add_ln93" [../src/gaussian_blur.cpp:93]   --->   Operation 241 'bitconcatenate' 'tmp_52' <Predicate = (!icmp_ln64)> <Delay = 0.00>
ST_7 : Operation 242 [1/1] (0.00ns)   --->   "%zext_ln93_30 = zext i11 %tmp_52" [../src/gaussian_blur.cpp:93]   --->   Operation 242 'zext' 'zext_ln93_30' <Predicate = (!icmp_ln64)> <Delay = 0.00>
ST_7 : Operation 243 [1/1] (0.00ns)   --->   "%p_ZN12_GLOBAL_N_110lineBufferE_0_addr_20 = getelementptr i8 %p_ZN12_GLOBAL_N_110lineBufferE_0, i64 0, i64 %zext_ln93_30" [../src/gaussian_blur.cpp:93]   --->   Operation 243 'getelementptr' 'p_ZN12_GLOBAL_N_110lineBufferE_0_addr_20' <Predicate = (!icmp_ln64 & !trunc_ln64)> <Delay = 0.00>
ST_7 : Operation 244 [1/1] (0.00ns)   --->   "%p_ZN12_GLOBAL_N_110lineBufferE_1_addr_20 = getelementptr i8 %p_ZN12_GLOBAL_N_110lineBufferE_1, i64 0, i64 %zext_ln93_30" [../src/gaussian_blur.cpp:93]   --->   Operation 244 'getelementptr' 'p_ZN12_GLOBAL_N_110lineBufferE_1_addr_20' <Predicate = (!icmp_ln64 & trunc_ln64)> <Delay = 0.00>
ST_7 : Operation 245 [1/2] ( I:1.23ns O:1.23ns )   --->   "%p_ZN12_GLOBAL_N_110lineBufferE_0_load_14 = load i11 %p_ZN12_GLOBAL_N_110lineBufferE_0_addr_15" [../src/gaussian_blur.cpp:93]   --->   Operation 245 'load' 'p_ZN12_GLOBAL_N_110lineBufferE_0_load_14' <Predicate = (!icmp_ln64 & !trunc_ln64)> <Delay = 1.23> <CoreInst = "RAM">   --->   Core 82 'RAM' <Latency = 1> <II = 1> <Delay = 1.23> <Storage> <Opcode : 'load' 'store'> <Ports = 2> <Width = 8> <Depth = 1280> <RAM>
ST_7 : Operation 246 [1/2] ( I:1.23ns O:1.23ns )   --->   "%p_ZN12_GLOBAL_N_110lineBufferE_1_load_14 = load i11 %p_ZN12_GLOBAL_N_110lineBufferE_1_addr_15" [../src/gaussian_blur.cpp:93]   --->   Operation 246 'load' 'p_ZN12_GLOBAL_N_110lineBufferE_1_load_14' <Predicate = (!icmp_ln64 & trunc_ln64)> <Delay = 1.23> <CoreInst = "RAM">   --->   Core 82 'RAM' <Latency = 1> <II = 1> <Delay = 1.23> <Storage> <Opcode : 'load' 'store'> <Ports = 2> <Width = 8> <Depth = 1280> <RAM>
ST_7 : Operation 247 [1/1] (0.39ns)   --->   "%select_ln93_13 = select i1 %trunc_ln64, i8 %p_ZN12_GLOBAL_N_110lineBufferE_1_load_14, i8 %p_ZN12_GLOBAL_N_110lineBufferE_0_load_14" [../src/gaussian_blur.cpp:93]   --->   Operation 247 'select' 'select_ln93_13' <Predicate = (!icmp_ln64)> <Delay = 0.39> <CoreInst = "Sel">   --->   Core 73 'Sel' <Latency = 0> <II = 1> <Delay = 0.39> <FuncUnit> <Opcode : 'select'> <InPorts = 3> <OutPorts = 1>
ST_7 : Operation 248 [1/2] ( I:1.23ns O:1.23ns )   --->   "%p_ZN12_GLOBAL_N_110lineBufferE_0_load_15 = load i11 %p_ZN12_GLOBAL_N_110lineBufferE_0_addr_16" [../src/gaussian_blur.cpp:93]   --->   Operation 248 'load' 'p_ZN12_GLOBAL_N_110lineBufferE_0_load_15' <Predicate = (!icmp_ln64 & !trunc_ln64)> <Delay = 1.23> <CoreInst = "RAM">   --->   Core 82 'RAM' <Latency = 1> <II = 1> <Delay = 1.23> <Storage> <Opcode : 'load' 'store'> <Ports = 2> <Width = 8> <Depth = 1280> <RAM>
ST_7 : Operation 249 [1/2] ( I:1.23ns O:1.23ns )   --->   "%p_ZN12_GLOBAL_N_110lineBufferE_1_load_15 = load i11 %p_ZN12_GLOBAL_N_110lineBufferE_1_addr_16" [../src/gaussian_blur.cpp:93]   --->   Operation 249 'load' 'p_ZN12_GLOBAL_N_110lineBufferE_1_load_15' <Predicate = (!icmp_ln64 & trunc_ln64)> <Delay = 1.23> <CoreInst = "RAM">   --->   Core 82 'RAM' <Latency = 1> <II = 1> <Delay = 1.23> <Storage> <Opcode : 'load' 'store'> <Ports = 2> <Width = 8> <Depth = 1280> <RAM>
ST_7 : Operation 250 [1/1] (0.39ns)   --->   "%select_ln93_14 = select i1 %trunc_ln64, i8 %p_ZN12_GLOBAL_N_110lineBufferE_1_load_15, i8 %p_ZN12_GLOBAL_N_110lineBufferE_0_load_15" [../src/gaussian_blur.cpp:93]   --->   Operation 250 'select' 'select_ln93_14' <Predicate = (!icmp_ln64)> <Delay = 0.39> <CoreInst = "Sel">   --->   Core 73 'Sel' <Latency = 0> <II = 1> <Delay = 0.39> <FuncUnit> <Opcode : 'select'> <InPorts = 3> <OutPorts = 1>
ST_7 : Operation 251 [2/2] (1.23ns)   --->   "%p_ZN12_GLOBAL_N_110lineBufferE_0_load_17 = load i11 %p_ZN12_GLOBAL_N_110lineBufferE_0_addr_13" [../src/gaussian_blur.cpp:93]   --->   Operation 251 'load' 'p_ZN12_GLOBAL_N_110lineBufferE_0_load_17' <Predicate = (!icmp_ln64 & !trunc_ln64)> <Delay = 1.23> <CoreInst = "RAM">   --->   Core 82 'RAM' <Latency = 1> <II = 1> <Delay = 1.23> <Storage> <Opcode : 'load' 'store'> <Ports = 2> <Width = 8> <Depth = 1280> <RAM>
ST_7 : Operation 252 [2/2] (1.23ns)   --->   "%p_ZN12_GLOBAL_N_110lineBufferE_1_load_17 = load i11 %p_ZN12_GLOBAL_N_110lineBufferE_1_addr_13" [../src/gaussian_blur.cpp:93]   --->   Operation 252 'load' 'p_ZN12_GLOBAL_N_110lineBufferE_1_load_17' <Predicate = (!icmp_ln64 & trunc_ln64)> <Delay = 1.23> <CoreInst = "RAM">   --->   Core 82 'RAM' <Latency = 1> <II = 1> <Delay = 1.23> <Storage> <Opcode : 'load' 'store'> <Ports = 2> <Width = 8> <Depth = 1280> <RAM>
ST_7 : Operation 253 [2/2] (1.23ns)   --->   "%p_ZN12_GLOBAL_N_110lineBufferE_0_load_19 = load i11 %p_ZN12_GLOBAL_N_110lineBufferE_0_addr_20" [../src/gaussian_blur.cpp:93]   --->   Operation 253 'load' 'p_ZN12_GLOBAL_N_110lineBufferE_0_load_19' <Predicate = (!icmp_ln64 & !trunc_ln64)> <Delay = 1.23> <CoreInst = "RAM">   --->   Core 82 'RAM' <Latency = 1> <II = 1> <Delay = 1.23> <Storage> <Opcode : 'load' 'store'> <Ports = 2> <Width = 8> <Depth = 1280> <RAM>
ST_7 : Operation 254 [2/2] (1.23ns)   --->   "%p_ZN12_GLOBAL_N_110lineBufferE_1_load_19 = load i11 %p_ZN12_GLOBAL_N_110lineBufferE_1_addr_20" [../src/gaussian_blur.cpp:93]   --->   Operation 254 'load' 'p_ZN12_GLOBAL_N_110lineBufferE_1_load_19' <Predicate = (!icmp_ln64 & trunc_ln64)> <Delay = 1.23> <CoreInst = "RAM">   --->   Core 82 'RAM' <Latency = 1> <II = 1> <Delay = 1.23> <Storage> <Opcode : 'load' 'store'> <Ports = 2> <Width = 8> <Depth = 1280> <RAM>
ST_7 : Operation 255 [1/2] ( I:1.23ns O:1.23ns )   --->   "%p_ZN12_GLOBAL_N_110lineBufferE_0_load_21 = load i11 %p_ZN12_GLOBAL_N_110lineBufferE_0_addr_22" [../src/gaussian_blur.cpp:93]   --->   Operation 255 'load' 'p_ZN12_GLOBAL_N_110lineBufferE_0_load_21' <Predicate = (!icmp_ln64 & trunc_ln64)> <Delay = 1.23> <CoreInst = "RAM">   --->   Core 82 'RAM' <Latency = 1> <II = 1> <Delay = 1.23> <Storage> <Opcode : 'load' 'store'> <Ports = 2> <Width = 8> <Depth = 1280> <RAM>
ST_7 : Operation 256 [1/2] ( I:1.23ns O:1.23ns )   --->   "%p_ZN12_GLOBAL_N_110lineBufferE_1_load_21 = load i11 %p_ZN12_GLOBAL_N_110lineBufferE_1_addr_22" [../src/gaussian_blur.cpp:93]   --->   Operation 256 'load' 'p_ZN12_GLOBAL_N_110lineBufferE_1_load_21' <Predicate = (!icmp_ln64 & !trunc_ln64)> <Delay = 1.23> <CoreInst = "RAM">   --->   Core 82 'RAM' <Latency = 1> <II = 1> <Delay = 1.23> <Storage> <Opcode : 'load' 'store'> <Ports = 2> <Width = 8> <Depth = 1280> <RAM>
ST_7 : Operation 257 [1/1] (0.39ns)   --->   "%select_ln93_20 = select i1 %trunc_ln64, i8 %p_ZN12_GLOBAL_N_110lineBufferE_0_load_21, i8 %p_ZN12_GLOBAL_N_110lineBufferE_1_load_21" [../src/gaussian_blur.cpp:93]   --->   Operation 257 'select' 'select_ln93_20' <Predicate = (!icmp_ln64)> <Delay = 0.39> <CoreInst = "Sel">   --->   Core 73 'Sel' <Latency = 0> <II = 1> <Delay = 0.39> <FuncUnit> <Opcode : 'select'> <InPorts = 3> <OutPorts = 1>
ST_7 : Operation 258 [1/2] ( I:1.23ns O:1.23ns )   --->   "%p_ZN12_GLOBAL_N_110lineBufferE_0_load_23 = load i11 %p_ZN12_GLOBAL_N_110lineBufferE_0_addr_23" [../src/gaussian_blur.cpp:93]   --->   Operation 258 'load' 'p_ZN12_GLOBAL_N_110lineBufferE_0_load_23' <Predicate = (!icmp_ln64 & trunc_ln64)> <Delay = 1.23> <CoreInst = "RAM">   --->   Core 82 'RAM' <Latency = 1> <II = 1> <Delay = 1.23> <Storage> <Opcode : 'load' 'store'> <Ports = 2> <Width = 8> <Depth = 1280> <RAM>
ST_7 : Operation 259 [1/2] ( I:1.23ns O:1.23ns )   --->   "%p_ZN12_GLOBAL_N_110lineBufferE_1_load_23 = load i11 %p_ZN12_GLOBAL_N_110lineBufferE_1_addr_23" [../src/gaussian_blur.cpp:93]   --->   Operation 259 'load' 'p_ZN12_GLOBAL_N_110lineBufferE_1_load_23' <Predicate = (!icmp_ln64 & !trunc_ln64)> <Delay = 1.23> <CoreInst = "RAM">   --->   Core 82 'RAM' <Latency = 1> <II = 1> <Delay = 1.23> <Storage> <Opcode : 'load' 'store'> <Ports = 2> <Width = 8> <Depth = 1280> <RAM>
ST_7 : Operation 260 [1/1] (0.39ns)   --->   "%select_ln93_22 = select i1 %trunc_ln64, i8 %p_ZN12_GLOBAL_N_110lineBufferE_0_load_23, i8 %p_ZN12_GLOBAL_N_110lineBufferE_1_load_23" [../src/gaussian_blur.cpp:93]   --->   Operation 260 'select' 'select_ln93_22' <Predicate = (!icmp_ln64)> <Delay = 0.39> <CoreInst = "Sel">   --->   Core 73 'Sel' <Latency = 0> <II = 1> <Delay = 0.39> <FuncUnit> <Opcode : 'select'> <InPorts = 3> <OutPorts = 1>
ST_7 : Operation 261 [1/1] (0.00ns)   --->   "%select_ln93_20_cast = zext i8 %select_ln93_20" [../src/gaussian_blur.cpp:93]   --->   Operation 261 'zext' 'select_ln93_20_cast' <Predicate = (!icmp_ln64)> <Delay = 0.00>
ST_7 : Operation 262 [1/1] (0.00ns)   --->   "%select_ln93_22_cast = zext i8 %select_ln93_22" [../src/gaussian_blur.cpp:93]   --->   Operation 262 'zext' 'select_ln93_22_cast' <Predicate = (!icmp_ln64)> <Delay = 0.00>
ST_7 : Operation 263 [1/1] (0.76ns)   --->   "%tmp3 = add i9 %select_ln93_20_cast, i9 %select_ln93_22_cast" [../src/gaussian_blur.cpp:93]   --->   Operation 263 'add' 'tmp3' <Predicate = (!icmp_ln64)> <Delay = 0.76> <CoreInst = "Adder">   --->   Core 1 'Adder' <Latency = 0> <II = 1> <Delay = 0.77> <FuncUnit> <Opcode : 'add' 'sub'> <InPorts = 2> <OutPorts = 1>
ST_7 : Operation 264 [1/1] (0.00ns)   --->   "%tmp15 = bitconcatenate i14 @_ssdm_op_BitConcatenate.i14.i10.i4, i10 %tmp141, i4 0" [../src/gaussian_blur.cpp:93]   --->   Operation 264 'bitconcatenate' 'tmp15' <Predicate = (!icmp_ln64)> <Delay = 0.00>
ST_7 : Operation 265 [1/1] (0.00ns)   --->   "%tmp15_cast27 = zext i14 %tmp15" [../src/gaussian_blur.cpp:93]   --->   Operation 265 'zext' 'tmp15_cast27' <Predicate = (!icmp_ln64)> <Delay = 0.00>
ST_7 : Operation 266 [1/1] (0.00ns)   --->   "%zext_ln91_3 = zext i14 %add_ln91_1" [../src/gaussian_blur.cpp:91]   --->   Operation 266 'zext' 'zext_ln91_3' <Predicate = (!icmp_ln64)> <Delay = 0.00>
ST_7 : Operation 267 [1/1] (0.83ns)   --->   "%add_ln91_2 = add i15 %zext_ln91_3, i15 %tmp15_cast27" [../src/gaussian_blur.cpp:91]   --->   Operation 267 'add' 'add_ln91_2' <Predicate = (!icmp_ln64)> <Delay = 0.83> <CoreInst = "Adder">   --->   Core 1 'Adder' <Latency = 0> <II = 1> <Delay = 0.84> <FuncUnit> <Opcode : 'add' 'sub'> <InPorts = 2> <OutPorts = 1>

State 8 <SV = 7> <Delay = 3.32>
ST_8 : Operation 268 [1/1] (0.00ns)   --->   "%tmp_33 = bitconcatenate i11 @_ssdm_op_BitConcatenate.i11.i3.i8, i3 %select_ln22_3_read, i8 %lshr_ln" [../src/gaussian_blur.cpp:93]   --->   Operation 268 'bitconcatenate' 'tmp_33' <Predicate = (!icmp_ln64)> <Delay = 0.00>
ST_8 : Operation 269 [1/1] (0.00ns)   --->   "%zext_ln93_4 = zext i11 %tmp_33" [../src/gaussian_blur.cpp:93]   --->   Operation 269 'zext' 'zext_ln93_4' <Predicate = (!icmp_ln64)> <Delay = 0.00>
ST_8 : Operation 270 [1/1] (0.00ns)   --->   "%p_ZN12_GLOBAL_N_110lineBufferE_0_addr_18 = getelementptr i8 %p_ZN12_GLOBAL_N_110lineBufferE_0, i64 0, i64 %zext_ln93_4" [../src/gaussian_blur.cpp:93]   --->   Operation 270 'getelementptr' 'p_ZN12_GLOBAL_N_110lineBufferE_0_addr_18' <Predicate = (!icmp_ln64 & !trunc_ln64)> <Delay = 0.00>
ST_8 : Operation 271 [1/1] (0.00ns)   --->   "%p_ZN12_GLOBAL_N_110lineBufferE_1_addr_18 = getelementptr i8 %p_ZN12_GLOBAL_N_110lineBufferE_1, i64 0, i64 %zext_ln93_4" [../src/gaussian_blur.cpp:93]   --->   Operation 271 'getelementptr' 'p_ZN12_GLOBAL_N_110lineBufferE_1_addr_18' <Predicate = (!icmp_ln64 & trunc_ln64)> <Delay = 0.00>
ST_8 : Operation 272 [1/1] (0.00ns)   --->   "%tmp_38 = bitconcatenate i11 @_ssdm_op_BitConcatenate.i11.i3.i8, i3 %select_ln22_3_read, i8 %lshr_ln3" [../src/gaussian_blur.cpp:93]   --->   Operation 272 'bitconcatenate' 'tmp_38' <Predicate = (!icmp_ln64)> <Delay = 0.00>
ST_8 : Operation 273 [1/1] (0.00ns)   --->   "%zext_ln93_12 = zext i11 %tmp_38" [../src/gaussian_blur.cpp:93]   --->   Operation 273 'zext' 'zext_ln93_12' <Predicate = (!icmp_ln64)> <Delay = 0.00>
ST_8 : Operation 274 [1/1] (0.00ns)   --->   "%p_ZN12_GLOBAL_N_110lineBufferE_0_addr_21 = getelementptr i8 %p_ZN12_GLOBAL_N_110lineBufferE_0, i64 0, i64 %zext_ln93_12" [../src/gaussian_blur.cpp:93]   --->   Operation 274 'getelementptr' 'p_ZN12_GLOBAL_N_110lineBufferE_0_addr_21' <Predicate = (!icmp_ln64 & !trunc_ln64)> <Delay = 0.00>
ST_8 : Operation 275 [1/1] (0.00ns)   --->   "%p_ZN12_GLOBAL_N_110lineBufferE_1_addr_21 = getelementptr i8 %p_ZN12_GLOBAL_N_110lineBufferE_1, i64 0, i64 %zext_ln93_12" [../src/gaussian_blur.cpp:93]   --->   Operation 275 'getelementptr' 'p_ZN12_GLOBAL_N_110lineBufferE_1_addr_21' <Predicate = (!icmp_ln64 & trunc_ln64)> <Delay = 0.00>
ST_8 : Operation 276 [1/1] (0.00ns)   --->   "%zext_ln93_13 = zext i8 %select_ln93_12" [../src/gaussian_blur.cpp:93]   --->   Operation 276 'zext' 'zext_ln93_13' <Predicate = (!icmp_ln64)> <Delay = 0.00>
ST_8 : Operation 277 [1/2] ( I:1.23ns O:1.23ns )   --->   "%p_ZN12_GLOBAL_N_110lineBufferE_0_load_17 = load i11 %p_ZN12_GLOBAL_N_110lineBufferE_0_addr_13" [../src/gaussian_blur.cpp:93]   --->   Operation 277 'load' 'p_ZN12_GLOBAL_N_110lineBufferE_0_load_17' <Predicate = (!icmp_ln64 & !trunc_ln64)> <Delay = 1.23> <CoreInst = "RAM">   --->   Core 82 'RAM' <Latency = 1> <II = 1> <Delay = 1.23> <Storage> <Opcode : 'load' 'store'> <Ports = 2> <Width = 8> <Depth = 1280> <RAM>
ST_8 : Operation 278 [1/2] ( I:1.23ns O:1.23ns )   --->   "%p_ZN12_GLOBAL_N_110lineBufferE_1_load_17 = load i11 %p_ZN12_GLOBAL_N_110lineBufferE_1_addr_13" [../src/gaussian_blur.cpp:93]   --->   Operation 278 'load' 'p_ZN12_GLOBAL_N_110lineBufferE_1_load_17' <Predicate = (!icmp_ln64 & trunc_ln64)> <Delay = 1.23> <CoreInst = "RAM">   --->   Core 82 'RAM' <Latency = 1> <II = 1> <Delay = 1.23> <Storage> <Opcode : 'load' 'store'> <Ports = 2> <Width = 8> <Depth = 1280> <RAM>
ST_8 : Operation 279 [1/1] (0.39ns)   --->   "%select_ln93_16 = select i1 %trunc_ln64, i8 %p_ZN12_GLOBAL_N_110lineBufferE_1_load_17, i8 %p_ZN12_GLOBAL_N_110lineBufferE_0_load_17" [../src/gaussian_blur.cpp:93]   --->   Operation 279 'select' 'select_ln93_16' <Predicate = (!icmp_ln64)> <Delay = 0.39> <CoreInst = "Sel">   --->   Core 73 'Sel' <Latency = 0> <II = 1> <Delay = 0.39> <FuncUnit> <Opcode : 'select'> <InPorts = 3> <OutPorts = 1>
ST_8 : Operation 280 [1/1] (0.00ns)   --->   "%zext_ln93_14 = zext i8 %select_ln93_16" [../src/gaussian_blur.cpp:93]   --->   Operation 280 'zext' 'zext_ln93_14' <Predicate = (!icmp_ln64)> <Delay = 0.00>
ST_8 : Operation 281 [1/2] ( I:1.23ns O:1.23ns )   --->   "%p_ZN12_GLOBAL_N_110lineBufferE_0_load_19 = load i11 %p_ZN12_GLOBAL_N_110lineBufferE_0_addr_20" [../src/gaussian_blur.cpp:93]   --->   Operation 281 'load' 'p_ZN12_GLOBAL_N_110lineBufferE_0_load_19' <Predicate = (!icmp_ln64 & !trunc_ln64)> <Delay = 1.23> <CoreInst = "RAM">   --->   Core 82 'RAM' <Latency = 1> <II = 1> <Delay = 1.23> <Storage> <Opcode : 'load' 'store'> <Ports = 2> <Width = 8> <Depth = 1280> <RAM>
ST_8 : Operation 282 [1/2] ( I:1.23ns O:1.23ns )   --->   "%p_ZN12_GLOBAL_N_110lineBufferE_1_load_19 = load i11 %p_ZN12_GLOBAL_N_110lineBufferE_1_addr_20" [../src/gaussian_blur.cpp:93]   --->   Operation 282 'load' 'p_ZN12_GLOBAL_N_110lineBufferE_1_load_19' <Predicate = (!icmp_ln64 & trunc_ln64)> <Delay = 1.23> <CoreInst = "RAM">   --->   Core 82 'RAM' <Latency = 1> <II = 1> <Delay = 1.23> <Storage> <Opcode : 'load' 'store'> <Ports = 2> <Width = 8> <Depth = 1280> <RAM>
ST_8 : Operation 283 [1/1] (0.39ns)   --->   "%select_ln93_18 = select i1 %trunc_ln64, i8 %p_ZN12_GLOBAL_N_110lineBufferE_1_load_19, i8 %p_ZN12_GLOBAL_N_110lineBufferE_0_load_19" [../src/gaussian_blur.cpp:93]   --->   Operation 283 'select' 'select_ln93_18' <Predicate = (!icmp_ln64)> <Delay = 0.39> <CoreInst = "Sel">   --->   Core 73 'Sel' <Latency = 0> <II = 1> <Delay = 0.39> <FuncUnit> <Opcode : 'select'> <InPorts = 3> <OutPorts = 1>
ST_8 : Operation 284 [2/2] (1.23ns)   --->   "%p_ZN12_GLOBAL_N_110lineBufferE_0_load_20 = load i11 %p_ZN12_GLOBAL_N_110lineBufferE_0_addr_21" [../src/gaussian_blur.cpp:93]   --->   Operation 284 'load' 'p_ZN12_GLOBAL_N_110lineBufferE_0_load_20' <Predicate = (!icmp_ln64 & !trunc_ln64)> <Delay = 1.23> <CoreInst = "RAM">   --->   Core 82 'RAM' <Latency = 1> <II = 1> <Delay = 1.23> <Storage> <Opcode : 'load' 'store'> <Ports = 2> <Width = 8> <Depth = 1280> <RAM>
ST_8 : Operation 285 [2/2] (1.23ns)   --->   "%p_ZN12_GLOBAL_N_110lineBufferE_1_load_20 = load i11 %p_ZN12_GLOBAL_N_110lineBufferE_1_addr_21" [../src/gaussian_blur.cpp:93]   --->   Operation 285 'load' 'p_ZN12_GLOBAL_N_110lineBufferE_1_load_20' <Predicate = (!icmp_ln64 & trunc_ln64)> <Delay = 1.23> <CoreInst = "RAM">   --->   Core 82 'RAM' <Latency = 1> <II = 1> <Delay = 1.23> <Storage> <Opcode : 'load' 'store'> <Ports = 2> <Width = 8> <Depth = 1280> <RAM>
ST_8 : Operation 286 [2/2] (1.23ns)   --->   "%p_ZN12_GLOBAL_N_110lineBufferE_0_load_22 = load i11 %p_ZN12_GLOBAL_N_110lineBufferE_0_addr_18" [../src/gaussian_blur.cpp:93]   --->   Operation 286 'load' 'p_ZN12_GLOBAL_N_110lineBufferE_0_load_22' <Predicate = (!icmp_ln64 & !trunc_ln64)> <Delay = 1.23> <CoreInst = "RAM">   --->   Core 82 'RAM' <Latency = 1> <II = 1> <Delay = 1.23> <Storage> <Opcode : 'load' 'store'> <Ports = 2> <Width = 8> <Depth = 1280> <RAM>
ST_8 : Operation 287 [2/2] (1.23ns)   --->   "%p_ZN12_GLOBAL_N_110lineBufferE_1_load_22 = load i11 %p_ZN12_GLOBAL_N_110lineBufferE_1_addr_18" [../src/gaussian_blur.cpp:93]   --->   Operation 287 'load' 'p_ZN12_GLOBAL_N_110lineBufferE_1_load_22' <Predicate = (!icmp_ln64 & trunc_ln64)> <Delay = 1.23> <CoreInst = "RAM">   --->   Core 82 'RAM' <Latency = 1> <II = 1> <Delay = 1.23> <Storage> <Opcode : 'load' 'store'> <Ports = 2> <Width = 8> <Depth = 1280> <RAM>
ST_8 : Operation 288 [1/1] (0.00ns)   --->   "%select_ln93_15_cast = zext i8 %select_ln93_14" [../src/gaussian_blur.cpp:93]   --->   Operation 288 'zext' 'select_ln93_15_cast' <Predicate = (!icmp_ln64)> <Delay = 0.00>
ST_8 : Operation 289 [1/1] (0.00ns)   --->   "%p_cast9 = zext i10 %empty_43" [../src/gaussian_blur.cpp:93]   --->   Operation 289 'zext' 'p_cast9' <Predicate = (!icmp_ln64)> <Delay = 0.00>
ST_8 : Operation 290 [1/1] (0.00ns)   --->   "%select_ln93_18_cast23 = zext i8 %select_ln93_18" [../src/gaussian_blur.cpp:93]   --->   Operation 290 'zext' 'select_ln93_18_cast23' <Predicate = (!icmp_ln64)> <Delay = 0.00>
ST_8 : Operation 291 [1/1] (0.00ns) (grouped into TernaryAdder)   --->   "%tmp1 = add i11 %p_cast9, i11 %select_ln93_15_cast" [../src/gaussian_blur.cpp:93]   --->   Operation 291 'add' 'tmp1' <Predicate = (!icmp_ln64)> <Delay = 0.00> <CoreInst = "TAddSub">   --->   Core 10 'TAddSub' <Latency = 0> <II = 1> <Delay = 0.45> <IPBlock> <Opcode : 'add' 'sub'> <InPorts = 3> <OutPorts = 1> <Sync> <CReg>
ST_8 : Operation 292 [1/1] (0.00ns)   --->   "%tmp3_cast = zext i9 %tmp3" [../src/gaussian_blur.cpp:93]   --->   Operation 292 'zext' 'tmp3_cast' <Predicate = (!icmp_ln64)> <Delay = 0.00>
ST_8 : Operation 293 [1/1] (0.77ns)   --->   "%tmp2 = add i10 %tmp3_cast, i10 %select_ln93_18_cast23" [../src/gaussian_blur.cpp:93]   --->   Operation 293 'add' 'tmp2' <Predicate = (!icmp_ln64)> <Delay = 0.77> <CoreInst = "Adder">   --->   Core 1 'Adder' <Latency = 0> <II = 1> <Delay = 0.78> <FuncUnit> <Opcode : 'add' 'sub'> <InPorts = 2> <OutPorts = 1>
ST_8 : Operation 294 [1/1] (0.00ns)   --->   "%tmp2_cast = zext i10 %tmp2" [../src/gaussian_blur.cpp:93]   --->   Operation 294 'zext' 'tmp2_cast' <Predicate = (!icmp_ln64)> <Delay = 0.00>
ST_8 : Operation 295 [1/1] (0.91ns) (root node of TernaryAdder)   --->   "%tmp63 = add i11 %tmp2_cast, i11 %tmp1" [../src/gaussian_blur.cpp:93]   --->   Operation 295 'add' 'tmp63' <Predicate = (!icmp_ln64)> <Delay = 0.91> <CoreInst = "TAddSub">   --->   Core 10 'TAddSub' <Latency = 0> <II = 1> <Delay = 0.45> <IPBlock> <Opcode : 'add' 'sub'> <InPorts = 3> <OutPorts = 1> <Sync> <CReg>
ST_8 : Operation 296 [1/1] (0.00ns)   --->   "%tmp8_cast = zext i9 %tmp8" [../src/gaussian_blur.cpp:93]   --->   Operation 296 'zext' 'tmp8_cast' <Predicate = (!icmp_ln64)> <Delay = 0.00>
ST_8 : Operation 297 [1/1] (0.76ns)   --->   "%tmp4 = add i9 %zext_ln93_13, i9 %zext_ln93_14" [../src/gaussian_blur.cpp:93]   --->   Operation 297 'add' 'tmp4' <Predicate = (!icmp_ln64)> <Delay = 0.76> <CoreInst = "Adder">   --->   Core 1 'Adder' <Latency = 0> <II = 1> <Delay = 0.77> <FuncUnit> <Opcode : 'add' 'sub'> <InPorts = 2> <OutPorts = 1>
ST_8 : Operation 298 [1/1] (0.00ns)   --->   "%tmp4_cast = zext i9 %tmp4" [../src/gaussian_blur.cpp:93]   --->   Operation 298 'zext' 'tmp4_cast' <Predicate = (!icmp_ln64)> <Delay = 0.00>
ST_8 : Operation 299 [1/1] (0.77ns)   --->   "%tmp10 = add i10 %tmp4_cast, i10 %tmp8_cast" [../src/gaussian_blur.cpp:93]   --->   Operation 299 'add' 'tmp10' <Predicate = (!icmp_ln64)> <Delay = 0.77> <CoreInst = "Adder">   --->   Core 1 'Adder' <Latency = 0> <II = 1> <Delay = 0.78> <FuncUnit> <Opcode : 'add' 'sub'> <InPorts = 2> <OutPorts = 1>

State 9 <SV = 8> <Delay = 3.17>
ST_9 : Operation 300 [1/1] (0.00ns)   --->   "%tmp_53 = bitconcatenate i11 @_ssdm_op_BitConcatenate.i11.i3.i8, i3 %select_ln22_3_read, i8 %add_ln93" [../src/gaussian_blur.cpp:93]   --->   Operation 300 'bitconcatenate' 'tmp_53' <Predicate = true> <Delay = 0.00>
ST_9 : Operation 301 [1/1] (0.00ns)   --->   "%zext_ln93_31 = zext i11 %tmp_53" [../src/gaussian_blur.cpp:93]   --->   Operation 301 'zext' 'zext_ln93_31' <Predicate = true> <Delay = 0.00>
ST_9 : Operation 302 [1/1] (0.00ns)   --->   "%p_ZN12_GLOBAL_N_110lineBufferE_0_addr_24 = getelementptr i8 %p_ZN12_GLOBAL_N_110lineBufferE_0, i64 0, i64 %zext_ln93_31" [../src/gaussian_blur.cpp:93]   --->   Operation 302 'getelementptr' 'p_ZN12_GLOBAL_N_110lineBufferE_0_addr_24' <Predicate = (!trunc_ln64)> <Delay = 0.00>
ST_9 : Operation 303 [1/1] (0.00ns)   --->   "%p_ZN12_GLOBAL_N_110lineBufferE_1_addr_24 = getelementptr i8 %p_ZN12_GLOBAL_N_110lineBufferE_1, i64 0, i64 %zext_ln93_31" [../src/gaussian_blur.cpp:93]   --->   Operation 303 'getelementptr' 'p_ZN12_GLOBAL_N_110lineBufferE_1_addr_24' <Predicate = (trunc_ln64)> <Delay = 0.00>
ST_9 : Operation 304 [1/1] (0.00ns)   --->   "%zext_ln20_1 = zext i8 %select_ln93_13" [../src/gaussian_blur.cpp:20->../src/gaussian_blur.cpp:79]   --->   Operation 304 'zext' 'zext_ln20_1' <Predicate = true> <Delay = 0.00>
ST_9 : Operation 305 [1/2] ( I:1.23ns O:1.23ns )   --->   "%p_ZN12_GLOBAL_N_110lineBufferE_0_load_20 = load i11 %p_ZN12_GLOBAL_N_110lineBufferE_0_addr_21" [../src/gaussian_blur.cpp:93]   --->   Operation 305 'load' 'p_ZN12_GLOBAL_N_110lineBufferE_0_load_20' <Predicate = (!trunc_ln64)> <Delay = 1.23> <CoreInst = "RAM">   --->   Core 82 'RAM' <Latency = 1> <II = 1> <Delay = 1.23> <Storage> <Opcode : 'load' 'store'> <Ports = 2> <Width = 8> <Depth = 1280> <RAM>
ST_9 : Operation 306 [1/2] ( I:1.23ns O:1.23ns )   --->   "%p_ZN12_GLOBAL_N_110lineBufferE_1_load_20 = load i11 %p_ZN12_GLOBAL_N_110lineBufferE_1_addr_21" [../src/gaussian_blur.cpp:93]   --->   Operation 306 'load' 'p_ZN12_GLOBAL_N_110lineBufferE_1_load_20' <Predicate = (trunc_ln64)> <Delay = 1.23> <CoreInst = "RAM">   --->   Core 82 'RAM' <Latency = 1> <II = 1> <Delay = 1.23> <Storage> <Opcode : 'load' 'store'> <Ports = 2> <Width = 8> <Depth = 1280> <RAM>
ST_9 : Operation 307 [1/1] (0.39ns)   --->   "%select_ln93_19 = select i1 %trunc_ln64, i8 %p_ZN12_GLOBAL_N_110lineBufferE_1_load_20, i8 %p_ZN12_GLOBAL_N_110lineBufferE_0_load_20" [../src/gaussian_blur.cpp:93]   --->   Operation 307 'select' 'select_ln93_19' <Predicate = true> <Delay = 0.39> <CoreInst = "Sel">   --->   Core 73 'Sel' <Latency = 0> <II = 1> <Delay = 0.39> <FuncUnit> <Opcode : 'select'> <InPorts = 3> <OutPorts = 1>
ST_9 : Operation 308 [1/2] ( I:1.23ns O:1.23ns )   --->   "%p_ZN12_GLOBAL_N_110lineBufferE_0_load_22 = load i11 %p_ZN12_GLOBAL_N_110lineBufferE_0_addr_18" [../src/gaussian_blur.cpp:93]   --->   Operation 308 'load' 'p_ZN12_GLOBAL_N_110lineBufferE_0_load_22' <Predicate = (!trunc_ln64)> <Delay = 1.23> <CoreInst = "RAM">   --->   Core 82 'RAM' <Latency = 1> <II = 1> <Delay = 1.23> <Storage> <Opcode : 'load' 'store'> <Ports = 2> <Width = 8> <Depth = 1280> <RAM>
ST_9 : Operation 309 [1/2] ( I:1.23ns O:1.23ns )   --->   "%p_ZN12_GLOBAL_N_110lineBufferE_1_load_22 = load i11 %p_ZN12_GLOBAL_N_110lineBufferE_1_addr_18" [../src/gaussian_blur.cpp:93]   --->   Operation 309 'load' 'p_ZN12_GLOBAL_N_110lineBufferE_1_load_22' <Predicate = (trunc_ln64)> <Delay = 1.23> <CoreInst = "RAM">   --->   Core 82 'RAM' <Latency = 1> <II = 1> <Delay = 1.23> <Storage> <Opcode : 'load' 'store'> <Ports = 2> <Width = 8> <Depth = 1280> <RAM>
ST_9 : Operation 310 [1/1] (0.39ns)   --->   "%select_ln93_21 = select i1 %trunc_ln64, i8 %p_ZN12_GLOBAL_N_110lineBufferE_1_load_22, i8 %p_ZN12_GLOBAL_N_110lineBufferE_0_load_22" [../src/gaussian_blur.cpp:93]   --->   Operation 310 'select' 'select_ln93_21' <Predicate = true> <Delay = 0.39> <CoreInst = "Sel">   --->   Core 73 'Sel' <Latency = 0> <II = 1> <Delay = 0.39> <FuncUnit> <Opcode : 'select'> <InPorts = 3> <OutPorts = 1>
ST_9 : Operation 311 [1/1] (0.00ns)   --->   "%zext_ln93_16 = zext i8 %select_ln93_21" [../src/gaussian_blur.cpp:93]   --->   Operation 311 'zext' 'zext_ln93_16' <Predicate = true> <Delay = 0.00>
ST_9 : Operation 312 [2/2] (1.23ns)   --->   "%p_ZN12_GLOBAL_N_110lineBufferE_0_load_24 = load i11 %p_ZN12_GLOBAL_N_110lineBufferE_0_addr_24" [../src/gaussian_blur.cpp:93]   --->   Operation 312 'load' 'p_ZN12_GLOBAL_N_110lineBufferE_0_load_24' <Predicate = (!trunc_ln64)> <Delay = 1.23> <CoreInst = "RAM">   --->   Core 82 'RAM' <Latency = 1> <II = 1> <Delay = 1.23> <Storage> <Opcode : 'load' 'store'> <Ports = 2> <Width = 8> <Depth = 1280> <RAM>
ST_9 : Operation 313 [2/2] (1.23ns)   --->   "%p_ZN12_GLOBAL_N_110lineBufferE_1_load_24 = load i11 %p_ZN12_GLOBAL_N_110lineBufferE_1_addr_24" [../src/gaussian_blur.cpp:93]   --->   Operation 313 'load' 'p_ZN12_GLOBAL_N_110lineBufferE_1_load_24' <Predicate = (trunc_ln64)> <Delay = 1.23> <CoreInst = "RAM">   --->   Core 82 'RAM' <Latency = 1> <II = 1> <Delay = 1.23> <Storage> <Opcode : 'load' 'store'> <Ports = 2> <Width = 8> <Depth = 1280> <RAM>
ST_9 : Operation 314 [1/1] (0.00ns)   --->   "%tmp16_cast = zext i9 %tmp16" [../src/gaussian_blur.cpp:93]   --->   Operation 314 'zext' 'tmp16_cast' <Predicate = true> <Delay = 0.00>
ST_9 : Operation 315 [1/1] (0.76ns)   --->   "%tmp6 = add i9 %zext_ln20_1, i9 %zext_ln93_16" [../src/gaussian_blur.cpp:20->../src/gaussian_blur.cpp:79]   --->   Operation 315 'add' 'tmp6' <Predicate = true> <Delay = 0.76> <CoreInst = "Adder">   --->   Core 1 'Adder' <Latency = 0> <II = 1> <Delay = 0.77> <FuncUnit> <Opcode : 'add' 'sub'> <InPorts = 2> <OutPorts = 1>
ST_9 : Operation 316 [1/1] (0.00ns)   --->   "%tmp6_cast = zext i9 %tmp6" [../src/gaussian_blur.cpp:20->../src/gaussian_blur.cpp:79]   --->   Operation 316 'zext' 'tmp6_cast' <Predicate = true> <Delay = 0.00>
ST_9 : Operation 317 [1/1] (0.77ns)   --->   "%tmp18 = add i10 %tmp6_cast, i10 %tmp16_cast" [../src/gaussian_blur.cpp:20->../src/gaussian_blur.cpp:79]   --->   Operation 317 'add' 'tmp18' <Predicate = true> <Delay = 0.77> <CoreInst = "Adder">   --->   Core 1 'Adder' <Latency = 0> <II = 1> <Delay = 0.78> <FuncUnit> <Opcode : 'add' 'sub'> <InPorts = 2> <OutPorts = 1>

State 10 <SV = 9> <Delay = 3.17>
ST_10 : Operation 318 [1/1] (0.00ns)   --->   "%zext_ln93_15 = zext i8 %select_ln93_19" [../src/gaussian_blur.cpp:93]   --->   Operation 318 'zext' 'zext_ln93_15' <Predicate = true> <Delay = 0.00>
ST_10 : Operation 319 [1/2] ( I:1.23ns O:1.23ns )   --->   "%p_ZN12_GLOBAL_N_110lineBufferE_0_load_24 = load i11 %p_ZN12_GLOBAL_N_110lineBufferE_0_addr_24" [../src/gaussian_blur.cpp:93]   --->   Operation 319 'load' 'p_ZN12_GLOBAL_N_110lineBufferE_0_load_24' <Predicate = (!trunc_ln64)> <Delay = 1.23> <CoreInst = "RAM">   --->   Core 82 'RAM' <Latency = 1> <II = 1> <Delay = 1.23> <Storage> <Opcode : 'load' 'store'> <Ports = 2> <Width = 8> <Depth = 1280> <RAM>
ST_10 : Operation 320 [1/2] ( I:1.23ns O:1.23ns )   --->   "%p_ZN12_GLOBAL_N_110lineBufferE_1_load_24 = load i11 %p_ZN12_GLOBAL_N_110lineBufferE_1_addr_24" [../src/gaussian_blur.cpp:93]   --->   Operation 320 'load' 'p_ZN12_GLOBAL_N_110lineBufferE_1_load_24' <Predicate = (trunc_ln64)> <Delay = 1.23> <CoreInst = "RAM">   --->   Core 82 'RAM' <Latency = 1> <II = 1> <Delay = 1.23> <Storage> <Opcode : 'load' 'store'> <Ports = 2> <Width = 8> <Depth = 1280> <RAM>
ST_10 : Operation 321 [1/1] (0.39ns)   --->   "%select_ln93_23 = select i1 %trunc_ln64, i8 %p_ZN12_GLOBAL_N_110lineBufferE_1_load_24, i8 %p_ZN12_GLOBAL_N_110lineBufferE_0_load_24" [../src/gaussian_blur.cpp:93]   --->   Operation 321 'select' 'select_ln93_23' <Predicate = true> <Delay = 0.39> <CoreInst = "Sel">   --->   Core 73 'Sel' <Latency = 0> <II = 1> <Delay = 0.39> <FuncUnit> <Opcode : 'select'> <InPorts = 3> <OutPorts = 1>
ST_10 : Operation 322 [1/1] (0.00ns)   --->   "%zext_ln91 = zext i8 %select_ln93_23" [../src/gaussian_blur.cpp:91]   --->   Operation 322 'zext' 'zext_ln91' <Predicate = true> <Delay = 0.00>
ST_10 : Operation 323 [1/1] (0.00ns)   --->   "%tmp7 = bitconcatenate i13 @_ssdm_op_BitConcatenate.i13.i11.i2, i11 %tmp63, i2 0" [../src/gaussian_blur.cpp:93]   --->   Operation 323 'bitconcatenate' 'tmp7' <Predicate = true> <Delay = 0.00>
ST_10 : Operation 324 [1/1] (0.00ns)   --->   "%tmp7_cast28 = zext i13 %tmp7" [../src/gaussian_blur.cpp:93]   --->   Operation 324 'zext' 'tmp7_cast28' <Predicate = true> <Delay = 0.00>
ST_10 : Operation 325 [1/1] (0.00ns)   --->   "%p_shl = bitconcatenate i13 @_ssdm_op_BitConcatenate.i13.i10.i3, i10 %tmp18, i3 0" [../src/gaussian_blur.cpp:20->../src/gaussian_blur.cpp:79]   --->   Operation 325 'bitconcatenate' 'p_shl' <Predicate = true> <Delay = 0.00>
ST_10 : Operation 326 [1/1] (0.00ns)   --->   "%tmp_22 = bitconcatenate i11 @_ssdm_op_BitConcatenate.i11.i10.i1, i10 %tmp18, i1 0" [../src/gaussian_blur.cpp:20->../src/gaussian_blur.cpp:79]   --->   Operation 326 'bitconcatenate' 'tmp_22' <Predicate = true> <Delay = 0.00>
ST_10 : Operation 327 [1/1] (0.00ns)   --->   "%p_shl57 = zext i11 %tmp_22" [../src/gaussian_blur.cpp:20->../src/gaussian_blur.cpp:79]   --->   Operation 327 'zext' 'p_shl57' <Predicate = true> <Delay = 0.00>
ST_10 : Operation 328 [1/1] (0.82ns)   --->   "%tmp19 = sub i13 %p_shl, i13 %p_shl57" [../src/gaussian_blur.cpp:20->../src/gaussian_blur.cpp:79]   --->   Operation 328 'sub' 'tmp19' <Predicate = true> <Delay = 0.82> <CoreInst = "Adder">   --->   Core 1 'Adder' <Latency = 0> <II = 1> <Delay = 0.82> <FuncUnit> <Opcode : 'add' 'sub'> <InPorts = 2> <OutPorts = 1>
ST_10 : Operation 329 [1/1] (0.00ns)   --->   "%zext_ln91_1 = zext i13 %tmp19" [../src/gaussian_blur.cpp:91]   --->   Operation 329 'zext' 'zext_ln91_1' <Predicate = true> <Delay = 0.00>
ST_10 : Operation 330 [1/1] (0.00ns) (grouped into TernaryAdder)   --->   "%add_ln91_4 = add i14 %zext_ln91_1, i14 %tmp7_cast28" [../src/gaussian_blur.cpp:91]   --->   Operation 330 'add' 'add_ln91_4' <Predicate = true> <Delay = 0.00> <CoreInst = "TAddSub">   --->   Core 10 'TAddSub' <Latency = 0> <II = 1> <Delay = 0.45> <IPBlock> <Opcode : 'add' 'sub'> <InPorts = 3> <OutPorts = 1> <Sync> <CReg>
ST_10 : Operation 331 [1/1] (0.76ns)   --->   "%add_ln91_5 = add i9 %zext_ln93_15, i9 %zext_ln91" [../src/gaussian_blur.cpp:91]   --->   Operation 331 'add' 'add_ln91_5' <Predicate = true> <Delay = 0.76> <CoreInst = "Adder">   --->   Core 1 'Adder' <Latency = 0> <II = 1> <Delay = 0.77> <FuncUnit> <Opcode : 'add' 'sub'> <InPorts = 2> <OutPorts = 1>
ST_10 : Operation 332 [1/1] (0.00ns)   --->   "%zext_ln91_5 = zext i9 %add_ln91_5" [../src/gaussian_blur.cpp:91]   --->   Operation 332 'zext' 'zext_ln91_5' <Predicate = true> <Delay = 0.00>
ST_10 : Operation 333 [1/1] (0.77ns) (root node of TernaryAdder)   --->   "%add_ln91_6 = add i14 %zext_ln91_5, i14 %add_ln91_4" [../src/gaussian_blur.cpp:91]   --->   Operation 333 'add' 'add_ln91_6' <Predicate = true> <Delay = 0.77> <CoreInst = "TAddSub">   --->   Core 10 'TAddSub' <Latency = 0> <II = 1> <Delay = 0.45> <IPBlock> <Opcode : 'add' 'sub'> <InPorts = 3> <OutPorts = 1> <Sync> <CReg>

State 11 <SV = 10> <Delay = 2.76>
ST_11 : Operation 334 [1/1] (0.00ns)   --->   "%zext_ln64 = zext i9 %column" [../src/gaussian_blur.cpp:64]   --->   Operation 334 'zext' 'zext_ln64' <Predicate = true> <Delay = 0.00>
ST_11 : Operation 335 [1/1] (0.00ns)   --->   "%specpipeline_ln64 = specpipeline void @_ssdm_op_SpecPipeline, i32 4294967295, i32 0, i32 0, i32 0, i32 4294967295, void @empty_0" [../src/gaussian_blur.cpp:64]   --->   Operation 335 'specpipeline' 'specpipeline_ln64' <Predicate = true> <Delay = 0.00>
ST_11 : Operation 336 [1/1] (0.00ns)   --->   "%speclooptripcount_ln64 = speclooptripcount void @_ssdm_op_SpecLoopTripCount, i64 508, i64 508, i64 508" [../src/gaussian_blur.cpp:64]   --->   Operation 336 'speclooptripcount' 'speclooptripcount_ln64' <Predicate = true> <Delay = 0.00>
ST_11 : Operation 337 [1/1] (0.00ns)   --->   "%specloopname_ln64 = specloopname void @_ssdm_op_SpecLoopName, void @empty_9" [../src/gaussian_blur.cpp:64]   --->   Operation 337 'specloopname' 'specloopname_ln64' <Predicate = true> <Delay = 0.00>
ST_11 : Operation 338 [1/1] (0.00ns)   --->   "%p_shl1 = bitconcatenate i15 @_ssdm_op_BitConcatenate.i15.i10.i5, i10 %tmp10, i5 0" [../src/gaussian_blur.cpp:93]   --->   Operation 338 'bitconcatenate' 'p_shl1' <Predicate = true> <Delay = 0.00>
ST_11 : Operation 339 [1/1] (0.00ns)   --->   "%tmp_21 = bitconcatenate i13 @_ssdm_op_BitConcatenate.i13.i10.i3, i10 %tmp10, i3 0" [../src/gaussian_blur.cpp:93]   --->   Operation 339 'bitconcatenate' 'tmp_21' <Predicate = true> <Delay = 0.00>
ST_11 : Operation 340 [1/1] (0.00ns)   --->   "%p_shl59 = zext i13 %tmp_21" [../src/gaussian_blur.cpp:93]   --->   Operation 340 'zext' 'p_shl59' <Predicate = true> <Delay = 0.00>
ST_11 : Operation 341 [1/1] (0.84ns)   --->   "%tmp11 = sub i15 %p_shl1, i15 %p_shl59" [../src/gaussian_blur.cpp:93]   --->   Operation 341 'sub' 'tmp11' <Predicate = true> <Delay = 0.84> <CoreInst = "Adder">   --->   Core 1 'Adder' <Latency = 0> <II = 1> <Delay = 0.84> <FuncUnit> <Opcode : 'add' 'sub'> <InPorts = 2> <OutPorts = 1>
ST_11 : Operation 342 [1/1] (0.00ns)   --->   "%tmp11_cast = zext i15 %tmp11" [../src/gaussian_blur.cpp:93]   --->   Operation 342 'zext' 'tmp11_cast' <Predicate = true> <Delay = 0.00>
ST_11 : Operation 343 [1/1] (0.00ns)   --->   "%zext_ln91_4 = zext i15 %add_ln91_2" [../src/gaussian_blur.cpp:91]   --->   Operation 343 'zext' 'zext_ln91_4' <Predicate = true> <Delay = 0.00>
ST_11 : Operation 344 [1/1] (0.00ns) (grouped into TernaryAdder)   --->   "%add_ln91_3 = add i16 %zext_ln91_4, i16 %tmp11_cast" [../src/gaussian_blur.cpp:91]   --->   Operation 344 'add' 'add_ln91_3' <Predicate = true> <Delay = 0.00> <CoreInst = "TAddSub">   --->   Core 10 'TAddSub' <Latency = 0> <II = 1> <Delay = 0.45> <IPBlock> <Opcode : 'add' 'sub'> <InPorts = 3> <OutPorts = 1> <Sync> <CReg>
ST_11 : Operation 345 [1/1] (0.00ns)   --->   "%zext_ln91_6 = zext i14 %add_ln91_6" [../src/gaussian_blur.cpp:91]   --->   Operation 345 'zext' 'zext_ln91_6' <Predicate = true> <Delay = 0.00>
ST_11 : Operation 346 [1/1] (0.68ns) (root node of TernaryAdder)   --->   "%sum_1 = add i16 %zext_ln91_6, i16 %add_ln91_3" [../src/gaussian_blur.cpp:91]   --->   Operation 346 'add' 'sum_1' <Predicate = true> <Delay = 0.68> <CoreInst = "TAddSub">   --->   Core 10 'TAddSub' <Latency = 0> <II = 1> <Delay = 0.45> <IPBlock> <Opcode : 'add' 'sub'> <InPorts = 3> <OutPorts = 1> <Sync> <CReg>
ST_11 : Operation 347 [1/1] (0.00ns)   --->   "%trunc_ln = partselect i8 @_ssdm_op_PartSelect.i8.i16.i32.i32, i16 %sum_1, i32 8, i32 15" [../src/gaussian_blur.cpp:100]   --->   Operation 347 'partselect' 'trunc_ln' <Predicate = true> <Delay = 0.00>
ST_11 : Operation 348 [1/1] (0.00ns)   --->   "%output_addr = getelementptr i8 %output_r, i64 0, i64 %zext_ln64" [../src/gaussian_blur.cpp:99]   --->   Operation 348 'getelementptr' 'output_addr' <Predicate = true> <Delay = 0.00>
ST_11 : Operation 349 [1/1] ( I:1.23ns O:1.23ns )   --->   "%store_ln99 = store i8 %trunc_ln, i9 %output_addr" [../src/gaussian_blur.cpp:99]   --->   Operation 349 'store' 'store_ln99' <Predicate = true> <Delay = 1.23> <CoreInst = "RAM">   --->   Core 82 'RAM' <Latency = 1> <II = 1> <Delay = 1.23> <Storage> <Opcode : 'load' 'store'> <Ports = 2> <Width = 8> <Depth = 512> <RAM>
ST_11 : Operation 350 [1/1] (0.00ns)   --->   "%br_ln64 = br void %VITIS_LOOP_67_3" [../src/gaussian_blur.cpp:64]   --->   Operation 350 'br' 'br_ln64' <Predicate = true> <Delay = 0.00>


============================================================
+ Verbose Summary: Binding
============================================================
STG Binding: 
---------------- STG Properties BEGIN ----------------
- Is combinational: 0
- Is one-state seq: 0
- Is datapath-only: 0
- Is pipelined: 0
- Is top level: 0
Port [ Return ] is wired: 1; IO mode=ap_ctrl_hs:ce=0
Port [ select_ln22]:  wired=1; compound=0; hidden=0; nouse=0; global=0; static=0; extern=0; dir=0; type=0; pingpong=0; private_global=0; IO mode=ap_none:ce=0
Port [ result_15]:  wired=1; compound=0; hidden=0; nouse=0; global=0; static=0; extern=0; dir=0; type=0; pingpong=0; private_global=0; IO mode=ap_none:ce=0
Port [ select_ln22_1]:  wired=1; compound=0; hidden=0; nouse=0; global=0; static=0; extern=0; dir=0; type=0; pingpong=0; private_global=0; IO mode=ap_none:ce=0
Port [ select_ln22_2]:  wired=1; compound=0; hidden=0; nouse=0; global=0; static=0; extern=0; dir=0; type=0; pingpong=0; private_global=0; IO mode=ap_none:ce=0
Port [ select_ln22_3]:  wired=1; compound=0; hidden=0; nouse=0; global=0; static=0; extern=0; dir=0; type=0; pingpong=0; private_global=0; IO mode=ap_none:ce=0
Port [ output_r]:  wired=1; compound=1; hidden=0; nouse=0; global=0; static=0; extern=0; dir=1; type=1; pingpong=1; private_global=0; MemPort=[03]; IO mode=ap_memory:ce=0
Port [ p_ZN12_GLOBAL_N_110lineBufferE_0]:  wired=1; compound=1; hidden=0; nouse=0; global=1; static=1; extern=0; dir=0; type=1; pingpong=0; private_global=0; MemPort=[11]; IO mode=ap_memory:ce=0
Port [ p_ZN12_GLOBAL_N_110lineBufferE_1]:  wired=1; compound=1; hidden=0; nouse=0; global=1; static=1; extern=0; dir=0; type=1; pingpong=0; private_global=0; MemPort=[11]; IO mode=ap_memory:ce=0
---------------- STG Properties END ------------------

---------------- Datapath Model BEGIN ----------------

<LifeTime>
<method=bitvector/>
column_4                                 (alloca           ) [ 011000000000]
select_ln22_3_read                       (read             ) [ 011111111100]
select_ln22_2_read                       (read             ) [ 001111110000]
select_ln22_1_read                       (read             ) [ 001111100000]
result_15_read                           (read             ) [ 001110000000]
select_ln22_read                         (read             ) [ 001100000000]
store_ln64                               (store            ) [ 000000000000]
br_ln0                                   (br               ) [ 000000000000]
column                                   (load             ) [ 011111111111]
icmp_ln64                                (icmp             ) [ 011111111000]
br_ln64                                  (br               ) [ 000000000000]
trunc_ln64                               (trunc            ) [ 011111111110]
lshr_ln                                  (partselect       ) [ 000111111000]
tmp_s                                    (bitconcatenate   ) [ 000000000000]
zext_ln93                                (zext             ) [ 000000000000]
p_ZN12_GLOBAL_N_110lineBufferE_0_addr    (getelementptr    ) [ 000100000000]
p_ZN12_GLOBAL_N_110lineBufferE_1_addr    (getelementptr    ) [ 000100000000]
add_ln89                                 (add              ) [ 000000000000]
lshr_ln3                                 (partselect       ) [ 000111111000]
tmp_34                                   (bitconcatenate   ) [ 000000000000]
zext_ln93_5                              (zext             ) [ 000000000000]
p_ZN12_GLOBAL_N_110lineBufferE_0_addr_1  (getelementptr    ) [ 000100000000]
p_ZN12_GLOBAL_N_110lineBufferE_1_addr_1  (getelementptr    ) [ 000100000000]
add_ln89_1                               (add              ) [ 000000000000]
lshr_ln93_1                              (partselect       ) [ 000111100000]
tmp_39                                   (bitconcatenate   ) [ 000000000000]
zext_ln93_17                             (zext             ) [ 000000000000]
p_ZN12_GLOBAL_N_110lineBufferE_0_addr_2  (getelementptr    ) [ 000100000000]
p_ZN12_GLOBAL_N_110lineBufferE_1_addr_2  (getelementptr    ) [ 000100000000]
add_ln89_2                               (add              ) [ 000000000000]
lshr_ln93_2                              (partselect       ) [ 000111100000]
tmp_44                                   (bitconcatenate   ) [ 000000000000]
zext_ln93_22                             (zext             ) [ 000000000000]
p_ZN12_GLOBAL_N_110lineBufferE_0_addr_4  (getelementptr    ) [ 000100000000]
p_ZN12_GLOBAL_N_110lineBufferE_1_addr_4  (getelementptr    ) [ 000100000000]
store_ln64                               (store            ) [ 000000000000]
tmp_35                                   (bitconcatenate   ) [ 000000000000]
zext_ln93_6                              (zext             ) [ 000000000000]
p_ZN12_GLOBAL_N_110lineBufferE_0_addr_6  (getelementptr    ) [ 000010000000]
p_ZN12_GLOBAL_N_110lineBufferE_1_addr_6  (getelementptr    ) [ 000010000000]
p_ZN12_GLOBAL_N_110lineBufferE_0_load    (load             ) [ 000000000000]
p_ZN12_GLOBAL_N_110lineBufferE_1_load    (load             ) [ 000000000000]
sum                                      (select           ) [ 000010000000]
tmp_40                                   (bitconcatenate   ) [ 000000000000]
zext_ln93_18                             (zext             ) [ 000000000000]
p_ZN12_GLOBAL_N_110lineBufferE_0_addr_7  (getelementptr    ) [ 000010000000]
p_ZN12_GLOBAL_N_110lineBufferE_1_addr_7  (getelementptr    ) [ 000010000000]
p_ZN12_GLOBAL_N_110lineBufferE_0_load_1  (load             ) [ 000000000000]
p_ZN12_GLOBAL_N_110lineBufferE_1_load_1  (load             ) [ 000000000000]
select_ln93                              (select           ) [ 000000000000]
p_ZN12_GLOBAL_N_110lineBufferE_0_load_2  (load             ) [ 000000000000]
p_ZN12_GLOBAL_N_110lineBufferE_1_load_2  (load             ) [ 000000000000]
select_ln93_1                            (select           ) [ 000011100000]
tmp_45                                   (bitconcatenate   ) [ 000000000000]
zext_ln93_23                             (zext             ) [ 000000000000]
p_ZN12_GLOBAL_N_110lineBufferE_0_addr_9  (getelementptr    ) [ 000010000000]
p_ZN12_GLOBAL_N_110lineBufferE_1_addr_9  (getelementptr    ) [ 000010000000]
p_ZN12_GLOBAL_N_110lineBufferE_0_load_3  (load             ) [ 000000000000]
p_ZN12_GLOBAL_N_110lineBufferE_1_load_3  (load             ) [ 000000000000]
select_ln93_2                            (select           ) [ 000000000000]
add_ln93                                 (add              ) [ 010011111100]
tmp_49                                   (bitconcatenate   ) [ 000000000000]
zext_ln93_27                             (zext             ) [ 000000000000]
p_ZN12_GLOBAL_N_110lineBufferE_0_addr_5  (getelementptr    ) [ 000010000000]
p_ZN12_GLOBAL_N_110lineBufferE_1_addr_5  (getelementptr    ) [ 000010000000]
select_ln93_1_cast                       (zext             ) [ 000000000000]
select_ln93_3_cast                       (zext             ) [ 000000000000]
empty                                    (add              ) [ 000011000000]
tmp_30                                   (bitconcatenate   ) [ 000000000000]
zext_ln93_1                              (zext             ) [ 000000000000]
p_ZN12_GLOBAL_N_110lineBufferE_0_addr_3  (getelementptr    ) [ 000001000000]
p_ZN12_GLOBAL_N_110lineBufferE_1_addr_3  (getelementptr    ) [ 000001000000]
zext_ln65                                (zext             ) [ 000000000000]
tmp_41                                   (bitconcatenate   ) [ 000000000000]
zext_ln93_19                             (zext             ) [ 000000000000]
p_ZN12_GLOBAL_N_110lineBufferE_0_addr_12 (getelementptr    ) [ 000001000000]
p_ZN12_GLOBAL_N_110lineBufferE_1_addr_12 (getelementptr    ) [ 000001000000]
tmp_46                                   (bitconcatenate   ) [ 000000000000]
zext_ln93_24                             (zext             ) [ 000000000000]
p_ZN12_GLOBAL_N_110lineBufferE_0_addr_14 (getelementptr    ) [ 000001000000]
p_ZN12_GLOBAL_N_110lineBufferE_1_addr_14 (getelementptr    ) [ 000001000000]
tmp_50                                   (bitconcatenate   ) [ 000000000000]
zext_ln93_28                             (zext             ) [ 000000000000]
p_ZN12_GLOBAL_N_110lineBufferE_0_addr_10 (getelementptr    ) [ 000001000000]
p_ZN12_GLOBAL_N_110lineBufferE_1_addr_10 (getelementptr    ) [ 000001000000]
p_ZN12_GLOBAL_N_110lineBufferE_0_load_4  (load             ) [ 000000000000]
p_ZN12_GLOBAL_N_110lineBufferE_1_load_4  (load             ) [ 000000000000]
select_ln93_3                            (select           ) [ 000000000000]
zext_ln20                                (zext             ) [ 000000000000]
p_ZN12_GLOBAL_N_110lineBufferE_0_load_5  (load             ) [ 000000000000]
p_ZN12_GLOBAL_N_110lineBufferE_1_load_5  (load             ) [ 000000000000]
select_ln93_4                            (select           ) [ 000001000000]
p_ZN12_GLOBAL_N_110lineBufferE_0_load_6  (load             ) [ 000000000000]
p_ZN12_GLOBAL_N_110lineBufferE_1_load_6  (load             ) [ 000000000000]
select_ln93_5                            (select           ) [ 000000000000]
p_ZN12_GLOBAL_N_110lineBufferE_0_load_8  (load             ) [ 000000000000]
p_ZN12_GLOBAL_N_110lineBufferE_1_load_8  (load             ) [ 000000000000]
select_ln93_7                            (select           ) [ 000000000000]
select_ln93_6_cast                       (zext             ) [ 000000000000]
select_ln93_8_cast                       (zext             ) [ 000000000000]
empty_44                                 (add              ) [ 000001100000]
add_ln91                                 (add              ) [ 000001100000]
tmp_31                                   (bitconcatenate   ) [ 000000000000]
zext_ln93_2                              (zext             ) [ 000000000000]
p_ZN12_GLOBAL_N_110lineBufferE_0_addr_8  (getelementptr    ) [ 000000100000]
p_ZN12_GLOBAL_N_110lineBufferE_1_addr_8  (getelementptr    ) [ 000000100000]
tmp_36                                   (bitconcatenate   ) [ 000000000000]
zext_ln93_7                              (zext             ) [ 000000000000]
p_ZN12_GLOBAL_N_110lineBufferE_0_addr_11 (getelementptr    ) [ 000000100000]
p_ZN12_GLOBAL_N_110lineBufferE_1_addr_11 (getelementptr    ) [ 000000100000]
tmp_42                                   (bitconcatenate   ) [ 000000000000]
zext_ln93_20                             (zext             ) [ 000000000000]
p_ZN12_GLOBAL_N_110lineBufferE_0_addr_17 (getelementptr    ) [ 000000100000]
p_ZN12_GLOBAL_N_110lineBufferE_1_addr_17 (getelementptr    ) [ 000000100000]
tmp_47                                   (bitconcatenate   ) [ 000000000000]
zext_ln93_25                             (zext             ) [ 000000000000]
p_ZN12_GLOBAL_N_110lineBufferE_0_addr_19 (getelementptr    ) [ 000000100000]
p_ZN12_GLOBAL_N_110lineBufferE_1_addr_19 (getelementptr    ) [ 000000100000]
p_ZN12_GLOBAL_N_110lineBufferE_0_load_7  (load             ) [ 000000000000]
p_ZN12_GLOBAL_N_110lineBufferE_1_load_7  (load             ) [ 000000000000]
select_ln93_6                            (select           ) [ 000000000000]
zext_ln93_9                              (zext             ) [ 000000000000]
p_ZN12_GLOBAL_N_110lineBufferE_0_load_9  (load             ) [ 000000000000]
p_ZN12_GLOBAL_N_110lineBufferE_1_load_9  (load             ) [ 000000000000]
select_ln93_8                            (select           ) [ 000000000000]
p_ZN12_GLOBAL_N_110lineBufferE_0_load_11 (load             ) [ 000000000000]
p_ZN12_GLOBAL_N_110lineBufferE_1_load_11 (load             ) [ 000000000000]
select_ln93_10                           (select           ) [ 000000000000]
zext_ln93_11                             (zext             ) [ 000000000000]
p_ZN12_GLOBAL_N_110lineBufferE_0_load_13 (load             ) [ 000000000000]
p_ZN12_GLOBAL_N_110lineBufferE_1_load_13 (load             ) [ 000000000000]
select_ln93_12                           (select           ) [ 000000111000]
select_ln93_4_cast                       (zext             ) [ 000000000000]
p_cast                                   (zext             ) [ 000000000000]
select_ln93_8_cast22                     (zext             ) [ 000000000000]
tmp                                      (add              ) [ 000000000000]
tmp_cast                                 (zext             ) [ 000000000000]
empty_43                                 (add              ) [ 000000111000]
tmp8                                     (add              ) [ 000000111000]
tmp_37                                   (bitconcatenate   ) [ 000000000000]
zext_ln93_8                              (zext             ) [ 000000000000]
p_ZN12_GLOBAL_N_110lineBufferE_0_addr_16 (getelementptr    ) [ 000000010000]
p_ZN12_GLOBAL_N_110lineBufferE_1_addr_16 (getelementptr    ) [ 000000010000]
tmp_43                                   (bitconcatenate   ) [ 000000000000]
zext_ln93_21                             (zext             ) [ 000000000000]
p_ZN12_GLOBAL_N_110lineBufferE_0_addr_22 (getelementptr    ) [ 000000010000]
p_ZN12_GLOBAL_N_110lineBufferE_1_addr_22 (getelementptr    ) [ 000000010000]
zext_ln89                                (zext             ) [ 000000000000]
tmp_48                                   (bitconcatenate   ) [ 000000000000]
zext_ln93_26                             (zext             ) [ 000000000000]
p_ZN12_GLOBAL_N_110lineBufferE_0_addr_23 (getelementptr    ) [ 000000010000]
p_ZN12_GLOBAL_N_110lineBufferE_1_addr_23 (getelementptr    ) [ 000000010000]
tmp_51                                   (bitconcatenate   ) [ 000000000000]
zext_ln93_29                             (zext             ) [ 000000000000]
p_ZN12_GLOBAL_N_110lineBufferE_0_addr_15 (getelementptr    ) [ 000000010000]
p_ZN12_GLOBAL_N_110lineBufferE_1_addr_15 (getelementptr    ) [ 000000010000]
p_ZN12_GLOBAL_N_110lineBufferE_0_load_10 (load             ) [ 000000000000]
p_ZN12_GLOBAL_N_110lineBufferE_1_load_10 (load             ) [ 000000000000]
select_ln93_9                            (select           ) [ 000000000000]
zext_ln93_10                             (zext             ) [ 000000000000]
p_ZN12_GLOBAL_N_110lineBufferE_0_load_12 (load             ) [ 000000000000]
p_ZN12_GLOBAL_N_110lineBufferE_1_load_12 (load             ) [ 000000000000]
select_ln93_11                           (select           ) [ 000000000000]
p_ZN12_GLOBAL_N_110lineBufferE_0_load_16 (load             ) [ 000000000000]
p_ZN12_GLOBAL_N_110lineBufferE_1_load_16 (load             ) [ 000000000000]
select_ln93_15                           (select           ) [ 000000000000]
p_ZN12_GLOBAL_N_110lineBufferE_0_load_18 (load             ) [ 000000000000]
p_ZN12_GLOBAL_N_110lineBufferE_1_load_18 (load             ) [ 000000000000]
select_ln93_17                           (select           ) [ 000000000000]
tmp_19                                   (bitconcatenate   ) [ 000000000000]
zext_ln91_7                              (zext             ) [ 000000000000]
tmp_20                                   (bitconcatenate   ) [ 000000000000]
zext_ln91_8                              (zext             ) [ 000000000000]
add_ln91_7                               (add              ) [ 000000000000]
select_ln93_15_cast25                    (zext             ) [ 000000000000]
p_cast10                                 (zext             ) [ 000000000000]
select_ln93_17_cast                      (zext             ) [ 000000000000]
tmp5                                     (add              ) [ 000000000000]
tmp5_cast                                (zext             ) [ 000000000000]
tmp141                                   (add              ) [ 000000010000]
tmp16                                    (add              ) [ 010000011100]
zext_ln91_2                              (zext             ) [ 000000000000]
add_ln91_1                               (add              ) [ 000000010000]
tmp_32                                   (bitconcatenate   ) [ 000000000000]
zext_ln93_3                              (zext             ) [ 000000000000]
p_ZN12_GLOBAL_N_110lineBufferE_0_addr_13 (getelementptr    ) [ 000000001000]
p_ZN12_GLOBAL_N_110lineBufferE_1_addr_13 (getelementptr    ) [ 000000001000]
tmp_52                                   (bitconcatenate   ) [ 000000000000]
zext_ln93_30                             (zext             ) [ 000000000000]
p_ZN12_GLOBAL_N_110lineBufferE_0_addr_20 (getelementptr    ) [ 000000001000]
p_ZN12_GLOBAL_N_110lineBufferE_1_addr_20 (getelementptr    ) [ 000000001000]
p_ZN12_GLOBAL_N_110lineBufferE_0_load_14 (load             ) [ 000000000000]
p_ZN12_GLOBAL_N_110lineBufferE_1_load_14 (load             ) [ 000000000000]
select_ln93_13                           (select           ) [ 010000001100]
p_ZN12_GLOBAL_N_110lineBufferE_0_load_15 (load             ) [ 000000000000]
p_ZN12_GLOBAL_N_110lineBufferE_1_load_15 (load             ) [ 000000000000]
select_ln93_14                           (select           ) [ 000000001000]
p_ZN12_GLOBAL_N_110lineBufferE_0_load_21 (load             ) [ 000000000000]
p_ZN12_GLOBAL_N_110lineBufferE_1_load_21 (load             ) [ 000000000000]
select_ln93_20                           (select           ) [ 000000000000]
p_ZN12_GLOBAL_N_110lineBufferE_0_load_23 (load             ) [ 000000000000]
p_ZN12_GLOBAL_N_110lineBufferE_1_load_23 (load             ) [ 000000000000]
select_ln93_22                           (select           ) [ 000000000000]
select_ln93_20_cast                      (zext             ) [ 000000000000]
select_ln93_22_cast                      (zext             ) [ 000000000000]
tmp3                                     (add              ) [ 000000001000]
tmp15                                    (bitconcatenate   ) [ 000000000000]
tmp15_cast27                             (zext             ) [ 000000000000]
zext_ln91_3                              (zext             ) [ 000000000000]
add_ln91_2                               (add              ) [ 011100001111]
tmp_33                                   (bitconcatenate   ) [ 000000000000]
zext_ln93_4                              (zext             ) [ 000000000000]
p_ZN12_GLOBAL_N_110lineBufferE_0_addr_18 (getelementptr    ) [ 010000000100]
p_ZN12_GLOBAL_N_110lineBufferE_1_addr_18 (getelementptr    ) [ 010000000100]
tmp_38                                   (bitconcatenate   ) [ 000000000000]
zext_ln93_12                             (zext             ) [ 000000000000]
p_ZN12_GLOBAL_N_110lineBufferE_0_addr_21 (getelementptr    ) [ 010000000100]
p_ZN12_GLOBAL_N_110lineBufferE_1_addr_21 (getelementptr    ) [ 010000000100]
zext_ln93_13                             (zext             ) [ 000000000000]
p_ZN12_GLOBAL_N_110lineBufferE_0_load_17 (load             ) [ 000000000000]
p_ZN12_GLOBAL_N_110lineBufferE_1_load_17 (load             ) [ 000000000000]
select_ln93_16                           (select           ) [ 000000000000]
zext_ln93_14                             (zext             ) [ 000000000000]
p_ZN12_GLOBAL_N_110lineBufferE_0_load_19 (load             ) [ 000000000000]
p_ZN12_GLOBAL_N_110lineBufferE_1_load_19 (load             ) [ 000000000000]
select_ln93_18                           (select           ) [ 000000000000]
select_ln93_15_cast                      (zext             ) [ 000000000000]
p_cast9                                  (zext             ) [ 000000000000]
select_ln93_18_cast23                    (zext             ) [ 000000000000]
tmp1                                     (add              ) [ 000000000000]
tmp3_cast                                (zext             ) [ 000000000000]
tmp2                                     (add              ) [ 000000000000]
tmp2_cast                                (zext             ) [ 000000000000]
tmp63                                    (add              ) [ 011000000110]
tmp8_cast                                (zext             ) [ 000000000000]
tmp4                                     (add              ) [ 000000000000]
tmp4_cast                                (zext             ) [ 000000000000]
tmp10                                    (add              ) [ 011100000111]
tmp_53                                   (bitconcatenate   ) [ 000000000000]
zext_ln93_31                             (zext             ) [ 000000000000]
p_ZN12_GLOBAL_N_110lineBufferE_0_addr_24 (getelementptr    ) [ 001000000010]
p_ZN12_GLOBAL_N_110lineBufferE_1_addr_24 (getelementptr    ) [ 001000000010]
zext_ln20_1                              (zext             ) [ 000000000000]
p_ZN12_GLOBAL_N_110lineBufferE_0_load_20 (load             ) [ 000000000000]
p_ZN12_GLOBAL_N_110lineBufferE_1_load_20 (load             ) [ 000000000000]
select_ln93_19                           (select           ) [ 001000000010]
p_ZN12_GLOBAL_N_110lineBufferE_0_load_22 (load             ) [ 000000000000]
p_ZN12_GLOBAL_N_110lineBufferE_1_load_22 (load             ) [ 000000000000]
select_ln93_21                           (select           ) [ 000000000000]
zext_ln93_16                             (zext             ) [ 000000000000]
tmp16_cast                               (zext             ) [ 000000000000]
tmp6                                     (add              ) [ 000000000000]
tmp6_cast                                (zext             ) [ 000000000000]
tmp18                                    (add              ) [ 001000000010]
zext_ln93_15                             (zext             ) [ 000000000000]
p_ZN12_GLOBAL_N_110lineBufferE_0_load_24 (load             ) [ 000000000000]
p_ZN12_GLOBAL_N_110lineBufferE_1_load_24 (load             ) [ 000000000000]
select_ln93_23                           (select           ) [ 000000000000]
zext_ln91                                (zext             ) [ 000000000000]
tmp7                                     (bitconcatenate   ) [ 000000000000]
tmp7_cast28                              (zext             ) [ 000000000000]
p_shl                                    (bitconcatenate   ) [ 000000000000]
tmp_22                                   (bitconcatenate   ) [ 000000000000]
p_shl57                                  (zext             ) [ 000000000000]
tmp19                                    (sub              ) [ 000000000000]
zext_ln91_1                              (zext             ) [ 000000000000]
add_ln91_4                               (add              ) [ 000000000000]
add_ln91_5                               (add              ) [ 000000000000]
zext_ln91_5                              (zext             ) [ 000000000000]
add_ln91_6                               (add              ) [ 000100000001]
zext_ln64                                (zext             ) [ 000000000000]
specpipeline_ln64                        (specpipeline     ) [ 000000000000]
speclooptripcount_ln64                   (speclooptripcount) [ 000000000000]
specloopname_ln64                        (specloopname     ) [ 000000000000]
p_shl1                                   (bitconcatenate   ) [ 000000000000]
tmp_21                                   (bitconcatenate   ) [ 000000000000]
p_shl59                                  (zext             ) [ 000000000000]
tmp11                                    (sub              ) [ 000000000000]
tmp11_cast                               (zext             ) [ 000000000000]
zext_ln91_4                              (zext             ) [ 000000000000]
add_ln91_3                               (add              ) [ 000000000000]
zext_ln91_6                              (zext             ) [ 000000000000]
sum_1                                    (add              ) [ 000000000000]
trunc_ln                                 (partselect       ) [ 000000000000]
output_addr                              (getelementptr    ) [ 000000000000]
store_ln99                               (store            ) [ 000000000000]
br_ln64                                  (br               ) [ 000000000000]
ret_ln0                                  (ret              ) [ 000000000000]
</LifeTime>

<model>

<comp_list>
<comp id="0" class="1000" name="select_ln22">
<pin_list>
<pin id="1" dir="1" index="0" bw="1" slack="0"/>
</pin_list>
<bind>
<StgValue><ssdm name="select_ln22"/></StgValue>
</bind>
</comp>

<comp id="2" class="1000" name="result_15">
<pin_list>
<pin id="3" dir="1" index="0" bw="1" slack="0"/>
</pin_list>
<bind>
<StgValue><ssdm name="result_15"/></StgValue>
</bind>
</comp>

<comp id="4" class="1000" name="select_ln22_1">
<pin_list>
<pin id="5" dir="1" index="0" bw="1" slack="0"/>
</pin_list>
<bind>
<StgValue><ssdm name="select_ln22_1"/></StgValue>
</bind>
</comp>

<comp id="6" class="1000" name="select_ln22_2">
<pin_list>
<pin id="7" dir="1" index="0" bw="1" slack="0"/>
</pin_list>
<bind>
<StgValue><ssdm name="select_ln22_2"/></StgValue>
</bind>
</comp>

<comp id="8" class="1000" name="select_ln22_3">
<pin_list>
<pin id="9" dir="1" index="0" bw="1" slack="0"/>
</pin_list>
<bind>
<StgValue><ssdm name="select_ln22_3"/></StgValue>
</bind>
</comp>

<comp id="10" class="1000" name="output_r">
<pin_list>
<pin id="11" dir="1" index="0" bw="1" slack="0"/>
</pin_list>
<bind>
<StgValue><ssdm name="output_r"/><MemPortTyVec>0 3 </MemPortTyVec>
</StgValue>
</bind>
</comp>

<comp id="12" class="1000" name="p_ZN12_GLOBAL_N_110lineBufferE_0">
<pin_list>
<pin id="13" dir="1" index="0" bw="1" slack="0"/>
</pin_list>
<bind>
<StgValue><ssdm name="p_ZN12_GLOBAL_N_110lineBufferE_0"/><MemPortTyVec>1 1 </MemPortTyVec>
</StgValue>
</bind>
</comp>

<comp id="14" class="1000" name="p_ZN12_GLOBAL_N_110lineBufferE_1">
<pin_list>
<pin id="15" dir="1" index="0" bw="1" slack="0"/>
</pin_list>
<bind>
<StgValue><ssdm name="p_ZN12_GLOBAL_N_110lineBufferE_1"/><MemPortTyVec>1 1 </MemPortTyVec>
</StgValue>
</bind>
</comp>

<comp id="16" class="1001" name="const_16">
<pin_list>
<pin id="17" dir="1" index="0" bw="1" slack="0"/>
</pin_list>
<bind>
<StgValue><ssdm name=""/></StgValue>
</bind>
</comp>

<comp id="18" class="1001" name="const_18">
<pin_list>
<pin id="19" dir="1" index="0" bw="1" slack="0"/>
</pin_list>
<bind>
<StgValue><ssdm name="_ssdm_op_Read.ap_auto.i3"/></StgValue>
</bind>
</comp>

<comp id="20" class="1001" name="const_20">
<pin_list>
<pin id="21" dir="1" index="0" bw="1" slack="0"/>
</pin_list>
<bind>
<StgValue><ssdm name=""/></StgValue>
</bind>
</comp>

<comp id="22" class="1001" name="const_22">
<pin_list>
<pin id="23" dir="1" index="0" bw="1" slack="0"/>
</pin_list>
<bind>
<StgValue><ssdm name=""/></StgValue>
</bind>
</comp>

<comp id="24" class="1001" name="const_24">
<pin_list>
<pin id="25" dir="1" index="0" bw="1" slack="0"/>
</pin_list>
<bind>
<StgValue><ssdm name="_ssdm_op_PartSelect.i8.i9.i32.i32"/></StgValue>
</bind>
</comp>

<comp id="26" class="1001" name="const_26">
<pin_list>
<pin id="27" dir="1" index="0" bw="1" slack="0"/>
</pin_list>
<bind>
<StgValue><ssdm name=""/></StgValue>
</bind>
</comp>

<comp id="28" class="1001" name="const_28">
<pin_list>
<pin id="29" dir="1" index="0" bw="1" slack="0"/>
</pin_list>
<bind>
<StgValue><ssdm name="_ssdm_op_BitConcatenate.i11.i3.i8"/></StgValue>
</bind>
</comp>

<comp id="30" class="1001" name="const_30">
<pin_list>
<pin id="31" dir="1" index="0" bw="1" slack="0"/>
</pin_list>
<bind>
<StgValue><ssdm name=""/></StgValue>
</bind>
</comp>

<comp id="32" class="1001" name="const_32">
<pin_list>
<pin id="33" dir="1" index="0" bw="1" slack="0"/>
</pin_list>
<bind>
<StgValue><ssdm name=""/></StgValue>
</bind>
</comp>

<comp id="34" class="1001" name="const_34">
<pin_list>
<pin id="35" dir="1" index="0" bw="1" slack="0"/>
</pin_list>
<bind>
<StgValue><ssdm name=""/></StgValue>
</bind>
</comp>

<comp id="36" class="1001" name="const_36">
<pin_list>
<pin id="37" dir="1" index="0" bw="1" slack="0"/>
</pin_list>
<bind>
<StgValue><ssdm name=""/></StgValue>
</bind>
</comp>

<comp id="38" class="1001" name="const_38">
<pin_list>
<pin id="39" dir="1" index="0" bw="1" slack="0"/>
</pin_list>
<bind>
<StgValue><ssdm name="_ssdm_op_BitConcatenate.i13.i8.i5"/></StgValue>
</bind>
</comp>

<comp id="40" class="1001" name="const_40">
<pin_list>
<pin id="41" dir="1" index="0" bw="1" slack="0"/>
</pin_list>
<bind>
<StgValue><ssdm name=""/></StgValue>
</bind>
</comp>

<comp id="42" class="1001" name="const_42">
<pin_list>
<pin id="43" dir="1" index="0" bw="1" slack="0"/>
</pin_list>
<bind>
<StgValue><ssdm name="_ssdm_op_BitConcatenate.i10.i8.i2"/></StgValue>
</bind>
</comp>

<comp id="44" class="1001" name="const_44">
<pin_list>
<pin id="45" dir="1" index="0" bw="1" slack="0"/>
</pin_list>
<bind>
<StgValue><ssdm name=""/></StgValue>
</bind>
</comp>

<comp id="46" class="1001" name="const_46">
<pin_list>
<pin id="47" dir="1" index="0" bw="1" slack="0"/>
</pin_list>
<bind>
<StgValue><ssdm name="_ssdm_op_BitConcatenate.i14.i10.i4"/></StgValue>
</bind>
</comp>

<comp id="48" class="1001" name="const_48">
<pin_list>
<pin id="49" dir="1" index="0" bw="1" slack="0"/>
</pin_list>
<bind>
<StgValue><ssdm name=""/></StgValue>
</bind>
</comp>

<comp id="50" class="1001" name="const_50">
<pin_list>
<pin id="51" dir="1" index="0" bw="1" slack="0"/>
</pin_list>
<bind>
<StgValue><ssdm name="_ssdm_op_BitConcatenate.i13.i11.i2"/></StgValue>
</bind>
</comp>

<comp id="52" class="1001" name="const_52">
<pin_list>
<pin id="53" dir="1" index="0" bw="1" slack="0"/>
</pin_list>
<bind>
<StgValue><ssdm name="_ssdm_op_BitConcatenate.i13.i10.i3"/></StgValue>
</bind>
</comp>

<comp id="54" class="1001" name="const_54">
<pin_list>
<pin id="55" dir="1" index="0" bw="1" slack="0"/>
</pin_list>
<bind>
<StgValue><ssdm name=""/></StgValue>
</bind>
</comp>

<comp id="56" class="1001" name="const_56">
<pin_list>
<pin id="57" dir="1" index="0" bw="1" slack="0"/>
</pin_list>
<bind>
<StgValue><ssdm name="_ssdm_op_BitConcatenate.i11.i10.i1"/></StgValue>
</bind>
</comp>

<comp id="58" class="1001" name="const_58">
<pin_list>
<pin id="59" dir="1" index="0" bw="1" slack="0"/>
</pin_list>
<bind>
<StgValue><ssdm name=""/></StgValue>
</bind>
</comp>

<comp id="60" class="1001" name="const_60">
<pin_list>
<pin id="61" dir="1" index="0" bw="1" slack="2147483647"/>
</pin_list>
<bind>
<StgValue><ssdm name="_ssdm_op_SpecPipeline"/></StgValue>
</bind>
</comp>

<comp id="62" class="1001" name="const_62">
<pin_list>
<pin id="63" dir="1" index="0" bw="1" slack="2147483647"/>
</pin_list>
<bind>
<StgValue><ssdm name=""/></StgValue>
</bind>
</comp>

<comp id="64" class="1001" name="const_64">
<pin_list>
<pin id="65" dir="1" index="0" bw="1" slack="2147483647"/>
</pin_list>
<bind>
<StgValue><ssdm name=""/></StgValue>
</bind>
</comp>

<comp id="66" class="1001" name="const_66">
<pin_list>
<pin id="67" dir="1" index="0" bw="1" slack="2147483647"/>
</pin_list>
<bind>
<StgValue><ssdm name="empty_0"/></StgValue>
</bind>
</comp>

<comp id="68" class="1001" name="const_68">
<pin_list>
<pin id="69" dir="1" index="0" bw="1" slack="2147483647"/>
</pin_list>
<bind>
<StgValue><ssdm name="_ssdm_op_SpecLoopTripCount"/></StgValue>
</bind>
</comp>

<comp id="70" class="1001" name="const_70">
<pin_list>
<pin id="71" dir="1" index="0" bw="1" slack="2147483647"/>
</pin_list>
<bind>
<StgValue><ssdm name=""/></StgValue>
</bind>
</comp>

<comp id="72" class="1001" name="const_72">
<pin_list>
<pin id="73" dir="1" index="0" bw="1" slack="2147483647"/>
</pin_list>
<bind>
<StgValue><ssdm name="_ssdm_op_SpecLoopName"/></StgValue>
</bind>
</comp>

<comp id="74" class="1001" name="const_74">
<pin_list>
<pin id="75" dir="1" index="0" bw="1" slack="2147483647"/>
</pin_list>
<bind>
<StgValue><ssdm name="empty_9"/></StgValue>
</bind>
</comp>

<comp id="76" class="1001" name="const_76">
<pin_list>
<pin id="77" dir="1" index="0" bw="1" slack="0"/>
</pin_list>
<bind>
<StgValue><ssdm name="_ssdm_op_BitConcatenate.i15.i10.i5"/></StgValue>
</bind>
</comp>

<comp id="78" class="1001" name="const_78">
<pin_list>
<pin id="79" dir="1" index="0" bw="1" slack="0"/>
</pin_list>
<bind>
<StgValue><ssdm name="_ssdm_op_PartSelect.i8.i16.i32.i32"/></StgValue>
</bind>
</comp>

<comp id="80" class="1001" name="const_80">
<pin_list>
<pin id="81" dir="1" index="0" bw="1" slack="0"/>
</pin_list>
<bind>
<StgValue><ssdm name=""/></StgValue>
</bind>
</comp>

<comp id="82" class="1004" name="column_4_fu_82">
<pin_list>
<pin id="83" dir="0" index="0" bw="1" slack="0"/>
<pin id="84" dir="1" index="1" bw="9" slack="0"/>
</pin_list>
<bind>
<opcode="alloca(26) " fcode="alloca"/>
<opset="column_4/1 "/>
</bind>
</comp>

<comp id="86" class="1004" name="select_ln22_3_read_read_fu_86">
<pin_list>
<pin id="87" dir="0" index="0" bw="3" slack="0"/>
<pin id="88" dir="0" index="1" bw="3" slack="0"/>
<pin id="89" dir="1" index="2" bw="3" slack="5"/>
</pin_list>
<bind>
<opcode="read(1150) " fcode="read"/>
<opset="select_ln22_3_read/1 "/>
</bind>
</comp>

<comp id="92" class="1004" name="select_ln22_2_read_read_fu_92">
<pin_list>
<pin id="93" dir="0" index="0" bw="3" slack="0"/>
<pin id="94" dir="0" index="1" bw="3" slack="0"/>
<pin id="95" dir="1" index="2" bw="3" slack="4"/>
</pin_list>
<bind>
<opcode="read(1150) " fcode="read"/>
<opset="select_ln22_2_read/1 "/>
</bind>
</comp>

<comp id="98" class="1004" name="select_ln22_1_read_read_fu_98">
<pin_list>
<pin id="99" dir="0" index="0" bw="3" slack="0"/>
<pin id="100" dir="0" index="1" bw="3" slack="0"/>
<pin id="101" dir="1" index="2" bw="3" slack="3"/>
</pin_list>
<bind>
<opcode="read(1150) " fcode="read"/>
<opset="select_ln22_1_read/1 "/>
</bind>
</comp>

<comp id="104" class="1004" name="result_15_read_read_fu_104">
<pin_list>
<pin id="105" dir="0" index="0" bw="3" slack="0"/>
<pin id="106" dir="0" index="1" bw="3" slack="0"/>
<pin id="107" dir="1" index="2" bw="3" slack="2"/>
</pin_list>
<bind>
<opcode="read(1150) " fcode="read"/>
<opset="result_15_read/1 "/>
</bind>
</comp>

<comp id="110" class="1004" name="select_ln22_read_read_fu_110">
<pin_list>
<pin id="111" dir="0" index="0" bw="3" slack="0"/>
<pin id="112" dir="0" index="1" bw="3" slack="0"/>
<pin id="113" dir="1" index="2" bw="3" slack="1"/>
</pin_list>
<bind>
<opcode="read(1150) " fcode="read"/>
<opset="select_ln22_read/1 "/>
</bind>
</comp>

<comp id="116" class="1004" name="p_ZN12_GLOBAL_N_110lineBufferE_0_addr_gep_fu_116">
<pin_list>
<pin id="117" dir="0" index="0" bw="8" slack="0"/>
<pin id="118" dir="0" index="1" bw="1" slack="0"/>
<pin id="119" dir="0" index="2" bw="11" slack="0"/>
<pin id="120" dir="1" index="3" bw="11" slack="0"/>
</pin_list>
<bind>
<opcode="getelementptr(29) " fcode="getelementptr"/>
<opset="p_ZN12_GLOBAL_N_110lineBufferE_0_addr/2 "/>
</bind>
</comp>

<comp id="123" class="1004" name="p_ZN12_GLOBAL_N_110lineBufferE_1_addr_gep_fu_123">
<pin_list>
<pin id="124" dir="0" index="0" bw="8" slack="0"/>
<pin id="125" dir="0" index="1" bw="1" slack="0"/>
<pin id="126" dir="0" index="2" bw="11" slack="0"/>
<pin id="127" dir="1" index="3" bw="11" slack="0"/>
</pin_list>
<bind>
<opcode="getelementptr(29) " fcode="getelementptr"/>
<opset="p_ZN12_GLOBAL_N_110lineBufferE_1_addr/2 "/>
</bind>
</comp>

<comp id="130" class="1004" name="p_ZN12_GLOBAL_N_110lineBufferE_0_addr_1_gep_fu_130">
<pin_list>
<pin id="131" dir="0" index="0" bw="8" slack="0"/>
<pin id="132" dir="0" index="1" bw="1" slack="0"/>
<pin id="133" dir="0" index="2" bw="11" slack="0"/>
<pin id="134" dir="1" index="3" bw="11" slack="0"/>
</pin_list>
<bind>
<opcode="getelementptr(29) " fcode="getelementptr"/>
<opset="p_ZN12_GLOBAL_N_110lineBufferE_0_addr_1/2 "/>
</bind>
</comp>

<comp id="137" class="1004" name="p_ZN12_GLOBAL_N_110lineBufferE_1_addr_1_gep_fu_137">
<pin_list>
<pin id="138" dir="0" index="0" bw="8" slack="0"/>
<pin id="139" dir="0" index="1" bw="1" slack="0"/>
<pin id="140" dir="0" index="2" bw="11" slack="0"/>
<pin id="141" dir="1" index="3" bw="11" slack="0"/>
</pin_list>
<bind>
<opcode="getelementptr(29) " fcode="getelementptr"/>
<opset="p_ZN12_GLOBAL_N_110lineBufferE_1_addr_1/2 "/>
</bind>
</comp>

<comp id="144" class="1004" name="grp_access_fu_144">
<pin_list>
<pin id="145" dir="0" index="0" bw="11" slack="0"/>
<pin id="146" dir="0" index="1" bw="8" slack="2147483647"/>
<pin id="147" dir="0" index="2" bw="0" slack="0"/>
<pin id="149" dir="0" index="4" bw="11" slack="2147483647"/>
<pin id="150" dir="0" index="5" bw="8" slack="2147483647"/>
<pin id="151" dir="0" index="6" bw="0" slack="2147483647"/>
<pin id="148" dir="1" index="3" bw="8" slack="0"/>
<pin id="152" dir="1" index="7" bw="8" slack="0"/>
</pin_list>
<bind>
<opcode="load(27) " fcode="load"/>
<opset="p_ZN12_GLOBAL_N_110lineBufferE_0_load/2 p_ZN12_GLOBAL_N_110lineBufferE_0_load_1/2 p_ZN12_GLOBAL_N_110lineBufferE_0_load_2/2 p_ZN12_GLOBAL_N_110lineBufferE_0_load_3/2 p_ZN12_GLOBAL_N_110lineBufferE_0_load_4/3 p_ZN12_GLOBAL_N_110lineBufferE_0_load_5/3 p_ZN12_GLOBAL_N_110lineBufferE_0_load_6/3 p_ZN12_GLOBAL_N_110lineBufferE_0_load_8/3 p_ZN12_GLOBAL_N_110lineBufferE_0_load_7/4 p_ZN12_GLOBAL_N_110lineBufferE_0_load_9/4 p_ZN12_GLOBAL_N_110lineBufferE_0_load_11/4 p_ZN12_GLOBAL_N_110lineBufferE_0_load_13/4 p_ZN12_GLOBAL_N_110lineBufferE_0_load_10/5 p_ZN12_GLOBAL_N_110lineBufferE_0_load_12/5 p_ZN12_GLOBAL_N_110lineBufferE_0_load_16/5 p_ZN12_GLOBAL_N_110lineBufferE_0_load_18/5 p_ZN12_GLOBAL_N_110lineBufferE_0_load_14/6 p_ZN12_GLOBAL_N_110lineBufferE_0_load_15/6 p_ZN12_GLOBAL_N_110lineBufferE_0_load_21/6 p_ZN12_GLOBAL_N_110lineBufferE_0_load_23/6 p_ZN12_GLOBAL_N_110lineBufferE_0_load_17/7 p_ZN12_GLOBAL_N_110lineBufferE_0_load_19/7 p_ZN12_GLOBAL_N_110lineBufferE_0_load_20/8 p_ZN12_GLOBAL_N_110lineBufferE_0_load_22/8 p_ZN12_GLOBAL_N_110lineBufferE_0_load_24/9 "/>
</bind>
</comp>

<comp id="154" class="1004" name="grp_access_fu_154">
<pin_list>
<pin id="155" dir="0" index="0" bw="11" slack="0"/>
<pin id="156" dir="0" index="1" bw="8" slack="2147483647"/>
<pin id="157" dir="0" index="2" bw="0" slack="0"/>
<pin id="159" dir="0" index="4" bw="11" slack="2147483647"/>
<pin id="160" dir="0" index="5" bw="8" slack="2147483647"/>
<pin id="161" dir="0" index="6" bw="0" slack="2147483647"/>
<pin id="158" dir="1" index="3" bw="8" slack="0"/>
<pin id="162" dir="1" index="7" bw="8" slack="0"/>
</pin_list>
<bind>
<opcode="load(27) " fcode="load"/>
<opset="p_ZN12_GLOBAL_N_110lineBufferE_1_load/2 p_ZN12_GLOBAL_N_110lineBufferE_1_load_1/2 p_ZN12_GLOBAL_N_110lineBufferE_1_load_2/2 p_ZN12_GLOBAL_N_110lineBufferE_1_load_3/2 p_ZN12_GLOBAL_N_110lineBufferE_1_load_4/3 p_ZN12_GLOBAL_N_110lineBufferE_1_load_5/3 p_ZN12_GLOBAL_N_110lineBufferE_1_load_6/3 p_ZN12_GLOBAL_N_110lineBufferE_1_load_8/3 p_ZN12_GLOBAL_N_110lineBufferE_1_load_7/4 p_ZN12_GLOBAL_N_110lineBufferE_1_load_9/4 p_ZN12_GLOBAL_N_110lineBufferE_1_load_11/4 p_ZN12_GLOBAL_N_110lineBufferE_1_load_13/4 p_ZN12_GLOBAL_N_110lineBufferE_1_load_10/5 p_ZN12_GLOBAL_N_110lineBufferE_1_load_12/5 p_ZN12_GLOBAL_N_110lineBufferE_1_load_16/5 p_ZN12_GLOBAL_N_110lineBufferE_1_load_18/5 p_ZN12_GLOBAL_N_110lineBufferE_1_load_14/6 p_ZN12_GLOBAL_N_110lineBufferE_1_load_15/6 p_ZN12_GLOBAL_N_110lineBufferE_1_load_21/6 p_ZN12_GLOBAL_N_110lineBufferE_1_load_23/6 p_ZN12_GLOBAL_N_110lineBufferE_1_load_17/7 p_ZN12_GLOBAL_N_110lineBufferE_1_load_19/7 p_ZN12_GLOBAL_N_110lineBufferE_1_load_20/8 p_ZN12_GLOBAL_N_110lineBufferE_1_load_22/8 p_ZN12_GLOBAL_N_110lineBufferE_1_load_24/9 "/>
</bind>
</comp>

<comp id="164" class="1004" name="p_ZN12_GLOBAL_N_110lineBufferE_0_addr_2_gep_fu_164">
<pin_list>
<pin id="165" dir="0" index="0" bw="8" slack="0"/>
<pin id="166" dir="0" index="1" bw="1" slack="0"/>
<pin id="167" dir="0" index="2" bw="11" slack="0"/>
<pin id="168" dir="1" index="3" bw="11" slack="0"/>
</pin_list>
<bind>
<opcode="getelementptr(29) " fcode="getelementptr"/>
<opset="p_ZN12_GLOBAL_N_110lineBufferE_0_addr_2/2 "/>
</bind>
</comp>

<comp id="171" class="1004" name="p_ZN12_GLOBAL_N_110lineBufferE_1_addr_2_gep_fu_171">
<pin_list>
<pin id="172" dir="0" index="0" bw="8" slack="0"/>
<pin id="173" dir="0" index="1" bw="1" slack="0"/>
<pin id="174" dir="0" index="2" bw="11" slack="0"/>
<pin id="175" dir="1" index="3" bw="11" slack="0"/>
</pin_list>
<bind>
<opcode="getelementptr(29) " fcode="getelementptr"/>
<opset="p_ZN12_GLOBAL_N_110lineBufferE_1_addr_2/2 "/>
</bind>
</comp>

<comp id="182" class="1004" name="p_ZN12_GLOBAL_N_110lineBufferE_0_addr_4_gep_fu_182">
<pin_list>
<pin id="183" dir="0" index="0" bw="8" slack="0"/>
<pin id="184" dir="0" index="1" bw="1" slack="0"/>
<pin id="185" dir="0" index="2" bw="11" slack="0"/>
<pin id="186" dir="1" index="3" bw="11" slack="0"/>
</pin_list>
<bind>
<opcode="getelementptr(29) " fcode="getelementptr"/>
<opset="p_ZN12_GLOBAL_N_110lineBufferE_0_addr_4/2 "/>
</bind>
</comp>

<comp id="189" class="1004" name="p_ZN12_GLOBAL_N_110lineBufferE_1_addr_4_gep_fu_189">
<pin_list>
<pin id="190" dir="0" index="0" bw="8" slack="0"/>
<pin id="191" dir="0" index="1" bw="1" slack="0"/>
<pin id="192" dir="0" index="2" bw="11" slack="0"/>
<pin id="193" dir="1" index="3" bw="11" slack="0"/>
</pin_list>
<bind>
<opcode="getelementptr(29) " fcode="getelementptr"/>
<opset="p_ZN12_GLOBAL_N_110lineBufferE_1_addr_4/2 "/>
</bind>
</comp>

<comp id="198" class="1004" name="p_ZN12_GLOBAL_N_110lineBufferE_0_addr_6_gep_fu_198">
<pin_list>
<pin id="199" dir="0" index="0" bw="8" slack="0"/>
<pin id="200" dir="0" index="1" bw="1" slack="0"/>
<pin id="201" dir="0" index="2" bw="11" slack="0"/>
<pin id="202" dir="1" index="3" bw="11" slack="0"/>
</pin_list>
<bind>
<opcode="getelementptr(29) " fcode="getelementptr"/>
<opset="p_ZN12_GLOBAL_N_110lineBufferE_0_addr_6/3 "/>
</bind>
</comp>

<comp id="205" class="1004" name="p_ZN12_GLOBAL_N_110lineBufferE_1_addr_6_gep_fu_205">
<pin_list>
<pin id="206" dir="0" index="0" bw="8" slack="0"/>
<pin id="207" dir="0" index="1" bw="1" slack="0"/>
<pin id="208" dir="0" index="2" bw="11" slack="0"/>
<pin id="209" dir="1" index="3" bw="11" slack="0"/>
</pin_list>
<bind>
<opcode="getelementptr(29) " fcode="getelementptr"/>
<opset="p_ZN12_GLOBAL_N_110lineBufferE_1_addr_6/3 "/>
</bind>
</comp>

<comp id="212" class="1004" name="p_ZN12_GLOBAL_N_110lineBufferE_0_addr_7_gep_fu_212">
<pin_list>
<pin id="213" dir="0" index="0" bw="8" slack="0"/>
<pin id="214" dir="0" index="1" bw="1" slack="0"/>
<pin id="215" dir="0" index="2" bw="11" slack="0"/>
<pin id="216" dir="1" index="3" bw="11" slack="0"/>
</pin_list>
<bind>
<opcode="getelementptr(29) " fcode="getelementptr"/>
<opset="p_ZN12_GLOBAL_N_110lineBufferE_0_addr_7/3 "/>
</bind>
</comp>

<comp id="219" class="1004" name="p_ZN12_GLOBAL_N_110lineBufferE_1_addr_7_gep_fu_219">
<pin_list>
<pin id="220" dir="0" index="0" bw="8" slack="0"/>
<pin id="221" dir="0" index="1" bw="1" slack="0"/>
<pin id="222" dir="0" index="2" bw="11" slack="0"/>
<pin id="223" dir="1" index="3" bw="11" slack="0"/>
</pin_list>
<bind>
<opcode="getelementptr(29) " fcode="getelementptr"/>
<opset="p_ZN12_GLOBAL_N_110lineBufferE_1_addr_7/3 "/>
</bind>
</comp>

<comp id="226" class="1004" name="p_ZN12_GLOBAL_N_110lineBufferE_0_addr_9_gep_fu_226">
<pin_list>
<pin id="227" dir="0" index="0" bw="8" slack="0"/>
<pin id="228" dir="0" index="1" bw="1" slack="0"/>
<pin id="229" dir="0" index="2" bw="11" slack="0"/>
<pin id="230" dir="1" index="3" bw="11" slack="0"/>
</pin_list>
<bind>
<opcode="getelementptr(29) " fcode="getelementptr"/>
<opset="p_ZN12_GLOBAL_N_110lineBufferE_0_addr_9/3 "/>
</bind>
</comp>

<comp id="233" class="1004" name="p_ZN12_GLOBAL_N_110lineBufferE_1_addr_9_gep_fu_233">
<pin_list>
<pin id="234" dir="0" index="0" bw="8" slack="0"/>
<pin id="235" dir="0" index="1" bw="1" slack="0"/>
<pin id="236" dir="0" index="2" bw="11" slack="0"/>
<pin id="237" dir="1" index="3" bw="11" slack="0"/>
</pin_list>
<bind>
<opcode="getelementptr(29) " fcode="getelementptr"/>
<opset="p_ZN12_GLOBAL_N_110lineBufferE_1_addr_9/3 "/>
</bind>
</comp>

<comp id="240" class="1004" name="p_ZN12_GLOBAL_N_110lineBufferE_0_addr_5_gep_fu_240">
<pin_list>
<pin id="241" dir="0" index="0" bw="8" slack="0"/>
<pin id="242" dir="0" index="1" bw="1" slack="0"/>
<pin id="243" dir="0" index="2" bw="11" slack="0"/>
<pin id="244" dir="1" index="3" bw="11" slack="0"/>
</pin_list>
<bind>
<opcode="getelementptr(29) " fcode="getelementptr"/>
<opset="p_ZN12_GLOBAL_N_110lineBufferE_0_addr_5/3 "/>
</bind>
</comp>

<comp id="247" class="1004" name="p_ZN12_GLOBAL_N_110lineBufferE_1_addr_5_gep_fu_247">
<pin_list>
<pin id="248" dir="0" index="0" bw="8" slack="0"/>
<pin id="249" dir="0" index="1" bw="1" slack="0"/>
<pin id="250" dir="0" index="2" bw="11" slack="0"/>
<pin id="251" dir="1" index="3" bw="11" slack="0"/>
</pin_list>
<bind>
<opcode="getelementptr(29) " fcode="getelementptr"/>
<opset="p_ZN12_GLOBAL_N_110lineBufferE_1_addr_5/3 "/>
</bind>
</comp>

<comp id="262" class="1004" name="p_ZN12_GLOBAL_N_110lineBufferE_0_addr_3_gep_fu_262">
<pin_list>
<pin id="263" dir="0" index="0" bw="8" slack="0"/>
<pin id="264" dir="0" index="1" bw="1" slack="0"/>
<pin id="265" dir="0" index="2" bw="11" slack="0"/>
<pin id="266" dir="1" index="3" bw="11" slack="0"/>
</pin_list>
<bind>
<opcode="getelementptr(29) " fcode="getelementptr"/>
<opset="p_ZN12_GLOBAL_N_110lineBufferE_0_addr_3/4 "/>
</bind>
</comp>

<comp id="269" class="1004" name="p_ZN12_GLOBAL_N_110lineBufferE_1_addr_3_gep_fu_269">
<pin_list>
<pin id="270" dir="0" index="0" bw="8" slack="0"/>
<pin id="271" dir="0" index="1" bw="1" slack="0"/>
<pin id="272" dir="0" index="2" bw="11" slack="0"/>
<pin id="273" dir="1" index="3" bw="11" slack="0"/>
</pin_list>
<bind>
<opcode="getelementptr(29) " fcode="getelementptr"/>
<opset="p_ZN12_GLOBAL_N_110lineBufferE_1_addr_3/4 "/>
</bind>
</comp>

<comp id="276" class="1004" name="p_ZN12_GLOBAL_N_110lineBufferE_0_addr_12_gep_fu_276">
<pin_list>
<pin id="277" dir="0" index="0" bw="8" slack="0"/>
<pin id="278" dir="0" index="1" bw="1" slack="0"/>
<pin id="279" dir="0" index="2" bw="11" slack="0"/>
<pin id="280" dir="1" index="3" bw="11" slack="0"/>
</pin_list>
<bind>
<opcode="getelementptr(29) " fcode="getelementptr"/>
<opset="p_ZN12_GLOBAL_N_110lineBufferE_0_addr_12/4 "/>
</bind>
</comp>

<comp id="283" class="1004" name="p_ZN12_GLOBAL_N_110lineBufferE_1_addr_12_gep_fu_283">
<pin_list>
<pin id="284" dir="0" index="0" bw="8" slack="0"/>
<pin id="285" dir="0" index="1" bw="1" slack="0"/>
<pin id="286" dir="0" index="2" bw="11" slack="0"/>
<pin id="287" dir="1" index="3" bw="11" slack="0"/>
</pin_list>
<bind>
<opcode="getelementptr(29) " fcode="getelementptr"/>
<opset="p_ZN12_GLOBAL_N_110lineBufferE_1_addr_12/4 "/>
</bind>
</comp>

<comp id="290" class="1004" name="p_ZN12_GLOBAL_N_110lineBufferE_0_addr_14_gep_fu_290">
<pin_list>
<pin id="291" dir="0" index="0" bw="8" slack="0"/>
<pin id="292" dir="0" index="1" bw="1" slack="0"/>
<pin id="293" dir="0" index="2" bw="11" slack="0"/>
<pin id="294" dir="1" index="3" bw="11" slack="0"/>
</pin_list>
<bind>
<opcode="getelementptr(29) " fcode="getelementptr"/>
<opset="p_ZN12_GLOBAL_N_110lineBufferE_0_addr_14/4 "/>
</bind>
</comp>

<comp id="297" class="1004" name="p_ZN12_GLOBAL_N_110lineBufferE_1_addr_14_gep_fu_297">
<pin_list>
<pin id="298" dir="0" index="0" bw="8" slack="0"/>
<pin id="299" dir="0" index="1" bw="1" slack="0"/>
<pin id="300" dir="0" index="2" bw="11" slack="0"/>
<pin id="301" dir="1" index="3" bw="11" slack="0"/>
</pin_list>
<bind>
<opcode="getelementptr(29) " fcode="getelementptr"/>
<opset="p_ZN12_GLOBAL_N_110lineBufferE_1_addr_14/4 "/>
</bind>
</comp>

<comp id="304" class="1004" name="p_ZN12_GLOBAL_N_110lineBufferE_0_addr_10_gep_fu_304">
<pin_list>
<pin id="305" dir="0" index="0" bw="8" slack="0"/>
<pin id="306" dir="0" index="1" bw="1" slack="0"/>
<pin id="307" dir="0" index="2" bw="11" slack="0"/>
<pin id="308" dir="1" index="3" bw="11" slack="0"/>
</pin_list>
<bind>
<opcode="getelementptr(29) " fcode="getelementptr"/>
<opset="p_ZN12_GLOBAL_N_110lineBufferE_0_addr_10/4 "/>
</bind>
</comp>

<comp id="311" class="1004" name="p_ZN12_GLOBAL_N_110lineBufferE_1_addr_10_gep_fu_311">
<pin_list>
<pin id="312" dir="0" index="0" bw="8" slack="0"/>
<pin id="313" dir="0" index="1" bw="1" slack="0"/>
<pin id="314" dir="0" index="2" bw="11" slack="0"/>
<pin id="315" dir="1" index="3" bw="11" slack="0"/>
</pin_list>
<bind>
<opcode="getelementptr(29) " fcode="getelementptr"/>
<opset="p_ZN12_GLOBAL_N_110lineBufferE_1_addr_10/4 "/>
</bind>
</comp>

<comp id="326" class="1004" name="p_ZN12_GLOBAL_N_110lineBufferE_0_addr_8_gep_fu_326">
<pin_list>
<pin id="327" dir="0" index="0" bw="8" slack="0"/>
<pin id="328" dir="0" index="1" bw="1" slack="0"/>
<pin id="329" dir="0" index="2" bw="11" slack="0"/>
<pin id="330" dir="1" index="3" bw="11" slack="0"/>
</pin_list>
<bind>
<opcode="getelementptr(29) " fcode="getelementptr"/>
<opset="p_ZN12_GLOBAL_N_110lineBufferE_0_addr_8/5 "/>
</bind>
</comp>

<comp id="333" class="1004" name="p_ZN12_GLOBAL_N_110lineBufferE_1_addr_8_gep_fu_333">
<pin_list>
<pin id="334" dir="0" index="0" bw="8" slack="0"/>
<pin id="335" dir="0" index="1" bw="1" slack="0"/>
<pin id="336" dir="0" index="2" bw="11" slack="0"/>
<pin id="337" dir="1" index="3" bw="11" slack="0"/>
</pin_list>
<bind>
<opcode="getelementptr(29) " fcode="getelementptr"/>
<opset="p_ZN12_GLOBAL_N_110lineBufferE_1_addr_8/5 "/>
</bind>
</comp>

<comp id="340" class="1004" name="p_ZN12_GLOBAL_N_110lineBufferE_0_addr_11_gep_fu_340">
<pin_list>
<pin id="341" dir="0" index="0" bw="8" slack="0"/>
<pin id="342" dir="0" index="1" bw="1" slack="0"/>
<pin id="343" dir="0" index="2" bw="11" slack="0"/>
<pin id="344" dir="1" index="3" bw="11" slack="0"/>
</pin_list>
<bind>
<opcode="getelementptr(29) " fcode="getelementptr"/>
<opset="p_ZN12_GLOBAL_N_110lineBufferE_0_addr_11/5 "/>
</bind>
</comp>

<comp id="347" class="1004" name="p_ZN12_GLOBAL_N_110lineBufferE_1_addr_11_gep_fu_347">
<pin_list>
<pin id="348" dir="0" index="0" bw="8" slack="0"/>
<pin id="349" dir="0" index="1" bw="1" slack="0"/>
<pin id="350" dir="0" index="2" bw="11" slack="0"/>
<pin id="351" dir="1" index="3" bw="11" slack="0"/>
</pin_list>
<bind>
<opcode="getelementptr(29) " fcode="getelementptr"/>
<opset="p_ZN12_GLOBAL_N_110lineBufferE_1_addr_11/5 "/>
</bind>
</comp>

<comp id="354" class="1004" name="p_ZN12_GLOBAL_N_110lineBufferE_0_addr_17_gep_fu_354">
<pin_list>
<pin id="355" dir="0" index="0" bw="8" slack="0"/>
<pin id="356" dir="0" index="1" bw="1" slack="0"/>
<pin id="357" dir="0" index="2" bw="11" slack="0"/>
<pin id="358" dir="1" index="3" bw="11" slack="0"/>
</pin_list>
<bind>
<opcode="getelementptr(29) " fcode="getelementptr"/>
<opset="p_ZN12_GLOBAL_N_110lineBufferE_0_addr_17/5 "/>
</bind>
</comp>

<comp id="361" class="1004" name="p_ZN12_GLOBAL_N_110lineBufferE_1_addr_17_gep_fu_361">
<pin_list>
<pin id="362" dir="0" index="0" bw="8" slack="0"/>
<pin id="363" dir="0" index="1" bw="1" slack="0"/>
<pin id="364" dir="0" index="2" bw="11" slack="0"/>
<pin id="365" dir="1" index="3" bw="11" slack="0"/>
</pin_list>
<bind>
<opcode="getelementptr(29) " fcode="getelementptr"/>
<opset="p_ZN12_GLOBAL_N_110lineBufferE_1_addr_17/5 "/>
</bind>
</comp>

<comp id="368" class="1004" name="p_ZN12_GLOBAL_N_110lineBufferE_0_addr_19_gep_fu_368">
<pin_list>
<pin id="369" dir="0" index="0" bw="8" slack="0"/>
<pin id="370" dir="0" index="1" bw="1" slack="0"/>
<pin id="371" dir="0" index="2" bw="11" slack="0"/>
<pin id="372" dir="1" index="3" bw="11" slack="0"/>
</pin_list>
<bind>
<opcode="getelementptr(29) " fcode="getelementptr"/>
<opset="p_ZN12_GLOBAL_N_110lineBufferE_0_addr_19/5 "/>
</bind>
</comp>

<comp id="375" class="1004" name="p_ZN12_GLOBAL_N_110lineBufferE_1_addr_19_gep_fu_375">
<pin_list>
<pin id="376" dir="0" index="0" bw="8" slack="0"/>
<pin id="377" dir="0" index="1" bw="1" slack="0"/>
<pin id="378" dir="0" index="2" bw="11" slack="0"/>
<pin id="379" dir="1" index="3" bw="11" slack="0"/>
</pin_list>
<bind>
<opcode="getelementptr(29) " fcode="getelementptr"/>
<opset="p_ZN12_GLOBAL_N_110lineBufferE_1_addr_19/5 "/>
</bind>
</comp>

<comp id="390" class="1004" name="p_ZN12_GLOBAL_N_110lineBufferE_0_addr_16_gep_fu_390">
<pin_list>
<pin id="391" dir="0" index="0" bw="8" slack="0"/>
<pin id="392" dir="0" index="1" bw="1" slack="0"/>
<pin id="393" dir="0" index="2" bw="11" slack="0"/>
<pin id="394" dir="1" index="3" bw="11" slack="0"/>
</pin_list>
<bind>
<opcode="getelementptr(29) " fcode="getelementptr"/>
<opset="p_ZN12_GLOBAL_N_110lineBufferE_0_addr_16/6 "/>
</bind>
</comp>

<comp id="397" class="1004" name="p_ZN12_GLOBAL_N_110lineBufferE_1_addr_16_gep_fu_397">
<pin_list>
<pin id="398" dir="0" index="0" bw="8" slack="0"/>
<pin id="399" dir="0" index="1" bw="1" slack="0"/>
<pin id="400" dir="0" index="2" bw="11" slack="0"/>
<pin id="401" dir="1" index="3" bw="11" slack="0"/>
</pin_list>
<bind>
<opcode="getelementptr(29) " fcode="getelementptr"/>
<opset="p_ZN12_GLOBAL_N_110lineBufferE_1_addr_16/6 "/>
</bind>
</comp>

<comp id="404" class="1004" name="p_ZN12_GLOBAL_N_110lineBufferE_0_addr_22_gep_fu_404">
<pin_list>
<pin id="405" dir="0" index="0" bw="8" slack="0"/>
<pin id="406" dir="0" index="1" bw="1" slack="0"/>
<pin id="407" dir="0" index="2" bw="11" slack="0"/>
<pin id="408" dir="1" index="3" bw="11" slack="0"/>
</pin_list>
<bind>
<opcode="getelementptr(29) " fcode="getelementptr"/>
<opset="p_ZN12_GLOBAL_N_110lineBufferE_0_addr_22/6 "/>
</bind>
</comp>

<comp id="411" class="1004" name="p_ZN12_GLOBAL_N_110lineBufferE_1_addr_22_gep_fu_411">
<pin_list>
<pin id="412" dir="0" index="0" bw="8" slack="0"/>
<pin id="413" dir="0" index="1" bw="1" slack="0"/>
<pin id="414" dir="0" index="2" bw="11" slack="0"/>
<pin id="415" dir="1" index="3" bw="11" slack="0"/>
</pin_list>
<bind>
<opcode="getelementptr(29) " fcode="getelementptr"/>
<opset="p_ZN12_GLOBAL_N_110lineBufferE_1_addr_22/6 "/>
</bind>
</comp>

<comp id="418" class="1004" name="p_ZN12_GLOBAL_N_110lineBufferE_0_addr_23_gep_fu_418">
<pin_list>
<pin id="419" dir="0" index="0" bw="8" slack="0"/>
<pin id="420" dir="0" index="1" bw="1" slack="0"/>
<pin id="421" dir="0" index="2" bw="11" slack="0"/>
<pin id="422" dir="1" index="3" bw="11" slack="0"/>
</pin_list>
<bind>
<opcode="getelementptr(29) " fcode="getelementptr"/>
<opset="p_ZN12_GLOBAL_N_110lineBufferE_0_addr_23/6 "/>
</bind>
</comp>

<comp id="425" class="1004" name="p_ZN12_GLOBAL_N_110lineBufferE_1_addr_23_gep_fu_425">
<pin_list>
<pin id="426" dir="0" index="0" bw="8" slack="0"/>
<pin id="427" dir="0" index="1" bw="1" slack="0"/>
<pin id="428" dir="0" index="2" bw="11" slack="0"/>
<pin id="429" dir="1" index="3" bw="11" slack="0"/>
</pin_list>
<bind>
<opcode="getelementptr(29) " fcode="getelementptr"/>
<opset="p_ZN12_GLOBAL_N_110lineBufferE_1_addr_23/6 "/>
</bind>
</comp>

<comp id="432" class="1004" name="p_ZN12_GLOBAL_N_110lineBufferE_0_addr_15_gep_fu_432">
<pin_list>
<pin id="433" dir="0" index="0" bw="8" slack="0"/>
<pin id="434" dir="0" index="1" bw="1" slack="0"/>
<pin id="435" dir="0" index="2" bw="11" slack="0"/>
<pin id="436" dir="1" index="3" bw="11" slack="0"/>
</pin_list>
<bind>
<opcode="getelementptr(29) " fcode="getelementptr"/>
<opset="p_ZN12_GLOBAL_N_110lineBufferE_0_addr_15/6 "/>
</bind>
</comp>

<comp id="439" class="1004" name="p_ZN12_GLOBAL_N_110lineBufferE_1_addr_15_gep_fu_439">
<pin_list>
<pin id="440" dir="0" index="0" bw="8" slack="0"/>
<pin id="441" dir="0" index="1" bw="1" slack="0"/>
<pin id="442" dir="0" index="2" bw="11" slack="0"/>
<pin id="443" dir="1" index="3" bw="11" slack="0"/>
</pin_list>
<bind>
<opcode="getelementptr(29) " fcode="getelementptr"/>
<opset="p_ZN12_GLOBAL_N_110lineBufferE_1_addr_15/6 "/>
</bind>
</comp>

<comp id="454" class="1004" name="p_ZN12_GLOBAL_N_110lineBufferE_0_addr_13_gep_fu_454">
<pin_list>
<pin id="455" dir="0" index="0" bw="8" slack="0"/>
<pin id="456" dir="0" index="1" bw="1" slack="0"/>
<pin id="457" dir="0" index="2" bw="11" slack="0"/>
<pin id="458" dir="1" index="3" bw="11" slack="0"/>
</pin_list>
<bind>
<opcode="getelementptr(29) " fcode="getelementptr"/>
<opset="p_ZN12_GLOBAL_N_110lineBufferE_0_addr_13/7 "/>
</bind>
</comp>

<comp id="461" class="1004" name="p_ZN12_GLOBAL_N_110lineBufferE_1_addr_13_gep_fu_461">
<pin_list>
<pin id="462" dir="0" index="0" bw="8" slack="0"/>
<pin id="463" dir="0" index="1" bw="1" slack="0"/>
<pin id="464" dir="0" index="2" bw="11" slack="0"/>
<pin id="465" dir="1" index="3" bw="11" slack="0"/>
</pin_list>
<bind>
<opcode="getelementptr(29) " fcode="getelementptr"/>
<opset="p_ZN12_GLOBAL_N_110lineBufferE_1_addr_13/7 "/>
</bind>
</comp>

<comp id="468" class="1004" name="p_ZN12_GLOBAL_N_110lineBufferE_0_addr_20_gep_fu_468">
<pin_list>
<pin id="469" dir="0" index="0" bw="8" slack="0"/>
<pin id="470" dir="0" index="1" bw="1" slack="0"/>
<pin id="471" dir="0" index="2" bw="11" slack="0"/>
<pin id="472" dir="1" index="3" bw="11" slack="0"/>
</pin_list>
<bind>
<opcode="getelementptr(29) " fcode="getelementptr"/>
<opset="p_ZN12_GLOBAL_N_110lineBufferE_0_addr_20/7 "/>
</bind>
</comp>

<comp id="475" class="1004" name="p_ZN12_GLOBAL_N_110lineBufferE_1_addr_20_gep_fu_475">
<pin_list>
<pin id="476" dir="0" index="0" bw="8" slack="0"/>
<pin id="477" dir="0" index="1" bw="1" slack="0"/>
<pin id="478" dir="0" index="2" bw="11" slack="0"/>
<pin id="479" dir="1" index="3" bw="11" slack="0"/>
</pin_list>
<bind>
<opcode="getelementptr(29) " fcode="getelementptr"/>
<opset="p_ZN12_GLOBAL_N_110lineBufferE_1_addr_20/7 "/>
</bind>
</comp>

<comp id="486" class="1004" name="p_ZN12_GLOBAL_N_110lineBufferE_0_addr_18_gep_fu_486">
<pin_list>
<pin id="487" dir="0" index="0" bw="8" slack="0"/>
<pin id="488" dir="0" index="1" bw="1" slack="0"/>
<pin id="489" dir="0" index="2" bw="11" slack="0"/>
<pin id="490" dir="1" index="3" bw="11" slack="0"/>
</pin_list>
<bind>
<opcode="getelementptr(29) " fcode="getelementptr"/>
<opset="p_ZN12_GLOBAL_N_110lineBufferE_0_addr_18/8 "/>
</bind>
</comp>

<comp id="493" class="1004" name="p_ZN12_GLOBAL_N_110lineBufferE_1_addr_18_gep_fu_493">
<pin_list>
<pin id="494" dir="0" index="0" bw="8" slack="0"/>
<pin id="495" dir="0" index="1" bw="1" slack="0"/>
<pin id="496" dir="0" index="2" bw="11" slack="0"/>
<pin id="497" dir="1" index="3" bw="11" slack="0"/>
</pin_list>
<bind>
<opcode="getelementptr(29) " fcode="getelementptr"/>
<opset="p_ZN12_GLOBAL_N_110lineBufferE_1_addr_18/8 "/>
</bind>
</comp>

<comp id="500" class="1004" name="p_ZN12_GLOBAL_N_110lineBufferE_0_addr_21_gep_fu_500">
<pin_list>
<pin id="501" dir="0" index="0" bw="8" slack="0"/>
<pin id="502" dir="0" index="1" bw="1" slack="0"/>
<pin id="503" dir="0" index="2" bw="11" slack="0"/>
<pin id="504" dir="1" index="3" bw="11" slack="0"/>
</pin_list>
<bind>
<opcode="getelementptr(29) " fcode="getelementptr"/>
<opset="p_ZN12_GLOBAL_N_110lineBufferE_0_addr_21/8 "/>
</bind>
</comp>

<comp id="507" class="1004" name="p_ZN12_GLOBAL_N_110lineBufferE_1_addr_21_gep_fu_507">
<pin_list>
<pin id="508" dir="0" index="0" bw="8" slack="0"/>
<pin id="509" dir="0" index="1" bw="1" slack="0"/>
<pin id="510" dir="0" index="2" bw="11" slack="0"/>
<pin id="511" dir="1" index="3" bw="11" slack="0"/>
</pin_list>
<bind>
<opcode="getelementptr(29) " fcode="getelementptr"/>
<opset="p_ZN12_GLOBAL_N_110lineBufferE_1_addr_21/8 "/>
</bind>
</comp>

<comp id="518" class="1004" name="p_ZN12_GLOBAL_N_110lineBufferE_0_addr_24_gep_fu_518">
<pin_list>
<pin id="519" dir="0" index="0" bw="8" slack="0"/>
<pin id="520" dir="0" index="1" bw="1" slack="0"/>
<pin id="521" dir="0" index="2" bw="11" slack="0"/>
<pin id="522" dir="1" index="3" bw="11" slack="0"/>
</pin_list>
<bind>
<opcode="getelementptr(29) " fcode="getelementptr"/>
<opset="p_ZN12_GLOBAL_N_110lineBufferE_0_addr_24/9 "/>
</bind>
</comp>

<comp id="525" class="1004" name="p_ZN12_GLOBAL_N_110lineBufferE_1_addr_24_gep_fu_525">
<pin_list>
<pin id="526" dir="0" index="0" bw="8" slack="0"/>
<pin id="527" dir="0" index="1" bw="1" slack="0"/>
<pin id="528" dir="0" index="2" bw="11" slack="0"/>
<pin id="529" dir="1" index="3" bw="11" slack="0"/>
</pin_list>
<bind>
<opcode="getelementptr(29) " fcode="getelementptr"/>
<opset="p_ZN12_GLOBAL_N_110lineBufferE_1_addr_24/9 "/>
</bind>
</comp>

<comp id="534" class="1004" name="output_addr_gep_fu_534">
<pin_list>
<pin id="535" dir="0" index="0" bw="8" slack="0"/>
<pin id="536" dir="0" index="1" bw="1" slack="0"/>
<pin id="537" dir="0" index="2" bw="9" slack="0"/>
<pin id="538" dir="1" index="3" bw="9" slack="0"/>
</pin_list>
<bind>
<opcode="getelementptr(29) " fcode="getelementptr"/>
<opset="output_addr/11 "/>
</bind>
</comp>

<comp id="541" class="1004" name="store_ln99_access_fu_541">
<pin_list>
<pin id="542" dir="0" index="0" bw="9" slack="0"/>
<pin id="543" dir="0" index="1" bw="8" slack="0"/>
<pin id="544" dir="0" index="2" bw="0" slack="2147483647"/>
<pin id="545" dir="1" index="3" bw="8" slack="2147483647"/>
</pin_list>
<bind>
<opcode="store(28) " fcode="store"/>
<opset="store_ln99/11 "/>
</bind>
</comp>

<comp id="547" class="1004" name="grp_fu_547">
<pin_list>
<pin id="548" dir="0" index="0" bw="1" slack="2"/>
<pin id="549" dir="0" index="1" bw="8" slack="0"/>
<pin id="550" dir="0" index="2" bw="8" slack="0"/>
<pin id="551" dir="1" index="3" bw="8" slack="0"/>
</pin_list>
<bind>
<opcode="select(49) " fcode="select"/>
<opset="sum/3 select_ln93_4/4 select_ln93_8/5 select_ln93_11/6 select_ln93_14/7 select_ln93_18/8 "/>
</bind>
</comp>

<comp id="554" class="1004" name="grp_fu_554">
<pin_list>
<pin id="555" dir="0" index="0" bw="1" slack="2"/>
<pin id="556" dir="0" index="1" bw="8" slack="0"/>
<pin id="557" dir="0" index="2" bw="8" slack="0"/>
<pin id="558" dir="1" index="3" bw="8" slack="0"/>
</pin_list>
<bind>
<opcode="select(49) " fcode="select"/>
<opset="select_ln93/3 select_ln93_7/4 select_ln93_12/5 select_ln93_17/6 select_ln93_22/7 "/>
</bind>
</comp>

<comp id="561" class="1004" name="grp_fu_561">
<pin_list>
<pin id="562" dir="0" index="0" bw="1" slack="2"/>
<pin id="563" dir="0" index="1" bw="8" slack="0"/>
<pin id="564" dir="0" index="2" bw="8" slack="0"/>
<pin id="565" dir="1" index="3" bw="8" slack="0"/>
</pin_list>
<bind>
<opcode="select(49) " fcode="select"/>
<opset="select_ln93_1/3 select_ln93_3/4 select_ln93_6/5 select_ln93_9/6 select_ln93_13/7 select_ln93_16/8 "/>
</bind>
</comp>

<comp id="568" class="1004" name="grp_fu_568">
<pin_list>
<pin id="569" dir="0" index="0" bw="1" slack="2"/>
<pin id="570" dir="0" index="1" bw="8" slack="0"/>
<pin id="571" dir="0" index="2" bw="8" slack="0"/>
<pin id="572" dir="1" index="3" bw="8" slack="0"/>
</pin_list>
<bind>
<opcode="select(49) " fcode="select"/>
<opset="select_ln93_2/3 select_ln93_5/4 select_ln93_10/5 select_ln93_15/6 select_ln93_20/7 "/>
</bind>
</comp>

<comp id="575" class="1004" name="grp_fu_575">
<pin_list>
<pin id="576" dir="0" index="0" bw="1" slack="8"/>
<pin id="577" dir="0" index="1" bw="8" slack="0"/>
<pin id="578" dir="0" index="2" bw="8" slack="0"/>
<pin id="579" dir="1" index="3" bw="8" slack="0"/>
</pin_list>
<bind>
<opcode="select(49) " fcode="select"/>
<opset="select_ln93_19/9 select_ln93_23/10 "/>
</bind>
</comp>

<comp id="582" class="1005" name="reg_582">
<pin_list>
<pin id="583" dir="0" index="0" bw="8" slack="1"/>
<pin id="584" dir="1" index="1" bw="8" slack="1"/>
</pin_list>
<bind>
<opset="sum select_ln93_4 select_ln93_14 "/>
</bind>
</comp>

<comp id="586" class="1005" name="reg_586">
<pin_list>
<pin id="587" dir="0" index="0" bw="8" slack="2"/>
<pin id="588" dir="1" index="1" bw="8" slack="2"/>
</pin_list>
<bind>
<opset="select_ln93_1 select_ln93_13 "/>
</bind>
</comp>

<comp id="590" class="1004" name="store_ln64_store_fu_590">
<pin_list>
<pin id="591" dir="0" index="0" bw="3" slack="0"/>
<pin id="592" dir="0" index="1" bw="9" slack="0"/>
<pin id="593" dir="1" index="2" bw="0" slack="2147483647"/>
</pin_list>
<bind>
<opcode="store(28) " fcode="store"/>
<opset="store_ln64/1 "/>
</bind>
</comp>

<comp id="595" class="1004" name="column_load_fu_595">
<pin_list>
<pin id="596" dir="0" index="0" bw="9" slack="0"/>
<pin id="597" dir="1" index="1" bw="9" slack="0"/>
</pin_list>
<bind>
<opcode="load(27) " fcode="load"/>
<opset="column/1 "/>
</bind>
</comp>

<comp id="598" class="1004" name="icmp_ln64_fu_598">
<pin_list>
<pin id="599" dir="0" index="0" bw="9" slack="0"/>
<pin id="600" dir="0" index="1" bw="9" slack="0"/>
<pin id="601" dir="1" index="2" bw="1" slack="1"/>
</pin_list>
<bind>
<opcode="icmp(45) " fcode="icmp"/>
<opset="icmp_ln64/1 "/>
</bind>
</comp>

<comp id="604" class="1004" name="trunc_ln64_fu_604">
<pin_list>
<pin id="605" dir="0" index="0" bw="9" slack="0"/>
<pin id="606" dir="1" index="1" bw="1" slack="1"/>
</pin_list>
<bind>
<opcode="trunc(33) " fcode="trunc"/>
<opset="trunc_ln64/1 "/>
</bind>
</comp>

<comp id="608" class="1004" name="lshr_ln_fu_608">
<pin_list>
<pin id="609" dir="0" index="0" bw="8" slack="0"/>
<pin id="610" dir="0" index="1" bw="9" slack="1"/>
<pin id="611" dir="0" index="2" bw="1" slack="0"/>
<pin id="612" dir="0" index="3" bw="5" slack="0"/>
<pin id="613" dir="1" index="4" bw="8" slack="0"/>
</pin_list>
<bind>
<opcode="partselect(1002) " fcode="partselect"/>
<opset="lshr_ln/2 "/>
</bind>
</comp>

<comp id="617" class="1004" name="tmp_s_fu_617">
<pin_list>
<pin id="618" dir="0" index="0" bw="11" slack="0"/>
<pin id="619" dir="0" index="1" bw="3" slack="1"/>
<pin id="620" dir="0" index="2" bw="8" slack="0"/>
<pin id="621" dir="1" index="3" bw="11" slack="0"/>
</pin_list>
<bind>
<opcode="bitconcatenate(1004) " fcode="bitconcatenate"/>
<opset="tmp_s/2 "/>
</bind>
</comp>

<comp id="624" class="1004" name="zext_ln93_fu_624">
<pin_list>
<pin id="625" dir="0" index="0" bw="11" slack="0"/>
<pin id="626" dir="1" index="1" bw="64" slack="0"/>
</pin_list>
<bind>
<opcode="zext(34) " fcode="zext"/>
<opset="zext_ln93/2 "/>
</bind>
</comp>

<comp id="630" class="1004" name="add_ln89_fu_630">
<pin_list>
<pin id="631" dir="0" index="0" bw="9" slack="1"/>
<pin id="632" dir="0" index="1" bw="2" slack="0"/>
<pin id="633" dir="1" index="2" bw="9" slack="0"/>
</pin_list>
<bind>
<opcode="add(8) " fcode="add"/>
<opset="add_ln89/2 "/>
</bind>
</comp>

<comp id="635" class="1004" name="lshr_ln3_fu_635">
<pin_list>
<pin id="636" dir="0" index="0" bw="8" slack="0"/>
<pin id="637" dir="0" index="1" bw="9" slack="0"/>
<pin id="638" dir="0" index="2" bw="1" slack="0"/>
<pin id="639" dir="0" index="3" bw="5" slack="0"/>
<pin id="640" dir="1" index="4" bw="8" slack="0"/>
</pin_list>
<bind>
<opcode="partselect(1002) " fcode="partselect"/>
<opset="lshr_ln3/2 "/>
</bind>
</comp>

<comp id="645" class="1004" name="tmp_34_fu_645">
<pin_list>
<pin id="646" dir="0" index="0" bw="11" slack="0"/>
<pin id="647" dir="0" index="1" bw="3" slack="1"/>
<pin id="648" dir="0" index="2" bw="8" slack="0"/>
<pin id="649" dir="1" index="3" bw="11" slack="0"/>
</pin_list>
<bind>
<opcode="bitconcatenate(1004) " fcode="bitconcatenate"/>
<opset="tmp_34/2 "/>
</bind>
</comp>

<comp id="652" class="1004" name="zext_ln93_5_fu_652">
<pin_list>
<pin id="653" dir="0" index="0" bw="11" slack="0"/>
<pin id="654" dir="1" index="1" bw="64" slack="0"/>
</pin_list>
<bind>
<opcode="zext(34) " fcode="zext"/>
<opset="zext_ln93_5/2 "/>
</bind>
</comp>

<comp id="658" class="1004" name="add_ln89_1_fu_658">
<pin_list>
<pin id="659" dir="0" index="0" bw="9" slack="1"/>
<pin id="660" dir="0" index="1" bw="1" slack="0"/>
<pin id="661" dir="1" index="2" bw="9" slack="0"/>
</pin_list>
<bind>
<opcode="add(8) " fcode="add"/>
<opset="add_ln89_1/2 "/>
</bind>
</comp>

<comp id="663" class="1004" name="lshr_ln93_1_fu_663">
<pin_list>
<pin id="664" dir="0" index="0" bw="8" slack="0"/>
<pin id="665" dir="0" index="1" bw="9" slack="0"/>
<pin id="666" dir="0" index="2" bw="1" slack="0"/>
<pin id="667" dir="0" index="3" bw="5" slack="0"/>
<pin id="668" dir="1" index="4" bw="8" slack="0"/>
</pin_list>
<bind>
<opcode="partselect(1002) " fcode="partselect"/>
<opset="lshr_ln93_1/2 "/>
</bind>
</comp>

<comp id="673" class="1004" name="tmp_39_fu_673">
<pin_list>
<pin id="674" dir="0" index="0" bw="11" slack="0"/>
<pin id="675" dir="0" index="1" bw="3" slack="1"/>
<pin id="676" dir="0" index="2" bw="8" slack="0"/>
<pin id="677" dir="1" index="3" bw="11" slack="0"/>
</pin_list>
<bind>
<opcode="bitconcatenate(1004) " fcode="bitconcatenate"/>
<opset="tmp_39/2 "/>
</bind>
</comp>

<comp id="680" class="1004" name="zext_ln93_17_fu_680">
<pin_list>
<pin id="681" dir="0" index="0" bw="11" slack="0"/>
<pin id="682" dir="1" index="1" bw="64" slack="0"/>
</pin_list>
<bind>
<opcode="zext(34) " fcode="zext"/>
<opset="zext_ln93_17/2 "/>
</bind>
</comp>

<comp id="686" class="1004" name="add_ln89_2_fu_686">
<pin_list>
<pin id="687" dir="0" index="0" bw="9" slack="1"/>
<pin id="688" dir="0" index="1" bw="1" slack="0"/>
<pin id="689" dir="1" index="2" bw="9" slack="0"/>
</pin_list>
<bind>
<opcode="add(8) " fcode="add"/>
<opset="add_ln89_2/2 "/>
</bind>
</comp>

<comp id="691" class="1004" name="lshr_ln93_2_fu_691">
<pin_list>
<pin id="692" dir="0" index="0" bw="8" slack="0"/>
<pin id="693" dir="0" index="1" bw="9" slack="0"/>
<pin id="694" dir="0" index="2" bw="1" slack="0"/>
<pin id="695" dir="0" index="3" bw="5" slack="0"/>
<pin id="696" dir="1" index="4" bw="8" slack="0"/>
</pin_list>
<bind>
<opcode="partselect(1002) " fcode="partselect"/>
<opset="lshr_ln93_2/2 "/>
</bind>
</comp>

<comp id="701" class="1004" name="tmp_44_fu_701">
<pin_list>
<pin id="702" dir="0" index="0" bw="11" slack="0"/>
<pin id="703" dir="0" index="1" bw="3" slack="1"/>
<pin id="704" dir="0" index="2" bw="8" slack="0"/>
<pin id="705" dir="1" index="3" bw="11" slack="0"/>
</pin_list>
<bind>
<opcode="bitconcatenate(1004) " fcode="bitconcatenate"/>
<opset="tmp_44/2 "/>
</bind>
</comp>

<comp id="708" class="1004" name="zext_ln93_22_fu_708">
<pin_list>
<pin id="709" dir="0" index="0" bw="11" slack="0"/>
<pin id="710" dir="1" index="1" bw="64" slack="0"/>
</pin_list>
<bind>
<opcode="zext(34) " fcode="zext"/>
<opset="zext_ln93_22/2 "/>
</bind>
</comp>

<comp id="714" class="1004" name="store_ln64_store_fu_714">
<pin_list>
<pin id="715" dir="0" index="0" bw="9" slack="0"/>
<pin id="716" dir="0" index="1" bw="9" slack="1"/>
<pin id="717" dir="1" index="2" bw="0" slack="2147483647"/>
</pin_list>
<bind>
<opcode="store(28) " fcode="store"/>
<opset="store_ln64/2 "/>
</bind>
</comp>

<comp id="719" class="1004" name="tmp_35_fu_719">
<pin_list>
<pin id="720" dir="0" index="0" bw="11" slack="0"/>
<pin id="721" dir="0" index="1" bw="3" slack="2"/>
<pin id="722" dir="0" index="2" bw="8" slack="1"/>
<pin id="723" dir="1" index="3" bw="11" slack="0"/>
</pin_list>
<bind>
<opcode="bitconcatenate(1004) " fcode="bitconcatenate"/>
<opset="tmp_35/3 "/>
</bind>
</comp>

<comp id="725" class="1004" name="zext_ln93_6_fu_725">
<pin_list>
<pin id="726" dir="0" index="0" bw="11" slack="0"/>
<pin id="727" dir="1" index="1" bw="64" slack="0"/>
</pin_list>
<bind>
<opcode="zext(34) " fcode="zext"/>
<opset="zext_ln93_6/3 "/>
</bind>
</comp>

<comp id="731" class="1004" name="tmp_40_fu_731">
<pin_list>
<pin id="732" dir="0" index="0" bw="11" slack="0"/>
<pin id="733" dir="0" index="1" bw="3" slack="2"/>
<pin id="734" dir="0" index="2" bw="8" slack="1"/>
<pin id="735" dir="1" index="3" bw="11" slack="0"/>
</pin_list>
<bind>
<opcode="bitconcatenate(1004) " fcode="bitconcatenate"/>
<opset="tmp_40/3 "/>
</bind>
</comp>

<comp id="737" class="1004" name="zext_ln93_18_fu_737">
<pin_list>
<pin id="738" dir="0" index="0" bw="11" slack="0"/>
<pin id="739" dir="1" index="1" bw="64" slack="0"/>
</pin_list>
<bind>
<opcode="zext(34) " fcode="zext"/>
<opset="zext_ln93_18/3 "/>
</bind>
</comp>

<comp id="743" class="1004" name="tmp_45_fu_743">
<pin_list>
<pin id="744" dir="0" index="0" bw="11" slack="0"/>
<pin id="745" dir="0" index="1" bw="3" slack="2"/>
<pin id="746" dir="0" index="2" bw="8" slack="1"/>
<pin id="747" dir="1" index="3" bw="11" slack="0"/>
</pin_list>
<bind>
<opcode="bitconcatenate(1004) " fcode="bitconcatenate"/>
<opset="tmp_45/3 "/>
</bind>
</comp>

<comp id="749" class="1004" name="zext_ln93_23_fu_749">
<pin_list>
<pin id="750" dir="0" index="0" bw="11" slack="0"/>
<pin id="751" dir="1" index="1" bw="64" slack="0"/>
</pin_list>
<bind>
<opcode="zext(34) " fcode="zext"/>
<opset="zext_ln93_23/3 "/>
</bind>
</comp>

<comp id="755" class="1004" name="add_ln93_fu_755">
<pin_list>
<pin id="756" dir="0" index="0" bw="8" slack="1"/>
<pin id="757" dir="0" index="1" bw="1" slack="0"/>
<pin id="758" dir="1" index="2" bw="8" slack="0"/>
</pin_list>
<bind>
<opcode="add(8) " fcode="add"/>
<opset="add_ln93/3 "/>
</bind>
</comp>

<comp id="760" class="1004" name="tmp_49_fu_760">
<pin_list>
<pin id="761" dir="0" index="0" bw="11" slack="0"/>
<pin id="762" dir="0" index="1" bw="3" slack="2"/>
<pin id="763" dir="0" index="2" bw="8" slack="0"/>
<pin id="764" dir="1" index="3" bw="11" slack="0"/>
</pin_list>
<bind>
<opcode="bitconcatenate(1004) " fcode="bitconcatenate"/>
<opset="tmp_49/3 "/>
</bind>
</comp>

<comp id="767" class="1004" name="zext_ln93_27_fu_767">
<pin_list>
<pin id="768" dir="0" index="0" bw="11" slack="0"/>
<pin id="769" dir="1" index="1" bw="64" slack="0"/>
</pin_list>
<bind>
<opcode="zext(34) " fcode="zext"/>
<opset="zext_ln93_27/3 "/>
</bind>
</comp>

<comp id="773" class="1004" name="select_ln93_1_cast_fu_773">
<pin_list>
<pin id="774" dir="0" index="0" bw="8" slack="0"/>
<pin id="775" dir="1" index="1" bw="9" slack="0"/>
</pin_list>
<bind>
<opcode="zext(34) " fcode="zext"/>
<opset="select_ln93_1_cast/3 "/>
</bind>
</comp>

<comp id="777" class="1004" name="select_ln93_3_cast_fu_777">
<pin_list>
<pin id="778" dir="0" index="0" bw="8" slack="0"/>
<pin id="779" dir="1" index="1" bw="9" slack="0"/>
</pin_list>
<bind>
<opcode="zext(34) " fcode="zext"/>
<opset="select_ln93_3_cast/3 "/>
</bind>
</comp>

<comp id="781" class="1004" name="empty_fu_781">
<pin_list>
<pin id="782" dir="0" index="0" bw="8" slack="0"/>
<pin id="783" dir="0" index="1" bw="8" slack="0"/>
<pin id="784" dir="1" index="2" bw="9" slack="2"/>
</pin_list>
<bind>
<opcode="add(8) " fcode="add"/>
<opset="empty/3 "/>
</bind>
</comp>

<comp id="787" class="1004" name="tmp_30_fu_787">
<pin_list>
<pin id="788" dir="0" index="0" bw="11" slack="0"/>
<pin id="789" dir="0" index="1" bw="3" slack="3"/>
<pin id="790" dir="0" index="2" bw="8" slack="2"/>
<pin id="791" dir="1" index="3" bw="11" slack="0"/>
</pin_list>
<bind>
<opcode="bitconcatenate(1004) " fcode="bitconcatenate"/>
<opset="tmp_30/4 "/>
</bind>
</comp>

<comp id="793" class="1004" name="zext_ln93_1_fu_793">
<pin_list>
<pin id="794" dir="0" index="0" bw="11" slack="0"/>
<pin id="795" dir="1" index="1" bw="64" slack="0"/>
</pin_list>
<bind>
<opcode="zext(34) " fcode="zext"/>
<opset="zext_ln93_1/4 "/>
</bind>
</comp>

<comp id="799" class="1004" name="zext_ln65_fu_799">
<pin_list>
<pin id="800" dir="0" index="0" bw="8" slack="1"/>
<pin id="801" dir="1" index="1" bw="9" slack="0"/>
</pin_list>
<bind>
<opcode="zext(34) " fcode="zext"/>
<opset="zext_ln65/4 "/>
</bind>
</comp>

<comp id="803" class="1004" name="tmp_41_fu_803">
<pin_list>
<pin id="804" dir="0" index="0" bw="11" slack="0"/>
<pin id="805" dir="0" index="1" bw="3" slack="3"/>
<pin id="806" dir="0" index="2" bw="8" slack="2"/>
<pin id="807" dir="1" index="3" bw="11" slack="0"/>
</pin_list>
<bind>
<opcode="bitconcatenate(1004) " fcode="bitconcatenate"/>
<opset="tmp_41/4 "/>
</bind>
</comp>

<comp id="809" class="1004" name="zext_ln93_19_fu_809">
<pin_list>
<pin id="810" dir="0" index="0" bw="11" slack="0"/>
<pin id="811" dir="1" index="1" bw="64" slack="0"/>
</pin_list>
<bind>
<opcode="zext(34) " fcode="zext"/>
<opset="zext_ln93_19/4 "/>
</bind>
</comp>

<comp id="815" class="1004" name="tmp_46_fu_815">
<pin_list>
<pin id="816" dir="0" index="0" bw="11" slack="0"/>
<pin id="817" dir="0" index="1" bw="3" slack="3"/>
<pin id="818" dir="0" index="2" bw="8" slack="2"/>
<pin id="819" dir="1" index="3" bw="11" slack="0"/>
</pin_list>
<bind>
<opcode="bitconcatenate(1004) " fcode="bitconcatenate"/>
<opset="tmp_46/4 "/>
</bind>
</comp>

<comp id="821" class="1004" name="zext_ln93_24_fu_821">
<pin_list>
<pin id="822" dir="0" index="0" bw="11" slack="0"/>
<pin id="823" dir="1" index="1" bw="64" slack="0"/>
</pin_list>
<bind>
<opcode="zext(34) " fcode="zext"/>
<opset="zext_ln93_24/4 "/>
</bind>
</comp>

<comp id="827" class="1004" name="tmp_50_fu_827">
<pin_list>
<pin id="828" dir="0" index="0" bw="11" slack="0"/>
<pin id="829" dir="0" index="1" bw="3" slack="3"/>
<pin id="830" dir="0" index="2" bw="8" slack="1"/>
<pin id="831" dir="1" index="3" bw="11" slack="0"/>
</pin_list>
<bind>
<opcode="bitconcatenate(1004) " fcode="bitconcatenate"/>
<opset="tmp_50/4 "/>
</bind>
</comp>

<comp id="833" class="1004" name="zext_ln93_28_fu_833">
<pin_list>
<pin id="834" dir="0" index="0" bw="11" slack="0"/>
<pin id="835" dir="1" index="1" bw="64" slack="0"/>
</pin_list>
<bind>
<opcode="zext(34) " fcode="zext"/>
<opset="zext_ln93_28/4 "/>
</bind>
</comp>

<comp id="839" class="1004" name="zext_ln20_fu_839">
<pin_list>
<pin id="840" dir="0" index="0" bw="8" slack="0"/>
<pin id="841" dir="1" index="1" bw="9" slack="0"/>
</pin_list>
<bind>
<opcode="zext(34) " fcode="zext"/>
<opset="zext_ln20/4 "/>
</bind>
</comp>

<comp id="843" class="1004" name="select_ln93_6_cast_fu_843">
<pin_list>
<pin id="844" dir="0" index="0" bw="8" slack="0"/>
<pin id="845" dir="1" index="1" bw="9" slack="0"/>
</pin_list>
<bind>
<opcode="zext(34) " fcode="zext"/>
<opset="select_ln93_6_cast/4 "/>
</bind>
</comp>

<comp id="847" class="1004" name="select_ln93_8_cast_fu_847">
<pin_list>
<pin id="848" dir="0" index="0" bw="8" slack="0"/>
<pin id="849" dir="1" index="1" bw="9" slack="0"/>
</pin_list>
<bind>
<opcode="zext(34) " fcode="zext"/>
<opset="select_ln93_8_cast/4 "/>
</bind>
</comp>

<comp id="851" class="1004" name="empty_44_fu_851">
<pin_list>
<pin id="852" dir="0" index="0" bw="8" slack="0"/>
<pin id="853" dir="0" index="1" bw="8" slack="0"/>
<pin id="854" dir="1" index="2" bw="9" slack="2"/>
</pin_list>
<bind>
<opcode="add(8) " fcode="add"/>
<opset="empty_44/4 "/>
</bind>
</comp>

<comp id="857" class="1004" name="add_ln91_fu_857">
<pin_list>
<pin id="858" dir="0" index="0" bw="8" slack="0"/>
<pin id="859" dir="0" index="1" bw="8" slack="0"/>
<pin id="860" dir="1" index="2" bw="9" slack="2"/>
</pin_list>
<bind>
<opcode="add(8) " fcode="add"/>
<opset="add_ln91/4 "/>
</bind>
</comp>

<comp id="863" class="1004" name="tmp_31_fu_863">
<pin_list>
<pin id="864" dir="0" index="0" bw="11" slack="0"/>
<pin id="865" dir="0" index="1" bw="3" slack="4"/>
<pin id="866" dir="0" index="2" bw="8" slack="3"/>
<pin id="867" dir="1" index="3" bw="11" slack="0"/>
</pin_list>
<bind>
<opcode="bitconcatenate(1004) " fcode="bitconcatenate"/>
<opset="tmp_31/5 "/>
</bind>
</comp>

<comp id="869" class="1004" name="zext_ln93_2_fu_869">
<pin_list>
<pin id="870" dir="0" index="0" bw="11" slack="0"/>
<pin id="871" dir="1" index="1" bw="64" slack="0"/>
</pin_list>
<bind>
<opcode="zext(34) " fcode="zext"/>
<opset="zext_ln93_2/5 "/>
</bind>
</comp>

<comp id="875" class="1004" name="tmp_36_fu_875">
<pin_list>
<pin id="876" dir="0" index="0" bw="11" slack="0"/>
<pin id="877" dir="0" index="1" bw="3" slack="4"/>
<pin id="878" dir="0" index="2" bw="8" slack="3"/>
<pin id="879" dir="1" index="3" bw="11" slack="0"/>
</pin_list>
<bind>
<opcode="bitconcatenate(1004) " fcode="bitconcatenate"/>
<opset="tmp_36/5 "/>
</bind>
</comp>

<comp id="881" class="1004" name="zext_ln93_7_fu_881">
<pin_list>
<pin id="882" dir="0" index="0" bw="11" slack="0"/>
<pin id="883" dir="1" index="1" bw="64" slack="0"/>
</pin_list>
<bind>
<opcode="zext(34) " fcode="zext"/>
<opset="zext_ln93_7/5 "/>
</bind>
</comp>

<comp id="887" class="1004" name="tmp_42_fu_887">
<pin_list>
<pin id="888" dir="0" index="0" bw="11" slack="0"/>
<pin id="889" dir="0" index="1" bw="3" slack="4"/>
<pin id="890" dir="0" index="2" bw="8" slack="3"/>
<pin id="891" dir="1" index="3" bw="11" slack="0"/>
</pin_list>
<bind>
<opcode="bitconcatenate(1004) " fcode="bitconcatenate"/>
<opset="tmp_42/5 "/>
</bind>
</comp>

<comp id="893" class="1004" name="zext_ln93_20_fu_893">
<pin_list>
<pin id="894" dir="0" index="0" bw="11" slack="0"/>
<pin id="895" dir="1" index="1" bw="64" slack="0"/>
</pin_list>
<bind>
<opcode="zext(34) " fcode="zext"/>
<opset="zext_ln93_20/5 "/>
</bind>
</comp>

<comp id="899" class="1004" name="tmp_47_fu_899">
<pin_list>
<pin id="900" dir="0" index="0" bw="11" slack="0"/>
<pin id="901" dir="0" index="1" bw="3" slack="4"/>
<pin id="902" dir="0" index="2" bw="8" slack="3"/>
<pin id="903" dir="1" index="3" bw="11" slack="0"/>
</pin_list>
<bind>
<opcode="bitconcatenate(1004) " fcode="bitconcatenate"/>
<opset="tmp_47/5 "/>
</bind>
</comp>

<comp id="905" class="1004" name="zext_ln93_25_fu_905">
<pin_list>
<pin id="906" dir="0" index="0" bw="11" slack="0"/>
<pin id="907" dir="1" index="1" bw="64" slack="0"/>
</pin_list>
<bind>
<opcode="zext(34) " fcode="zext"/>
<opset="zext_ln93_25/5 "/>
</bind>
</comp>

<comp id="911" class="1004" name="zext_ln93_9_fu_911">
<pin_list>
<pin id="912" dir="0" index="0" bw="8" slack="0"/>
<pin id="913" dir="1" index="1" bw="9" slack="0"/>
</pin_list>
<bind>
<opcode="zext(34) " fcode="zext"/>
<opset="zext_ln93_9/5 "/>
</bind>
</comp>

<comp id="915" class="1004" name="zext_ln93_11_fu_915">
<pin_list>
<pin id="916" dir="0" index="0" bw="8" slack="0"/>
<pin id="917" dir="1" index="1" bw="9" slack="0"/>
</pin_list>
<bind>
<opcode="zext(34) " fcode="zext"/>
<opset="zext_ln93_11/5 "/>
</bind>
</comp>

<comp id="919" class="1004" name="select_ln93_4_cast_fu_919">
<pin_list>
<pin id="920" dir="0" index="0" bw="8" slack="1"/>
<pin id="921" dir="1" index="1" bw="9" slack="0"/>
</pin_list>
<bind>
<opcode="zext(34) " fcode="zext"/>
<opset="select_ln93_4_cast/5 "/>
</bind>
</comp>

<comp id="923" class="1004" name="p_cast_fu_923">
<pin_list>
<pin id="924" dir="0" index="0" bw="9" slack="2"/>
<pin id="925" dir="1" index="1" bw="10" slack="0"/>
</pin_list>
<bind>
<opcode="zext(34) " fcode="zext"/>
<opset="p_cast/5 "/>
</bind>
</comp>

<comp id="926" class="1004" name="select_ln93_8_cast22_fu_926">
<pin_list>
<pin id="927" dir="0" index="0" bw="8" slack="0"/>
<pin id="928" dir="1" index="1" bw="9" slack="0"/>
</pin_list>
<bind>
<opcode="zext(34) " fcode="zext"/>
<opset="select_ln93_8_cast22/5 "/>
</bind>
</comp>

<comp id="930" class="1004" name="tmp_fu_930">
<pin_list>
<pin id="931" dir="0" index="0" bw="8" slack="0"/>
<pin id="932" dir="0" index="1" bw="8" slack="0"/>
<pin id="933" dir="1" index="2" bw="9" slack="0"/>
</pin_list>
<bind>
<opcode="add(8) " fcode="add"/>
<opset="tmp/5 "/>
</bind>
</comp>

<comp id="936" class="1004" name="tmp_cast_fu_936">
<pin_list>
<pin id="937" dir="0" index="0" bw="9" slack="0"/>
<pin id="938" dir="1" index="1" bw="10" slack="0"/>
</pin_list>
<bind>
<opcode="zext(34) " fcode="zext"/>
<opset="tmp_cast/5 "/>
</bind>
</comp>

<comp id="940" class="1004" name="empty_43_fu_940">
<pin_list>
<pin id="941" dir="0" index="0" bw="9" slack="0"/>
<pin id="942" dir="0" index="1" bw="9" slack="0"/>
<pin id="943" dir="1" index="2" bw="10" slack="3"/>
</pin_list>
<bind>
<opcode="add(8) " fcode="add"/>
<opset="empty_43/5 "/>
</bind>
</comp>

<comp id="946" class="1004" name="tmp8_fu_946">
<pin_list>
<pin id="947" dir="0" index="0" bw="8" slack="0"/>
<pin id="948" dir="0" index="1" bw="8" slack="0"/>
<pin id="949" dir="1" index="2" bw="9" slack="3"/>
</pin_list>
<bind>
<opcode="add(8) " fcode="add"/>
<opset="tmp8/5 "/>
</bind>
</comp>

<comp id="952" class="1004" name="tmp_37_fu_952">
<pin_list>
<pin id="953" dir="0" index="0" bw="11" slack="0"/>
<pin id="954" dir="0" index="1" bw="3" slack="5"/>
<pin id="955" dir="0" index="2" bw="8" slack="4"/>
<pin id="956" dir="1" index="3" bw="11" slack="0"/>
</pin_list>
<bind>
<opcode="bitconcatenate(1004) " fcode="bitconcatenate"/>
<opset="tmp_37/6 "/>
</bind>
</comp>

<comp id="958" class="1004" name="zext_ln93_8_fu_958">
<pin_list>
<pin id="959" dir="0" index="0" bw="11" slack="0"/>
<pin id="960" dir="1" index="1" bw="64" slack="0"/>
</pin_list>
<bind>
<opcode="zext(34) " fcode="zext"/>
<opset="zext_ln93_8/6 "/>
</bind>
</comp>

<comp id="964" class="1004" name="tmp_43_fu_964">
<pin_list>
<pin id="965" dir="0" index="0" bw="11" slack="0"/>
<pin id="966" dir="0" index="1" bw="3" slack="5"/>
<pin id="967" dir="0" index="2" bw="8" slack="4"/>
<pin id="968" dir="1" index="3" bw="11" slack="0"/>
</pin_list>
<bind>
<opcode="bitconcatenate(1004) " fcode="bitconcatenate"/>
<opset="tmp_43/6 "/>
</bind>
</comp>

<comp id="970" class="1004" name="zext_ln93_21_fu_970">
<pin_list>
<pin id="971" dir="0" index="0" bw="11" slack="0"/>
<pin id="972" dir="1" index="1" bw="64" slack="0"/>
</pin_list>
<bind>
<opcode="zext(34) " fcode="zext"/>
<opset="zext_ln93_21/6 "/>
</bind>
</comp>

<comp id="976" class="1004" name="zext_ln89_fu_976">
<pin_list>
<pin id="977" dir="0" index="0" bw="8" slack="3"/>
<pin id="978" dir="1" index="1" bw="9" slack="0"/>
</pin_list>
<bind>
<opcode="zext(34) " fcode="zext"/>
<opset="zext_ln89/6 "/>
</bind>
</comp>

<comp id="980" class="1004" name="tmp_48_fu_980">
<pin_list>
<pin id="981" dir="0" index="0" bw="11" slack="0"/>
<pin id="982" dir="0" index="1" bw="3" slack="5"/>
<pin id="983" dir="0" index="2" bw="8" slack="4"/>
<pin id="984" dir="1" index="3" bw="11" slack="0"/>
</pin_list>
<bind>
<opcode="bitconcatenate(1004) " fcode="bitconcatenate"/>
<opset="tmp_48/6 "/>
</bind>
</comp>

<comp id="986" class="1004" name="zext_ln93_26_fu_986">
<pin_list>
<pin id="987" dir="0" index="0" bw="11" slack="0"/>
<pin id="988" dir="1" index="1" bw="64" slack="0"/>
</pin_list>
<bind>
<opcode="zext(34) " fcode="zext"/>
<opset="zext_ln93_26/6 "/>
</bind>
</comp>

<comp id="992" class="1004" name="tmp_51_fu_992">
<pin_list>
<pin id="993" dir="0" index="0" bw="11" slack="0"/>
<pin id="994" dir="0" index="1" bw="3" slack="5"/>
<pin id="995" dir="0" index="2" bw="8" slack="3"/>
<pin id="996" dir="1" index="3" bw="11" slack="0"/>
</pin_list>
<bind>
<opcode="bitconcatenate(1004) " fcode="bitconcatenate"/>
<opset="tmp_51/6 "/>
</bind>
</comp>

<comp id="998" class="1004" name="zext_ln93_29_fu_998">
<pin_list>
<pin id="999" dir="0" index="0" bw="11" slack="0"/>
<pin id="1000" dir="1" index="1" bw="64" slack="0"/>
</pin_list>
<bind>
<opcode="zext(34) " fcode="zext"/>
<opset="zext_ln93_29/6 "/>
</bind>
</comp>

<comp id="1004" class="1004" name="zext_ln93_10_fu_1004">
<pin_list>
<pin id="1005" dir="0" index="0" bw="8" slack="0"/>
<pin id="1006" dir="1" index="1" bw="9" slack="0"/>
</pin_list>
<bind>
<opcode="zext(34) " fcode="zext"/>
<opset="zext_ln93_10/6 "/>
</bind>
</comp>

<comp id="1008" class="1004" name="tmp_19_fu_1008">
<pin_list>
<pin id="1009" dir="0" index="0" bw="13" slack="0"/>
<pin id="1010" dir="0" index="1" bw="8" slack="0"/>
<pin id="1011" dir="0" index="2" bw="1" slack="0"/>
<pin id="1012" dir="1" index="3" bw="13" slack="0"/>
</pin_list>
<bind>
<opcode="bitconcatenate(1004) " fcode="bitconcatenate"/>
<opset="tmp_19/6 "/>
</bind>
</comp>

<comp id="1016" class="1004" name="zext_ln91_7_fu_1016">
<pin_list>
<pin id="1017" dir="0" index="0" bw="13" slack="0"/>
<pin id="1018" dir="1" index="1" bw="14" slack="0"/>
</pin_list>
<bind>
<opcode="zext(34) " fcode="zext"/>
<opset="zext_ln91_7/6 "/>
</bind>
</comp>

<comp id="1020" class="1004" name="tmp_20_fu_1020">
<pin_list>
<pin id="1021" dir="0" index="0" bw="10" slack="0"/>
<pin id="1022" dir="0" index="1" bw="8" slack="0"/>
<pin id="1023" dir="0" index="2" bw="1" slack="0"/>
<pin id="1024" dir="1" index="3" bw="10" slack="0"/>
</pin_list>
<bind>
<opcode="bitconcatenate(1004) " fcode="bitconcatenate"/>
<opset="tmp_20/6 "/>
</bind>
</comp>

<comp id="1028" class="1004" name="zext_ln91_8_fu_1028">
<pin_list>
<pin id="1029" dir="0" index="0" bw="10" slack="0"/>
<pin id="1030" dir="1" index="1" bw="14" slack="0"/>
</pin_list>
<bind>
<opcode="zext(34) " fcode="zext"/>
<opset="zext_ln91_8/6 "/>
</bind>
</comp>

<comp id="1032" class="1004" name="add_ln91_7_fu_1032">
<pin_list>
<pin id="1033" dir="0" index="0" bw="13" slack="0"/>
<pin id="1034" dir="0" index="1" bw="10" slack="0"/>
<pin id="1035" dir="1" index="2" bw="14" slack="0"/>
</pin_list>
<bind>
<opcode="add(8) " fcode="add"/>
<opset="add_ln91_7/6 "/>
</bind>
</comp>

<comp id="1038" class="1004" name="select_ln93_15_cast25_fu_1038">
<pin_list>
<pin id="1039" dir="0" index="0" bw="8" slack="0"/>
<pin id="1040" dir="1" index="1" bw="9" slack="0"/>
</pin_list>
<bind>
<opcode="zext(34) " fcode="zext"/>
<opset="select_ln93_15_cast25/6 "/>
</bind>
</comp>

<comp id="1042" class="1004" name="p_cast10_fu_1042">
<pin_list>
<pin id="1043" dir="0" index="0" bw="9" slack="2"/>
<pin id="1044" dir="1" index="1" bw="10" slack="0"/>
</pin_list>
<bind>
<opcode="zext(34) " fcode="zext"/>
<opset="p_cast10/6 "/>
</bind>
</comp>

<comp id="1045" class="1004" name="select_ln93_17_cast_fu_1045">
<pin_list>
<pin id="1046" dir="0" index="0" bw="8" slack="0"/>
<pin id="1047" dir="1" index="1" bw="9" slack="0"/>
</pin_list>
<bind>
<opcode="zext(34) " fcode="zext"/>
<opset="select_ln93_17_cast/6 "/>
</bind>
</comp>

<comp id="1049" class="1004" name="tmp5_fu_1049">
<pin_list>
<pin id="1050" dir="0" index="0" bw="8" slack="0"/>
<pin id="1051" dir="0" index="1" bw="8" slack="0"/>
<pin id="1052" dir="1" index="2" bw="9" slack="0"/>
</pin_list>
<bind>
<opcode="add(8) " fcode="add"/>
<opset="tmp5/6 "/>
</bind>
</comp>

<comp id="1055" class="1004" name="tmp5_cast_fu_1055">
<pin_list>
<pin id="1056" dir="0" index="0" bw="9" slack="0"/>
<pin id="1057" dir="1" index="1" bw="10" slack="0"/>
</pin_list>
<bind>
<opcode="zext(34) " fcode="zext"/>
<opset="tmp5_cast/6 "/>
</bind>
</comp>

<comp id="1059" class="1004" name="tmp141_fu_1059">
<pin_list>
<pin id="1060" dir="0" index="0" bw="9" slack="0"/>
<pin id="1061" dir="0" index="1" bw="9" slack="0"/>
<pin id="1062" dir="1" index="2" bw="10" slack="1"/>
</pin_list>
<bind>
<opcode="add(8) " fcode="add"/>
<opset="tmp141/6 "/>
</bind>
</comp>

<comp id="1065" class="1004" name="tmp16_fu_1065">
<pin_list>
<pin id="1066" dir="0" index="0" bw="8" slack="0"/>
<pin id="1067" dir="0" index="1" bw="8" slack="0"/>
<pin id="1068" dir="1" index="2" bw="9" slack="3"/>
</pin_list>
<bind>
<opcode="add(8) " fcode="add"/>
<opset="tmp16/6 "/>
</bind>
</comp>

<comp id="1071" class="1004" name="zext_ln91_2_fu_1071">
<pin_list>
<pin id="1072" dir="0" index="0" bw="9" slack="2"/>
<pin id="1073" dir="1" index="1" bw="14" slack="0"/>
</pin_list>
<bind>
<opcode="zext(34) " fcode="zext"/>
<opset="zext_ln91_2/6 "/>
</bind>
</comp>

<comp id="1074" class="1004" name="add_ln91_1_fu_1074">
<pin_list>
<pin id="1075" dir="0" index="0" bw="14" slack="0"/>
<pin id="1076" dir="0" index="1" bw="9" slack="0"/>
<pin id="1077" dir="1" index="2" bw="14" slack="1"/>
</pin_list>
<bind>
<opcode="add(8) " fcode="add"/>
<opset="add_ln91_1/6 "/>
</bind>
</comp>

<comp id="1080" class="1004" name="tmp_32_fu_1080">
<pin_list>
<pin id="1081" dir="0" index="0" bw="11" slack="0"/>
<pin id="1082" dir="0" index="1" bw="3" slack="6"/>
<pin id="1083" dir="0" index="2" bw="8" slack="5"/>
<pin id="1084" dir="1" index="3" bw="11" slack="0"/>
</pin_list>
<bind>
<opcode="bitconcatenate(1004) " fcode="bitconcatenate"/>
<opset="tmp_32/7 "/>
</bind>
</comp>

<comp id="1086" class="1004" name="zext_ln93_3_fu_1086">
<pin_list>
<pin id="1087" dir="0" index="0" bw="11" slack="0"/>
<pin id="1088" dir="1" index="1" bw="64" slack="0"/>
</pin_list>
<bind>
<opcode="zext(34) " fcode="zext"/>
<opset="zext_ln93_3/7 "/>
</bind>
</comp>

<comp id="1092" class="1004" name="tmp_52_fu_1092">
<pin_list>
<pin id="1093" dir="0" index="0" bw="11" slack="0"/>
<pin id="1094" dir="0" index="1" bw="3" slack="6"/>
<pin id="1095" dir="0" index="2" bw="8" slack="4"/>
<pin id="1096" dir="1" index="3" bw="11" slack="0"/>
</pin_list>
<bind>
<opcode="bitconcatenate(1004) " fcode="bitconcatenate"/>
<opset="tmp_52/7 "/>
</bind>
</comp>

<comp id="1098" class="1004" name="zext_ln93_30_fu_1098">
<pin_list>
<pin id="1099" dir="0" index="0" bw="11" slack="0"/>
<pin id="1100" dir="1" index="1" bw="64" slack="0"/>
</pin_list>
<bind>
<opcode="zext(34) " fcode="zext"/>
<opset="zext_ln93_30/7 "/>
</bind>
</comp>

<comp id="1104" class="1004" name="select_ln93_20_cast_fu_1104">
<pin_list>
<pin id="1105" dir="0" index="0" bw="8" slack="0"/>
<pin id="1106" dir="1" index="1" bw="9" slack="0"/>
</pin_list>
<bind>
<opcode="zext(34) " fcode="zext"/>
<opset="select_ln93_20_cast/7 "/>
</bind>
</comp>

<comp id="1108" class="1004" name="select_ln93_22_cast_fu_1108">
<pin_list>
<pin id="1109" dir="0" index="0" bw="8" slack="0"/>
<pin id="1110" dir="1" index="1" bw="9" slack="0"/>
</pin_list>
<bind>
<opcode="zext(34) " fcode="zext"/>
<opset="select_ln93_22_cast/7 "/>
</bind>
</comp>

<comp id="1112" class="1004" name="tmp3_fu_1112">
<pin_list>
<pin id="1113" dir="0" index="0" bw="8" slack="0"/>
<pin id="1114" dir="0" index="1" bw="8" slack="0"/>
<pin id="1115" dir="1" index="2" bw="9" slack="1"/>
</pin_list>
<bind>
<opcode="add(8) " fcode="add"/>
<opset="tmp3/7 "/>
</bind>
</comp>

<comp id="1118" class="1004" name="tmp15_fu_1118">
<pin_list>
<pin id="1119" dir="0" index="0" bw="14" slack="0"/>
<pin id="1120" dir="0" index="1" bw="10" slack="1"/>
<pin id="1121" dir="0" index="2" bw="1" slack="0"/>
<pin id="1122" dir="1" index="3" bw="14" slack="0"/>
</pin_list>
<bind>
<opcode="bitconcatenate(1004) " fcode="bitconcatenate"/>
<opset="tmp15/7 "/>
</bind>
</comp>

<comp id="1125" class="1004" name="tmp15_cast27_fu_1125">
<pin_list>
<pin id="1126" dir="0" index="0" bw="14" slack="0"/>
<pin id="1127" dir="1" index="1" bw="15" slack="0"/>
</pin_list>
<bind>
<opcode="zext(34) " fcode="zext"/>
<opset="tmp15_cast27/7 "/>
</bind>
</comp>

<comp id="1129" class="1004" name="zext_ln91_3_fu_1129">
<pin_list>
<pin id="1130" dir="0" index="0" bw="14" slack="1"/>
<pin id="1131" dir="1" index="1" bw="15" slack="0"/>
</pin_list>
<bind>
<opcode="zext(34) " fcode="zext"/>
<opset="zext_ln91_3/7 "/>
</bind>
</comp>

<comp id="1132" class="1004" name="add_ln91_2_fu_1132">
<pin_list>
<pin id="1133" dir="0" index="0" bw="14" slack="0"/>
<pin id="1134" dir="0" index="1" bw="14" slack="0"/>
<pin id="1135" dir="1" index="2" bw="15" slack="4"/>
</pin_list>
<bind>
<opcode="add(8) " fcode="add"/>
<opset="add_ln91_2/7 "/>
</bind>
</comp>

<comp id="1138" class="1004" name="tmp_33_fu_1138">
<pin_list>
<pin id="1139" dir="0" index="0" bw="11" slack="0"/>
<pin id="1140" dir="0" index="1" bw="3" slack="7"/>
<pin id="1141" dir="0" index="2" bw="8" slack="6"/>
<pin id="1142" dir="1" index="3" bw="11" slack="0"/>
</pin_list>
<bind>
<opcode="bitconcatenate(1004) " fcode="bitconcatenate"/>
<opset="tmp_33/8 "/>
</bind>
</comp>

<comp id="1144" class="1004" name="zext_ln93_4_fu_1144">
<pin_list>
<pin id="1145" dir="0" index="0" bw="11" slack="0"/>
<pin id="1146" dir="1" index="1" bw="64" slack="0"/>
</pin_list>
<bind>
<opcode="zext(34) " fcode="zext"/>
<opset="zext_ln93_4/8 "/>
</bind>
</comp>

<comp id="1150" class="1004" name="tmp_38_fu_1150">
<pin_list>
<pin id="1151" dir="0" index="0" bw="11" slack="0"/>
<pin id="1152" dir="0" index="1" bw="3" slack="7"/>
<pin id="1153" dir="0" index="2" bw="8" slack="6"/>
<pin id="1154" dir="1" index="3" bw="11" slack="0"/>
</pin_list>
<bind>
<opcode="bitconcatenate(1004) " fcode="bitconcatenate"/>
<opset="tmp_38/8 "/>
</bind>
</comp>

<comp id="1156" class="1004" name="zext_ln93_12_fu_1156">
<pin_list>
<pin id="1157" dir="0" index="0" bw="11" slack="0"/>
<pin id="1158" dir="1" index="1" bw="64" slack="0"/>
</pin_list>
<bind>
<opcode="zext(34) " fcode="zext"/>
<opset="zext_ln93_12/8 "/>
</bind>
</comp>

<comp id="1162" class="1004" name="zext_ln93_13_fu_1162">
<pin_list>
<pin id="1163" dir="0" index="0" bw="8" slack="3"/>
<pin id="1164" dir="1" index="1" bw="9" slack="0"/>
</pin_list>
<bind>
<opcode="zext(34) " fcode="zext"/>
<opset="zext_ln93_13/8 "/>
</bind>
</comp>

<comp id="1165" class="1004" name="zext_ln93_14_fu_1165">
<pin_list>
<pin id="1166" dir="0" index="0" bw="8" slack="0"/>
<pin id="1167" dir="1" index="1" bw="9" slack="0"/>
</pin_list>
<bind>
<opcode="zext(34) " fcode="zext"/>
<opset="zext_ln93_14/8 "/>
</bind>
</comp>

<comp id="1169" class="1004" name="select_ln93_15_cast_fu_1169">
<pin_list>
<pin id="1170" dir="0" index="0" bw="8" slack="1"/>
<pin id="1171" dir="1" index="1" bw="11" slack="0"/>
</pin_list>
<bind>
<opcode="zext(34) " fcode="zext"/>
<opset="select_ln93_15_cast/8 "/>
</bind>
</comp>

<comp id="1173" class="1004" name="p_cast9_fu_1173">
<pin_list>
<pin id="1174" dir="0" index="0" bw="10" slack="3"/>
<pin id="1175" dir="1" index="1" bw="11" slack="0"/>
</pin_list>
<bind>
<opcode="zext(34) " fcode="zext"/>
<opset="p_cast9/8 "/>
</bind>
</comp>

<comp id="1176" class="1004" name="select_ln93_18_cast23_fu_1176">
<pin_list>
<pin id="1177" dir="0" index="0" bw="8" slack="0"/>
<pin id="1178" dir="1" index="1" bw="10" slack="0"/>
</pin_list>
<bind>
<opcode="zext(34) " fcode="zext"/>
<opset="select_ln93_18_cast23/8 "/>
</bind>
</comp>

<comp id="1180" class="1004" name="tmp1_fu_1180">
<pin_list>
<pin id="1181" dir="0" index="0" bw="10" slack="0"/>
<pin id="1182" dir="0" index="1" bw="8" slack="0"/>
<pin id="1183" dir="1" index="2" bw="11" slack="0"/>
</pin_list>
<bind>
<opcode="add(8) " fcode="add"/>
<opset="tmp1/8 "/>
</bind>
</comp>

<comp id="1186" class="1004" name="tmp3_cast_fu_1186">
<pin_list>
<pin id="1187" dir="0" index="0" bw="9" slack="1"/>
<pin id="1188" dir="1" index="1" bw="10" slack="0"/>
</pin_list>
<bind>
<opcode="zext(34) " fcode="zext"/>
<opset="tmp3_cast/8 "/>
</bind>
</comp>

<comp id="1189" class="1004" name="tmp2_fu_1189">
<pin_list>
<pin id="1190" dir="0" index="0" bw="9" slack="0"/>
<pin id="1191" dir="0" index="1" bw="8" slack="0"/>
<pin id="1192" dir="1" index="2" bw="10" slack="0"/>
</pin_list>
<bind>
<opcode="add(8) " fcode="add"/>
<opset="tmp2/8 "/>
</bind>
</comp>

<comp id="1195" class="1004" name="tmp2_cast_fu_1195">
<pin_list>
<pin id="1196" dir="0" index="0" bw="10" slack="0"/>
<pin id="1197" dir="1" index="1" bw="11" slack="0"/>
</pin_list>
<bind>
<opcode="zext(34) " fcode="zext"/>
<opset="tmp2_cast/8 "/>
</bind>
</comp>

<comp id="1199" class="1004" name="tmp63_fu_1199">
<pin_list>
<pin id="1200" dir="0" index="0" bw="10" slack="0"/>
<pin id="1201" dir="0" index="1" bw="11" slack="0"/>
<pin id="1202" dir="1" index="2" bw="11" slack="2"/>
</pin_list>
<bind>
<opcode="add(8) " fcode="add"/>
<opset="tmp63/8 "/>
</bind>
</comp>

<comp id="1205" class="1004" name="tmp8_cast_fu_1205">
<pin_list>
<pin id="1206" dir="0" index="0" bw="9" slack="3"/>
<pin id="1207" dir="1" index="1" bw="10" slack="0"/>
</pin_list>
<bind>
<opcode="zext(34) " fcode="zext"/>
<opset="tmp8_cast/8 "/>
</bind>
</comp>

<comp id="1208" class="1004" name="tmp4_fu_1208">
<pin_list>
<pin id="1209" dir="0" index="0" bw="8" slack="0"/>
<pin id="1210" dir="0" index="1" bw="8" slack="0"/>
<pin id="1211" dir="1" index="2" bw="9" slack="0"/>
</pin_list>
<bind>
<opcode="add(8) " fcode="add"/>
<opset="tmp4/8 "/>
</bind>
</comp>

<comp id="1214" class="1004" name="tmp4_cast_fu_1214">
<pin_list>
<pin id="1215" dir="0" index="0" bw="9" slack="0"/>
<pin id="1216" dir="1" index="1" bw="10" slack="0"/>
</pin_list>
<bind>
<opcode="zext(34) " fcode="zext"/>
<opset="tmp4_cast/8 "/>
</bind>
</comp>

<comp id="1218" class="1004" name="tmp10_fu_1218">
<pin_list>
<pin id="1219" dir="0" index="0" bw="9" slack="0"/>
<pin id="1220" dir="0" index="1" bw="9" slack="0"/>
<pin id="1221" dir="1" index="2" bw="10" slack="3"/>
</pin_list>
<bind>
<opcode="add(8) " fcode="add"/>
<opset="tmp10/8 "/>
</bind>
</comp>

<comp id="1224" class="1004" name="tmp_53_fu_1224">
<pin_list>
<pin id="1225" dir="0" index="0" bw="11" slack="0"/>
<pin id="1226" dir="0" index="1" bw="3" slack="8"/>
<pin id="1227" dir="0" index="2" bw="8" slack="6"/>
<pin id="1228" dir="1" index="3" bw="11" slack="0"/>
</pin_list>
<bind>
<opcode="bitconcatenate(1004) " fcode="bitconcatenate"/>
<opset="tmp_53/9 "/>
</bind>
</comp>

<comp id="1230" class="1004" name="zext_ln93_31_fu_1230">
<pin_list>
<pin id="1231" dir="0" index="0" bw="11" slack="0"/>
<pin id="1232" dir="1" index="1" bw="64" slack="0"/>
</pin_list>
<bind>
<opcode="zext(34) " fcode="zext"/>
<opset="zext_ln93_31/9 "/>
</bind>
</comp>

<comp id="1236" class="1004" name="zext_ln20_1_fu_1236">
<pin_list>
<pin id="1237" dir="0" index="0" bw="8" slack="2"/>
<pin id="1238" dir="1" index="1" bw="9" slack="0"/>
</pin_list>
<bind>
<opcode="zext(34) " fcode="zext"/>
<opset="zext_ln20_1/9 "/>
</bind>
</comp>

<comp id="1240" class="1004" name="select_ln93_21_fu_1240">
<pin_list>
<pin id="1241" dir="0" index="0" bw="1" slack="8"/>
<pin id="1242" dir="0" index="1" bw="8" slack="0"/>
<pin id="1243" dir="0" index="2" bw="8" slack="0"/>
<pin id="1244" dir="1" index="3" bw="8" slack="0"/>
</pin_list>
<bind>
<opcode="select(49) " fcode="select"/>
<opset="select_ln93_21/9 "/>
</bind>
</comp>

<comp id="1247" class="1004" name="zext_ln93_16_fu_1247">
<pin_list>
<pin id="1248" dir="0" index="0" bw="8" slack="0"/>
<pin id="1249" dir="1" index="1" bw="9" slack="0"/>
</pin_list>
<bind>
<opcode="zext(34) " fcode="zext"/>
<opset="zext_ln93_16/9 "/>
</bind>
</comp>

<comp id="1251" class="1004" name="tmp16_cast_fu_1251">
<pin_list>
<pin id="1252" dir="0" index="0" bw="9" slack="3"/>
<pin id="1253" dir="1" index="1" bw="10" slack="0"/>
</pin_list>
<bind>
<opcode="zext(34) " fcode="zext"/>
<opset="tmp16_cast/9 "/>
</bind>
</comp>

<comp id="1254" class="1004" name="tmp6_fu_1254">
<pin_list>
<pin id="1255" dir="0" index="0" bw="8" slack="0"/>
<pin id="1256" dir="0" index="1" bw="8" slack="0"/>
<pin id="1257" dir="1" index="2" bw="9" slack="0"/>
</pin_list>
<bind>
<opcode="add(8) " fcode="add"/>
<opset="tmp6/9 "/>
</bind>
</comp>

<comp id="1260" class="1004" name="tmp6_cast_fu_1260">
<pin_list>
<pin id="1261" dir="0" index="0" bw="9" slack="0"/>
<pin id="1262" dir="1" index="1" bw="10" slack="0"/>
</pin_list>
<bind>
<opcode="zext(34) " fcode="zext"/>
<opset="tmp6_cast/9 "/>
</bind>
</comp>

<comp id="1264" class="1004" name="tmp18_fu_1264">
<pin_list>
<pin id="1265" dir="0" index="0" bw="9" slack="0"/>
<pin id="1266" dir="0" index="1" bw="9" slack="0"/>
<pin id="1267" dir="1" index="2" bw="10" slack="1"/>
</pin_list>
<bind>
<opcode="add(8) " fcode="add"/>
<opset="tmp18/9 "/>
</bind>
</comp>

<comp id="1270" class="1004" name="zext_ln93_15_fu_1270">
<pin_list>
<pin id="1271" dir="0" index="0" bw="8" slack="1"/>
<pin id="1272" dir="1" index="1" bw="9" slack="0"/>
</pin_list>
<bind>
<opcode="zext(34) " fcode="zext"/>
<opset="zext_ln93_15/10 "/>
</bind>
</comp>

<comp id="1273" class="1004" name="zext_ln91_fu_1273">
<pin_list>
<pin id="1274" dir="0" index="0" bw="8" slack="0"/>
<pin id="1275" dir="1" index="1" bw="9" slack="0"/>
</pin_list>
<bind>
<opcode="zext(34) " fcode="zext"/>
<opset="zext_ln91/10 "/>
</bind>
</comp>

<comp id="1277" class="1004" name="tmp7_fu_1277">
<pin_list>
<pin id="1278" dir="0" index="0" bw="13" slack="0"/>
<pin id="1279" dir="0" index="1" bw="11" slack="2"/>
<pin id="1280" dir="0" index="2" bw="1" slack="0"/>
<pin id="1281" dir="1" index="3" bw="13" slack="0"/>
</pin_list>
<bind>
<opcode="bitconcatenate(1004) " fcode="bitconcatenate"/>
<opset="tmp7/10 "/>
</bind>
</comp>

<comp id="1284" class="1004" name="tmp7_cast28_fu_1284">
<pin_list>
<pin id="1285" dir="0" index="0" bw="13" slack="0"/>
<pin id="1286" dir="1" index="1" bw="14" slack="0"/>
</pin_list>
<bind>
<opcode="zext(34) " fcode="zext"/>
<opset="tmp7_cast28/10 "/>
</bind>
</comp>

<comp id="1288" class="1004" name="p_shl_fu_1288">
<pin_list>
<pin id="1289" dir="0" index="0" bw="13" slack="0"/>
<pin id="1290" dir="0" index="1" bw="10" slack="1"/>
<pin id="1291" dir="0" index="2" bw="1" slack="0"/>
<pin id="1292" dir="1" index="3" bw="13" slack="0"/>
</pin_list>
<bind>
<opcode="bitconcatenate(1004) " fcode="bitconcatenate"/>
<opset="p_shl/10 "/>
</bind>
</comp>

<comp id="1295" class="1004" name="tmp_22_fu_1295">
<pin_list>
<pin id="1296" dir="0" index="0" bw="11" slack="0"/>
<pin id="1297" dir="0" index="1" bw="10" slack="1"/>
<pin id="1298" dir="0" index="2" bw="1" slack="0"/>
<pin id="1299" dir="1" index="3" bw="11" slack="0"/>
</pin_list>
<bind>
<opcode="bitconcatenate(1004) " fcode="bitconcatenate"/>
<opset="tmp_22/10 "/>
</bind>
</comp>

<comp id="1302" class="1004" name="p_shl57_fu_1302">
<pin_list>
<pin id="1303" dir="0" index="0" bw="11" slack="0"/>
<pin id="1304" dir="1" index="1" bw="13" slack="0"/>
</pin_list>
<bind>
<opcode="zext(34) " fcode="zext"/>
<opset="p_shl57/10 "/>
</bind>
</comp>

<comp id="1306" class="1004" name="tmp19_fu_1306">
<pin_list>
<pin id="1307" dir="0" index="0" bw="13" slack="0"/>
<pin id="1308" dir="0" index="1" bw="11" slack="0"/>
<pin id="1309" dir="1" index="2" bw="13" slack="0"/>
</pin_list>
<bind>
<opcode="sub(10) " fcode="sub"/>
<opset="tmp19/10 "/>
</bind>
</comp>

<comp id="1312" class="1004" name="zext_ln91_1_fu_1312">
<pin_list>
<pin id="1313" dir="0" index="0" bw="13" slack="0"/>
<pin id="1314" dir="1" index="1" bw="14" slack="0"/>
</pin_list>
<bind>
<opcode="zext(34) " fcode="zext"/>
<opset="zext_ln91_1/10 "/>
</bind>
</comp>

<comp id="1316" class="1004" name="add_ln91_4_fu_1316">
<pin_list>
<pin id="1317" dir="0" index="0" bw="13" slack="0"/>
<pin id="1318" dir="0" index="1" bw="13" slack="0"/>
<pin id="1319" dir="1" index="2" bw="14" slack="0"/>
</pin_list>
<bind>
<opcode="add(8) " fcode="add"/>
<opset="add_ln91_4/10 "/>
</bind>
</comp>

<comp id="1322" class="1004" name="add_ln91_5_fu_1322">
<pin_list>
<pin id="1323" dir="0" index="0" bw="8" slack="0"/>
<pin id="1324" dir="0" index="1" bw="8" slack="0"/>
<pin id="1325" dir="1" index="2" bw="9" slack="0"/>
</pin_list>
<bind>
<opcode="add(8) " fcode="add"/>
<opset="add_ln91_5/10 "/>
</bind>
</comp>

<comp id="1328" class="1004" name="zext_ln91_5_fu_1328">
<pin_list>
<pin id="1329" dir="0" index="0" bw="9" slack="0"/>
<pin id="1330" dir="1" index="1" bw="14" slack="0"/>
</pin_list>
<bind>
<opcode="zext(34) " fcode="zext"/>
<opset="zext_ln91_5/10 "/>
</bind>
</comp>

<comp id="1332" class="1004" name="add_ln91_6_fu_1332">
<pin_list>
<pin id="1333" dir="0" index="0" bw="9" slack="0"/>
<pin id="1334" dir="0" index="1" bw="14" slack="0"/>
<pin id="1335" dir="1" index="2" bw="14" slack="1"/>
</pin_list>
<bind>
<opcode="add(8) " fcode="add"/>
<opset="add_ln91_6/10 "/>
</bind>
</comp>

<comp id="1338" class="1004" name="zext_ln64_fu_1338">
<pin_list>
<pin id="1339" dir="0" index="0" bw="9" slack="10"/>
<pin id="1340" dir="1" index="1" bw="64" slack="0"/>
</pin_list>
<bind>
<opcode="zext(34) " fcode="zext"/>
<opset="zext_ln64/11 "/>
</bind>
</comp>

<comp id="1342" class="1004" name="p_shl1_fu_1342">
<pin_list>
<pin id="1343" dir="0" index="0" bw="15" slack="0"/>
<pin id="1344" dir="0" index="1" bw="10" slack="3"/>
<pin id="1345" dir="0" index="2" bw="1" slack="0"/>
<pin id="1346" dir="1" index="3" bw="15" slack="0"/>
</pin_list>
<bind>
<opcode="bitconcatenate(1004) " fcode="bitconcatenate"/>
<opset="p_shl1/11 "/>
</bind>
</comp>

<comp id="1349" class="1004" name="tmp_21_fu_1349">
<pin_list>
<pin id="1350" dir="0" index="0" bw="13" slack="0"/>
<pin id="1351" dir="0" index="1" bw="10" slack="3"/>
<pin id="1352" dir="0" index="2" bw="1" slack="0"/>
<pin id="1353" dir="1" index="3" bw="13" slack="0"/>
</pin_list>
<bind>
<opcode="bitconcatenate(1004) " fcode="bitconcatenate"/>
<opset="tmp_21/11 "/>
</bind>
</comp>

<comp id="1356" class="1004" name="p_shl59_fu_1356">
<pin_list>
<pin id="1357" dir="0" index="0" bw="13" slack="0"/>
<pin id="1358" dir="1" index="1" bw="15" slack="0"/>
</pin_list>
<bind>
<opcode="zext(34) " fcode="zext"/>
<opset="p_shl59/11 "/>
</bind>
</comp>

<comp id="1360" class="1004" name="tmp11_fu_1360">
<pin_list>
<pin id="1361" dir="0" index="0" bw="15" slack="0"/>
<pin id="1362" dir="0" index="1" bw="13" slack="0"/>
<pin id="1363" dir="1" index="2" bw="15" slack="0"/>
</pin_list>
<bind>
<opcode="sub(10) " fcode="sub"/>
<opset="tmp11/11 "/>
</bind>
</comp>

<comp id="1366" class="1004" name="tmp11_cast_fu_1366">
<pin_list>
<pin id="1367" dir="0" index="0" bw="15" slack="0"/>
<pin id="1368" dir="1" index="1" bw="16" slack="0"/>
</pin_list>
<bind>
<opcode="zext(34) " fcode="zext"/>
<opset="tmp11_cast/11 "/>
</bind>
</comp>

<comp id="1370" class="1004" name="zext_ln91_4_fu_1370">
<pin_list>
<pin id="1371" dir="0" index="0" bw="15" slack="4"/>
<pin id="1372" dir="1" index="1" bw="16" slack="0"/>
</pin_list>
<bind>
<opcode="zext(34) " fcode="zext"/>
<opset="zext_ln91_4/11 "/>
</bind>
</comp>

<comp id="1373" class="1004" name="add_ln91_3_fu_1373">
<pin_list>
<pin id="1374" dir="0" index="0" bw="15" slack="0"/>
<pin id="1375" dir="0" index="1" bw="15" slack="0"/>
<pin id="1376" dir="1" index="2" bw="16" slack="0"/>
</pin_list>
<bind>
<opcode="add(8) " fcode="add"/>
<opset="add_ln91_3/11 "/>
</bind>
</comp>

<comp id="1379" class="1004" name="zext_ln91_6_fu_1379">
<pin_list>
<pin id="1380" dir="0" index="0" bw="14" slack="1"/>
<pin id="1381" dir="1" index="1" bw="16" slack="0"/>
</pin_list>
<bind>
<opcode="zext(34) " fcode="zext"/>
<opset="zext_ln91_6/11 "/>
</bind>
</comp>

<comp id="1382" class="1004" name="sum_1_fu_1382">
<pin_list>
<pin id="1383" dir="0" index="0" bw="14" slack="0"/>
<pin id="1384" dir="0" index="1" bw="16" slack="0"/>
<pin id="1385" dir="1" index="2" bw="16" slack="0"/>
</pin_list>
<bind>
<opcode="add(8) " fcode="add"/>
<opset="sum_1/11 "/>
</bind>
</comp>

<comp id="1388" class="1004" name="trunc_ln_fu_1388">
<pin_list>
<pin id="1389" dir="0" index="0" bw="8" slack="0"/>
<pin id="1390" dir="0" index="1" bw="16" slack="0"/>
<pin id="1391" dir="0" index="2" bw="5" slack="0"/>
<pin id="1392" dir="0" index="3" bw="5" slack="0"/>
<pin id="1393" dir="1" index="4" bw="8" slack="0"/>
</pin_list>
<bind>
<opcode="partselect(1002) " fcode="partselect"/>
<opset="trunc_ln/11 "/>
</bind>
</comp>

<comp id="1399" class="1005" name="column_4_reg_1399">
<pin_list>
<pin id="1400" dir="0" index="0" bw="9" slack="0"/>
<pin id="1401" dir="1" index="1" bw="9" slack="0"/>
</pin_list>
<bind>
<opset="column_4 "/>
</bind>
</comp>

<comp id="1406" class="1005" name="select_ln22_3_read_reg_1406">
<pin_list>
<pin id="1407" dir="0" index="0" bw="3" slack="5"/>
<pin id="1408" dir="1" index="1" bw="3" slack="5"/>
</pin_list>
<bind>
<opset="select_ln22_3_read "/>
</bind>
</comp>

<comp id="1415" class="1005" name="select_ln22_2_read_reg_1415">
<pin_list>
<pin id="1416" dir="0" index="0" bw="3" slack="4"/>
<pin id="1417" dir="1" index="1" bw="3" slack="4"/>
</pin_list>
<bind>
<opset="select_ln22_2_read "/>
</bind>
</comp>

<comp id="1424" class="1005" name="select_ln22_1_read_reg_1424">
<pin_list>
<pin id="1425" dir="0" index="0" bw="3" slack="3"/>
<pin id="1426" dir="1" index="1" bw="3" slack="3"/>
</pin_list>
<bind>
<opset="select_ln22_1_read "/>
</bind>
</comp>

<comp id="1433" class="1005" name="result_15_read_reg_1433">
<pin_list>
<pin id="1434" dir="0" index="0" bw="3" slack="2"/>
<pin id="1435" dir="1" index="1" bw="3" slack="2"/>
</pin_list>
<bind>
<opset="result_15_read "/>
</bind>
</comp>

<comp id="1442" class="1005" name="select_ln22_read_reg_1442">
<pin_list>
<pin id="1443" dir="0" index="0" bw="3" slack="1"/>
<pin id="1444" dir="1" index="1" bw="3" slack="1"/>
</pin_list>
<bind>
<opset="select_ln22_read "/>
</bind>
</comp>

<comp id="1451" class="1005" name="column_reg_1451">
<pin_list>
<pin id="1452" dir="0" index="0" bw="9" slack="1"/>
<pin id="1453" dir="1" index="1" bw="9" slack="1"/>
</pin_list>
<bind>
<opset="column "/>
</bind>
</comp>

<comp id="1460" class="1005" name="icmp_ln64_reg_1460">
<pin_list>
<pin id="1461" dir="0" index="0" bw="1" slack="1"/>
<pin id="1462" dir="1" index="1" bw="1" slack="2147483647"/>
</pin_list>
<bind>
<opset="icmp_ln64 "/>
</bind>
</comp>

<comp id="1464" class="1005" name="trunc_ln64_reg_1464">
<pin_list>
<pin id="1465" dir="0" index="0" bw="1" slack="1"/>
<pin id="1466" dir="1" index="1" bw="1" slack="2"/>
</pin_list>
<bind>
<opset="trunc_ln64 "/>
</bind>
</comp>

<comp id="1474" class="1005" name="lshr_ln_reg_1474">
<pin_list>
<pin id="1475" dir="0" index="0" bw="8" slack="1"/>
<pin id="1476" dir="1" index="1" bw="8" slack="1"/>
</pin_list>
<bind>
<opset="lshr_ln "/>
</bind>
</comp>

<comp id="1483" class="1005" name="p_ZN12_GLOBAL_N_110lineBufferE_0_addr_reg_1483">
<pin_list>
<pin id="1484" dir="0" index="0" bw="11" slack="1"/>
<pin id="1485" dir="1" index="1" bw="11" slack="1"/>
</pin_list>
<bind>
<opset="p_ZN12_GLOBAL_N_110lineBufferE_0_addr "/>
</bind>
</comp>

<comp id="1488" class="1005" name="p_ZN12_GLOBAL_N_110lineBufferE_1_addr_reg_1488">
<pin_list>
<pin id="1489" dir="0" index="0" bw="11" slack="1"/>
<pin id="1490" dir="1" index="1" bw="11" slack="1"/>
</pin_list>
<bind>
<opset="p_ZN12_GLOBAL_N_110lineBufferE_1_addr "/>
</bind>
</comp>

<comp id="1493" class="1005" name="lshr_ln3_reg_1493">
<pin_list>
<pin id="1494" dir="0" index="0" bw="8" slack="1"/>
<pin id="1495" dir="1" index="1" bw="8" slack="1"/>
</pin_list>
<bind>
<opset="lshr_ln3 "/>
</bind>
</comp>

<comp id="1501" class="1005" name="p_ZN12_GLOBAL_N_110lineBufferE_0_addr_1_reg_1501">
<pin_list>
<pin id="1502" dir="0" index="0" bw="11" slack="1"/>
<pin id="1503" dir="1" index="1" bw="11" slack="1"/>
</pin_list>
<bind>
<opset="p_ZN12_GLOBAL_N_110lineBufferE_0_addr_1 "/>
</bind>
</comp>

<comp id="1506" class="1005" name="p_ZN12_GLOBAL_N_110lineBufferE_1_addr_1_reg_1506">
<pin_list>
<pin id="1507" dir="0" index="0" bw="11" slack="1"/>
<pin id="1508" dir="1" index="1" bw="11" slack="1"/>
</pin_list>
<bind>
<opset="p_ZN12_GLOBAL_N_110lineBufferE_1_addr_1 "/>
</bind>
</comp>

<comp id="1511" class="1005" name="lshr_ln93_1_reg_1511">
<pin_list>
<pin id="1512" dir="0" index="0" bw="8" slack="1"/>
<pin id="1513" dir="1" index="1" bw="8" slack="1"/>
</pin_list>
<bind>
<opset="lshr_ln93_1 "/>
</bind>
</comp>

<comp id="1519" class="1005" name="p_ZN12_GLOBAL_N_110lineBufferE_0_addr_2_reg_1519">
<pin_list>
<pin id="1520" dir="0" index="0" bw="11" slack="1"/>
<pin id="1521" dir="1" index="1" bw="11" slack="1"/>
</pin_list>
<bind>
<opset="p_ZN12_GLOBAL_N_110lineBufferE_0_addr_2 "/>
</bind>
</comp>

<comp id="1524" class="1005" name="p_ZN12_GLOBAL_N_110lineBufferE_1_addr_2_reg_1524">
<pin_list>
<pin id="1525" dir="0" index="0" bw="11" slack="1"/>
<pin id="1526" dir="1" index="1" bw="11" slack="1"/>
</pin_list>
<bind>
<opset="p_ZN12_GLOBAL_N_110lineBufferE_1_addr_2 "/>
</bind>
</comp>

<comp id="1529" class="1005" name="lshr_ln93_2_reg_1529">
<pin_list>
<pin id="1530" dir="0" index="0" bw="8" slack="1"/>
<pin id="1531" dir="1" index="1" bw="8" slack="1"/>
</pin_list>
<bind>
<opset="lshr_ln93_2 "/>
</bind>
</comp>

<comp id="1537" class="1005" name="p_ZN12_GLOBAL_N_110lineBufferE_0_addr_4_reg_1537">
<pin_list>
<pin id="1538" dir="0" index="0" bw="11" slack="1"/>
<pin id="1539" dir="1" index="1" bw="11" slack="1"/>
</pin_list>
<bind>
<opset="p_ZN12_GLOBAL_N_110lineBufferE_0_addr_4 "/>
</bind>
</comp>

<comp id="1542" class="1005" name="p_ZN12_GLOBAL_N_110lineBufferE_1_addr_4_reg_1542">
<pin_list>
<pin id="1543" dir="0" index="0" bw="11" slack="1"/>
<pin id="1544" dir="1" index="1" bw="11" slack="1"/>
</pin_list>
<bind>
<opset="p_ZN12_GLOBAL_N_110lineBufferE_1_addr_4 "/>
</bind>
</comp>

<comp id="1547" class="1005" name="p_ZN12_GLOBAL_N_110lineBufferE_0_addr_6_reg_1547">
<pin_list>
<pin id="1548" dir="0" index="0" bw="11" slack="1"/>
<pin id="1549" dir="1" index="1" bw="11" slack="1"/>
</pin_list>
<bind>
<opset="p_ZN12_GLOBAL_N_110lineBufferE_0_addr_6 "/>
</bind>
</comp>

<comp id="1552" class="1005" name="p_ZN12_GLOBAL_N_110lineBufferE_1_addr_6_reg_1552">
<pin_list>
<pin id="1553" dir="0" index="0" bw="11" slack="1"/>
<pin id="1554" dir="1" index="1" bw="11" slack="1"/>
</pin_list>
<bind>
<opset="p_ZN12_GLOBAL_N_110lineBufferE_1_addr_6 "/>
</bind>
</comp>

<comp id="1557" class="1005" name="p_ZN12_GLOBAL_N_110lineBufferE_0_addr_7_reg_1557">
<pin_list>
<pin id="1558" dir="0" index="0" bw="11" slack="1"/>
<pin id="1559" dir="1" index="1" bw="11" slack="1"/>
</pin_list>
<bind>
<opset="p_ZN12_GLOBAL_N_110lineBufferE_0_addr_7 "/>
</bind>
</comp>

<comp id="1562" class="1005" name="p_ZN12_GLOBAL_N_110lineBufferE_1_addr_7_reg_1562">
<pin_list>
<pin id="1563" dir="0" index="0" bw="11" slack="1"/>
<pin id="1564" dir="1" index="1" bw="11" slack="1"/>
</pin_list>
<bind>
<opset="p_ZN12_GLOBAL_N_110lineBufferE_1_addr_7 "/>
</bind>
</comp>

<comp id="1567" class="1005" name="p_ZN12_GLOBAL_N_110lineBufferE_0_addr_9_reg_1567">
<pin_list>
<pin id="1568" dir="0" index="0" bw="11" slack="1"/>
<pin id="1569" dir="1" index="1" bw="11" slack="1"/>
</pin_list>
<bind>
<opset="p_ZN12_GLOBAL_N_110lineBufferE_0_addr_9 "/>
</bind>
</comp>

<comp id="1572" class="1005" name="p_ZN12_GLOBAL_N_110lineBufferE_1_addr_9_reg_1572">
<pin_list>
<pin id="1573" dir="0" index="0" bw="11" slack="1"/>
<pin id="1574" dir="1" index="1" bw="11" slack="1"/>
</pin_list>
<bind>
<opset="p_ZN12_GLOBAL_N_110lineBufferE_1_addr_9 "/>
</bind>
</comp>

<comp id="1577" class="1005" name="add_ln93_reg_1577">
<pin_list>
<pin id="1578" dir="0" index="0" bw="8" slack="1"/>
<pin id="1579" dir="1" index="1" bw="8" slack="1"/>
</pin_list>
<bind>
<opset="add_ln93 "/>
</bind>
</comp>

<comp id="1585" class="1005" name="p_ZN12_GLOBAL_N_110lineBufferE_0_addr_5_reg_1585">
<pin_list>
<pin id="1586" dir="0" index="0" bw="11" slack="1"/>
<pin id="1587" dir="1" index="1" bw="11" slack="1"/>
</pin_list>
<bind>
<opset="p_ZN12_GLOBAL_N_110lineBufferE_0_addr_5 "/>
</bind>
</comp>

<comp id="1590" class="1005" name="p_ZN12_GLOBAL_N_110lineBufferE_1_addr_5_reg_1590">
<pin_list>
<pin id="1591" dir="0" index="0" bw="11" slack="1"/>
<pin id="1592" dir="1" index="1" bw="11" slack="1"/>
</pin_list>
<bind>
<opset="p_ZN12_GLOBAL_N_110lineBufferE_1_addr_5 "/>
</bind>
</comp>

<comp id="1595" class="1005" name="empty_reg_1595">
<pin_list>
<pin id="1596" dir="0" index="0" bw="9" slack="2"/>
<pin id="1597" dir="1" index="1" bw="9" slack="2"/>
</pin_list>
<bind>
<opset="empty "/>
</bind>
</comp>

<comp id="1600" class="1005" name="p_ZN12_GLOBAL_N_110lineBufferE_0_addr_3_reg_1600">
<pin_list>
<pin id="1601" dir="0" index="0" bw="11" slack="1"/>
<pin id="1602" dir="1" index="1" bw="11" slack="1"/>
</pin_list>
<bind>
<opset="p_ZN12_GLOBAL_N_110lineBufferE_0_addr_3 "/>
</bind>
</comp>

<comp id="1605" class="1005" name="p_ZN12_GLOBAL_N_110lineBufferE_1_addr_3_reg_1605">
<pin_list>
<pin id="1606" dir="0" index="0" bw="11" slack="1"/>
<pin id="1607" dir="1" index="1" bw="11" slack="1"/>
</pin_list>
<bind>
<opset="p_ZN12_GLOBAL_N_110lineBufferE_1_addr_3 "/>
</bind>
</comp>

<comp id="1610" class="1005" name="p_ZN12_GLOBAL_N_110lineBufferE_0_addr_12_reg_1610">
<pin_list>
<pin id="1611" dir="0" index="0" bw="11" slack="1"/>
<pin id="1612" dir="1" index="1" bw="11" slack="1"/>
</pin_list>
<bind>
<opset="p_ZN12_GLOBAL_N_110lineBufferE_0_addr_12 "/>
</bind>
</comp>

<comp id="1615" class="1005" name="p_ZN12_GLOBAL_N_110lineBufferE_1_addr_12_reg_1615">
<pin_list>
<pin id="1616" dir="0" index="0" bw="11" slack="1"/>
<pin id="1617" dir="1" index="1" bw="11" slack="1"/>
</pin_list>
<bind>
<opset="p_ZN12_GLOBAL_N_110lineBufferE_1_addr_12 "/>
</bind>
</comp>

<comp id="1620" class="1005" name="p_ZN12_GLOBAL_N_110lineBufferE_0_addr_14_reg_1620">
<pin_list>
<pin id="1621" dir="0" index="0" bw="11" slack="1"/>
<pin id="1622" dir="1" index="1" bw="11" slack="1"/>
</pin_list>
<bind>
<opset="p_ZN12_GLOBAL_N_110lineBufferE_0_addr_14 "/>
</bind>
</comp>

<comp id="1625" class="1005" name="p_ZN12_GLOBAL_N_110lineBufferE_1_addr_14_reg_1625">
<pin_list>
<pin id="1626" dir="0" index="0" bw="11" slack="1"/>
<pin id="1627" dir="1" index="1" bw="11" slack="1"/>
</pin_list>
<bind>
<opset="p_ZN12_GLOBAL_N_110lineBufferE_1_addr_14 "/>
</bind>
</comp>

<comp id="1630" class="1005" name="p_ZN12_GLOBAL_N_110lineBufferE_0_addr_10_reg_1630">
<pin_list>
<pin id="1631" dir="0" index="0" bw="11" slack="1"/>
<pin id="1632" dir="1" index="1" bw="11" slack="1"/>
</pin_list>
<bind>
<opset="p_ZN12_GLOBAL_N_110lineBufferE_0_addr_10 "/>
</bind>
</comp>

<comp id="1635" class="1005" name="p_ZN12_GLOBAL_N_110lineBufferE_1_addr_10_reg_1635">
<pin_list>
<pin id="1636" dir="0" index="0" bw="11" slack="1"/>
<pin id="1637" dir="1" index="1" bw="11" slack="1"/>
</pin_list>
<bind>
<opset="p_ZN12_GLOBAL_N_110lineBufferE_1_addr_10 "/>
</bind>
</comp>

<comp id="1640" class="1005" name="empty_44_reg_1640">
<pin_list>
<pin id="1641" dir="0" index="0" bw="9" slack="2"/>
<pin id="1642" dir="1" index="1" bw="9" slack="2"/>
</pin_list>
<bind>
<opset="empty_44 "/>
</bind>
</comp>

<comp id="1645" class="1005" name="add_ln91_reg_1645">
<pin_list>
<pin id="1646" dir="0" index="0" bw="9" slack="2"/>
<pin id="1647" dir="1" index="1" bw="9" slack="2"/>
</pin_list>
<bind>
<opset="add_ln91 "/>
</bind>
</comp>

<comp id="1650" class="1005" name="p_ZN12_GLOBAL_N_110lineBufferE_0_addr_8_reg_1650">
<pin_list>
<pin id="1651" dir="0" index="0" bw="11" slack="1"/>
<pin id="1652" dir="1" index="1" bw="11" slack="1"/>
</pin_list>
<bind>
<opset="p_ZN12_GLOBAL_N_110lineBufferE_0_addr_8 "/>
</bind>
</comp>

<comp id="1655" class="1005" name="p_ZN12_GLOBAL_N_110lineBufferE_1_addr_8_reg_1655">
<pin_list>
<pin id="1656" dir="0" index="0" bw="11" slack="1"/>
<pin id="1657" dir="1" index="1" bw="11" slack="1"/>
</pin_list>
<bind>
<opset="p_ZN12_GLOBAL_N_110lineBufferE_1_addr_8 "/>
</bind>
</comp>

<comp id="1660" class="1005" name="p_ZN12_GLOBAL_N_110lineBufferE_0_addr_11_reg_1660">
<pin_list>
<pin id="1661" dir="0" index="0" bw="11" slack="1"/>
<pin id="1662" dir="1" index="1" bw="11" slack="1"/>
</pin_list>
<bind>
<opset="p_ZN12_GLOBAL_N_110lineBufferE_0_addr_11 "/>
</bind>
</comp>

<comp id="1665" class="1005" name="p_ZN12_GLOBAL_N_110lineBufferE_1_addr_11_reg_1665">
<pin_list>
<pin id="1666" dir="0" index="0" bw="11" slack="1"/>
<pin id="1667" dir="1" index="1" bw="11" slack="1"/>
</pin_list>
<bind>
<opset="p_ZN12_GLOBAL_N_110lineBufferE_1_addr_11 "/>
</bind>
</comp>

<comp id="1670" class="1005" name="p_ZN12_GLOBAL_N_110lineBufferE_0_addr_17_reg_1670">
<pin_list>
<pin id="1671" dir="0" index="0" bw="11" slack="1"/>
<pin id="1672" dir="1" index="1" bw="11" slack="1"/>
</pin_list>
<bind>
<opset="p_ZN12_GLOBAL_N_110lineBufferE_0_addr_17 "/>
</bind>
</comp>

<comp id="1675" class="1005" name="p_ZN12_GLOBAL_N_110lineBufferE_1_addr_17_reg_1675">
<pin_list>
<pin id="1676" dir="0" index="0" bw="11" slack="1"/>
<pin id="1677" dir="1" index="1" bw="11" slack="1"/>
</pin_list>
<bind>
<opset="p_ZN12_GLOBAL_N_110lineBufferE_1_addr_17 "/>
</bind>
</comp>

<comp id="1680" class="1005" name="p_ZN12_GLOBAL_N_110lineBufferE_0_addr_19_reg_1680">
<pin_list>
<pin id="1681" dir="0" index="0" bw="11" slack="1"/>
<pin id="1682" dir="1" index="1" bw="11" slack="1"/>
</pin_list>
<bind>
<opset="p_ZN12_GLOBAL_N_110lineBufferE_0_addr_19 "/>
</bind>
</comp>

<comp id="1685" class="1005" name="p_ZN12_GLOBAL_N_110lineBufferE_1_addr_19_reg_1685">
<pin_list>
<pin id="1686" dir="0" index="0" bw="11" slack="1"/>
<pin id="1687" dir="1" index="1" bw="11" slack="1"/>
</pin_list>
<bind>
<opset="p_ZN12_GLOBAL_N_110lineBufferE_1_addr_19 "/>
</bind>
</comp>

<comp id="1690" class="1005" name="select_ln93_12_reg_1690">
<pin_list>
<pin id="1691" dir="0" index="0" bw="8" slack="3"/>
<pin id="1692" dir="1" index="1" bw="8" slack="3"/>
</pin_list>
<bind>
<opset="select_ln93_12 "/>
</bind>
</comp>

<comp id="1695" class="1005" name="empty_43_reg_1695">
<pin_list>
<pin id="1696" dir="0" index="0" bw="10" slack="3"/>
<pin id="1697" dir="1" index="1" bw="10" slack="3"/>
</pin_list>
<bind>
<opset="empty_43 "/>
</bind>
</comp>

<comp id="1700" class="1005" name="tmp8_reg_1700">
<pin_list>
<pin id="1701" dir="0" index="0" bw="9" slack="3"/>
<pin id="1702" dir="1" index="1" bw="9" slack="3"/>
</pin_list>
<bind>
<opset="tmp8 "/>
</bind>
</comp>

<comp id="1705" class="1005" name="p_ZN12_GLOBAL_N_110lineBufferE_0_addr_16_reg_1705">
<pin_list>
<pin id="1706" dir="0" index="0" bw="11" slack="1"/>
<pin id="1707" dir="1" index="1" bw="11" slack="1"/>
</pin_list>
<bind>
<opset="p_ZN12_GLOBAL_N_110lineBufferE_0_addr_16 "/>
</bind>
</comp>

<comp id="1710" class="1005" name="p_ZN12_GLOBAL_N_110lineBufferE_1_addr_16_reg_1710">
<pin_list>
<pin id="1711" dir="0" index="0" bw="11" slack="1"/>
<pin id="1712" dir="1" index="1" bw="11" slack="1"/>
</pin_list>
<bind>
<opset="p_ZN12_GLOBAL_N_110lineBufferE_1_addr_16 "/>
</bind>
</comp>

<comp id="1715" class="1005" name="p_ZN12_GLOBAL_N_110lineBufferE_0_addr_22_reg_1715">
<pin_list>
<pin id="1716" dir="0" index="0" bw="11" slack="1"/>
<pin id="1717" dir="1" index="1" bw="11" slack="1"/>
</pin_list>
<bind>
<opset="p_ZN12_GLOBAL_N_110lineBufferE_0_addr_22 "/>
</bind>
</comp>

<comp id="1720" class="1005" name="p_ZN12_GLOBAL_N_110lineBufferE_1_addr_22_reg_1720">
<pin_list>
<pin id="1721" dir="0" index="0" bw="11" slack="1"/>
<pin id="1722" dir="1" index="1" bw="11" slack="1"/>
</pin_list>
<bind>
<opset="p_ZN12_GLOBAL_N_110lineBufferE_1_addr_22 "/>
</bind>
</comp>

<comp id="1725" class="1005" name="p_ZN12_GLOBAL_N_110lineBufferE_0_addr_23_reg_1725">
<pin_list>
<pin id="1726" dir="0" index="0" bw="11" slack="1"/>
<pin id="1727" dir="1" index="1" bw="11" slack="1"/>
</pin_list>
<bind>
<opset="p_ZN12_GLOBAL_N_110lineBufferE_0_addr_23 "/>
</bind>
</comp>

<comp id="1730" class="1005" name="p_ZN12_GLOBAL_N_110lineBufferE_1_addr_23_reg_1730">
<pin_list>
<pin id="1731" dir="0" index="0" bw="11" slack="1"/>
<pin id="1732" dir="1" index="1" bw="11" slack="1"/>
</pin_list>
<bind>
<opset="p_ZN12_GLOBAL_N_110lineBufferE_1_addr_23 "/>
</bind>
</comp>

<comp id="1735" class="1005" name="p_ZN12_GLOBAL_N_110lineBufferE_0_addr_15_reg_1735">
<pin_list>
<pin id="1736" dir="0" index="0" bw="11" slack="1"/>
<pin id="1737" dir="1" index="1" bw="11" slack="1"/>
</pin_list>
<bind>
<opset="p_ZN12_GLOBAL_N_110lineBufferE_0_addr_15 "/>
</bind>
</comp>

<comp id="1740" class="1005" name="p_ZN12_GLOBAL_N_110lineBufferE_1_addr_15_reg_1740">
<pin_list>
<pin id="1741" dir="0" index="0" bw="11" slack="1"/>
<pin id="1742" dir="1" index="1" bw="11" slack="1"/>
</pin_list>
<bind>
<opset="p_ZN12_GLOBAL_N_110lineBufferE_1_addr_15 "/>
</bind>
</comp>

<comp id="1745" class="1005" name="tmp141_reg_1745">
<pin_list>
<pin id="1746" dir="0" index="0" bw="10" slack="1"/>
<pin id="1747" dir="1" index="1" bw="10" slack="1"/>
</pin_list>
<bind>
<opset="tmp141 "/>
</bind>
</comp>

<comp id="1750" class="1005" name="tmp16_reg_1750">
<pin_list>
<pin id="1751" dir="0" index="0" bw="9" slack="3"/>
<pin id="1752" dir="1" index="1" bw="9" slack="3"/>
</pin_list>
<bind>
<opset="tmp16 "/>
</bind>
</comp>

<comp id="1755" class="1005" name="add_ln91_1_reg_1755">
<pin_list>
<pin id="1756" dir="0" index="0" bw="14" slack="1"/>
<pin id="1757" dir="1" index="1" bw="14" slack="1"/>
</pin_list>
<bind>
<opset="add_ln91_1 "/>
</bind>
</comp>

<comp id="1760" class="1005" name="p_ZN12_GLOBAL_N_110lineBufferE_0_addr_13_reg_1760">
<pin_list>
<pin id="1761" dir="0" index="0" bw="11" slack="1"/>
<pin id="1762" dir="1" index="1" bw="11" slack="1"/>
</pin_list>
<bind>
<opset="p_ZN12_GLOBAL_N_110lineBufferE_0_addr_13 "/>
</bind>
</comp>

<comp id="1765" class="1005" name="p_ZN12_GLOBAL_N_110lineBufferE_1_addr_13_reg_1765">
<pin_list>
<pin id="1766" dir="0" index="0" bw="11" slack="1"/>
<pin id="1767" dir="1" index="1" bw="11" slack="1"/>
</pin_list>
<bind>
<opset="p_ZN12_GLOBAL_N_110lineBufferE_1_addr_13 "/>
</bind>
</comp>

<comp id="1770" class="1005" name="p_ZN12_GLOBAL_N_110lineBufferE_0_addr_20_reg_1770">
<pin_list>
<pin id="1771" dir="0" index="0" bw="11" slack="1"/>
<pin id="1772" dir="1" index="1" bw="11" slack="1"/>
</pin_list>
<bind>
<opset="p_ZN12_GLOBAL_N_110lineBufferE_0_addr_20 "/>
</bind>
</comp>

<comp id="1775" class="1005" name="p_ZN12_GLOBAL_N_110lineBufferE_1_addr_20_reg_1775">
<pin_list>
<pin id="1776" dir="0" index="0" bw="11" slack="1"/>
<pin id="1777" dir="1" index="1" bw="11" slack="1"/>
</pin_list>
<bind>
<opset="p_ZN12_GLOBAL_N_110lineBufferE_1_addr_20 "/>
</bind>
</comp>

<comp id="1780" class="1005" name="tmp3_reg_1780">
<pin_list>
<pin id="1781" dir="0" index="0" bw="9" slack="1"/>
<pin id="1782" dir="1" index="1" bw="9" slack="1"/>
</pin_list>
<bind>
<opset="tmp3 "/>
</bind>
</comp>

<comp id="1785" class="1005" name="add_ln91_2_reg_1785">
<pin_list>
<pin id="1786" dir="0" index="0" bw="15" slack="4"/>
<pin id="1787" dir="1" index="1" bw="15" slack="4"/>
</pin_list>
<bind>
<opset="add_ln91_2 "/>
</bind>
</comp>

<comp id="1790" class="1005" name="p_ZN12_GLOBAL_N_110lineBufferE_0_addr_18_reg_1790">
<pin_list>
<pin id="1791" dir="0" index="0" bw="11" slack="1"/>
<pin id="1792" dir="1" index="1" bw="11" slack="1"/>
</pin_list>
<bind>
<opset="p_ZN12_GLOBAL_N_110lineBufferE_0_addr_18 "/>
</bind>
</comp>

<comp id="1795" class="1005" name="p_ZN12_GLOBAL_N_110lineBufferE_1_addr_18_reg_1795">
<pin_list>
<pin id="1796" dir="0" index="0" bw="11" slack="1"/>
<pin id="1797" dir="1" index="1" bw="11" slack="1"/>
</pin_list>
<bind>
<opset="p_ZN12_GLOBAL_N_110lineBufferE_1_addr_18 "/>
</bind>
</comp>

<comp id="1800" class="1005" name="p_ZN12_GLOBAL_N_110lineBufferE_0_addr_21_reg_1800">
<pin_list>
<pin id="1801" dir="0" index="0" bw="11" slack="1"/>
<pin id="1802" dir="1" index="1" bw="11" slack="1"/>
</pin_list>
<bind>
<opset="p_ZN12_GLOBAL_N_110lineBufferE_0_addr_21 "/>
</bind>
</comp>

<comp id="1805" class="1005" name="p_ZN12_GLOBAL_N_110lineBufferE_1_addr_21_reg_1805">
<pin_list>
<pin id="1806" dir="0" index="0" bw="11" slack="1"/>
<pin id="1807" dir="1" index="1" bw="11" slack="1"/>
</pin_list>
<bind>
<opset="p_ZN12_GLOBAL_N_110lineBufferE_1_addr_21 "/>
</bind>
</comp>

<comp id="1810" class="1005" name="tmp63_reg_1810">
<pin_list>
<pin id="1811" dir="0" index="0" bw="11" slack="2"/>
<pin id="1812" dir="1" index="1" bw="11" slack="2"/>
</pin_list>
<bind>
<opset="tmp63 "/>
</bind>
</comp>

<comp id="1815" class="1005" name="tmp10_reg_1815">
<pin_list>
<pin id="1816" dir="0" index="0" bw="10" slack="3"/>
<pin id="1817" dir="1" index="1" bw="10" slack="3"/>
</pin_list>
<bind>
<opset="tmp10 "/>
</bind>
</comp>

<comp id="1821" class="1005" name="p_ZN12_GLOBAL_N_110lineBufferE_0_addr_24_reg_1821">
<pin_list>
<pin id="1822" dir="0" index="0" bw="11" slack="1"/>
<pin id="1823" dir="1" index="1" bw="11" slack="1"/>
</pin_list>
<bind>
<opset="p_ZN12_GLOBAL_N_110lineBufferE_0_addr_24 "/>
</bind>
</comp>

<comp id="1826" class="1005" name="p_ZN12_GLOBAL_N_110lineBufferE_1_addr_24_reg_1826">
<pin_list>
<pin id="1827" dir="0" index="0" bw="11" slack="1"/>
<pin id="1828" dir="1" index="1" bw="11" slack="1"/>
</pin_list>
<bind>
<opset="p_ZN12_GLOBAL_N_110lineBufferE_1_addr_24 "/>
</bind>
</comp>

<comp id="1831" class="1005" name="select_ln93_19_reg_1831">
<pin_list>
<pin id="1832" dir="0" index="0" bw="8" slack="1"/>
<pin id="1833" dir="1" index="1" bw="8" slack="1"/>
</pin_list>
<bind>
<opset="select_ln93_19 "/>
</bind>
</comp>

<comp id="1836" class="1005" name="tmp18_reg_1836">
<pin_list>
<pin id="1837" dir="0" index="0" bw="10" slack="1"/>
<pin id="1838" dir="1" index="1" bw="10" slack="1"/>
</pin_list>
<bind>
<opset="tmp18 "/>
</bind>
</comp>

<comp id="1842" class="1005" name="add_ln91_6_reg_1842">
<pin_list>
<pin id="1843" dir="0" index="0" bw="14" slack="1"/>
<pin id="1844" dir="1" index="1" bw="14" slack="1"/>
</pin_list>
<bind>
<opset="add_ln91_6 "/>
</bind>
</comp>

</comp_list>

<net_list>
<net id="85"><net_src comp="16" pin="0"/><net_sink comp="82" pin=0"/></net>

<net id="90"><net_src comp="18" pin="0"/><net_sink comp="86" pin=0"/></net>

<net id="91"><net_src comp="8" pin="0"/><net_sink comp="86" pin=1"/></net>

<net id="96"><net_src comp="18" pin="0"/><net_sink comp="92" pin=0"/></net>

<net id="97"><net_src comp="6" pin="0"/><net_sink comp="92" pin=1"/></net>

<net id="102"><net_src comp="18" pin="0"/><net_sink comp="98" pin=0"/></net>

<net id="103"><net_src comp="4" pin="0"/><net_sink comp="98" pin=1"/></net>

<net id="108"><net_src comp="18" pin="0"/><net_sink comp="104" pin=0"/></net>

<net id="109"><net_src comp="2" pin="0"/><net_sink comp="104" pin=1"/></net>

<net id="114"><net_src comp="18" pin="0"/><net_sink comp="110" pin=0"/></net>

<net id="115"><net_src comp="0" pin="0"/><net_sink comp="110" pin=1"/></net>

<net id="121"><net_src comp="12" pin="0"/><net_sink comp="116" pin=0"/></net>

<net id="122"><net_src comp="30" pin="0"/><net_sink comp="116" pin=1"/></net>

<net id="128"><net_src comp="14" pin="0"/><net_sink comp="123" pin=0"/></net>

<net id="129"><net_src comp="30" pin="0"/><net_sink comp="123" pin=1"/></net>

<net id="135"><net_src comp="12" pin="0"/><net_sink comp="130" pin=0"/></net>

<net id="136"><net_src comp="30" pin="0"/><net_sink comp="130" pin=1"/></net>

<net id="142"><net_src comp="14" pin="0"/><net_sink comp="137" pin=0"/></net>

<net id="143"><net_src comp="30" pin="0"/><net_sink comp="137" pin=1"/></net>

<net id="153"><net_src comp="130" pin="3"/><net_sink comp="144" pin=2"/></net>

<net id="163"><net_src comp="137" pin="3"/><net_sink comp="154" pin=2"/></net>

<net id="169"><net_src comp="12" pin="0"/><net_sink comp="164" pin=0"/></net>

<net id="170"><net_src comp="30" pin="0"/><net_sink comp="164" pin=1"/></net>

<net id="176"><net_src comp="14" pin="0"/><net_sink comp="171" pin=0"/></net>

<net id="177"><net_src comp="30" pin="0"/><net_sink comp="171" pin=1"/></net>

<net id="178"><net_src comp="164" pin="3"/><net_sink comp="144" pin=2"/></net>

<net id="179"><net_src comp="171" pin="3"/><net_sink comp="154" pin=2"/></net>

<net id="180"><net_src comp="116" pin="3"/><net_sink comp="144" pin=0"/></net>

<net id="181"><net_src comp="123" pin="3"/><net_sink comp="154" pin=0"/></net>

<net id="187"><net_src comp="12" pin="0"/><net_sink comp="182" pin=0"/></net>

<net id="188"><net_src comp="30" pin="0"/><net_sink comp="182" pin=1"/></net>

<net id="194"><net_src comp="14" pin="0"/><net_sink comp="189" pin=0"/></net>

<net id="195"><net_src comp="30" pin="0"/><net_sink comp="189" pin=1"/></net>

<net id="196"><net_src comp="182" pin="3"/><net_sink comp="144" pin=0"/></net>

<net id="197"><net_src comp="189" pin="3"/><net_sink comp="154" pin=0"/></net>

<net id="203"><net_src comp="12" pin="0"/><net_sink comp="198" pin=0"/></net>

<net id="204"><net_src comp="30" pin="0"/><net_sink comp="198" pin=1"/></net>

<net id="210"><net_src comp="14" pin="0"/><net_sink comp="205" pin=0"/></net>

<net id="211"><net_src comp="30" pin="0"/><net_sink comp="205" pin=1"/></net>

<net id="217"><net_src comp="12" pin="0"/><net_sink comp="212" pin=0"/></net>

<net id="218"><net_src comp="30" pin="0"/><net_sink comp="212" pin=1"/></net>

<net id="224"><net_src comp="14" pin="0"/><net_sink comp="219" pin=0"/></net>

<net id="225"><net_src comp="30" pin="0"/><net_sink comp="219" pin=1"/></net>

<net id="231"><net_src comp="12" pin="0"/><net_sink comp="226" pin=0"/></net>

<net id="232"><net_src comp="30" pin="0"/><net_sink comp="226" pin=1"/></net>

<net id="238"><net_src comp="14" pin="0"/><net_sink comp="233" pin=0"/></net>

<net id="239"><net_src comp="30" pin="0"/><net_sink comp="233" pin=1"/></net>

<net id="245"><net_src comp="12" pin="0"/><net_sink comp="240" pin=0"/></net>

<net id="246"><net_src comp="30" pin="0"/><net_sink comp="240" pin=1"/></net>

<net id="252"><net_src comp="14" pin="0"/><net_sink comp="247" pin=0"/></net>

<net id="253"><net_src comp="30" pin="0"/><net_sink comp="247" pin=1"/></net>

<net id="254"><net_src comp="240" pin="3"/><net_sink comp="144" pin=0"/></net>

<net id="255"><net_src comp="247" pin="3"/><net_sink comp="154" pin=0"/></net>

<net id="256"><net_src comp="198" pin="3"/><net_sink comp="144" pin=2"/></net>

<net id="257"><net_src comp="205" pin="3"/><net_sink comp="154" pin=2"/></net>

<net id="258"><net_src comp="212" pin="3"/><net_sink comp="144" pin=0"/></net>

<net id="259"><net_src comp="219" pin="3"/><net_sink comp="154" pin=0"/></net>

<net id="260"><net_src comp="226" pin="3"/><net_sink comp="144" pin=2"/></net>

<net id="261"><net_src comp="233" pin="3"/><net_sink comp="154" pin=2"/></net>

<net id="267"><net_src comp="12" pin="0"/><net_sink comp="262" pin=0"/></net>

<net id="268"><net_src comp="30" pin="0"/><net_sink comp="262" pin=1"/></net>

<net id="274"><net_src comp="14" pin="0"/><net_sink comp="269" pin=0"/></net>

<net id="275"><net_src comp="30" pin="0"/><net_sink comp="269" pin=1"/></net>

<net id="281"><net_src comp="12" pin="0"/><net_sink comp="276" pin=0"/></net>

<net id="282"><net_src comp="30" pin="0"/><net_sink comp="276" pin=1"/></net>

<net id="288"><net_src comp="14" pin="0"/><net_sink comp="283" pin=0"/></net>

<net id="289"><net_src comp="30" pin="0"/><net_sink comp="283" pin=1"/></net>

<net id="295"><net_src comp="12" pin="0"/><net_sink comp="290" pin=0"/></net>

<net id="296"><net_src comp="30" pin="0"/><net_sink comp="290" pin=1"/></net>

<net id="302"><net_src comp="14" pin="0"/><net_sink comp="297" pin=0"/></net>

<net id="303"><net_src comp="30" pin="0"/><net_sink comp="297" pin=1"/></net>

<net id="309"><net_src comp="12" pin="0"/><net_sink comp="304" pin=0"/></net>

<net id="310"><net_src comp="30" pin="0"/><net_sink comp="304" pin=1"/></net>

<net id="316"><net_src comp="14" pin="0"/><net_sink comp="311" pin=0"/></net>

<net id="317"><net_src comp="30" pin="0"/><net_sink comp="311" pin=1"/></net>

<net id="318"><net_src comp="262" pin="3"/><net_sink comp="144" pin=0"/></net>

<net id="319"><net_src comp="269" pin="3"/><net_sink comp="154" pin=0"/></net>

<net id="320"><net_src comp="304" pin="3"/><net_sink comp="144" pin=2"/></net>

<net id="321"><net_src comp="311" pin="3"/><net_sink comp="154" pin=2"/></net>

<net id="322"><net_src comp="276" pin="3"/><net_sink comp="144" pin=0"/></net>

<net id="323"><net_src comp="283" pin="3"/><net_sink comp="154" pin=0"/></net>

<net id="324"><net_src comp="290" pin="3"/><net_sink comp="144" pin=2"/></net>

<net id="325"><net_src comp="297" pin="3"/><net_sink comp="154" pin=2"/></net>

<net id="331"><net_src comp="12" pin="0"/><net_sink comp="326" pin=0"/></net>

<net id="332"><net_src comp="30" pin="0"/><net_sink comp="326" pin=1"/></net>

<net id="338"><net_src comp="14" pin="0"/><net_sink comp="333" pin=0"/></net>

<net id="339"><net_src comp="30" pin="0"/><net_sink comp="333" pin=1"/></net>

<net id="345"><net_src comp="12" pin="0"/><net_sink comp="340" pin=0"/></net>

<net id="346"><net_src comp="30" pin="0"/><net_sink comp="340" pin=1"/></net>

<net id="352"><net_src comp="14" pin="0"/><net_sink comp="347" pin=0"/></net>

<net id="353"><net_src comp="30" pin="0"/><net_sink comp="347" pin=1"/></net>

<net id="359"><net_src comp="12" pin="0"/><net_sink comp="354" pin=0"/></net>

<net id="360"><net_src comp="30" pin="0"/><net_sink comp="354" pin=1"/></net>

<net id="366"><net_src comp="14" pin="0"/><net_sink comp="361" pin=0"/></net>

<net id="367"><net_src comp="30" pin="0"/><net_sink comp="361" pin=1"/></net>

<net id="373"><net_src comp="12" pin="0"/><net_sink comp="368" pin=0"/></net>

<net id="374"><net_src comp="30" pin="0"/><net_sink comp="368" pin=1"/></net>

<net id="380"><net_src comp="14" pin="0"/><net_sink comp="375" pin=0"/></net>

<net id="381"><net_src comp="30" pin="0"/><net_sink comp="375" pin=1"/></net>

<net id="382"><net_src comp="340" pin="3"/><net_sink comp="144" pin=0"/></net>

<net id="383"><net_src comp="347" pin="3"/><net_sink comp="154" pin=0"/></net>

<net id="384"><net_src comp="326" pin="3"/><net_sink comp="144" pin=2"/></net>

<net id="385"><net_src comp="333" pin="3"/><net_sink comp="154" pin=2"/></net>

<net id="386"><net_src comp="354" pin="3"/><net_sink comp="144" pin=0"/></net>

<net id="387"><net_src comp="361" pin="3"/><net_sink comp="154" pin=0"/></net>

<net id="388"><net_src comp="368" pin="3"/><net_sink comp="144" pin=2"/></net>

<net id="389"><net_src comp="375" pin="3"/><net_sink comp="154" pin=2"/></net>

<net id="395"><net_src comp="12" pin="0"/><net_sink comp="390" pin=0"/></net>

<net id="396"><net_src comp="30" pin="0"/><net_sink comp="390" pin=1"/></net>

<net id="402"><net_src comp="14" pin="0"/><net_sink comp="397" pin=0"/></net>

<net id="403"><net_src comp="30" pin="0"/><net_sink comp="397" pin=1"/></net>

<net id="409"><net_src comp="12" pin="0"/><net_sink comp="404" pin=0"/></net>

<net id="410"><net_src comp="30" pin="0"/><net_sink comp="404" pin=1"/></net>

<net id="416"><net_src comp="14" pin="0"/><net_sink comp="411" pin=0"/></net>

<net id="417"><net_src comp="30" pin="0"/><net_sink comp="411" pin=1"/></net>

<net id="423"><net_src comp="12" pin="0"/><net_sink comp="418" pin=0"/></net>

<net id="424"><net_src comp="30" pin="0"/><net_sink comp="418" pin=1"/></net>

<net id="430"><net_src comp="14" pin="0"/><net_sink comp="425" pin=0"/></net>

<net id="431"><net_src comp="30" pin="0"/><net_sink comp="425" pin=1"/></net>

<net id="437"><net_src comp="12" pin="0"/><net_sink comp="432" pin=0"/></net>

<net id="438"><net_src comp="30" pin="0"/><net_sink comp="432" pin=1"/></net>

<net id="444"><net_src comp="14" pin="0"/><net_sink comp="439" pin=0"/></net>

<net id="445"><net_src comp="30" pin="0"/><net_sink comp="439" pin=1"/></net>

<net id="446"><net_src comp="432" pin="3"/><net_sink comp="144" pin=0"/></net>

<net id="447"><net_src comp="439" pin="3"/><net_sink comp="154" pin=0"/></net>

<net id="448"><net_src comp="390" pin="3"/><net_sink comp="144" pin=2"/></net>

<net id="449"><net_src comp="397" pin="3"/><net_sink comp="154" pin=2"/></net>

<net id="450"><net_src comp="404" pin="3"/><net_sink comp="144" pin=0"/></net>

<net id="451"><net_src comp="411" pin="3"/><net_sink comp="154" pin=0"/></net>

<net id="452"><net_src comp="418" pin="3"/><net_sink comp="144" pin=2"/></net>

<net id="453"><net_src comp="425" pin="3"/><net_sink comp="154" pin=2"/></net>

<net id="459"><net_src comp="12" pin="0"/><net_sink comp="454" pin=0"/></net>

<net id="460"><net_src comp="30" pin="0"/><net_sink comp="454" pin=1"/></net>

<net id="466"><net_src comp="14" pin="0"/><net_sink comp="461" pin=0"/></net>

<net id="467"><net_src comp="30" pin="0"/><net_sink comp="461" pin=1"/></net>

<net id="473"><net_src comp="12" pin="0"/><net_sink comp="468" pin=0"/></net>

<net id="474"><net_src comp="30" pin="0"/><net_sink comp="468" pin=1"/></net>

<net id="480"><net_src comp="14" pin="0"/><net_sink comp="475" pin=0"/></net>

<net id="481"><net_src comp="30" pin="0"/><net_sink comp="475" pin=1"/></net>

<net id="482"><net_src comp="454" pin="3"/><net_sink comp="144" pin=0"/></net>

<net id="483"><net_src comp="461" pin="3"/><net_sink comp="154" pin=0"/></net>

<net id="484"><net_src comp="468" pin="3"/><net_sink comp="144" pin=2"/></net>

<net id="485"><net_src comp="475" pin="3"/><net_sink comp="154" pin=2"/></net>

<net id="491"><net_src comp="12" pin="0"/><net_sink comp="486" pin=0"/></net>

<net id="492"><net_src comp="30" pin="0"/><net_sink comp="486" pin=1"/></net>

<net id="498"><net_src comp="14" pin="0"/><net_sink comp="493" pin=0"/></net>

<net id="499"><net_src comp="30" pin="0"/><net_sink comp="493" pin=1"/></net>

<net id="505"><net_src comp="12" pin="0"/><net_sink comp="500" pin=0"/></net>

<net id="506"><net_src comp="30" pin="0"/><net_sink comp="500" pin=1"/></net>

<net id="512"><net_src comp="14" pin="0"/><net_sink comp="507" pin=0"/></net>

<net id="513"><net_src comp="30" pin="0"/><net_sink comp="507" pin=1"/></net>

<net id="514"><net_src comp="500" pin="3"/><net_sink comp="144" pin=0"/></net>

<net id="515"><net_src comp="507" pin="3"/><net_sink comp="154" pin=0"/></net>

<net id="516"><net_src comp="486" pin="3"/><net_sink comp="144" pin=2"/></net>

<net id="517"><net_src comp="493" pin="3"/><net_sink comp="154" pin=2"/></net>

<net id="523"><net_src comp="12" pin="0"/><net_sink comp="518" pin=0"/></net>

<net id="524"><net_src comp="30" pin="0"/><net_sink comp="518" pin=1"/></net>

<net id="530"><net_src comp="14" pin="0"/><net_sink comp="525" pin=0"/></net>

<net id="531"><net_src comp="30" pin="0"/><net_sink comp="525" pin=1"/></net>

<net id="532"><net_src comp="518" pin="3"/><net_sink comp="144" pin=0"/></net>

<net id="533"><net_src comp="525" pin="3"/><net_sink comp="154" pin=0"/></net>

<net id="539"><net_src comp="10" pin="0"/><net_sink comp="534" pin=0"/></net>

<net id="540"><net_src comp="30" pin="0"/><net_sink comp="534" pin=1"/></net>

<net id="546"><net_src comp="534" pin="3"/><net_sink comp="541" pin=0"/></net>

<net id="552"><net_src comp="154" pin="7"/><net_sink comp="547" pin=1"/></net>

<net id="553"><net_src comp="144" pin="7"/><net_sink comp="547" pin=2"/></net>

<net id="559"><net_src comp="144" pin="7"/><net_sink comp="554" pin=1"/></net>

<net id="560"><net_src comp="154" pin="7"/><net_sink comp="554" pin=2"/></net>

<net id="566"><net_src comp="154" pin="3"/><net_sink comp="561" pin=1"/></net>

<net id="567"><net_src comp="144" pin="3"/><net_sink comp="561" pin=2"/></net>

<net id="573"><net_src comp="144" pin="3"/><net_sink comp="568" pin=1"/></net>

<net id="574"><net_src comp="154" pin="3"/><net_sink comp="568" pin=2"/></net>

<net id="580"><net_src comp="154" pin="3"/><net_sink comp="575" pin=1"/></net>

<net id="581"><net_src comp="144" pin="3"/><net_sink comp="575" pin=2"/></net>

<net id="585"><net_src comp="547" pin="3"/><net_sink comp="582" pin=0"/></net>

<net id="589"><net_src comp="561" pin="3"/><net_sink comp="586" pin=0"/></net>

<net id="594"><net_src comp="20" pin="0"/><net_sink comp="590" pin=0"/></net>

<net id="602"><net_src comp="595" pin="1"/><net_sink comp="598" pin=0"/></net>

<net id="603"><net_src comp="22" pin="0"/><net_sink comp="598" pin=1"/></net>

<net id="607"><net_src comp="595" pin="1"/><net_sink comp="604" pin=0"/></net>

<net id="614"><net_src comp="24" pin="0"/><net_sink comp="608" pin=0"/></net>

<net id="615"><net_src comp="16" pin="0"/><net_sink comp="608" pin=2"/></net>

<net id="616"><net_src comp="26" pin="0"/><net_sink comp="608" pin=3"/></net>

<net id="622"><net_src comp="28" pin="0"/><net_sink comp="617" pin=0"/></net>

<net id="623"><net_src comp="608" pin="4"/><net_sink comp="617" pin=2"/></net>

<net id="627"><net_src comp="617" pin="3"/><net_sink comp="624" pin=0"/></net>

<net id="628"><net_src comp="624" pin="1"/><net_sink comp="116" pin=2"/></net>

<net id="629"><net_src comp="624" pin="1"/><net_sink comp="123" pin=2"/></net>

<net id="634"><net_src comp="22" pin="0"/><net_sink comp="630" pin=1"/></net>

<net id="641"><net_src comp="24" pin="0"/><net_sink comp="635" pin=0"/></net>

<net id="642"><net_src comp="630" pin="2"/><net_sink comp="635" pin=1"/></net>

<net id="643"><net_src comp="16" pin="0"/><net_sink comp="635" pin=2"/></net>

<net id="644"><net_src comp="26" pin="0"/><net_sink comp="635" pin=3"/></net>

<net id="650"><net_src comp="28" pin="0"/><net_sink comp="645" pin=0"/></net>

<net id="651"><net_src comp="635" pin="4"/><net_sink comp="645" pin=2"/></net>

<net id="655"><net_src comp="645" pin="3"/><net_sink comp="652" pin=0"/></net>

<net id="656"><net_src comp="652" pin="1"/><net_sink comp="130" pin=2"/></net>

<net id="657"><net_src comp="652" pin="1"/><net_sink comp="137" pin=2"/></net>

<net id="662"><net_src comp="32" pin="0"/><net_sink comp="658" pin=1"/></net>

<net id="669"><net_src comp="24" pin="0"/><net_sink comp="663" pin=0"/></net>

<net id="670"><net_src comp="658" pin="2"/><net_sink comp="663" pin=1"/></net>

<net id="671"><net_src comp="16" pin="0"/><net_sink comp="663" pin=2"/></net>

<net id="672"><net_src comp="26" pin="0"/><net_sink comp="663" pin=3"/></net>

<net id="678"><net_src comp="28" pin="0"/><net_sink comp="673" pin=0"/></net>

<net id="679"><net_src comp="663" pin="4"/><net_sink comp="673" pin=2"/></net>

<net id="683"><net_src comp="673" pin="3"/><net_sink comp="680" pin=0"/></net>

<net id="684"><net_src comp="680" pin="1"/><net_sink comp="164" pin=2"/></net>

<net id="685"><net_src comp="680" pin="1"/><net_sink comp="171" pin=2"/></net>

<net id="690"><net_src comp="34" pin="0"/><net_sink comp="686" pin=1"/></net>

<net id="697"><net_src comp="24" pin="0"/><net_sink comp="691" pin=0"/></net>

<net id="698"><net_src comp="686" pin="2"/><net_sink comp="691" pin=1"/></net>

<net id="699"><net_src comp="16" pin="0"/><net_sink comp="691" pin=2"/></net>

<net id="700"><net_src comp="26" pin="0"/><net_sink comp="691" pin=3"/></net>

<net id="706"><net_src comp="28" pin="0"/><net_sink comp="701" pin=0"/></net>

<net id="707"><net_src comp="691" pin="4"/><net_sink comp="701" pin=2"/></net>

<net id="711"><net_src comp="701" pin="3"/><net_sink comp="708" pin=0"/></net>

<net id="712"><net_src comp="708" pin="1"/><net_sink comp="182" pin=2"/></net>

<net id="713"><net_src comp="708" pin="1"/><net_sink comp="189" pin=2"/></net>

<net id="718"><net_src comp="686" pin="2"/><net_sink comp="714" pin=0"/></net>

<net id="724"><net_src comp="28" pin="0"/><net_sink comp="719" pin=0"/></net>

<net id="728"><net_src comp="719" pin="3"/><net_sink comp="725" pin=0"/></net>

<net id="729"><net_src comp="725" pin="1"/><net_sink comp="198" pin=2"/></net>

<net id="730"><net_src comp="725" pin="1"/><net_sink comp="205" pin=2"/></net>

<net id="736"><net_src comp="28" pin="0"/><net_sink comp="731" pin=0"/></net>

<net id="740"><net_src comp="731" pin="3"/><net_sink comp="737" pin=0"/></net>

<net id="741"><net_src comp="737" pin="1"/><net_sink comp="212" pin=2"/></net>

<net id="742"><net_src comp="737" pin="1"/><net_sink comp="219" pin=2"/></net>

<net id="748"><net_src comp="28" pin="0"/><net_sink comp="743" pin=0"/></net>

<net id="752"><net_src comp="743" pin="3"/><net_sink comp="749" pin=0"/></net>

<net id="753"><net_src comp="749" pin="1"/><net_sink comp="226" pin=2"/></net>

<net id="754"><net_src comp="749" pin="1"/><net_sink comp="233" pin=2"/></net>

<net id="759"><net_src comp="36" pin="0"/><net_sink comp="755" pin=1"/></net>

<net id="765"><net_src comp="28" pin="0"/><net_sink comp="760" pin=0"/></net>

<net id="766"><net_src comp="755" pin="2"/><net_sink comp="760" pin=2"/></net>

<net id="770"><net_src comp="760" pin="3"/><net_sink comp="767" pin=0"/></net>

<net id="771"><net_src comp="767" pin="1"/><net_sink comp="240" pin=2"/></net>

<net id="772"><net_src comp="767" pin="1"/><net_sink comp="247" pin=2"/></net>

<net id="776"><net_src comp="554" pin="3"/><net_sink comp="773" pin=0"/></net>

<net id="780"><net_src comp="568" pin="3"/><net_sink comp="777" pin=0"/></net>

<net id="785"><net_src comp="777" pin="1"/><net_sink comp="781" pin=0"/></net>

<net id="786"><net_src comp="773" pin="1"/><net_sink comp="781" pin=1"/></net>

<net id="792"><net_src comp="28" pin="0"/><net_sink comp="787" pin=0"/></net>

<net id="796"><net_src comp="787" pin="3"/><net_sink comp="793" pin=0"/></net>

<net id="797"><net_src comp="793" pin="1"/><net_sink comp="262" pin=2"/></net>

<net id="798"><net_src comp="793" pin="1"/><net_sink comp="269" pin=2"/></net>

<net id="802"><net_src comp="582" pin="1"/><net_sink comp="799" pin=0"/></net>

<net id="808"><net_src comp="28" pin="0"/><net_sink comp="803" pin=0"/></net>

<net id="812"><net_src comp="803" pin="3"/><net_sink comp="809" pin=0"/></net>

<net id="813"><net_src comp="809" pin="1"/><net_sink comp="276" pin=2"/></net>

<net id="814"><net_src comp="809" pin="1"/><net_sink comp="283" pin=2"/></net>

<net id="820"><net_src comp="28" pin="0"/><net_sink comp="815" pin=0"/></net>

<net id="824"><net_src comp="815" pin="3"/><net_sink comp="821" pin=0"/></net>

<net id="825"><net_src comp="821" pin="1"/><net_sink comp="290" pin=2"/></net>

<net id="826"><net_src comp="821" pin="1"/><net_sink comp="297" pin=2"/></net>

<net id="832"><net_src comp="28" pin="0"/><net_sink comp="827" pin=0"/></net>

<net id="836"><net_src comp="827" pin="3"/><net_sink comp="833" pin=0"/></net>

<net id="837"><net_src comp="833" pin="1"/><net_sink comp="304" pin=2"/></net>

<net id="838"><net_src comp="833" pin="1"/><net_sink comp="311" pin=2"/></net>

<net id="842"><net_src comp="561" pin="3"/><net_sink comp="839" pin=0"/></net>

<net id="846"><net_src comp="568" pin="3"/><net_sink comp="843" pin=0"/></net>

<net id="850"><net_src comp="554" pin="3"/><net_sink comp="847" pin=0"/></net>

<net id="855"><net_src comp="847" pin="1"/><net_sink comp="851" pin=0"/></net>

<net id="856"><net_src comp="843" pin="1"/><net_sink comp="851" pin=1"/></net>

<net id="861"><net_src comp="839" pin="1"/><net_sink comp="857" pin=0"/></net>

<net id="862"><net_src comp="799" pin="1"/><net_sink comp="857" pin=1"/></net>

<net id="868"><net_src comp="28" pin="0"/><net_sink comp="863" pin=0"/></net>

<net id="872"><net_src comp="863" pin="3"/><net_sink comp="869" pin=0"/></net>

<net id="873"><net_src comp="869" pin="1"/><net_sink comp="326" pin=2"/></net>

<net id="874"><net_src comp="869" pin="1"/><net_sink comp="333" pin=2"/></net>

<net id="880"><net_src comp="28" pin="0"/><net_sink comp="875" pin=0"/></net>

<net id="884"><net_src comp="875" pin="3"/><net_sink comp="881" pin=0"/></net>

<net id="885"><net_src comp="881" pin="1"/><net_sink comp="340" pin=2"/></net>

<net id="886"><net_src comp="881" pin="1"/><net_sink comp="347" pin=2"/></net>

<net id="892"><net_src comp="28" pin="0"/><net_sink comp="887" pin=0"/></net>

<net id="896"><net_src comp="887" pin="3"/><net_sink comp="893" pin=0"/></net>

<net id="897"><net_src comp="893" pin="1"/><net_sink comp="354" pin=2"/></net>

<net id="898"><net_src comp="893" pin="1"/><net_sink comp="361" pin=2"/></net>

<net id="904"><net_src comp="28" pin="0"/><net_sink comp="899" pin=0"/></net>

<net id="908"><net_src comp="899" pin="3"/><net_sink comp="905" pin=0"/></net>

<net id="909"><net_src comp="905" pin="1"/><net_sink comp="368" pin=2"/></net>

<net id="910"><net_src comp="905" pin="1"/><net_sink comp="375" pin=2"/></net>

<net id="914"><net_src comp="561" pin="3"/><net_sink comp="911" pin=0"/></net>

<net id="918"><net_src comp="568" pin="3"/><net_sink comp="915" pin=0"/></net>

<net id="922"><net_src comp="582" pin="1"/><net_sink comp="919" pin=0"/></net>

<net id="929"><net_src comp="547" pin="3"/><net_sink comp="926" pin=0"/></net>

<net id="934"><net_src comp="919" pin="1"/><net_sink comp="930" pin=0"/></net>

<net id="935"><net_src comp="926" pin="1"/><net_sink comp="930" pin=1"/></net>

<net id="939"><net_src comp="930" pin="2"/><net_sink comp="936" pin=0"/></net>

<net id="944"><net_src comp="936" pin="1"/><net_sink comp="940" pin=0"/></net>

<net id="945"><net_src comp="923" pin="1"/><net_sink comp="940" pin=1"/></net>

<net id="950"><net_src comp="915" pin="1"/><net_sink comp="946" pin=0"/></net>

<net id="951"><net_src comp="911" pin="1"/><net_sink comp="946" pin=1"/></net>

<net id="957"><net_src comp="28" pin="0"/><net_sink comp="952" pin=0"/></net>

<net id="961"><net_src comp="952" pin="3"/><net_sink comp="958" pin=0"/></net>

<net id="962"><net_src comp="958" pin="1"/><net_sink comp="390" pin=2"/></net>

<net id="963"><net_src comp="958" pin="1"/><net_sink comp="397" pin=2"/></net>

<net id="969"><net_src comp="28" pin="0"/><net_sink comp="964" pin=0"/></net>

<net id="973"><net_src comp="964" pin="3"/><net_sink comp="970" pin=0"/></net>

<net id="974"><net_src comp="970" pin="1"/><net_sink comp="404" pin=2"/></net>

<net id="975"><net_src comp="970" pin="1"/><net_sink comp="411" pin=2"/></net>

<net id="979"><net_src comp="586" pin="1"/><net_sink comp="976" pin=0"/></net>

<net id="985"><net_src comp="28" pin="0"/><net_sink comp="980" pin=0"/></net>

<net id="989"><net_src comp="980" pin="3"/><net_sink comp="986" pin=0"/></net>

<net id="990"><net_src comp="986" pin="1"/><net_sink comp="418" pin=2"/></net>

<net id="991"><net_src comp="986" pin="1"/><net_sink comp="425" pin=2"/></net>

<net id="997"><net_src comp="28" pin="0"/><net_sink comp="992" pin=0"/></net>

<net id="1001"><net_src comp="992" pin="3"/><net_sink comp="998" pin=0"/></net>

<net id="1002"><net_src comp="998" pin="1"/><net_sink comp="432" pin=2"/></net>

<net id="1003"><net_src comp="998" pin="1"/><net_sink comp="439" pin=2"/></net>

<net id="1007"><net_src comp="561" pin="3"/><net_sink comp="1004" pin=0"/></net>

<net id="1013"><net_src comp="38" pin="0"/><net_sink comp="1008" pin=0"/></net>

<net id="1014"><net_src comp="547" pin="3"/><net_sink comp="1008" pin=1"/></net>

<net id="1015"><net_src comp="40" pin="0"/><net_sink comp="1008" pin=2"/></net>

<net id="1019"><net_src comp="1008" pin="3"/><net_sink comp="1016" pin=0"/></net>

<net id="1025"><net_src comp="42" pin="0"/><net_sink comp="1020" pin=0"/></net>

<net id="1026"><net_src comp="547" pin="3"/><net_sink comp="1020" pin=1"/></net>

<net id="1027"><net_src comp="44" pin="0"/><net_sink comp="1020" pin=2"/></net>

<net id="1031"><net_src comp="1020" pin="3"/><net_sink comp="1028" pin=0"/></net>

<net id="1036"><net_src comp="1016" pin="1"/><net_sink comp="1032" pin=0"/></net>

<net id="1037"><net_src comp="1028" pin="1"/><net_sink comp="1032" pin=1"/></net>

<net id="1041"><net_src comp="568" pin="3"/><net_sink comp="1038" pin=0"/></net>

<net id="1048"><net_src comp="554" pin="3"/><net_sink comp="1045" pin=0"/></net>

<net id="1053"><net_src comp="1038" pin="1"/><net_sink comp="1049" pin=0"/></net>

<net id="1054"><net_src comp="1045" pin="1"/><net_sink comp="1049" pin=1"/></net>

<net id="1058"><net_src comp="1049" pin="2"/><net_sink comp="1055" pin=0"/></net>

<net id="1063"><net_src comp="1055" pin="1"/><net_sink comp="1059" pin=0"/></net>

<net id="1064"><net_src comp="1042" pin="1"/><net_sink comp="1059" pin=1"/></net>

<net id="1069"><net_src comp="1004" pin="1"/><net_sink comp="1065" pin=0"/></net>

<net id="1070"><net_src comp="976" pin="1"/><net_sink comp="1065" pin=1"/></net>

<net id="1078"><net_src comp="1032" pin="2"/><net_sink comp="1074" pin=0"/></net>

<net id="1079"><net_src comp="1071" pin="1"/><net_sink comp="1074" pin=1"/></net>

<net id="1085"><net_src comp="28" pin="0"/><net_sink comp="1080" pin=0"/></net>

<net id="1089"><net_src comp="1080" pin="3"/><net_sink comp="1086" pin=0"/></net>

<net id="1090"><net_src comp="1086" pin="1"/><net_sink comp="454" pin=2"/></net>

<net id="1091"><net_src comp="1086" pin="1"/><net_sink comp="461" pin=2"/></net>

<net id="1097"><net_src comp="28" pin="0"/><net_sink comp="1092" pin=0"/></net>

<net id="1101"><net_src comp="1092" pin="3"/><net_sink comp="1098" pin=0"/></net>

<net id="1102"><net_src comp="1098" pin="1"/><net_sink comp="468" pin=2"/></net>

<net id="1103"><net_src comp="1098" pin="1"/><net_sink comp="475" pin=2"/></net>

<net id="1107"><net_src comp="568" pin="3"/><net_sink comp="1104" pin=0"/></net>

<net id="1111"><net_src comp="554" pin="3"/><net_sink comp="1108" pin=0"/></net>

<net id="1116"><net_src comp="1104" pin="1"/><net_sink comp="1112" pin=0"/></net>

<net id="1117"><net_src comp="1108" pin="1"/><net_sink comp="1112" pin=1"/></net>

<net id="1123"><net_src comp="46" pin="0"/><net_sink comp="1118" pin=0"/></net>

<net id="1124"><net_src comp="48" pin="0"/><net_sink comp="1118" pin=2"/></net>

<net id="1128"><net_src comp="1118" pin="3"/><net_sink comp="1125" pin=0"/></net>

<net id="1136"><net_src comp="1129" pin="1"/><net_sink comp="1132" pin=0"/></net>

<net id="1137"><net_src comp="1125" pin="1"/><net_sink comp="1132" pin=1"/></net>

<net id="1143"><net_src comp="28" pin="0"/><net_sink comp="1138" pin=0"/></net>

<net id="1147"><net_src comp="1138" pin="3"/><net_sink comp="1144" pin=0"/></net>

<net id="1148"><net_src comp="1144" pin="1"/><net_sink comp="486" pin=2"/></net>

<net id="1149"><net_src comp="1144" pin="1"/><net_sink comp="493" pin=2"/></net>

<net id="1155"><net_src comp="28" pin="0"/><net_sink comp="1150" pin=0"/></net>

<net id="1159"><net_src comp="1150" pin="3"/><net_sink comp="1156" pin=0"/></net>

<net id="1160"><net_src comp="1156" pin="1"/><net_sink comp="500" pin=2"/></net>

<net id="1161"><net_src comp="1156" pin="1"/><net_sink comp="507" pin=2"/></net>

<net id="1168"><net_src comp="561" pin="3"/><net_sink comp="1165" pin=0"/></net>

<net id="1172"><net_src comp="582" pin="1"/><net_sink comp="1169" pin=0"/></net>

<net id="1179"><net_src comp="547" pin="3"/><net_sink comp="1176" pin=0"/></net>

<net id="1184"><net_src comp="1173" pin="1"/><net_sink comp="1180" pin=0"/></net>

<net id="1185"><net_src comp="1169" pin="1"/><net_sink comp="1180" pin=1"/></net>

<net id="1193"><net_src comp="1186" pin="1"/><net_sink comp="1189" pin=0"/></net>

<net id="1194"><net_src comp="1176" pin="1"/><net_sink comp="1189" pin=1"/></net>

<net id="1198"><net_src comp="1189" pin="2"/><net_sink comp="1195" pin=0"/></net>

<net id="1203"><net_src comp="1195" pin="1"/><net_sink comp="1199" pin=0"/></net>

<net id="1204"><net_src comp="1180" pin="2"/><net_sink comp="1199" pin=1"/></net>

<net id="1212"><net_src comp="1162" pin="1"/><net_sink comp="1208" pin=0"/></net>

<net id="1213"><net_src comp="1165" pin="1"/><net_sink comp="1208" pin=1"/></net>

<net id="1217"><net_src comp="1208" pin="2"/><net_sink comp="1214" pin=0"/></net>

<net id="1222"><net_src comp="1214" pin="1"/><net_sink comp="1218" pin=0"/></net>

<net id="1223"><net_src comp="1205" pin="1"/><net_sink comp="1218" pin=1"/></net>

<net id="1229"><net_src comp="28" pin="0"/><net_sink comp="1224" pin=0"/></net>

<net id="1233"><net_src comp="1224" pin="3"/><net_sink comp="1230" pin=0"/></net>

<net id="1234"><net_src comp="1230" pin="1"/><net_sink comp="518" pin=2"/></net>

<net id="1235"><net_src comp="1230" pin="1"/><net_sink comp="525" pin=2"/></net>

<net id="1239"><net_src comp="586" pin="1"/><net_sink comp="1236" pin=0"/></net>

<net id="1245"><net_src comp="154" pin="7"/><net_sink comp="1240" pin=1"/></net>

<net id="1246"><net_src comp="144" pin="7"/><net_sink comp="1240" pin=2"/></net>

<net id="1250"><net_src comp="1240" pin="3"/><net_sink comp="1247" pin=0"/></net>

<net id="1258"><net_src comp="1236" pin="1"/><net_sink comp="1254" pin=0"/></net>

<net id="1259"><net_src comp="1247" pin="1"/><net_sink comp="1254" pin=1"/></net>

<net id="1263"><net_src comp="1254" pin="2"/><net_sink comp="1260" pin=0"/></net>

<net id="1268"><net_src comp="1260" pin="1"/><net_sink comp="1264" pin=0"/></net>

<net id="1269"><net_src comp="1251" pin="1"/><net_sink comp="1264" pin=1"/></net>

<net id="1276"><net_src comp="575" pin="3"/><net_sink comp="1273" pin=0"/></net>

<net id="1282"><net_src comp="50" pin="0"/><net_sink comp="1277" pin=0"/></net>

<net id="1283"><net_src comp="44" pin="0"/><net_sink comp="1277" pin=2"/></net>

<net id="1287"><net_src comp="1277" pin="3"/><net_sink comp="1284" pin=0"/></net>

<net id="1293"><net_src comp="52" pin="0"/><net_sink comp="1288" pin=0"/></net>

<net id="1294"><net_src comp="54" pin="0"/><net_sink comp="1288" pin=2"/></net>

<net id="1300"><net_src comp="56" pin="0"/><net_sink comp="1295" pin=0"/></net>

<net id="1301"><net_src comp="58" pin="0"/><net_sink comp="1295" pin=2"/></net>

<net id="1305"><net_src comp="1295" pin="3"/><net_sink comp="1302" pin=0"/></net>

<net id="1310"><net_src comp="1288" pin="3"/><net_sink comp="1306" pin=0"/></net>

<net id="1311"><net_src comp="1302" pin="1"/><net_sink comp="1306" pin=1"/></net>

<net id="1315"><net_src comp="1306" pin="2"/><net_sink comp="1312" pin=0"/></net>

<net id="1320"><net_src comp="1312" pin="1"/><net_sink comp="1316" pin=0"/></net>

<net id="1321"><net_src comp="1284" pin="1"/><net_sink comp="1316" pin=1"/></net>

<net id="1326"><net_src comp="1270" pin="1"/><net_sink comp="1322" pin=0"/></net>

<net id="1327"><net_src comp="1273" pin="1"/><net_sink comp="1322" pin=1"/></net>

<net id="1331"><net_src comp="1322" pin="2"/><net_sink comp="1328" pin=0"/></net>

<net id="1336"><net_src comp="1328" pin="1"/><net_sink comp="1332" pin=0"/></net>

<net id="1337"><net_src comp="1316" pin="2"/><net_sink comp="1332" pin=1"/></net>

<net id="1341"><net_src comp="1338" pin="1"/><net_sink comp="534" pin=2"/></net>

<net id="1347"><net_src comp="76" pin="0"/><net_sink comp="1342" pin=0"/></net>

<net id="1348"><net_src comp="40" pin="0"/><net_sink comp="1342" pin=2"/></net>

<net id="1354"><net_src comp="52" pin="0"/><net_sink comp="1349" pin=0"/></net>

<net id="1355"><net_src comp="54" pin="0"/><net_sink comp="1349" pin=2"/></net>

<net id="1359"><net_src comp="1349" pin="3"/><net_sink comp="1356" pin=0"/></net>

<net id="1364"><net_src comp="1342" pin="3"/><net_sink comp="1360" pin=0"/></net>

<net id="1365"><net_src comp="1356" pin="1"/><net_sink comp="1360" pin=1"/></net>

<net id="1369"><net_src comp="1360" pin="2"/><net_sink comp="1366" pin=0"/></net>

<net id="1377"><net_src comp="1370" pin="1"/><net_sink comp="1373" pin=0"/></net>

<net id="1378"><net_src comp="1366" pin="1"/><net_sink comp="1373" pin=1"/></net>

<net id="1386"><net_src comp="1379" pin="1"/><net_sink comp="1382" pin=0"/></net>

<net id="1387"><net_src comp="1373" pin="2"/><net_sink comp="1382" pin=1"/></net>

<net id="1394"><net_src comp="78" pin="0"/><net_sink comp="1388" pin=0"/></net>

<net id="1395"><net_src comp="1382" pin="2"/><net_sink comp="1388" pin=1"/></net>

<net id="1396"><net_src comp="26" pin="0"/><net_sink comp="1388" pin=2"/></net>

<net id="1397"><net_src comp="80" pin="0"/><net_sink comp="1388" pin=3"/></net>

<net id="1398"><net_src comp="1388" pin="4"/><net_sink comp="541" pin=1"/></net>

<net id="1402"><net_src comp="82" pin="1"/><net_sink comp="1399" pin=0"/></net>

<net id="1403"><net_src comp="1399" pin="1"/><net_sink comp="590" pin=1"/></net>

<net id="1404"><net_src comp="1399" pin="1"/><net_sink comp="595" pin=0"/></net>

<net id="1405"><net_src comp="1399" pin="1"/><net_sink comp="714" pin=1"/></net>

<net id="1409"><net_src comp="86" pin="2"/><net_sink comp="1406" pin=0"/></net>

<net id="1410"><net_src comp="1406" pin="1"/><net_sink comp="964" pin=1"/></net>

<net id="1411"><net_src comp="1406" pin="1"/><net_sink comp="980" pin=1"/></net>

<net id="1412"><net_src comp="1406" pin="1"/><net_sink comp="1138" pin=1"/></net>

<net id="1413"><net_src comp="1406" pin="1"/><net_sink comp="1150" pin=1"/></net>

<net id="1414"><net_src comp="1406" pin="1"/><net_sink comp="1224" pin=1"/></net>

<net id="1418"><net_src comp="92" pin="2"/><net_sink comp="1415" pin=0"/></net>

<net id="1419"><net_src comp="1415" pin="1"/><net_sink comp="887" pin=1"/></net>

<net id="1420"><net_src comp="1415" pin="1"/><net_sink comp="899" pin=1"/></net>

<net id="1421"><net_src comp="1415" pin="1"/><net_sink comp="952" pin=1"/></net>

<net id="1422"><net_src comp="1415" pin="1"/><net_sink comp="1080" pin=1"/></net>

<net id="1423"><net_src comp="1415" pin="1"/><net_sink comp="1092" pin=1"/></net>

<net id="1427"><net_src comp="98" pin="2"/><net_sink comp="1424" pin=0"/></net>

<net id="1428"><net_src comp="1424" pin="1"/><net_sink comp="803" pin=1"/></net>

<net id="1429"><net_src comp="1424" pin="1"/><net_sink comp="815" pin=1"/></net>

<net id="1430"><net_src comp="1424" pin="1"/><net_sink comp="863" pin=1"/></net>

<net id="1431"><net_src comp="1424" pin="1"/><net_sink comp="875" pin=1"/></net>

<net id="1432"><net_src comp="1424" pin="1"/><net_sink comp="992" pin=1"/></net>

<net id="1436"><net_src comp="104" pin="2"/><net_sink comp="1433" pin=0"/></net>

<net id="1437"><net_src comp="1433" pin="1"/><net_sink comp="719" pin=1"/></net>

<net id="1438"><net_src comp="1433" pin="1"/><net_sink comp="731" pin=1"/></net>

<net id="1439"><net_src comp="1433" pin="1"/><net_sink comp="743" pin=1"/></net>

<net id="1440"><net_src comp="1433" pin="1"/><net_sink comp="787" pin=1"/></net>

<net id="1441"><net_src comp="1433" pin="1"/><net_sink comp="827" pin=1"/></net>

<net id="1445"><net_src comp="110" pin="2"/><net_sink comp="1442" pin=0"/></net>

<net id="1446"><net_src comp="1442" pin="1"/><net_sink comp="617" pin=1"/></net>

<net id="1447"><net_src comp="1442" pin="1"/><net_sink comp="645" pin=1"/></net>

<net id="1448"><net_src comp="1442" pin="1"/><net_sink comp="673" pin=1"/></net>

<net id="1449"><net_src comp="1442" pin="1"/><net_sink comp="701" pin=1"/></net>

<net id="1450"><net_src comp="1442" pin="1"/><net_sink comp="760" pin=1"/></net>

<net id="1454"><net_src comp="595" pin="1"/><net_sink comp="1451" pin=0"/></net>

<net id="1455"><net_src comp="1451" pin="1"/><net_sink comp="608" pin=1"/></net>

<net id="1456"><net_src comp="1451" pin="1"/><net_sink comp="630" pin=0"/></net>

<net id="1457"><net_src comp="1451" pin="1"/><net_sink comp="658" pin=0"/></net>

<net id="1458"><net_src comp="1451" pin="1"/><net_sink comp="686" pin=0"/></net>

<net id="1459"><net_src comp="1451" pin="1"/><net_sink comp="1338" pin=0"/></net>

<net id="1463"><net_src comp="598" pin="2"/><net_sink comp="1460" pin=0"/></net>

<net id="1467"><net_src comp="604" pin="1"/><net_sink comp="1464" pin=0"/></net>

<net id="1468"><net_src comp="1464" pin="1"/><net_sink comp="547" pin=0"/></net>

<net id="1469"><net_src comp="1464" pin="1"/><net_sink comp="554" pin=0"/></net>

<net id="1470"><net_src comp="1464" pin="1"/><net_sink comp="561" pin=0"/></net>

<net id="1471"><net_src comp="1464" pin="1"/><net_sink comp="568" pin=0"/></net>

<net id="1472"><net_src comp="1464" pin="1"/><net_sink comp="575" pin=0"/></net>

<net id="1473"><net_src comp="1464" pin="1"/><net_sink comp="1240" pin=0"/></net>

<net id="1477"><net_src comp="608" pin="4"/><net_sink comp="1474" pin=0"/></net>

<net id="1478"><net_src comp="1474" pin="1"/><net_sink comp="755" pin=0"/></net>

<net id="1479"><net_src comp="1474" pin="1"/><net_sink comp="787" pin=2"/></net>

<net id="1480"><net_src comp="1474" pin="1"/><net_sink comp="863" pin=2"/></net>

<net id="1481"><net_src comp="1474" pin="1"/><net_sink comp="1080" pin=2"/></net>

<net id="1482"><net_src comp="1474" pin="1"/><net_sink comp="1138" pin=2"/></net>

<net id="1486"><net_src comp="116" pin="3"/><net_sink comp="1483" pin=0"/></net>

<net id="1487"><net_src comp="1483" pin="1"/><net_sink comp="144" pin=0"/></net>

<net id="1491"><net_src comp="123" pin="3"/><net_sink comp="1488" pin=0"/></net>

<net id="1492"><net_src comp="1488" pin="1"/><net_sink comp="154" pin=0"/></net>

<net id="1496"><net_src comp="635" pin="4"/><net_sink comp="1493" pin=0"/></net>

<net id="1497"><net_src comp="1493" pin="1"/><net_sink comp="719" pin=2"/></net>

<net id="1498"><net_src comp="1493" pin="1"/><net_sink comp="875" pin=2"/></net>

<net id="1499"><net_src comp="1493" pin="1"/><net_sink comp="952" pin=2"/></net>

<net id="1500"><net_src comp="1493" pin="1"/><net_sink comp="1150" pin=2"/></net>

<net id="1504"><net_src comp="130" pin="3"/><net_sink comp="1501" pin=0"/></net>

<net id="1505"><net_src comp="1501" pin="1"/><net_sink comp="144" pin=2"/></net>

<net id="1509"><net_src comp="137" pin="3"/><net_sink comp="1506" pin=0"/></net>

<net id="1510"><net_src comp="1506" pin="1"/><net_sink comp="154" pin=2"/></net>

<net id="1514"><net_src comp="663" pin="4"/><net_sink comp="1511" pin=0"/></net>

<net id="1515"><net_src comp="1511" pin="1"/><net_sink comp="731" pin=2"/></net>

<net id="1516"><net_src comp="1511" pin="1"/><net_sink comp="803" pin=2"/></net>

<net id="1517"><net_src comp="1511" pin="1"/><net_sink comp="887" pin=2"/></net>

<net id="1518"><net_src comp="1511" pin="1"/><net_sink comp="964" pin=2"/></net>

<net id="1522"><net_src comp="164" pin="3"/><net_sink comp="1519" pin=0"/></net>

<net id="1523"><net_src comp="1519" pin="1"/><net_sink comp="144" pin=2"/></net>

<net id="1527"><net_src comp="171" pin="3"/><net_sink comp="1524" pin=0"/></net>

<net id="1528"><net_src comp="1524" pin="1"/><net_sink comp="154" pin=2"/></net>

<net id="1532"><net_src comp="691" pin="4"/><net_sink comp="1529" pin=0"/></net>

<net id="1533"><net_src comp="1529" pin="1"/><net_sink comp="743" pin=2"/></net>

<net id="1534"><net_src comp="1529" pin="1"/><net_sink comp="815" pin=2"/></net>

<net id="1535"><net_src comp="1529" pin="1"/><net_sink comp="899" pin=2"/></net>

<net id="1536"><net_src comp="1529" pin="1"/><net_sink comp="980" pin=2"/></net>

<net id="1540"><net_src comp="182" pin="3"/><net_sink comp="1537" pin=0"/></net>

<net id="1541"><net_src comp="1537" pin="1"/><net_sink comp="144" pin=0"/></net>

<net id="1545"><net_src comp="189" pin="3"/><net_sink comp="1542" pin=0"/></net>

<net id="1546"><net_src comp="1542" pin="1"/><net_sink comp="154" pin=0"/></net>

<net id="1550"><net_src comp="198" pin="3"/><net_sink comp="1547" pin=0"/></net>

<net id="1551"><net_src comp="1547" pin="1"/><net_sink comp="144" pin=2"/></net>

<net id="1555"><net_src comp="205" pin="3"/><net_sink comp="1552" pin=0"/></net>

<net id="1556"><net_src comp="1552" pin="1"/><net_sink comp="154" pin=2"/></net>

<net id="1560"><net_src comp="212" pin="3"/><net_sink comp="1557" pin=0"/></net>

<net id="1561"><net_src comp="1557" pin="1"/><net_sink comp="144" pin=0"/></net>

<net id="1565"><net_src comp="219" pin="3"/><net_sink comp="1562" pin=0"/></net>

<net id="1566"><net_src comp="1562" pin="1"/><net_sink comp="154" pin=0"/></net>

<net id="1570"><net_src comp="226" pin="3"/><net_sink comp="1567" pin=0"/></net>

<net id="1571"><net_src comp="1567" pin="1"/><net_sink comp="144" pin=2"/></net>

<net id="1575"><net_src comp="233" pin="3"/><net_sink comp="1572" pin=0"/></net>

<net id="1576"><net_src comp="1572" pin="1"/><net_sink comp="154" pin=2"/></net>

<net id="1580"><net_src comp="755" pin="2"/><net_sink comp="1577" pin=0"/></net>

<net id="1581"><net_src comp="1577" pin="1"/><net_sink comp="827" pin=2"/></net>

<net id="1582"><net_src comp="1577" pin="1"/><net_sink comp="992" pin=2"/></net>

<net id="1583"><net_src comp="1577" pin="1"/><net_sink comp="1092" pin=2"/></net>

<net id="1584"><net_src comp="1577" pin="1"/><net_sink comp="1224" pin=2"/></net>

<net id="1588"><net_src comp="240" pin="3"/><net_sink comp="1585" pin=0"/></net>

<net id="1589"><net_src comp="1585" pin="1"/><net_sink comp="144" pin=0"/></net>

<net id="1593"><net_src comp="247" pin="3"/><net_sink comp="1590" pin=0"/></net>

<net id="1594"><net_src comp="1590" pin="1"/><net_sink comp="154" pin=0"/></net>

<net id="1598"><net_src comp="781" pin="2"/><net_sink comp="1595" pin=0"/></net>

<net id="1599"><net_src comp="1595" pin="1"/><net_sink comp="923" pin=0"/></net>

<net id="1603"><net_src comp="262" pin="3"/><net_sink comp="1600" pin=0"/></net>

<net id="1604"><net_src comp="1600" pin="1"/><net_sink comp="144" pin=0"/></net>

<net id="1608"><net_src comp="269" pin="3"/><net_sink comp="1605" pin=0"/></net>

<net id="1609"><net_src comp="1605" pin="1"/><net_sink comp="154" pin=0"/></net>

<net id="1613"><net_src comp="276" pin="3"/><net_sink comp="1610" pin=0"/></net>

<net id="1614"><net_src comp="1610" pin="1"/><net_sink comp="144" pin=0"/></net>

<net id="1618"><net_src comp="283" pin="3"/><net_sink comp="1615" pin=0"/></net>

<net id="1619"><net_src comp="1615" pin="1"/><net_sink comp="154" pin=0"/></net>

<net id="1623"><net_src comp="290" pin="3"/><net_sink comp="1620" pin=0"/></net>

<net id="1624"><net_src comp="1620" pin="1"/><net_sink comp="144" pin=2"/></net>

<net id="1628"><net_src comp="297" pin="3"/><net_sink comp="1625" pin=0"/></net>

<net id="1629"><net_src comp="1625" pin="1"/><net_sink comp="154" pin=2"/></net>

<net id="1633"><net_src comp="304" pin="3"/><net_sink comp="1630" pin=0"/></net>

<net id="1634"><net_src comp="1630" pin="1"/><net_sink comp="144" pin=2"/></net>

<net id="1638"><net_src comp="311" pin="3"/><net_sink comp="1635" pin=0"/></net>

<net id="1639"><net_src comp="1635" pin="1"/><net_sink comp="154" pin=2"/></net>

<net id="1643"><net_src comp="851" pin="2"/><net_sink comp="1640" pin=0"/></net>

<net id="1644"><net_src comp="1640" pin="1"/><net_sink comp="1042" pin=0"/></net>

<net id="1648"><net_src comp="857" pin="2"/><net_sink comp="1645" pin=0"/></net>

<net id="1649"><net_src comp="1645" pin="1"/><net_sink comp="1071" pin=0"/></net>

<net id="1653"><net_src comp="326" pin="3"/><net_sink comp="1650" pin=0"/></net>

<net id="1654"><net_src comp="1650" pin="1"/><net_sink comp="144" pin=2"/></net>

<net id="1658"><net_src comp="333" pin="3"/><net_sink comp="1655" pin=0"/></net>

<net id="1659"><net_src comp="1655" pin="1"/><net_sink comp="154" pin=2"/></net>

<net id="1663"><net_src comp="340" pin="3"/><net_sink comp="1660" pin=0"/></net>

<net id="1664"><net_src comp="1660" pin="1"/><net_sink comp="144" pin=0"/></net>

<net id="1668"><net_src comp="347" pin="3"/><net_sink comp="1665" pin=0"/></net>

<net id="1669"><net_src comp="1665" pin="1"/><net_sink comp="154" pin=0"/></net>

<net id="1673"><net_src comp="354" pin="3"/><net_sink comp="1670" pin=0"/></net>

<net id="1674"><net_src comp="1670" pin="1"/><net_sink comp="144" pin=0"/></net>

<net id="1678"><net_src comp="361" pin="3"/><net_sink comp="1675" pin=0"/></net>

<net id="1679"><net_src comp="1675" pin="1"/><net_sink comp="154" pin=0"/></net>

<net id="1683"><net_src comp="368" pin="3"/><net_sink comp="1680" pin=0"/></net>

<net id="1684"><net_src comp="1680" pin="1"/><net_sink comp="144" pin=2"/></net>

<net id="1688"><net_src comp="375" pin="3"/><net_sink comp="1685" pin=0"/></net>

<net id="1689"><net_src comp="1685" pin="1"/><net_sink comp="154" pin=2"/></net>

<net id="1693"><net_src comp="554" pin="3"/><net_sink comp="1690" pin=0"/></net>

<net id="1694"><net_src comp="1690" pin="1"/><net_sink comp="1162" pin=0"/></net>

<net id="1698"><net_src comp="940" pin="2"/><net_sink comp="1695" pin=0"/></net>

<net id="1699"><net_src comp="1695" pin="1"/><net_sink comp="1173" pin=0"/></net>

<net id="1703"><net_src comp="946" pin="2"/><net_sink comp="1700" pin=0"/></net>

<net id="1704"><net_src comp="1700" pin="1"/><net_sink comp="1205" pin=0"/></net>

<net id="1708"><net_src comp="390" pin="3"/><net_sink comp="1705" pin=0"/></net>

<net id="1709"><net_src comp="1705" pin="1"/><net_sink comp="144" pin=2"/></net>

<net id="1713"><net_src comp="397" pin="3"/><net_sink comp="1710" pin=0"/></net>

<net id="1714"><net_src comp="1710" pin="1"/><net_sink comp="154" pin=2"/></net>

<net id="1718"><net_src comp="404" pin="3"/><net_sink comp="1715" pin=0"/></net>

<net id="1719"><net_src comp="1715" pin="1"/><net_sink comp="144" pin=0"/></net>

<net id="1723"><net_src comp="411" pin="3"/><net_sink comp="1720" pin=0"/></net>

<net id="1724"><net_src comp="1720" pin="1"/><net_sink comp="154" pin=0"/></net>

<net id="1728"><net_src comp="418" pin="3"/><net_sink comp="1725" pin=0"/></net>

<net id="1729"><net_src comp="1725" pin="1"/><net_sink comp="144" pin=2"/></net>

<net id="1733"><net_src comp="425" pin="3"/><net_sink comp="1730" pin=0"/></net>

<net id="1734"><net_src comp="1730" pin="1"/><net_sink comp="154" pin=2"/></net>

<net id="1738"><net_src comp="432" pin="3"/><net_sink comp="1735" pin=0"/></net>

<net id="1739"><net_src comp="1735" pin="1"/><net_sink comp="144" pin=0"/></net>

<net id="1743"><net_src comp="439" pin="3"/><net_sink comp="1740" pin=0"/></net>

<net id="1744"><net_src comp="1740" pin="1"/><net_sink comp="154" pin=0"/></net>

<net id="1748"><net_src comp="1059" pin="2"/><net_sink comp="1745" pin=0"/></net>

<net id="1749"><net_src comp="1745" pin="1"/><net_sink comp="1118" pin=1"/></net>

<net id="1753"><net_src comp="1065" pin="2"/><net_sink comp="1750" pin=0"/></net>

<net id="1754"><net_src comp="1750" pin="1"/><net_sink comp="1251" pin=0"/></net>

<net id="1758"><net_src comp="1074" pin="2"/><net_sink comp="1755" pin=0"/></net>

<net id="1759"><net_src comp="1755" pin="1"/><net_sink comp="1129" pin=0"/></net>

<net id="1763"><net_src comp="454" pin="3"/><net_sink comp="1760" pin=0"/></net>

<net id="1764"><net_src comp="1760" pin="1"/><net_sink comp="144" pin=0"/></net>

<net id="1768"><net_src comp="461" pin="3"/><net_sink comp="1765" pin=0"/></net>

<net id="1769"><net_src comp="1765" pin="1"/><net_sink comp="154" pin=0"/></net>

<net id="1773"><net_src comp="468" pin="3"/><net_sink comp="1770" pin=0"/></net>

<net id="1774"><net_src comp="1770" pin="1"/><net_sink comp="144" pin=2"/></net>

<net id="1778"><net_src comp="475" pin="3"/><net_sink comp="1775" pin=0"/></net>

<net id="1779"><net_src comp="1775" pin="1"/><net_sink comp="154" pin=2"/></net>

<net id="1783"><net_src comp="1112" pin="2"/><net_sink comp="1780" pin=0"/></net>

<net id="1784"><net_src comp="1780" pin="1"/><net_sink comp="1186" pin=0"/></net>

<net id="1788"><net_src comp="1132" pin="2"/><net_sink comp="1785" pin=0"/></net>

<net id="1789"><net_src comp="1785" pin="1"/><net_sink comp="1370" pin=0"/></net>

<net id="1793"><net_src comp="486" pin="3"/><net_sink comp="1790" pin=0"/></net>

<net id="1794"><net_src comp="1790" pin="1"/><net_sink comp="144" pin=2"/></net>

<net id="1798"><net_src comp="493" pin="3"/><net_sink comp="1795" pin=0"/></net>

<net id="1799"><net_src comp="1795" pin="1"/><net_sink comp="154" pin=2"/></net>

<net id="1803"><net_src comp="500" pin="3"/><net_sink comp="1800" pin=0"/></net>

<net id="1804"><net_src comp="1800" pin="1"/><net_sink comp="144" pin=0"/></net>

<net id="1808"><net_src comp="507" pin="3"/><net_sink comp="1805" pin=0"/></net>

<net id="1809"><net_src comp="1805" pin="1"/><net_sink comp="154" pin=0"/></net>

<net id="1813"><net_src comp="1199" pin="2"/><net_sink comp="1810" pin=0"/></net>

<net id="1814"><net_src comp="1810" pin="1"/><net_sink comp="1277" pin=1"/></net>

<net id="1818"><net_src comp="1218" pin="2"/><net_sink comp="1815" pin=0"/></net>

<net id="1819"><net_src comp="1815" pin="1"/><net_sink comp="1342" pin=1"/></net>

<net id="1820"><net_src comp="1815" pin="1"/><net_sink comp="1349" pin=1"/></net>

<net id="1824"><net_src comp="518" pin="3"/><net_sink comp="1821" pin=0"/></net>

<net id="1825"><net_src comp="1821" pin="1"/><net_sink comp="144" pin=0"/></net>

<net id="1829"><net_src comp="525" pin="3"/><net_sink comp="1826" pin=0"/></net>

<net id="1830"><net_src comp="1826" pin="1"/><net_sink comp="154" pin=0"/></net>

<net id="1834"><net_src comp="575" pin="3"/><net_sink comp="1831" pin=0"/></net>

<net id="1835"><net_src comp="1831" pin="1"/><net_sink comp="1270" pin=0"/></net>

<net id="1839"><net_src comp="1264" pin="2"/><net_sink comp="1836" pin=0"/></net>

<net id="1840"><net_src comp="1836" pin="1"/><net_sink comp="1288" pin=1"/></net>

<net id="1841"><net_src comp="1836" pin="1"/><net_sink comp="1295" pin=1"/></net>

<net id="1845"><net_src comp="1332" pin="2"/><net_sink comp="1842" pin=0"/></net>

<net id="1846"><net_src comp="1842" pin="1"/><net_sink comp="1379" pin=0"/></net>

</net_list>

</model> 
---------------- Datapath Model END ------------------

* FSMD analyzer results:
  - Output states:
	Port: output_r | {11 }
	Port: p_ZN12_GLOBAL_N_110lineBufferE_0 | {}
	Port: p_ZN12_GLOBAL_N_110lineBufferE_1 | {}
 - Input state : 
	Port: gaussian_blur_Pipeline_VITIS_LOOP_64_2 : select_ln22 | {1 }
	Port: gaussian_blur_Pipeline_VITIS_LOOP_64_2 : result_15 | {1 }
	Port: gaussian_blur_Pipeline_VITIS_LOOP_64_2 : select_ln22_1 | {1 }
	Port: gaussian_blur_Pipeline_VITIS_LOOP_64_2 : select_ln22_2 | {1 }
	Port: gaussian_blur_Pipeline_VITIS_LOOP_64_2 : select_ln22_3 | {1 }
	Port: gaussian_blur_Pipeline_VITIS_LOOP_64_2 : output_r | {}
	Port: gaussian_blur_Pipeline_VITIS_LOOP_64_2 : p_ZN12_GLOBAL_N_110lineBufferE_0 | {2 3 4 5 6 7 8 9 10 }
	Port: gaussian_blur_Pipeline_VITIS_LOOP_64_2 : p_ZN12_GLOBAL_N_110lineBufferE_1 | {2 3 4 5 6 7 8 9 10 }
  - Chain level:
	State 1
		store_ln64 : 1
		column : 1
		icmp_ln64 : 2
		br_ln64 : 3
		trunc_ln64 : 2
	State 2
		tmp_s : 1
		zext_ln93 : 2
		p_ZN12_GLOBAL_N_110lineBufferE_0_addr : 3
		p_ZN12_GLOBAL_N_110lineBufferE_1_addr : 3
		lshr_ln3 : 1
		tmp_34 : 2
		zext_ln93_5 : 3
		p_ZN12_GLOBAL_N_110lineBufferE_0_addr_1 : 4
		p_ZN12_GLOBAL_N_110lineBufferE_1_addr_1 : 4
		p_ZN12_GLOBAL_N_110lineBufferE_0_load : 5
		p_ZN12_GLOBAL_N_110lineBufferE_1_load : 5
		lshr_ln93_1 : 1
		tmp_39 : 2
		zext_ln93_17 : 3
		p_ZN12_GLOBAL_N_110lineBufferE_0_addr_2 : 4
		p_ZN12_GLOBAL_N_110lineBufferE_1_addr_2 : 4
		p_ZN12_GLOBAL_N_110lineBufferE_0_load_1 : 5
		p_ZN12_GLOBAL_N_110lineBufferE_1_load_1 : 5
		p_ZN12_GLOBAL_N_110lineBufferE_0_load_2 : 4
		p_ZN12_GLOBAL_N_110lineBufferE_1_load_2 : 4
		lshr_ln93_2 : 1
		tmp_44 : 2
		zext_ln93_22 : 3
		p_ZN12_GLOBAL_N_110lineBufferE_0_addr_4 : 4
		p_ZN12_GLOBAL_N_110lineBufferE_1_addr_4 : 4
		p_ZN12_GLOBAL_N_110lineBufferE_0_load_3 : 5
		p_ZN12_GLOBAL_N_110lineBufferE_1_load_3 : 5
		store_ln64 : 1
	State 3
		zext_ln93_6 : 1
		p_ZN12_GLOBAL_N_110lineBufferE_0_addr_6 : 2
		p_ZN12_GLOBAL_N_110lineBufferE_1_addr_6 : 2
		sum : 1
		zext_ln93_18 : 1
		p_ZN12_GLOBAL_N_110lineBufferE_0_addr_7 : 2
		p_ZN12_GLOBAL_N_110lineBufferE_1_addr_7 : 2
		select_ln93 : 1
		select_ln93_1 : 1
		zext_ln93_23 : 1
		p_ZN12_GLOBAL_N_110lineBufferE_0_addr_9 : 2
		p_ZN12_GLOBAL_N_110lineBufferE_1_addr_9 : 2
		select_ln93_2 : 1
		tmp_49 : 1
		zext_ln93_27 : 2
		p_ZN12_GLOBAL_N_110lineBufferE_0_addr_5 : 3
		p_ZN12_GLOBAL_N_110lineBufferE_1_addr_5 : 3
		p_ZN12_GLOBAL_N_110lineBufferE_0_load_4 : 4
		p_ZN12_GLOBAL_N_110lineBufferE_1_load_4 : 4
		p_ZN12_GLOBAL_N_110lineBufferE_0_load_5 : 3
		p_ZN12_GLOBAL_N_110lineBufferE_1_load_5 : 3
		p_ZN12_GLOBAL_N_110lineBufferE_0_load_6 : 3
		p_ZN12_GLOBAL_N_110lineBufferE_1_load_6 : 3
		p_ZN12_GLOBAL_N_110lineBufferE_0_load_8 : 3
		p_ZN12_GLOBAL_N_110lineBufferE_1_load_8 : 3
		select_ln93_1_cast : 2
		select_ln93_3_cast : 2
		empty : 3
	State 4
		zext_ln93_1 : 1
		p_ZN12_GLOBAL_N_110lineBufferE_0_addr_3 : 2
		p_ZN12_GLOBAL_N_110lineBufferE_1_addr_3 : 2
		zext_ln93_19 : 1
		p_ZN12_GLOBAL_N_110lineBufferE_0_addr_12 : 2
		p_ZN12_GLOBAL_N_110lineBufferE_1_addr_12 : 2
		zext_ln93_24 : 1
		p_ZN12_GLOBAL_N_110lineBufferE_0_addr_14 : 2
		p_ZN12_GLOBAL_N_110lineBufferE_1_addr_14 : 2
		zext_ln93_28 : 1
		p_ZN12_GLOBAL_N_110lineBufferE_0_addr_10 : 2
		p_ZN12_GLOBAL_N_110lineBufferE_1_addr_10 : 2
		select_ln93_3 : 1
		zext_ln20 : 2
		select_ln93_4 : 1
		select_ln93_5 : 1
		p_ZN12_GLOBAL_N_110lineBufferE_0_load_7 : 3
		p_ZN12_GLOBAL_N_110lineBufferE_1_load_7 : 3
		select_ln93_7 : 1
		p_ZN12_GLOBAL_N_110lineBufferE_0_load_9 : 3
		p_ZN12_GLOBAL_N_110lineBufferE_1_load_9 : 3
		p_ZN12_GLOBAL_N_110lineBufferE_0_load_11 : 3
		p_ZN12_GLOBAL_N_110lineBufferE_1_load_11 : 3
		p_ZN12_GLOBAL_N_110lineBufferE_0_load_13 : 3
		p_ZN12_GLOBAL_N_110lineBufferE_1_load_13 : 3
		select_ln93_6_cast : 2
		select_ln93_8_cast : 2
		empty_44 : 3
		add_ln91 : 3
	State 5
		zext_ln93_2 : 1
		p_ZN12_GLOBAL_N_110lineBufferE_0_addr_8 : 2
		p_ZN12_GLOBAL_N_110lineBufferE_1_addr_8 : 2
		zext_ln93_7 : 1
		p_ZN12_GLOBAL_N_110lineBufferE_0_addr_11 : 2
		p_ZN12_GLOBAL_N_110lineBufferE_1_addr_11 : 2
		zext_ln93_20 : 1
		p_ZN12_GLOBAL_N_110lineBufferE_0_addr_17 : 2
		p_ZN12_GLOBAL_N_110lineBufferE_1_addr_17 : 2
		zext_ln93_25 : 1
		p_ZN12_GLOBAL_N_110lineBufferE_0_addr_19 : 2
		p_ZN12_GLOBAL_N_110lineBufferE_1_addr_19 : 2
		select_ln93_6 : 1
		zext_ln93_9 : 2
		select_ln93_8 : 1
		p_ZN12_GLOBAL_N_110lineBufferE_0_load_10 : 3
		p_ZN12_GLOBAL_N_110lineBufferE_1_load_10 : 3
		select_ln93_10 : 1
		zext_ln93_11 : 2
		p_ZN12_GLOBAL_N_110lineBufferE_0_load_12 : 3
		p_ZN12_GLOBAL_N_110lineBufferE_1_load_12 : 3
		select_ln93_12 : 1
		p_ZN12_GLOBAL_N_110lineBufferE_0_load_16 : 3
		p_ZN12_GLOBAL_N_110lineBufferE_1_load_16 : 3
		p_ZN12_GLOBAL_N_110lineBufferE_0_load_18 : 3
		p_ZN12_GLOBAL_N_110lineBufferE_1_load_18 : 3
		select_ln93_8_cast22 : 2
		tmp : 3
		tmp_cast : 4
		empty_43 : 5
		tmp8 : 3
	State 6
		zext_ln93_8 : 1
		p_ZN12_GLOBAL_N_110lineBufferE_0_addr_16 : 2
		p_ZN12_GLOBAL_N_110lineBufferE_1_addr_16 : 2
		zext_ln93_21 : 1
		p_ZN12_GLOBAL_N_110lineBufferE_0_addr_22 : 2
		p_ZN12_GLOBAL_N_110lineBufferE_1_addr_22 : 2
		zext_ln93_26 : 1
		p_ZN12_GLOBAL_N_110lineBufferE_0_addr_23 : 2
		p_ZN12_GLOBAL_N_110lineBufferE_1_addr_23 : 2
		zext_ln93_29 : 1
		p_ZN12_GLOBAL_N_110lineBufferE_0_addr_15 : 2
		p_ZN12_GLOBAL_N_110lineBufferE_1_addr_15 : 2
		select_ln93_9 : 1
		zext_ln93_10 : 2
		select_ln93_11 : 1
		p_ZN12_GLOBAL_N_110lineBufferE_0_load_14 : 3
		p_ZN12_GLOBAL_N_110lineBufferE_1_load_14 : 3
		p_ZN12_GLOBAL_N_110lineBufferE_0_load_15 : 3
		p_ZN12_GLOBAL_N_110lineBufferE_1_load_15 : 3
		select_ln93_15 : 1
		select_ln93_17 : 1
		p_ZN12_GLOBAL_N_110lineBufferE_0_load_21 : 3
		p_ZN12_GLOBAL_N_110lineBufferE_1_load_21 : 3
		p_ZN12_GLOBAL_N_110lineBufferE_0_load_23 : 3
		p_ZN12_GLOBAL_N_110lineBufferE_1_load_23 : 3
		tmp_19 : 2
		zext_ln91_7 : 3
		tmp_20 : 2
		zext_ln91_8 : 3
		add_ln91_7 : 4
		select_ln93_15_cast25 : 2
		select_ln93_17_cast : 2
		tmp5 : 3
		tmp5_cast : 4
		tmp141 : 5
		tmp16 : 3
		add_ln91_1 : 5
	State 7
		zext_ln93_3 : 1
		p_ZN12_GLOBAL_N_110lineBufferE_0_addr_13 : 2
		p_ZN12_GLOBAL_N_110lineBufferE_1_addr_13 : 2
		zext_ln93_30 : 1
		p_ZN12_GLOBAL_N_110lineBufferE_0_addr_20 : 2
		p_ZN12_GLOBAL_N_110lineBufferE_1_addr_20 : 2
		select_ln93_13 : 1
		select_ln93_14 : 1
		p_ZN12_GLOBAL_N_110lineBufferE_0_load_17 : 3
		p_ZN12_GLOBAL_N_110lineBufferE_1_load_17 : 3
		p_ZN12_GLOBAL_N_110lineBufferE_0_load_19 : 3
		p_ZN12_GLOBAL_N_110lineBufferE_1_load_19 : 3
		select_ln93_20 : 1
		select_ln93_22 : 1
		select_ln93_20_cast : 2
		select_ln93_22_cast : 2
		tmp3 : 3
		tmp15_cast27 : 1
		add_ln91_2 : 2
	State 8
		zext_ln93_4 : 1
		p_ZN12_GLOBAL_N_110lineBufferE_0_addr_18 : 2
		p_ZN12_GLOBAL_N_110lineBufferE_1_addr_18 : 2
		zext_ln93_12 : 1
		p_ZN12_GLOBAL_N_110lineBufferE_0_addr_21 : 2
		p_ZN12_GLOBAL_N_110lineBufferE_1_addr_21 : 2
		select_ln93_16 : 1
		zext_ln93_14 : 2
		select_ln93_18 : 1
		p_ZN12_GLOBAL_N_110lineBufferE_0_load_20 : 3
		p_ZN12_GLOBAL_N_110lineBufferE_1_load_20 : 3
		p_ZN12_GLOBAL_N_110lineBufferE_0_load_22 : 3
		p_ZN12_GLOBAL_N_110lineBufferE_1_load_22 : 3
		select_ln93_18_cast23 : 2
		tmp1 : 1
		tmp2 : 3
		tmp2_cast : 4
		tmp63 : 5
		tmp4 : 3
		tmp4_cast : 4
		tmp10 : 5
	State 9
		zext_ln93_31 : 1
		p_ZN12_GLOBAL_N_110lineBufferE_0_addr_24 : 2
		p_ZN12_GLOBAL_N_110lineBufferE_1_addr_24 : 2
		select_ln93_19 : 1
		select_ln93_21 : 1
		zext_ln93_16 : 2
		p_ZN12_GLOBAL_N_110lineBufferE_0_load_24 : 3
		p_ZN12_GLOBAL_N_110lineBufferE_1_load_24 : 3
		tmp6 : 3
		tmp6_cast : 4
		tmp18 : 5
	State 10
		select_ln93_23 : 1
		zext_ln91 : 2
		tmp7_cast28 : 1
		p_shl57 : 1
		tmp19 : 2
		zext_ln91_1 : 3
		add_ln91_4 : 4
		add_ln91_5 : 3
		zext_ln91_5 : 4
		add_ln91_6 : 5
	State 11
		p_shl59 : 1
		tmp11 : 2
		tmp11_cast : 3
		add_ln91_3 : 4
		sum_1 : 5
		trunc_ln : 6
		output_addr : 1
		store_ln99 : 7


============================================================
+ Verbose Summary: Datapath Resource usage 
============================================================

* Functional unit list:
|----------|-------------------------------|---------|---------|
| Operation|        Functional Unit        |    FF   |   LUT   |
|----------|-------------------------------|---------|---------|
|          |        add_ln89_fu_630        |    0    |    16   |
|          |       add_ln89_1_fu_658       |    0    |    16   |
|          |       add_ln89_2_fu_686       |    0    |    16   |
|          |        add_ln93_fu_755        |    0    |    15   |
|          |          empty_fu_781         |    0    |    15   |
|          |        empty_44_fu_851        |    0    |    15   |
|          |        add_ln91_fu_857        |    0    |    15   |
|          |           tmp_fu_930          |    0    |    15   |
|          |        empty_43_fu_940        |    0    |    16   |
|          |          tmp8_fu_946          |    0    |    15   |
|          |       add_ln91_7_fu_1032      |    0    |    17   |
|          |          tmp5_fu_1049         |    0    |    15   |
|          |         tmp141_fu_1059        |    0    |    16   |
|          |         tmp16_fu_1065         |    0    |    15   |
|    add   |       add_ln91_1_fu_1074      |    0    |    16   |
|          |          tmp3_fu_1112         |    0    |    15   |
|          |       add_ln91_2_fu_1132      |    0    |    21   |
|          |          tmp1_fu_1180         |    0    |    18   |
|          |          tmp2_fu_1189         |    0    |    16   |
|          |         tmp63_fu_1199         |    0    |    17   |
|          |          tmp4_fu_1208         |    0    |    15   |
|          |         tmp10_fu_1218         |    0    |    16   |
|          |          tmp6_fu_1254         |    0    |    15   |
|          |         tmp18_fu_1264         |    0    |    16   |
|          |       add_ln91_4_fu_1316      |    0    |    17   |
|          |       add_ln91_5_fu_1322      |    0    |    15   |
|          |       add_ln91_6_fu_1332      |    0    |    16   |
|          |       add_ln91_3_fu_1373      |    0    |    16   |
|          |         sum_1_fu_1382         |    0    |    16   |
|----------|-------------------------------|---------|---------|
|          |           grp_fu_547          |    0    |    8    |
|          |           grp_fu_554          |    0    |    8    |
|  select  |           grp_fu_561          |    0    |    8    |
|          |           grp_fu_568          |    0    |    8    |
|          |           grp_fu_575          |    0    |    8    |
|          |     select_ln93_21_fu_1240    |    0    |    8    |
|----------|-------------------------------|---------|---------|
|    sub   |         tmp19_fu_1306         |    0    |    20   |
|          |         tmp11_fu_1360         |    0    |    22   |
|----------|-------------------------------|---------|---------|
|   icmp   |        icmp_ln64_fu_598       |    0    |    16   |
|----------|-------------------------------|---------|---------|
|          | select_ln22_3_read_read_fu_86 |    0    |    0    |
|          | select_ln22_2_read_read_fu_92 |    0    |    0    |
|   read   | select_ln22_1_read_read_fu_98 |    0    |    0    |
|          |   result_15_read_read_fu_104  |    0    |    0    |
|          |  select_ln22_read_read_fu_110 |    0    |    0    |
|----------|-------------------------------|---------|---------|
|   trunc  |       trunc_ln64_fu_604       |    0    |    0    |
|----------|-------------------------------|---------|---------|
|          |         lshr_ln_fu_608        |    0    |    0    |
|          |        lshr_ln3_fu_635        |    0    |    0    |
|partselect|       lshr_ln93_1_fu_663      |    0    |    0    |
|          |       lshr_ln93_2_fu_691      |    0    |    0    |
|          |        trunc_ln_fu_1388       |    0    |    0    |
|----------|-------------------------------|---------|---------|
|          |          tmp_s_fu_617         |    0    |    0    |
|          |         tmp_34_fu_645         |    0    |    0    |
|          |         tmp_39_fu_673         |    0    |    0    |
|          |         tmp_44_fu_701         |    0    |    0    |
|          |         tmp_35_fu_719         |    0    |    0    |
|          |         tmp_40_fu_731         |    0    |    0    |
|          |         tmp_45_fu_743         |    0    |    0    |
|          |         tmp_49_fu_760         |    0    |    0    |
|          |         tmp_30_fu_787         |    0    |    0    |
|          |         tmp_41_fu_803         |    0    |    0    |
|          |         tmp_46_fu_815         |    0    |    0    |
|          |         tmp_50_fu_827         |    0    |    0    |
|          |         tmp_31_fu_863         |    0    |    0    |
|          |         tmp_36_fu_875         |    0    |    0    |
|          |         tmp_42_fu_887         |    0    |    0    |
|          |         tmp_47_fu_899         |    0    |    0    |
|bitconcatenate|         tmp_37_fu_952         |    0    |    0    |
|          |         tmp_43_fu_964         |    0    |    0    |
|          |         tmp_48_fu_980         |    0    |    0    |
|          |         tmp_51_fu_992         |    0    |    0    |
|          |         tmp_19_fu_1008        |    0    |    0    |
|          |         tmp_20_fu_1020        |    0    |    0    |
|          |         tmp_32_fu_1080        |    0    |    0    |
|          |         tmp_52_fu_1092        |    0    |    0    |
|          |         tmp15_fu_1118         |    0    |    0    |
|          |         tmp_33_fu_1138        |    0    |    0    |
|          |         tmp_38_fu_1150        |    0    |    0    |
|          |         tmp_53_fu_1224        |    0    |    0    |
|          |          tmp7_fu_1277         |    0    |    0    |
|          |         p_shl_fu_1288         |    0    |    0    |
|          |         tmp_22_fu_1295        |    0    |    0    |
|          |         p_shl1_fu_1342        |    0    |    0    |
|          |         tmp_21_fu_1349        |    0    |    0    |
|----------|-------------------------------|---------|---------|
|          |        zext_ln93_fu_624       |    0    |    0    |
|          |       zext_ln93_5_fu_652      |    0    |    0    |
|          |      zext_ln93_17_fu_680      |    0    |    0    |
|          |      zext_ln93_22_fu_708      |    0    |    0    |
|          |       zext_ln93_6_fu_725      |    0    |    0    |
|          |      zext_ln93_18_fu_737      |    0    |    0    |
|          |      zext_ln93_23_fu_749      |    0    |    0    |
|          |      zext_ln93_27_fu_767      |    0    |    0    |
|          |   select_ln93_1_cast_fu_773   |    0    |    0    |
|          |   select_ln93_3_cast_fu_777   |    0    |    0    |
|          |       zext_ln93_1_fu_793      |    0    |    0    |
|          |        zext_ln65_fu_799       |    0    |    0    |
|          |      zext_ln93_19_fu_809      |    0    |    0    |
|          |      zext_ln93_24_fu_821      |    0    |    0    |
|          |      zext_ln93_28_fu_833      |    0    |    0    |
|          |        zext_ln20_fu_839       |    0    |    0    |
|          |   select_ln93_6_cast_fu_843   |    0    |    0    |
|          |   select_ln93_8_cast_fu_847   |    0    |    0    |
|          |       zext_ln93_2_fu_869      |    0    |    0    |
|          |       zext_ln93_7_fu_881      |    0    |    0    |
|          |      zext_ln93_20_fu_893      |    0    |    0    |
|          |      zext_ln93_25_fu_905      |    0    |    0    |
|          |       zext_ln93_9_fu_911      |    0    |    0    |
|          |      zext_ln93_11_fu_915      |    0    |    0    |
|          |   select_ln93_4_cast_fu_919   |    0    |    0    |
|          |         p_cast_fu_923         |    0    |    0    |
|          |  select_ln93_8_cast22_fu_926  |    0    |    0    |
|          |        tmp_cast_fu_936        |    0    |    0    |
|          |       zext_ln93_8_fu_958      |    0    |    0    |
|          |      zext_ln93_21_fu_970      |    0    |    0    |
|          |        zext_ln89_fu_976       |    0    |    0    |
|          |      zext_ln93_26_fu_986      |    0    |    0    |
|          |      zext_ln93_29_fu_998      |    0    |    0    |
|          |      zext_ln93_10_fu_1004     |    0    |    0    |
|          |      zext_ln91_7_fu_1016      |    0    |    0    |
|          |      zext_ln91_8_fu_1028      |    0    |    0    |
|   zext   | select_ln93_15_cast25_fu_1038 |    0    |    0    |
|          |        p_cast10_fu_1042       |    0    |    0    |
|          |  select_ln93_17_cast_fu_1045  |    0    |    0    |
|          |       tmp5_cast_fu_1055       |    0    |    0    |
|          |      zext_ln91_2_fu_1071      |    0    |    0    |
|          |      zext_ln93_3_fu_1086      |    0    |    0    |
|          |      zext_ln93_30_fu_1098     |    0    |    0    |
|          |  select_ln93_20_cast_fu_1104  |    0    |    0    |
|          |  select_ln93_22_cast_fu_1108  |    0    |    0    |
|          |      tmp15_cast27_fu_1125     |    0    |    0    |
|          |      zext_ln91_3_fu_1129      |    0    |    0    |
|          |      zext_ln93_4_fu_1144      |    0    |    0    |
|          |      zext_ln93_12_fu_1156     |    0    |    0    |
|          |      zext_ln93_13_fu_1162     |    0    |    0    |
|          |      zext_ln93_14_fu_1165     |    0    |    0    |
|          |  select_ln93_15_cast_fu_1169  |    0    |    0    |
|          |        p_cast9_fu_1173        |    0    |    0    |
|          | select_ln93_18_cast23_fu_1176 |    0    |    0    |
|          |       tmp3_cast_fu_1186       |    0    |    0    |
|          |       tmp2_cast_fu_1195       |    0    |    0    |
|          |       tmp8_cast_fu_1205       |    0    |    0    |
|          |       tmp4_cast_fu_1214       |    0    |    0    |
|          |      zext_ln93_31_fu_1230     |    0    |    0    |
|          |      zext_ln20_1_fu_1236      |    0    |    0    |
|          |      zext_ln93_16_fu_1247     |    0    |    0    |
|          |       tmp16_cast_fu_1251      |    0    |    0    |
|          |       tmp6_cast_fu_1260       |    0    |    0    |
|          |      zext_ln93_15_fu_1270     |    0    |    0    |
|          |       zext_ln91_fu_1273       |    0    |    0    |
|          |      tmp7_cast28_fu_1284      |    0    |    0    |
|          |        p_shl57_fu_1302        |    0    |    0    |
|          |      zext_ln91_1_fu_1312      |    0    |    0    |
|          |      zext_ln91_5_fu_1328      |    0    |    0    |
|          |       zext_ln64_fu_1338       |    0    |    0    |
|          |        p_shl59_fu_1356        |    0    |    0    |
|          |       tmp11_cast_fu_1366      |    0    |    0    |
|          |      zext_ln91_4_fu_1370      |    0    |    0    |
|          |      zext_ln91_6_fu_1379      |    0    |    0    |
|----------|-------------------------------|---------|---------|
|   Total  |                               |    0    |   568   |
|----------|-------------------------------|---------|---------|

Memories:
N/A

* Register list:
+-------------------------------------------------+--------+
|                                                 |   FF   |
+-------------------------------------------------+--------+
|               add_ln91_1_reg_1755               |   14   |
|               add_ln91_2_reg_1785               |   15   |
|               add_ln91_6_reg_1842               |   14   |
|                add_ln91_reg_1645                |    9   |
|                add_ln93_reg_1577                |    8   |
|                column_4_reg_1399                |    9   |
|                 column_reg_1451                 |    9   |
|                empty_43_reg_1695                |   10   |
|                empty_44_reg_1640                |    9   |
|                  empty_reg_1595                 |    9   |
|                icmp_ln64_reg_1460               |    1   |
|                lshr_ln3_reg_1493                |    8   |
|               lshr_ln93_1_reg_1511              |    8   |
|               lshr_ln93_2_reg_1529              |    8   |
|                 lshr_ln_reg_1474                |    8   |
|p_ZN12_GLOBAL_N_110lineBufferE_0_addr_10_reg_1630|   11   |
|p_ZN12_GLOBAL_N_110lineBufferE_0_addr_11_reg_1660|   11   |
|p_ZN12_GLOBAL_N_110lineBufferE_0_addr_12_reg_1610|   11   |
|p_ZN12_GLOBAL_N_110lineBufferE_0_addr_13_reg_1760|   11   |
|p_ZN12_GLOBAL_N_110lineBufferE_0_addr_14_reg_1620|   11   |
|p_ZN12_GLOBAL_N_110lineBufferE_0_addr_15_reg_1735|   11   |
|p_ZN12_GLOBAL_N_110lineBufferE_0_addr_16_reg_1705|   11   |
|p_ZN12_GLOBAL_N_110lineBufferE_0_addr_17_reg_1670|   11   |
|p_ZN12_GLOBAL_N_110lineBufferE_0_addr_18_reg_1790|   11   |
|p_ZN12_GLOBAL_N_110lineBufferE_0_addr_19_reg_1680|   11   |
| p_ZN12_GLOBAL_N_110lineBufferE_0_addr_1_reg_1501|   11   |
|p_ZN12_GLOBAL_N_110lineBufferE_0_addr_20_reg_1770|   11   |
|p_ZN12_GLOBAL_N_110lineBufferE_0_addr_21_reg_1800|   11   |
|p_ZN12_GLOBAL_N_110lineBufferE_0_addr_22_reg_1715|   11   |
|p_ZN12_GLOBAL_N_110lineBufferE_0_addr_23_reg_1725|   11   |
|p_ZN12_GLOBAL_N_110lineBufferE_0_addr_24_reg_1821|   11   |
| p_ZN12_GLOBAL_N_110lineBufferE_0_addr_2_reg_1519|   11   |
| p_ZN12_GLOBAL_N_110lineBufferE_0_addr_3_reg_1600|   11   |
| p_ZN12_GLOBAL_N_110lineBufferE_0_addr_4_reg_1537|   11   |
| p_ZN12_GLOBAL_N_110lineBufferE_0_addr_5_reg_1585|   11   |
| p_ZN12_GLOBAL_N_110lineBufferE_0_addr_6_reg_1547|   11   |
| p_ZN12_GLOBAL_N_110lineBufferE_0_addr_7_reg_1557|   11   |
| p_ZN12_GLOBAL_N_110lineBufferE_0_addr_8_reg_1650|   11   |
| p_ZN12_GLOBAL_N_110lineBufferE_0_addr_9_reg_1567|   11   |
|  p_ZN12_GLOBAL_N_110lineBufferE_0_addr_reg_1483 |   11   |
|p_ZN12_GLOBAL_N_110lineBufferE_1_addr_10_reg_1635|   11   |
|p_ZN12_GLOBAL_N_110lineBufferE_1_addr_11_reg_1665|   11   |
|p_ZN12_GLOBAL_N_110lineBufferE_1_addr_12_reg_1615|   11   |
|p_ZN12_GLOBAL_N_110lineBufferE_1_addr_13_reg_1765|   11   |
|p_ZN12_GLOBAL_N_110lineBufferE_1_addr_14_reg_1625|   11   |
|p_ZN12_GLOBAL_N_110lineBufferE_1_addr_15_reg_1740|   11   |
|p_ZN12_GLOBAL_N_110lineBufferE_1_addr_16_reg_1710|   11   |
|p_ZN12_GLOBAL_N_110lineBufferE_1_addr_17_reg_1675|   11   |
|p_ZN12_GLOBAL_N_110lineBufferE_1_addr_18_reg_1795|   11   |
|p_ZN12_GLOBAL_N_110lineBufferE_1_addr_19_reg_1685|   11   |
| p_ZN12_GLOBAL_N_110lineBufferE_1_addr_1_reg_1506|   11   |
|p_ZN12_GLOBAL_N_110lineBufferE_1_addr_20_reg_1775|   11   |
|p_ZN12_GLOBAL_N_110lineBufferE_1_addr_21_reg_1805|   11   |
|p_ZN12_GLOBAL_N_110lineBufferE_1_addr_22_reg_1720|   11   |
|p_ZN12_GLOBAL_N_110lineBufferE_1_addr_23_reg_1730|   11   |
|p_ZN12_GLOBAL_N_110lineBufferE_1_addr_24_reg_1826|   11   |
| p_ZN12_GLOBAL_N_110lineBufferE_1_addr_2_reg_1524|   11   |
| p_ZN12_GLOBAL_N_110lineBufferE_1_addr_3_reg_1605|   11   |
| p_ZN12_GLOBAL_N_110lineBufferE_1_addr_4_reg_1542|   11   |
| p_ZN12_GLOBAL_N_110lineBufferE_1_addr_5_reg_1590|   11   |
| p_ZN12_GLOBAL_N_110lineBufferE_1_addr_6_reg_1552|   11   |
| p_ZN12_GLOBAL_N_110lineBufferE_1_addr_7_reg_1562|   11   |
| p_ZN12_GLOBAL_N_110lineBufferE_1_addr_8_reg_1655|   11   |
| p_ZN12_GLOBAL_N_110lineBufferE_1_addr_9_reg_1572|   11   |
|  p_ZN12_GLOBAL_N_110lineBufferE_1_addr_reg_1488 |   11   |
|                     reg_582                     |    8   |
|                     reg_586                     |    8   |
|             result_15_read_reg_1433             |    3   |
|           select_ln22_1_read_reg_1424           |    3   |
|           select_ln22_2_read_reg_1415           |    3   |
|           select_ln22_3_read_reg_1406           |    3   |
|            select_ln22_read_reg_1442            |    3   |
|             select_ln93_12_reg_1690             |    8   |
|             select_ln93_19_reg_1831             |    8   |
|                  tmp10_reg_1815                 |   10   |
|                 tmp141_reg_1745                 |   10   |
|                  tmp16_reg_1750                 |    9   |
|                  tmp18_reg_1836                 |   10   |
|                  tmp3_reg_1780                  |    9   |
|                  tmp63_reg_1810                 |   11   |
|                  tmp8_reg_1700                  |    9   |
|               trunc_ln64_reg_1464               |    1   |
+-------------------------------------------------+--------+
|                      Total                      |   805  |
+-------------------------------------------------+--------+

* Multiplexer (MUX) list: 
|-------------------|------|------|------|--------||---------||---------||---------|
|        Comp       |  Pin | Size |  BW  | S x BW ||  Delay  ||    FF   ||   LUT   |
|-------------------|------|------|------|--------||---------||---------||---------|
| grp_access_fu_144 |  p0  |  26  |  11  |   286  ||    0    ||   130   |
| grp_access_fu_144 |  p2  |  24  |   0  |    0   ||    0    ||   121   |
| grp_access_fu_154 |  p0  |  26  |  11  |   286  ||    0    ||   130   |
| grp_access_fu_154 |  p2  |  24  |   0  |    0   ||    0    ||   121   |
|-------------------|------|------|------|--------||---------||---------||---------|
|       Total       |      |      |      |   572  ||  3.5096 ||    0    ||   502   |
|-------------------|------|------|------|--------||---------||---------||---------|



* Summary:
+-----------+--------+--------+--------+
|           |  Delay |   FF   |   LUT  |
+-----------+--------+--------+--------+
|  Function |    -   |    0   |   568  |
|   Memory  |    -   |    -   |    -   |
|Multiplexer|    3   |    0   |   502  |
|  Register |    -   |   805  |    -   |
+-----------+--------+--------+--------+
|   Total   |    3   |   805  |  1070  |
+-----------+--------+--------+--------+
