

================================================================
== Vitis HLS Report for 'gaussian_blur_Pipeline_VITIS_LOOP_70_2'
================================================================
* Date:           Sat Jul 25 12:05:01 2026

* Version:        2025.2 (Build 6295257 on Nov 14 2025)
* Project:        canny_top
* Solution:       hls (Vitis Kernel Flow Target)
* Product family: zynquplus
* Target device:  xck26-sfvc784-2LV-c


================================================================
== Performance Estimates
================================================================
+ Timing: 
    * Summary: 
    +--------+---------+----------+------------+
    |  Clock |  Target | Estimated| Uncertainty|
    +--------+---------+----------+------------+
    |ap_clk  |  5.00 ns|  3.617 ns|     1.35 ns|
    +--------+---------+----------+------------+

+ Latency: 
    * Summary: 
    +---------+---------+-----------+-----------+-----+-----+-------------------+
    |  Latency (cycles) |   Latency (absolute)  |  Interval |      Pipeline     |
    |   min   |   max   |    min    |    max    | min | max |        Type       |
    +---------+---------+-----------+-----------+-----+-----+-------------------+
    |     6694|     6694|  33.470 us|  33.470 us|    0|    0|  loop pipeline stp|
    +---------+---------+-----------+-----------+-----+-----+-------------------+

    + Detail: 
        * Instance: 
        N/A

        * Loop: 
        +-------------------+---------+---------+----------+-----------+-----------+------+----------+
        |                   |  Latency (cycles) | Iteration|  Initiation Interval  | Trip |          |
        |     Loop Name     |   min   |   max   |  Latency |  achieved |   target  | Count| Pipelined|
        +-------------------+---------+---------+----------+-----------+-----------+------+----------+
        |- VITIS_LOOP_70_2  |     6692|     6692|        50|         13|          1|   512|       yes|
        +-------------------+---------+---------+----------+-----------+-----------+------+----------+

============================================================
+ Verbose Summary: Synthesis Manager
============================================================
InlineROM: 1
ExposeGlobal: 0
============================================================
+ Verbose Summary: CDFG Model
============================================================
IsTopModel: 0
ResetActiveHigh: 1
IsCombinational: 0
IsDatapathOnly: 0
HasWiredReturn: 1
HasMFsm: 2
HasVarLatency: 1
IsPipeline: 0
IsRtlPipelined: 0
IsInstanceOverlapped: 0
IsDontTouch: 0
HasImplIP: 0
IsGatedGlobalClock: 0

+ Individual pipeline summary: 
  * Pipeline-0: initiation interval (II) = 13, depth = 50


============================================================
+ Verbose Summary: Schedule
============================================================
* Number of FSM states : 50
* Pipeline : 1
  Pipeline-0 : II = 13, D = 50, States = { 1 2 3 4 5 6 7 8 9 10 11 12 13 14 15 16 17 18 19 20 21 22 23 24 25 26 27 28 29 30 31 32 33 34 35 36 37 38 39 40 41 42 43 44 45 46 47 48 49 50 }
* Dataflow Pipeline: 0

* FSM state transitions: 
1 --> 2 
2 --> 3 
3 --> 4 
4 --> 5 
5 --> 6 
6 --> 7 
7 --> 8 
8 --> 9 
9 --> 10 
10 --> 11 
11 --> 12 
12 --> 13 
13 --> 14 
14 --> 15 
15 --> 16 
16 --> 17 
17 --> 18 
18 --> 19 
19 --> 20 
20 --> 21 
21 --> 22 
22 --> 23 
23 --> 24 
24 --> 25 
25 --> 26 
26 --> 27 
27 --> 28 
28 --> 29 
29 --> 30 
30 --> 31 
31 --> 32 
32 --> 33 
33 --> 34 
34 --> 35 
35 --> 36 
36 --> 37 
37 --> 38 
38 --> 39 
39 --> 40 
40 --> 41 
41 --> 42 
42 --> 43 
43 --> 44 
44 --> 45 
45 --> 46 
46 --> 47 
47 --> 48 
48 --> 49 
49 --> 50 
50 --> 

* FSM state operations: 

State 1 <SV = 0> <Delay = 2.82>
ST_1 : Operation 53 [1/1] (0.00ns)   --->   "%column_7 = alloca i32 1" [../src/gaussian_blur.cpp:70]   --->   Operation 53 'alloca' 'column_7' <Predicate = true> <Delay = 0.00>
ST_1 : Operation 54 [1/1] (0.00ns)   --->   "%sub_ln28_read = read i32 @_ssdm_op_Read.ap_auto.i32, i32 %sub_ln28" [../src/gaussian_blur.cpp:29->../src/gaussian_blur.cpp:78]   --->   Operation 54 'read' 'sub_ln28_read' <Predicate = true> <Delay = 0.00>
ST_1 : Operation 55 [1/1] (0.00ns)   --->   "%tmp_33 = read i1 @_ssdm_op_Read.ap_auto.i1, i1 %empty" [../src/gaussian_blur.cpp:29->../src/gaussian_blur.cpp:78]   --->   Operation 55 'read' 'tmp_33' <Predicate = true> <Delay = 0.00>
ST_1 : Operation 56 [1/1] (0.00ns)   --->   "%p_anonymous_namespace_rowsReceived_load_read = read i32 @_ssdm_op_Read.ap_auto.i32, i32 %p_anonymous_namespace_rowsReceived_load" [../src/gaussian_blur.cpp:29->../src/gaussian_blur.cpp:78]   --->   Operation 56 'read' 'p_anonymous_namespace_rowsReceived_load_read' <Predicate = true> <Delay = 0.00>
ST_1 : Operation 57 [1/1] (0.00ns)   --->   "%sub_ln30_4_read = read i32 @_ssdm_op_Read.ap_auto.i32, i32 %sub_ln30_4" [../src/gaussian_blur.cpp:29->../src/gaussian_blur.cpp:78]   --->   Operation 57 'read' 'sub_ln30_4_read' <Predicate = true> <Delay = 0.00>
ST_1 : Operation 58 [1/1] (0.00ns)   --->   "%sub_ln28_3_read = read i32 @_ssdm_op_Read.ap_auto.i32, i32 %sub_ln28_3" [../src/gaussian_blur.cpp:29->../src/gaussian_blur.cpp:78]   --->   Operation 58 'read' 'sub_ln28_3_read' <Predicate = true> <Delay = 0.00>
ST_1 : Operation 59 [1/1] (0.00ns)   --->   "%tmp_34 = read i1 @_ssdm_op_Read.ap_auto.i1, i1 %empty_44" [../src/gaussian_blur.cpp:29->../src/gaussian_blur.cpp:78]   --->   Operation 59 'read' 'tmp_34' <Predicate = true> <Delay = 0.00>
ST_1 : Operation 60 [1/1] (0.00ns)   --->   "%add_ln78_2_read = read i32 @_ssdm_op_Read.ap_auto.i32, i32 %add_ln78_2" [../src/gaussian_blur.cpp:29->../src/gaussian_blur.cpp:78]   --->   Operation 60 'read' 'add_ln78_2_read' <Predicate = true> <Delay = 0.00>
ST_1 : Operation 61 [1/1] (0.00ns)   --->   "%sub_ln30_3_read = read i32 @_ssdm_op_Read.ap_auto.i32, i32 %sub_ln30_3" [../src/gaussian_blur.cpp:29->../src/gaussian_blur.cpp:78]   --->   Operation 61 'read' 'sub_ln30_3_read' <Predicate = true> <Delay = 0.00>
ST_1 : Operation 62 [1/1] (0.00ns)   --->   "%sub_ln28_2_read = read i32 @_ssdm_op_Read.ap_auto.i32, i32 %sub_ln28_2" [../src/gaussian_blur.cpp:29->../src/gaussian_blur.cpp:78]   --->   Operation 62 'read' 'sub_ln28_2_read' <Predicate = true> <Delay = 0.00>
ST_1 : Operation 63 [1/1] (0.00ns)   --->   "%tmp_35 = read i1 @_ssdm_op_Read.ap_auto.i1, i1 %empty_43" [../src/gaussian_blur.cpp:29->../src/gaussian_blur.cpp:78]   --->   Operation 63 'read' 'tmp_35' <Predicate = true> <Delay = 0.00>
ST_1 : Operation 64 [1/1] (0.00ns)   --->   "%add_ln78_1_read = read i32 @_ssdm_op_Read.ap_auto.i32, i32 %add_ln78_1" [../src/gaussian_blur.cpp:29->../src/gaussian_blur.cpp:78]   --->   Operation 64 'read' 'add_ln78_1_read' <Predicate = true> <Delay = 0.00>
ST_1 : Operation 65 [1/1] (0.00ns)   --->   "%sub_ln30_1_read = read i32 @_ssdm_op_Read.ap_auto.i32, i32 %sub_ln30_1" [../src/gaussian_blur.cpp:29->../src/gaussian_blur.cpp:78]   --->   Operation 65 'read' 'sub_ln30_1_read' <Predicate = true> <Delay = 0.00>
ST_1 : Operation 66 [1/1] (0.00ns)   --->   "%select_ln23_read = read i3 @_ssdm_op_Read.ap_auto.i3, i3 %select_ln23" [../src/gaussian_blur.cpp:29->../src/gaussian_blur.cpp:78]   --->   Operation 66 'read' 'select_ln23_read' <Predicate = true> <Delay = 0.00>
ST_1 : Operation 67 [1/1] (0.00ns)   --->   "%zext_ln95_read = read i12 @_ssdm_op_Read.ap_auto.i12, i12 %zext_ln95" [../src/gaussian_blur.cpp:29->../src/gaussian_blur.cpp:78]   --->   Operation 67 'read' 'zext_ln95_read' <Predicate = true> <Delay = 0.00>
ST_1 : Operation 68 [1/1] (0.00ns)   --->   "%sub_ln28_1_read = read i32 @_ssdm_op_Read.ap_auto.i32, i32 %sub_ln28_1" [../src/gaussian_blur.cpp:29->../src/gaussian_blur.cpp:78]   --->   Operation 68 'read' 'sub_ln28_1_read' <Predicate = true> <Delay = 0.00>
ST_1 : Operation 69 [1/1] (0.00ns)   --->   "%tmp_36 = read i1 @_ssdm_op_Read.ap_auto.i1, i1 %empty_42" [../src/gaussian_blur.cpp:29->../src/gaussian_blur.cpp:78]   --->   Operation 69 'read' 'tmp_36' <Predicate = true> <Delay = 0.00>
ST_1 : Operation 70 [1/1] (0.00ns)   --->   "%add_ln78_read = read i32 @_ssdm_op_Read.ap_auto.i32, i32 %add_ln78" [../src/gaussian_blur.cpp:29->../src/gaussian_blur.cpp:78]   --->   Operation 70 'read' 'add_ln78_read' <Predicate = true> <Delay = 0.00>
ST_1 : Operation 71 [1/1] (0.00ns)   --->   "%sub_ln30_read = read i32 @_ssdm_op_Read.ap_auto.i32, i32 %sub_ln30" [../src/gaussian_blur.cpp:29->../src/gaussian_blur.cpp:78]   --->   Operation 71 'read' 'sub_ln30_read' <Predicate = true> <Delay = 0.00>
ST_1 : Operation 72 [1/1] (0.00ns)   --->   "%tmp_37 = read i23 @_ssdm_op_Read.ap_auto.i23, i23 %empty_41" [../src/gaussian_blur.cpp:29->../src/gaussian_blur.cpp:78]   --->   Operation 72 'read' 'tmp_37' <Predicate = true> <Delay = 0.00>
ST_1 : Operation 73 [1/1] (0.00ns)   --->   "%tmp_38 = read i23 @_ssdm_op_Read.ap_auto.i23, i23 %empty_40" [../src/gaussian_blur.cpp:29->../src/gaussian_blur.cpp:78]   --->   Operation 73 'read' 'tmp_38' <Predicate = true> <Delay = 0.00>
ST_1 : Operation 74 [1/1] (0.00ns)   --->   "%tmp_39 = read i23 @_ssdm_op_Read.ap_auto.i23, i23 %empty_39" [../src/gaussian_blur.cpp:29->../src/gaussian_blur.cpp:78]   --->   Operation 74 'read' 'tmp_39' <Predicate = true> <Delay = 0.00>
ST_1 : Operation 75 [1/1] (0.00ns)   --->   "%tmp_40 = read i23 @_ssdm_op_Read.ap_auto.i23, i23 %empty_38" [../src/gaussian_blur.cpp:29->../src/gaussian_blur.cpp:78]   --->   Operation 75 'read' 'tmp_40' <Predicate = true> <Delay = 0.00>
ST_1 : Operation 76 [1/1] (0.92ns)   --->   "%icmp_ln29 = icmp_sgt  i23 %tmp_40, i23 0" [../src/gaussian_blur.cpp:29->../src/gaussian_blur.cpp:78]   --->   Operation 76 'icmp' 'icmp_ln29' <Predicate = true> <Delay = 0.92> <CoreInst = "Cmp">   --->   Core 9 'Cmp' <Latency = 0> <II = 1> <Delay = 0.92> <FuncUnit> <Opcode : 'seteq' 'setne' 'setle' 'setge' 'setlt' 'setgt'> <InPorts = 2> <OutPorts = 1>
ST_1 : Operation 77 [1/1] (0.92ns)   --->   "%icmp_ln29_1 = icmp_sgt  i23 %tmp_39, i23 0" [../src/gaussian_blur.cpp:29->../src/gaussian_blur.cpp:78]   --->   Operation 77 'icmp' 'icmp_ln29_1' <Predicate = true> <Delay = 0.92> <CoreInst = "Cmp">   --->   Core 9 'Cmp' <Latency = 0> <II = 1> <Delay = 0.92> <FuncUnit> <Opcode : 'seteq' 'setne' 'setle' 'setge' 'setlt' 'setgt'> <InPorts = 2> <OutPorts = 1>
ST_1 : Operation 78 [1/1] (0.92ns)   --->   "%icmp_ln29_2 = icmp_sgt  i23 %tmp_38, i23 0" [../src/gaussian_blur.cpp:29->../src/gaussian_blur.cpp:78]   --->   Operation 78 'icmp' 'icmp_ln29_2' <Predicate = true> <Delay = 0.92> <CoreInst = "Cmp">   --->   Core 9 'Cmp' <Latency = 0> <II = 1> <Delay = 0.92> <FuncUnit> <Opcode : 'seteq' 'setne' 'setle' 'setge' 'setlt' 'setgt'> <InPorts = 2> <OutPorts = 1>
ST_1 : Operation 79 [1/1] (0.92ns)   --->   "%icmp_ln29_3 = icmp_sgt  i23 %tmp_37, i23 0" [../src/gaussian_blur.cpp:29->../src/gaussian_blur.cpp:78]   --->   Operation 79 'icmp' 'icmp_ln29_3' <Predicate = true> <Delay = 0.92> <CoreInst = "Cmp">   --->   Core 9 'Cmp' <Latency = 0> <II = 1> <Delay = 0.92> <FuncUnit> <Opcode : 'seteq' 'setne' 'setle' 'setge' 'setlt' 'setgt'> <InPorts = 2> <OutPorts = 1>
ST_1 : Operation 80 [1/1] (0.42ns)   --->   "%store_ln70 = store i10 0, i10 %column_7" [../src/gaussian_blur.cpp:70]   --->   Operation 80 'store' 'store_ln70' <Predicate = true> <Delay = 0.42>
ST_1 : Operation 81 [1/1] (0.00ns)   --->   "%br_ln0 = br void %VITIS_LOOP_73_3"   --->   Operation 81 'br' 'br_ln0' <Predicate = true> <Delay = 0.00>
ST_1 : Operation 82 [1/1] (0.00ns)   --->   "%column = load i10 %column_7" [../src/gaussian_blur.cpp:70]   --->   Operation 82 'load' 'column' <Predicate = true> <Delay = 0.00>
ST_1 : Operation 83 [1/1] (0.78ns)   --->   "%icmp_ln70 = icmp_eq  i10 %column, i10 512" [../src/gaussian_blur.cpp:70]   --->   Operation 83 'icmp' 'icmp_ln70' <Predicate = true> <Delay = 0.78> <CoreInst = "Cmp">   --->   Core 9 'Cmp' <Latency = 0> <II = 1> <Delay = 0.78> <FuncUnit> <Opcode : 'seteq' 'setne' 'setle' 'setge' 'setlt' 'setgt'> <InPorts = 2> <OutPorts = 1>
ST_1 : Operation 84 [1/1] (0.00ns) (grouped into LUT with out node absoluteSourceRow)   --->   "%select_ln29_1 = select i1 %icmp_ln29_3, i32 %sub_ln30_read, i32 %add_ln78_read" [../src/gaussian_blur.cpp:29->../src/gaussian_blur.cpp:78]   --->   Operation 84 'select' 'select_ln29_1' <Predicate = (!icmp_ln70 & !tmp_36)> <Delay = 0.00> <CoreInst = "Sel">   --->   Core 73 'Sel' <Latency = 0> <II = 1> <Delay = 0.44> <FuncUnit> <Opcode : 'select'> <InPorts = 3> <OutPorts = 1>
ST_1 : Operation 85 [1/1] (0.44ns) (out node of the LUT)   --->   "%absoluteSourceRow = select i1 %tmp_36, i32 %sub_ln28_1_read, i32 %select_ln29_1" [../src/gaussian_blur.cpp:27->../src/gaussian_blur.cpp:78]   --->   Operation 85 'select' 'absoluteSourceRow' <Predicate = (!icmp_ln70)> <Delay = 0.44> <CoreInst = "Sel">   --->   Core 73 'Sel' <Latency = 0> <II = 1> <Delay = 0.44> <FuncUnit> <Opcode : 'select'> <InPorts = 3> <OutPorts = 1>
ST_1 : Operation 86 [36/36] (1.45ns)   --->   "%result = srem i32 %absoluteSourceRow, i32 5" [../src/gaussian_blur.cpp:22->../src/gaussian_blur.cpp:81]   --->   Operation 86 'srem' 'result' <Predicate = (!icmp_ln70)> <Delay = 1.45> <CoreInst = "Divider">   --->   Core 6 'Divider' <Latency = 35> <II = 1> <Delay = 1.45> <FuncUnit> <Opcode : 'udiv' 'sdiv' 'urem' 'srem'> <InPorts = 2> <OutPorts = 1>

State 2 <SV = 1> <Delay = 1.90>
ST_2 : Operation 87 [35/36] (1.45ns)   --->   "%result = srem i32 %absoluteSourceRow, i32 5" [../src/gaussian_blur.cpp:22->../src/gaussian_blur.cpp:81]   --->   Operation 87 'srem' 'result' <Predicate = (!icmp_ln70)> <Delay = 1.45> <CoreInst = "Divider">   --->   Core 6 'Divider' <Latency = 35> <II = 1> <Delay = 1.45> <FuncUnit> <Opcode : 'udiv' 'sdiv' 'urem' 'srem'> <InPorts = 2> <OutPorts = 1>
ST_2 : Operation 88 [1/1] (0.00ns) (grouped into LUT with out node absoluteSourceRow_1)   --->   "%select_ln29_4 = select i1 %icmp_ln29_2, i32 %sub_ln30_1_read, i32 %add_ln78_1_read" [../src/gaussian_blur.cpp:29->../src/gaussian_blur.cpp:78]   --->   Operation 88 'select' 'select_ln29_4' <Predicate = (!icmp_ln70 & !tmp_35)> <Delay = 0.00> <CoreInst = "Sel">   --->   Core 73 'Sel' <Latency = 0> <II = 1> <Delay = 0.44> <FuncUnit> <Opcode : 'select'> <InPorts = 3> <OutPorts = 1>
ST_2 : Operation 89 [1/1] (0.44ns) (out node of the LUT)   --->   "%absoluteSourceRow_1 = select i1 %tmp_35, i32 %sub_ln28_2_read, i32 %select_ln29_4" [../src/gaussian_blur.cpp:27->../src/gaussian_blur.cpp:78]   --->   Operation 89 'select' 'absoluteSourceRow_1' <Predicate = (!icmp_ln70)> <Delay = 0.44> <CoreInst = "Sel">   --->   Core 73 'Sel' <Latency = 0> <II = 1> <Delay = 0.44> <FuncUnit> <Opcode : 'select'> <InPorts = 3> <OutPorts = 1>
ST_2 : Operation 90 [36/36] (1.45ns)   --->   "%result_8 = srem i32 %absoluteSourceRow_1, i32 5" [../src/gaussian_blur.cpp:22->../src/gaussian_blur.cpp:81]   --->   Operation 90 'srem' 'result_8' <Predicate = (!icmp_ln70)> <Delay = 1.45> <CoreInst = "Divider">   --->   Core 6 'Divider' <Latency = 35> <II = 1> <Delay = 1.45> <FuncUnit> <Opcode : 'udiv' 'sdiv' 'urem' 'srem'> <InPorts = 2> <OutPorts = 1>

State 3 <SV = 2> <Delay = 1.90>
ST_3 : Operation 91 [34/36] (1.45ns)   --->   "%result = srem i32 %absoluteSourceRow, i32 5" [../src/gaussian_blur.cpp:22->../src/gaussian_blur.cpp:81]   --->   Operation 91 'srem' 'result' <Predicate = (!icmp_ln70)> <Delay = 1.45> <CoreInst = "Divider">   --->   Core 6 'Divider' <Latency = 35> <II = 1> <Delay = 1.45> <FuncUnit> <Opcode : 'udiv' 'sdiv' 'urem' 'srem'> <InPorts = 2> <OutPorts = 1>
ST_3 : Operation 92 [35/36] (1.45ns)   --->   "%result_8 = srem i32 %absoluteSourceRow_1, i32 5" [../src/gaussian_blur.cpp:22->../src/gaussian_blur.cpp:81]   --->   Operation 92 'srem' 'result_8' <Predicate = (!icmp_ln70)> <Delay = 1.45> <CoreInst = "Divider">   --->   Core 6 'Divider' <Latency = 35> <II = 1> <Delay = 1.45> <FuncUnit> <Opcode : 'udiv' 'sdiv' 'urem' 'srem'> <InPorts = 2> <OutPorts = 1>
ST_3 : Operation 93 [1/1] (0.00ns) (grouped into LUT with out node absoluteSourceRow_2)   --->   "%select_ln29 = select i1 %icmp_ln29_1, i32 %sub_ln30_3_read, i32 %add_ln78_2_read" [../src/gaussian_blur.cpp:29->../src/gaussian_blur.cpp:78]   --->   Operation 93 'select' 'select_ln29' <Predicate = (!icmp_ln70 & !tmp_34)> <Delay = 0.00> <CoreInst = "Sel">   --->   Core 73 'Sel' <Latency = 0> <II = 1> <Delay = 0.44> <FuncUnit> <Opcode : 'select'> <InPorts = 3> <OutPorts = 1>
ST_3 : Operation 94 [1/1] (0.44ns) (out node of the LUT)   --->   "%absoluteSourceRow_2 = select i1 %tmp_34, i32 %sub_ln28_3_read, i32 %select_ln29" [../src/gaussian_blur.cpp:27->../src/gaussian_blur.cpp:78]   --->   Operation 94 'select' 'absoluteSourceRow_2' <Predicate = (!icmp_ln70)> <Delay = 0.44> <CoreInst = "Sel">   --->   Core 73 'Sel' <Latency = 0> <II = 1> <Delay = 0.44> <FuncUnit> <Opcode : 'select'> <InPorts = 3> <OutPorts = 1>
ST_3 : Operation 95 [36/36] (1.45ns)   --->   "%result_9 = srem i32 %absoluteSourceRow_2, i32 5" [../src/gaussian_blur.cpp:22->../src/gaussian_blur.cpp:81]   --->   Operation 95 'srem' 'result_9' <Predicate = (!icmp_ln70)> <Delay = 1.45> <CoreInst = "Divider">   --->   Core 6 'Divider' <Latency = 35> <II = 1> <Delay = 1.45> <FuncUnit> <Opcode : 'udiv' 'sdiv' 'urem' 'srem'> <InPorts = 2> <OutPorts = 1>

State 4 <SV = 3> <Delay = 1.90>
ST_4 : Operation 96 [33/36] (1.45ns)   --->   "%result = srem i32 %absoluteSourceRow, i32 5" [../src/gaussian_blur.cpp:22->../src/gaussian_blur.cpp:81]   --->   Operation 96 'srem' 'result' <Predicate = (!icmp_ln70)> <Delay = 1.45> <CoreInst = "Divider">   --->   Core 6 'Divider' <Latency = 35> <II = 1> <Delay = 1.45> <FuncUnit> <Opcode : 'udiv' 'sdiv' 'urem' 'srem'> <InPorts = 2> <OutPorts = 1>
ST_4 : Operation 97 [34/36] (1.45ns)   --->   "%result_8 = srem i32 %absoluteSourceRow_1, i32 5" [../src/gaussian_blur.cpp:22->../src/gaussian_blur.cpp:81]   --->   Operation 97 'srem' 'result_8' <Predicate = (!icmp_ln70)> <Delay = 1.45> <CoreInst = "Divider">   --->   Core 6 'Divider' <Latency = 35> <II = 1> <Delay = 1.45> <FuncUnit> <Opcode : 'udiv' 'sdiv' 'urem' 'srem'> <InPorts = 2> <OutPorts = 1>
ST_4 : Operation 98 [35/36] (1.45ns)   --->   "%result_9 = srem i32 %absoluteSourceRow_2, i32 5" [../src/gaussian_blur.cpp:22->../src/gaussian_blur.cpp:81]   --->   Operation 98 'srem' 'result_9' <Predicate = (!icmp_ln70)> <Delay = 1.45> <CoreInst = "Divider">   --->   Core 6 'Divider' <Latency = 35> <II = 1> <Delay = 1.45> <FuncUnit> <Opcode : 'udiv' 'sdiv' 'urem' 'srem'> <InPorts = 2> <OutPorts = 1>
ST_4 : Operation 99 [1/1] (0.00ns) (grouped into LUT with out node absoluteSourceRow_3)   --->   "%select_ln29_5 = select i1 %icmp_ln29, i32 %sub_ln30_4_read, i32 %p_anonymous_namespace_rowsReceived_load_read" [../src/gaussian_blur.cpp:29->../src/gaussian_blur.cpp:78]   --->   Operation 99 'select' 'select_ln29_5' <Predicate = (!icmp_ln70 & !tmp_33)> <Delay = 0.00> <CoreInst = "Sel">   --->   Core 73 'Sel' <Latency = 0> <II = 1> <Delay = 0.44> <FuncUnit> <Opcode : 'select'> <InPorts = 3> <OutPorts = 1>
ST_4 : Operation 100 [1/1] (0.44ns) (out node of the LUT)   --->   "%absoluteSourceRow_3 = select i1 %tmp_33, i32 %sub_ln28_read, i32 %select_ln29_5" [../src/gaussian_blur.cpp:27->../src/gaussian_blur.cpp:78]   --->   Operation 100 'select' 'absoluteSourceRow_3' <Predicate = (!icmp_ln70)> <Delay = 0.44> <CoreInst = "Sel">   --->   Core 73 'Sel' <Latency = 0> <II = 1> <Delay = 0.44> <FuncUnit> <Opcode : 'select'> <InPorts = 3> <OutPorts = 1>
ST_4 : Operation 101 [36/36] (1.45ns)   --->   "%result_10 = srem i32 %absoluteSourceRow_3, i32 5" [../src/gaussian_blur.cpp:22->../src/gaussian_blur.cpp:81]   --->   Operation 101 'srem' 'result_10' <Predicate = (!icmp_ln70)> <Delay = 1.45> <CoreInst = "Divider">   --->   Core 6 'Divider' <Latency = 35> <II = 1> <Delay = 1.45> <FuncUnit> <Opcode : 'udiv' 'sdiv' 'urem' 'srem'> <InPorts = 2> <OutPorts = 1>

State 5 <SV = 4> <Delay = 1.45>
ST_5 : Operation 102 [32/36] (1.45ns)   --->   "%result = srem i32 %absoluteSourceRow, i32 5" [../src/gaussian_blur.cpp:22->../src/gaussian_blur.cpp:81]   --->   Operation 102 'srem' 'result' <Predicate = (!icmp_ln70)> <Delay = 1.45> <CoreInst = "Divider">   --->   Core 6 'Divider' <Latency = 35> <II = 1> <Delay = 1.45> <FuncUnit> <Opcode : 'udiv' 'sdiv' 'urem' 'srem'> <InPorts = 2> <OutPorts = 1>
ST_5 : Operation 103 [33/36] (1.45ns)   --->   "%result_8 = srem i32 %absoluteSourceRow_1, i32 5" [../src/gaussian_blur.cpp:22->../src/gaussian_blur.cpp:81]   --->   Operation 103 'srem' 'result_8' <Predicate = (!icmp_ln70)> <Delay = 1.45> <CoreInst = "Divider">   --->   Core 6 'Divider' <Latency = 35> <II = 1> <Delay = 1.45> <FuncUnit> <Opcode : 'udiv' 'sdiv' 'urem' 'srem'> <InPorts = 2> <OutPorts = 1>
ST_5 : Operation 104 [34/36] (1.45ns)   --->   "%result_9 = srem i32 %absoluteSourceRow_2, i32 5" [../src/gaussian_blur.cpp:22->../src/gaussian_blur.cpp:81]   --->   Operation 104 'srem' 'result_9' <Predicate = (!icmp_ln70)> <Delay = 1.45> <CoreInst = "Divider">   --->   Core 6 'Divider' <Latency = 35> <II = 1> <Delay = 1.45> <FuncUnit> <Opcode : 'udiv' 'sdiv' 'urem' 'srem'> <InPorts = 2> <OutPorts = 1>
ST_5 : Operation 105 [35/36] (1.45ns)   --->   "%result_10 = srem i32 %absoluteSourceRow_3, i32 5" [../src/gaussian_blur.cpp:22->../src/gaussian_blur.cpp:81]   --->   Operation 105 'srem' 'result_10' <Predicate = (!icmp_ln70)> <Delay = 1.45> <CoreInst = "Divider">   --->   Core 6 'Divider' <Latency = 35> <II = 1> <Delay = 1.45> <FuncUnit> <Opcode : 'udiv' 'sdiv' 'urem' 'srem'> <InPorts = 2> <OutPorts = 1>

State 6 <SV = 5> <Delay = 1.45>
ST_6 : Operation 106 [31/36] (1.45ns)   --->   "%result = srem i32 %absoluteSourceRow, i32 5" [../src/gaussian_blur.cpp:22->../src/gaussian_blur.cpp:81]   --->   Operation 106 'srem' 'result' <Predicate = (!icmp_ln70)> <Delay = 1.45> <CoreInst = "Divider">   --->   Core 6 'Divider' <Latency = 35> <II = 1> <Delay = 1.45> <FuncUnit> <Opcode : 'udiv' 'sdiv' 'urem' 'srem'> <InPorts = 2> <OutPorts = 1>
ST_6 : Operation 107 [32/36] (1.45ns)   --->   "%result_8 = srem i32 %absoluteSourceRow_1, i32 5" [../src/gaussian_blur.cpp:22->../src/gaussian_blur.cpp:81]   --->   Operation 107 'srem' 'result_8' <Predicate = (!icmp_ln70)> <Delay = 1.45> <CoreInst = "Divider">   --->   Core 6 'Divider' <Latency = 35> <II = 1> <Delay = 1.45> <FuncUnit> <Opcode : 'udiv' 'sdiv' 'urem' 'srem'> <InPorts = 2> <OutPorts = 1>
ST_6 : Operation 108 [33/36] (1.45ns)   --->   "%result_9 = srem i32 %absoluteSourceRow_2, i32 5" [../src/gaussian_blur.cpp:22->../src/gaussian_blur.cpp:81]   --->   Operation 108 'srem' 'result_9' <Predicate = (!icmp_ln70)> <Delay = 1.45> <CoreInst = "Divider">   --->   Core 6 'Divider' <Latency = 35> <II = 1> <Delay = 1.45> <FuncUnit> <Opcode : 'udiv' 'sdiv' 'urem' 'srem'> <InPorts = 2> <OutPorts = 1>
ST_6 : Operation 109 [34/36] (1.45ns)   --->   "%result_10 = srem i32 %absoluteSourceRow_3, i32 5" [../src/gaussian_blur.cpp:22->../src/gaussian_blur.cpp:81]   --->   Operation 109 'srem' 'result_10' <Predicate = (!icmp_ln70)> <Delay = 1.45> <CoreInst = "Divider">   --->   Core 6 'Divider' <Latency = 35> <II = 1> <Delay = 1.45> <FuncUnit> <Opcode : 'udiv' 'sdiv' 'urem' 'srem'> <InPorts = 2> <OutPorts = 1>

State 7 <SV = 6> <Delay = 1.45>
ST_7 : Operation 110 [30/36] (1.45ns)   --->   "%result = srem i32 %absoluteSourceRow, i32 5" [../src/gaussian_blur.cpp:22->../src/gaussian_blur.cpp:81]   --->   Operation 110 'srem' 'result' <Predicate = (!icmp_ln70)> <Delay = 1.45> <CoreInst = "Divider">   --->   Core 6 'Divider' <Latency = 35> <II = 1> <Delay = 1.45> <FuncUnit> <Opcode : 'udiv' 'sdiv' 'urem' 'srem'> <InPorts = 2> <OutPorts = 1>
ST_7 : Operation 111 [31/36] (1.45ns)   --->   "%result_8 = srem i32 %absoluteSourceRow_1, i32 5" [../src/gaussian_blur.cpp:22->../src/gaussian_blur.cpp:81]   --->   Operation 111 'srem' 'result_8' <Predicate = (!icmp_ln70)> <Delay = 1.45> <CoreInst = "Divider">   --->   Core 6 'Divider' <Latency = 35> <II = 1> <Delay = 1.45> <FuncUnit> <Opcode : 'udiv' 'sdiv' 'urem' 'srem'> <InPorts = 2> <OutPorts = 1>
ST_7 : Operation 112 [32/36] (1.45ns)   --->   "%result_9 = srem i32 %absoluteSourceRow_2, i32 5" [../src/gaussian_blur.cpp:22->../src/gaussian_blur.cpp:81]   --->   Operation 112 'srem' 'result_9' <Predicate = (!icmp_ln70)> <Delay = 1.45> <CoreInst = "Divider">   --->   Core 6 'Divider' <Latency = 35> <II = 1> <Delay = 1.45> <FuncUnit> <Opcode : 'udiv' 'sdiv' 'urem' 'srem'> <InPorts = 2> <OutPorts = 1>
ST_7 : Operation 113 [33/36] (1.45ns)   --->   "%result_10 = srem i32 %absoluteSourceRow_3, i32 5" [../src/gaussian_blur.cpp:22->../src/gaussian_blur.cpp:81]   --->   Operation 113 'srem' 'result_10' <Predicate = (!icmp_ln70)> <Delay = 1.45> <CoreInst = "Divider">   --->   Core 6 'Divider' <Latency = 35> <II = 1> <Delay = 1.45> <FuncUnit> <Opcode : 'udiv' 'sdiv' 'urem' 'srem'> <InPorts = 2> <OutPorts = 1>

State 8 <SV = 7> <Delay = 1.45>
ST_8 : Operation 114 [29/36] (1.45ns)   --->   "%result = srem i32 %absoluteSourceRow, i32 5" [../src/gaussian_blur.cpp:22->../src/gaussian_blur.cpp:81]   --->   Operation 114 'srem' 'result' <Predicate = (!icmp_ln70)> <Delay = 1.45> <CoreInst = "Divider">   --->   Core 6 'Divider' <Latency = 35> <II = 1> <Delay = 1.45> <FuncUnit> <Opcode : 'udiv' 'sdiv' 'urem' 'srem'> <InPorts = 2> <OutPorts = 1>
ST_8 : Operation 115 [30/36] (1.45ns)   --->   "%result_8 = srem i32 %absoluteSourceRow_1, i32 5" [../src/gaussian_blur.cpp:22->../src/gaussian_blur.cpp:81]   --->   Operation 115 'srem' 'result_8' <Predicate = (!icmp_ln70)> <Delay = 1.45> <CoreInst = "Divider">   --->   Core 6 'Divider' <Latency = 35> <II = 1> <Delay = 1.45> <FuncUnit> <Opcode : 'udiv' 'sdiv' 'urem' 'srem'> <InPorts = 2> <OutPorts = 1>
ST_8 : Operation 116 [31/36] (1.45ns)   --->   "%result_9 = srem i32 %absoluteSourceRow_2, i32 5" [../src/gaussian_blur.cpp:22->../src/gaussian_blur.cpp:81]   --->   Operation 116 'srem' 'result_9' <Predicate = (!icmp_ln70)> <Delay = 1.45> <CoreInst = "Divider">   --->   Core 6 'Divider' <Latency = 35> <II = 1> <Delay = 1.45> <FuncUnit> <Opcode : 'udiv' 'sdiv' 'urem' 'srem'> <InPorts = 2> <OutPorts = 1>
ST_8 : Operation 117 [32/36] (1.45ns)   --->   "%result_10 = srem i32 %absoluteSourceRow_3, i32 5" [../src/gaussian_blur.cpp:22->../src/gaussian_blur.cpp:81]   --->   Operation 117 'srem' 'result_10' <Predicate = (!icmp_ln70)> <Delay = 1.45> <CoreInst = "Divider">   --->   Core 6 'Divider' <Latency = 35> <II = 1> <Delay = 1.45> <FuncUnit> <Opcode : 'udiv' 'sdiv' 'urem' 'srem'> <InPorts = 2> <OutPorts = 1>

State 9 <SV = 8> <Delay = 1.45>
ST_9 : Operation 118 [28/36] (1.45ns)   --->   "%result = srem i32 %absoluteSourceRow, i32 5" [../src/gaussian_blur.cpp:22->../src/gaussian_blur.cpp:81]   --->   Operation 118 'srem' 'result' <Predicate = (!icmp_ln70)> <Delay = 1.45> <CoreInst = "Divider">   --->   Core 6 'Divider' <Latency = 35> <II = 1> <Delay = 1.45> <FuncUnit> <Opcode : 'udiv' 'sdiv' 'urem' 'srem'> <InPorts = 2> <OutPorts = 1>
ST_9 : Operation 119 [29/36] (1.45ns)   --->   "%result_8 = srem i32 %absoluteSourceRow_1, i32 5" [../src/gaussian_blur.cpp:22->../src/gaussian_blur.cpp:81]   --->   Operation 119 'srem' 'result_8' <Predicate = (!icmp_ln70)> <Delay = 1.45> <CoreInst = "Divider">   --->   Core 6 'Divider' <Latency = 35> <II = 1> <Delay = 1.45> <FuncUnit> <Opcode : 'udiv' 'sdiv' 'urem' 'srem'> <InPorts = 2> <OutPorts = 1>
ST_9 : Operation 120 [30/36] (1.45ns)   --->   "%result_9 = srem i32 %absoluteSourceRow_2, i32 5" [../src/gaussian_blur.cpp:22->../src/gaussian_blur.cpp:81]   --->   Operation 120 'srem' 'result_9' <Predicate = (!icmp_ln70)> <Delay = 1.45> <CoreInst = "Divider">   --->   Core 6 'Divider' <Latency = 35> <II = 1> <Delay = 1.45> <FuncUnit> <Opcode : 'udiv' 'sdiv' 'urem' 'srem'> <InPorts = 2> <OutPorts = 1>
ST_9 : Operation 121 [31/36] (1.45ns)   --->   "%result_10 = srem i32 %absoluteSourceRow_3, i32 5" [../src/gaussian_blur.cpp:22->../src/gaussian_blur.cpp:81]   --->   Operation 121 'srem' 'result_10' <Predicate = (!icmp_ln70)> <Delay = 1.45> <CoreInst = "Divider">   --->   Core 6 'Divider' <Latency = 35> <II = 1> <Delay = 1.45> <FuncUnit> <Opcode : 'udiv' 'sdiv' 'urem' 'srem'> <InPorts = 2> <OutPorts = 1>

State 10 <SV = 9> <Delay = 1.45>
ST_10 : Operation 122 [27/36] (1.45ns)   --->   "%result = srem i32 %absoluteSourceRow, i32 5" [../src/gaussian_blur.cpp:22->../src/gaussian_blur.cpp:81]   --->   Operation 122 'srem' 'result' <Predicate = (!icmp_ln70)> <Delay = 1.45> <CoreInst = "Divider">   --->   Core 6 'Divider' <Latency = 35> <II = 1> <Delay = 1.45> <FuncUnit> <Opcode : 'udiv' 'sdiv' 'urem' 'srem'> <InPorts = 2> <OutPorts = 1>
ST_10 : Operation 123 [28/36] (1.45ns)   --->   "%result_8 = srem i32 %absoluteSourceRow_1, i32 5" [../src/gaussian_blur.cpp:22->../src/gaussian_blur.cpp:81]   --->   Operation 123 'srem' 'result_8' <Predicate = (!icmp_ln70)> <Delay = 1.45> <CoreInst = "Divider">   --->   Core 6 'Divider' <Latency = 35> <II = 1> <Delay = 1.45> <FuncUnit> <Opcode : 'udiv' 'sdiv' 'urem' 'srem'> <InPorts = 2> <OutPorts = 1>
ST_10 : Operation 124 [29/36] (1.45ns)   --->   "%result_9 = srem i32 %absoluteSourceRow_2, i32 5" [../src/gaussian_blur.cpp:22->../src/gaussian_blur.cpp:81]   --->   Operation 124 'srem' 'result_9' <Predicate = (!icmp_ln70)> <Delay = 1.45> <CoreInst = "Divider">   --->   Core 6 'Divider' <Latency = 35> <II = 1> <Delay = 1.45> <FuncUnit> <Opcode : 'udiv' 'sdiv' 'urem' 'srem'> <InPorts = 2> <OutPorts = 1>
ST_10 : Operation 125 [30/36] (1.45ns)   --->   "%result_10 = srem i32 %absoluteSourceRow_3, i32 5" [../src/gaussian_blur.cpp:22->../src/gaussian_blur.cpp:81]   --->   Operation 125 'srem' 'result_10' <Predicate = (!icmp_ln70)> <Delay = 1.45> <CoreInst = "Divider">   --->   Core 6 'Divider' <Latency = 35> <II = 1> <Delay = 1.45> <FuncUnit> <Opcode : 'udiv' 'sdiv' 'urem' 'srem'> <InPorts = 2> <OutPorts = 1>

State 11 <SV = 10> <Delay = 1.45>
ST_11 : Operation 126 [26/36] (1.45ns)   --->   "%result = srem i32 %absoluteSourceRow, i32 5" [../src/gaussian_blur.cpp:22->../src/gaussian_blur.cpp:81]   --->   Operation 126 'srem' 'result' <Predicate = (!icmp_ln70)> <Delay = 1.45> <CoreInst = "Divider">   --->   Core 6 'Divider' <Latency = 35> <II = 1> <Delay = 1.45> <FuncUnit> <Opcode : 'udiv' 'sdiv' 'urem' 'srem'> <InPorts = 2> <OutPorts = 1>
ST_11 : Operation 127 [27/36] (1.45ns)   --->   "%result_8 = srem i32 %absoluteSourceRow_1, i32 5" [../src/gaussian_blur.cpp:22->../src/gaussian_blur.cpp:81]   --->   Operation 127 'srem' 'result_8' <Predicate = (!icmp_ln70)> <Delay = 1.45> <CoreInst = "Divider">   --->   Core 6 'Divider' <Latency = 35> <II = 1> <Delay = 1.45> <FuncUnit> <Opcode : 'udiv' 'sdiv' 'urem' 'srem'> <InPorts = 2> <OutPorts = 1>
ST_11 : Operation 128 [28/36] (1.45ns)   --->   "%result_9 = srem i32 %absoluteSourceRow_2, i32 5" [../src/gaussian_blur.cpp:22->../src/gaussian_blur.cpp:81]   --->   Operation 128 'srem' 'result_9' <Predicate = (!icmp_ln70)> <Delay = 1.45> <CoreInst = "Divider">   --->   Core 6 'Divider' <Latency = 35> <II = 1> <Delay = 1.45> <FuncUnit> <Opcode : 'udiv' 'sdiv' 'urem' 'srem'> <InPorts = 2> <OutPorts = 1>
ST_11 : Operation 129 [29/36] (1.45ns)   --->   "%result_10 = srem i32 %absoluteSourceRow_3, i32 5" [../src/gaussian_blur.cpp:22->../src/gaussian_blur.cpp:81]   --->   Operation 129 'srem' 'result_10' <Predicate = (!icmp_ln70)> <Delay = 1.45> <CoreInst = "Divider">   --->   Core 6 'Divider' <Latency = 35> <II = 1> <Delay = 1.45> <FuncUnit> <Opcode : 'udiv' 'sdiv' 'urem' 'srem'> <InPorts = 2> <OutPorts = 1>

State 12 <SV = 11> <Delay = 1.45>
ST_12 : Operation 130 [25/36] (1.45ns)   --->   "%result = srem i32 %absoluteSourceRow, i32 5" [../src/gaussian_blur.cpp:22->../src/gaussian_blur.cpp:81]   --->   Operation 130 'srem' 'result' <Predicate = (!icmp_ln70)> <Delay = 1.45> <CoreInst = "Divider">   --->   Core 6 'Divider' <Latency = 35> <II = 1> <Delay = 1.45> <FuncUnit> <Opcode : 'udiv' 'sdiv' 'urem' 'srem'> <InPorts = 2> <OutPorts = 1>
ST_12 : Operation 131 [26/36] (1.45ns)   --->   "%result_8 = srem i32 %absoluteSourceRow_1, i32 5" [../src/gaussian_blur.cpp:22->../src/gaussian_blur.cpp:81]   --->   Operation 131 'srem' 'result_8' <Predicate = (!icmp_ln70)> <Delay = 1.45> <CoreInst = "Divider">   --->   Core 6 'Divider' <Latency = 35> <II = 1> <Delay = 1.45> <FuncUnit> <Opcode : 'udiv' 'sdiv' 'urem' 'srem'> <InPorts = 2> <OutPorts = 1>
ST_12 : Operation 132 [27/36] (1.45ns)   --->   "%result_9 = srem i32 %absoluteSourceRow_2, i32 5" [../src/gaussian_blur.cpp:22->../src/gaussian_blur.cpp:81]   --->   Operation 132 'srem' 'result_9' <Predicate = (!icmp_ln70)> <Delay = 1.45> <CoreInst = "Divider">   --->   Core 6 'Divider' <Latency = 35> <II = 1> <Delay = 1.45> <FuncUnit> <Opcode : 'udiv' 'sdiv' 'urem' 'srem'> <InPorts = 2> <OutPorts = 1>
ST_12 : Operation 133 [28/36] (1.45ns)   --->   "%result_10 = srem i32 %absoluteSourceRow_3, i32 5" [../src/gaussian_blur.cpp:22->../src/gaussian_blur.cpp:81]   --->   Operation 133 'srem' 'result_10' <Predicate = (!icmp_ln70)> <Delay = 1.45> <CoreInst = "Divider">   --->   Core 6 'Divider' <Latency = 35> <II = 1> <Delay = 1.45> <FuncUnit> <Opcode : 'udiv' 'sdiv' 'urem' 'srem'> <InPorts = 2> <OutPorts = 1>

State 13 <SV = 12> <Delay = 1.45>
ST_13 : Operation 134 [1/1] (0.78ns)   --->   "%add_ln70 = add i10 %column, i10 1" [../src/gaussian_blur.cpp:70]   --->   Operation 134 'add' 'add_ln70' <Predicate = true> <Delay = 0.78> <CoreInst = "Adder">   --->   Core 1 'Adder' <Latency = 0> <II = 1> <Delay = 0.78> <FuncUnit> <Opcode : 'add' 'sub'> <InPorts = 2> <OutPorts = 1>
ST_13 : Operation 135 [1/1] (0.00ns)   --->   "%br_ln70 = br i1 %icmp_ln70, void %VITIS_LOOP_73_3.split, void %cleanup.loopexit.exitStub" [../src/gaussian_blur.cpp:70]   --->   Operation 135 'br' 'br_ln70' <Predicate = true> <Delay = 0.00>
ST_13 : Operation 136 [24/36] (1.45ns)   --->   "%result = srem i32 %absoluteSourceRow, i32 5" [../src/gaussian_blur.cpp:22->../src/gaussian_blur.cpp:81]   --->   Operation 136 'srem' 'result' <Predicate = (!icmp_ln70)> <Delay = 1.45> <CoreInst = "Divider">   --->   Core 6 'Divider' <Latency = 35> <II = 1> <Delay = 1.45> <FuncUnit> <Opcode : 'udiv' 'sdiv' 'urem' 'srem'> <InPorts = 2> <OutPorts = 1>
ST_13 : Operation 137 [25/36] (1.45ns)   --->   "%result_8 = srem i32 %absoluteSourceRow_1, i32 5" [../src/gaussian_blur.cpp:22->../src/gaussian_blur.cpp:81]   --->   Operation 137 'srem' 'result_8' <Predicate = (!icmp_ln70)> <Delay = 1.45> <CoreInst = "Divider">   --->   Core 6 'Divider' <Latency = 35> <II = 1> <Delay = 1.45> <FuncUnit> <Opcode : 'udiv' 'sdiv' 'urem' 'srem'> <InPorts = 2> <OutPorts = 1>
ST_13 : Operation 138 [26/36] (1.45ns)   --->   "%result_9 = srem i32 %absoluteSourceRow_2, i32 5" [../src/gaussian_blur.cpp:22->../src/gaussian_blur.cpp:81]   --->   Operation 138 'srem' 'result_9' <Predicate = (!icmp_ln70)> <Delay = 1.45> <CoreInst = "Divider">   --->   Core 6 'Divider' <Latency = 35> <II = 1> <Delay = 1.45> <FuncUnit> <Opcode : 'udiv' 'sdiv' 'urem' 'srem'> <InPorts = 2> <OutPorts = 1>
ST_13 : Operation 139 [27/36] (1.45ns)   --->   "%result_10 = srem i32 %absoluteSourceRow_3, i32 5" [../src/gaussian_blur.cpp:22->../src/gaussian_blur.cpp:81]   --->   Operation 139 'srem' 'result_10' <Predicate = (!icmp_ln70)> <Delay = 1.45> <CoreInst = "Divider">   --->   Core 6 'Divider' <Latency = 35> <II = 1> <Delay = 1.45> <FuncUnit> <Opcode : 'udiv' 'sdiv' 'urem' 'srem'> <InPorts = 2> <OutPorts = 1>
ST_13 : Operation 140 [1/1] (0.42ns)   --->   "%store_ln70 = store i10 %add_ln70, i10 %column_7" [../src/gaussian_blur.cpp:70]   --->   Operation 140 'store' 'store_ln70' <Predicate = (!icmp_ln70)> <Delay = 0.42>

State 14 <SV = 13> <Delay = 1.45>
ST_14 : Operation 141 [23/36] (1.45ns)   --->   "%result = srem i32 %absoluteSourceRow, i32 5" [../src/gaussian_blur.cpp:22->../src/gaussian_blur.cpp:81]   --->   Operation 141 'srem' 'result' <Predicate = true> <Delay = 1.45> <CoreInst = "Divider">   --->   Core 6 'Divider' <Latency = 35> <II = 1> <Delay = 1.45> <FuncUnit> <Opcode : 'udiv' 'sdiv' 'urem' 'srem'> <InPorts = 2> <OutPorts = 1>
ST_14 : Operation 142 [24/36] (1.45ns)   --->   "%result_8 = srem i32 %absoluteSourceRow_1, i32 5" [../src/gaussian_blur.cpp:22->../src/gaussian_blur.cpp:81]   --->   Operation 142 'srem' 'result_8' <Predicate = true> <Delay = 1.45> <CoreInst = "Divider">   --->   Core 6 'Divider' <Latency = 35> <II = 1> <Delay = 1.45> <FuncUnit> <Opcode : 'udiv' 'sdiv' 'urem' 'srem'> <InPorts = 2> <OutPorts = 1>
ST_14 : Operation 143 [25/36] (1.45ns)   --->   "%result_9 = srem i32 %absoluteSourceRow_2, i32 5" [../src/gaussian_blur.cpp:22->../src/gaussian_blur.cpp:81]   --->   Operation 143 'srem' 'result_9' <Predicate = true> <Delay = 1.45> <CoreInst = "Divider">   --->   Core 6 'Divider' <Latency = 35> <II = 1> <Delay = 1.45> <FuncUnit> <Opcode : 'udiv' 'sdiv' 'urem' 'srem'> <InPorts = 2> <OutPorts = 1>
ST_14 : Operation 144 [26/36] (1.45ns)   --->   "%result_10 = srem i32 %absoluteSourceRow_3, i32 5" [../src/gaussian_blur.cpp:22->../src/gaussian_blur.cpp:81]   --->   Operation 144 'srem' 'result_10' <Predicate = true> <Delay = 1.45> <CoreInst = "Divider">   --->   Core 6 'Divider' <Latency = 35> <II = 1> <Delay = 1.45> <FuncUnit> <Opcode : 'udiv' 'sdiv' 'urem' 'srem'> <InPorts = 2> <OutPorts = 1>

State 15 <SV = 14> <Delay = 1.45>
ST_15 : Operation 145 [22/36] (1.45ns)   --->   "%result = srem i32 %absoluteSourceRow, i32 5" [../src/gaussian_blur.cpp:22->../src/gaussian_blur.cpp:81]   --->   Operation 145 'srem' 'result' <Predicate = true> <Delay = 1.45> <CoreInst = "Divider">   --->   Core 6 'Divider' <Latency = 35> <II = 1> <Delay = 1.45> <FuncUnit> <Opcode : 'udiv' 'sdiv' 'urem' 'srem'> <InPorts = 2> <OutPorts = 1>
ST_15 : Operation 146 [23/36] (1.45ns)   --->   "%result_8 = srem i32 %absoluteSourceRow_1, i32 5" [../src/gaussian_blur.cpp:22->../src/gaussian_blur.cpp:81]   --->   Operation 146 'srem' 'result_8' <Predicate = true> <Delay = 1.45> <CoreInst = "Divider">   --->   Core 6 'Divider' <Latency = 35> <II = 1> <Delay = 1.45> <FuncUnit> <Opcode : 'udiv' 'sdiv' 'urem' 'srem'> <InPorts = 2> <OutPorts = 1>
ST_15 : Operation 147 [24/36] (1.45ns)   --->   "%result_9 = srem i32 %absoluteSourceRow_2, i32 5" [../src/gaussian_blur.cpp:22->../src/gaussian_blur.cpp:81]   --->   Operation 147 'srem' 'result_9' <Predicate = true> <Delay = 1.45> <CoreInst = "Divider">   --->   Core 6 'Divider' <Latency = 35> <II = 1> <Delay = 1.45> <FuncUnit> <Opcode : 'udiv' 'sdiv' 'urem' 'srem'> <InPorts = 2> <OutPorts = 1>
ST_15 : Operation 148 [25/36] (1.45ns)   --->   "%result_10 = srem i32 %absoluteSourceRow_3, i32 5" [../src/gaussian_blur.cpp:22->../src/gaussian_blur.cpp:81]   --->   Operation 148 'srem' 'result_10' <Predicate = true> <Delay = 1.45> <CoreInst = "Divider">   --->   Core 6 'Divider' <Latency = 35> <II = 1> <Delay = 1.45> <FuncUnit> <Opcode : 'udiv' 'sdiv' 'urem' 'srem'> <InPorts = 2> <OutPorts = 1>

State 16 <SV = 15> <Delay = 1.45>
ST_16 : Operation 149 [21/36] (1.45ns)   --->   "%result = srem i32 %absoluteSourceRow, i32 5" [../src/gaussian_blur.cpp:22->../src/gaussian_blur.cpp:81]   --->   Operation 149 'srem' 'result' <Predicate = true> <Delay = 1.45> <CoreInst = "Divider">   --->   Core 6 'Divider' <Latency = 35> <II = 1> <Delay = 1.45> <FuncUnit> <Opcode : 'udiv' 'sdiv' 'urem' 'srem'> <InPorts = 2> <OutPorts = 1>
ST_16 : Operation 150 [22/36] (1.45ns)   --->   "%result_8 = srem i32 %absoluteSourceRow_1, i32 5" [../src/gaussian_blur.cpp:22->../src/gaussian_blur.cpp:81]   --->   Operation 150 'srem' 'result_8' <Predicate = true> <Delay = 1.45> <CoreInst = "Divider">   --->   Core 6 'Divider' <Latency = 35> <II = 1> <Delay = 1.45> <FuncUnit> <Opcode : 'udiv' 'sdiv' 'urem' 'srem'> <InPorts = 2> <OutPorts = 1>
ST_16 : Operation 151 [23/36] (1.45ns)   --->   "%result_9 = srem i32 %absoluteSourceRow_2, i32 5" [../src/gaussian_blur.cpp:22->../src/gaussian_blur.cpp:81]   --->   Operation 151 'srem' 'result_9' <Predicate = true> <Delay = 1.45> <CoreInst = "Divider">   --->   Core 6 'Divider' <Latency = 35> <II = 1> <Delay = 1.45> <FuncUnit> <Opcode : 'udiv' 'sdiv' 'urem' 'srem'> <InPorts = 2> <OutPorts = 1>
ST_16 : Operation 152 [24/36] (1.45ns)   --->   "%result_10 = srem i32 %absoluteSourceRow_3, i32 5" [../src/gaussian_blur.cpp:22->../src/gaussian_blur.cpp:81]   --->   Operation 152 'srem' 'result_10' <Predicate = true> <Delay = 1.45> <CoreInst = "Divider">   --->   Core 6 'Divider' <Latency = 35> <II = 1> <Delay = 1.45> <FuncUnit> <Opcode : 'udiv' 'sdiv' 'urem' 'srem'> <InPorts = 2> <OutPorts = 1>

State 17 <SV = 16> <Delay = 1.45>
ST_17 : Operation 153 [20/36] (1.45ns)   --->   "%result = srem i32 %absoluteSourceRow, i32 5" [../src/gaussian_blur.cpp:22->../src/gaussian_blur.cpp:81]   --->   Operation 153 'srem' 'result' <Predicate = true> <Delay = 1.45> <CoreInst = "Divider">   --->   Core 6 'Divider' <Latency = 35> <II = 1> <Delay = 1.45> <FuncUnit> <Opcode : 'udiv' 'sdiv' 'urem' 'srem'> <InPorts = 2> <OutPorts = 1>
ST_17 : Operation 154 [21/36] (1.45ns)   --->   "%result_8 = srem i32 %absoluteSourceRow_1, i32 5" [../src/gaussian_blur.cpp:22->../src/gaussian_blur.cpp:81]   --->   Operation 154 'srem' 'result_8' <Predicate = true> <Delay = 1.45> <CoreInst = "Divider">   --->   Core 6 'Divider' <Latency = 35> <II = 1> <Delay = 1.45> <FuncUnit> <Opcode : 'udiv' 'sdiv' 'urem' 'srem'> <InPorts = 2> <OutPorts = 1>
ST_17 : Operation 155 [22/36] (1.45ns)   --->   "%result_9 = srem i32 %absoluteSourceRow_2, i32 5" [../src/gaussian_blur.cpp:22->../src/gaussian_blur.cpp:81]   --->   Operation 155 'srem' 'result_9' <Predicate = true> <Delay = 1.45> <CoreInst = "Divider">   --->   Core 6 'Divider' <Latency = 35> <II = 1> <Delay = 1.45> <FuncUnit> <Opcode : 'udiv' 'sdiv' 'urem' 'srem'> <InPorts = 2> <OutPorts = 1>
ST_17 : Operation 156 [23/36] (1.45ns)   --->   "%result_10 = srem i32 %absoluteSourceRow_3, i32 5" [../src/gaussian_blur.cpp:22->../src/gaussian_blur.cpp:81]   --->   Operation 156 'srem' 'result_10' <Predicate = true> <Delay = 1.45> <CoreInst = "Divider">   --->   Core 6 'Divider' <Latency = 35> <II = 1> <Delay = 1.45> <FuncUnit> <Opcode : 'udiv' 'sdiv' 'urem' 'srem'> <InPorts = 2> <OutPorts = 1>

State 18 <SV = 17> <Delay = 1.45>
ST_18 : Operation 157 [19/36] (1.45ns)   --->   "%result = srem i32 %absoluteSourceRow, i32 5" [../src/gaussian_blur.cpp:22->../src/gaussian_blur.cpp:81]   --->   Operation 157 'srem' 'result' <Predicate = true> <Delay = 1.45> <CoreInst = "Divider">   --->   Core 6 'Divider' <Latency = 35> <II = 1> <Delay = 1.45> <FuncUnit> <Opcode : 'udiv' 'sdiv' 'urem' 'srem'> <InPorts = 2> <OutPorts = 1>
ST_18 : Operation 158 [20/36] (1.45ns)   --->   "%result_8 = srem i32 %absoluteSourceRow_1, i32 5" [../src/gaussian_blur.cpp:22->../src/gaussian_blur.cpp:81]   --->   Operation 158 'srem' 'result_8' <Predicate = true> <Delay = 1.45> <CoreInst = "Divider">   --->   Core 6 'Divider' <Latency = 35> <II = 1> <Delay = 1.45> <FuncUnit> <Opcode : 'udiv' 'sdiv' 'urem' 'srem'> <InPorts = 2> <OutPorts = 1>
ST_18 : Operation 159 [21/36] (1.45ns)   --->   "%result_9 = srem i32 %absoluteSourceRow_2, i32 5" [../src/gaussian_blur.cpp:22->../src/gaussian_blur.cpp:81]   --->   Operation 159 'srem' 'result_9' <Predicate = true> <Delay = 1.45> <CoreInst = "Divider">   --->   Core 6 'Divider' <Latency = 35> <II = 1> <Delay = 1.45> <FuncUnit> <Opcode : 'udiv' 'sdiv' 'urem' 'srem'> <InPorts = 2> <OutPorts = 1>
ST_18 : Operation 160 [22/36] (1.45ns)   --->   "%result_10 = srem i32 %absoluteSourceRow_3, i32 5" [../src/gaussian_blur.cpp:22->../src/gaussian_blur.cpp:81]   --->   Operation 160 'srem' 'result_10' <Predicate = true> <Delay = 1.45> <CoreInst = "Divider">   --->   Core 6 'Divider' <Latency = 35> <II = 1> <Delay = 1.45> <FuncUnit> <Opcode : 'udiv' 'sdiv' 'urem' 'srem'> <InPorts = 2> <OutPorts = 1>

State 19 <SV = 18> <Delay = 1.45>
ST_19 : Operation 161 [18/36] (1.45ns)   --->   "%result = srem i32 %absoluteSourceRow, i32 5" [../src/gaussian_blur.cpp:22->../src/gaussian_blur.cpp:81]   --->   Operation 161 'srem' 'result' <Predicate = true> <Delay = 1.45> <CoreInst = "Divider">   --->   Core 6 'Divider' <Latency = 35> <II = 1> <Delay = 1.45> <FuncUnit> <Opcode : 'udiv' 'sdiv' 'urem' 'srem'> <InPorts = 2> <OutPorts = 1>
ST_19 : Operation 162 [19/36] (1.45ns)   --->   "%result_8 = srem i32 %absoluteSourceRow_1, i32 5" [../src/gaussian_blur.cpp:22->../src/gaussian_blur.cpp:81]   --->   Operation 162 'srem' 'result_8' <Predicate = true> <Delay = 1.45> <CoreInst = "Divider">   --->   Core 6 'Divider' <Latency = 35> <II = 1> <Delay = 1.45> <FuncUnit> <Opcode : 'udiv' 'sdiv' 'urem' 'srem'> <InPorts = 2> <OutPorts = 1>
ST_19 : Operation 163 [20/36] (1.45ns)   --->   "%result_9 = srem i32 %absoluteSourceRow_2, i32 5" [../src/gaussian_blur.cpp:22->../src/gaussian_blur.cpp:81]   --->   Operation 163 'srem' 'result_9' <Predicate = true> <Delay = 1.45> <CoreInst = "Divider">   --->   Core 6 'Divider' <Latency = 35> <II = 1> <Delay = 1.45> <FuncUnit> <Opcode : 'udiv' 'sdiv' 'urem' 'srem'> <InPorts = 2> <OutPorts = 1>
ST_19 : Operation 164 [21/36] (1.45ns)   --->   "%result_10 = srem i32 %absoluteSourceRow_3, i32 5" [../src/gaussian_blur.cpp:22->../src/gaussian_blur.cpp:81]   --->   Operation 164 'srem' 'result_10' <Predicate = true> <Delay = 1.45> <CoreInst = "Divider">   --->   Core 6 'Divider' <Latency = 35> <II = 1> <Delay = 1.45> <FuncUnit> <Opcode : 'udiv' 'sdiv' 'urem' 'srem'> <InPorts = 2> <OutPorts = 1>

State 20 <SV = 19> <Delay = 1.45>
ST_20 : Operation 165 [17/36] (1.45ns)   --->   "%result = srem i32 %absoluteSourceRow, i32 5" [../src/gaussian_blur.cpp:22->../src/gaussian_blur.cpp:81]   --->   Operation 165 'srem' 'result' <Predicate = true> <Delay = 1.45> <CoreInst = "Divider">   --->   Core 6 'Divider' <Latency = 35> <II = 1> <Delay = 1.45> <FuncUnit> <Opcode : 'udiv' 'sdiv' 'urem' 'srem'> <InPorts = 2> <OutPorts = 1>
ST_20 : Operation 166 [18/36] (1.45ns)   --->   "%result_8 = srem i32 %absoluteSourceRow_1, i32 5" [../src/gaussian_blur.cpp:22->../src/gaussian_blur.cpp:81]   --->   Operation 166 'srem' 'result_8' <Predicate = true> <Delay = 1.45> <CoreInst = "Divider">   --->   Core 6 'Divider' <Latency = 35> <II = 1> <Delay = 1.45> <FuncUnit> <Opcode : 'udiv' 'sdiv' 'urem' 'srem'> <InPorts = 2> <OutPorts = 1>
ST_20 : Operation 167 [19/36] (1.45ns)   --->   "%result_9 = srem i32 %absoluteSourceRow_2, i32 5" [../src/gaussian_blur.cpp:22->../src/gaussian_blur.cpp:81]   --->   Operation 167 'srem' 'result_9' <Predicate = true> <Delay = 1.45> <CoreInst = "Divider">   --->   Core 6 'Divider' <Latency = 35> <II = 1> <Delay = 1.45> <FuncUnit> <Opcode : 'udiv' 'sdiv' 'urem' 'srem'> <InPorts = 2> <OutPorts = 1>
ST_20 : Operation 168 [20/36] (1.45ns)   --->   "%result_10 = srem i32 %absoluteSourceRow_3, i32 5" [../src/gaussian_blur.cpp:22->../src/gaussian_blur.cpp:81]   --->   Operation 168 'srem' 'result_10' <Predicate = true> <Delay = 1.45> <CoreInst = "Divider">   --->   Core 6 'Divider' <Latency = 35> <II = 1> <Delay = 1.45> <FuncUnit> <Opcode : 'udiv' 'sdiv' 'urem' 'srem'> <InPorts = 2> <OutPorts = 1>

State 21 <SV = 20> <Delay = 1.45>
ST_21 : Operation 169 [16/36] (1.45ns)   --->   "%result = srem i32 %absoluteSourceRow, i32 5" [../src/gaussian_blur.cpp:22->../src/gaussian_blur.cpp:81]   --->   Operation 169 'srem' 'result' <Predicate = true> <Delay = 1.45> <CoreInst = "Divider">   --->   Core 6 'Divider' <Latency = 35> <II = 1> <Delay = 1.45> <FuncUnit> <Opcode : 'udiv' 'sdiv' 'urem' 'srem'> <InPorts = 2> <OutPorts = 1>
ST_21 : Operation 170 [17/36] (1.45ns)   --->   "%result_8 = srem i32 %absoluteSourceRow_1, i32 5" [../src/gaussian_blur.cpp:22->../src/gaussian_blur.cpp:81]   --->   Operation 170 'srem' 'result_8' <Predicate = true> <Delay = 1.45> <CoreInst = "Divider">   --->   Core 6 'Divider' <Latency = 35> <II = 1> <Delay = 1.45> <FuncUnit> <Opcode : 'udiv' 'sdiv' 'urem' 'srem'> <InPorts = 2> <OutPorts = 1>
ST_21 : Operation 171 [18/36] (1.45ns)   --->   "%result_9 = srem i32 %absoluteSourceRow_2, i32 5" [../src/gaussian_blur.cpp:22->../src/gaussian_blur.cpp:81]   --->   Operation 171 'srem' 'result_9' <Predicate = true> <Delay = 1.45> <CoreInst = "Divider">   --->   Core 6 'Divider' <Latency = 35> <II = 1> <Delay = 1.45> <FuncUnit> <Opcode : 'udiv' 'sdiv' 'urem' 'srem'> <InPorts = 2> <OutPorts = 1>
ST_21 : Operation 172 [19/36] (1.45ns)   --->   "%result_10 = srem i32 %absoluteSourceRow_3, i32 5" [../src/gaussian_blur.cpp:22->../src/gaussian_blur.cpp:81]   --->   Operation 172 'srem' 'result_10' <Predicate = true> <Delay = 1.45> <CoreInst = "Divider">   --->   Core 6 'Divider' <Latency = 35> <II = 1> <Delay = 1.45> <FuncUnit> <Opcode : 'udiv' 'sdiv' 'urem' 'srem'> <InPorts = 2> <OutPorts = 1>

State 22 <SV = 21> <Delay = 1.45>
ST_22 : Operation 173 [15/36] (1.45ns)   --->   "%result = srem i32 %absoluteSourceRow, i32 5" [../src/gaussian_blur.cpp:22->../src/gaussian_blur.cpp:81]   --->   Operation 173 'srem' 'result' <Predicate = true> <Delay = 1.45> <CoreInst = "Divider">   --->   Core 6 'Divider' <Latency = 35> <II = 1> <Delay = 1.45> <FuncUnit> <Opcode : 'udiv' 'sdiv' 'urem' 'srem'> <InPorts = 2> <OutPorts = 1>
ST_22 : Operation 174 [16/36] (1.45ns)   --->   "%result_8 = srem i32 %absoluteSourceRow_1, i32 5" [../src/gaussian_blur.cpp:22->../src/gaussian_blur.cpp:81]   --->   Operation 174 'srem' 'result_8' <Predicate = true> <Delay = 1.45> <CoreInst = "Divider">   --->   Core 6 'Divider' <Latency = 35> <II = 1> <Delay = 1.45> <FuncUnit> <Opcode : 'udiv' 'sdiv' 'urem' 'srem'> <InPorts = 2> <OutPorts = 1>
ST_22 : Operation 175 [17/36] (1.45ns)   --->   "%result_9 = srem i32 %absoluteSourceRow_2, i32 5" [../src/gaussian_blur.cpp:22->../src/gaussian_blur.cpp:81]   --->   Operation 175 'srem' 'result_9' <Predicate = true> <Delay = 1.45> <CoreInst = "Divider">   --->   Core 6 'Divider' <Latency = 35> <II = 1> <Delay = 1.45> <FuncUnit> <Opcode : 'udiv' 'sdiv' 'urem' 'srem'> <InPorts = 2> <OutPorts = 1>
ST_22 : Operation 176 [18/36] (1.45ns)   --->   "%result_10 = srem i32 %absoluteSourceRow_3, i32 5" [../src/gaussian_blur.cpp:22->../src/gaussian_blur.cpp:81]   --->   Operation 176 'srem' 'result_10' <Predicate = true> <Delay = 1.45> <CoreInst = "Divider">   --->   Core 6 'Divider' <Latency = 35> <II = 1> <Delay = 1.45> <FuncUnit> <Opcode : 'udiv' 'sdiv' 'urem' 'srem'> <InPorts = 2> <OutPorts = 1>

State 23 <SV = 22> <Delay = 1.45>
ST_23 : Operation 177 [14/36] (1.45ns)   --->   "%result = srem i32 %absoluteSourceRow, i32 5" [../src/gaussian_blur.cpp:22->../src/gaussian_blur.cpp:81]   --->   Operation 177 'srem' 'result' <Predicate = true> <Delay = 1.45> <CoreInst = "Divider">   --->   Core 6 'Divider' <Latency = 35> <II = 1> <Delay = 1.45> <FuncUnit> <Opcode : 'udiv' 'sdiv' 'urem' 'srem'> <InPorts = 2> <OutPorts = 1>
ST_23 : Operation 178 [15/36] (1.45ns)   --->   "%result_8 = srem i32 %absoluteSourceRow_1, i32 5" [../src/gaussian_blur.cpp:22->../src/gaussian_blur.cpp:81]   --->   Operation 178 'srem' 'result_8' <Predicate = true> <Delay = 1.45> <CoreInst = "Divider">   --->   Core 6 'Divider' <Latency = 35> <II = 1> <Delay = 1.45> <FuncUnit> <Opcode : 'udiv' 'sdiv' 'urem' 'srem'> <InPorts = 2> <OutPorts = 1>
ST_23 : Operation 179 [16/36] (1.45ns)   --->   "%result_9 = srem i32 %absoluteSourceRow_2, i32 5" [../src/gaussian_blur.cpp:22->../src/gaussian_blur.cpp:81]   --->   Operation 179 'srem' 'result_9' <Predicate = true> <Delay = 1.45> <CoreInst = "Divider">   --->   Core 6 'Divider' <Latency = 35> <II = 1> <Delay = 1.45> <FuncUnit> <Opcode : 'udiv' 'sdiv' 'urem' 'srem'> <InPorts = 2> <OutPorts = 1>
ST_23 : Operation 180 [17/36] (1.45ns)   --->   "%result_10 = srem i32 %absoluteSourceRow_3, i32 5" [../src/gaussian_blur.cpp:22->../src/gaussian_blur.cpp:81]   --->   Operation 180 'srem' 'result_10' <Predicate = true> <Delay = 1.45> <CoreInst = "Divider">   --->   Core 6 'Divider' <Latency = 35> <II = 1> <Delay = 1.45> <FuncUnit> <Opcode : 'udiv' 'sdiv' 'urem' 'srem'> <InPorts = 2> <OutPorts = 1>

State 24 <SV = 23> <Delay = 1.45>
ST_24 : Operation 181 [13/36] (1.45ns)   --->   "%result = srem i32 %absoluteSourceRow, i32 5" [../src/gaussian_blur.cpp:22->../src/gaussian_blur.cpp:81]   --->   Operation 181 'srem' 'result' <Predicate = true> <Delay = 1.45> <CoreInst = "Divider">   --->   Core 6 'Divider' <Latency = 35> <II = 1> <Delay = 1.45> <FuncUnit> <Opcode : 'udiv' 'sdiv' 'urem' 'srem'> <InPorts = 2> <OutPorts = 1>
ST_24 : Operation 182 [14/36] (1.45ns)   --->   "%result_8 = srem i32 %absoluteSourceRow_1, i32 5" [../src/gaussian_blur.cpp:22->../src/gaussian_blur.cpp:81]   --->   Operation 182 'srem' 'result_8' <Predicate = true> <Delay = 1.45> <CoreInst = "Divider">   --->   Core 6 'Divider' <Latency = 35> <II = 1> <Delay = 1.45> <FuncUnit> <Opcode : 'udiv' 'sdiv' 'urem' 'srem'> <InPorts = 2> <OutPorts = 1>
ST_24 : Operation 183 [15/36] (1.45ns)   --->   "%result_9 = srem i32 %absoluteSourceRow_2, i32 5" [../src/gaussian_blur.cpp:22->../src/gaussian_blur.cpp:81]   --->   Operation 183 'srem' 'result_9' <Predicate = true> <Delay = 1.45> <CoreInst = "Divider">   --->   Core 6 'Divider' <Latency = 35> <II = 1> <Delay = 1.45> <FuncUnit> <Opcode : 'udiv' 'sdiv' 'urem' 'srem'> <InPorts = 2> <OutPorts = 1>
ST_24 : Operation 184 [16/36] (1.45ns)   --->   "%result_10 = srem i32 %absoluteSourceRow_3, i32 5" [../src/gaussian_blur.cpp:22->../src/gaussian_blur.cpp:81]   --->   Operation 184 'srem' 'result_10' <Predicate = true> <Delay = 1.45> <CoreInst = "Divider">   --->   Core 6 'Divider' <Latency = 35> <II = 1> <Delay = 1.45> <FuncUnit> <Opcode : 'udiv' 'sdiv' 'urem' 'srem'> <InPorts = 2> <OutPorts = 1>

State 25 <SV = 24> <Delay = 1.45>
ST_25 : Operation 185 [12/36] (1.45ns)   --->   "%result = srem i32 %absoluteSourceRow, i32 5" [../src/gaussian_blur.cpp:22->../src/gaussian_blur.cpp:81]   --->   Operation 185 'srem' 'result' <Predicate = true> <Delay = 1.45> <CoreInst = "Divider">   --->   Core 6 'Divider' <Latency = 35> <II = 1> <Delay = 1.45> <FuncUnit> <Opcode : 'udiv' 'sdiv' 'urem' 'srem'> <InPorts = 2> <OutPorts = 1>
ST_25 : Operation 186 [13/36] (1.45ns)   --->   "%result_8 = srem i32 %absoluteSourceRow_1, i32 5" [../src/gaussian_blur.cpp:22->../src/gaussian_blur.cpp:81]   --->   Operation 186 'srem' 'result_8' <Predicate = true> <Delay = 1.45> <CoreInst = "Divider">   --->   Core 6 'Divider' <Latency = 35> <II = 1> <Delay = 1.45> <FuncUnit> <Opcode : 'udiv' 'sdiv' 'urem' 'srem'> <InPorts = 2> <OutPorts = 1>
ST_25 : Operation 187 [14/36] (1.45ns)   --->   "%result_9 = srem i32 %absoluteSourceRow_2, i32 5" [../src/gaussian_blur.cpp:22->../src/gaussian_blur.cpp:81]   --->   Operation 187 'srem' 'result_9' <Predicate = true> <Delay = 1.45> <CoreInst = "Divider">   --->   Core 6 'Divider' <Latency = 35> <II = 1> <Delay = 1.45> <FuncUnit> <Opcode : 'udiv' 'sdiv' 'urem' 'srem'> <InPorts = 2> <OutPorts = 1>
ST_25 : Operation 188 [15/36] (1.45ns)   --->   "%result_10 = srem i32 %absoluteSourceRow_3, i32 5" [../src/gaussian_blur.cpp:22->../src/gaussian_blur.cpp:81]   --->   Operation 188 'srem' 'result_10' <Predicate = true> <Delay = 1.45> <CoreInst = "Divider">   --->   Core 6 'Divider' <Latency = 35> <II = 1> <Delay = 1.45> <FuncUnit> <Opcode : 'udiv' 'sdiv' 'urem' 'srem'> <InPorts = 2> <OutPorts = 1>

State 26 <SV = 25> <Delay = 1.45>
ST_26 : Operation 189 [11/36] (1.45ns)   --->   "%result = srem i32 %absoluteSourceRow, i32 5" [../src/gaussian_blur.cpp:22->../src/gaussian_blur.cpp:81]   --->   Operation 189 'srem' 'result' <Predicate = true> <Delay = 1.45> <CoreInst = "Divider">   --->   Core 6 'Divider' <Latency = 35> <II = 1> <Delay = 1.45> <FuncUnit> <Opcode : 'udiv' 'sdiv' 'urem' 'srem'> <InPorts = 2> <OutPorts = 1>
ST_26 : Operation 190 [12/36] (1.45ns)   --->   "%result_8 = srem i32 %absoluteSourceRow_1, i32 5" [../src/gaussian_blur.cpp:22->../src/gaussian_blur.cpp:81]   --->   Operation 190 'srem' 'result_8' <Predicate = true> <Delay = 1.45> <CoreInst = "Divider">   --->   Core 6 'Divider' <Latency = 35> <II = 1> <Delay = 1.45> <FuncUnit> <Opcode : 'udiv' 'sdiv' 'urem' 'srem'> <InPorts = 2> <OutPorts = 1>
ST_26 : Operation 191 [13/36] (1.45ns)   --->   "%result_9 = srem i32 %absoluteSourceRow_2, i32 5" [../src/gaussian_blur.cpp:22->../src/gaussian_blur.cpp:81]   --->   Operation 191 'srem' 'result_9' <Predicate = true> <Delay = 1.45> <CoreInst = "Divider">   --->   Core 6 'Divider' <Latency = 35> <II = 1> <Delay = 1.45> <FuncUnit> <Opcode : 'udiv' 'sdiv' 'urem' 'srem'> <InPorts = 2> <OutPorts = 1>
ST_26 : Operation 192 [14/36] (1.45ns)   --->   "%result_10 = srem i32 %absoluteSourceRow_3, i32 5" [../src/gaussian_blur.cpp:22->../src/gaussian_blur.cpp:81]   --->   Operation 192 'srem' 'result_10' <Predicate = true> <Delay = 1.45> <CoreInst = "Divider">   --->   Core 6 'Divider' <Latency = 35> <II = 1> <Delay = 1.45> <FuncUnit> <Opcode : 'udiv' 'sdiv' 'urem' 'srem'> <InPorts = 2> <OutPorts = 1>

State 27 <SV = 26> <Delay = 1.45>
ST_27 : Operation 193 [10/36] (1.45ns)   --->   "%result = srem i32 %absoluteSourceRow, i32 5" [../src/gaussian_blur.cpp:22->../src/gaussian_blur.cpp:81]   --->   Operation 193 'srem' 'result' <Predicate = true> <Delay = 1.45> <CoreInst = "Divider">   --->   Core 6 'Divider' <Latency = 35> <II = 1> <Delay = 1.45> <FuncUnit> <Opcode : 'udiv' 'sdiv' 'urem' 'srem'> <InPorts = 2> <OutPorts = 1>
ST_27 : Operation 194 [11/36] (1.45ns)   --->   "%result_8 = srem i32 %absoluteSourceRow_1, i32 5" [../src/gaussian_blur.cpp:22->../src/gaussian_blur.cpp:81]   --->   Operation 194 'srem' 'result_8' <Predicate = true> <Delay = 1.45> <CoreInst = "Divider">   --->   Core 6 'Divider' <Latency = 35> <II = 1> <Delay = 1.45> <FuncUnit> <Opcode : 'udiv' 'sdiv' 'urem' 'srem'> <InPorts = 2> <OutPorts = 1>
ST_27 : Operation 195 [12/36] (1.45ns)   --->   "%result_9 = srem i32 %absoluteSourceRow_2, i32 5" [../src/gaussian_blur.cpp:22->../src/gaussian_blur.cpp:81]   --->   Operation 195 'srem' 'result_9' <Predicate = true> <Delay = 1.45> <CoreInst = "Divider">   --->   Core 6 'Divider' <Latency = 35> <II = 1> <Delay = 1.45> <FuncUnit> <Opcode : 'udiv' 'sdiv' 'urem' 'srem'> <InPorts = 2> <OutPorts = 1>
ST_27 : Operation 196 [13/36] (1.45ns)   --->   "%result_10 = srem i32 %absoluteSourceRow_3, i32 5" [../src/gaussian_blur.cpp:22->../src/gaussian_blur.cpp:81]   --->   Operation 196 'srem' 'result_10' <Predicate = true> <Delay = 1.45> <CoreInst = "Divider">   --->   Core 6 'Divider' <Latency = 35> <II = 1> <Delay = 1.45> <FuncUnit> <Opcode : 'udiv' 'sdiv' 'urem' 'srem'> <InPorts = 2> <OutPorts = 1>

State 28 <SV = 27> <Delay = 1.45>
ST_28 : Operation 197 [9/36] (1.45ns)   --->   "%result = srem i32 %absoluteSourceRow, i32 5" [../src/gaussian_blur.cpp:22->../src/gaussian_blur.cpp:81]   --->   Operation 197 'srem' 'result' <Predicate = true> <Delay = 1.45> <CoreInst = "Divider">   --->   Core 6 'Divider' <Latency = 35> <II = 1> <Delay = 1.45> <FuncUnit> <Opcode : 'udiv' 'sdiv' 'urem' 'srem'> <InPorts = 2> <OutPorts = 1>
ST_28 : Operation 198 [10/36] (1.45ns)   --->   "%result_8 = srem i32 %absoluteSourceRow_1, i32 5" [../src/gaussian_blur.cpp:22->../src/gaussian_blur.cpp:81]   --->   Operation 198 'srem' 'result_8' <Predicate = true> <Delay = 1.45> <CoreInst = "Divider">   --->   Core 6 'Divider' <Latency = 35> <II = 1> <Delay = 1.45> <FuncUnit> <Opcode : 'udiv' 'sdiv' 'urem' 'srem'> <InPorts = 2> <OutPorts = 1>
ST_28 : Operation 199 [11/36] (1.45ns)   --->   "%result_9 = srem i32 %absoluteSourceRow_2, i32 5" [../src/gaussian_blur.cpp:22->../src/gaussian_blur.cpp:81]   --->   Operation 199 'srem' 'result_9' <Predicate = true> <Delay = 1.45> <CoreInst = "Divider">   --->   Core 6 'Divider' <Latency = 35> <II = 1> <Delay = 1.45> <FuncUnit> <Opcode : 'udiv' 'sdiv' 'urem' 'srem'> <InPorts = 2> <OutPorts = 1>
ST_28 : Operation 200 [12/36] (1.45ns)   --->   "%result_10 = srem i32 %absoluteSourceRow_3, i32 5" [../src/gaussian_blur.cpp:22->../src/gaussian_blur.cpp:81]   --->   Operation 200 'srem' 'result_10' <Predicate = true> <Delay = 1.45> <CoreInst = "Divider">   --->   Core 6 'Divider' <Latency = 35> <II = 1> <Delay = 1.45> <FuncUnit> <Opcode : 'udiv' 'sdiv' 'urem' 'srem'> <InPorts = 2> <OutPorts = 1>

State 29 <SV = 28> <Delay = 1.45>
ST_29 : Operation 201 [8/36] (1.45ns)   --->   "%result = srem i32 %absoluteSourceRow, i32 5" [../src/gaussian_blur.cpp:22->../src/gaussian_blur.cpp:81]   --->   Operation 201 'srem' 'result' <Predicate = true> <Delay = 1.45> <CoreInst = "Divider">   --->   Core 6 'Divider' <Latency = 35> <II = 1> <Delay = 1.45> <FuncUnit> <Opcode : 'udiv' 'sdiv' 'urem' 'srem'> <InPorts = 2> <OutPorts = 1>
ST_29 : Operation 202 [9/36] (1.45ns)   --->   "%result_8 = srem i32 %absoluteSourceRow_1, i32 5" [../src/gaussian_blur.cpp:22->../src/gaussian_blur.cpp:81]   --->   Operation 202 'srem' 'result_8' <Predicate = true> <Delay = 1.45> <CoreInst = "Divider">   --->   Core 6 'Divider' <Latency = 35> <II = 1> <Delay = 1.45> <FuncUnit> <Opcode : 'udiv' 'sdiv' 'urem' 'srem'> <InPorts = 2> <OutPorts = 1>
ST_29 : Operation 203 [10/36] (1.45ns)   --->   "%result_9 = srem i32 %absoluteSourceRow_2, i32 5" [../src/gaussian_blur.cpp:22->../src/gaussian_blur.cpp:81]   --->   Operation 203 'srem' 'result_9' <Predicate = true> <Delay = 1.45> <CoreInst = "Divider">   --->   Core 6 'Divider' <Latency = 35> <II = 1> <Delay = 1.45> <FuncUnit> <Opcode : 'udiv' 'sdiv' 'urem' 'srem'> <InPorts = 2> <OutPorts = 1>
ST_29 : Operation 204 [11/36] (1.45ns)   --->   "%result_10 = srem i32 %absoluteSourceRow_3, i32 5" [../src/gaussian_blur.cpp:22->../src/gaussian_blur.cpp:81]   --->   Operation 204 'srem' 'result_10' <Predicate = true> <Delay = 1.45> <CoreInst = "Divider">   --->   Core 6 'Divider' <Latency = 35> <II = 1> <Delay = 1.45> <FuncUnit> <Opcode : 'udiv' 'sdiv' 'urem' 'srem'> <InPorts = 2> <OutPorts = 1>

State 30 <SV = 29> <Delay = 1.45>
ST_30 : Operation 205 [7/36] (1.45ns)   --->   "%result = srem i32 %absoluteSourceRow, i32 5" [../src/gaussian_blur.cpp:22->../src/gaussian_blur.cpp:81]   --->   Operation 205 'srem' 'result' <Predicate = true> <Delay = 1.45> <CoreInst = "Divider">   --->   Core 6 'Divider' <Latency = 35> <II = 1> <Delay = 1.45> <FuncUnit> <Opcode : 'udiv' 'sdiv' 'urem' 'srem'> <InPorts = 2> <OutPorts = 1>
ST_30 : Operation 206 [8/36] (1.45ns)   --->   "%result_8 = srem i32 %absoluteSourceRow_1, i32 5" [../src/gaussian_blur.cpp:22->../src/gaussian_blur.cpp:81]   --->   Operation 206 'srem' 'result_8' <Predicate = true> <Delay = 1.45> <CoreInst = "Divider">   --->   Core 6 'Divider' <Latency = 35> <II = 1> <Delay = 1.45> <FuncUnit> <Opcode : 'udiv' 'sdiv' 'urem' 'srem'> <InPorts = 2> <OutPorts = 1>
ST_30 : Operation 207 [9/36] (1.45ns)   --->   "%result_9 = srem i32 %absoluteSourceRow_2, i32 5" [../src/gaussian_blur.cpp:22->../src/gaussian_blur.cpp:81]   --->   Operation 207 'srem' 'result_9' <Predicate = true> <Delay = 1.45> <CoreInst = "Divider">   --->   Core 6 'Divider' <Latency = 35> <II = 1> <Delay = 1.45> <FuncUnit> <Opcode : 'udiv' 'sdiv' 'urem' 'srem'> <InPorts = 2> <OutPorts = 1>
ST_30 : Operation 208 [10/36] (1.45ns)   --->   "%result_10 = srem i32 %absoluteSourceRow_3, i32 5" [../src/gaussian_blur.cpp:22->../src/gaussian_blur.cpp:81]   --->   Operation 208 'srem' 'result_10' <Predicate = true> <Delay = 1.45> <CoreInst = "Divider">   --->   Core 6 'Divider' <Latency = 35> <II = 1> <Delay = 1.45> <FuncUnit> <Opcode : 'udiv' 'sdiv' 'urem' 'srem'> <InPorts = 2> <OutPorts = 1>

State 31 <SV = 30> <Delay = 1.45>
ST_31 : Operation 209 [6/36] (1.45ns)   --->   "%result = srem i32 %absoluteSourceRow, i32 5" [../src/gaussian_blur.cpp:22->../src/gaussian_blur.cpp:81]   --->   Operation 209 'srem' 'result' <Predicate = true> <Delay = 1.45> <CoreInst = "Divider">   --->   Core 6 'Divider' <Latency = 35> <II = 1> <Delay = 1.45> <FuncUnit> <Opcode : 'udiv' 'sdiv' 'urem' 'srem'> <InPorts = 2> <OutPorts = 1>
ST_31 : Operation 210 [7/36] (1.45ns)   --->   "%result_8 = srem i32 %absoluteSourceRow_1, i32 5" [../src/gaussian_blur.cpp:22->../src/gaussian_blur.cpp:81]   --->   Operation 210 'srem' 'result_8' <Predicate = true> <Delay = 1.45> <CoreInst = "Divider">   --->   Core 6 'Divider' <Latency = 35> <II = 1> <Delay = 1.45> <FuncUnit> <Opcode : 'udiv' 'sdiv' 'urem' 'srem'> <InPorts = 2> <OutPorts = 1>
ST_31 : Operation 211 [8/36] (1.45ns)   --->   "%result_9 = srem i32 %absoluteSourceRow_2, i32 5" [../src/gaussian_blur.cpp:22->../src/gaussian_blur.cpp:81]   --->   Operation 211 'srem' 'result_9' <Predicate = true> <Delay = 1.45> <CoreInst = "Divider">   --->   Core 6 'Divider' <Latency = 35> <II = 1> <Delay = 1.45> <FuncUnit> <Opcode : 'udiv' 'sdiv' 'urem' 'srem'> <InPorts = 2> <OutPorts = 1>
ST_31 : Operation 212 [9/36] (1.45ns)   --->   "%result_10 = srem i32 %absoluteSourceRow_3, i32 5" [../src/gaussian_blur.cpp:22->../src/gaussian_blur.cpp:81]   --->   Operation 212 'srem' 'result_10' <Predicate = true> <Delay = 1.45> <CoreInst = "Divider">   --->   Core 6 'Divider' <Latency = 35> <II = 1> <Delay = 1.45> <FuncUnit> <Opcode : 'udiv' 'sdiv' 'urem' 'srem'> <InPorts = 2> <OutPorts = 1>

State 32 <SV = 31> <Delay = 1.45>
ST_32 : Operation 213 [5/36] (1.45ns)   --->   "%result = srem i32 %absoluteSourceRow, i32 5" [../src/gaussian_blur.cpp:22->../src/gaussian_blur.cpp:81]   --->   Operation 213 'srem' 'result' <Predicate = true> <Delay = 1.45> <CoreInst = "Divider">   --->   Core 6 'Divider' <Latency = 35> <II = 1> <Delay = 1.45> <FuncUnit> <Opcode : 'udiv' 'sdiv' 'urem' 'srem'> <InPorts = 2> <OutPorts = 1>
ST_32 : Operation 214 [6/36] (1.45ns)   --->   "%result_8 = srem i32 %absoluteSourceRow_1, i32 5" [../src/gaussian_blur.cpp:22->../src/gaussian_blur.cpp:81]   --->   Operation 214 'srem' 'result_8' <Predicate = true> <Delay = 1.45> <CoreInst = "Divider">   --->   Core 6 'Divider' <Latency = 35> <II = 1> <Delay = 1.45> <FuncUnit> <Opcode : 'udiv' 'sdiv' 'urem' 'srem'> <InPorts = 2> <OutPorts = 1>
ST_32 : Operation 215 [7/36] (1.45ns)   --->   "%result_9 = srem i32 %absoluteSourceRow_2, i32 5" [../src/gaussian_blur.cpp:22->../src/gaussian_blur.cpp:81]   --->   Operation 215 'srem' 'result_9' <Predicate = true> <Delay = 1.45> <CoreInst = "Divider">   --->   Core 6 'Divider' <Latency = 35> <II = 1> <Delay = 1.45> <FuncUnit> <Opcode : 'udiv' 'sdiv' 'urem' 'srem'> <InPorts = 2> <OutPorts = 1>
ST_32 : Operation 216 [8/36] (1.45ns)   --->   "%result_10 = srem i32 %absoluteSourceRow_3, i32 5" [../src/gaussian_blur.cpp:22->../src/gaussian_blur.cpp:81]   --->   Operation 216 'srem' 'result_10' <Predicate = true> <Delay = 1.45> <CoreInst = "Divider">   --->   Core 6 'Divider' <Latency = 35> <II = 1> <Delay = 1.45> <FuncUnit> <Opcode : 'udiv' 'sdiv' 'urem' 'srem'> <InPorts = 2> <OutPorts = 1>

State 33 <SV = 32> <Delay = 1.45>
ST_33 : Operation 217 [4/36] (1.45ns)   --->   "%result = srem i32 %absoluteSourceRow, i32 5" [../src/gaussian_blur.cpp:22->../src/gaussian_blur.cpp:81]   --->   Operation 217 'srem' 'result' <Predicate = true> <Delay = 1.45> <CoreInst = "Divider">   --->   Core 6 'Divider' <Latency = 35> <II = 1> <Delay = 1.45> <FuncUnit> <Opcode : 'udiv' 'sdiv' 'urem' 'srem'> <InPorts = 2> <OutPorts = 1>
ST_33 : Operation 218 [5/36] (1.45ns)   --->   "%result_8 = srem i32 %absoluteSourceRow_1, i32 5" [../src/gaussian_blur.cpp:22->../src/gaussian_blur.cpp:81]   --->   Operation 218 'srem' 'result_8' <Predicate = true> <Delay = 1.45> <CoreInst = "Divider">   --->   Core 6 'Divider' <Latency = 35> <II = 1> <Delay = 1.45> <FuncUnit> <Opcode : 'udiv' 'sdiv' 'urem' 'srem'> <InPorts = 2> <OutPorts = 1>
ST_33 : Operation 219 [6/36] (1.45ns)   --->   "%result_9 = srem i32 %absoluteSourceRow_2, i32 5" [../src/gaussian_blur.cpp:22->../src/gaussian_blur.cpp:81]   --->   Operation 219 'srem' 'result_9' <Predicate = true> <Delay = 1.45> <CoreInst = "Divider">   --->   Core 6 'Divider' <Latency = 35> <II = 1> <Delay = 1.45> <FuncUnit> <Opcode : 'udiv' 'sdiv' 'urem' 'srem'> <InPorts = 2> <OutPorts = 1>
ST_33 : Operation 220 [7/36] (1.45ns)   --->   "%result_10 = srem i32 %absoluteSourceRow_3, i32 5" [../src/gaussian_blur.cpp:22->../src/gaussian_blur.cpp:81]   --->   Operation 220 'srem' 'result_10' <Predicate = true> <Delay = 1.45> <CoreInst = "Divider">   --->   Core 6 'Divider' <Latency = 35> <II = 1> <Delay = 1.45> <FuncUnit> <Opcode : 'udiv' 'sdiv' 'urem' 'srem'> <InPorts = 2> <OutPorts = 1>

State 34 <SV = 33> <Delay = 1.45>
ST_34 : Operation 221 [3/36] (1.45ns)   --->   "%result = srem i32 %absoluteSourceRow, i32 5" [../src/gaussian_blur.cpp:22->../src/gaussian_blur.cpp:81]   --->   Operation 221 'srem' 'result' <Predicate = true> <Delay = 1.45> <CoreInst = "Divider">   --->   Core 6 'Divider' <Latency = 35> <II = 1> <Delay = 1.45> <FuncUnit> <Opcode : 'udiv' 'sdiv' 'urem' 'srem'> <InPorts = 2> <OutPorts = 1>
ST_34 : Operation 222 [4/36] (1.45ns)   --->   "%result_8 = srem i32 %absoluteSourceRow_1, i32 5" [../src/gaussian_blur.cpp:22->../src/gaussian_blur.cpp:81]   --->   Operation 222 'srem' 'result_8' <Predicate = true> <Delay = 1.45> <CoreInst = "Divider">   --->   Core 6 'Divider' <Latency = 35> <II = 1> <Delay = 1.45> <FuncUnit> <Opcode : 'udiv' 'sdiv' 'urem' 'srem'> <InPorts = 2> <OutPorts = 1>
ST_34 : Operation 223 [5/36] (1.45ns)   --->   "%result_9 = srem i32 %absoluteSourceRow_2, i32 5" [../src/gaussian_blur.cpp:22->../src/gaussian_blur.cpp:81]   --->   Operation 223 'srem' 'result_9' <Predicate = true> <Delay = 1.45> <CoreInst = "Divider">   --->   Core 6 'Divider' <Latency = 35> <II = 1> <Delay = 1.45> <FuncUnit> <Opcode : 'udiv' 'sdiv' 'urem' 'srem'> <InPorts = 2> <OutPorts = 1>
ST_34 : Operation 224 [6/36] (1.45ns)   --->   "%result_10 = srem i32 %absoluteSourceRow_3, i32 5" [../src/gaussian_blur.cpp:22->../src/gaussian_blur.cpp:81]   --->   Operation 224 'srem' 'result_10' <Predicate = true> <Delay = 1.45> <CoreInst = "Divider">   --->   Core 6 'Divider' <Latency = 35> <II = 1> <Delay = 1.45> <FuncUnit> <Opcode : 'udiv' 'sdiv' 'urem' 'srem'> <InPorts = 2> <OutPorts = 1>

State 35 <SV = 34> <Delay = 1.45>
ST_35 : Operation 225 [2/36] (1.45ns)   --->   "%result = srem i32 %absoluteSourceRow, i32 5" [../src/gaussian_blur.cpp:22->../src/gaussian_blur.cpp:81]   --->   Operation 225 'srem' 'result' <Predicate = true> <Delay = 1.45> <CoreInst = "Divider">   --->   Core 6 'Divider' <Latency = 35> <II = 1> <Delay = 1.45> <FuncUnit> <Opcode : 'udiv' 'sdiv' 'urem' 'srem'> <InPorts = 2> <OutPorts = 1>
ST_35 : Operation 226 [3/36] (1.45ns)   --->   "%result_8 = srem i32 %absoluteSourceRow_1, i32 5" [../src/gaussian_blur.cpp:22->../src/gaussian_blur.cpp:81]   --->   Operation 226 'srem' 'result_8' <Predicate = true> <Delay = 1.45> <CoreInst = "Divider">   --->   Core 6 'Divider' <Latency = 35> <II = 1> <Delay = 1.45> <FuncUnit> <Opcode : 'udiv' 'sdiv' 'urem' 'srem'> <InPorts = 2> <OutPorts = 1>
ST_35 : Operation 227 [4/36] (1.45ns)   --->   "%result_9 = srem i32 %absoluteSourceRow_2, i32 5" [../src/gaussian_blur.cpp:22->../src/gaussian_blur.cpp:81]   --->   Operation 227 'srem' 'result_9' <Predicate = true> <Delay = 1.45> <CoreInst = "Divider">   --->   Core 6 'Divider' <Latency = 35> <II = 1> <Delay = 1.45> <FuncUnit> <Opcode : 'udiv' 'sdiv' 'urem' 'srem'> <InPorts = 2> <OutPorts = 1>
ST_35 : Operation 228 [5/36] (1.45ns)   --->   "%result_10 = srem i32 %absoluteSourceRow_3, i32 5" [../src/gaussian_blur.cpp:22->../src/gaussian_blur.cpp:81]   --->   Operation 228 'srem' 'result_10' <Predicate = true> <Delay = 1.45> <CoreInst = "Divider">   --->   Core 6 'Divider' <Latency = 35> <II = 1> <Delay = 1.45> <FuncUnit> <Opcode : 'udiv' 'sdiv' 'urem' 'srem'> <InPorts = 2> <OutPorts = 1>

State 36 <SV = 35> <Delay = 3.57>
ST_36 : Operation 229 [1/36] (1.45ns)   --->   "%result = srem i32 %absoluteSourceRow, i32 5" [../src/gaussian_blur.cpp:22->../src/gaussian_blur.cpp:81]   --->   Operation 229 'srem' 'result' <Predicate = true> <Delay = 1.45> <CoreInst = "Divider">   --->   Core 6 'Divider' <Latency = 35> <II = 1> <Delay = 1.45> <FuncUnit> <Opcode : 'udiv' 'sdiv' 'urem' 'srem'> <InPorts = 2> <OutPorts = 1>
ST_36 : Operation 230 [1/1] (0.00ns)   --->   "%trunc_ln22 = trunc i32 %result" [../src/gaussian_blur.cpp:22->../src/gaussian_blur.cpp:81]   --->   Operation 230 'trunc' 'trunc_ln22' <Predicate = true> <Delay = 0.00>
ST_36 : Operation 231 [1/1] (0.00ns)   --->   "%tmp_41 = bitselect i1 @_ssdm_op_BitSelect.i1.i32.i32, i32 %result, i32 3" [../src/gaussian_blur.cpp:23->../src/gaussian_blur.cpp:81]   --->   Operation 231 'bitselect' 'tmp_41' <Predicate = true> <Delay = 0.00>
ST_36 : Operation 232 [1/1] (0.67ns)   --->   "%add_ln23 = add i3 %trunc_ln22, i3 5" [../src/gaussian_blur.cpp:23->../src/gaussian_blur.cpp:81]   --->   Operation 232 'add' 'add_ln23' <Predicate = true> <Delay = 0.67> <CoreInst = "Adder">   --->   Core 1 'Adder' <Latency = 0> <II = 1> <Delay = 0.67> <FuncUnit> <Opcode : 'add' 'sub'> <InPorts = 2> <OutPorts = 1>
ST_36 : Operation 233 [1/1] (0.20ns)   --->   "%select_ln23_1 = select i1 %tmp_41, i3 %add_ln23, i3 %trunc_ln22" [../src/gaussian_blur.cpp:23->../src/gaussian_blur.cpp:81]   --->   Operation 233 'select' 'select_ln23_1' <Predicate = true> <Delay = 0.20> <CoreInst = "Sel">   --->   Core 73 'Sel' <Latency = 0> <II = 1> <Delay = 0.20> <FuncUnit> <Opcode : 'select'> <InPorts = 3> <OutPorts = 1>
ST_36 : Operation 234 [1/1] (0.00ns)   --->   "%sourceColumn_4 = trunc i10 %column" [../src/gaussian_blur.cpp:91]   --->   Operation 234 'trunc' 'sourceColumn_4' <Predicate = true> <Delay = 0.00>
ST_36 : Operation 235 [1/1] (0.00ns)   --->   "%tmp_46 = bitconcatenate i12 @_ssdm_op_BitConcatenate.i12.i3.i9, i3 %select_ln23_1, i9 %sourceColumn_4" [../src/gaussian_blur.cpp:95]   --->   Operation 235 'bitconcatenate' 'tmp_46' <Predicate = true> <Delay = 0.00>
ST_36 : Operation 236 [1/1] (0.00ns)   --->   "%zext_ln95_2 = zext i12 %tmp_46" [../src/gaussian_blur.cpp:95]   --->   Operation 236 'zext' 'zext_ln95_2' <Predicate = true> <Delay = 0.00>
ST_36 : Operation 237 [1/1] (0.00ns)   --->   "%lineBuffer_1_addr_4 = getelementptr i8 %lineBuffer_1, i64 0, i64 %zext_ln95_2" [../src/gaussian_blur.cpp:95]   --->   Operation 237 'getelementptr' 'lineBuffer_1_addr_4' <Predicate = true> <Delay = 0.00>
ST_36 : Operation 238 [2/2] (1.23ns)   --->   "%lineBuffer_1_load_1 = load i12 %lineBuffer_1_addr_4" [../src/gaussian_blur.cpp:95]   --->   Operation 238 'load' 'lineBuffer_1_load_1' <Predicate = true> <Delay = 1.23> <CoreInst = "RAM">   --->   Core 82 'RAM' <Latency = 1> <II = 1> <Delay = 1.23> <Storage> <Opcode : 'load' 'store'> <Ports = 2> <Width = 8> <Depth = 2560> <RAM>
ST_36 : Operation 239 [2/36] (1.45ns)   --->   "%result_8 = srem i32 %absoluteSourceRow_1, i32 5" [../src/gaussian_blur.cpp:22->../src/gaussian_blur.cpp:81]   --->   Operation 239 'srem' 'result_8' <Predicate = true> <Delay = 1.45> <CoreInst = "Divider">   --->   Core 6 'Divider' <Latency = 35> <II = 1> <Delay = 1.45> <FuncUnit> <Opcode : 'udiv' 'sdiv' 'urem' 'srem'> <InPorts = 2> <OutPorts = 1>
ST_36 : Operation 240 [3/36] (1.45ns)   --->   "%result_9 = srem i32 %absoluteSourceRow_2, i32 5" [../src/gaussian_blur.cpp:22->../src/gaussian_blur.cpp:81]   --->   Operation 240 'srem' 'result_9' <Predicate = true> <Delay = 1.45> <CoreInst = "Divider">   --->   Core 6 'Divider' <Latency = 35> <II = 1> <Delay = 1.45> <FuncUnit> <Opcode : 'udiv' 'sdiv' 'urem' 'srem'> <InPorts = 2> <OutPorts = 1>
ST_36 : Operation 241 [4/36] (1.45ns)   --->   "%result_10 = srem i32 %absoluteSourceRow_3, i32 5" [../src/gaussian_blur.cpp:22->../src/gaussian_blur.cpp:81]   --->   Operation 241 'srem' 'result_10' <Predicate = true> <Delay = 1.45> <CoreInst = "Divider">   --->   Core 6 'Divider' <Latency = 35> <II = 1> <Delay = 1.45> <FuncUnit> <Opcode : 'udiv' 'sdiv' 'urem' 'srem'> <InPorts = 2> <OutPorts = 1>

State 37 <SV = 36> <Delay = 3.57>
ST_37 : Operation 242 [1/1] (0.00ns)   --->   "%tmp_s = bitconcatenate i12 @_ssdm_op_BitConcatenate.i12.i3.i9, i3 %select_ln23_1, i9 0" [../src/gaussian_blur.cpp:95]   --->   Operation 242 'bitconcatenate' 'tmp_s' <Predicate = true> <Delay = 0.00>
ST_37 : Operation 243 [1/1] (0.00ns)   --->   "%zext_ln91 = zext i9 %sourceColumn_4" [../src/gaussian_blur.cpp:91]   --->   Operation 243 'zext' 'zext_ln91' <Predicate = true> <Delay = 0.00>
ST_37 : Operation 244 [1/1] (0.77ns)   --->   "%add_ln91 = add i10 %zext_ln91, i10 1022" [../src/gaussian_blur.cpp:91]   --->   Operation 244 'add' 'add_ln91' <Predicate = true> <Delay = 0.77> <CoreInst = "Adder">   --->   Core 1 'Adder' <Latency = 0> <II = 1> <Delay = 0.77> <FuncUnit> <Opcode : 'add' 'sub'> <InPorts = 2> <OutPorts = 1>
ST_37 : Operation 245 [1/1] (0.00ns)   --->   "%tmp_42 = bitselect i1 @_ssdm_op_BitSelect.i1.i10.i32, i10 %add_ln91, i32 9" [../src/gaussian_blur.cpp:27->../src/gaussian_blur.cpp:91]   --->   Operation 245 'bitselect' 'tmp_42' <Predicate = true> <Delay = 0.00>
ST_37 : Operation 246 [1/1] (0.77ns)   --->   "%sub_ln28_4 = sub i10 2, i10 %zext_ln91" [../src/gaussian_blur.cpp:28->../src/gaussian_blur.cpp:91]   --->   Operation 246 'sub' 'sub_ln28_4' <Predicate = true> <Delay = 0.77> <CoreInst = "Adder">   --->   Core 1 'Adder' <Latency = 0> <II = 1> <Delay = 0.77> <FuncUnit> <Opcode : 'add' 'sub'> <InPorts = 2> <OutPorts = 1>
ST_37 : Operation 247 [1/1] (0.40ns)   --->   "%sourceColumn = select i1 %tmp_42, i10 %sub_ln28_4, i10 %add_ln91" [../src/gaussian_blur.cpp:27->../src/gaussian_blur.cpp:91]   --->   Operation 247 'select' 'sourceColumn' <Predicate = true> <Delay = 0.40> <CoreInst = "Sel">   --->   Core 73 'Sel' <Latency = 0> <II = 1> <Delay = 0.40> <FuncUnit> <Opcode : 'select'> <InPorts = 3> <OutPorts = 1>
ST_37 : Operation 248 [1/1] (0.00ns)   --->   "%sext_ln95 = sext i10 %sourceColumn" [../src/gaussian_blur.cpp:95]   --->   Operation 248 'sext' 'sext_ln95' <Predicate = true> <Delay = 0.00>
ST_37 : Operation 249 [1/1] (0.80ns)   --->   "%add_ln95 = add i12 %tmp_s, i12 %sext_ln95" [../src/gaussian_blur.cpp:95]   --->   Operation 249 'add' 'add_ln95' <Predicate = true> <Delay = 0.80> <CoreInst = "Adder">   --->   Core 1 'Adder' <Latency = 0> <II = 1> <Delay = 0.80> <FuncUnit> <Opcode : 'add' 'sub'> <InPorts = 2> <OutPorts = 1>
ST_37 : Operation 250 [1/1] (0.00ns)   --->   "%zext_ln95_1 = zext i12 %add_ln95" [../src/gaussian_blur.cpp:95]   --->   Operation 250 'zext' 'zext_ln95_1' <Predicate = true> <Delay = 0.00>
ST_37 : Operation 251 [1/1] (0.00ns)   --->   "%lineBuffer_1_addr = getelementptr i8 %lineBuffer_1, i64 0, i64 %zext_ln95_1" [../src/gaussian_blur.cpp:95]   --->   Operation 251 'getelementptr' 'lineBuffer_1_addr' <Predicate = true> <Delay = 0.00>
ST_37 : Operation 252 [2/2] (1.23ns)   --->   "%sum = load i12 %lineBuffer_1_addr" [../src/gaussian_blur.cpp:95]   --->   Operation 252 'load' 'sum' <Predicate = true> <Delay = 1.23> <CoreInst = "RAM">   --->   Core 82 'RAM' <Latency = 1> <II = 1> <Delay = 1.23> <Storage> <Opcode : 'load' 'store'> <Ports = 2> <Width = 8> <Depth = 2560> <RAM>
ST_37 : Operation 253 [1/2] ( I:1.23ns O:1.23ns )   --->   "%lineBuffer_1_load_1 = load i12 %lineBuffer_1_addr_4" [../src/gaussian_blur.cpp:95]   --->   Operation 253 'load' 'lineBuffer_1_load_1' <Predicate = true> <Delay = 1.23> <CoreInst = "RAM">   --->   Core 82 'RAM' <Latency = 1> <II = 1> <Delay = 1.23> <Storage> <Opcode : 'load' 'store'> <Ports = 2> <Width = 8> <Depth = 2560> <RAM>
ST_37 : Operation 254 [1/36] (1.45ns)   --->   "%result_8 = srem i32 %absoluteSourceRow_1, i32 5" [../src/gaussian_blur.cpp:22->../src/gaussian_blur.cpp:81]   --->   Operation 254 'srem' 'result_8' <Predicate = true> <Delay = 1.45> <CoreInst = "Divider">   --->   Core 6 'Divider' <Latency = 35> <II = 1> <Delay = 1.45> <FuncUnit> <Opcode : 'udiv' 'sdiv' 'urem' 'srem'> <InPorts = 2> <OutPorts = 1>
ST_37 : Operation 255 [1/1] (0.00ns)   --->   "%trunc_ln22_1 = trunc i32 %result_8" [../src/gaussian_blur.cpp:22->../src/gaussian_blur.cpp:81]   --->   Operation 255 'trunc' 'trunc_ln22_1' <Predicate = true> <Delay = 0.00>
ST_37 : Operation 256 [1/1] (0.00ns)   --->   "%tmp_48 = bitselect i1 @_ssdm_op_BitSelect.i1.i32.i32, i32 %result_8, i32 3" [../src/gaussian_blur.cpp:23->../src/gaussian_blur.cpp:81]   --->   Operation 256 'bitselect' 'tmp_48' <Predicate = true> <Delay = 0.00>
ST_37 : Operation 257 [1/1] (0.67ns)   --->   "%add_ln23_1 = add i3 %trunc_ln22_1, i3 5" [../src/gaussian_blur.cpp:23->../src/gaussian_blur.cpp:81]   --->   Operation 257 'add' 'add_ln23_1' <Predicate = true> <Delay = 0.67> <CoreInst = "Adder">   --->   Core 1 'Adder' <Latency = 0> <II = 1> <Delay = 0.67> <FuncUnit> <Opcode : 'add' 'sub'> <InPorts = 2> <OutPorts = 1>
ST_37 : Operation 258 [1/1] (0.20ns)   --->   "%select_ln23_2 = select i1 %tmp_48, i3 %add_ln23_1, i3 %trunc_ln22_1" [../src/gaussian_blur.cpp:23->../src/gaussian_blur.cpp:81]   --->   Operation 258 'select' 'select_ln23_2' <Predicate = true> <Delay = 0.20> <CoreInst = "Sel">   --->   Core 73 'Sel' <Latency = 0> <II = 1> <Delay = 0.20> <FuncUnit> <Opcode : 'select'> <InPorts = 3> <OutPorts = 1>
ST_37 : Operation 259 [1/1] (0.00ns)   --->   "%tmp_50 = bitconcatenate i12 @_ssdm_op_BitConcatenate.i12.i3.i9, i3 %select_ln23_2, i9 %sourceColumn_4" [../src/gaussian_blur.cpp:95]   --->   Operation 259 'bitconcatenate' 'tmp_50' <Predicate = true> <Delay = 0.00>
ST_37 : Operation 260 [1/1] (0.00ns)   --->   "%zext_ln95_11 = zext i12 %tmp_50" [../src/gaussian_blur.cpp:95]   --->   Operation 260 'zext' 'zext_ln95_11' <Predicate = true> <Delay = 0.00>
ST_37 : Operation 261 [1/1] (0.00ns)   --->   "%lineBuffer_1_addr_12 = getelementptr i8 %lineBuffer_1, i64 0, i64 %zext_ln95_11" [../src/gaussian_blur.cpp:95]   --->   Operation 261 'getelementptr' 'lineBuffer_1_addr_12' <Predicate = true> <Delay = 0.00>
ST_37 : Operation 262 [2/2] (1.23ns)   --->   "%lineBuffer_1_load_6 = load i12 %lineBuffer_1_addr_12" [../src/gaussian_blur.cpp:95]   --->   Operation 262 'load' 'lineBuffer_1_load_6' <Predicate = true> <Delay = 1.23> <CoreInst = "RAM">   --->   Core 82 'RAM' <Latency = 1> <II = 1> <Delay = 1.23> <Storage> <Opcode : 'load' 'store'> <Ports = 2> <Width = 8> <Depth = 2560> <RAM>
ST_37 : Operation 263 [2/36] (1.45ns)   --->   "%result_9 = srem i32 %absoluteSourceRow_2, i32 5" [../src/gaussian_blur.cpp:22->../src/gaussian_blur.cpp:81]   --->   Operation 263 'srem' 'result_9' <Predicate = true> <Delay = 1.45> <CoreInst = "Divider">   --->   Core 6 'Divider' <Latency = 35> <II = 1> <Delay = 1.45> <FuncUnit> <Opcode : 'udiv' 'sdiv' 'urem' 'srem'> <InPorts = 2> <OutPorts = 1>
ST_37 : Operation 264 [3/36] (1.45ns)   --->   "%result_10 = srem i32 %absoluteSourceRow_3, i32 5" [../src/gaussian_blur.cpp:22->../src/gaussian_blur.cpp:81]   --->   Operation 264 'srem' 'result_10' <Predicate = true> <Delay = 1.45> <CoreInst = "Divider">   --->   Core 6 'Divider' <Latency = 35> <II = 1> <Delay = 1.45> <FuncUnit> <Opcode : 'udiv' 'sdiv' 'urem' 'srem'> <InPorts = 2> <OutPorts = 1>
ST_37 : Operation 497 [1/1] (0.42ns)   --->   "%ret_ln0 = ret"   --->   Operation 497 'ret' 'ret_ln0' <Predicate = (icmp_ln70)> <Delay = 0.42>

State 38 <SV = 37> <Delay = 3.57>
ST_38 : Operation 265 [1/2] ( I:1.23ns O:1.23ns )   --->   "%sum = load i12 %lineBuffer_1_addr" [../src/gaussian_blur.cpp:95]   --->   Operation 265 'load' 'sum' <Predicate = true> <Delay = 1.23> <CoreInst = "RAM">   --->   Core 82 'RAM' <Latency = 1> <II = 1> <Delay = 1.23> <Storage> <Opcode : 'load' 'store'> <Ports = 2> <Width = 8> <Depth = 2560> <RAM>
ST_38 : Operation 266 [1/1] (0.77ns)   --->   "%add_ln91_1 = add i10 %zext_ln91, i10 1023" [../src/gaussian_blur.cpp:91]   --->   Operation 266 'add' 'add_ln91_1' <Predicate = true> <Delay = 0.77> <CoreInst = "Adder">   --->   Core 1 'Adder' <Latency = 0> <II = 1> <Delay = 0.77> <FuncUnit> <Opcode : 'add' 'sub'> <InPorts = 2> <OutPorts = 1>
ST_38 : Operation 267 [1/1] (0.00ns)   --->   "%tmp_43 = bitselect i1 @_ssdm_op_BitSelect.i1.i10.i32, i10 %add_ln91_1, i32 9" [../src/gaussian_blur.cpp:27->../src/gaussian_blur.cpp:91]   --->   Operation 267 'bitselect' 'tmp_43' <Predicate = true> <Delay = 0.00>
ST_38 : Operation 268 [1/1] (0.77ns)   --->   "%sub_ln28_5 = sub i10 1, i10 %zext_ln91" [../src/gaussian_blur.cpp:28->../src/gaussian_blur.cpp:91]   --->   Operation 268 'sub' 'sub_ln28_5' <Predicate = true> <Delay = 0.77> <CoreInst = "Adder">   --->   Core 1 'Adder' <Latency = 0> <II = 1> <Delay = 0.77> <FuncUnit> <Opcode : 'add' 'sub'> <InPorts = 2> <OutPorts = 1>
ST_38 : Operation 269 [1/1] (0.40ns)   --->   "%sourceColumn_3 = select i1 %tmp_43, i10 %sub_ln28_5, i10 %add_ln91_1" [../src/gaussian_blur.cpp:27->../src/gaussian_blur.cpp:91]   --->   Operation 269 'select' 'sourceColumn_3' <Predicate = true> <Delay = 0.40> <CoreInst = "Sel">   --->   Core 73 'Sel' <Latency = 0> <II = 1> <Delay = 0.40> <FuncUnit> <Opcode : 'select'> <InPorts = 3> <OutPorts = 1>
ST_38 : Operation 270 [1/1] (0.00ns)   --->   "%sext_ln95_1 = sext i10 %sourceColumn_3" [../src/gaussian_blur.cpp:95]   --->   Operation 270 'sext' 'sext_ln95_1' <Predicate = true> <Delay = 0.00>
ST_38 : Operation 271 [1/1] (0.80ns)   --->   "%add_ln95_2 = add i12 %tmp_s, i12 %sext_ln95_1" [../src/gaussian_blur.cpp:95]   --->   Operation 271 'add' 'add_ln95_2' <Predicate = true> <Delay = 0.80> <CoreInst = "Adder">   --->   Core 1 'Adder' <Latency = 0> <II = 1> <Delay = 0.80> <FuncUnit> <Opcode : 'add' 'sub'> <InPorts = 2> <OutPorts = 1>
ST_38 : Operation 272 [1/1] (0.00ns)   --->   "%zext_ln95_4 = zext i12 %add_ln95_2" [../src/gaussian_blur.cpp:95]   --->   Operation 272 'zext' 'zext_ln95_4' <Predicate = true> <Delay = 0.00>
ST_38 : Operation 273 [1/1] (0.00ns)   --->   "%lineBuffer_1_addr_2 = getelementptr i8 %lineBuffer_1, i64 0, i64 %zext_ln95_4" [../src/gaussian_blur.cpp:95]   --->   Operation 273 'getelementptr' 'lineBuffer_1_addr_2' <Predicate = true> <Delay = 0.00>
ST_38 : Operation 274 [2/2] (1.23ns)   --->   "%lineBuffer_1_load = load i12 %lineBuffer_1_addr_2" [../src/gaussian_blur.cpp:95]   --->   Operation 274 'load' 'lineBuffer_1_load' <Predicate = true> <Delay = 1.23> <CoreInst = "RAM">   --->   Core 82 'RAM' <Latency = 1> <II = 1> <Delay = 1.23> <Storage> <Opcode : 'load' 'store'> <Ports = 2> <Width = 8> <Depth = 2560> <RAM>
ST_38 : Operation 275 [1/2] ( I:1.23ns O:1.23ns )   --->   "%lineBuffer_1_load_6 = load i12 %lineBuffer_1_addr_12" [../src/gaussian_blur.cpp:95]   --->   Operation 275 'load' 'lineBuffer_1_load_6' <Predicate = true> <Delay = 1.23> <CoreInst = "RAM">   --->   Core 82 'RAM' <Latency = 1> <II = 1> <Delay = 1.23> <Storage> <Opcode : 'load' 'store'> <Ports = 2> <Width = 8> <Depth = 2560> <RAM>
ST_38 : Operation 276 [1/36] (1.45ns)   --->   "%result_9 = srem i32 %absoluteSourceRow_2, i32 5" [../src/gaussian_blur.cpp:22->../src/gaussian_blur.cpp:81]   --->   Operation 276 'srem' 'result_9' <Predicate = true> <Delay = 1.45> <CoreInst = "Divider">   --->   Core 6 'Divider' <Latency = 35> <II = 1> <Delay = 1.45> <FuncUnit> <Opcode : 'udiv' 'sdiv' 'urem' 'srem'> <InPorts = 2> <OutPorts = 1>
ST_38 : Operation 277 [1/1] (0.00ns)   --->   "%trunc_ln22_2 = trunc i32 %result_9" [../src/gaussian_blur.cpp:22->../src/gaussian_blur.cpp:81]   --->   Operation 277 'trunc' 'trunc_ln22_2' <Predicate = true> <Delay = 0.00>
ST_38 : Operation 278 [1/1] (0.00ns)   --->   "%tmp_53 = bitselect i1 @_ssdm_op_BitSelect.i1.i32.i32, i32 %result_9, i32 3" [../src/gaussian_blur.cpp:23->../src/gaussian_blur.cpp:81]   --->   Operation 278 'bitselect' 'tmp_53' <Predicate = true> <Delay = 0.00>
ST_38 : Operation 279 [1/1] (0.67ns)   --->   "%add_ln23_2 = add i3 %trunc_ln22_2, i3 5" [../src/gaussian_blur.cpp:23->../src/gaussian_blur.cpp:81]   --->   Operation 279 'add' 'add_ln23_2' <Predicate = true> <Delay = 0.67> <CoreInst = "Adder">   --->   Core 1 'Adder' <Latency = 0> <II = 1> <Delay = 0.67> <FuncUnit> <Opcode : 'add' 'sub'> <InPorts = 2> <OutPorts = 1>
ST_38 : Operation 280 [1/1] (0.20ns)   --->   "%select_ln23_3 = select i1 %tmp_53, i3 %add_ln23_2, i3 %trunc_ln22_2" [../src/gaussian_blur.cpp:23->../src/gaussian_blur.cpp:81]   --->   Operation 280 'select' 'select_ln23_3' <Predicate = true> <Delay = 0.20> <CoreInst = "Sel">   --->   Core 73 'Sel' <Latency = 0> <II = 1> <Delay = 0.20> <FuncUnit> <Opcode : 'select'> <InPorts = 3> <OutPorts = 1>
ST_38 : Operation 281 [1/1] (0.00ns)   --->   "%tmp_55 = bitconcatenate i12 @_ssdm_op_BitConcatenate.i12.i3.i9, i3 %select_ln23_3, i9 %sourceColumn_4" [../src/gaussian_blur.cpp:95]   --->   Operation 281 'bitconcatenate' 'tmp_55' <Predicate = true> <Delay = 0.00>
ST_38 : Operation 282 [1/1] (0.00ns)   --->   "%zext_ln95_15 = zext i12 %tmp_55" [../src/gaussian_blur.cpp:95]   --->   Operation 282 'zext' 'zext_ln95_15' <Predicate = true> <Delay = 0.00>
ST_38 : Operation 283 [1/1] (0.00ns)   --->   "%lineBuffer_1_addr_17 = getelementptr i8 %lineBuffer_1, i64 0, i64 %zext_ln95_15" [../src/gaussian_blur.cpp:95]   --->   Operation 283 'getelementptr' 'lineBuffer_1_addr_17' <Predicate = true> <Delay = 0.00>
ST_38 : Operation 284 [2/2] (1.23ns)   --->   "%lineBuffer_1_load_16 = load i12 %lineBuffer_1_addr_17" [../src/gaussian_blur.cpp:95]   --->   Operation 284 'load' 'lineBuffer_1_load_16' <Predicate = true> <Delay = 1.23> <CoreInst = "RAM">   --->   Core 82 'RAM' <Latency = 1> <II = 1> <Delay = 1.23> <Storage> <Opcode : 'load' 'store'> <Ports = 2> <Width = 8> <Depth = 2560> <RAM>
ST_38 : Operation 285 [2/36] (1.45ns)   --->   "%result_10 = srem i32 %absoluteSourceRow_3, i32 5" [../src/gaussian_blur.cpp:22->../src/gaussian_blur.cpp:81]   --->   Operation 285 'srem' 'result_10' <Predicate = true> <Delay = 1.45> <CoreInst = "Divider">   --->   Core 6 'Divider' <Latency = 35> <II = 1> <Delay = 1.45> <FuncUnit> <Opcode : 'udiv' 'sdiv' 'urem' 'srem'> <InPorts = 2> <OutPorts = 1>

State 39 <SV = 38> <Delay = 3.57>
ST_39 : Operation 286 [1/2] ( I:1.23ns O:1.23ns )   --->   "%lineBuffer_1_load = load i12 %lineBuffer_1_addr_2" [../src/gaussian_blur.cpp:95]   --->   Operation 286 'load' 'lineBuffer_1_load' <Predicate = true> <Delay = 1.23> <CoreInst = "RAM">   --->   Core 82 'RAM' <Latency = 1> <II = 1> <Delay = 1.23> <Storage> <Opcode : 'load' 'store'> <Ports = 2> <Width = 8> <Depth = 2560> <RAM>
ST_39 : Operation 287 [1/1] (0.77ns)   --->   "%add_ln91_2 = add i10 %zext_ln91, i10 1" [../src/gaussian_blur.cpp:91]   --->   Operation 287 'add' 'add_ln91_2' <Predicate = true> <Delay = 0.77> <CoreInst = "Adder">   --->   Core 1 'Adder' <Latency = 0> <II = 1> <Delay = 0.77> <FuncUnit> <Opcode : 'add' 'sub'> <InPorts = 2> <OutPorts = 1>
ST_39 : Operation 288 [1/1] (0.00ns)   --->   "%tmp_44 = bitselect i1 @_ssdm_op_BitSelect.i1.i10.i32, i10 %add_ln91_2, i32 9" [../src/gaussian_blur.cpp:29->../src/gaussian_blur.cpp:91]   --->   Operation 288 'bitselect' 'tmp_44' <Predicate = true> <Delay = 0.00>
ST_39 : Operation 289 [1/1] (0.77ns)   --->   "%sub_ln30_2 = sub i10 1021, i10 %zext_ln91" [../src/gaussian_blur.cpp:30->../src/gaussian_blur.cpp:91]   --->   Operation 289 'sub' 'sub_ln30_2' <Predicate = true> <Delay = 0.77> <CoreInst = "Adder">   --->   Core 1 'Adder' <Latency = 0> <II = 1> <Delay = 0.77> <FuncUnit> <Opcode : 'add' 'sub'> <InPorts = 2> <OutPorts = 1>
ST_39 : Operation 290 [1/1] (0.40ns)   --->   "%sourceColumn_5 = select i1 %tmp_44, i10 %sub_ln30_2, i10 %add_ln91_2" [../src/gaussian_blur.cpp:29->../src/gaussian_blur.cpp:91]   --->   Operation 290 'select' 'sourceColumn_5' <Predicate = true> <Delay = 0.40> <CoreInst = "Sel">   --->   Core 73 'Sel' <Latency = 0> <II = 1> <Delay = 0.40> <FuncUnit> <Opcode : 'select'> <InPorts = 3> <OutPorts = 1>
ST_39 : Operation 291 [1/1] (0.00ns)   --->   "%zext_ln95_14 = zext i10 %sourceColumn_5" [../src/gaussian_blur.cpp:95]   --->   Operation 291 'zext' 'zext_ln95_14' <Predicate = true> <Delay = 0.00>
ST_39 : Operation 292 [1/1] (0.80ns)   --->   "%add_ln95_4 = add i12 %tmp_s, i12 %zext_ln95_14" [../src/gaussian_blur.cpp:95]   --->   Operation 292 'add' 'add_ln95_4' <Predicate = true> <Delay = 0.80> <CoreInst = "Adder">   --->   Core 1 'Adder' <Latency = 0> <II = 1> <Delay = 0.80> <FuncUnit> <Opcode : 'add' 'sub'> <InPorts = 2> <OutPorts = 1>
ST_39 : Operation 293 [1/1] (0.00ns)   --->   "%zext_ln95_16 = zext i12 %add_ln95_4" [../src/gaussian_blur.cpp:95]   --->   Operation 293 'zext' 'zext_ln95_16' <Predicate = true> <Delay = 0.00>
ST_39 : Operation 294 [1/1] (0.00ns)   --->   "%lineBuffer_1_addr_6 = getelementptr i8 %lineBuffer_1, i64 0, i64 %zext_ln95_16" [../src/gaussian_blur.cpp:95]   --->   Operation 294 'getelementptr' 'lineBuffer_1_addr_6' <Predicate = true> <Delay = 0.00>
ST_39 : Operation 295 [2/2] (1.23ns)   --->   "%lineBuffer_1_load_2 = load i12 %lineBuffer_1_addr_6" [../src/gaussian_blur.cpp:95]   --->   Operation 295 'load' 'lineBuffer_1_load_2' <Predicate = true> <Delay = 1.23> <CoreInst = "RAM">   --->   Core 82 'RAM' <Latency = 1> <II = 1> <Delay = 1.23> <Storage> <Opcode : 'load' 'store'> <Ports = 2> <Width = 8> <Depth = 2560> <RAM>
ST_39 : Operation 296 [1/2] ( I:1.23ns O:1.23ns )   --->   "%lineBuffer_1_load_16 = load i12 %lineBuffer_1_addr_17" [../src/gaussian_blur.cpp:95]   --->   Operation 296 'load' 'lineBuffer_1_load_16' <Predicate = true> <Delay = 1.23> <CoreInst = "RAM">   --->   Core 82 'RAM' <Latency = 1> <II = 1> <Delay = 1.23> <Storage> <Opcode : 'load' 'store'> <Ports = 2> <Width = 8> <Depth = 2560> <RAM>
ST_39 : Operation 297 [1/36] (1.45ns)   --->   "%result_10 = srem i32 %absoluteSourceRow_3, i32 5" [../src/gaussian_blur.cpp:22->../src/gaussian_blur.cpp:81]   --->   Operation 297 'srem' 'result_10' <Predicate = true> <Delay = 1.45> <CoreInst = "Divider">   --->   Core 6 'Divider' <Latency = 35> <II = 1> <Delay = 1.45> <FuncUnit> <Opcode : 'udiv' 'sdiv' 'urem' 'srem'> <InPorts = 2> <OutPorts = 1>
ST_39 : Operation 298 [1/1] (0.00ns)   --->   "%trunc_ln22_3 = trunc i32 %result_10" [../src/gaussian_blur.cpp:22->../src/gaussian_blur.cpp:81]   --->   Operation 298 'trunc' 'trunc_ln22_3' <Predicate = true> <Delay = 0.00>
ST_39 : Operation 299 [1/1] (0.00ns)   --->   "%tmp_56 = bitselect i1 @_ssdm_op_BitSelect.i1.i32.i32, i32 %result_10, i32 3" [../src/gaussian_blur.cpp:23->../src/gaussian_blur.cpp:81]   --->   Operation 299 'bitselect' 'tmp_56' <Predicate = true> <Delay = 0.00>
ST_39 : Operation 300 [1/1] (0.67ns)   --->   "%add_ln23_3 = add i3 %trunc_ln22_3, i3 5" [../src/gaussian_blur.cpp:23->../src/gaussian_blur.cpp:81]   --->   Operation 300 'add' 'add_ln23_3' <Predicate = true> <Delay = 0.67> <CoreInst = "Adder">   --->   Core 1 'Adder' <Latency = 0> <II = 1> <Delay = 0.67> <FuncUnit> <Opcode : 'add' 'sub'> <InPorts = 2> <OutPorts = 1>
ST_39 : Operation 301 [1/1] (0.20ns)   --->   "%select_ln23_4 = select i1 %tmp_56, i3 %add_ln23_3, i3 %trunc_ln22_3" [../src/gaussian_blur.cpp:23->../src/gaussian_blur.cpp:81]   --->   Operation 301 'select' 'select_ln23_4' <Predicate = true> <Delay = 0.20> <CoreInst = "Sel">   --->   Core 73 'Sel' <Latency = 0> <II = 1> <Delay = 0.20> <FuncUnit> <Opcode : 'select'> <InPorts = 3> <OutPorts = 1>
ST_39 : Operation 302 [1/1] (0.00ns)   --->   "%tmp_58 = bitconcatenate i12 @_ssdm_op_BitConcatenate.i12.i3.i9, i3 %select_ln23_4, i9 %sourceColumn_4" [../src/gaussian_blur.cpp:95]   --->   Operation 302 'bitconcatenate' 'tmp_58' <Predicate = true> <Delay = 0.00>
ST_39 : Operation 303 [1/1] (0.00ns)   --->   "%zext_ln95_17 = zext i12 %tmp_58" [../src/gaussian_blur.cpp:95]   --->   Operation 303 'zext' 'zext_ln95_17' <Predicate = true> <Delay = 0.00>
ST_39 : Operation 304 [1/1] (0.00ns)   --->   "%lineBuffer_1_addr_22 = getelementptr i8 %lineBuffer_1, i64 0, i64 %zext_ln95_17" [../src/gaussian_blur.cpp:95]   --->   Operation 304 'getelementptr' 'lineBuffer_1_addr_22' <Predicate = true> <Delay = 0.00>
ST_39 : Operation 305 [2/2] (1.23ns)   --->   "%lineBuffer_1_load_21 = load i12 %lineBuffer_1_addr_22" [../src/gaussian_blur.cpp:95]   --->   Operation 305 'load' 'lineBuffer_1_load_21' <Predicate = true> <Delay = 1.23> <CoreInst = "RAM">   --->   Core 82 'RAM' <Latency = 1> <II = 1> <Delay = 1.23> <Storage> <Opcode : 'load' 'store'> <Ports = 2> <Width = 8> <Depth = 2560> <RAM>

State 40 <SV = 39> <Delay = 3.22>
ST_40 : Operation 306 [1/1] (0.00ns)   --->   "%tmp_47 = bitconcatenate i12 @_ssdm_op_BitConcatenate.i12.i3.i9, i3 %select_ln23_read, i9 %sourceColumn_4" [../src/gaussian_blur.cpp:95]   --->   Operation 306 'bitconcatenate' 'tmp_47' <Predicate = true> <Delay = 0.00>
ST_40 : Operation 307 [1/1] (0.00ns)   --->   "%zext_ln95_5 = zext i12 %tmp_47" [../src/gaussian_blur.cpp:95]   --->   Operation 307 'zext' 'zext_ln95_5' <Predicate = true> <Delay = 0.00>
ST_40 : Operation 308 [1/1] (0.00ns)   --->   "%lineBuffer_1_addr_5 = getelementptr i8 %lineBuffer_1, i64 0, i64 %zext_ln95_5" [../src/gaussian_blur.cpp:95]   --->   Operation 308 'getelementptr' 'lineBuffer_1_addr_5' <Predicate = true> <Delay = 0.00>
ST_40 : Operation 309 [1/2] ( I:1.23ns O:1.23ns )   --->   "%lineBuffer_1_load_2 = load i12 %lineBuffer_1_addr_6" [../src/gaussian_blur.cpp:95]   --->   Operation 309 'load' 'lineBuffer_1_load_2' <Predicate = true> <Delay = 1.23> <CoreInst = "RAM">   --->   Core 82 'RAM' <Latency = 1> <II = 1> <Delay = 1.23> <Storage> <Opcode : 'load' 'store'> <Ports = 2> <Width = 8> <Depth = 2560> <RAM>
ST_40 : Operation 310 [1/1] (0.77ns)   --->   "%add_ln91_3 = add i10 %zext_ln91, i10 2" [../src/gaussian_blur.cpp:91]   --->   Operation 310 'add' 'add_ln91_3' <Predicate = true> <Delay = 0.77> <CoreInst = "Adder">   --->   Core 1 'Adder' <Latency = 0> <II = 1> <Delay = 0.77> <FuncUnit> <Opcode : 'add' 'sub'> <InPorts = 2> <OutPorts = 1>
ST_40 : Operation 311 [1/1] (0.00ns)   --->   "%tmp_45 = bitselect i1 @_ssdm_op_BitSelect.i1.i10.i32, i10 %add_ln91_3, i32 9" [../src/gaussian_blur.cpp:29->../src/gaussian_blur.cpp:91]   --->   Operation 311 'bitselect' 'tmp_45' <Predicate = true> <Delay = 0.00>
ST_40 : Operation 312 [1/1] (0.77ns)   --->   "%sub_ln30_5 = sub i10 1020, i10 %zext_ln91" [../src/gaussian_blur.cpp:30->../src/gaussian_blur.cpp:91]   --->   Operation 312 'sub' 'sub_ln30_5' <Predicate = true> <Delay = 0.77> <CoreInst = "Adder">   --->   Core 1 'Adder' <Latency = 0> <II = 1> <Delay = 0.77> <FuncUnit> <Opcode : 'add' 'sub'> <InPorts = 2> <OutPorts = 1>
ST_40 : Operation 313 [1/1] (0.40ns)   --->   "%sourceColumn_6 = select i1 %tmp_45, i10 %sub_ln30_5, i10 %add_ln91_3" [../src/gaussian_blur.cpp:29->../src/gaussian_blur.cpp:91]   --->   Operation 313 'select' 'sourceColumn_6' <Predicate = true> <Delay = 0.40> <CoreInst = "Sel">   --->   Core 73 'Sel' <Latency = 0> <II = 1> <Delay = 0.40> <FuncUnit> <Opcode : 'select'> <InPorts = 3> <OutPorts = 1>
ST_40 : Operation 314 [1/1] (0.00ns)   --->   "%zext_ln95_19 = zext i10 %sourceColumn_6" [../src/gaussian_blur.cpp:95]   --->   Operation 314 'zext' 'zext_ln95_19' <Predicate = true> <Delay = 0.00>
ST_40 : Operation 315 [1/1] (0.80ns)   --->   "%add_ln95_6 = add i12 %tmp_s, i12 %zext_ln95_19" [../src/gaussian_blur.cpp:95]   --->   Operation 315 'add' 'add_ln95_6' <Predicate = true> <Delay = 0.80> <CoreInst = "Adder">   --->   Core 1 'Adder' <Latency = 0> <II = 1> <Delay = 0.80> <FuncUnit> <Opcode : 'add' 'sub'> <InPorts = 2> <OutPorts = 1>
ST_40 : Operation 316 [1/1] (0.00ns)   --->   "%zext_ln95_20 = zext i12 %add_ln95_6" [../src/gaussian_blur.cpp:95]   --->   Operation 316 'zext' 'zext_ln95_20' <Predicate = true> <Delay = 0.00>
ST_40 : Operation 317 [1/1] (0.00ns)   --->   "%lineBuffer_1_addr_8 = getelementptr i8 %lineBuffer_1, i64 0, i64 %zext_ln95_20" [../src/gaussian_blur.cpp:95]   --->   Operation 317 'getelementptr' 'lineBuffer_1_addr_8' <Predicate = true> <Delay = 0.00>
ST_40 : Operation 318 [2/2] (1.23ns)   --->   "%lineBuffer_1_load_3 = load i12 %lineBuffer_1_addr_8" [../src/gaussian_blur.cpp:95]   --->   Operation 318 'load' 'lineBuffer_1_load_3' <Predicate = true> <Delay = 1.23> <CoreInst = "RAM">   --->   Core 82 'RAM' <Latency = 1> <II = 1> <Delay = 1.23> <Storage> <Opcode : 'load' 'store'> <Ports = 2> <Width = 8> <Depth = 2560> <RAM>
ST_40 : Operation 319 [2/2] (1.23ns)   --->   "%lineBuffer_1_load_11 = load i12 %lineBuffer_1_addr_5" [../src/gaussian_blur.cpp:95]   --->   Operation 319 'load' 'lineBuffer_1_load_11' <Predicate = true> <Delay = 1.23> <CoreInst = "RAM">   --->   Core 82 'RAM' <Latency = 1> <II = 1> <Delay = 1.23> <Storage> <Opcode : 'load' 'store'> <Ports = 2> <Width = 8> <Depth = 2560> <RAM>
ST_40 : Operation 320 [1/2] ( I:1.23ns O:1.23ns )   --->   "%lineBuffer_1_load_21 = load i12 %lineBuffer_1_addr_22" [../src/gaussian_blur.cpp:95]   --->   Operation 320 'load' 'lineBuffer_1_load_21' <Predicate = true> <Delay = 1.23> <CoreInst = "RAM">   --->   Core 82 'RAM' <Latency = 1> <II = 1> <Delay = 1.23> <Storage> <Opcode : 'load' 'store'> <Ports = 2> <Width = 8> <Depth = 2560> <RAM>
ST_40 : Operation 321 [1/1] (0.00ns)   --->   "%p_anonymous_namespace_lineBuffer_load_1_cast = zext i8 %lineBuffer_1_load" [../src/gaussian_blur.cpp:95]   --->   Operation 321 'zext' 'p_anonymous_namespace_lineBuffer_load_1_cast' <Predicate = true> <Delay = 0.00>
ST_40 : Operation 322 [1/1] (0.00ns)   --->   "%p_anonymous_namespace_lineBuffer_load_3_cast = zext i8 %lineBuffer_1_load_2" [../src/gaussian_blur.cpp:95]   --->   Operation 322 'zext' 'p_anonymous_namespace_lineBuffer_load_3_cast' <Predicate = true> <Delay = 0.00>
ST_40 : Operation 323 [1/1] (0.76ns)   --->   "%empty_47 = add i9 %p_anonymous_namespace_lineBuffer_load_3_cast, i9 %p_anonymous_namespace_lineBuffer_load_1_cast" [../src/gaussian_blur.cpp:95]   --->   Operation 323 'add' 'empty_47' <Predicate = true> <Delay = 0.76> <CoreInst = "Adder">   --->   Core 1 'Adder' <Latency = 0> <II = 1> <Delay = 0.76> <FuncUnit> <Opcode : 'add' 'sub'> <InPorts = 2> <OutPorts = 1>

State 41 <SV = 40> <Delay = 2.78>
ST_41 : Operation 324 [1/1] (0.80ns)   --->   "%add_ln95_1 = add i12 %zext_ln95_read, i12 %sext_ln95" [../src/gaussian_blur.cpp:95]   --->   Operation 324 'add' 'add_ln95_1' <Predicate = true> <Delay = 0.80> <CoreInst = "Adder">   --->   Core 1 'Adder' <Latency = 0> <II = 1> <Delay = 0.80> <FuncUnit> <Opcode : 'add' 'sub'> <InPorts = 2> <OutPorts = 1>
ST_41 : Operation 325 [1/1] (0.00ns)   --->   "%zext_ln95_3 = zext i12 %add_ln95_1" [../src/gaussian_blur.cpp:95]   --->   Operation 325 'zext' 'zext_ln95_3' <Predicate = true> <Delay = 0.00>
ST_41 : Operation 326 [1/1] (0.00ns)   --->   "%lineBuffer_1_addr_1 = getelementptr i8 %lineBuffer_1, i64 0, i64 %zext_ln95_3" [../src/gaussian_blur.cpp:95]   --->   Operation 326 'getelementptr' 'lineBuffer_1_addr_1' <Predicate = true> <Delay = 0.00>
ST_41 : Operation 327 [1/1] (0.00ns)   --->   "%zext_ln71 = zext i8 %sum" [../src/gaussian_blur.cpp:71]   --->   Operation 327 'zext' 'zext_ln71' <Predicate = true> <Delay = 0.00>
ST_41 : Operation 328 [1/1] (0.80ns)   --->   "%add_ln95_3 = add i12 %zext_ln95_read, i12 %sext_ln95_1" [../src/gaussian_blur.cpp:95]   --->   Operation 328 'add' 'add_ln95_3' <Predicate = true> <Delay = 0.80> <CoreInst = "Adder">   --->   Core 1 'Adder' <Latency = 0> <II = 1> <Delay = 0.80> <FuncUnit> <Opcode : 'add' 'sub'> <InPorts = 2> <OutPorts = 1>
ST_41 : Operation 329 [1/1] (0.00ns)   --->   "%zext_ln95_10 = zext i12 %add_ln95_3" [../src/gaussian_blur.cpp:95]   --->   Operation 329 'zext' 'zext_ln95_10' <Predicate = true> <Delay = 0.00>
ST_41 : Operation 330 [1/1] (0.00ns)   --->   "%lineBuffer_1_addr_3 = getelementptr i8 %lineBuffer_1, i64 0, i64 %zext_ln95_10" [../src/gaussian_blur.cpp:95]   --->   Operation 330 'getelementptr' 'lineBuffer_1_addr_3' <Predicate = true> <Delay = 0.00>
ST_41 : Operation 331 [1/2] ( I:1.23ns O:1.23ns )   --->   "%lineBuffer_1_load_3 = load i12 %lineBuffer_1_addr_8" [../src/gaussian_blur.cpp:95]   --->   Operation 331 'load' 'lineBuffer_1_load_3' <Predicate = true> <Delay = 1.23> <CoreInst = "RAM">   --->   Core 82 'RAM' <Latency = 1> <II = 1> <Delay = 1.23> <Storage> <Opcode : 'load' 'store'> <Ports = 2> <Width = 8> <Depth = 2560> <RAM>
ST_41 : Operation 332 [1/1] (0.00ns)   --->   "%zext_ln26 = zext i8 %lineBuffer_1_load_3" [../src/gaussian_blur.cpp:26->../src/gaussian_blur.cpp:78]   --->   Operation 332 'zext' 'zext_ln26' <Predicate = true> <Delay = 0.00>
ST_41 : Operation 333 [2/2] (1.23ns)   --->   "%lineBuffer_1_load_9 = load i12 %lineBuffer_1_addr_1" [../src/gaussian_blur.cpp:95]   --->   Operation 333 'load' 'lineBuffer_1_load_9' <Predicate = true> <Delay = 1.23> <CoreInst = "RAM">   --->   Core 82 'RAM' <Latency = 1> <II = 1> <Delay = 1.23> <Storage> <Opcode : 'load' 'store'> <Ports = 2> <Width = 8> <Depth = 2560> <RAM>
ST_41 : Operation 334 [2/2] (1.23ns)   --->   "%lineBuffer_1_load_10 = load i12 %lineBuffer_1_addr_3" [../src/gaussian_blur.cpp:95]   --->   Operation 334 'load' 'lineBuffer_1_load_10' <Predicate = true> <Delay = 1.23> <CoreInst = "RAM">   --->   Core 82 'RAM' <Latency = 1> <II = 1> <Delay = 1.23> <Storage> <Opcode : 'load' 'store'> <Ports = 2> <Width = 8> <Depth = 2560> <RAM>
ST_41 : Operation 335 [1/2] ( I:1.23ns O:1.23ns )   --->   "%lineBuffer_1_load_11 = load i12 %lineBuffer_1_addr_5" [../src/gaussian_blur.cpp:95]   --->   Operation 335 'load' 'lineBuffer_1_load_11' <Predicate = true> <Delay = 1.23> <CoreInst = "RAM">   --->   Core 82 'RAM' <Latency = 1> <II = 1> <Delay = 1.23> <Storage> <Opcode : 'load' 'store'> <Ports = 2> <Width = 8> <Depth = 2560> <RAM>
ST_41 : Operation 336 [1/1] (0.00ns)   --->   "%tmp_51 = bitconcatenate i13 @_ssdm_op_BitConcatenate.i13.i8.i5, i8 %lineBuffer_1_load_11, i5 0" [../src/gaussian_blur.cpp:96]   --->   Operation 336 'bitconcatenate' 'tmp_51' <Predicate = true> <Delay = 0.00>
ST_41 : Operation 337 [1/1] (0.00ns)   --->   "%zext_ln96 = zext i13 %tmp_51" [../src/gaussian_blur.cpp:96]   --->   Operation 337 'zext' 'zext_ln96' <Predicate = true> <Delay = 0.00>
ST_41 : Operation 338 [1/1] (0.00ns)   --->   "%tmp_52 = bitconcatenate i10 @_ssdm_op_BitConcatenate.i10.i8.i2, i8 %lineBuffer_1_load_11, i2 0" [../src/gaussian_blur.cpp:96]   --->   Operation 338 'bitconcatenate' 'tmp_52' <Predicate = true> <Delay = 0.00>
ST_41 : Operation 339 [1/1] (0.00ns)   --->   "%zext_ln96_1 = zext i10 %tmp_52" [../src/gaussian_blur.cpp:96]   --->   Operation 339 'zext' 'zext_ln96_1' <Predicate = true> <Delay = 0.00>
ST_41 : Operation 340 [1/1] (0.00ns) (grouped into TernaryAdder)   --->   "%add_ln96 = add i14 %zext_ln96, i14 %zext_ln96_1" [../src/gaussian_blur.cpp:96]   --->   Operation 340 'add' 'add_ln96' <Predicate = true> <Delay = 0.00> <CoreInst = "TAddSub">   --->   Core 10 'TAddSub' <Latency = 0> <II = 1> <Delay = 0.34> <IPBlock> <Opcode : 'add' 'sub'> <InPorts = 3> <OutPorts = 1> <Sync> <CReg>
ST_41 : Operation 341 [1/1] (0.76ns)   --->   "%sum_4 = add i9 %zext_ln26, i9 %zext_ln71" [../src/gaussian_blur.cpp:93]   --->   Operation 341 'add' 'sum_4' <Predicate = true> <Delay = 0.76> <CoreInst = "Adder">   --->   Core 1 'Adder' <Latency = 0> <II = 1> <Delay = 0.76> <FuncUnit> <Opcode : 'add' 'sub'> <InPorts = 2> <OutPorts = 1>
ST_41 : Operation 342 [1/1] (0.00ns)   --->   "%zext_ln93_1 = zext i9 %sum_4" [../src/gaussian_blur.cpp:93]   --->   Operation 342 'zext' 'zext_ln93_1' <Predicate = true> <Delay = 0.00>
ST_41 : Operation 343 [1/1] (0.77ns) (root node of TernaryAdder)   --->   "%sum_5 = add i14 %add_ln96, i14 %zext_ln93_1" [../src/gaussian_blur.cpp:93]   --->   Operation 343 'add' 'sum_5' <Predicate = true> <Delay = 0.77> <CoreInst = "TAddSub">   --->   Core 10 'TAddSub' <Latency = 0> <II = 1> <Delay = 0.34> <IPBlock> <Opcode : 'add' 'sub'> <InPorts = 3> <OutPorts = 1> <Sync> <CReg>

State 42 <SV = 41> <Delay = 2.04>
ST_42 : Operation 344 [1/1] (0.00ns)   --->   "%zext_ln91_1 = zext i8 %lineBuffer_1_load_1" [../src/gaussian_blur.cpp:91]   --->   Operation 344 'zext' 'zext_ln91_1' <Predicate = true> <Delay = 0.00>
ST_42 : Operation 345 [1/1] (0.80ns)   --->   "%add_ln95_5 = add i12 %zext_ln95_read, i12 %zext_ln95_14" [../src/gaussian_blur.cpp:95]   --->   Operation 345 'add' 'add_ln95_5' <Predicate = true> <Delay = 0.80> <CoreInst = "Adder">   --->   Core 1 'Adder' <Latency = 0> <II = 1> <Delay = 0.80> <FuncUnit> <Opcode : 'add' 'sub'> <InPorts = 2> <OutPorts = 1>
ST_42 : Operation 346 [1/1] (0.00ns)   --->   "%zext_ln95_18 = zext i12 %add_ln95_5" [../src/gaussian_blur.cpp:95]   --->   Operation 346 'zext' 'zext_ln95_18' <Predicate = true> <Delay = 0.00>
ST_42 : Operation 347 [1/1] (0.00ns)   --->   "%lineBuffer_1_addr_7 = getelementptr i8 %lineBuffer_1, i64 0, i64 %zext_ln95_18" [../src/gaussian_blur.cpp:95]   --->   Operation 347 'getelementptr' 'lineBuffer_1_addr_7' <Predicate = true> <Delay = 0.00>
ST_42 : Operation 348 [1/1] (0.80ns)   --->   "%add_ln95_7 = add i12 %zext_ln95_read, i12 %zext_ln95_19" [../src/gaussian_blur.cpp:95]   --->   Operation 348 'add' 'add_ln95_7' <Predicate = true> <Delay = 0.80> <CoreInst = "Adder">   --->   Core 1 'Adder' <Latency = 0> <II = 1> <Delay = 0.80> <FuncUnit> <Opcode : 'add' 'sub'> <InPorts = 2> <OutPorts = 1>
ST_42 : Operation 349 [1/1] (0.00ns)   --->   "%zext_ln95_21 = zext i12 %add_ln95_7" [../src/gaussian_blur.cpp:95]   --->   Operation 349 'zext' 'zext_ln95_21' <Predicate = true> <Delay = 0.00>
ST_42 : Operation 350 [1/1] (0.00ns)   --->   "%lineBuffer_1_addr_9 = getelementptr i8 %lineBuffer_1, i64 0, i64 %zext_ln95_21" [../src/gaussian_blur.cpp:95]   --->   Operation 350 'getelementptr' 'lineBuffer_1_addr_9' <Predicate = true> <Delay = 0.00>
ST_42 : Operation 351 [1/1] (0.00ns)   --->   "%zext_ln95_6 = zext i8 %lineBuffer_1_load_6" [../src/gaussian_blur.cpp:95]   --->   Operation 351 'zext' 'zext_ln95_6' <Predicate = true> <Delay = 0.00>
ST_42 : Operation 352 [1/2] ( I:1.23ns O:1.23ns )   --->   "%lineBuffer_1_load_9 = load i12 %lineBuffer_1_addr_1" [../src/gaussian_blur.cpp:95]   --->   Operation 352 'load' 'lineBuffer_1_load_9' <Predicate = true> <Delay = 1.23> <CoreInst = "RAM">   --->   Core 82 'RAM' <Latency = 1> <II = 1> <Delay = 1.23> <Storage> <Opcode : 'load' 'store'> <Ports = 2> <Width = 8> <Depth = 2560> <RAM>
ST_42 : Operation 353 [1/1] (0.00ns)   --->   "%zext_ln95_7 = zext i8 %lineBuffer_1_load_9" [../src/gaussian_blur.cpp:95]   --->   Operation 353 'zext' 'zext_ln95_7' <Predicate = true> <Delay = 0.00>
ST_42 : Operation 354 [1/2] ( I:1.23ns O:1.23ns )   --->   "%lineBuffer_1_load_10 = load i12 %lineBuffer_1_addr_3" [../src/gaussian_blur.cpp:95]   --->   Operation 354 'load' 'lineBuffer_1_load_10' <Predicate = true> <Delay = 1.23> <CoreInst = "RAM">   --->   Core 82 'RAM' <Latency = 1> <II = 1> <Delay = 1.23> <Storage> <Opcode : 'load' 'store'> <Ports = 2> <Width = 8> <Depth = 2560> <RAM>
ST_42 : Operation 355 [1/1] (0.00ns)   --->   "%zext_ln95_8 = zext i8 %lineBuffer_1_load_10" [../src/gaussian_blur.cpp:95]   --->   Operation 355 'zext' 'zext_ln95_8' <Predicate = true> <Delay = 0.00>
ST_42 : Operation 356 [2/2] (1.23ns)   --->   "%lineBuffer_1_load_12 = load i12 %lineBuffer_1_addr_7" [../src/gaussian_blur.cpp:95]   --->   Operation 356 'load' 'lineBuffer_1_load_12' <Predicate = true> <Delay = 1.23> <CoreInst = "RAM">   --->   Core 82 'RAM' <Latency = 1> <II = 1> <Delay = 1.23> <Storage> <Opcode : 'load' 'store'> <Ports = 2> <Width = 8> <Depth = 2560> <RAM>
ST_42 : Operation 357 [2/2] (1.23ns)   --->   "%lineBuffer_1_load_13 = load i12 %lineBuffer_1_addr_9" [../src/gaussian_blur.cpp:95]   --->   Operation 357 'load' 'lineBuffer_1_load_13' <Predicate = true> <Delay = 1.23> <CoreInst = "RAM">   --->   Core 82 'RAM' <Latency = 1> <II = 1> <Delay = 1.23> <Storage> <Opcode : 'load' 'store'> <Ports = 2> <Width = 8> <Depth = 2560> <RAM>
ST_42 : Operation 358 [1/1] (0.76ns)   --->   "%tmp8 = add i9 %zext_ln95_8, i9 %zext_ln95_6" [../src/gaussian_blur.cpp:95]   --->   Operation 358 'add' 'tmp8' <Predicate = true> <Delay = 0.76> <CoreInst = "Adder">   --->   Core 1 'Adder' <Latency = 0> <II = 1> <Delay = 0.76> <FuncUnit> <Opcode : 'add' 'sub'> <InPorts = 2> <OutPorts = 1>
ST_42 : Operation 359 [1/1] (0.76ns)   --->   "%tmp16 = add i9 %zext_ln95_7, i9 %zext_ln91_1" [../src/gaussian_blur.cpp:95]   --->   Operation 359 'add' 'tmp16' <Predicate = true> <Delay = 0.76> <CoreInst = "Adder">   --->   Core 1 'Adder' <Latency = 0> <II = 1> <Delay = 0.76> <FuncUnit> <Opcode : 'add' 'sub'> <InPorts = 2> <OutPorts = 1>

State 43 <SV = 42> <Delay = 2.77>
ST_43 : Operation 360 [1/1] (0.00ns)   --->   "%tmp_49 = bitconcatenate i12 @_ssdm_op_BitConcatenate.i12.i3.i9, i3 %select_ln23_2, i9 0" [../src/gaussian_blur.cpp:95]   --->   Operation 360 'bitconcatenate' 'tmp_49' <Predicate = true> <Delay = 0.00>
ST_43 : Operation 361 [1/1] (0.80ns)   --->   "%add_ln95_8 = add i12 %tmp_49, i12 %sext_ln95" [../src/gaussian_blur.cpp:95]   --->   Operation 361 'add' 'add_ln95_8' <Predicate = true> <Delay = 0.80> <CoreInst = "Adder">   --->   Core 1 'Adder' <Latency = 0> <II = 1> <Delay = 0.80> <FuncUnit> <Opcode : 'add' 'sub'> <InPorts = 2> <OutPorts = 1>
ST_43 : Operation 362 [1/1] (0.00ns)   --->   "%zext_ln95_22 = zext i12 %add_ln95_8" [../src/gaussian_blur.cpp:95]   --->   Operation 362 'zext' 'zext_ln95_22' <Predicate = true> <Delay = 0.00>
ST_43 : Operation 363 [1/1] (0.00ns)   --->   "%lineBuffer_1_addr_10 = getelementptr i8 %lineBuffer_1, i64 0, i64 %zext_ln95_22" [../src/gaussian_blur.cpp:95]   --->   Operation 363 'getelementptr' 'lineBuffer_1_addr_10' <Predicate = true> <Delay = 0.00>
ST_43 : Operation 364 [1/1] (0.80ns)   --->   "%add_ln95_9 = add i12 %tmp_49, i12 %sext_ln95_1" [../src/gaussian_blur.cpp:95]   --->   Operation 364 'add' 'add_ln95_9' <Predicate = true> <Delay = 0.80> <CoreInst = "Adder">   --->   Core 1 'Adder' <Latency = 0> <II = 1> <Delay = 0.80> <FuncUnit> <Opcode : 'add' 'sub'> <InPorts = 2> <OutPorts = 1>
ST_43 : Operation 365 [1/1] (0.00ns)   --->   "%zext_ln95_23 = zext i12 %add_ln95_9" [../src/gaussian_blur.cpp:95]   --->   Operation 365 'zext' 'zext_ln95_23' <Predicate = true> <Delay = 0.00>
ST_43 : Operation 366 [1/1] (0.00ns)   --->   "%lineBuffer_1_addr_11 = getelementptr i8 %lineBuffer_1, i64 0, i64 %zext_ln95_23" [../src/gaussian_blur.cpp:95]   --->   Operation 366 'getelementptr' 'lineBuffer_1_addr_11' <Predicate = true> <Delay = 0.00>
ST_43 : Operation 367 [2/2] (1.23ns)   --->   "%lineBuffer_1_load_4 = load i12 %lineBuffer_1_addr_10" [../src/gaussian_blur.cpp:95]   --->   Operation 367 'load' 'lineBuffer_1_load_4' <Predicate = true> <Delay = 1.23> <CoreInst = "RAM">   --->   Core 82 'RAM' <Latency = 1> <II = 1> <Delay = 1.23> <Storage> <Opcode : 'load' 'store'> <Ports = 2> <Width = 8> <Depth = 2560> <RAM>
ST_43 : Operation 368 [2/2] (1.23ns)   --->   "%lineBuffer_1_load_5 = load i12 %lineBuffer_1_addr_11" [../src/gaussian_blur.cpp:95]   --->   Operation 368 'load' 'lineBuffer_1_load_5' <Predicate = true> <Delay = 1.23> <CoreInst = "RAM">   --->   Core 82 'RAM' <Latency = 1> <II = 1> <Delay = 1.23> <Storage> <Opcode : 'load' 'store'> <Ports = 2> <Width = 8> <Depth = 2560> <RAM>
ST_43 : Operation 369 [1/2] ( I:1.23ns O:1.23ns )   --->   "%lineBuffer_1_load_12 = load i12 %lineBuffer_1_addr_7" [../src/gaussian_blur.cpp:95]   --->   Operation 369 'load' 'lineBuffer_1_load_12' <Predicate = true> <Delay = 1.23> <CoreInst = "RAM">   --->   Core 82 'RAM' <Latency = 1> <II = 1> <Delay = 1.23> <Storage> <Opcode : 'load' 'store'> <Ports = 2> <Width = 8> <Depth = 2560> <RAM>
ST_43 : Operation 370 [1/1] (0.00ns)   --->   "%zext_ln95_9 = zext i8 %lineBuffer_1_load_12" [../src/gaussian_blur.cpp:95]   --->   Operation 370 'zext' 'zext_ln95_9' <Predicate = true> <Delay = 0.00>
ST_43 : Operation 371 [1/2] ( I:1.23ns O:1.23ns )   --->   "%lineBuffer_1_load_13 = load i12 %lineBuffer_1_addr_9" [../src/gaussian_blur.cpp:95]   --->   Operation 371 'load' 'lineBuffer_1_load_13' <Predicate = true> <Delay = 1.23> <CoreInst = "RAM">   --->   Core 82 'RAM' <Latency = 1> <II = 1> <Delay = 1.23> <Storage> <Opcode : 'load' 'store'> <Ports = 2> <Width = 8> <Depth = 2560> <RAM>
ST_43 : Operation 372 [1/1] (0.00ns)   --->   "%zext_ln26_1 = zext i8 %lineBuffer_1_load_13" [../src/gaussian_blur.cpp:26->../src/gaussian_blur.cpp:78]   --->   Operation 372 'zext' 'zext_ln26_1' <Predicate = true> <Delay = 0.00>
ST_43 : Operation 373 [1/1] (0.00ns)   --->   "%zext_ln71_1 = zext i8 %lineBuffer_1_load_16" [../src/gaussian_blur.cpp:71]   --->   Operation 373 'zext' 'zext_ln71_1' <Predicate = true> <Delay = 0.00>
ST_43 : Operation 374 [1/1] (0.00ns)   --->   "%zext_ln95_13 = zext i8 %lineBuffer_1_load_21" [../src/gaussian_blur.cpp:95]   --->   Operation 374 'zext' 'zext_ln95_13' <Predicate = true> <Delay = 0.00>
ST_43 : Operation 375 [1/1] (0.00ns)   --->   "%tmp8_cast = zext i9 %tmp8" [../src/gaussian_blur.cpp:95]   --->   Operation 375 'zext' 'tmp8_cast' <Predicate = true> <Delay = 0.00>
ST_43 : Operation 376 [1/1] (0.76ns)   --->   "%tmp4 = add i9 %zext_ln95_9, i9 %zext_ln71_1" [../src/gaussian_blur.cpp:95]   --->   Operation 376 'add' 'tmp4' <Predicate = true> <Delay = 0.76> <CoreInst = "Adder">   --->   Core 1 'Adder' <Latency = 0> <II = 1> <Delay = 0.76> <FuncUnit> <Opcode : 'add' 'sub'> <InPorts = 2> <OutPorts = 1>
ST_43 : Operation 377 [1/1] (0.00ns)   --->   "%tmp4_cast = zext i9 %tmp4" [../src/gaussian_blur.cpp:95]   --->   Operation 377 'zext' 'tmp4_cast' <Predicate = true> <Delay = 0.00>
ST_43 : Operation 378 [1/1] (0.77ns)   --->   "%tmp10 = add i10 %tmp4_cast, i10 %tmp8_cast" [../src/gaussian_blur.cpp:95]   --->   Operation 378 'add' 'tmp10' <Predicate = true> <Delay = 0.77> <CoreInst = "Adder">   --->   Core 1 'Adder' <Latency = 0> <II = 1> <Delay = 0.77> <FuncUnit> <Opcode : 'add' 'sub'> <InPorts = 2> <OutPorts = 1>
ST_43 : Operation 379 [1/1] (0.00ns)   --->   "%tmp16_cast = zext i9 %tmp16" [../src/gaussian_blur.cpp:95]   --->   Operation 379 'zext' 'tmp16_cast' <Predicate = true> <Delay = 0.00>
ST_43 : Operation 380 [1/1] (0.76ns)   --->   "%tmp6 = add i9 %zext_ln26_1, i9 %zext_ln95_13" [../src/gaussian_blur.cpp:26->../src/gaussian_blur.cpp:78]   --->   Operation 380 'add' 'tmp6' <Predicate = true> <Delay = 0.76> <CoreInst = "Adder">   --->   Core 1 'Adder' <Latency = 0> <II = 1> <Delay = 0.76> <FuncUnit> <Opcode : 'add' 'sub'> <InPorts = 2> <OutPorts = 1>
ST_43 : Operation 381 [1/1] (0.00ns)   --->   "%tmp6_cast = zext i9 %tmp6" [../src/gaussian_blur.cpp:26->../src/gaussian_blur.cpp:78]   --->   Operation 381 'zext' 'tmp6_cast' <Predicate = true> <Delay = 0.00>
ST_43 : Operation 382 [1/1] (0.77ns)   --->   "%tmp18 = add i10 %tmp6_cast, i10 %tmp16_cast" [../src/gaussian_blur.cpp:26->../src/gaussian_blur.cpp:78]   --->   Operation 382 'add' 'tmp18' <Predicate = true> <Delay = 0.77> <CoreInst = "Adder">   --->   Core 1 'Adder' <Latency = 0> <II = 1> <Delay = 0.77> <FuncUnit> <Opcode : 'add' 'sub'> <InPorts = 2> <OutPorts = 1>

State 44 <SV = 43> <Delay = 2.04>
ST_44 : Operation 383 [1/1] (0.80ns)   --->   "%add_ln95_10 = add i12 %tmp_49, i12 %zext_ln95_14" [../src/gaussian_blur.cpp:95]   --->   Operation 383 'add' 'add_ln95_10' <Predicate = true> <Delay = 0.80> <CoreInst = "Adder">   --->   Core 1 'Adder' <Latency = 0> <II = 1> <Delay = 0.80> <FuncUnit> <Opcode : 'add' 'sub'> <InPorts = 2> <OutPorts = 1>
ST_44 : Operation 384 [1/1] (0.00ns)   --->   "%zext_ln95_24 = zext i12 %add_ln95_10" [../src/gaussian_blur.cpp:95]   --->   Operation 384 'zext' 'zext_ln95_24' <Predicate = true> <Delay = 0.00>
ST_44 : Operation 385 [1/1] (0.00ns)   --->   "%lineBuffer_1_addr_13 = getelementptr i8 %lineBuffer_1, i64 0, i64 %zext_ln95_24" [../src/gaussian_blur.cpp:95]   --->   Operation 385 'getelementptr' 'lineBuffer_1_addr_13' <Predicate = true> <Delay = 0.00>
ST_44 : Operation 386 [1/1] (0.80ns)   --->   "%add_ln95_11 = add i12 %tmp_49, i12 %zext_ln95_19" [../src/gaussian_blur.cpp:95]   --->   Operation 386 'add' 'add_ln95_11' <Predicate = true> <Delay = 0.80> <CoreInst = "Adder">   --->   Core 1 'Adder' <Latency = 0> <II = 1> <Delay = 0.80> <FuncUnit> <Opcode : 'add' 'sub'> <InPorts = 2> <OutPorts = 1>
ST_44 : Operation 387 [1/1] (0.00ns)   --->   "%zext_ln95_25 = zext i12 %add_ln95_11" [../src/gaussian_blur.cpp:95]   --->   Operation 387 'zext' 'zext_ln95_25' <Predicate = true> <Delay = 0.00>
ST_44 : Operation 388 [1/1] (0.00ns)   --->   "%lineBuffer_1_addr_14 = getelementptr i8 %lineBuffer_1, i64 0, i64 %zext_ln95_25" [../src/gaussian_blur.cpp:95]   --->   Operation 388 'getelementptr' 'lineBuffer_1_addr_14' <Predicate = true> <Delay = 0.00>
ST_44 : Operation 389 [1/2] ( I:1.23ns O:1.23ns )   --->   "%lineBuffer_1_load_4 = load i12 %lineBuffer_1_addr_10" [../src/gaussian_blur.cpp:95]   --->   Operation 389 'load' 'lineBuffer_1_load_4' <Predicate = true> <Delay = 1.23> <CoreInst = "RAM">   --->   Core 82 'RAM' <Latency = 1> <II = 1> <Delay = 1.23> <Storage> <Opcode : 'load' 'store'> <Ports = 2> <Width = 8> <Depth = 2560> <RAM>
ST_44 : Operation 390 [1/2] ( I:1.23ns O:1.23ns )   --->   "%lineBuffer_1_load_5 = load i12 %lineBuffer_1_addr_11" [../src/gaussian_blur.cpp:95]   --->   Operation 390 'load' 'lineBuffer_1_load_5' <Predicate = true> <Delay = 1.23> <CoreInst = "RAM">   --->   Core 82 'RAM' <Latency = 1> <II = 1> <Delay = 1.23> <Storage> <Opcode : 'load' 'store'> <Ports = 2> <Width = 8> <Depth = 2560> <RAM>
ST_44 : Operation 391 [2/2] (1.23ns)   --->   "%lineBuffer_1_load_7 = load i12 %lineBuffer_1_addr_13" [../src/gaussian_blur.cpp:95]   --->   Operation 391 'load' 'lineBuffer_1_load_7' <Predicate = true> <Delay = 1.23> <CoreInst = "RAM">   --->   Core 82 'RAM' <Latency = 1> <II = 1> <Delay = 1.23> <Storage> <Opcode : 'load' 'store'> <Ports = 2> <Width = 8> <Depth = 2560> <RAM>
ST_44 : Operation 392 [2/2] (1.23ns)   --->   "%lineBuffer_1_load_8 = load i12 %lineBuffer_1_addr_14" [../src/gaussian_blur.cpp:95]   --->   Operation 392 'load' 'lineBuffer_1_load_8' <Predicate = true> <Delay = 1.23> <CoreInst = "RAM">   --->   Core 82 'RAM' <Latency = 1> <II = 1> <Delay = 1.23> <Storage> <Opcode : 'load' 'store'> <Ports = 2> <Width = 8> <Depth = 2560> <RAM>

State 45 <SV = 44> <Delay = 2.77>
ST_45 : Operation 393 [1/2] ( I:1.23ns O:1.23ns )   --->   "%lineBuffer_1_load_7 = load i12 %lineBuffer_1_addr_13" [../src/gaussian_blur.cpp:95]   --->   Operation 393 'load' 'lineBuffer_1_load_7' <Predicate = true> <Delay = 1.23> <CoreInst = "RAM">   --->   Core 82 'RAM' <Latency = 1> <II = 1> <Delay = 1.23> <Storage> <Opcode : 'load' 'store'> <Ports = 2> <Width = 8> <Depth = 2560> <RAM>
ST_45 : Operation 394 [1/2] ( I:1.23ns O:1.23ns )   --->   "%lineBuffer_1_load_8 = load i12 %lineBuffer_1_addr_14" [../src/gaussian_blur.cpp:95]   --->   Operation 394 'load' 'lineBuffer_1_load_8' <Predicate = true> <Delay = 1.23> <CoreInst = "RAM">   --->   Core 82 'RAM' <Latency = 1> <II = 1> <Delay = 1.23> <Storage> <Opcode : 'load' 'store'> <Ports = 2> <Width = 8> <Depth = 2560> <RAM>
ST_45 : Operation 395 [1/1] (0.00ns)   --->   "%tmp_54 = bitconcatenate i12 @_ssdm_op_BitConcatenate.i12.i3.i9, i3 %select_ln23_3, i9 0" [../src/gaussian_blur.cpp:95]   --->   Operation 395 'bitconcatenate' 'tmp_54' <Predicate = true> <Delay = 0.00>
ST_45 : Operation 396 [1/1] (0.80ns)   --->   "%add_ln95_12 = add i12 %tmp_54, i12 %sext_ln95" [../src/gaussian_blur.cpp:95]   --->   Operation 396 'add' 'add_ln95_12' <Predicate = true> <Delay = 0.80> <CoreInst = "Adder">   --->   Core 1 'Adder' <Latency = 0> <II = 1> <Delay = 0.80> <FuncUnit> <Opcode : 'add' 'sub'> <InPorts = 2> <OutPorts = 1>
ST_45 : Operation 397 [1/1] (0.00ns)   --->   "%zext_ln95_26 = zext i12 %add_ln95_12" [../src/gaussian_blur.cpp:95]   --->   Operation 397 'zext' 'zext_ln95_26' <Predicate = true> <Delay = 0.00>
ST_45 : Operation 398 [1/1] (0.00ns)   --->   "%lineBuffer_1_addr_15 = getelementptr i8 %lineBuffer_1, i64 0, i64 %zext_ln95_26" [../src/gaussian_blur.cpp:95]   --->   Operation 398 'getelementptr' 'lineBuffer_1_addr_15' <Predicate = true> <Delay = 0.00>
ST_45 : Operation 399 [1/1] (0.80ns)   --->   "%add_ln95_13 = add i12 %tmp_54, i12 %sext_ln95_1" [../src/gaussian_blur.cpp:95]   --->   Operation 399 'add' 'add_ln95_13' <Predicate = true> <Delay = 0.80> <CoreInst = "Adder">   --->   Core 1 'Adder' <Latency = 0> <II = 1> <Delay = 0.80> <FuncUnit> <Opcode : 'add' 'sub'> <InPorts = 2> <OutPorts = 1>
ST_45 : Operation 400 [1/1] (0.00ns)   --->   "%zext_ln95_27 = zext i12 %add_ln95_13" [../src/gaussian_blur.cpp:95]   --->   Operation 400 'zext' 'zext_ln95_27' <Predicate = true> <Delay = 0.00>
ST_45 : Operation 401 [1/1] (0.00ns)   --->   "%lineBuffer_1_addr_16 = getelementptr i8 %lineBuffer_1, i64 0, i64 %zext_ln95_27" [../src/gaussian_blur.cpp:95]   --->   Operation 401 'getelementptr' 'lineBuffer_1_addr_16' <Predicate = true> <Delay = 0.00>
ST_45 : Operation 402 [2/2] (1.23ns)   --->   "%lineBuffer_1_load_14 = load i12 %lineBuffer_1_addr_15" [../src/gaussian_blur.cpp:95]   --->   Operation 402 'load' 'lineBuffer_1_load_14' <Predicate = true> <Delay = 1.23> <CoreInst = "RAM">   --->   Core 82 'RAM' <Latency = 1> <II = 1> <Delay = 1.23> <Storage> <Opcode : 'load' 'store'> <Ports = 2> <Width = 8> <Depth = 2560> <RAM>
ST_45 : Operation 403 [2/2] (1.23ns)   --->   "%lineBuffer_1_load_15 = load i12 %lineBuffer_1_addr_16" [../src/gaussian_blur.cpp:95]   --->   Operation 403 'load' 'lineBuffer_1_load_15' <Predicate = true> <Delay = 1.23> <CoreInst = "RAM">   --->   Core 82 'RAM' <Latency = 1> <II = 1> <Delay = 1.23> <Storage> <Opcode : 'load' 'store'> <Ports = 2> <Width = 8> <Depth = 2560> <RAM>
ST_45 : Operation 404 [1/1] (0.00ns)   --->   "%p_anonymous_namespace_lineBuffer_load_4_cast = zext i8 %lineBuffer_1_load_4" [../src/gaussian_blur.cpp:95]   --->   Operation 404 'zext' 'p_anonymous_namespace_lineBuffer_load_4_cast' <Predicate = true> <Delay = 0.00>
ST_45 : Operation 405 [1/1] (0.00ns)   --->   "%p_cast = zext i9 %empty_47" [../src/gaussian_blur.cpp:95]   --->   Operation 405 'zext' 'p_cast' <Predicate = true> <Delay = 0.00>
ST_45 : Operation 406 [1/1] (0.00ns)   --->   "%p_anonymous_namespace_lineBuffer_load_8_cast22 = zext i8 %lineBuffer_1_load_8" [../src/gaussian_blur.cpp:95]   --->   Operation 406 'zext' 'p_anonymous_namespace_lineBuffer_load_8_cast22' <Predicate = true> <Delay = 0.00>
ST_45 : Operation 407 [1/1] (0.76ns)   --->   "%tmp = add i9 %p_anonymous_namespace_lineBuffer_load_4_cast, i9 %p_anonymous_namespace_lineBuffer_load_8_cast22" [../src/gaussian_blur.cpp:95]   --->   Operation 407 'add' 'tmp' <Predicate = true> <Delay = 0.76> <CoreInst = "Adder">   --->   Core 1 'Adder' <Latency = 0> <II = 1> <Delay = 0.76> <FuncUnit> <Opcode : 'add' 'sub'> <InPorts = 2> <OutPorts = 1>
ST_45 : Operation 408 [1/1] (0.00ns)   --->   "%tmp_cast = zext i9 %tmp" [../src/gaussian_blur.cpp:95]   --->   Operation 408 'zext' 'tmp_cast' <Predicate = true> <Delay = 0.00>
ST_45 : Operation 409 [1/1] (0.77ns)   --->   "%empty_48 = add i10 %tmp_cast, i10 %p_cast" [../src/gaussian_blur.cpp:95]   --->   Operation 409 'add' 'empty_48' <Predicate = true> <Delay = 0.77> <CoreInst = "Adder">   --->   Core 1 'Adder' <Latency = 0> <II = 1> <Delay = 0.77> <FuncUnit> <Opcode : 'add' 'sub'> <InPorts = 2> <OutPorts = 1>
ST_45 : Operation 410 [1/1] (0.00ns)   --->   "%p_anonymous_namespace_lineBuffer_load_6_cast = zext i8 %lineBuffer_1_load_5" [../src/gaussian_blur.cpp:95]   --->   Operation 410 'zext' 'p_anonymous_namespace_lineBuffer_load_6_cast' <Predicate = true> <Delay = 0.00>
ST_45 : Operation 411 [1/1] (0.00ns)   --->   "%p_anonymous_namespace_lineBuffer_load_8_cast = zext i8 %lineBuffer_1_load_7" [../src/gaussian_blur.cpp:95]   --->   Operation 411 'zext' 'p_anonymous_namespace_lineBuffer_load_8_cast' <Predicate = true> <Delay = 0.00>
ST_45 : Operation 412 [1/1] (0.76ns)   --->   "%empty_49 = add i9 %p_anonymous_namespace_lineBuffer_load_8_cast, i9 %p_anonymous_namespace_lineBuffer_load_6_cast" [../src/gaussian_blur.cpp:95]   --->   Operation 412 'add' 'empty_49' <Predicate = true> <Delay = 0.76> <CoreInst = "Adder">   --->   Core 1 'Adder' <Latency = 0> <II = 1> <Delay = 0.76> <FuncUnit> <Opcode : 'add' 'sub'> <InPorts = 2> <OutPorts = 1>

State 46 <SV = 45> <Delay = 2.04>
ST_46 : Operation 413 [1/1] (0.80ns)   --->   "%add_ln95_14 = add i12 %tmp_54, i12 %zext_ln95_14" [../src/gaussian_blur.cpp:95]   --->   Operation 413 'add' 'add_ln95_14' <Predicate = true> <Delay = 0.80> <CoreInst = "Adder">   --->   Core 1 'Adder' <Latency = 0> <II = 1> <Delay = 0.80> <FuncUnit> <Opcode : 'add' 'sub'> <InPorts = 2> <OutPorts = 1>
ST_46 : Operation 414 [1/1] (0.00ns)   --->   "%zext_ln95_28 = zext i12 %add_ln95_14" [../src/gaussian_blur.cpp:95]   --->   Operation 414 'zext' 'zext_ln95_28' <Predicate = true> <Delay = 0.00>
ST_46 : Operation 415 [1/1] (0.00ns)   --->   "%lineBuffer_1_addr_18 = getelementptr i8 %lineBuffer_1, i64 0, i64 %zext_ln95_28" [../src/gaussian_blur.cpp:95]   --->   Operation 415 'getelementptr' 'lineBuffer_1_addr_18' <Predicate = true> <Delay = 0.00>
ST_46 : Operation 416 [1/1] (0.80ns)   --->   "%add_ln95_15 = add i12 %tmp_54, i12 %zext_ln95_19" [../src/gaussian_blur.cpp:95]   --->   Operation 416 'add' 'add_ln95_15' <Predicate = true> <Delay = 0.80> <CoreInst = "Adder">   --->   Core 1 'Adder' <Latency = 0> <II = 1> <Delay = 0.80> <FuncUnit> <Opcode : 'add' 'sub'> <InPorts = 2> <OutPorts = 1>
ST_46 : Operation 417 [1/1] (0.00ns)   --->   "%zext_ln95_29 = zext i12 %add_ln95_15" [../src/gaussian_blur.cpp:95]   --->   Operation 417 'zext' 'zext_ln95_29' <Predicate = true> <Delay = 0.00>
ST_46 : Operation 418 [1/1] (0.00ns)   --->   "%lineBuffer_1_addr_19 = getelementptr i8 %lineBuffer_1, i64 0, i64 %zext_ln95_29" [../src/gaussian_blur.cpp:95]   --->   Operation 418 'getelementptr' 'lineBuffer_1_addr_19' <Predicate = true> <Delay = 0.00>
ST_46 : Operation 419 [1/2] ( I:1.23ns O:1.23ns )   --->   "%lineBuffer_1_load_14 = load i12 %lineBuffer_1_addr_15" [../src/gaussian_blur.cpp:95]   --->   Operation 419 'load' 'lineBuffer_1_load_14' <Predicate = true> <Delay = 1.23> <CoreInst = "RAM">   --->   Core 82 'RAM' <Latency = 1> <II = 1> <Delay = 1.23> <Storage> <Opcode : 'load' 'store'> <Ports = 2> <Width = 8> <Depth = 2560> <RAM>
ST_46 : Operation 420 [1/2] ( I:1.23ns O:1.23ns )   --->   "%lineBuffer_1_load_15 = load i12 %lineBuffer_1_addr_16" [../src/gaussian_blur.cpp:95]   --->   Operation 420 'load' 'lineBuffer_1_load_15' <Predicate = true> <Delay = 1.23> <CoreInst = "RAM">   --->   Core 82 'RAM' <Latency = 1> <II = 1> <Delay = 1.23> <Storage> <Opcode : 'load' 'store'> <Ports = 2> <Width = 8> <Depth = 2560> <RAM>
ST_46 : Operation 421 [2/2] (1.23ns)   --->   "%lineBuffer_1_load_17 = load i12 %lineBuffer_1_addr_18" [../src/gaussian_blur.cpp:95]   --->   Operation 421 'load' 'lineBuffer_1_load_17' <Predicate = true> <Delay = 1.23> <CoreInst = "RAM">   --->   Core 82 'RAM' <Latency = 1> <II = 1> <Delay = 1.23> <Storage> <Opcode : 'load' 'store'> <Ports = 2> <Width = 8> <Depth = 2560> <RAM>
ST_46 : Operation 422 [2/2] (1.23ns)   --->   "%lineBuffer_1_load_18 = load i12 %lineBuffer_1_addr_19" [../src/gaussian_blur.cpp:95]   --->   Operation 422 'load' 'lineBuffer_1_load_18' <Predicate = true> <Delay = 1.23> <CoreInst = "RAM">   --->   Core 82 'RAM' <Latency = 1> <II = 1> <Delay = 1.23> <Storage> <Opcode : 'load' 'store'> <Ports = 2> <Width = 8> <Depth = 2560> <RAM>
ST_46 : Operation 423 [1/1] (0.00ns)   --->   "%tmp_57 = bitconcatenate i12 @_ssdm_op_BitConcatenate.i12.i3.i9, i3 %select_ln23_4, i9 0" [../src/gaussian_blur.cpp:95]   --->   Operation 423 'bitconcatenate' 'tmp_57' <Predicate = true> <Delay = 0.00>
ST_46 : Operation 424 [1/1] (0.80ns)   --->   "%add_ln95_16 = add i12 %tmp_57, i12 %sext_ln95" [../src/gaussian_blur.cpp:95]   --->   Operation 424 'add' 'add_ln95_16' <Predicate = true> <Delay = 0.80> <CoreInst = "Adder">   --->   Core 1 'Adder' <Latency = 0> <II = 1> <Delay = 0.80> <FuncUnit> <Opcode : 'add' 'sub'> <InPorts = 2> <OutPorts = 1>
ST_46 : Operation 425 [1/1] (0.80ns)   --->   "%add_ln95_17 = add i12 %tmp_57, i12 %sext_ln95_1" [../src/gaussian_blur.cpp:95]   --->   Operation 425 'add' 'add_ln95_17' <Predicate = true> <Delay = 0.80> <CoreInst = "Adder">   --->   Core 1 'Adder' <Latency = 0> <II = 1> <Delay = 0.80> <FuncUnit> <Opcode : 'add' 'sub'> <InPorts = 2> <OutPorts = 1>
ST_46 : Operation 426 [1/1] (0.80ns)   --->   "%add_ln95_18 = add i12 %tmp_57, i12 %zext_ln95_14" [../src/gaussian_blur.cpp:95]   --->   Operation 426 'add' 'add_ln95_18' <Predicate = true> <Delay = 0.80> <CoreInst = "Adder">   --->   Core 1 'Adder' <Latency = 0> <II = 1> <Delay = 0.80> <FuncUnit> <Opcode : 'add' 'sub'> <InPorts = 2> <OutPorts = 1>
ST_46 : Operation 427 [1/1] (0.80ns)   --->   "%add_ln95_19 = add i12 %tmp_57, i12 %zext_ln95_19" [../src/gaussian_blur.cpp:95]   --->   Operation 427 'add' 'add_ln95_19' <Predicate = true> <Delay = 0.80> <CoreInst = "Adder">   --->   Core 1 'Adder' <Latency = 0> <II = 1> <Delay = 0.80> <FuncUnit> <Opcode : 'add' 'sub'> <InPorts = 2> <OutPorts = 1>

State 47 <SV = 46> <Delay = 3.60>
ST_47 : Operation 428 [1/2] ( I:1.23ns O:1.23ns )   --->   "%lineBuffer_1_load_17 = load i12 %lineBuffer_1_addr_18" [../src/gaussian_blur.cpp:95]   --->   Operation 428 'load' 'lineBuffer_1_load_17' <Predicate = true> <Delay = 1.23> <CoreInst = "RAM">   --->   Core 82 'RAM' <Latency = 1> <II = 1> <Delay = 1.23> <Storage> <Opcode : 'load' 'store'> <Ports = 2> <Width = 8> <Depth = 2560> <RAM>
ST_47 : Operation 429 [1/2] ( I:1.23ns O:1.23ns )   --->   "%lineBuffer_1_load_18 = load i12 %lineBuffer_1_addr_19" [../src/gaussian_blur.cpp:95]   --->   Operation 429 'load' 'lineBuffer_1_load_18' <Predicate = true> <Delay = 1.23> <CoreInst = "RAM">   --->   Core 82 'RAM' <Latency = 1> <II = 1> <Delay = 1.23> <Storage> <Opcode : 'load' 'store'> <Ports = 2> <Width = 8> <Depth = 2560> <RAM>
ST_47 : Operation 430 [1/1] (0.00ns)   --->   "%zext_ln95_30 = zext i12 %add_ln95_16" [../src/gaussian_blur.cpp:95]   --->   Operation 430 'zext' 'zext_ln95_30' <Predicate = true> <Delay = 0.00>
ST_47 : Operation 431 [1/1] (0.00ns)   --->   "%lineBuffer_1_addr_20 = getelementptr i8 %lineBuffer_1, i64 0, i64 %zext_ln95_30" [../src/gaussian_blur.cpp:95]   --->   Operation 431 'getelementptr' 'lineBuffer_1_addr_20' <Predicate = true> <Delay = 0.00>
ST_47 : Operation 432 [1/1] (0.00ns)   --->   "%zext_ln95_31 = zext i12 %add_ln95_17" [../src/gaussian_blur.cpp:95]   --->   Operation 432 'zext' 'zext_ln95_31' <Predicate = true> <Delay = 0.00>
ST_47 : Operation 433 [1/1] (0.00ns)   --->   "%lineBuffer_1_addr_21 = getelementptr i8 %lineBuffer_1, i64 0, i64 %zext_ln95_31" [../src/gaussian_blur.cpp:95]   --->   Operation 433 'getelementptr' 'lineBuffer_1_addr_21' <Predicate = true> <Delay = 0.00>
ST_47 : Operation 434 [2/2] (1.23ns)   --->   "%lineBuffer_1_load_19 = load i12 %lineBuffer_1_addr_20" [../src/gaussian_blur.cpp:95]   --->   Operation 434 'load' 'lineBuffer_1_load_19' <Predicate = true> <Delay = 1.23> <CoreInst = "RAM">   --->   Core 82 'RAM' <Latency = 1> <II = 1> <Delay = 1.23> <Storage> <Opcode : 'load' 'store'> <Ports = 2> <Width = 8> <Depth = 2560> <RAM>
ST_47 : Operation 435 [2/2] (1.23ns)   --->   "%lineBuffer_1_load_20 = load i12 %lineBuffer_1_addr_21" [../src/gaussian_blur.cpp:95]   --->   Operation 435 'load' 'lineBuffer_1_load_20' <Predicate = true> <Delay = 1.23> <CoreInst = "RAM">   --->   Core 82 'RAM' <Latency = 1> <II = 1> <Delay = 1.23> <Storage> <Opcode : 'load' 'store'> <Ports = 2> <Width = 8> <Depth = 2560> <RAM>
ST_47 : Operation 436 [1/1] (0.00ns)   --->   "%p_anonymous_namespace_lineBuffer_load_15_cast25 = zext i8 %lineBuffer_1_load_15" [../src/gaussian_blur.cpp:95]   --->   Operation 436 'zext' 'p_anonymous_namespace_lineBuffer_load_15_cast25' <Predicate = true> <Delay = 0.00>
ST_47 : Operation 437 [1/1] (0.00ns)   --->   "%p_cast11 = zext i9 %empty_49" [../src/gaussian_blur.cpp:95]   --->   Operation 437 'zext' 'p_cast11' <Predicate = true> <Delay = 0.00>
ST_47 : Operation 438 [1/1] (0.00ns)   --->   "%p_anonymous_namespace_lineBuffer_load_17_cast = zext i8 %lineBuffer_1_load_17" [../src/gaussian_blur.cpp:95]   --->   Operation 438 'zext' 'p_anonymous_namespace_lineBuffer_load_17_cast' <Predicate = true> <Delay = 0.00>
ST_47 : Operation 439 [1/1] (0.76ns)   --->   "%tmp5 = add i9 %p_anonymous_namespace_lineBuffer_load_15_cast25, i9 %p_anonymous_namespace_lineBuffer_load_17_cast" [../src/gaussian_blur.cpp:95]   --->   Operation 439 'add' 'tmp5' <Predicate = true> <Delay = 0.76> <CoreInst = "Adder">   --->   Core 1 'Adder' <Latency = 0> <II = 1> <Delay = 0.76> <FuncUnit> <Opcode : 'add' 'sub'> <InPorts = 2> <OutPorts = 1>
ST_47 : Operation 440 [1/1] (0.00ns)   --->   "%tmp5_cast = zext i9 %tmp5" [../src/gaussian_blur.cpp:95]   --->   Operation 440 'zext' 'tmp5_cast' <Predicate = true> <Delay = 0.00>
ST_47 : Operation 441 [1/1] (0.77ns)   --->   "%tmp141 = add i10 %tmp5_cast, i10 %p_cast11" [../src/gaussian_blur.cpp:95]   --->   Operation 441 'add' 'tmp141' <Predicate = true> <Delay = 0.77> <CoreInst = "Adder">   --->   Core 1 'Adder' <Latency = 0> <II = 1> <Delay = 0.77> <FuncUnit> <Opcode : 'add' 'sub'> <InPorts = 2> <OutPorts = 1>
ST_47 : Operation 442 [1/1] (0.00ns)   --->   "%tmp15 = bitconcatenate i14 @_ssdm_op_BitConcatenate.i14.i10.i4, i10 %tmp141, i4 0" [../src/gaussian_blur.cpp:95]   --->   Operation 442 'bitconcatenate' 'tmp15' <Predicate = true> <Delay = 0.00>
ST_47 : Operation 443 [1/1] (0.00ns)   --->   "%tmp15_cast27 = zext i14 %tmp15" [../src/gaussian_blur.cpp:95]   --->   Operation 443 'zext' 'tmp15_cast27' <Predicate = true> <Delay = 0.00>
ST_47 : Operation 444 [1/1] (0.00ns)   --->   "%zext_ln93_2 = zext i14 %sum_5" [../src/gaussian_blur.cpp:93]   --->   Operation 444 'zext' 'zext_ln93_2' <Predicate = true> <Delay = 0.00>
ST_47 : Operation 445 [1/1] (0.83ns)   --->   "%add_ln93_2 = add i15 %zext_ln93_2, i15 %tmp15_cast27" [../src/gaussian_blur.cpp:93]   --->   Operation 445 'add' 'add_ln93_2' <Predicate = true> <Delay = 0.83> <CoreInst = "Adder">   --->   Core 1 'Adder' <Latency = 0> <II = 1> <Delay = 0.83> <FuncUnit> <Opcode : 'add' 'sub'> <InPorts = 2> <OutPorts = 1>

State 48 <SV = 47> <Delay = 1.23>
ST_48 : Operation 446 [1/1] (0.00ns)   --->   "%zext_ln95_32 = zext i12 %add_ln95_18" [../src/gaussian_blur.cpp:95]   --->   Operation 446 'zext' 'zext_ln95_32' <Predicate = true> <Delay = 0.00>
ST_48 : Operation 447 [1/1] (0.00ns)   --->   "%lineBuffer_1_addr_23 = getelementptr i8 %lineBuffer_1, i64 0, i64 %zext_ln95_32" [../src/gaussian_blur.cpp:95]   --->   Operation 447 'getelementptr' 'lineBuffer_1_addr_23' <Predicate = true> <Delay = 0.00>
ST_48 : Operation 448 [1/1] (0.00ns)   --->   "%zext_ln95_33 = zext i12 %add_ln95_19" [../src/gaussian_blur.cpp:95]   --->   Operation 448 'zext' 'zext_ln95_33' <Predicate = true> <Delay = 0.00>
ST_48 : Operation 449 [1/1] (0.00ns)   --->   "%lineBuffer_1_addr_24 = getelementptr i8 %lineBuffer_1, i64 0, i64 %zext_ln95_33" [../src/gaussian_blur.cpp:95]   --->   Operation 449 'getelementptr' 'lineBuffer_1_addr_24' <Predicate = true> <Delay = 0.00>
ST_48 : Operation 450 [1/2] ( I:1.23ns O:1.23ns )   --->   "%lineBuffer_1_load_19 = load i12 %lineBuffer_1_addr_20" [../src/gaussian_blur.cpp:95]   --->   Operation 450 'load' 'lineBuffer_1_load_19' <Predicate = true> <Delay = 1.23> <CoreInst = "RAM">   --->   Core 82 'RAM' <Latency = 1> <II = 1> <Delay = 1.23> <Storage> <Opcode : 'load' 'store'> <Ports = 2> <Width = 8> <Depth = 2560> <RAM>
ST_48 : Operation 451 [1/2] ( I:1.23ns O:1.23ns )   --->   "%lineBuffer_1_load_20 = load i12 %lineBuffer_1_addr_21" [../src/gaussian_blur.cpp:95]   --->   Operation 451 'load' 'lineBuffer_1_load_20' <Predicate = true> <Delay = 1.23> <CoreInst = "RAM">   --->   Core 82 'RAM' <Latency = 1> <II = 1> <Delay = 1.23> <Storage> <Opcode : 'load' 'store'> <Ports = 2> <Width = 8> <Depth = 2560> <RAM>
ST_48 : Operation 452 [2/2] (1.23ns)   --->   "%lineBuffer_1_load_22 = load i12 %lineBuffer_1_addr_23" [../src/gaussian_blur.cpp:95]   --->   Operation 452 'load' 'lineBuffer_1_load_22' <Predicate = true> <Delay = 1.23> <CoreInst = "RAM">   --->   Core 82 'RAM' <Latency = 1> <II = 1> <Delay = 1.23> <Storage> <Opcode : 'load' 'store'> <Ports = 2> <Width = 8> <Depth = 2560> <RAM>
ST_48 : Operation 453 [2/2] (1.23ns)   --->   "%lineBuffer_1_load_23 = load i12 %lineBuffer_1_addr_24" [../src/gaussian_blur.cpp:95]   --->   Operation 453 'load' 'lineBuffer_1_load_23' <Predicate = true> <Delay = 1.23> <CoreInst = "RAM">   --->   Core 82 'RAM' <Latency = 1> <II = 1> <Delay = 1.23> <Storage> <Opcode : 'load' 'store'> <Ports = 2> <Width = 8> <Depth = 2560> <RAM>

State 49 <SV = 48> <Delay = 2.77>
ST_49 : Operation 454 [1/1] (0.00ns)   --->   "%zext_ln95_12 = zext i8 %lineBuffer_1_load_19" [../src/gaussian_blur.cpp:95]   --->   Operation 454 'zext' 'zext_ln95_12' <Predicate = true> <Delay = 0.00>
ST_49 : Operation 455 [1/2] ( I:1.23ns O:1.23ns )   --->   "%lineBuffer_1_load_22 = load i12 %lineBuffer_1_addr_23" [../src/gaussian_blur.cpp:95]   --->   Operation 455 'load' 'lineBuffer_1_load_22' <Predicate = true> <Delay = 1.23> <CoreInst = "RAM">   --->   Core 82 'RAM' <Latency = 1> <II = 1> <Delay = 1.23> <Storage> <Opcode : 'load' 'store'> <Ports = 2> <Width = 8> <Depth = 2560> <RAM>
ST_49 : Operation 456 [1/2] ( I:1.23ns O:1.23ns )   --->   "%lineBuffer_1_load_23 = load i12 %lineBuffer_1_addr_24" [../src/gaussian_blur.cpp:95]   --->   Operation 456 'load' 'lineBuffer_1_load_23' <Predicate = true> <Delay = 1.23> <CoreInst = "RAM">   --->   Core 82 'RAM' <Latency = 1> <II = 1> <Delay = 1.23> <Storage> <Opcode : 'load' 'store'> <Ports = 2> <Width = 8> <Depth = 2560> <RAM>
ST_49 : Operation 457 [1/1] (0.00ns)   --->   "%p_anonymous_namespace_lineBuffer_load_23_cast30 = zext i8 %lineBuffer_1_load_23" [../src/gaussian_blur.cpp:95]   --->   Operation 457 'zext' 'p_anonymous_namespace_lineBuffer_load_23_cast30' <Predicate = true> <Delay = 0.00>
ST_49 : Operation 458 [1/1] (0.00ns)   --->   "%p_anonymous_namespace_lineBuffer_load_18_cast23 = zext i8 %lineBuffer_1_load_18" [../src/gaussian_blur.cpp:95]   --->   Operation 458 'zext' 'p_anonymous_namespace_lineBuffer_load_18_cast23' <Predicate = true> <Delay = 0.00>
ST_49 : Operation 459 [1/1] (0.00ns)   --->   "%p_anonymous_namespace_lineBuffer_load_20_cast = zext i8 %lineBuffer_1_load_20" [../src/gaussian_blur.cpp:95]   --->   Operation 459 'zext' 'p_anonymous_namespace_lineBuffer_load_20_cast' <Predicate = true> <Delay = 0.00>
ST_49 : Operation 460 [1/1] (0.00ns)   --->   "%p_anonymous_namespace_lineBuffer_load_22_cast = zext i8 %lineBuffer_1_load_22" [../src/gaussian_blur.cpp:95]   --->   Operation 460 'zext' 'p_anonymous_namespace_lineBuffer_load_22_cast' <Predicate = true> <Delay = 0.00>
ST_49 : Operation 461 [1/1] (0.76ns)   --->   "%tmp3 = add i9 %p_anonymous_namespace_lineBuffer_load_20_cast, i9 %p_anonymous_namespace_lineBuffer_load_22_cast" [../src/gaussian_blur.cpp:95]   --->   Operation 461 'add' 'tmp3' <Predicate = true> <Delay = 0.76> <CoreInst = "Adder">   --->   Core 1 'Adder' <Latency = 0> <II = 1> <Delay = 0.76> <FuncUnit> <Opcode : 'add' 'sub'> <InPorts = 2> <OutPorts = 1>
ST_49 : Operation 462 [1/1] (0.00ns)   --->   "%tmp3_cast = zext i9 %tmp3" [../src/gaussian_blur.cpp:95]   --->   Operation 462 'zext' 'tmp3_cast' <Predicate = true> <Delay = 0.00>
ST_49 : Operation 463 [1/1] (0.77ns)   --->   "%tmp2 = add i10 %tmp3_cast, i10 %p_anonymous_namespace_lineBuffer_load_18_cast23" [../src/gaussian_blur.cpp:95]   --->   Operation 463 'add' 'tmp2' <Predicate = true> <Delay = 0.77> <CoreInst = "Adder">   --->   Core 1 'Adder' <Latency = 0> <II = 1> <Delay = 0.77> <FuncUnit> <Opcode : 'add' 'sub'> <InPorts = 2> <OutPorts = 1>
ST_49 : Operation 464 [1/1] (0.76ns)   --->   "%add_ln93_5 = add i9 %zext_ln95_12, i9 %p_anonymous_namespace_lineBuffer_load_23_cast30" [../src/gaussian_blur.cpp:93]   --->   Operation 464 'add' 'add_ln93_5' <Predicate = true> <Delay = 0.76> <CoreInst = "Adder">   --->   Core 1 'Adder' <Latency = 0> <II = 1> <Delay = 0.76> <FuncUnit> <Opcode : 'add' 'sub'> <InPorts = 2> <OutPorts = 1>

State 50 <SV = 49> <Delay = 3.61>
ST_50 : Operation 465 [1/1] (0.00ns)   --->   "%zext_ln70 = zext i10 %column" [../src/gaussian_blur.cpp:70]   --->   Operation 465 'zext' 'zext_ln70' <Predicate = true> <Delay = 0.00>
ST_50 : Operation 466 [1/1] (0.00ns)   --->   "%specpipeline_ln70 = specpipeline void @_ssdm_op_SpecPipeline, i32 4294967295, i32 0, i32 0, i32 0, i32 4294967295, void @empty" [../src/gaussian_blur.cpp:70]   --->   Operation 466 'specpipeline' 'specpipeline_ln70' <Predicate = true> <Delay = 0.00>
ST_50 : Operation 467 [1/1] (0.00ns)   --->   "%speclooptripcount_ln70 = speclooptripcount void @_ssdm_op_SpecLoopTripCount, i64 512, i64 512, i64 512" [../src/gaussian_blur.cpp:70]   --->   Operation 467 'speclooptripcount' 'speclooptripcount_ln70' <Predicate = true> <Delay = 0.00>
ST_50 : Operation 468 [1/1] (0.00ns)   --->   "%specloopname_ln70 = specloopname void @_ssdm_op_SpecLoopName, void @empty_13" [../src/gaussian_blur.cpp:70]   --->   Operation 468 'specloopname' 'specloopname_ln70' <Predicate = true> <Delay = 0.00>
ST_50 : Operation 469 [1/1] (0.00ns)   --->   "%p_anonymous_namespace_lineBuffer_load_15_cast = zext i8 %lineBuffer_1_load_14" [../src/gaussian_blur.cpp:95]   --->   Operation 469 'zext' 'p_anonymous_namespace_lineBuffer_load_15_cast' <Predicate = true> <Delay = 0.00>
ST_50 : Operation 470 [1/1] (0.00ns)   --->   "%p_cast10 = zext i10 %empty_48" [../src/gaussian_blur.cpp:95]   --->   Operation 470 'zext' 'p_cast10' <Predicate = true> <Delay = 0.00>
ST_50 : Operation 471 [1/1] (0.00ns) (grouped into TernaryAdder)   --->   "%tmp1 = add i11 %p_cast10, i11 %p_anonymous_namespace_lineBuffer_load_15_cast" [../src/gaussian_blur.cpp:95]   --->   Operation 471 'add' 'tmp1' <Predicate = true> <Delay = 0.00> <CoreInst = "TAddSub">   --->   Core 10 'TAddSub' <Latency = 0> <II = 1> <Delay = 0.34> <IPBlock> <Opcode : 'add' 'sub'> <InPorts = 3> <OutPorts = 1> <Sync> <CReg>
ST_50 : Operation 472 [1/1] (0.00ns)   --->   "%tmp2_cast = zext i10 %tmp2" [../src/gaussian_blur.cpp:95]   --->   Operation 472 'zext' 'tmp2_cast' <Predicate = true> <Delay = 0.00>
ST_50 : Operation 473 [1/1] (0.91ns) (root node of TernaryAdder)   --->   "%tmp63 = add i11 %tmp2_cast, i11 %tmp1" [../src/gaussian_blur.cpp:95]   --->   Operation 473 'add' 'tmp63' <Predicate = true> <Delay = 0.91> <CoreInst = "TAddSub">   --->   Core 10 'TAddSub' <Latency = 0> <II = 1> <Delay = 0.34> <IPBlock> <Opcode : 'add' 'sub'> <InPorts = 3> <OutPorts = 1> <Sync> <CReg>
ST_50 : Operation 474 [1/1] (0.00ns)   --->   "%tmp7 = bitconcatenate i13 @_ssdm_op_BitConcatenate.i13.i11.i2, i11 %tmp63, i2 0" [../src/gaussian_blur.cpp:95]   --->   Operation 474 'bitconcatenate' 'tmp7' <Predicate = true> <Delay = 0.00>
ST_50 : Operation 475 [1/1] (0.00ns)   --->   "%tmp7_cast28 = zext i13 %tmp7" [../src/gaussian_blur.cpp:95]   --->   Operation 475 'zext' 'tmp7_cast28' <Predicate = true> <Delay = 0.00>
ST_50 : Operation 476 [1/1] (0.00ns)   --->   "%p_shl1 = bitconcatenate i15 @_ssdm_op_BitConcatenate.i15.i10.i5, i10 %tmp10, i5 0" [../src/gaussian_blur.cpp:95]   --->   Operation 476 'bitconcatenate' 'p_shl1' <Predicate = true> <Delay = 0.00>
ST_50 : Operation 477 [1/1] (0.00ns)   --->   "%tmp_59 = bitconcatenate i13 @_ssdm_op_BitConcatenate.i13.i10.i3, i10 %tmp10, i3 0" [../src/gaussian_blur.cpp:95]   --->   Operation 477 'bitconcatenate' 'tmp_59' <Predicate = true> <Delay = 0.00>
ST_50 : Operation 478 [1/1] (0.00ns)   --->   "%p_shl84 = zext i13 %tmp_59" [../src/gaussian_blur.cpp:95]   --->   Operation 478 'zext' 'p_shl84' <Predicate = true> <Delay = 0.00>
ST_50 : Operation 479 [1/1] (0.84ns)   --->   "%tmp11 = sub i15 %p_shl1, i15 %p_shl84" [../src/gaussian_blur.cpp:95]   --->   Operation 479 'sub' 'tmp11' <Predicate = true> <Delay = 0.84> <CoreInst = "Adder">   --->   Core 1 'Adder' <Latency = 0> <II = 1> <Delay = 0.84> <FuncUnit> <Opcode : 'add' 'sub'> <InPorts = 2> <OutPorts = 1>
ST_50 : Operation 480 [1/1] (0.00ns)   --->   "%tmp11_cast = zext i15 %tmp11" [../src/gaussian_blur.cpp:95]   --->   Operation 480 'zext' 'tmp11_cast' <Predicate = true> <Delay = 0.00>
ST_50 : Operation 481 [1/1] (0.00ns)   --->   "%p_shl = bitconcatenate i13 @_ssdm_op_BitConcatenate.i13.i10.i3, i10 %tmp18, i3 0" [../src/gaussian_blur.cpp:26->../src/gaussian_blur.cpp:78]   --->   Operation 481 'bitconcatenate' 'p_shl' <Predicate = true> <Delay = 0.00>
ST_50 : Operation 482 [1/1] (0.00ns)   --->   "%tmp_60 = bitconcatenate i11 @_ssdm_op_BitConcatenate.i11.i10.i1, i10 %tmp18, i1 0" [../src/gaussian_blur.cpp:26->../src/gaussian_blur.cpp:78]   --->   Operation 482 'bitconcatenate' 'tmp_60' <Predicate = true> <Delay = 0.00>
ST_50 : Operation 483 [1/1] (0.00ns)   --->   "%p_shl82 = zext i11 %tmp_60" [../src/gaussian_blur.cpp:26->../src/gaussian_blur.cpp:78]   --->   Operation 483 'zext' 'p_shl82' <Predicate = true> <Delay = 0.00>
ST_50 : Operation 484 [1/1] (0.82ns)   --->   "%tmp19 = sub i13 %p_shl, i13 %p_shl82" [../src/gaussian_blur.cpp:26->../src/gaussian_blur.cpp:78]   --->   Operation 484 'sub' 'tmp19' <Predicate = true> <Delay = 0.82> <CoreInst = "Adder">   --->   Core 1 'Adder' <Latency = 0> <II = 1> <Delay = 0.82> <FuncUnit> <Opcode : 'add' 'sub'> <InPorts = 2> <OutPorts = 1>
ST_50 : Operation 485 [1/1] (0.00ns)   --->   "%zext_ln93 = zext i13 %tmp19" [../src/gaussian_blur.cpp:93]   --->   Operation 485 'zext' 'zext_ln93' <Predicate = true> <Delay = 0.00>
ST_50 : Operation 486 [1/1] (0.00ns)   --->   "%zext_ln93_3 = zext i15 %add_ln93_2" [../src/gaussian_blur.cpp:93]   --->   Operation 486 'zext' 'zext_ln93_3' <Predicate = true> <Delay = 0.00>
ST_50 : Operation 487 [1/1] (0.00ns) (grouped into TernaryAdder)   --->   "%add_ln93_3 = add i16 %zext_ln93_3, i16 %tmp11_cast" [../src/gaussian_blur.cpp:93]   --->   Operation 487 'add' 'add_ln93_3' <Predicate = true> <Delay = 0.00> <CoreInst = "TAddSub">   --->   Core 10 'TAddSub' <Latency = 0> <II = 1> <Delay = 0.34> <IPBlock> <Opcode : 'add' 'sub'> <InPorts = 3> <OutPorts = 1> <Sync> <CReg>
ST_50 : Operation 488 [1/1] (0.00ns) (grouped into TernaryAdder)   --->   "%add_ln93_4 = add i14 %zext_ln93, i14 %tmp7_cast28" [../src/gaussian_blur.cpp:93]   --->   Operation 488 'add' 'add_ln93_4' <Predicate = true> <Delay = 0.00> <CoreInst = "TAddSub">   --->   Core 10 'TAddSub' <Latency = 0> <II = 1> <Delay = 0.34> <IPBlock> <Opcode : 'add' 'sub'> <InPorts = 3> <OutPorts = 1> <Sync> <CReg>
ST_50 : Operation 489 [1/1] (0.00ns)   --->   "%zext_ln93_4 = zext i9 %add_ln93_5" [../src/gaussian_blur.cpp:93]   --->   Operation 489 'zext' 'zext_ln93_4' <Predicate = true> <Delay = 0.00>
ST_50 : Operation 490 [1/1] (0.77ns) (root node of TernaryAdder)   --->   "%add_ln93_6 = add i14 %zext_ln93_4, i14 %add_ln93_4" [../src/gaussian_blur.cpp:93]   --->   Operation 490 'add' 'add_ln93_6' <Predicate = true> <Delay = 0.77> <CoreInst = "TAddSub">   --->   Core 10 'TAddSub' <Latency = 0> <II = 1> <Delay = 0.34> <IPBlock> <Opcode : 'add' 'sub'> <InPorts = 3> <OutPorts = 1> <Sync> <CReg>
ST_50 : Operation 491 [1/1] (0.00ns)   --->   "%zext_ln93_5 = zext i14 %add_ln93_6" [../src/gaussian_blur.cpp:93]   --->   Operation 491 'zext' 'zext_ln93_5' <Predicate = true> <Delay = 0.00>
ST_50 : Operation 492 [1/1] (0.68ns) (root node of TernaryAdder)   --->   "%sum_3 = add i16 %zext_ln93_5, i16 %add_ln93_3" [../src/gaussian_blur.cpp:93]   --->   Operation 492 'add' 'sum_3' <Predicate = true> <Delay = 0.68> <CoreInst = "TAddSub">   --->   Core 10 'TAddSub' <Latency = 0> <II = 1> <Delay = 0.34> <IPBlock> <Opcode : 'add' 'sub'> <InPorts = 3> <OutPorts = 1> <Sync> <CReg>
ST_50 : Operation 493 [1/1] (0.00ns)   --->   "%trunc_ln = partselect i8 @_ssdm_op_PartSelect.i8.i16.i32.i32, i16 %sum_3, i32 8, i32 15" [../src/gaussian_blur.cpp:102]   --->   Operation 493 'partselect' 'trunc_ln' <Predicate = true> <Delay = 0.00>
ST_50 : Operation 494 [1/1] (0.00ns)   --->   "%output_addr = getelementptr i8 %output_r, i64 0, i64 %zext_ln70" [../src/gaussian_blur.cpp:101]   --->   Operation 494 'getelementptr' 'output_addr' <Predicate = true> <Delay = 0.00>
ST_50 : Operation 495 [1/1] ( I:1.23ns O:1.23ns )   --->   "%store_ln101 = store i8 %trunc_ln, i9 %output_addr" [../src/gaussian_blur.cpp:101]   --->   Operation 495 'store' 'store_ln101' <Predicate = true> <Delay = 1.23> <CoreInst = "RAM">   --->   Core 82 'RAM' <Latency = 1> <II = 1> <Delay = 1.23> <Storage> <Opcode : 'load' 'store'> <Ports = 2> <Width = 8> <Depth = 512> <RAM>
ST_50 : Operation 496 [1/1] (0.00ns)   --->   "%br_ln70 = br void %VITIS_LOOP_73_3" [../src/gaussian_blur.cpp:70]   --->   Operation 496 'br' 'br_ln70' <Predicate = true> <Delay = 0.00>


============================================================
+ Verbose Summary: Timing violations
============================================================
Target clock period: 5.000ns, clock uncertainty: 1.350ns.

 <State 1>: 2.826ns
The critical path consists of the following:
	'icmp' operation 1 bit ('icmp_ln29_3', ../src/gaussian_blur.cpp:29->../src/gaussian_blur.cpp:78) [51]  (0.924 ns)
	'select' operation 32 bit ('select_ln29_1', ../src/gaussian_blur.cpp:29->../src/gaussian_blur.cpp:78) [64]  (0.000 ns)
	'select' operation 32 bit ('absoluteSourceRow', ../src/gaussian_blur.cpp:27->../src/gaussian_blur.cpp:78) [65]  (0.449 ns)
	'srem' operation 32 bit ('result', ../src/gaussian_blur.cpp:22->../src/gaussian_blur.cpp:81) [66]  (1.453 ns)

 <State 2>: 1.902ns
The critical path consists of the following:
	'select' operation 32 bit ('select_ln29_4', ../src/gaussian_blur.cpp:29->../src/gaussian_blur.cpp:78) [132]  (0.000 ns)
	'select' operation 32 bit ('absoluteSourceRow', ../src/gaussian_blur.cpp:27->../src/gaussian_blur.cpp:78) [133]  (0.449 ns)
	'srem' operation 32 bit ('result', ../src/gaussian_blur.cpp:22->../src/gaussian_blur.cpp:81) [134]  (1.453 ns)

 <State 3>: 1.902ns
The critical path consists of the following:
	'select' operation 32 bit ('select_ln29', ../src/gaussian_blur.cpp:29->../src/gaussian_blur.cpp:78) [175]  (0.000 ns)
	'select' operation 32 bit ('absoluteSourceRow', ../src/gaussian_blur.cpp:27->../src/gaussian_blur.cpp:78) [176]  (0.449 ns)
	'srem' operation 32 bit ('result', ../src/gaussian_blur.cpp:22->../src/gaussian_blur.cpp:81) [177]  (1.453 ns)

 <State 4>: 1.902ns
The critical path consists of the following:
	'select' operation 32 bit ('select_ln29_5', ../src/gaussian_blur.cpp:29->../src/gaussian_blur.cpp:78) [204]  (0.000 ns)
	'select' operation 32 bit ('absoluteSourceRow', ../src/gaussian_blur.cpp:27->../src/gaussian_blur.cpp:78) [205]  (0.449 ns)
	'srem' operation 32 bit ('result', ../src/gaussian_blur.cpp:22->../src/gaussian_blur.cpp:81) [206]  (1.453 ns)

 <State 5>: 1.453ns
The critical path consists of the following:
	'srem' operation 32 bit ('result', ../src/gaussian_blur.cpp:22->../src/gaussian_blur.cpp:81) [66]  (1.453 ns)

 <State 6>: 1.453ns
The critical path consists of the following:
	'srem' operation 32 bit ('result', ../src/gaussian_blur.cpp:22->../src/gaussian_blur.cpp:81) [66]  (1.453 ns)

 <State 7>: 1.453ns
The critical path consists of the following:
	'srem' operation 32 bit ('result', ../src/gaussian_blur.cpp:22->../src/gaussian_blur.cpp:81) [66]  (1.453 ns)

 <State 8>: 1.453ns
The critical path consists of the following:
	'srem' operation 32 bit ('result', ../src/gaussian_blur.cpp:22->../src/gaussian_blur.cpp:81) [66]  (1.453 ns)

 <State 9>: 1.453ns
The critical path consists of the following:
	'srem' operation 32 bit ('result', ../src/gaussian_blur.cpp:22->../src/gaussian_blur.cpp:81) [66]  (1.453 ns)

 <State 10>: 1.453ns
The critical path consists of the following:
	'srem' operation 32 bit ('result', ../src/gaussian_blur.cpp:22->../src/gaussian_blur.cpp:81) [66]  (1.453 ns)

 <State 11>: 1.453ns
The critical path consists of the following:
	'srem' operation 32 bit ('result', ../src/gaussian_blur.cpp:22->../src/gaussian_blur.cpp:81) [66]  (1.453 ns)

 <State 12>: 1.453ns
The critical path consists of the following:
	'srem' operation 32 bit ('result', ../src/gaussian_blur.cpp:22->../src/gaussian_blur.cpp:81) [66]  (1.453 ns)

 <State 13>: 1.453ns
The critical path consists of the following:
	'srem' operation 32 bit ('result', ../src/gaussian_blur.cpp:22->../src/gaussian_blur.cpp:81) [66]  (1.453 ns)

 <State 14>: 1.453ns
The critical path consists of the following:
	'srem' operation 32 bit ('result', ../src/gaussian_blur.cpp:22->../src/gaussian_blur.cpp:81) [66]  (1.453 ns)

 <State 15>: 1.453ns
The critical path consists of the following:
	'srem' operation 32 bit ('result', ../src/gaussian_blur.cpp:22->../src/gaussian_blur.cpp:81) [66]  (1.453 ns)

 <State 16>: 1.453ns
The critical path consists of the following:
	'srem' operation 32 bit ('result', ../src/gaussian_blur.cpp:22->../src/gaussian_blur.cpp:81) [66]  (1.453 ns)

 <State 17>: 1.453ns
The critical path consists of the following:
	'srem' operation 32 bit ('result', ../src/gaussian_blur.cpp:22->../src/gaussian_blur.cpp:81) [66]  (1.453 ns)

 <State 18>: 1.453ns
The critical path consists of the following:
	'srem' operation 32 bit ('result', ../src/gaussian_blur.cpp:22->../src/gaussian_blur.cpp:81) [66]  (1.453 ns)

 <State 19>: 1.453ns
The critical path consists of the following:
	'srem' operation 32 bit ('result', ../src/gaussian_blur.cpp:22->../src/gaussian_blur.cpp:81) [66]  (1.453 ns)

 <State 20>: 1.453ns
The critical path consists of the following:
	'srem' operation 32 bit ('result', ../src/gaussian_blur.cpp:22->../src/gaussian_blur.cpp:81) [66]  (1.453 ns)

 <State 21>: 1.453ns
The critical path consists of the following:
	'srem' operation 32 bit ('result', ../src/gaussian_blur.cpp:22->../src/gaussian_blur.cpp:81) [66]  (1.453 ns)

 <State 22>: 1.453ns
The critical path consists of the following:
	'srem' operation 32 bit ('result', ../src/gaussian_blur.cpp:22->../src/gaussian_blur.cpp:81) [66]  (1.453 ns)

 <State 23>: 1.453ns
The critical path consists of the following:
	'srem' operation 32 bit ('result', ../src/gaussian_blur.cpp:22->../src/gaussian_blur.cpp:81) [66]  (1.453 ns)

 <State 24>: 1.453ns
The critical path consists of the following:
	'srem' operation 32 bit ('result', ../src/gaussian_blur.cpp:22->../src/gaussian_blur.cpp:81) [66]  (1.453 ns)

 <State 25>: 1.453ns
The critical path consists of the following:
	'srem' operation 32 bit ('result', ../src/gaussian_blur.cpp:22->../src/gaussian_blur.cpp:81) [66]  (1.453 ns)

 <State 26>: 1.453ns
The critical path consists of the following:
	'srem' operation 32 bit ('result', ../src/gaussian_blur.cpp:22->../src/gaussian_blur.cpp:81) [66]  (1.453 ns)

 <State 27>: 1.453ns
The critical path consists of the following:
	'srem' operation 32 bit ('result', ../src/gaussian_blur.cpp:22->../src/gaussian_blur.cpp:81) [66]  (1.453 ns)

 <State 28>: 1.453ns
The critical path consists of the following:
	'srem' operation 32 bit ('result', ../src/gaussian_blur.cpp:22->../src/gaussian_blur.cpp:81) [66]  (1.453 ns)

 <State 29>: 1.453ns
The critical path consists of the following:
	'srem' operation 32 bit ('result', ../src/gaussian_blur.cpp:22->../src/gaussian_blur.cpp:81) [66]  (1.453 ns)

 <State 30>: 1.453ns
The critical path consists of the following:
	'srem' operation 32 bit ('result', ../src/gaussian_blur.cpp:22->../src/gaussian_blur.cpp:81) [66]  (1.453 ns)

 <State 31>: 1.453ns
The critical path consists of the following:
	'srem' operation 32 bit ('result', ../src/gaussian_blur.cpp:22->../src/gaussian_blur.cpp:81) [66]  (1.453 ns)

 <State 32>: 1.453ns
The critical path consists of the following:
	'srem' operation 32 bit ('result', ../src/gaussian_blur.cpp:22->../src/gaussian_blur.cpp:81) [66]  (1.453 ns)

 <State 33>: 1.453ns
The critical path consists of the following:
	'srem' operation 32 bit ('result', ../src/gaussian_blur.cpp:22->../src/gaussian_blur.cpp:81) [66]  (1.453 ns)

 <State 34>: 1.453ns
The critical path consists of the following:
	'srem' operation 32 bit ('result', ../src/gaussian_blur.cpp:22->../src/gaussian_blur.cpp:81) [66]  (1.453 ns)

 <State 35>: 1.453ns
The critical path consists of the following:
	'srem' operation 32 bit ('result', ../src/gaussian_blur.cpp:22->../src/gaussian_blur.cpp:81) [66]  (1.453 ns)

 <State 36>: 3.571ns
The critical path consists of the following:
	'srem' operation 32 bit ('result', ../src/gaussian_blur.cpp:22->../src/gaussian_blur.cpp:81) [66]  (1.453 ns)
	'add' operation 3 bit ('add_ln23', ../src/gaussian_blur.cpp:23->../src/gaussian_blur.cpp:81) [69]  (0.673 ns)
	'select' operation 3 bit ('select_ln23_1', ../src/gaussian_blur.cpp:23->../src/gaussian_blur.cpp:81) [70]  (0.208 ns)
	'getelementptr' operation 12 bit ('lineBuffer_1_addr_4', ../src/gaussian_blur.cpp:95) [101]  (0.000 ns)
	'load' operation 8 bit ('lineBuffer_1_load_1', ../src/gaussian_blur.cpp:95) on array 'lineBuffer_1' [105]  (1.237 ns)

 <State 37>: 3.571ns
The critical path consists of the following:
	'srem' operation 32 bit ('result', ../src/gaussian_blur.cpp:22->../src/gaussian_blur.cpp:81) [134]  (1.453 ns)
	'add' operation 3 bit ('add_ln23_1', ../src/gaussian_blur.cpp:23->../src/gaussian_blur.cpp:81) [137]  (0.673 ns)
	'select' operation 3 bit ('select_ln23_2', ../src/gaussian_blur.cpp:23->../src/gaussian_blur.cpp:81) [138]  (0.208 ns)
	'getelementptr' operation 12 bit ('lineBuffer_1_addr_12', ../src/gaussian_blur.cpp:95) [148]  (0.000 ns)
	'load' operation 8 bit ('lineBuffer_1_load_6', ../src/gaussian_blur.cpp:95) on array 'lineBuffer_1' [157]  (1.237 ns)

 <State 38>: 3.571ns
The critical path consists of the following:
	'srem' operation 32 bit ('result', ../src/gaussian_blur.cpp:22->../src/gaussian_blur.cpp:81) [177]  (1.453 ns)
	'add' operation 3 bit ('add_ln23_2', ../src/gaussian_blur.cpp:23->../src/gaussian_blur.cpp:81) [180]  (0.673 ns)
	'select' operation 3 bit ('select_ln23_3', ../src/gaussian_blur.cpp:23->../src/gaussian_blur.cpp:81) [181]  (0.208 ns)
	'getelementptr' operation 12 bit ('lineBuffer_1_addr_17', ../src/gaussian_blur.cpp:95) [191]  (0.000 ns)
	'load' operation 8 bit ('lineBuffer_1_load_16', ../src/gaussian_blur.cpp:95) on array 'lineBuffer_1' [200]  (1.237 ns)

 <State 39>: 3.571ns
The critical path consists of the following:
	'srem' operation 32 bit ('result', ../src/gaussian_blur.cpp:22->../src/gaussian_blur.cpp:81) [206]  (1.453 ns)
	'add' operation 3 bit ('add_ln23_3', ../src/gaussian_blur.cpp:23->../src/gaussian_blur.cpp:81) [209]  (0.673 ns)
	'select' operation 3 bit ('select_ln23_4', ../src/gaussian_blur.cpp:23->../src/gaussian_blur.cpp:81) [210]  (0.208 ns)
	'getelementptr' operation 12 bit ('lineBuffer_1_addr_22', ../src/gaussian_blur.cpp:95) [220]  (0.000 ns)
	'load' operation 8 bit ('lineBuffer_1_load_21', ../src/gaussian_blur.cpp:95) on array 'lineBuffer_1' [230]  (1.237 ns)

 <State 40>: 3.225ns
The critical path consists of the following:
	'add' operation 10 bit ('v', ../src/gaussian_blur.cpp:91) [119]  (0.776 ns)
	'select' operation 10 bit ('sourceColumn', ../src/gaussian_blur.cpp:29->../src/gaussian_blur.cpp:91) [122]  (0.403 ns)
	'add' operation 12 bit ('add_ln95_6', ../src/gaussian_blur.cpp:95) [124]  (0.809 ns)
	'getelementptr' operation 12 bit ('lineBuffer_1_addr_8', ../src/gaussian_blur.cpp:95) [126]  (0.000 ns)
	'load' operation 8 bit ('lineBuffer_1_load_3', ../src/gaussian_blur.cpp:95) on array 'lineBuffer_1' [130]  (1.237 ns)

 <State 41>: 2.780ns
The critical path consists of the following:
	'load' operation 8 bit ('lineBuffer_1_load_3', ../src/gaussian_blur.cpp:95) on array 'lineBuffer_1' [130]  (1.237 ns)
	'add' operation 9 bit ('sum_4', ../src/gaussian_blur.cpp:93) [288]  (0.765 ns)
	'add' operation 14 bit ('sum_5', ../src/gaussian_blur.cpp:93) [290]  (0.778 ns)

 <State 42>: 2.046ns
The critical path consists of the following:
	'add' operation 12 bit ('add_ln95_5', ../src/gaussian_blur.cpp:95) [115]  (0.809 ns)
	'getelementptr' operation 12 bit ('lineBuffer_1_addr_7', ../src/gaussian_blur.cpp:95) [117]  (0.000 ns)
	'load' operation 8 bit ('lineBuffer_1_load_12', ../src/gaussian_blur.cpp:95) on array 'lineBuffer_1' [171]  (1.237 ns)

 <State 43>: 2.778ns
The critical path consists of the following:
	'load' operation 8 bit ('lineBuffer_1_load_12', ../src/gaussian_blur.cpp:95) on array 'lineBuffer_1' [171]  (1.237 ns)
	'add' operation 9 bit ('tmp4', ../src/gaussian_blur.cpp:95) [259]  (0.765 ns)
	'add' operation 10 bit ('tmp10', ../src/gaussian_blur.cpp:95) [261]  (0.776 ns)

 <State 44>: 2.046ns
The critical path consists of the following:
	'add' operation 12 bit ('add_ln95_10', ../src/gaussian_blur.cpp:95) [149]  (0.809 ns)
	'getelementptr' operation 12 bit ('lineBuffer_1_addr_13', ../src/gaussian_blur.cpp:95) [151]  (0.000 ns)
	'load' operation 8 bit ('lineBuffer_1_load_7', ../src/gaussian_blur.cpp:95) on array 'lineBuffer_1' [159]  (1.237 ns)

 <State 45>: 2.778ns
The critical path consists of the following:
	'load' operation 8 bit ('lineBuffer_1_load_8', ../src/gaussian_blur.cpp:95) on array 'lineBuffer_1' [160]  (1.237 ns)
	'add' operation 9 bit ('tmp', ../src/gaussian_blur.cpp:95) [242]  (0.765 ns)
	'add' operation 10 bit ('empty_48', ../src/gaussian_blur.cpp:95) [244]  (0.776 ns)

 <State 46>: 2.046ns
The critical path consists of the following:
	'add' operation 12 bit ('add_ln95_14', ../src/gaussian_blur.cpp:95) [192]  (0.809 ns)
	'getelementptr' operation 12 bit ('lineBuffer_1_addr_18', ../src/gaussian_blur.cpp:95) [194]  (0.000 ns)
	'load' operation 8 bit ('lineBuffer_1_load_17', ../src/gaussian_blur.cpp:95) on array 'lineBuffer_1' [202]  (1.237 ns)

 <State 47>: 3.609ns
The critical path consists of the following:
	'load' operation 8 bit ('lineBuffer_1_load_17', ../src/gaussian_blur.cpp:95) on array 'lineBuffer_1' [202]  (1.237 ns)
	'add' operation 9 bit ('tmp5', ../src/gaussian_blur.cpp:95) [273]  (0.765 ns)
	'add' operation 10 bit ('tmp141', ../src/gaussian_blur.cpp:95) [275]  (0.776 ns)
	'add' operation 15 bit ('add_ln93_2', ../src/gaussian_blur.cpp:93) [292]  (0.831 ns)

 <State 48>: 1.237ns
The critical path consists of the following:
	'load' operation 8 bit ('lineBuffer_1_load_19', ../src/gaussian_blur.cpp:95) on array 'lineBuffer_1' [227]  (1.237 ns)

 <State 49>: 2.778ns
The critical path consists of the following:
	'load' operation 8 bit ('lineBuffer_1_load_22', ../src/gaussian_blur.cpp:95) on array 'lineBuffer_1' [232]  (1.237 ns)
	'add' operation 9 bit ('tmp3', ../src/gaussian_blur.cpp:95) [250]  (0.765 ns)
	'add' operation 10 bit ('tmp2', ../src/gaussian_blur.cpp:95) [252]  (0.776 ns)

 <State 50>: 3.617ns
The critical path consists of the following:
	'add' operation 11 bit ('tmp1', ../src/gaussian_blur.cpp:95) [249]  (0.000 ns)
	'add' operation 11 bit ('tmp63', ../src/gaussian_blur.cpp:95) [254]  (0.914 ns)
	'add' operation 14 bit ('add_ln93_4', ../src/gaussian_blur.cpp:93) [295]  (0.000 ns)
	'add' operation 14 bit ('add_ln93_6', ../src/gaussian_blur.cpp:93) [298]  (0.778 ns)
	'add' operation 16 bit ('sum', ../src/gaussian_blur.cpp:93) [300]  (0.687 ns)
	'store' operation ('store_ln101', ../src/gaussian_blur.cpp:101) of variable 'trunc_ln', ../src/gaussian_blur.cpp:102 8 bit on array 'output_r' [303]  (1.237 ns)


============================================================
+ Verbose Summary: Binding
============================================================
N/A
* FSMD analyzer results:
  - Output states:
 - Input state : 
  - Chain level:
	State 1
	State 2
	State 3
	State 4
	State 5
	State 6
	State 7
	State 8
	State 9
	State 10
	State 11
	State 12
	State 13
	State 14
	State 15
	State 16
	State 17
	State 18
	State 19
	State 20
	State 21
	State 22
	State 23
	State 24
	State 25
	State 26
	State 27
	State 28
	State 29
	State 30
	State 31
	State 32
	State 33
	State 34
	State 35
	State 36
	State 37
	State 38
	State 39
	State 40
	State 41
	State 42
	State 43
	State 44
	State 45
	State 46
	State 47
	State 48
	State 49
	State 50


============================================================
+ Verbose Summary: Datapath Resource usage 
============================================================
N/A
