

================================================================
== Vitis HLS Report for 'grayscale_Pipeline_unpack_bytes'
================================================================
* Date:           Sat Aug  1 17:30:24 2026

* Version:        2025.2 (Build 6295257 on Nov 14 2025)
* Project:        canny_top
* Solution:       hls (Vitis Kernel Flow Target)
* Product family: zynquplus
* Target device:  xck26-sfvc784-2LV-c


================================================================
== Performance Estimates
================================================================
+ Timing: 
    * Summary: 
    +--------+---------+----------+------------+
    |  Clock |  Target | Estimated| Uncertainty|
    +--------+---------+----------+------------+
    |ap_clk  |  5.00 ns|  1.914 ns|     1.35 ns|
    +--------+---------+----------+------------+

+ Latency: 
    * Summary: 
    +---------+---------+----------+----------+-----+-----+-------------------+
    |  Latency (cycles) |  Latency (absolute) |  Interval |      Pipeline     |
    |   min   |   max   |    min   |    max   | min | max |        Type       |
    +---------+---------+----------+----------+-----+-----+-------------------+
    |       32|       32|  0.160 us|  0.160 us|    0|    0|  loop pipeline stp|
    +---------+---------+----------+----------+-----+-----+-------------------+

    + Detail: 
        * Instance: 
        N/A

        * Loop: 
        +----------------+---------+---------+----------+-----------+-----------+------+----------+
        |                |  Latency (cycles) | Iteration|  Initiation Interval  | Trip |          |
        |    Loop Name   |   min   |   max   |  Latency |  achieved |   target  | Count| Pipelined|
        +----------------+---------+---------+----------+-----------+-----------+------+----------+
        |- unpack_bytes  |       30|       30|         2|          1|          1|    30|       yes|
        +----------------+---------+---------+----------+-----------+-----------+------+----------+

============================================================
+ Verbose Summary: Synthesis Manager
============================================================
InlineROM: 1
ExposeGlobal: 0
============================================================
+ Verbose Summary: CDFG Model
============================================================
IsTopModel: 0
ResetActiveHigh: 1
IsCombinational: 0
IsDatapathOnly: 0
HasWiredReturn: 1
HasMFsm: 2
HasVarLatency: 1
IsPipeline: 0
IsRtlPipelined: 0
IsInstanceOverlapped: 0
IsDontTouch: 0
HasImplIP: 0
IsGatedGlobalClock: 0

+ Individual pipeline summary: 
  * Pipeline-0: initiation interval (II) = 1, depth = 2


============================================================
+ Verbose Summary: Schedule
============================================================
* Number of FSM states : 2
* Pipeline : 1
  Pipeline-0 : II = 1, D = 2, States = { 1 2 }
* Dataflow Pipeline: 0

* FSM state transitions: 
1 --> 2 
2 --> 

* FSM state operations: 

State 1 <SV = 0> <Delay = 1.66>
ST_1 : Operation 5 [1/1] (0.00ns)   --->   "%w = alloca i32 1" [../src/grayscale.cpp:24]   --->   Operation 5 'alloca' 'w' <Predicate = true> <Delay = 0.00>
ST_1 : Operation 6 [1/1] (0.42ns)   --->   "%store_ln24 = store i5 0, i5 %w" [../src/grayscale.cpp:24]   --->   Operation 6 'store' 'store_ln24' <Predicate = true> <Delay = 0.42>
ST_1 : Operation 7 [1/1] (0.00ns)   --->   "%br_ln0 = br void %VITIS_LOOP_26_2"   --->   Operation 7 'br' 'br_ln0' <Predicate = true> <Delay = 0.00>
ST_1 : Operation 8 [1/1] (0.00ns)   --->   "%w_1 = load i5 %w" [../src/grayscale.cpp:24]   --->   Operation 8 'load' 'w_1' <Predicate = true> <Delay = 0.00>
ST_1 : Operation 9 [1/1] (0.78ns)   --->   "%icmp_ln24 = icmp_eq  i5 %w_1, i5 30" [../src/grayscale.cpp:24]   --->   Operation 9 'icmp' 'icmp_ln24' <Predicate = true> <Delay = 0.78> <CoreInst = "Cmp">   --->   Core 9 'Cmp' <Latency = 0> <II = 1> <Delay = 0.78> <FuncUnit> <Opcode : 'seteq' 'setne' 'setle' 'setge' 'setlt' 'setgt'> <InPorts = 2> <OutPorts = 1>
ST_1 : Operation 10 [1/1] (0.78ns)   --->   "%add_ln24 = add i5 %w_1, i5 1" [../src/grayscale.cpp:24]   --->   Operation 10 'add' 'add_ln24' <Predicate = true> <Delay = 0.78> <CoreInst = "Adder">   --->   Core 1 'Adder' <Latency = 0> <II = 1> <Delay = 0.78> <FuncUnit> <Opcode : 'add' 'sub'> <InPorts = 2> <OutPorts = 1>
ST_1 : Operation 11 [1/1] (0.00ns)   --->   "%br_ln24 = br i1 %icmp_ln24, void %VITIS_LOOP_26_2.split, void %for.inc60.preheader.exitStub" [../src/grayscale.cpp:24]   --->   Operation 11 'br' 'br_ln24' <Predicate = true> <Delay = 0.00>
ST_1 : Operation 12 [1/1] (0.00ns)   --->   "%zext_ln24 = zext i5 %w_1" [../src/grayscale.cpp:24]   --->   Operation 12 'zext' 'zext_ln24' <Predicate = (!icmp_ln24)> <Delay = 0.00>
ST_1 : Operation 13 [1/1] (0.00ns)   --->   "%row_words_addr = getelementptr i512 %row_words, i64 0, i64 %zext_ln24" [../src/grayscale.cpp:28]   --->   Operation 13 'getelementptr' 'row_words_addr' <Predicate = (!icmp_ln24)> <Delay = 0.00>
ST_1 : Operation 14 [2/2] (1.23ns)   --->   "%row_words_load = load i5 %row_words_addr" [../src/grayscale.cpp:28]   --->   Operation 14 'load' 'row_words_load' <Predicate = (!icmp_ln24)> <Delay = 1.23> <CoreInst = "RAM">   --->   Core 82 'RAM' <Latency = 1> <II = 1> <Delay = 1.23> <Storage> <Opcode : 'load' 'store'> <Ports = 2> <Width = 512> <Depth = 30> <RAM>
ST_1 : Operation 15 [1/1] (0.42ns)   --->   "%store_ln24 = store i5 %add_ln24, i5 %w" [../src/grayscale.cpp:24]   --->   Operation 15 'store' 'store_ln24' <Predicate = (!icmp_ln24)> <Delay = 0.42>
ST_1 : Operation 217 [1/1] (0.42ns)   --->   "%ret_ln0 = ret"   --->   Operation 217 'ret' 'ret_ln0' <Predicate = (icmp_ln24)> <Delay = 0.42>

State 2 <SV = 1> <Delay = 1.91>
ST_2 : Operation 16 [1/1] (0.00ns)   --->   "%specpipeline_ln25 = specpipeline void @_ssdm_op_SpecPipeline, i32 1, i32 0, i32 0, i32 0, i32 4294967295, void @empty_4" [../src/grayscale.cpp:25]   --->   Operation 16 'specpipeline' 'specpipeline_ln25' <Predicate = true> <Delay = 0.00>
ST_2 : Operation 17 [1/1] (0.00ns)   --->   "%speclooptripcount_ln24 = speclooptripcount void @_ssdm_op_SpecLoopTripCount, i64 30, i64 30, i64 30" [../src/grayscale.cpp:24]   --->   Operation 17 'speclooptripcount' 'speclooptripcount_ln24' <Predicate = true> <Delay = 0.00>
ST_2 : Operation 18 [1/1] (0.00ns)   --->   "%specloopname_ln24 = specloopname void @_ssdm_op_SpecLoopName, void @empty_19" [../src/grayscale.cpp:24]   --->   Operation 18 'specloopname' 'specloopname_ln24' <Predicate = true> <Delay = 0.00>
ST_2 : Operation 19 [1/2] ( I:1.23ns O:1.23ns )   --->   "%row_words_load = load i5 %row_words_addr" [../src/grayscale.cpp:28]   --->   Operation 19 'load' 'row_words_load' <Predicate = true> <Delay = 1.23> <CoreInst = "RAM">   --->   Core 82 'RAM' <Latency = 1> <II = 1> <Delay = 1.23> <Storage> <Opcode : 'load' 'store'> <Ports = 2> <Width = 512> <Depth = 30> <RAM>
ST_2 : Operation 20 [1/1] (0.00ns)   --->   "%shl_ln = bitconcatenate i6 @_ssdm_op_BitConcatenate.i6.i5.i1, i5 %w_1, i1 0" [../src/grayscale.cpp:28]   --->   Operation 20 'bitconcatenate' 'shl_ln' <Predicate = true> <Delay = 0.00>
ST_2 : Operation 21 [1/1] (0.00ns)   --->   "%zext_ln28 = zext i6 %shl_ln" [../src/grayscale.cpp:28]   --->   Operation 21 'zext' 'zext_ln28' <Predicate = true> <Delay = 0.00>
ST_2 : Operation 22 [1/1] (0.00ns)   --->   "%trunc_ln28 = trunc i512 %row_words_load" [../src/grayscale.cpp:28]   --->   Operation 22 'trunc' 'trunc_ln28' <Predicate = true> <Delay = 0.00>
ST_2 : Operation 23 [1/1] (0.00ns)   --->   "%row_bytes_addr = getelementptr i8 %row_bytes, i64 0, i64 %zext_ln28" [../src/grayscale.cpp:28]   --->   Operation 23 'getelementptr' 'row_bytes_addr' <Predicate = true> <Delay = 0.00>
ST_2 : Operation 24 [1/1] (0.00ns)   --->   "%tmp_s = partselect i8 @_ssdm_op_PartSelect.i8.i512.i32, i512 %row_words_load, i32 8" [../src/grayscale.cpp:28]   --->   Operation 24 'partselect' 'tmp_s' <Predicate = true> <Delay = 0.00>
ST_2 : Operation 25 [1/1] (0.00ns)   --->   "%row_bytes_1_addr = getelementptr i8 %row_bytes_1, i64 0, i64 %zext_ln28" [../src/grayscale.cpp:28]   --->   Operation 25 'getelementptr' 'row_bytes_1_addr' <Predicate = true> <Delay = 0.00>
ST_2 : Operation 26 [1/1] (0.00ns)   --->   "%tmp_40 = partselect i8 @_ssdm_op_PartSelect.i8.i512.i32, i512 %row_words_load, i32 16" [../src/grayscale.cpp:28]   --->   Operation 26 'partselect' 'tmp_40' <Predicate = true> <Delay = 0.00>
ST_2 : Operation 27 [1/1] (0.00ns)   --->   "%row_bytes_2_addr = getelementptr i8 %row_bytes_2, i64 0, i64 %zext_ln28" [../src/grayscale.cpp:28]   --->   Operation 27 'getelementptr' 'row_bytes_2_addr' <Predicate = true> <Delay = 0.00>
ST_2 : Operation 28 [1/1] (0.00ns)   --->   "%tmp_41 = partselect i8 @_ssdm_op_PartSelect.i8.i512.i32, i512 %row_words_load, i32 24" [../src/grayscale.cpp:28]   --->   Operation 28 'partselect' 'tmp_41' <Predicate = true> <Delay = 0.00>
ST_2 : Operation 29 [1/1] (0.00ns)   --->   "%row_bytes_3_addr = getelementptr i8 %row_bytes_3, i64 0, i64 %zext_ln28" [../src/grayscale.cpp:28]   --->   Operation 29 'getelementptr' 'row_bytes_3_addr' <Predicate = true> <Delay = 0.00>
ST_2 : Operation 30 [1/1] (0.00ns)   --->   "%tmp_42 = partselect i8 @_ssdm_op_PartSelect.i8.i512.i32, i512 %row_words_load, i32 32" [../src/grayscale.cpp:28]   --->   Operation 30 'partselect' 'tmp_42' <Predicate = true> <Delay = 0.00>
ST_2 : Operation 31 [1/1] (0.00ns)   --->   "%row_bytes_4_addr = getelementptr i8 %row_bytes_4, i64 0, i64 %zext_ln28" [../src/grayscale.cpp:28]   --->   Operation 31 'getelementptr' 'row_bytes_4_addr' <Predicate = true> <Delay = 0.00>
ST_2 : Operation 32 [1/1] (0.00ns)   --->   "%tmp_43 = partselect i8 @_ssdm_op_PartSelect.i8.i512.i32, i512 %row_words_load, i32 40" [../src/grayscale.cpp:28]   --->   Operation 32 'partselect' 'tmp_43' <Predicate = true> <Delay = 0.00>
ST_2 : Operation 33 [1/1] (0.00ns)   --->   "%row_bytes_5_addr = getelementptr i8 %row_bytes_5, i64 0, i64 %zext_ln28" [../src/grayscale.cpp:28]   --->   Operation 33 'getelementptr' 'row_bytes_5_addr' <Predicate = true> <Delay = 0.00>
ST_2 : Operation 34 [1/1] (0.00ns)   --->   "%tmp_44 = partselect i8 @_ssdm_op_PartSelect.i8.i512.i32, i512 %row_words_load, i32 48" [../src/grayscale.cpp:28]   --->   Operation 34 'partselect' 'tmp_44' <Predicate = true> <Delay = 0.00>
ST_2 : Operation 35 [1/1] (0.00ns)   --->   "%row_bytes_6_addr = getelementptr i8 %row_bytes_6, i64 0, i64 %zext_ln28" [../src/grayscale.cpp:28]   --->   Operation 35 'getelementptr' 'row_bytes_6_addr' <Predicate = true> <Delay = 0.00>
ST_2 : Operation 36 [1/1] (0.00ns)   --->   "%tmp_45 = partselect i8 @_ssdm_op_PartSelect.i8.i512.i32, i512 %row_words_load, i32 56" [../src/grayscale.cpp:28]   --->   Operation 36 'partselect' 'tmp_45' <Predicate = true> <Delay = 0.00>
ST_2 : Operation 37 [1/1] (0.00ns)   --->   "%row_bytes_7_addr = getelementptr i8 %row_bytes_7, i64 0, i64 %zext_ln28" [../src/grayscale.cpp:28]   --->   Operation 37 'getelementptr' 'row_bytes_7_addr' <Predicate = true> <Delay = 0.00>
ST_2 : Operation 38 [1/1] (0.00ns)   --->   "%tmp_46 = partselect i8 @_ssdm_op_PartSelect.i8.i512.i32, i512 %row_words_load, i32 64" [../src/grayscale.cpp:28]   --->   Operation 38 'partselect' 'tmp_46' <Predicate = true> <Delay = 0.00>
ST_2 : Operation 39 [1/1] (0.00ns)   --->   "%row_bytes_8_addr = getelementptr i8 %row_bytes_8, i64 0, i64 %zext_ln28" [../src/grayscale.cpp:28]   --->   Operation 39 'getelementptr' 'row_bytes_8_addr' <Predicate = true> <Delay = 0.00>
ST_2 : Operation 40 [1/1] (0.00ns)   --->   "%tmp_47 = partselect i8 @_ssdm_op_PartSelect.i8.i512.i32, i512 %row_words_load, i32 72" [../src/grayscale.cpp:28]   --->   Operation 40 'partselect' 'tmp_47' <Predicate = true> <Delay = 0.00>
ST_2 : Operation 41 [1/1] (0.00ns)   --->   "%row_bytes_9_addr = getelementptr i8 %row_bytes_9, i64 0, i64 %zext_ln28" [../src/grayscale.cpp:28]   --->   Operation 41 'getelementptr' 'row_bytes_9_addr' <Predicate = true> <Delay = 0.00>
ST_2 : Operation 42 [1/1] (0.00ns)   --->   "%tmp_48 = partselect i8 @_ssdm_op_PartSelect.i8.i512.i32, i512 %row_words_load, i32 80" [../src/grayscale.cpp:28]   --->   Operation 42 'partselect' 'tmp_48' <Predicate = true> <Delay = 0.00>
ST_2 : Operation 43 [1/1] (0.00ns)   --->   "%row_bytes_10_addr = getelementptr i8 %row_bytes_10, i64 0, i64 %zext_ln28" [../src/grayscale.cpp:28]   --->   Operation 43 'getelementptr' 'row_bytes_10_addr' <Predicate = true> <Delay = 0.00>
ST_2 : Operation 44 [1/1] (0.00ns)   --->   "%tmp_49 = partselect i8 @_ssdm_op_PartSelect.i8.i512.i32, i512 %row_words_load, i32 88" [../src/grayscale.cpp:28]   --->   Operation 44 'partselect' 'tmp_49' <Predicate = true> <Delay = 0.00>
ST_2 : Operation 45 [1/1] (0.00ns)   --->   "%row_bytes_11_addr = getelementptr i8 %row_bytes_11, i64 0, i64 %zext_ln28" [../src/grayscale.cpp:28]   --->   Operation 45 'getelementptr' 'row_bytes_11_addr' <Predicate = true> <Delay = 0.00>
ST_2 : Operation 46 [1/1] (0.00ns)   --->   "%tmp_50 = partselect i8 @_ssdm_op_PartSelect.i8.i512.i32, i512 %row_words_load, i32 96" [../src/grayscale.cpp:28]   --->   Operation 46 'partselect' 'tmp_50' <Predicate = true> <Delay = 0.00>
ST_2 : Operation 47 [1/1] (0.00ns)   --->   "%row_bytes_12_addr = getelementptr i8 %row_bytes_12, i64 0, i64 %zext_ln28" [../src/grayscale.cpp:28]   --->   Operation 47 'getelementptr' 'row_bytes_12_addr' <Predicate = true> <Delay = 0.00>
ST_2 : Operation 48 [1/1] (0.00ns)   --->   "%tmp_51 = partselect i8 @_ssdm_op_PartSelect.i8.i512.i32, i512 %row_words_load, i32 104" [../src/grayscale.cpp:28]   --->   Operation 48 'partselect' 'tmp_51' <Predicate = true> <Delay = 0.00>
ST_2 : Operation 49 [1/1] (0.00ns)   --->   "%row_bytes_13_addr = getelementptr i8 %row_bytes_13, i64 0, i64 %zext_ln28" [../src/grayscale.cpp:28]   --->   Operation 49 'getelementptr' 'row_bytes_13_addr' <Predicate = true> <Delay = 0.00>
ST_2 : Operation 50 [1/1] (0.00ns)   --->   "%tmp_52 = partselect i8 @_ssdm_op_PartSelect.i8.i512.i32, i512 %row_words_load, i32 112" [../src/grayscale.cpp:28]   --->   Operation 50 'partselect' 'tmp_52' <Predicate = true> <Delay = 0.00>
ST_2 : Operation 51 [1/1] (0.00ns)   --->   "%row_bytes_14_addr = getelementptr i8 %row_bytes_14, i64 0, i64 %zext_ln28" [../src/grayscale.cpp:28]   --->   Operation 51 'getelementptr' 'row_bytes_14_addr' <Predicate = true> <Delay = 0.00>
ST_2 : Operation 52 [1/1] (0.00ns)   --->   "%tmp_53 = partselect i8 @_ssdm_op_PartSelect.i8.i512.i32, i512 %row_words_load, i32 120" [../src/grayscale.cpp:28]   --->   Operation 52 'partselect' 'tmp_53' <Predicate = true> <Delay = 0.00>
ST_2 : Operation 53 [1/1] (0.00ns)   --->   "%row_bytes_15_addr = getelementptr i8 %row_bytes_15, i64 0, i64 %zext_ln28" [../src/grayscale.cpp:28]   --->   Operation 53 'getelementptr' 'row_bytes_15_addr' <Predicate = true> <Delay = 0.00>
ST_2 : Operation 54 [1/1] (0.00ns)   --->   "%tmp_54 = partselect i8 @_ssdm_op_PartSelect.i8.i512.i32, i512 %row_words_load, i32 128" [../src/grayscale.cpp:28]   --->   Operation 54 'partselect' 'tmp_54' <Predicate = true> <Delay = 0.00>
ST_2 : Operation 55 [1/1] (0.00ns)   --->   "%row_bytes_16_addr = getelementptr i8 %row_bytes_16, i64 0, i64 %zext_ln28" [../src/grayscale.cpp:28]   --->   Operation 55 'getelementptr' 'row_bytes_16_addr' <Predicate = true> <Delay = 0.00>
ST_2 : Operation 56 [1/1] (0.00ns)   --->   "%tmp_55 = partselect i8 @_ssdm_op_PartSelect.i8.i512.i32, i512 %row_words_load, i32 136" [../src/grayscale.cpp:28]   --->   Operation 56 'partselect' 'tmp_55' <Predicate = true> <Delay = 0.00>
ST_2 : Operation 57 [1/1] (0.00ns)   --->   "%row_bytes_17_addr = getelementptr i8 %row_bytes_17, i64 0, i64 %zext_ln28" [../src/grayscale.cpp:28]   --->   Operation 57 'getelementptr' 'row_bytes_17_addr' <Predicate = true> <Delay = 0.00>
ST_2 : Operation 58 [1/1] (0.00ns)   --->   "%tmp_56 = partselect i8 @_ssdm_op_PartSelect.i8.i512.i32, i512 %row_words_load, i32 144" [../src/grayscale.cpp:28]   --->   Operation 58 'partselect' 'tmp_56' <Predicate = true> <Delay = 0.00>
ST_2 : Operation 59 [1/1] (0.00ns)   --->   "%row_bytes_18_addr = getelementptr i8 %row_bytes_18, i64 0, i64 %zext_ln28" [../src/grayscale.cpp:28]   --->   Operation 59 'getelementptr' 'row_bytes_18_addr' <Predicate = true> <Delay = 0.00>
ST_2 : Operation 60 [1/1] (0.00ns)   --->   "%tmp_57 = partselect i8 @_ssdm_op_PartSelect.i8.i512.i32, i512 %row_words_load, i32 152" [../src/grayscale.cpp:28]   --->   Operation 60 'partselect' 'tmp_57' <Predicate = true> <Delay = 0.00>
ST_2 : Operation 61 [1/1] (0.00ns)   --->   "%row_bytes_19_addr = getelementptr i8 %row_bytes_19, i64 0, i64 %zext_ln28" [../src/grayscale.cpp:28]   --->   Operation 61 'getelementptr' 'row_bytes_19_addr' <Predicate = true> <Delay = 0.00>
ST_2 : Operation 62 [1/1] (0.00ns)   --->   "%tmp_58 = partselect i8 @_ssdm_op_PartSelect.i8.i512.i32, i512 %row_words_load, i32 160" [../src/grayscale.cpp:28]   --->   Operation 62 'partselect' 'tmp_58' <Predicate = true> <Delay = 0.00>
ST_2 : Operation 63 [1/1] (0.00ns)   --->   "%row_bytes_20_addr = getelementptr i8 %row_bytes_20, i64 0, i64 %zext_ln28" [../src/grayscale.cpp:28]   --->   Operation 63 'getelementptr' 'row_bytes_20_addr' <Predicate = true> <Delay = 0.00>
ST_2 : Operation 64 [1/1] (0.00ns)   --->   "%tmp_59 = partselect i8 @_ssdm_op_PartSelect.i8.i512.i32, i512 %row_words_load, i32 168" [../src/grayscale.cpp:28]   --->   Operation 64 'partselect' 'tmp_59' <Predicate = true> <Delay = 0.00>
ST_2 : Operation 65 [1/1] (0.00ns)   --->   "%row_bytes_21_addr = getelementptr i8 %row_bytes_21, i64 0, i64 %zext_ln28" [../src/grayscale.cpp:28]   --->   Operation 65 'getelementptr' 'row_bytes_21_addr' <Predicate = true> <Delay = 0.00>
ST_2 : Operation 66 [1/1] (0.00ns)   --->   "%tmp_60 = partselect i8 @_ssdm_op_PartSelect.i8.i512.i32, i512 %row_words_load, i32 176" [../src/grayscale.cpp:28]   --->   Operation 66 'partselect' 'tmp_60' <Predicate = true> <Delay = 0.00>
ST_2 : Operation 67 [1/1] (0.00ns)   --->   "%row_bytes_22_addr = getelementptr i8 %row_bytes_22, i64 0, i64 %zext_ln28" [../src/grayscale.cpp:28]   --->   Operation 67 'getelementptr' 'row_bytes_22_addr' <Predicate = true> <Delay = 0.00>
ST_2 : Operation 68 [1/1] (0.00ns)   --->   "%tmp_61 = partselect i8 @_ssdm_op_PartSelect.i8.i512.i32, i512 %row_words_load, i32 184" [../src/grayscale.cpp:28]   --->   Operation 68 'partselect' 'tmp_61' <Predicate = true> <Delay = 0.00>
ST_2 : Operation 69 [1/1] (0.00ns)   --->   "%row_bytes_23_addr = getelementptr i8 %row_bytes_23, i64 0, i64 %zext_ln28" [../src/grayscale.cpp:28]   --->   Operation 69 'getelementptr' 'row_bytes_23_addr' <Predicate = true> <Delay = 0.00>
ST_2 : Operation 70 [1/1] (0.00ns)   --->   "%tmp_62 = partselect i8 @_ssdm_op_PartSelect.i8.i512.i32, i512 %row_words_load, i32 192" [../src/grayscale.cpp:28]   --->   Operation 70 'partselect' 'tmp_62' <Predicate = true> <Delay = 0.00>
ST_2 : Operation 71 [1/1] (0.00ns)   --->   "%row_bytes_24_addr = getelementptr i8 %row_bytes_24, i64 0, i64 %zext_ln28" [../src/grayscale.cpp:28]   --->   Operation 71 'getelementptr' 'row_bytes_24_addr' <Predicate = true> <Delay = 0.00>
ST_2 : Operation 72 [1/1] (0.00ns)   --->   "%tmp_63 = partselect i8 @_ssdm_op_PartSelect.i8.i512.i32, i512 %row_words_load, i32 200" [../src/grayscale.cpp:28]   --->   Operation 72 'partselect' 'tmp_63' <Predicate = true> <Delay = 0.00>
ST_2 : Operation 73 [1/1] (0.00ns)   --->   "%row_bytes_25_addr = getelementptr i8 %row_bytes_25, i64 0, i64 %zext_ln28" [../src/grayscale.cpp:28]   --->   Operation 73 'getelementptr' 'row_bytes_25_addr' <Predicate = true> <Delay = 0.00>
ST_2 : Operation 74 [1/1] (0.00ns)   --->   "%tmp_64 = partselect i8 @_ssdm_op_PartSelect.i8.i512.i32, i512 %row_words_load, i32 208" [../src/grayscale.cpp:28]   --->   Operation 74 'partselect' 'tmp_64' <Predicate = true> <Delay = 0.00>
ST_2 : Operation 75 [1/1] (0.00ns)   --->   "%row_bytes_26_addr = getelementptr i8 %row_bytes_26, i64 0, i64 %zext_ln28" [../src/grayscale.cpp:28]   --->   Operation 75 'getelementptr' 'row_bytes_26_addr' <Predicate = true> <Delay = 0.00>
ST_2 : Operation 76 [1/1] (0.00ns)   --->   "%tmp_65 = partselect i8 @_ssdm_op_PartSelect.i8.i512.i32, i512 %row_words_load, i32 216" [../src/grayscale.cpp:28]   --->   Operation 76 'partselect' 'tmp_65' <Predicate = true> <Delay = 0.00>
ST_2 : Operation 77 [1/1] (0.00ns)   --->   "%row_bytes_27_addr = getelementptr i8 %row_bytes_27, i64 0, i64 %zext_ln28" [../src/grayscale.cpp:28]   --->   Operation 77 'getelementptr' 'row_bytes_27_addr' <Predicate = true> <Delay = 0.00>
ST_2 : Operation 78 [1/1] (0.00ns)   --->   "%tmp_66 = partselect i8 @_ssdm_op_PartSelect.i8.i512.i32, i512 %row_words_load, i32 224" [../src/grayscale.cpp:28]   --->   Operation 78 'partselect' 'tmp_66' <Predicate = true> <Delay = 0.00>
ST_2 : Operation 79 [1/1] (0.00ns)   --->   "%row_bytes_28_addr = getelementptr i8 %row_bytes_28, i64 0, i64 %zext_ln28" [../src/grayscale.cpp:28]   --->   Operation 79 'getelementptr' 'row_bytes_28_addr' <Predicate = true> <Delay = 0.00>
ST_2 : Operation 80 [1/1] (0.00ns)   --->   "%tmp_67 = partselect i8 @_ssdm_op_PartSelect.i8.i512.i32, i512 %row_words_load, i32 232" [../src/grayscale.cpp:28]   --->   Operation 80 'partselect' 'tmp_67' <Predicate = true> <Delay = 0.00>
ST_2 : Operation 81 [1/1] (0.00ns)   --->   "%row_bytes_29_addr = getelementptr i8 %row_bytes_29, i64 0, i64 %zext_ln28" [../src/grayscale.cpp:28]   --->   Operation 81 'getelementptr' 'row_bytes_29_addr' <Predicate = true> <Delay = 0.00>
ST_2 : Operation 82 [1/1] (0.00ns)   --->   "%tmp_68 = partselect i8 @_ssdm_op_PartSelect.i8.i512.i32, i512 %row_words_load, i32 240" [../src/grayscale.cpp:28]   --->   Operation 82 'partselect' 'tmp_68' <Predicate = true> <Delay = 0.00>
ST_2 : Operation 83 [1/1] (0.00ns)   --->   "%row_bytes_30_addr = getelementptr i8 %row_bytes_30, i64 0, i64 %zext_ln28" [../src/grayscale.cpp:28]   --->   Operation 83 'getelementptr' 'row_bytes_30_addr' <Predicate = true> <Delay = 0.00>
ST_2 : Operation 84 [1/1] (0.00ns)   --->   "%tmp_69 = partselect i8 @_ssdm_op_PartSelect.i8.i512.i32, i512 %row_words_load, i32 248" [../src/grayscale.cpp:28]   --->   Operation 84 'partselect' 'tmp_69' <Predicate = true> <Delay = 0.00>
ST_2 : Operation 85 [1/1] (0.00ns)   --->   "%row_bytes_31_addr = getelementptr i8 %row_bytes_31, i64 0, i64 %zext_ln28" [../src/grayscale.cpp:28]   --->   Operation 85 'getelementptr' 'row_bytes_31_addr' <Predicate = true> <Delay = 0.00>
ST_2 : Operation 86 [1/1] (0.00ns)   --->   "%tmp_70 = partselect i8 @_ssdm_op_PartSelect.i8.i512.i32, i512 %row_words_load, i32 256" [../src/grayscale.cpp:28]   --->   Operation 86 'partselect' 'tmp_70' <Predicate = true> <Delay = 0.00>
ST_2 : Operation 87 [1/1] (0.00ns)   --->   "%or_ln = bitconcatenate i6 @_ssdm_op_BitConcatenate.i6.i5.i1, i5 %w_1, i1 1" [../src/grayscale.cpp:28]   --->   Operation 87 'bitconcatenate' 'or_ln' <Predicate = true> <Delay = 0.00>
ST_2 : Operation 88 [1/1] (0.00ns)   --->   "%zext_ln28_1 = zext i6 %or_ln" [../src/grayscale.cpp:28]   --->   Operation 88 'zext' 'zext_ln28_1' <Predicate = true> <Delay = 0.00>
ST_2 : Operation 89 [1/1] (0.00ns)   --->   "%row_bytes_addr_1 = getelementptr i8 %row_bytes, i64 0, i64 %zext_ln28_1" [../src/grayscale.cpp:28]   --->   Operation 89 'getelementptr' 'row_bytes_addr_1' <Predicate = true> <Delay = 0.00>
ST_2 : Operation 90 [1/1] (0.00ns)   --->   "%tmp_71 = partselect i8 @_ssdm_op_PartSelect.i8.i512.i32, i512 %row_words_load, i32 264" [../src/grayscale.cpp:28]   --->   Operation 90 'partselect' 'tmp_71' <Predicate = true> <Delay = 0.00>
ST_2 : Operation 91 [1/1] (0.00ns)   --->   "%row_bytes_1_addr_1 = getelementptr i8 %row_bytes_1, i64 0, i64 %zext_ln28_1" [../src/grayscale.cpp:28]   --->   Operation 91 'getelementptr' 'row_bytes_1_addr_1' <Predicate = true> <Delay = 0.00>
ST_2 : Operation 92 [1/1] (0.00ns)   --->   "%tmp_72 = partselect i8 @_ssdm_op_PartSelect.i8.i512.i32, i512 %row_words_load, i32 272" [../src/grayscale.cpp:28]   --->   Operation 92 'partselect' 'tmp_72' <Predicate = true> <Delay = 0.00>
ST_2 : Operation 93 [1/1] (0.00ns)   --->   "%row_bytes_2_addr_1 = getelementptr i8 %row_bytes_2, i64 0, i64 %zext_ln28_1" [../src/grayscale.cpp:28]   --->   Operation 93 'getelementptr' 'row_bytes_2_addr_1' <Predicate = true> <Delay = 0.00>
ST_2 : Operation 94 [1/1] (0.00ns)   --->   "%tmp_73 = partselect i8 @_ssdm_op_PartSelect.i8.i512.i32, i512 %row_words_load, i32 280" [../src/grayscale.cpp:28]   --->   Operation 94 'partselect' 'tmp_73' <Predicate = true> <Delay = 0.00>
ST_2 : Operation 95 [1/1] (0.00ns)   --->   "%row_bytes_3_addr_1 = getelementptr i8 %row_bytes_3, i64 0, i64 %zext_ln28_1" [../src/grayscale.cpp:28]   --->   Operation 95 'getelementptr' 'row_bytes_3_addr_1' <Predicate = true> <Delay = 0.00>
ST_2 : Operation 96 [1/1] (0.00ns)   --->   "%tmp_74 = partselect i8 @_ssdm_op_PartSelect.i8.i512.i32, i512 %row_words_load, i32 288" [../src/grayscale.cpp:28]   --->   Operation 96 'partselect' 'tmp_74' <Predicate = true> <Delay = 0.00>
ST_2 : Operation 97 [1/1] (0.00ns)   --->   "%row_bytes_4_addr_1 = getelementptr i8 %row_bytes_4, i64 0, i64 %zext_ln28_1" [../src/grayscale.cpp:28]   --->   Operation 97 'getelementptr' 'row_bytes_4_addr_1' <Predicate = true> <Delay = 0.00>
ST_2 : Operation 98 [1/1] (0.00ns)   --->   "%tmp_75 = partselect i8 @_ssdm_op_PartSelect.i8.i512.i32, i512 %row_words_load, i32 296" [../src/grayscale.cpp:28]   --->   Operation 98 'partselect' 'tmp_75' <Predicate = true> <Delay = 0.00>
ST_2 : Operation 99 [1/1] (0.00ns)   --->   "%row_bytes_5_addr_1 = getelementptr i8 %row_bytes_5, i64 0, i64 %zext_ln28_1" [../src/grayscale.cpp:28]   --->   Operation 99 'getelementptr' 'row_bytes_5_addr_1' <Predicate = true> <Delay = 0.00>
ST_2 : Operation 100 [1/1] (0.00ns)   --->   "%tmp_76 = partselect i8 @_ssdm_op_PartSelect.i8.i512.i32, i512 %row_words_load, i32 304" [../src/grayscale.cpp:28]   --->   Operation 100 'partselect' 'tmp_76' <Predicate = true> <Delay = 0.00>
ST_2 : Operation 101 [1/1] (0.00ns)   --->   "%row_bytes_6_addr_1 = getelementptr i8 %row_bytes_6, i64 0, i64 %zext_ln28_1" [../src/grayscale.cpp:28]   --->   Operation 101 'getelementptr' 'row_bytes_6_addr_1' <Predicate = true> <Delay = 0.00>
ST_2 : Operation 102 [1/1] (0.00ns)   --->   "%tmp_77 = partselect i8 @_ssdm_op_PartSelect.i8.i512.i32, i512 %row_words_load, i32 312" [../src/grayscale.cpp:28]   --->   Operation 102 'partselect' 'tmp_77' <Predicate = true> <Delay = 0.00>
ST_2 : Operation 103 [1/1] (0.00ns)   --->   "%row_bytes_7_addr_1 = getelementptr i8 %row_bytes_7, i64 0, i64 %zext_ln28_1" [../src/grayscale.cpp:28]   --->   Operation 103 'getelementptr' 'row_bytes_7_addr_1' <Predicate = true> <Delay = 0.00>
ST_2 : Operation 104 [1/1] (0.00ns)   --->   "%tmp_78 = partselect i8 @_ssdm_op_PartSelect.i8.i512.i32, i512 %row_words_load, i32 320" [../src/grayscale.cpp:28]   --->   Operation 104 'partselect' 'tmp_78' <Predicate = true> <Delay = 0.00>
ST_2 : Operation 105 [1/1] (0.00ns)   --->   "%row_bytes_8_addr_1 = getelementptr i8 %row_bytes_8, i64 0, i64 %zext_ln28_1" [../src/grayscale.cpp:28]   --->   Operation 105 'getelementptr' 'row_bytes_8_addr_1' <Predicate = true> <Delay = 0.00>
ST_2 : Operation 106 [1/1] (0.00ns)   --->   "%tmp_79 = partselect i8 @_ssdm_op_PartSelect.i8.i512.i32, i512 %row_words_load, i32 328" [../src/grayscale.cpp:28]   --->   Operation 106 'partselect' 'tmp_79' <Predicate = true> <Delay = 0.00>
ST_2 : Operation 107 [1/1] (0.00ns)   --->   "%row_bytes_9_addr_1 = getelementptr i8 %row_bytes_9, i64 0, i64 %zext_ln28_1" [../src/grayscale.cpp:28]   --->   Operation 107 'getelementptr' 'row_bytes_9_addr_1' <Predicate = true> <Delay = 0.00>
ST_2 : Operation 108 [1/1] (0.00ns)   --->   "%tmp_80 = partselect i8 @_ssdm_op_PartSelect.i8.i512.i32, i512 %row_words_load, i32 336" [../src/grayscale.cpp:28]   --->   Operation 108 'partselect' 'tmp_80' <Predicate = true> <Delay = 0.00>
ST_2 : Operation 109 [1/1] (0.00ns)   --->   "%row_bytes_10_addr_1 = getelementptr i8 %row_bytes_10, i64 0, i64 %zext_ln28_1" [../src/grayscale.cpp:28]   --->   Operation 109 'getelementptr' 'row_bytes_10_addr_1' <Predicate = true> <Delay = 0.00>
ST_2 : Operation 110 [1/1] (0.00ns)   --->   "%tmp_81 = partselect i8 @_ssdm_op_PartSelect.i8.i512.i32, i512 %row_words_load, i32 344" [../src/grayscale.cpp:28]   --->   Operation 110 'partselect' 'tmp_81' <Predicate = true> <Delay = 0.00>
ST_2 : Operation 111 [1/1] (0.00ns)   --->   "%row_bytes_11_addr_1 = getelementptr i8 %row_bytes_11, i64 0, i64 %zext_ln28_1" [../src/grayscale.cpp:28]   --->   Operation 111 'getelementptr' 'row_bytes_11_addr_1' <Predicate = true> <Delay = 0.00>
ST_2 : Operation 112 [1/1] (0.00ns)   --->   "%tmp_82 = partselect i8 @_ssdm_op_PartSelect.i8.i512.i32, i512 %row_words_load, i32 352" [../src/grayscale.cpp:28]   --->   Operation 112 'partselect' 'tmp_82' <Predicate = true> <Delay = 0.00>
ST_2 : Operation 113 [1/1] (0.00ns)   --->   "%row_bytes_12_addr_1 = getelementptr i8 %row_bytes_12, i64 0, i64 %zext_ln28_1" [../src/grayscale.cpp:28]   --->   Operation 113 'getelementptr' 'row_bytes_12_addr_1' <Predicate = true> <Delay = 0.00>
ST_2 : Operation 114 [1/1] (0.00ns)   --->   "%tmp_83 = partselect i8 @_ssdm_op_PartSelect.i8.i512.i32, i512 %row_words_load, i32 360" [../src/grayscale.cpp:28]   --->   Operation 114 'partselect' 'tmp_83' <Predicate = true> <Delay = 0.00>
ST_2 : Operation 115 [1/1] (0.00ns)   --->   "%row_bytes_13_addr_1 = getelementptr i8 %row_bytes_13, i64 0, i64 %zext_ln28_1" [../src/grayscale.cpp:28]   --->   Operation 115 'getelementptr' 'row_bytes_13_addr_1' <Predicate = true> <Delay = 0.00>
ST_2 : Operation 116 [1/1] (0.00ns)   --->   "%tmp_84 = partselect i8 @_ssdm_op_PartSelect.i8.i512.i32, i512 %row_words_load, i32 368" [../src/grayscale.cpp:28]   --->   Operation 116 'partselect' 'tmp_84' <Predicate = true> <Delay = 0.00>
ST_2 : Operation 117 [1/1] (0.00ns)   --->   "%row_bytes_14_addr_1 = getelementptr i8 %row_bytes_14, i64 0, i64 %zext_ln28_1" [../src/grayscale.cpp:28]   --->   Operation 117 'getelementptr' 'row_bytes_14_addr_1' <Predicate = true> <Delay = 0.00>
ST_2 : Operation 118 [1/1] (0.00ns)   --->   "%tmp_85 = partselect i8 @_ssdm_op_PartSelect.i8.i512.i32, i512 %row_words_load, i32 376" [../src/grayscale.cpp:28]   --->   Operation 118 'partselect' 'tmp_85' <Predicate = true> <Delay = 0.00>
ST_2 : Operation 119 [1/1] (0.00ns)   --->   "%row_bytes_15_addr_1 = getelementptr i8 %row_bytes_15, i64 0, i64 %zext_ln28_1" [../src/grayscale.cpp:28]   --->   Operation 119 'getelementptr' 'row_bytes_15_addr_1' <Predicate = true> <Delay = 0.00>
ST_2 : Operation 120 [1/1] (0.00ns)   --->   "%tmp_86 = partselect i8 @_ssdm_op_PartSelect.i8.i512.i32, i512 %row_words_load, i32 384" [../src/grayscale.cpp:28]   --->   Operation 120 'partselect' 'tmp_86' <Predicate = true> <Delay = 0.00>
ST_2 : Operation 121 [1/1] (0.00ns)   --->   "%row_bytes_16_addr_1 = getelementptr i8 %row_bytes_16, i64 0, i64 %zext_ln28_1" [../src/grayscale.cpp:28]   --->   Operation 121 'getelementptr' 'row_bytes_16_addr_1' <Predicate = true> <Delay = 0.00>
ST_2 : Operation 122 [1/1] (0.00ns)   --->   "%tmp_87 = partselect i8 @_ssdm_op_PartSelect.i8.i512.i32, i512 %row_words_load, i32 392" [../src/grayscale.cpp:28]   --->   Operation 122 'partselect' 'tmp_87' <Predicate = true> <Delay = 0.00>
ST_2 : Operation 123 [1/1] (0.00ns)   --->   "%row_bytes_17_addr_1 = getelementptr i8 %row_bytes_17, i64 0, i64 %zext_ln28_1" [../src/grayscale.cpp:28]   --->   Operation 123 'getelementptr' 'row_bytes_17_addr_1' <Predicate = true> <Delay = 0.00>
ST_2 : Operation 124 [1/1] (0.00ns)   --->   "%tmp_88 = partselect i8 @_ssdm_op_PartSelect.i8.i512.i32, i512 %row_words_load, i32 400" [../src/grayscale.cpp:28]   --->   Operation 124 'partselect' 'tmp_88' <Predicate = true> <Delay = 0.00>
ST_2 : Operation 125 [1/1] (0.00ns)   --->   "%row_bytes_18_addr_1 = getelementptr i8 %row_bytes_18, i64 0, i64 %zext_ln28_1" [../src/grayscale.cpp:28]   --->   Operation 125 'getelementptr' 'row_bytes_18_addr_1' <Predicate = true> <Delay = 0.00>
ST_2 : Operation 126 [1/1] (0.00ns)   --->   "%tmp_89 = partselect i8 @_ssdm_op_PartSelect.i8.i512.i32, i512 %row_words_load, i32 408" [../src/grayscale.cpp:28]   --->   Operation 126 'partselect' 'tmp_89' <Predicate = true> <Delay = 0.00>
ST_2 : Operation 127 [1/1] (0.00ns)   --->   "%row_bytes_19_addr_1 = getelementptr i8 %row_bytes_19, i64 0, i64 %zext_ln28_1" [../src/grayscale.cpp:28]   --->   Operation 127 'getelementptr' 'row_bytes_19_addr_1' <Predicate = true> <Delay = 0.00>
ST_2 : Operation 128 [1/1] (0.00ns)   --->   "%tmp_90 = partselect i8 @_ssdm_op_PartSelect.i8.i512.i32, i512 %row_words_load, i32 416" [../src/grayscale.cpp:28]   --->   Operation 128 'partselect' 'tmp_90' <Predicate = true> <Delay = 0.00>
ST_2 : Operation 129 [1/1] (0.00ns)   --->   "%row_bytes_20_addr_1 = getelementptr i8 %row_bytes_20, i64 0, i64 %zext_ln28_1" [../src/grayscale.cpp:28]   --->   Operation 129 'getelementptr' 'row_bytes_20_addr_1' <Predicate = true> <Delay = 0.00>
ST_2 : Operation 130 [1/1] (0.00ns)   --->   "%tmp_91 = partselect i8 @_ssdm_op_PartSelect.i8.i512.i32, i512 %row_words_load, i32 424" [../src/grayscale.cpp:28]   --->   Operation 130 'partselect' 'tmp_91' <Predicate = true> <Delay = 0.00>
ST_2 : Operation 131 [1/1] (0.00ns)   --->   "%row_bytes_21_addr_1 = getelementptr i8 %row_bytes_21, i64 0, i64 %zext_ln28_1" [../src/grayscale.cpp:28]   --->   Operation 131 'getelementptr' 'row_bytes_21_addr_1' <Predicate = true> <Delay = 0.00>
ST_2 : Operation 132 [1/1] (0.00ns)   --->   "%tmp_92 = partselect i8 @_ssdm_op_PartSelect.i8.i512.i32, i512 %row_words_load, i32 432" [../src/grayscale.cpp:28]   --->   Operation 132 'partselect' 'tmp_92' <Predicate = true> <Delay = 0.00>
ST_2 : Operation 133 [1/1] (0.00ns)   --->   "%row_bytes_22_addr_1 = getelementptr i8 %row_bytes_22, i64 0, i64 %zext_ln28_1" [../src/grayscale.cpp:28]   --->   Operation 133 'getelementptr' 'row_bytes_22_addr_1' <Predicate = true> <Delay = 0.00>
ST_2 : Operation 134 [1/1] (0.00ns)   --->   "%tmp_93 = partselect i8 @_ssdm_op_PartSelect.i8.i512.i32, i512 %row_words_load, i32 440" [../src/grayscale.cpp:28]   --->   Operation 134 'partselect' 'tmp_93' <Predicate = true> <Delay = 0.00>
ST_2 : Operation 135 [1/1] (0.00ns)   --->   "%row_bytes_23_addr_1 = getelementptr i8 %row_bytes_23, i64 0, i64 %zext_ln28_1" [../src/grayscale.cpp:28]   --->   Operation 135 'getelementptr' 'row_bytes_23_addr_1' <Predicate = true> <Delay = 0.00>
ST_2 : Operation 136 [1/1] (0.00ns)   --->   "%tmp_94 = partselect i8 @_ssdm_op_PartSelect.i8.i512.i32, i512 %row_words_load, i32 448" [../src/grayscale.cpp:28]   --->   Operation 136 'partselect' 'tmp_94' <Predicate = true> <Delay = 0.00>
ST_2 : Operation 137 [1/1] (0.00ns)   --->   "%row_bytes_24_addr_1 = getelementptr i8 %row_bytes_24, i64 0, i64 %zext_ln28_1" [../src/grayscale.cpp:28]   --->   Operation 137 'getelementptr' 'row_bytes_24_addr_1' <Predicate = true> <Delay = 0.00>
ST_2 : Operation 138 [1/1] (0.00ns)   --->   "%tmp_95 = partselect i8 @_ssdm_op_PartSelect.i8.i512.i32, i512 %row_words_load, i32 456" [../src/grayscale.cpp:28]   --->   Operation 138 'partselect' 'tmp_95' <Predicate = true> <Delay = 0.00>
ST_2 : Operation 139 [1/1] (0.00ns)   --->   "%row_bytes_25_addr_1 = getelementptr i8 %row_bytes_25, i64 0, i64 %zext_ln28_1" [../src/grayscale.cpp:28]   --->   Operation 139 'getelementptr' 'row_bytes_25_addr_1' <Predicate = true> <Delay = 0.00>
ST_2 : Operation 140 [1/1] (0.00ns)   --->   "%tmp_96 = partselect i8 @_ssdm_op_PartSelect.i8.i512.i32, i512 %row_words_load, i32 464" [../src/grayscale.cpp:28]   --->   Operation 140 'partselect' 'tmp_96' <Predicate = true> <Delay = 0.00>
ST_2 : Operation 141 [1/1] (0.00ns)   --->   "%row_bytes_26_addr_1 = getelementptr i8 %row_bytes_26, i64 0, i64 %zext_ln28_1" [../src/grayscale.cpp:28]   --->   Operation 141 'getelementptr' 'row_bytes_26_addr_1' <Predicate = true> <Delay = 0.00>
ST_2 : Operation 142 [1/1] (0.00ns)   --->   "%tmp_97 = partselect i8 @_ssdm_op_PartSelect.i8.i512.i32, i512 %row_words_load, i32 472" [../src/grayscale.cpp:28]   --->   Operation 142 'partselect' 'tmp_97' <Predicate = true> <Delay = 0.00>
ST_2 : Operation 143 [1/1] (0.00ns)   --->   "%row_bytes_27_addr_1 = getelementptr i8 %row_bytes_27, i64 0, i64 %zext_ln28_1" [../src/grayscale.cpp:28]   --->   Operation 143 'getelementptr' 'row_bytes_27_addr_1' <Predicate = true> <Delay = 0.00>
ST_2 : Operation 144 [1/1] (0.00ns)   --->   "%tmp_98 = partselect i8 @_ssdm_op_PartSelect.i8.i512.i32, i512 %row_words_load, i32 480" [../src/grayscale.cpp:28]   --->   Operation 144 'partselect' 'tmp_98' <Predicate = true> <Delay = 0.00>
ST_2 : Operation 145 [1/1] (0.00ns)   --->   "%row_bytes_28_addr_1 = getelementptr i8 %row_bytes_28, i64 0, i64 %zext_ln28_1" [../src/grayscale.cpp:28]   --->   Operation 145 'getelementptr' 'row_bytes_28_addr_1' <Predicate = true> <Delay = 0.00>
ST_2 : Operation 146 [1/1] (0.00ns)   --->   "%tmp_99 = partselect i8 @_ssdm_op_PartSelect.i8.i512.i32, i512 %row_words_load, i32 488" [../src/grayscale.cpp:28]   --->   Operation 146 'partselect' 'tmp_99' <Predicate = true> <Delay = 0.00>
ST_2 : Operation 147 [1/1] (0.00ns)   --->   "%row_bytes_29_addr_1 = getelementptr i8 %row_bytes_29, i64 0, i64 %zext_ln28_1" [../src/grayscale.cpp:28]   --->   Operation 147 'getelementptr' 'row_bytes_29_addr_1' <Predicate = true> <Delay = 0.00>
ST_2 : Operation 148 [1/1] (0.00ns)   --->   "%tmp_100 = partselect i8 @_ssdm_op_PartSelect.i8.i512.i32, i512 %row_words_load, i32 496" [../src/grayscale.cpp:28]   --->   Operation 148 'partselect' 'tmp_100' <Predicate = true> <Delay = 0.00>
ST_2 : Operation 149 [1/1] (0.00ns)   --->   "%row_bytes_30_addr_1 = getelementptr i8 %row_bytes_30, i64 0, i64 %zext_ln28_1" [../src/grayscale.cpp:28]   --->   Operation 149 'getelementptr' 'row_bytes_30_addr_1' <Predicate = true> <Delay = 0.00>
ST_2 : Operation 150 [1/1] (0.00ns)   --->   "%tmp_101 = partselect i8 @_ssdm_op_PartSelect.i8.i512.i32, i512 %row_words_load, i32 504" [../src/grayscale.cpp:28]   --->   Operation 150 'partselect' 'tmp_101' <Predicate = true> <Delay = 0.00>
ST_2 : Operation 151 [1/1] (0.00ns)   --->   "%row_bytes_31_addr_1 = getelementptr i8 %row_bytes_31, i64 0, i64 %zext_ln28_1" [../src/grayscale.cpp:28]   --->   Operation 151 'getelementptr' 'row_bytes_31_addr_1' <Predicate = true> <Delay = 0.00>
ST_2 : Operation 152 [1/1] ( I:0.67ns O:0.67ns )   --->   "%store_ln28 = store i8 %trunc_ln28, i6 %row_bytes_addr" [../src/grayscale.cpp:28]   --->   Operation 152 'store' 'store_ln28' <Predicate = true> <Delay = 0.67> <CoreInst = "RAM">   --->   Core 82 'RAM' <Latency = 1> <II = 1> <Delay = 0.67> <Storage> <Opcode : 'load' 'store'> <Ports = 2> <Width = 8> <Depth = 60> <RAM>
ST_2 : Operation 153 [1/1] ( I:0.67ns O:0.67ns )   --->   "%store_ln28 = store i8 %tmp_s, i6 %row_bytes_1_addr" [../src/grayscale.cpp:28]   --->   Operation 153 'store' 'store_ln28' <Predicate = true> <Delay = 0.67> <CoreInst = "RAM">   --->   Core 82 'RAM' <Latency = 1> <II = 1> <Delay = 0.67> <Storage> <Opcode : 'load' 'store'> <Ports = 2> <Width = 8> <Depth = 60> <RAM>
ST_2 : Operation 154 [1/1] ( I:0.67ns O:0.67ns )   --->   "%store_ln28 = store i8 %tmp_40, i6 %row_bytes_2_addr" [../src/grayscale.cpp:28]   --->   Operation 154 'store' 'store_ln28' <Predicate = true> <Delay = 0.67> <CoreInst = "RAM">   --->   Core 82 'RAM' <Latency = 1> <II = 1> <Delay = 0.67> <Storage> <Opcode : 'load' 'store'> <Ports = 2> <Width = 8> <Depth = 60> <RAM>
ST_2 : Operation 155 [1/1] ( I:0.67ns O:0.67ns )   --->   "%store_ln28 = store i8 %tmp_41, i6 %row_bytes_3_addr" [../src/grayscale.cpp:28]   --->   Operation 155 'store' 'store_ln28' <Predicate = true> <Delay = 0.67> <CoreInst = "RAM">   --->   Core 82 'RAM' <Latency = 1> <II = 1> <Delay = 0.67> <Storage> <Opcode : 'load' 'store'> <Ports = 2> <Width = 8> <Depth = 60> <RAM>
ST_2 : Operation 156 [1/1] ( I:0.67ns O:0.67ns )   --->   "%store_ln28 = store i8 %tmp_42, i6 %row_bytes_4_addr" [../src/grayscale.cpp:28]   --->   Operation 156 'store' 'store_ln28' <Predicate = true> <Delay = 0.67> <CoreInst = "RAM">   --->   Core 82 'RAM' <Latency = 1> <II = 1> <Delay = 0.67> <Storage> <Opcode : 'load' 'store'> <Ports = 2> <Width = 8> <Depth = 60> <RAM>
ST_2 : Operation 157 [1/1] ( I:0.67ns O:0.67ns )   --->   "%store_ln28 = store i8 %tmp_43, i6 %row_bytes_5_addr" [../src/grayscale.cpp:28]   --->   Operation 157 'store' 'store_ln28' <Predicate = true> <Delay = 0.67> <CoreInst = "RAM">   --->   Core 82 'RAM' <Latency = 1> <II = 1> <Delay = 0.67> <Storage> <Opcode : 'load' 'store'> <Ports = 2> <Width = 8> <Depth = 60> <RAM>
ST_2 : Operation 158 [1/1] ( I:0.67ns O:0.67ns )   --->   "%store_ln28 = store i8 %tmp_44, i6 %row_bytes_6_addr" [../src/grayscale.cpp:28]   --->   Operation 158 'store' 'store_ln28' <Predicate = true> <Delay = 0.67> <CoreInst = "RAM">   --->   Core 82 'RAM' <Latency = 1> <II = 1> <Delay = 0.67> <Storage> <Opcode : 'load' 'store'> <Ports = 2> <Width = 8> <Depth = 60> <RAM>
ST_2 : Operation 159 [1/1] ( I:0.67ns O:0.67ns )   --->   "%store_ln28 = store i8 %tmp_45, i6 %row_bytes_7_addr" [../src/grayscale.cpp:28]   --->   Operation 159 'store' 'store_ln28' <Predicate = true> <Delay = 0.67> <CoreInst = "RAM">   --->   Core 82 'RAM' <Latency = 1> <II = 1> <Delay = 0.67> <Storage> <Opcode : 'load' 'store'> <Ports = 2> <Width = 8> <Depth = 60> <RAM>
ST_2 : Operation 160 [1/1] ( I:0.67ns O:0.67ns )   --->   "%store_ln28 = store i8 %tmp_46, i6 %row_bytes_8_addr" [../src/grayscale.cpp:28]   --->   Operation 160 'store' 'store_ln28' <Predicate = true> <Delay = 0.67> <CoreInst = "RAM">   --->   Core 82 'RAM' <Latency = 1> <II = 1> <Delay = 0.67> <Storage> <Opcode : 'load' 'store'> <Ports = 2> <Width = 8> <Depth = 60> <RAM>
ST_2 : Operation 161 [1/1] ( I:0.67ns O:0.67ns )   --->   "%store_ln28 = store i8 %tmp_47, i6 %row_bytes_9_addr" [../src/grayscale.cpp:28]   --->   Operation 161 'store' 'store_ln28' <Predicate = true> <Delay = 0.67> <CoreInst = "RAM">   --->   Core 82 'RAM' <Latency = 1> <II = 1> <Delay = 0.67> <Storage> <Opcode : 'load' 'store'> <Ports = 2> <Width = 8> <Depth = 60> <RAM>
ST_2 : Operation 162 [1/1] ( I:0.67ns O:0.67ns )   --->   "%store_ln28 = store i8 %tmp_48, i6 %row_bytes_10_addr" [../src/grayscale.cpp:28]   --->   Operation 162 'store' 'store_ln28' <Predicate = true> <Delay = 0.67> <CoreInst = "RAM">   --->   Core 82 'RAM' <Latency = 1> <II = 1> <Delay = 0.67> <Storage> <Opcode : 'load' 'store'> <Ports = 2> <Width = 8> <Depth = 60> <RAM>
ST_2 : Operation 163 [1/1] ( I:0.67ns O:0.67ns )   --->   "%store_ln28 = store i8 %tmp_49, i6 %row_bytes_11_addr" [../src/grayscale.cpp:28]   --->   Operation 163 'store' 'store_ln28' <Predicate = true> <Delay = 0.67> <CoreInst = "RAM">   --->   Core 82 'RAM' <Latency = 1> <II = 1> <Delay = 0.67> <Storage> <Opcode : 'load' 'store'> <Ports = 2> <Width = 8> <Depth = 60> <RAM>
ST_2 : Operation 164 [1/1] ( I:0.67ns O:0.67ns )   --->   "%store_ln28 = store i8 %tmp_50, i6 %row_bytes_12_addr" [../src/grayscale.cpp:28]   --->   Operation 164 'store' 'store_ln28' <Predicate = true> <Delay = 0.67> <CoreInst = "RAM">   --->   Core 82 'RAM' <Latency = 1> <II = 1> <Delay = 0.67> <Storage> <Opcode : 'load' 'store'> <Ports = 2> <Width = 8> <Depth = 60> <RAM>
ST_2 : Operation 165 [1/1] ( I:0.67ns O:0.67ns )   --->   "%store_ln28 = store i8 %tmp_51, i6 %row_bytes_13_addr" [../src/grayscale.cpp:28]   --->   Operation 165 'store' 'store_ln28' <Predicate = true> <Delay = 0.67> <CoreInst = "RAM">   --->   Core 82 'RAM' <Latency = 1> <II = 1> <Delay = 0.67> <Storage> <Opcode : 'load' 'store'> <Ports = 2> <Width = 8> <Depth = 60> <RAM>
ST_2 : Operation 166 [1/1] ( I:0.67ns O:0.67ns )   --->   "%store_ln28 = store i8 %tmp_52, i6 %row_bytes_14_addr" [../src/grayscale.cpp:28]   --->   Operation 166 'store' 'store_ln28' <Predicate = true> <Delay = 0.67> <CoreInst = "RAM">   --->   Core 82 'RAM' <Latency = 1> <II = 1> <Delay = 0.67> <Storage> <Opcode : 'load' 'store'> <Ports = 2> <Width = 8> <Depth = 60> <RAM>
ST_2 : Operation 167 [1/1] ( I:0.67ns O:0.67ns )   --->   "%store_ln28 = store i8 %tmp_53, i6 %row_bytes_15_addr" [../src/grayscale.cpp:28]   --->   Operation 167 'store' 'store_ln28' <Predicate = true> <Delay = 0.67> <CoreInst = "RAM">   --->   Core 82 'RAM' <Latency = 1> <II = 1> <Delay = 0.67> <Storage> <Opcode : 'load' 'store'> <Ports = 2> <Width = 8> <Depth = 60> <RAM>
ST_2 : Operation 168 [1/1] ( I:0.67ns O:0.67ns )   --->   "%store_ln28 = store i8 %tmp_54, i6 %row_bytes_16_addr" [../src/grayscale.cpp:28]   --->   Operation 168 'store' 'store_ln28' <Predicate = true> <Delay = 0.67> <CoreInst = "RAM">   --->   Core 82 'RAM' <Latency = 1> <II = 1> <Delay = 0.67> <Storage> <Opcode : 'load' 'store'> <Ports = 2> <Width = 8> <Depth = 60> <RAM>
ST_2 : Operation 169 [1/1] ( I:0.67ns O:0.67ns )   --->   "%store_ln28 = store i8 %tmp_55, i6 %row_bytes_17_addr" [../src/grayscale.cpp:28]   --->   Operation 169 'store' 'store_ln28' <Predicate = true> <Delay = 0.67> <CoreInst = "RAM">   --->   Core 82 'RAM' <Latency = 1> <II = 1> <Delay = 0.67> <Storage> <Opcode : 'load' 'store'> <Ports = 2> <Width = 8> <Depth = 60> <RAM>
ST_2 : Operation 170 [1/1] ( I:0.67ns O:0.67ns )   --->   "%store_ln28 = store i8 %tmp_56, i6 %row_bytes_18_addr" [../src/grayscale.cpp:28]   --->   Operation 170 'store' 'store_ln28' <Predicate = true> <Delay = 0.67> <CoreInst = "RAM">   --->   Core 82 'RAM' <Latency = 1> <II = 1> <Delay = 0.67> <Storage> <Opcode : 'load' 'store'> <Ports = 2> <Width = 8> <Depth = 60> <RAM>
ST_2 : Operation 171 [1/1] ( I:0.67ns O:0.67ns )   --->   "%store_ln28 = store i8 %tmp_57, i6 %row_bytes_19_addr" [../src/grayscale.cpp:28]   --->   Operation 171 'store' 'store_ln28' <Predicate = true> <Delay = 0.67> <CoreInst = "RAM">   --->   Core 82 'RAM' <Latency = 1> <II = 1> <Delay = 0.67> <Storage> <Opcode : 'load' 'store'> <Ports = 2> <Width = 8> <Depth = 60> <RAM>
ST_2 : Operation 172 [1/1] ( I:0.67ns O:0.67ns )   --->   "%store_ln28 = store i8 %tmp_58, i6 %row_bytes_20_addr" [../src/grayscale.cpp:28]   --->   Operation 172 'store' 'store_ln28' <Predicate = true> <Delay = 0.67> <CoreInst = "RAM">   --->   Core 82 'RAM' <Latency = 1> <II = 1> <Delay = 0.67> <Storage> <Opcode : 'load' 'store'> <Ports = 2> <Width = 8> <Depth = 60> <RAM>
ST_2 : Operation 173 [1/1] ( I:0.67ns O:0.67ns )   --->   "%store_ln28 = store i8 %tmp_59, i6 %row_bytes_21_addr" [../src/grayscale.cpp:28]   --->   Operation 173 'store' 'store_ln28' <Predicate = true> <Delay = 0.67> <CoreInst = "RAM">   --->   Core 82 'RAM' <Latency = 1> <II = 1> <Delay = 0.67> <Storage> <Opcode : 'load' 'store'> <Ports = 2> <Width = 8> <Depth = 60> <RAM>
ST_2 : Operation 174 [1/1] ( I:0.67ns O:0.67ns )   --->   "%store_ln28 = store i8 %tmp_60, i6 %row_bytes_22_addr" [../src/grayscale.cpp:28]   --->   Operation 174 'store' 'store_ln28' <Predicate = true> <Delay = 0.67> <CoreInst = "RAM">   --->   Core 82 'RAM' <Latency = 1> <II = 1> <Delay = 0.67> <Storage> <Opcode : 'load' 'store'> <Ports = 2> <Width = 8> <Depth = 60> <RAM>
ST_2 : Operation 175 [1/1] ( I:0.67ns O:0.67ns )   --->   "%store_ln28 = store i8 %tmp_61, i6 %row_bytes_23_addr" [../src/grayscale.cpp:28]   --->   Operation 175 'store' 'store_ln28' <Predicate = true> <Delay = 0.67> <CoreInst = "RAM">   --->   Core 82 'RAM' <Latency = 1> <II = 1> <Delay = 0.67> <Storage> <Opcode : 'load' 'store'> <Ports = 2> <Width = 8> <Depth = 60> <RAM>
ST_2 : Operation 176 [1/1] ( I:0.67ns O:0.67ns )   --->   "%store_ln28 = store i8 %tmp_62, i6 %row_bytes_24_addr" [../src/grayscale.cpp:28]   --->   Operation 176 'store' 'store_ln28' <Predicate = true> <Delay = 0.67> <CoreInst = "RAM">   --->   Core 82 'RAM' <Latency = 1> <II = 1> <Delay = 0.67> <Storage> <Opcode : 'load' 'store'> <Ports = 2> <Width = 8> <Depth = 60> <RAM>
ST_2 : Operation 177 [1/1] ( I:0.67ns O:0.67ns )   --->   "%store_ln28 = store i8 %tmp_63, i6 %row_bytes_25_addr" [../src/grayscale.cpp:28]   --->   Operation 177 'store' 'store_ln28' <Predicate = true> <Delay = 0.67> <CoreInst = "RAM">   --->   Core 82 'RAM' <Latency = 1> <II = 1> <Delay = 0.67> <Storage> <Opcode : 'load' 'store'> <Ports = 2> <Width = 8> <Depth = 60> <RAM>
ST_2 : Operation 178 [1/1] ( I:0.67ns O:0.67ns )   --->   "%store_ln28 = store i8 %tmp_64, i6 %row_bytes_26_addr" [../src/grayscale.cpp:28]   --->   Operation 178 'store' 'store_ln28' <Predicate = true> <Delay = 0.67> <CoreInst = "RAM">   --->   Core 82 'RAM' <Latency = 1> <II = 1> <Delay = 0.67> <Storage> <Opcode : 'load' 'store'> <Ports = 2> <Width = 8> <Depth = 60> <RAM>
ST_2 : Operation 179 [1/1] ( I:0.67ns O:0.67ns )   --->   "%store_ln28 = store i8 %tmp_65, i6 %row_bytes_27_addr" [../src/grayscale.cpp:28]   --->   Operation 179 'store' 'store_ln28' <Predicate = true> <Delay = 0.67> <CoreInst = "RAM">   --->   Core 82 'RAM' <Latency = 1> <II = 1> <Delay = 0.67> <Storage> <Opcode : 'load' 'store'> <Ports = 2> <Width = 8> <Depth = 60> <RAM>
ST_2 : Operation 180 [1/1] ( I:0.67ns O:0.67ns )   --->   "%store_ln28 = store i8 %tmp_66, i6 %row_bytes_28_addr" [../src/grayscale.cpp:28]   --->   Operation 180 'store' 'store_ln28' <Predicate = true> <Delay = 0.67> <CoreInst = "RAM">   --->   Core 82 'RAM' <Latency = 1> <II = 1> <Delay = 0.67> <Storage> <Opcode : 'load' 'store'> <Ports = 2> <Width = 8> <Depth = 60> <RAM>
ST_2 : Operation 181 [1/1] ( I:0.67ns O:0.67ns )   --->   "%store_ln28 = store i8 %tmp_67, i6 %row_bytes_29_addr" [../src/grayscale.cpp:28]   --->   Operation 181 'store' 'store_ln28' <Predicate = true> <Delay = 0.67> <CoreInst = "RAM">   --->   Core 82 'RAM' <Latency = 1> <II = 1> <Delay = 0.67> <Storage> <Opcode : 'load' 'store'> <Ports = 2> <Width = 8> <Depth = 60> <RAM>
ST_2 : Operation 182 [1/1] ( I:0.67ns O:0.67ns )   --->   "%store_ln28 = store i8 %tmp_68, i6 %row_bytes_30_addr" [../src/grayscale.cpp:28]   --->   Operation 182 'store' 'store_ln28' <Predicate = true> <Delay = 0.67> <CoreInst = "RAM">   --->   Core 82 'RAM' <Latency = 1> <II = 1> <Delay = 0.67> <Storage> <Opcode : 'load' 'store'> <Ports = 2> <Width = 8> <Depth = 60> <RAM>
ST_2 : Operation 183 [1/1] ( I:0.67ns O:0.67ns )   --->   "%store_ln28 = store i8 %tmp_69, i6 %row_bytes_31_addr" [../src/grayscale.cpp:28]   --->   Operation 183 'store' 'store_ln28' <Predicate = true> <Delay = 0.67> <CoreInst = "RAM">   --->   Core 82 'RAM' <Latency = 1> <II = 1> <Delay = 0.67> <Storage> <Opcode : 'load' 'store'> <Ports = 2> <Width = 8> <Depth = 60> <RAM>
ST_2 : Operation 184 [1/1] ( I:0.67ns O:0.67ns )   --->   "%store_ln28 = store i8 %tmp_70, i6 %row_bytes_addr_1" [../src/grayscale.cpp:28]   --->   Operation 184 'store' 'store_ln28' <Predicate = true> <Delay = 0.67> <CoreInst = "RAM">   --->   Core 82 'RAM' <Latency = 1> <II = 1> <Delay = 0.67> <Storage> <Opcode : 'load' 'store'> <Ports = 2> <Width = 8> <Depth = 60> <RAM>
ST_2 : Operation 185 [1/1] ( I:0.67ns O:0.67ns )   --->   "%store_ln28 = store i8 %tmp_71, i6 %row_bytes_1_addr_1" [../src/grayscale.cpp:28]   --->   Operation 185 'store' 'store_ln28' <Predicate = true> <Delay = 0.67> <CoreInst = "RAM">   --->   Core 82 'RAM' <Latency = 1> <II = 1> <Delay = 0.67> <Storage> <Opcode : 'load' 'store'> <Ports = 2> <Width = 8> <Depth = 60> <RAM>
ST_2 : Operation 186 [1/1] ( I:0.67ns O:0.67ns )   --->   "%store_ln28 = store i8 %tmp_72, i6 %row_bytes_2_addr_1" [../src/grayscale.cpp:28]   --->   Operation 186 'store' 'store_ln28' <Predicate = true> <Delay = 0.67> <CoreInst = "RAM">   --->   Core 82 'RAM' <Latency = 1> <II = 1> <Delay = 0.67> <Storage> <Opcode : 'load' 'store'> <Ports = 2> <Width = 8> <Depth = 60> <RAM>
ST_2 : Operation 187 [1/1] ( I:0.67ns O:0.67ns )   --->   "%store_ln28 = store i8 %tmp_73, i6 %row_bytes_3_addr_1" [../src/grayscale.cpp:28]   --->   Operation 187 'store' 'store_ln28' <Predicate = true> <Delay = 0.67> <CoreInst = "RAM">   --->   Core 82 'RAM' <Latency = 1> <II = 1> <Delay = 0.67> <Storage> <Opcode : 'load' 'store'> <Ports = 2> <Width = 8> <Depth = 60> <RAM>
ST_2 : Operation 188 [1/1] ( I:0.67ns O:0.67ns )   --->   "%store_ln28 = store i8 %tmp_74, i6 %row_bytes_4_addr_1" [../src/grayscale.cpp:28]   --->   Operation 188 'store' 'store_ln28' <Predicate = true> <Delay = 0.67> <CoreInst = "RAM">   --->   Core 82 'RAM' <Latency = 1> <II = 1> <Delay = 0.67> <Storage> <Opcode : 'load' 'store'> <Ports = 2> <Width = 8> <Depth = 60> <RAM>
ST_2 : Operation 189 [1/1] ( I:0.67ns O:0.67ns )   --->   "%store_ln28 = store i8 %tmp_75, i6 %row_bytes_5_addr_1" [../src/grayscale.cpp:28]   --->   Operation 189 'store' 'store_ln28' <Predicate = true> <Delay = 0.67> <CoreInst = "RAM">   --->   Core 82 'RAM' <Latency = 1> <II = 1> <Delay = 0.67> <Storage> <Opcode : 'load' 'store'> <Ports = 2> <Width = 8> <Depth = 60> <RAM>
ST_2 : Operation 190 [1/1] ( I:0.67ns O:0.67ns )   --->   "%store_ln28 = store i8 %tmp_76, i6 %row_bytes_6_addr_1" [../src/grayscale.cpp:28]   --->   Operation 190 'store' 'store_ln28' <Predicate = true> <Delay = 0.67> <CoreInst = "RAM">   --->   Core 82 'RAM' <Latency = 1> <II = 1> <Delay = 0.67> <Storage> <Opcode : 'load' 'store'> <Ports = 2> <Width = 8> <Depth = 60> <RAM>
ST_2 : Operation 191 [1/1] ( I:0.67ns O:0.67ns )   --->   "%store_ln28 = store i8 %tmp_77, i6 %row_bytes_7_addr_1" [../src/grayscale.cpp:28]   --->   Operation 191 'store' 'store_ln28' <Predicate = true> <Delay = 0.67> <CoreInst = "RAM">   --->   Core 82 'RAM' <Latency = 1> <II = 1> <Delay = 0.67> <Storage> <Opcode : 'load' 'store'> <Ports = 2> <Width = 8> <Depth = 60> <RAM>
ST_2 : Operation 192 [1/1] ( I:0.67ns O:0.67ns )   --->   "%store_ln28 = store i8 %tmp_78, i6 %row_bytes_8_addr_1" [../src/grayscale.cpp:28]   --->   Operation 192 'store' 'store_ln28' <Predicate = true> <Delay = 0.67> <CoreInst = "RAM">   --->   Core 82 'RAM' <Latency = 1> <II = 1> <Delay = 0.67> <Storage> <Opcode : 'load' 'store'> <Ports = 2> <Width = 8> <Depth = 60> <RAM>
ST_2 : Operation 193 [1/1] ( I:0.67ns O:0.67ns )   --->   "%store_ln28 = store i8 %tmp_79, i6 %row_bytes_9_addr_1" [../src/grayscale.cpp:28]   --->   Operation 193 'store' 'store_ln28' <Predicate = true> <Delay = 0.67> <CoreInst = "RAM">   --->   Core 82 'RAM' <Latency = 1> <II = 1> <Delay = 0.67> <Storage> <Opcode : 'load' 'store'> <Ports = 2> <Width = 8> <Depth = 60> <RAM>
ST_2 : Operation 194 [1/1] ( I:0.67ns O:0.67ns )   --->   "%store_ln28 = store i8 %tmp_80, i6 %row_bytes_10_addr_1" [../src/grayscale.cpp:28]   --->   Operation 194 'store' 'store_ln28' <Predicate = true> <Delay = 0.67> <CoreInst = "RAM">   --->   Core 82 'RAM' <Latency = 1> <II = 1> <Delay = 0.67> <Storage> <Opcode : 'load' 'store'> <Ports = 2> <Width = 8> <Depth = 60> <RAM>
ST_2 : Operation 195 [1/1] ( I:0.67ns O:0.67ns )   --->   "%store_ln28 = store i8 %tmp_81, i6 %row_bytes_11_addr_1" [../src/grayscale.cpp:28]   --->   Operation 195 'store' 'store_ln28' <Predicate = true> <Delay = 0.67> <CoreInst = "RAM">   --->   Core 82 'RAM' <Latency = 1> <II = 1> <Delay = 0.67> <Storage> <Opcode : 'load' 'store'> <Ports = 2> <Width = 8> <Depth = 60> <RAM>
ST_2 : Operation 196 [1/1] ( I:0.67ns O:0.67ns )   --->   "%store_ln28 = store i8 %tmp_82, i6 %row_bytes_12_addr_1" [../src/grayscale.cpp:28]   --->   Operation 196 'store' 'store_ln28' <Predicate = true> <Delay = 0.67> <CoreInst = "RAM">   --->   Core 82 'RAM' <Latency = 1> <II = 1> <Delay = 0.67> <Storage> <Opcode : 'load' 'store'> <Ports = 2> <Width = 8> <Depth = 60> <RAM>
ST_2 : Operation 197 [1/1] ( I:0.67ns O:0.67ns )   --->   "%store_ln28 = store i8 %tmp_83, i6 %row_bytes_13_addr_1" [../src/grayscale.cpp:28]   --->   Operation 197 'store' 'store_ln28' <Predicate = true> <Delay = 0.67> <CoreInst = "RAM">   --->   Core 82 'RAM' <Latency = 1> <II = 1> <Delay = 0.67> <Storage> <Opcode : 'load' 'store'> <Ports = 2> <Width = 8> <Depth = 60> <RAM>
ST_2 : Operation 198 [1/1] ( I:0.67ns O:0.67ns )   --->   "%store_ln28 = store i8 %tmp_84, i6 %row_bytes_14_addr_1" [../src/grayscale.cpp:28]   --->   Operation 198 'store' 'store_ln28' <Predicate = true> <Delay = 0.67> <CoreInst = "RAM">   --->   Core 82 'RAM' <Latency = 1> <II = 1> <Delay = 0.67> <Storage> <Opcode : 'load' 'store'> <Ports = 2> <Width = 8> <Depth = 60> <RAM>
ST_2 : Operation 199 [1/1] ( I:0.67ns O:0.67ns )   --->   "%store_ln28 = store i8 %tmp_85, i6 %row_bytes_15_addr_1" [../src/grayscale.cpp:28]   --->   Operation 199 'store' 'store_ln28' <Predicate = true> <Delay = 0.67> <CoreInst = "RAM">   --->   Core 82 'RAM' <Latency = 1> <II = 1> <Delay = 0.67> <Storage> <Opcode : 'load' 'store'> <Ports = 2> <Width = 8> <Depth = 60> <RAM>
ST_2 : Operation 200 [1/1] ( I:0.67ns O:0.67ns )   --->   "%store_ln28 = store i8 %tmp_86, i6 %row_bytes_16_addr_1" [../src/grayscale.cpp:28]   --->   Operation 200 'store' 'store_ln28' <Predicate = true> <Delay = 0.67> <CoreInst = "RAM">   --->   Core 82 'RAM' <Latency = 1> <II = 1> <Delay = 0.67> <Storage> <Opcode : 'load' 'store'> <Ports = 2> <Width = 8> <Depth = 60> <RAM>
ST_2 : Operation 201 [1/1] ( I:0.67ns O:0.67ns )   --->   "%store_ln28 = store i8 %tmp_87, i6 %row_bytes_17_addr_1" [../src/grayscale.cpp:28]   --->   Operation 201 'store' 'store_ln28' <Predicate = true> <Delay = 0.67> <CoreInst = "RAM">   --->   Core 82 'RAM' <Latency = 1> <II = 1> <Delay = 0.67> <Storage> <Opcode : 'load' 'store'> <Ports = 2> <Width = 8> <Depth = 60> <RAM>
ST_2 : Operation 202 [1/1] ( I:0.67ns O:0.67ns )   --->   "%store_ln28 = store i8 %tmp_88, i6 %row_bytes_18_addr_1" [../src/grayscale.cpp:28]   --->   Operation 202 'store' 'store_ln28' <Predicate = true> <Delay = 0.67> <CoreInst = "RAM">   --->   Core 82 'RAM' <Latency = 1> <II = 1> <Delay = 0.67> <Storage> <Opcode : 'load' 'store'> <Ports = 2> <Width = 8> <Depth = 60> <RAM>
ST_2 : Operation 203 [1/1] ( I:0.67ns O:0.67ns )   --->   "%store_ln28 = store i8 %tmp_89, i6 %row_bytes_19_addr_1" [../src/grayscale.cpp:28]   --->   Operation 203 'store' 'store_ln28' <Predicate = true> <Delay = 0.67> <CoreInst = "RAM">   --->   Core 82 'RAM' <Latency = 1> <II = 1> <Delay = 0.67> <Storage> <Opcode : 'load' 'store'> <Ports = 2> <Width = 8> <Depth = 60> <RAM>
ST_2 : Operation 204 [1/1] ( I:0.67ns O:0.67ns )   --->   "%store_ln28 = store i8 %tmp_90, i6 %row_bytes_20_addr_1" [../src/grayscale.cpp:28]   --->   Operation 204 'store' 'store_ln28' <Predicate = true> <Delay = 0.67> <CoreInst = "RAM">   --->   Core 82 'RAM' <Latency = 1> <II = 1> <Delay = 0.67> <Storage> <Opcode : 'load' 'store'> <Ports = 2> <Width = 8> <Depth = 60> <RAM>
ST_2 : Operation 205 [1/1] ( I:0.67ns O:0.67ns )   --->   "%store_ln28 = store i8 %tmp_91, i6 %row_bytes_21_addr_1" [../src/grayscale.cpp:28]   --->   Operation 205 'store' 'store_ln28' <Predicate = true> <Delay = 0.67> <CoreInst = "RAM">   --->   Core 82 'RAM' <Latency = 1> <II = 1> <Delay = 0.67> <Storage> <Opcode : 'load' 'store'> <Ports = 2> <Width = 8> <Depth = 60> <RAM>
ST_2 : Operation 206 [1/1] ( I:0.67ns O:0.67ns )   --->   "%store_ln28 = store i8 %tmp_92, i6 %row_bytes_22_addr_1" [../src/grayscale.cpp:28]   --->   Operation 206 'store' 'store_ln28' <Predicate = true> <Delay = 0.67> <CoreInst = "RAM">   --->   Core 82 'RAM' <Latency = 1> <II = 1> <Delay = 0.67> <Storage> <Opcode : 'load' 'store'> <Ports = 2> <Width = 8> <Depth = 60> <RAM>
ST_2 : Operation 207 [1/1] ( I:0.67ns O:0.67ns )   --->   "%store_ln28 = store i8 %tmp_93, i6 %row_bytes_23_addr_1" [../src/grayscale.cpp:28]   --->   Operation 207 'store' 'store_ln28' <Predicate = true> <Delay = 0.67> <CoreInst = "RAM">   --->   Core 82 'RAM' <Latency = 1> <II = 1> <Delay = 0.67> <Storage> <Opcode : 'load' 'store'> <Ports = 2> <Width = 8> <Depth = 60> <RAM>
ST_2 : Operation 208 [1/1] ( I:0.67ns O:0.67ns )   --->   "%store_ln28 = store i8 %tmp_94, i6 %row_bytes_24_addr_1" [../src/grayscale.cpp:28]   --->   Operation 208 'store' 'store_ln28' <Predicate = true> <Delay = 0.67> <CoreInst = "RAM">   --->   Core 82 'RAM' <Latency = 1> <II = 1> <Delay = 0.67> <Storage> <Opcode : 'load' 'store'> <Ports = 2> <Width = 8> <Depth = 60> <RAM>
ST_2 : Operation 209 [1/1] ( I:0.67ns O:0.67ns )   --->   "%store_ln28 = store i8 %tmp_95, i6 %row_bytes_25_addr_1" [../src/grayscale.cpp:28]   --->   Operation 209 'store' 'store_ln28' <Predicate = true> <Delay = 0.67> <CoreInst = "RAM">   --->   Core 82 'RAM' <Latency = 1> <II = 1> <Delay = 0.67> <Storage> <Opcode : 'load' 'store'> <Ports = 2> <Width = 8> <Depth = 60> <RAM>
ST_2 : Operation 210 [1/1] ( I:0.67ns O:0.67ns )   --->   "%store_ln28 = store i8 %tmp_96, i6 %row_bytes_26_addr_1" [../src/grayscale.cpp:28]   --->   Operation 210 'store' 'store_ln28' <Predicate = true> <Delay = 0.67> <CoreInst = "RAM">   --->   Core 82 'RAM' <Latency = 1> <II = 1> <Delay = 0.67> <Storage> <Opcode : 'load' 'store'> <Ports = 2> <Width = 8> <Depth = 60> <RAM>
ST_2 : Operation 211 [1/1] ( I:0.67ns O:0.67ns )   --->   "%store_ln28 = store i8 %tmp_97, i6 %row_bytes_27_addr_1" [../src/grayscale.cpp:28]   --->   Operation 211 'store' 'store_ln28' <Predicate = true> <Delay = 0.67> <CoreInst = "RAM">   --->   Core 82 'RAM' <Latency = 1> <II = 1> <Delay = 0.67> <Storage> <Opcode : 'load' 'store'> <Ports = 2> <Width = 8> <Depth = 60> <RAM>
ST_2 : Operation 212 [1/1] ( I:0.67ns O:0.67ns )   --->   "%store_ln28 = store i8 %tmp_98, i6 %row_bytes_28_addr_1" [../src/grayscale.cpp:28]   --->   Operation 212 'store' 'store_ln28' <Predicate = true> <Delay = 0.67> <CoreInst = "RAM">   --->   Core 82 'RAM' <Latency = 1> <II = 1> <Delay = 0.67> <Storage> <Opcode : 'load' 'store'> <Ports = 2> <Width = 8> <Depth = 60> <RAM>
ST_2 : Operation 213 [1/1] ( I:0.67ns O:0.67ns )   --->   "%store_ln28 = store i8 %tmp_99, i6 %row_bytes_29_addr_1" [../src/grayscale.cpp:28]   --->   Operation 213 'store' 'store_ln28' <Predicate = true> <Delay = 0.67> <CoreInst = "RAM">   --->   Core 82 'RAM' <Latency = 1> <II = 1> <Delay = 0.67> <Storage> <Opcode : 'load' 'store'> <Ports = 2> <Width = 8> <Depth = 60> <RAM>
ST_2 : Operation 214 [1/1] ( I:0.67ns O:0.67ns )   --->   "%store_ln28 = store i8 %tmp_100, i6 %row_bytes_30_addr_1" [../src/grayscale.cpp:28]   --->   Operation 214 'store' 'store_ln28' <Predicate = true> <Delay = 0.67> <CoreInst = "RAM">   --->   Core 82 'RAM' <Latency = 1> <II = 1> <Delay = 0.67> <Storage> <Opcode : 'load' 'store'> <Ports = 2> <Width = 8> <Depth = 60> <RAM>
ST_2 : Operation 215 [1/1] ( I:0.67ns O:0.67ns )   --->   "%store_ln28 = store i8 %tmp_101, i6 %row_bytes_31_addr_1" [../src/grayscale.cpp:28]   --->   Operation 215 'store' 'store_ln28' <Predicate = true> <Delay = 0.67> <CoreInst = "RAM">   --->   Core 82 'RAM' <Latency = 1> <II = 1> <Delay = 0.67> <Storage> <Opcode : 'load' 'store'> <Ports = 2> <Width = 8> <Depth = 60> <RAM>
ST_2 : Operation 216 [1/1] (0.00ns)   --->   "%br_ln24 = br void %VITIS_LOOP_26_2" [../src/grayscale.cpp:24]   --->   Operation 216 'br' 'br_ln24' <Predicate = true> <Delay = 0.00>


============================================================
+ Verbose Summary: Binding
============================================================
STG Binding: 
---------------- STG Properties BEGIN ----------------
- Is combinational: 0
- Is one-state seq: 0
- Is datapath-only: 0
- Is pipelined: 0
- Is top level: 0
Port [ Return ] is wired: 1; IO mode=ap_ctrl_hs:ce=0
Port [ row_bytes_31]:  wired=1; compound=1; hidden=0; nouse=0; global=0; static=0; extern=0; dir=1; type=1; pingpong=0; private_global=0; MemPort=[00]; IO mode=ap_memory:ce=0
Port [ row_bytes_30]:  wired=1; compound=1; hidden=0; nouse=0; global=0; static=0; extern=0; dir=1; type=1; pingpong=0; private_global=0; MemPort=[00]; IO mode=ap_memory:ce=0
Port [ row_bytes_29]:  wired=1; compound=1; hidden=0; nouse=0; global=0; static=0; extern=0; dir=1; type=1; pingpong=0; private_global=0; MemPort=[00]; IO mode=ap_memory:ce=0
Port [ row_bytes_28]:  wired=1; compound=1; hidden=0; nouse=0; global=0; static=0; extern=0; dir=1; type=1; pingpong=0; private_global=0; MemPort=[00]; IO mode=ap_memory:ce=0
Port [ row_bytes_27]:  wired=1; compound=1; hidden=0; nouse=0; global=0; static=0; extern=0; dir=1; type=1; pingpong=0; private_global=0; MemPort=[00]; IO mode=ap_memory:ce=0
Port [ row_bytes_26]:  wired=1; compound=1; hidden=0; nouse=0; global=0; static=0; extern=0; dir=1; type=1; pingpong=0; private_global=0; MemPort=[00]; IO mode=ap_memory:ce=0
Port [ row_bytes_25]:  wired=1; compound=1; hidden=0; nouse=0; global=0; static=0; extern=0; dir=1; type=1; pingpong=0; private_global=0; MemPort=[00]; IO mode=ap_memory:ce=0
Port [ row_bytes_24]:  wired=1; compound=1; hidden=0; nouse=0; global=0; static=0; extern=0; dir=1; type=1; pingpong=0; private_global=0; MemPort=[00]; IO mode=ap_memory:ce=0
Port [ row_bytes_23]:  wired=1; compound=1; hidden=0; nouse=0; global=0; static=0; extern=0; dir=1; type=1; pingpong=0; private_global=0; MemPort=[00]; IO mode=ap_memory:ce=0
Port [ row_bytes_22]:  wired=1; compound=1; hidden=0; nouse=0; global=0; static=0; extern=0; dir=1; type=1; pingpong=0; private_global=0; MemPort=[00]; IO mode=ap_memory:ce=0
Port [ row_bytes_21]:  wired=1; compound=1; hidden=0; nouse=0; global=0; static=0; extern=0; dir=1; type=1; pingpong=0; private_global=0; MemPort=[00]; IO mode=ap_memory:ce=0
Port [ row_bytes_20]:  wired=1; compound=1; hidden=0; nouse=0; global=0; static=0; extern=0; dir=1; type=1; pingpong=0; private_global=0; MemPort=[00]; IO mode=ap_memory:ce=0
Port [ row_bytes_19]:  wired=1; compound=1; hidden=0; nouse=0; global=0; static=0; extern=0; dir=1; type=1; pingpong=0; private_global=0; MemPort=[00]; IO mode=ap_memory:ce=0
Port [ row_bytes_18]:  wired=1; compound=1; hidden=0; nouse=0; global=0; static=0; extern=0; dir=1; type=1; pingpong=0; private_global=0; MemPort=[00]; IO mode=ap_memory:ce=0
Port [ row_bytes_17]:  wired=1; compound=1; hidden=0; nouse=0; global=0; static=0; extern=0; dir=1; type=1; pingpong=0; private_global=0; MemPort=[00]; IO mode=ap_memory:ce=0
Port [ row_bytes_16]:  wired=1; compound=1; hidden=0; nouse=0; global=0; static=0; extern=0; dir=1; type=1; pingpong=0; private_global=0; MemPort=[00]; IO mode=ap_memory:ce=0
Port [ row_bytes_15]:  wired=1; compound=1; hidden=0; nouse=0; global=0; static=0; extern=0; dir=1; type=1; pingpong=0; private_global=0; MemPort=[00]; IO mode=ap_memory:ce=0
Port [ row_bytes_14]:  wired=1; compound=1; hidden=0; nouse=0; global=0; static=0; extern=0; dir=1; type=1; pingpong=0; private_global=0; MemPort=[00]; IO mode=ap_memory:ce=0
Port [ row_bytes_13]:  wired=1; compound=1; hidden=0; nouse=0; global=0; static=0; extern=0; dir=1; type=1; pingpong=0; private_global=0; MemPort=[00]; IO mode=ap_memory:ce=0
Port [ row_bytes_12]:  wired=1; compound=1; hidden=0; nouse=0; global=0; static=0; extern=0; dir=1; type=1; pingpong=0; private_global=0; MemPort=[00]; IO mode=ap_memory:ce=0
Port [ row_bytes_11]:  wired=1; compound=1; hidden=0; nouse=0; global=0; static=0; extern=0; dir=1; type=1; pingpong=0; private_global=0; MemPort=[00]; IO mode=ap_memory:ce=0
Port [ row_bytes_10]:  wired=1; compound=1; hidden=0; nouse=0; global=0; static=0; extern=0; dir=1; type=1; pingpong=0; private_global=0; MemPort=[00]; IO mode=ap_memory:ce=0
Port [ row_bytes_9]:  wired=1; compound=1; hidden=0; nouse=0; global=0; static=0; extern=0; dir=1; type=1; pingpong=0; private_global=0; MemPort=[00]; IO mode=ap_memory:ce=0
Port [ row_bytes_8]:  wired=1; compound=1; hidden=0; nouse=0; global=0; static=0; extern=0; dir=1; type=1; pingpong=0; private_global=0; MemPort=[00]; IO mode=ap_memory:ce=0
Port [ row_bytes_7]:  wired=1; compound=1; hidden=0; nouse=0; global=0; static=0; extern=0; dir=1; type=1; pingpong=0; private_global=0; MemPort=[00]; IO mode=ap_memory:ce=0
Port [ row_bytes_6]:  wired=1; compound=1; hidden=0; nouse=0; global=0; static=0; extern=0; dir=1; type=1; pingpong=0; private_global=0; MemPort=[00]; IO mode=ap_memory:ce=0
Port [ row_bytes_5]:  wired=1; compound=1; hidden=0; nouse=0; global=0; static=0; extern=0; dir=1; type=1; pingpong=0; private_global=0; MemPort=[00]; IO mode=ap_memory:ce=0
Port [ row_bytes_4]:  wired=1; compound=1; hidden=0; nouse=0; global=0; static=0; extern=0; dir=1; type=1; pingpong=0; private_global=0; MemPort=[00]; IO mode=ap_memory:ce=0
Port [ row_bytes_3]:  wired=1; compound=1; hidden=0; nouse=0; global=0; static=0; extern=0; dir=1; type=1; pingpong=0; private_global=0; MemPort=[00]; IO mode=ap_memory:ce=0
Port [ row_bytes_2]:  wired=1; compound=1; hidden=0; nouse=0; global=0; static=0; extern=0; dir=1; type=1; pingpong=0; private_global=0; MemPort=[00]; IO mode=ap_memory:ce=0
Port [ row_bytes_1]:  wired=1; compound=1; hidden=0; nouse=0; global=0; static=0; extern=0; dir=1; type=1; pingpong=0; private_global=0; MemPort=[00]; IO mode=ap_memory:ce=0
Port [ row_bytes]:  wired=1; compound=1; hidden=0; nouse=0; global=0; static=0; extern=0; dir=1; type=1; pingpong=0; private_global=0; MemPort=[00]; IO mode=ap_memory:ce=0
Port [ row_words]:  wired=1; compound=1; hidden=0; nouse=0; global=0; static=0; extern=0; dir=0; type=1; pingpong=0; private_global=0; MemPort=[13]; IO mode=ap_memory:ce=0
---------------- STG Properties END ------------------

---------------- Datapath Model BEGIN ----------------

<LifeTime>
<method=bitvector/>
w                      (alloca           ) [ 010]
store_ln24             (store            ) [ 000]
br_ln0                 (br               ) [ 000]
w_1                    (load             ) [ 011]
icmp_ln24              (icmp             ) [ 010]
add_ln24               (add              ) [ 000]
br_ln24                (br               ) [ 000]
zext_ln24              (zext             ) [ 000]
row_words_addr         (getelementptr    ) [ 011]
store_ln24             (store            ) [ 000]
specpipeline_ln25      (specpipeline     ) [ 000]
speclooptripcount_ln24 (speclooptripcount) [ 000]
specloopname_ln24      (specloopname     ) [ 000]
row_words_load         (load             ) [ 000]
shl_ln                 (bitconcatenate   ) [ 000]
zext_ln28              (zext             ) [ 000]
trunc_ln28             (trunc            ) [ 000]
row_bytes_addr         (getelementptr    ) [ 000]
tmp_s                  (partselect       ) [ 000]
row_bytes_1_addr       (getelementptr    ) [ 000]
tmp_40                 (partselect       ) [ 000]
row_bytes_2_addr       (getelementptr    ) [ 000]
tmp_41                 (partselect       ) [ 000]
row_bytes_3_addr       (getelementptr    ) [ 000]
tmp_42                 (partselect       ) [ 000]
row_bytes_4_addr       (getelementptr    ) [ 000]
tmp_43                 (partselect       ) [ 000]
row_bytes_5_addr       (getelementptr    ) [ 000]
tmp_44                 (partselect       ) [ 000]
row_bytes_6_addr       (getelementptr    ) [ 000]
tmp_45                 (partselect       ) [ 000]
row_bytes_7_addr       (getelementptr    ) [ 000]
tmp_46                 (partselect       ) [ 000]
row_bytes_8_addr       (getelementptr    ) [ 000]
tmp_47                 (partselect       ) [ 000]
row_bytes_9_addr       (getelementptr    ) [ 000]
tmp_48                 (partselect       ) [ 000]
row_bytes_10_addr      (getelementptr    ) [ 000]
tmp_49                 (partselect       ) [ 000]
row_bytes_11_addr      (getelementptr    ) [ 000]
tmp_50                 (partselect       ) [ 000]
row_bytes_12_addr      (getelementptr    ) [ 000]
tmp_51                 (partselect       ) [ 000]
row_bytes_13_addr      (getelementptr    ) [ 000]
tmp_52                 (partselect       ) [ 000]
row_bytes_14_addr      (getelementptr    ) [ 000]
tmp_53                 (partselect       ) [ 000]
row_bytes_15_addr      (getelementptr    ) [ 000]
tmp_54                 (partselect       ) [ 000]
row_bytes_16_addr      (getelementptr    ) [ 000]
tmp_55                 (partselect       ) [ 000]
row_bytes_17_addr      (getelementptr    ) [ 000]
tmp_56                 (partselect       ) [ 000]
row_bytes_18_addr      (getelementptr    ) [ 000]
tmp_57                 (partselect       ) [ 000]
row_bytes_19_addr      (getelementptr    ) [ 000]
tmp_58                 (partselect       ) [ 000]
row_bytes_20_addr      (getelementptr    ) [ 000]
tmp_59                 (partselect       ) [ 000]
row_bytes_21_addr      (getelementptr    ) [ 000]
tmp_60                 (partselect       ) [ 000]
row_bytes_22_addr      (getelementptr    ) [ 000]
tmp_61                 (partselect       ) [ 000]
row_bytes_23_addr      (getelementptr    ) [ 000]
tmp_62                 (partselect       ) [ 000]
row_bytes_24_addr      (getelementptr    ) [ 000]
tmp_63                 (partselect       ) [ 000]
row_bytes_25_addr      (getelementptr    ) [ 000]
tmp_64                 (partselect       ) [ 000]
row_bytes_26_addr      (getelementptr    ) [ 000]
tmp_65                 (partselect       ) [ 000]
row_bytes_27_addr      (getelementptr    ) [ 000]
tmp_66                 (partselect       ) [ 000]
row_bytes_28_addr      (getelementptr    ) [ 000]
tmp_67                 (partselect       ) [ 000]
row_bytes_29_addr      (getelementptr    ) [ 000]
tmp_68                 (partselect       ) [ 000]
row_bytes_30_addr      (getelementptr    ) [ 000]
tmp_69                 (partselect       ) [ 000]
row_bytes_31_addr      (getelementptr    ) [ 000]
tmp_70                 (partselect       ) [ 000]
or_ln                  (bitconcatenate   ) [ 000]
zext_ln28_1            (zext             ) [ 000]
row_bytes_addr_1       (getelementptr    ) [ 000]
tmp_71                 (partselect       ) [ 000]
row_bytes_1_addr_1     (getelementptr    ) [ 000]
tmp_72                 (partselect       ) [ 000]
row_bytes_2_addr_1     (getelementptr    ) [ 000]
tmp_73                 (partselect       ) [ 000]
row_bytes_3_addr_1     (getelementptr    ) [ 000]
tmp_74                 (partselect       ) [ 000]
row_bytes_4_addr_1     (getelementptr    ) [ 000]
tmp_75                 (partselect       ) [ 000]
row_bytes_5_addr_1     (getelementptr    ) [ 000]
tmp_76                 (partselect       ) [ 000]
row_bytes_6_addr_1     (getelementptr    ) [ 000]
tmp_77                 (partselect       ) [ 000]
row_bytes_7_addr_1     (getelementptr    ) [ 000]
tmp_78                 (partselect       ) [ 000]
row_bytes_8_addr_1     (getelementptr    ) [ 000]
tmp_79                 (partselect       ) [ 000]
row_bytes_9_addr_1     (getelementptr    ) [ 000]
tmp_80                 (partselect       ) [ 000]
row_bytes_10_addr_1    (getelementptr    ) [ 000]
tmp_81                 (partselect       ) [ 000]
row_bytes_11_addr_1    (getelementptr    ) [ 000]
tmp_82                 (partselect       ) [ 000]
row_bytes_12_addr_1    (getelementptr    ) [ 000]
tmp_83                 (partselect       ) [ 000]
row_bytes_13_addr_1    (getelementptr    ) [ 000]
tmp_84                 (partselect       ) [ 000]
row_bytes_14_addr_1    (getelementptr    ) [ 000]
tmp_85                 (partselect       ) [ 000]
row_bytes_15_addr_1    (getelementptr    ) [ 000]
tmp_86                 (partselect       ) [ 000]
row_bytes_16_addr_1    (getelementptr    ) [ 000]
tmp_87                 (partselect       ) [ 000]
row_bytes_17_addr_1    (getelementptr    ) [ 000]
tmp_88                 (partselect       ) [ 000]
row_bytes_18_addr_1    (getelementptr    ) [ 000]
tmp_89                 (partselect       ) [ 000]
row_bytes_19_addr_1    (getelementptr    ) [ 000]
tmp_90                 (partselect       ) [ 000]
row_bytes_20_addr_1    (getelementptr    ) [ 000]
tmp_91                 (partselect       ) [ 000]
row_bytes_21_addr_1    (getelementptr    ) [ 000]
tmp_92                 (partselect       ) [ 000]
row_bytes_22_addr_1    (getelementptr    ) [ 000]
tmp_93                 (partselect       ) [ 000]
row_bytes_23_addr_1    (getelementptr    ) [ 000]
tmp_94                 (partselect       ) [ 000]
row_bytes_24_addr_1    (getelementptr    ) [ 000]
tmp_95                 (partselect       ) [ 000]
row_bytes_25_addr_1    (getelementptr    ) [ 000]
tmp_96                 (partselect       ) [ 000]
row_bytes_26_addr_1    (getelementptr    ) [ 000]
tmp_97                 (partselect       ) [ 000]
row_bytes_27_addr_1    (getelementptr    ) [ 000]
tmp_98                 (partselect       ) [ 000]
row_bytes_28_addr_1    (getelementptr    ) [ 000]
tmp_99                 (partselect       ) [ 000]
row_bytes_29_addr_1    (getelementptr    ) [ 000]
tmp_100                (partselect       ) [ 000]
row_bytes_30_addr_1    (getelementptr    ) [ 000]
tmp_101                (partselect       ) [ 000]
row_bytes_31_addr_1    (getelementptr    ) [ 000]
store_ln28             (store            ) [ 000]
store_ln28             (store            ) [ 000]
store_ln28             (store            ) [ 000]
store_ln28             (store            ) [ 000]
store_ln28             (store            ) [ 000]
store_ln28             (store            ) [ 000]
store_ln28             (store            ) [ 000]
store_ln28             (store            ) [ 000]
store_ln28             (store            ) [ 000]
store_ln28             (store            ) [ 000]
store_ln28             (store            ) [ 000]
store_ln28             (store            ) [ 000]
store_ln28             (store            ) [ 000]
store_ln28             (store            ) [ 000]
store_ln28             (store            ) [ 000]
store_ln28             (store            ) [ 000]
store_ln28             (store            ) [ 000]
store_ln28             (store            ) [ 000]
store_ln28             (store            ) [ 000]
store_ln28             (store            ) [ 000]
store_ln28             (store            ) [ 000]
store_ln28             (store            ) [ 000]
store_ln28             (store            ) [ 000]
store_ln28             (store            ) [ 000]
store_ln28             (store            ) [ 000]
store_ln28             (store            ) [ 000]
store_ln28             (store            ) [ 000]
store_ln28             (store            ) [ 000]
store_ln28             (store            ) [ 000]
store_ln28             (store            ) [ 000]
store_ln28             (store            ) [ 000]
store_ln28             (store            ) [ 000]
store_ln28             (store            ) [ 000]
store_ln28             (store            ) [ 000]
store_ln28             (store            ) [ 000]
store_ln28             (store            ) [ 000]
store_ln28             (store            ) [ 000]
store_ln28             (store            ) [ 000]
store_ln28             (store            ) [ 000]
store_ln28             (store            ) [ 000]
store_ln28             (store            ) [ 000]
store_ln28             (store            ) [ 000]
store_ln28             (store            ) [ 000]
store_ln28             (store            ) [ 000]
store_ln28             (store            ) [ 000]
store_ln28             (store            ) [ 000]
store_ln28             (store            ) [ 000]
store_ln28             (store            ) [ 000]
store_ln28             (store            ) [ 000]
store_ln28             (store            ) [ 000]
store_ln28             (store            ) [ 000]
store_ln28             (store            ) [ 000]
store_ln28             (store            ) [ 000]
store_ln28             (store            ) [ 000]
store_ln28             (store            ) [ 000]
store_ln28             (store            ) [ 000]
store_ln28             (store            ) [ 000]
store_ln28             (store            ) [ 000]
store_ln28             (store            ) [ 000]
store_ln28             (store            ) [ 000]
store_ln28             (store            ) [ 000]
store_ln28             (store            ) [ 000]
store_ln28             (store            ) [ 000]
store_ln28             (store            ) [ 000]
br_ln24                (br               ) [ 000]
ret_ln0                (ret              ) [ 000]
</LifeTime>

<model>

<comp_list>
<comp id="0" class="1000" name="row_bytes_31">
<pin_list>
<pin id="1" dir="1" index="0" bw="1" slack="0"/>
</pin_list>
<bind>
<StgValue><ssdm name="row_bytes_31"/><MemPortTyVec>0 0 </MemPortTyVec>
</StgValue>
</bind>
</comp>

<comp id="2" class="1000" name="row_bytes_30">
<pin_list>
<pin id="3" dir="1" index="0" bw="1" slack="0"/>
</pin_list>
<bind>
<StgValue><ssdm name="row_bytes_30"/><MemPortTyVec>0 0 </MemPortTyVec>
</StgValue>
</bind>
</comp>

<comp id="4" class="1000" name="row_bytes_29">
<pin_list>
<pin id="5" dir="1" index="0" bw="1" slack="0"/>
</pin_list>
<bind>
<StgValue><ssdm name="row_bytes_29"/><MemPortTyVec>0 0 </MemPortTyVec>
</StgValue>
</bind>
</comp>

<comp id="6" class="1000" name="row_bytes_28">
<pin_list>
<pin id="7" dir="1" index="0" bw="1" slack="0"/>
</pin_list>
<bind>
<StgValue><ssdm name="row_bytes_28"/><MemPortTyVec>0 0 </MemPortTyVec>
</StgValue>
</bind>
</comp>

<comp id="8" class="1000" name="row_bytes_27">
<pin_list>
<pin id="9" dir="1" index="0" bw="1" slack="0"/>
</pin_list>
<bind>
<StgValue><ssdm name="row_bytes_27"/><MemPortTyVec>0 0 </MemPortTyVec>
</StgValue>
</bind>
</comp>

<comp id="10" class="1000" name="row_bytes_26">
<pin_list>
<pin id="11" dir="1" index="0" bw="1" slack="0"/>
</pin_list>
<bind>
<StgValue><ssdm name="row_bytes_26"/><MemPortTyVec>0 0 </MemPortTyVec>
</StgValue>
</bind>
</comp>

<comp id="12" class="1000" name="row_bytes_25">
<pin_list>
<pin id="13" dir="1" index="0" bw="1" slack="0"/>
</pin_list>
<bind>
<StgValue><ssdm name="row_bytes_25"/><MemPortTyVec>0 0 </MemPortTyVec>
</StgValue>
</bind>
</comp>

<comp id="14" class="1000" name="row_bytes_24">
<pin_list>
<pin id="15" dir="1" index="0" bw="1" slack="0"/>
</pin_list>
<bind>
<StgValue><ssdm name="row_bytes_24"/><MemPortTyVec>0 0 </MemPortTyVec>
</StgValue>
</bind>
</comp>

<comp id="16" class="1000" name="row_bytes_23">
<pin_list>
<pin id="17" dir="1" index="0" bw="1" slack="0"/>
</pin_list>
<bind>
<StgValue><ssdm name="row_bytes_23"/><MemPortTyVec>0 0 </MemPortTyVec>
</StgValue>
</bind>
</comp>

<comp id="18" class="1000" name="row_bytes_22">
<pin_list>
<pin id="19" dir="1" index="0" bw="1" slack="0"/>
</pin_list>
<bind>
<StgValue><ssdm name="row_bytes_22"/><MemPortTyVec>0 0 </MemPortTyVec>
</StgValue>
</bind>
</comp>

<comp id="20" class="1000" name="row_bytes_21">
<pin_list>
<pin id="21" dir="1" index="0" bw="1" slack="0"/>
</pin_list>
<bind>
<StgValue><ssdm name="row_bytes_21"/><MemPortTyVec>0 0 </MemPortTyVec>
</StgValue>
</bind>
</comp>

<comp id="22" class="1000" name="row_bytes_20">
<pin_list>
<pin id="23" dir="1" index="0" bw="1" slack="0"/>
</pin_list>
<bind>
<StgValue><ssdm name="row_bytes_20"/><MemPortTyVec>0 0 </MemPortTyVec>
</StgValue>
</bind>
</comp>

<comp id="24" class="1000" name="row_bytes_19">
<pin_list>
<pin id="25" dir="1" index="0" bw="1" slack="0"/>
</pin_list>
<bind>
<StgValue><ssdm name="row_bytes_19"/><MemPortTyVec>0 0 </MemPortTyVec>
</StgValue>
</bind>
</comp>

<comp id="26" class="1000" name="row_bytes_18">
<pin_list>
<pin id="27" dir="1" index="0" bw="1" slack="0"/>
</pin_list>
<bind>
<StgValue><ssdm name="row_bytes_18"/><MemPortTyVec>0 0 </MemPortTyVec>
</StgValue>
</bind>
</comp>

<comp id="28" class="1000" name="row_bytes_17">
<pin_list>
<pin id="29" dir="1" index="0" bw="1" slack="0"/>
</pin_list>
<bind>
<StgValue><ssdm name="row_bytes_17"/><MemPortTyVec>0 0 </MemPortTyVec>
</StgValue>
</bind>
</comp>

<comp id="30" class="1000" name="row_bytes_16">
<pin_list>
<pin id="31" dir="1" index="0" bw="1" slack="0"/>
</pin_list>
<bind>
<StgValue><ssdm name="row_bytes_16"/><MemPortTyVec>0 0 </MemPortTyVec>
</StgValue>
</bind>
</comp>

<comp id="32" class="1000" name="row_bytes_15">
<pin_list>
<pin id="33" dir="1" index="0" bw="1" slack="0"/>
</pin_list>
<bind>
<StgValue><ssdm name="row_bytes_15"/><MemPortTyVec>0 0 </MemPortTyVec>
</StgValue>
</bind>
</comp>

<comp id="34" class="1000" name="row_bytes_14">
<pin_list>
<pin id="35" dir="1" index="0" bw="1" slack="0"/>
</pin_list>
<bind>
<StgValue><ssdm name="row_bytes_14"/><MemPortTyVec>0 0 </MemPortTyVec>
</StgValue>
</bind>
</comp>

<comp id="36" class="1000" name="row_bytes_13">
<pin_list>
<pin id="37" dir="1" index="0" bw="1" slack="0"/>
</pin_list>
<bind>
<StgValue><ssdm name="row_bytes_13"/><MemPortTyVec>0 0 </MemPortTyVec>
</StgValue>
</bind>
</comp>

<comp id="38" class="1000" name="row_bytes_12">
<pin_list>
<pin id="39" dir="1" index="0" bw="1" slack="0"/>
</pin_list>
<bind>
<StgValue><ssdm name="row_bytes_12"/><MemPortTyVec>0 0 </MemPortTyVec>
</StgValue>
</bind>
</comp>

<comp id="40" class="1000" name="row_bytes_11">
<pin_list>
<pin id="41" dir="1" index="0" bw="1" slack="0"/>
</pin_list>
<bind>
<StgValue><ssdm name="row_bytes_11"/><MemPortTyVec>0 0 </MemPortTyVec>
</StgValue>
</bind>
</comp>

<comp id="42" class="1000" name="row_bytes_10">
<pin_list>
<pin id="43" dir="1" index="0" bw="1" slack="0"/>
</pin_list>
<bind>
<StgValue><ssdm name="row_bytes_10"/><MemPortTyVec>0 0 </MemPortTyVec>
</StgValue>
</bind>
</comp>

<comp id="44" class="1000" name="row_bytes_9">
<pin_list>
<pin id="45" dir="1" index="0" bw="1" slack="0"/>
</pin_list>
<bind>
<StgValue><ssdm name="row_bytes_9"/><MemPortTyVec>0 0 </MemPortTyVec>
</StgValue>
</bind>
</comp>

<comp id="46" class="1000" name="row_bytes_8">
<pin_list>
<pin id="47" dir="1" index="0" bw="1" slack="0"/>
</pin_list>
<bind>
<StgValue><ssdm name="row_bytes_8"/><MemPortTyVec>0 0 </MemPortTyVec>
</StgValue>
</bind>
</comp>

<comp id="48" class="1000" name="row_bytes_7">
<pin_list>
<pin id="49" dir="1" index="0" bw="1" slack="0"/>
</pin_list>
<bind>
<StgValue><ssdm name="row_bytes_7"/><MemPortTyVec>0 0 </MemPortTyVec>
</StgValue>
</bind>
</comp>

<comp id="50" class="1000" name="row_bytes_6">
<pin_list>
<pin id="51" dir="1" index="0" bw="1" slack="0"/>
</pin_list>
<bind>
<StgValue><ssdm name="row_bytes_6"/><MemPortTyVec>0 0 </MemPortTyVec>
</StgValue>
</bind>
</comp>

<comp id="52" class="1000" name="row_bytes_5">
<pin_list>
<pin id="53" dir="1" index="0" bw="1" slack="0"/>
</pin_list>
<bind>
<StgValue><ssdm name="row_bytes_5"/><MemPortTyVec>0 0 </MemPortTyVec>
</StgValue>
</bind>
</comp>

<comp id="54" class="1000" name="row_bytes_4">
<pin_list>
<pin id="55" dir="1" index="0" bw="1" slack="0"/>
</pin_list>
<bind>
<StgValue><ssdm name="row_bytes_4"/><MemPortTyVec>0 0 </MemPortTyVec>
</StgValue>
</bind>
</comp>

<comp id="56" class="1000" name="row_bytes_3">
<pin_list>
<pin id="57" dir="1" index="0" bw="1" slack="0"/>
</pin_list>
<bind>
<StgValue><ssdm name="row_bytes_3"/><MemPortTyVec>0 0 </MemPortTyVec>
</StgValue>
</bind>
</comp>

<comp id="58" class="1000" name="row_bytes_2">
<pin_list>
<pin id="59" dir="1" index="0" bw="1" slack="0"/>
</pin_list>
<bind>
<StgValue><ssdm name="row_bytes_2"/><MemPortTyVec>0 0 </MemPortTyVec>
</StgValue>
</bind>
</comp>

<comp id="60" class="1000" name="row_bytes_1">
<pin_list>
<pin id="61" dir="1" index="0" bw="1" slack="0"/>
</pin_list>
<bind>
<StgValue><ssdm name="row_bytes_1"/><MemPortTyVec>0 0 </MemPortTyVec>
</StgValue>
</bind>
</comp>

<comp id="62" class="1000" name="row_bytes">
<pin_list>
<pin id="63" dir="1" index="0" bw="1" slack="0"/>
</pin_list>
<bind>
<StgValue><ssdm name="row_bytes"/><MemPortTyVec>0 0 </MemPortTyVec>
</StgValue>
</bind>
</comp>

<comp id="64" class="1000" name="row_words">
<pin_list>
<pin id="65" dir="1" index="0" bw="1" slack="0"/>
</pin_list>
<bind>
<StgValue><ssdm name="row_words"/><MemPortTyVec>1 3 </MemPortTyVec>
</StgValue>
</bind>
</comp>

<comp id="66" class="1001" name="const_66">
<pin_list>
<pin id="67" dir="1" index="0" bw="1" slack="0"/>
</pin_list>
<bind>
<StgValue><ssdm name=""/></StgValue>
</bind>
</comp>

<comp id="68" class="1001" name="const_68">
<pin_list>
<pin id="69" dir="1" index="0" bw="1" slack="0"/>
</pin_list>
<bind>
<StgValue><ssdm name=""/></StgValue>
</bind>
</comp>

<comp id="70" class="1001" name="const_70">
<pin_list>
<pin id="71" dir="1" index="0" bw="1" slack="0"/>
</pin_list>
<bind>
<StgValue><ssdm name=""/></StgValue>
</bind>
</comp>

<comp id="72" class="1001" name="const_72">
<pin_list>
<pin id="73" dir="1" index="0" bw="1" slack="0"/>
</pin_list>
<bind>
<StgValue><ssdm name=""/></StgValue>
</bind>
</comp>

<comp id="74" class="1001" name="const_74">
<pin_list>
<pin id="75" dir="1" index="0" bw="1" slack="0"/>
</pin_list>
<bind>
<StgValue><ssdm name=""/></StgValue>
</bind>
</comp>

<comp id="76" class="1001" name="const_76">
<pin_list>
<pin id="77" dir="1" index="0" bw="1" slack="2147483647"/>
</pin_list>
<bind>
<StgValue><ssdm name="_ssdm_op_SpecPipeline"/></StgValue>
</bind>
</comp>

<comp id="78" class="1001" name="const_78">
<pin_list>
<pin id="79" dir="1" index="0" bw="1" slack="2147483647"/>
</pin_list>
<bind>
<StgValue><ssdm name=""/></StgValue>
</bind>
</comp>

<comp id="80" class="1001" name="const_80">
<pin_list>
<pin id="81" dir="1" index="0" bw="1" slack="2147483647"/>
</pin_list>
<bind>
<StgValue><ssdm name=""/></StgValue>
</bind>
</comp>

<comp id="82" class="1001" name="const_82">
<pin_list>
<pin id="83" dir="1" index="0" bw="1" slack="2147483647"/>
</pin_list>
<bind>
<StgValue><ssdm name="empty_4"/></StgValue>
</bind>
</comp>

<comp id="84" class="1001" name="const_84">
<pin_list>
<pin id="85" dir="1" index="0" bw="1" slack="2147483647"/>
</pin_list>
<bind>
<StgValue><ssdm name="_ssdm_op_SpecLoopTripCount"/></StgValue>
</bind>
</comp>

<comp id="86" class="1001" name="const_86">
<pin_list>
<pin id="87" dir="1" index="0" bw="1" slack="2147483647"/>
</pin_list>
<bind>
<StgValue><ssdm name=""/></StgValue>
</bind>
</comp>

<comp id="88" class="1001" name="const_88">
<pin_list>
<pin id="89" dir="1" index="0" bw="1" slack="2147483647"/>
</pin_list>
<bind>
<StgValue><ssdm name="_ssdm_op_SpecLoopName"/></StgValue>
</bind>
</comp>

<comp id="90" class="1001" name="const_90">
<pin_list>
<pin id="91" dir="1" index="0" bw="1" slack="2147483647"/>
</pin_list>
<bind>
<StgValue><ssdm name="empty_19"/></StgValue>
</bind>
</comp>

<comp id="92" class="1001" name="const_92">
<pin_list>
<pin id="93" dir="1" index="0" bw="1" slack="0"/>
</pin_list>
<bind>
<StgValue><ssdm name="_ssdm_op_BitConcatenate.i6.i5.i1"/></StgValue>
</bind>
</comp>

<comp id="94" class="1001" name="const_94">
<pin_list>
<pin id="95" dir="1" index="0" bw="1" slack="0"/>
</pin_list>
<bind>
<StgValue><ssdm name=""/></StgValue>
</bind>
</comp>

<comp id="96" class="1001" name="const_96">
<pin_list>
<pin id="97" dir="1" index="0" bw="1" slack="0"/>
</pin_list>
<bind>
<StgValue><ssdm name="_ssdm_op_PartSelect.i8.i512.i32"/></StgValue>
</bind>
</comp>

<comp id="98" class="1001" name="const_98">
<pin_list>
<pin id="99" dir="1" index="0" bw="1" slack="0"/>
</pin_list>
<bind>
<StgValue><ssdm name=""/></StgValue>
</bind>
</comp>

<comp id="100" class="1001" name="const_100">
<pin_list>
<pin id="101" dir="1" index="0" bw="1" slack="0"/>
</pin_list>
<bind>
<StgValue><ssdm name=""/></StgValue>
</bind>
</comp>

<comp id="102" class="1001" name="const_102">
<pin_list>
<pin id="103" dir="1" index="0" bw="1" slack="0"/>
</pin_list>
<bind>
<StgValue><ssdm name=""/></StgValue>
</bind>
</comp>

<comp id="104" class="1001" name="const_104">
<pin_list>
<pin id="105" dir="1" index="0" bw="1" slack="0"/>
</pin_list>
<bind>
<StgValue><ssdm name=""/></StgValue>
</bind>
</comp>

<comp id="106" class="1001" name="const_106">
<pin_list>
<pin id="107" dir="1" index="0" bw="1" slack="0"/>
</pin_list>
<bind>
<StgValue><ssdm name=""/></StgValue>
</bind>
</comp>

<comp id="108" class="1001" name="const_108">
<pin_list>
<pin id="109" dir="1" index="0" bw="1" slack="0"/>
</pin_list>
<bind>
<StgValue><ssdm name=""/></StgValue>
</bind>
</comp>

<comp id="110" class="1001" name="const_110">
<pin_list>
<pin id="111" dir="1" index="0" bw="1" slack="0"/>
</pin_list>
<bind>
<StgValue><ssdm name=""/></StgValue>
</bind>
</comp>

<comp id="112" class="1001" name="const_112">
<pin_list>
<pin id="113" dir="1" index="0" bw="1" slack="0"/>
</pin_list>
<bind>
<StgValue><ssdm name=""/></StgValue>
</bind>
</comp>

<comp id="114" class="1001" name="const_114">
<pin_list>
<pin id="115" dir="1" index="0" bw="1" slack="0"/>
</pin_list>
<bind>
<StgValue><ssdm name=""/></StgValue>
</bind>
</comp>

<comp id="116" class="1001" name="const_116">
<pin_list>
<pin id="117" dir="1" index="0" bw="1" slack="0"/>
</pin_list>
<bind>
<StgValue><ssdm name=""/></StgValue>
</bind>
</comp>

<comp id="118" class="1001" name="const_118">
<pin_list>
<pin id="119" dir="1" index="0" bw="1" slack="0"/>
</pin_list>
<bind>
<StgValue><ssdm name=""/></StgValue>
</bind>
</comp>

<comp id="120" class="1001" name="const_120">
<pin_list>
<pin id="121" dir="1" index="0" bw="1" slack="0"/>
</pin_list>
<bind>
<StgValue><ssdm name=""/></StgValue>
</bind>
</comp>

<comp id="122" class="1001" name="const_122">
<pin_list>
<pin id="123" dir="1" index="0" bw="1" slack="0"/>
</pin_list>
<bind>
<StgValue><ssdm name=""/></StgValue>
</bind>
</comp>

<comp id="124" class="1001" name="const_124">
<pin_list>
<pin id="125" dir="1" index="0" bw="1" slack="0"/>
</pin_list>
<bind>
<StgValue><ssdm name=""/></StgValue>
</bind>
</comp>

<comp id="126" class="1001" name="const_126">
<pin_list>
<pin id="127" dir="1" index="0" bw="1" slack="0"/>
</pin_list>
<bind>
<StgValue><ssdm name=""/></StgValue>
</bind>
</comp>

<comp id="128" class="1001" name="const_128">
<pin_list>
<pin id="129" dir="1" index="0" bw="1" slack="0"/>
</pin_list>
<bind>
<StgValue><ssdm name=""/></StgValue>
</bind>
</comp>

<comp id="130" class="1001" name="const_130">
<pin_list>
<pin id="131" dir="1" index="0" bw="1" slack="0"/>
</pin_list>
<bind>
<StgValue><ssdm name=""/></StgValue>
</bind>
</comp>

<comp id="132" class="1001" name="const_132">
<pin_list>
<pin id="133" dir="1" index="0" bw="1" slack="0"/>
</pin_list>
<bind>
<StgValue><ssdm name=""/></StgValue>
</bind>
</comp>

<comp id="134" class="1001" name="const_134">
<pin_list>
<pin id="135" dir="1" index="0" bw="1" slack="0"/>
</pin_list>
<bind>
<StgValue><ssdm name=""/></StgValue>
</bind>
</comp>

<comp id="136" class="1001" name="const_136">
<pin_list>
<pin id="137" dir="1" index="0" bw="1" slack="0"/>
</pin_list>
<bind>
<StgValue><ssdm name=""/></StgValue>
</bind>
</comp>

<comp id="138" class="1001" name="const_138">
<pin_list>
<pin id="139" dir="1" index="0" bw="1" slack="0"/>
</pin_list>
<bind>
<StgValue><ssdm name=""/></StgValue>
</bind>
</comp>

<comp id="140" class="1001" name="const_140">
<pin_list>
<pin id="141" dir="1" index="0" bw="1" slack="0"/>
</pin_list>
<bind>
<StgValue><ssdm name=""/></StgValue>
</bind>
</comp>

<comp id="142" class="1001" name="const_142">
<pin_list>
<pin id="143" dir="1" index="0" bw="1" slack="0"/>
</pin_list>
<bind>
<StgValue><ssdm name=""/></StgValue>
</bind>
</comp>

<comp id="144" class="1001" name="const_144">
<pin_list>
<pin id="145" dir="1" index="0" bw="1" slack="0"/>
</pin_list>
<bind>
<StgValue><ssdm name=""/></StgValue>
</bind>
</comp>

<comp id="146" class="1001" name="const_146">
<pin_list>
<pin id="147" dir="1" index="0" bw="1" slack="0"/>
</pin_list>
<bind>
<StgValue><ssdm name=""/></StgValue>
</bind>
</comp>

<comp id="148" class="1001" name="const_148">
<pin_list>
<pin id="149" dir="1" index="0" bw="1" slack="0"/>
</pin_list>
<bind>
<StgValue><ssdm name=""/></StgValue>
</bind>
</comp>

<comp id="150" class="1001" name="const_150">
<pin_list>
<pin id="151" dir="1" index="0" bw="1" slack="0"/>
</pin_list>
<bind>
<StgValue><ssdm name=""/></StgValue>
</bind>
</comp>

<comp id="152" class="1001" name="const_152">
<pin_list>
<pin id="153" dir="1" index="0" bw="1" slack="0"/>
</pin_list>
<bind>
<StgValue><ssdm name=""/></StgValue>
</bind>
</comp>

<comp id="154" class="1001" name="const_154">
<pin_list>
<pin id="155" dir="1" index="0" bw="1" slack="0"/>
</pin_list>
<bind>
<StgValue><ssdm name=""/></StgValue>
</bind>
</comp>

<comp id="156" class="1001" name="const_156">
<pin_list>
<pin id="157" dir="1" index="0" bw="1" slack="0"/>
</pin_list>
<bind>
<StgValue><ssdm name=""/></StgValue>
</bind>
</comp>

<comp id="158" class="1001" name="const_158">
<pin_list>
<pin id="159" dir="1" index="0" bw="1" slack="0"/>
</pin_list>
<bind>
<StgValue><ssdm name=""/></StgValue>
</bind>
</comp>

<comp id="160" class="1001" name="const_160">
<pin_list>
<pin id="161" dir="1" index="0" bw="1" slack="0"/>
</pin_list>
<bind>
<StgValue><ssdm name=""/></StgValue>
</bind>
</comp>

<comp id="162" class="1001" name="const_162">
<pin_list>
<pin id="163" dir="1" index="0" bw="1" slack="0"/>
</pin_list>
<bind>
<StgValue><ssdm name=""/></StgValue>
</bind>
</comp>

<comp id="164" class="1001" name="const_164">
<pin_list>
<pin id="165" dir="1" index="0" bw="1" slack="0"/>
</pin_list>
<bind>
<StgValue><ssdm name=""/></StgValue>
</bind>
</comp>

<comp id="166" class="1001" name="const_166">
<pin_list>
<pin id="167" dir="1" index="0" bw="1" slack="0"/>
</pin_list>
<bind>
<StgValue><ssdm name=""/></StgValue>
</bind>
</comp>

<comp id="168" class="1001" name="const_168">
<pin_list>
<pin id="169" dir="1" index="0" bw="1" slack="0"/>
</pin_list>
<bind>
<StgValue><ssdm name=""/></StgValue>
</bind>
</comp>

<comp id="170" class="1001" name="const_170">
<pin_list>
<pin id="171" dir="1" index="0" bw="1" slack="0"/>
</pin_list>
<bind>
<StgValue><ssdm name=""/></StgValue>
</bind>
</comp>

<comp id="172" class="1001" name="const_172">
<pin_list>
<pin id="173" dir="1" index="0" bw="1" slack="0"/>
</pin_list>
<bind>
<StgValue><ssdm name=""/></StgValue>
</bind>
</comp>

<comp id="174" class="1001" name="const_174">
<pin_list>
<pin id="175" dir="1" index="0" bw="1" slack="0"/>
</pin_list>
<bind>
<StgValue><ssdm name=""/></StgValue>
</bind>
</comp>

<comp id="176" class="1001" name="const_176">
<pin_list>
<pin id="177" dir="1" index="0" bw="1" slack="0"/>
</pin_list>
<bind>
<StgValue><ssdm name=""/></StgValue>
</bind>
</comp>

<comp id="178" class="1001" name="const_178">
<pin_list>
<pin id="179" dir="1" index="0" bw="1" slack="0"/>
</pin_list>
<bind>
<StgValue><ssdm name=""/></StgValue>
</bind>
</comp>

<comp id="180" class="1001" name="const_180">
<pin_list>
<pin id="181" dir="1" index="0" bw="1" slack="0"/>
</pin_list>
<bind>
<StgValue><ssdm name=""/></StgValue>
</bind>
</comp>

<comp id="182" class="1001" name="const_182">
<pin_list>
<pin id="183" dir="1" index="0" bw="1" slack="0"/>
</pin_list>
<bind>
<StgValue><ssdm name=""/></StgValue>
</bind>
</comp>

<comp id="184" class="1001" name="const_184">
<pin_list>
<pin id="185" dir="1" index="0" bw="1" slack="0"/>
</pin_list>
<bind>
<StgValue><ssdm name=""/></StgValue>
</bind>
</comp>

<comp id="186" class="1001" name="const_186">
<pin_list>
<pin id="187" dir="1" index="0" bw="1" slack="0"/>
</pin_list>
<bind>
<StgValue><ssdm name=""/></StgValue>
</bind>
</comp>

<comp id="188" class="1001" name="const_188">
<pin_list>
<pin id="189" dir="1" index="0" bw="1" slack="0"/>
</pin_list>
<bind>
<StgValue><ssdm name=""/></StgValue>
</bind>
</comp>

<comp id="190" class="1001" name="const_190">
<pin_list>
<pin id="191" dir="1" index="0" bw="1" slack="0"/>
</pin_list>
<bind>
<StgValue><ssdm name=""/></StgValue>
</bind>
</comp>

<comp id="192" class="1001" name="const_192">
<pin_list>
<pin id="193" dir="1" index="0" bw="1" slack="0"/>
</pin_list>
<bind>
<StgValue><ssdm name=""/></StgValue>
</bind>
</comp>

<comp id="194" class="1001" name="const_194">
<pin_list>
<pin id="195" dir="1" index="0" bw="1" slack="0"/>
</pin_list>
<bind>
<StgValue><ssdm name=""/></StgValue>
</bind>
</comp>

<comp id="196" class="1001" name="const_196">
<pin_list>
<pin id="197" dir="1" index="0" bw="1" slack="0"/>
</pin_list>
<bind>
<StgValue><ssdm name=""/></StgValue>
</bind>
</comp>

<comp id="198" class="1001" name="const_198">
<pin_list>
<pin id="199" dir="1" index="0" bw="1" slack="0"/>
</pin_list>
<bind>
<StgValue><ssdm name=""/></StgValue>
</bind>
</comp>

<comp id="200" class="1001" name="const_200">
<pin_list>
<pin id="201" dir="1" index="0" bw="1" slack="0"/>
</pin_list>
<bind>
<StgValue><ssdm name=""/></StgValue>
</bind>
</comp>

<comp id="202" class="1001" name="const_202">
<pin_list>
<pin id="203" dir="1" index="0" bw="1" slack="0"/>
</pin_list>
<bind>
<StgValue><ssdm name=""/></StgValue>
</bind>
</comp>

<comp id="204" class="1001" name="const_204">
<pin_list>
<pin id="205" dir="1" index="0" bw="1" slack="0"/>
</pin_list>
<bind>
<StgValue><ssdm name=""/></StgValue>
</bind>
</comp>

<comp id="206" class="1001" name="const_206">
<pin_list>
<pin id="207" dir="1" index="0" bw="1" slack="0"/>
</pin_list>
<bind>
<StgValue><ssdm name=""/></StgValue>
</bind>
</comp>

<comp id="208" class="1001" name="const_208">
<pin_list>
<pin id="209" dir="1" index="0" bw="1" slack="0"/>
</pin_list>
<bind>
<StgValue><ssdm name=""/></StgValue>
</bind>
</comp>

<comp id="210" class="1001" name="const_210">
<pin_list>
<pin id="211" dir="1" index="0" bw="1" slack="0"/>
</pin_list>
<bind>
<StgValue><ssdm name=""/></StgValue>
</bind>
</comp>

<comp id="212" class="1001" name="const_212">
<pin_list>
<pin id="213" dir="1" index="0" bw="1" slack="0"/>
</pin_list>
<bind>
<StgValue><ssdm name=""/></StgValue>
</bind>
</comp>

<comp id="214" class="1001" name="const_214">
<pin_list>
<pin id="215" dir="1" index="0" bw="1" slack="0"/>
</pin_list>
<bind>
<StgValue><ssdm name=""/></StgValue>
</bind>
</comp>

<comp id="216" class="1001" name="const_216">
<pin_list>
<pin id="217" dir="1" index="0" bw="1" slack="0"/>
</pin_list>
<bind>
<StgValue><ssdm name=""/></StgValue>
</bind>
</comp>

<comp id="218" class="1001" name="const_218">
<pin_list>
<pin id="219" dir="1" index="0" bw="1" slack="0"/>
</pin_list>
<bind>
<StgValue><ssdm name=""/></StgValue>
</bind>
</comp>

<comp id="220" class="1001" name="const_220">
<pin_list>
<pin id="221" dir="1" index="0" bw="1" slack="0"/>
</pin_list>
<bind>
<StgValue><ssdm name=""/></StgValue>
</bind>
</comp>

<comp id="222" class="1001" name="const_222">
<pin_list>
<pin id="223" dir="1" index="0" bw="1" slack="0"/>
</pin_list>
<bind>
<StgValue><ssdm name=""/></StgValue>
</bind>
</comp>

<comp id="224" class="1001" name="const_224">
<pin_list>
<pin id="225" dir="1" index="0" bw="1" slack="0"/>
</pin_list>
<bind>
<StgValue><ssdm name=""/></StgValue>
</bind>
</comp>

<comp id="226" class="1004" name="w_fu_226">
<pin_list>
<pin id="227" dir="0" index="0" bw="1" slack="0"/>
<pin id="228" dir="1" index="1" bw="5" slack="0"/>
</pin_list>
<bind>
<opcode="alloca(26) " fcode="alloca"/>
<opset="w/1 "/>
</bind>
</comp>

<comp id="230" class="1004" name="row_words_addr_gep_fu_230">
<pin_list>
<pin id="231" dir="0" index="0" bw="512" slack="0"/>
<pin id="232" dir="0" index="1" bw="1" slack="0"/>
<pin id="233" dir="0" index="2" bw="5" slack="0"/>
<pin id="234" dir="1" index="3" bw="5" slack="0"/>
</pin_list>
<bind>
<opcode="getelementptr(29) " fcode="getelementptr"/>
<opset="row_words_addr/1 "/>
</bind>
</comp>

<comp id="237" class="1004" name="grp_access_fu_237">
<pin_list>
<pin id="238" dir="0" index="0" bw="5" slack="0"/>
<pin id="239" dir="0" index="1" bw="512" slack="2147483647"/>
<pin id="240" dir="0" index="2" bw="0" slack="2147483647"/>
<pin id="241" dir="1" index="3" bw="512" slack="0"/>
</pin_list>
<bind>
<opcode="load(27) " fcode="load"/>
<opset="row_words_load/1 "/>
</bind>
</comp>

<comp id="243" class="1004" name="row_bytes_addr_gep_fu_243">
<pin_list>
<pin id="244" dir="0" index="0" bw="8" slack="0"/>
<pin id="245" dir="0" index="1" bw="1" slack="0"/>
<pin id="246" dir="0" index="2" bw="6" slack="0"/>
<pin id="247" dir="1" index="3" bw="6" slack="0"/>
</pin_list>
<bind>
<opcode="getelementptr(29) " fcode="getelementptr"/>
<opset="row_bytes_addr/2 "/>
</bind>
</comp>

<comp id="250" class="1004" name="row_bytes_1_addr_gep_fu_250">
<pin_list>
<pin id="251" dir="0" index="0" bw="8" slack="0"/>
<pin id="252" dir="0" index="1" bw="1" slack="0"/>
<pin id="253" dir="0" index="2" bw="6" slack="0"/>
<pin id="254" dir="1" index="3" bw="6" slack="0"/>
</pin_list>
<bind>
<opcode="getelementptr(29) " fcode="getelementptr"/>
<opset="row_bytes_1_addr/2 "/>
</bind>
</comp>

<comp id="257" class="1004" name="row_bytes_2_addr_gep_fu_257">
<pin_list>
<pin id="258" dir="0" index="0" bw="8" slack="0"/>
<pin id="259" dir="0" index="1" bw="1" slack="0"/>
<pin id="260" dir="0" index="2" bw="6" slack="0"/>
<pin id="261" dir="1" index="3" bw="6" slack="0"/>
</pin_list>
<bind>
<opcode="getelementptr(29) " fcode="getelementptr"/>
<opset="row_bytes_2_addr/2 "/>
</bind>
</comp>

<comp id="264" class="1004" name="row_bytes_3_addr_gep_fu_264">
<pin_list>
<pin id="265" dir="0" index="0" bw="8" slack="0"/>
<pin id="266" dir="0" index="1" bw="1" slack="0"/>
<pin id="267" dir="0" index="2" bw="6" slack="0"/>
<pin id="268" dir="1" index="3" bw="6" slack="0"/>
</pin_list>
<bind>
<opcode="getelementptr(29) " fcode="getelementptr"/>
<opset="row_bytes_3_addr/2 "/>
</bind>
</comp>

<comp id="271" class="1004" name="row_bytes_4_addr_gep_fu_271">
<pin_list>
<pin id="272" dir="0" index="0" bw="8" slack="0"/>
<pin id="273" dir="0" index="1" bw="1" slack="0"/>
<pin id="274" dir="0" index="2" bw="6" slack="0"/>
<pin id="275" dir="1" index="3" bw="6" slack="0"/>
</pin_list>
<bind>
<opcode="getelementptr(29) " fcode="getelementptr"/>
<opset="row_bytes_4_addr/2 "/>
</bind>
</comp>

<comp id="278" class="1004" name="row_bytes_5_addr_gep_fu_278">
<pin_list>
<pin id="279" dir="0" index="0" bw="8" slack="0"/>
<pin id="280" dir="0" index="1" bw="1" slack="0"/>
<pin id="281" dir="0" index="2" bw="6" slack="0"/>
<pin id="282" dir="1" index="3" bw="6" slack="0"/>
</pin_list>
<bind>
<opcode="getelementptr(29) " fcode="getelementptr"/>
<opset="row_bytes_5_addr/2 "/>
</bind>
</comp>

<comp id="285" class="1004" name="row_bytes_6_addr_gep_fu_285">
<pin_list>
<pin id="286" dir="0" index="0" bw="8" slack="0"/>
<pin id="287" dir="0" index="1" bw="1" slack="0"/>
<pin id="288" dir="0" index="2" bw="6" slack="0"/>
<pin id="289" dir="1" index="3" bw="6" slack="0"/>
</pin_list>
<bind>
<opcode="getelementptr(29) " fcode="getelementptr"/>
<opset="row_bytes_6_addr/2 "/>
</bind>
</comp>

<comp id="292" class="1004" name="row_bytes_7_addr_gep_fu_292">
<pin_list>
<pin id="293" dir="0" index="0" bw="8" slack="0"/>
<pin id="294" dir="0" index="1" bw="1" slack="0"/>
<pin id="295" dir="0" index="2" bw="6" slack="0"/>
<pin id="296" dir="1" index="3" bw="6" slack="0"/>
</pin_list>
<bind>
<opcode="getelementptr(29) " fcode="getelementptr"/>
<opset="row_bytes_7_addr/2 "/>
</bind>
</comp>

<comp id="299" class="1004" name="row_bytes_8_addr_gep_fu_299">
<pin_list>
<pin id="300" dir="0" index="0" bw="8" slack="0"/>
<pin id="301" dir="0" index="1" bw="1" slack="0"/>
<pin id="302" dir="0" index="2" bw="6" slack="0"/>
<pin id="303" dir="1" index="3" bw="6" slack="0"/>
</pin_list>
<bind>
<opcode="getelementptr(29) " fcode="getelementptr"/>
<opset="row_bytes_8_addr/2 "/>
</bind>
</comp>

<comp id="306" class="1004" name="row_bytes_9_addr_gep_fu_306">
<pin_list>
<pin id="307" dir="0" index="0" bw="8" slack="0"/>
<pin id="308" dir="0" index="1" bw="1" slack="0"/>
<pin id="309" dir="0" index="2" bw="6" slack="0"/>
<pin id="310" dir="1" index="3" bw="6" slack="0"/>
</pin_list>
<bind>
<opcode="getelementptr(29) " fcode="getelementptr"/>
<opset="row_bytes_9_addr/2 "/>
</bind>
</comp>

<comp id="313" class="1004" name="row_bytes_10_addr_gep_fu_313">
<pin_list>
<pin id="314" dir="0" index="0" bw="8" slack="0"/>
<pin id="315" dir="0" index="1" bw="1" slack="0"/>
<pin id="316" dir="0" index="2" bw="6" slack="0"/>
<pin id="317" dir="1" index="3" bw="6" slack="0"/>
</pin_list>
<bind>
<opcode="getelementptr(29) " fcode="getelementptr"/>
<opset="row_bytes_10_addr/2 "/>
</bind>
</comp>

<comp id="320" class="1004" name="row_bytes_11_addr_gep_fu_320">
<pin_list>
<pin id="321" dir="0" index="0" bw="8" slack="0"/>
<pin id="322" dir="0" index="1" bw="1" slack="0"/>
<pin id="323" dir="0" index="2" bw="6" slack="0"/>
<pin id="324" dir="1" index="3" bw="6" slack="0"/>
</pin_list>
<bind>
<opcode="getelementptr(29) " fcode="getelementptr"/>
<opset="row_bytes_11_addr/2 "/>
</bind>
</comp>

<comp id="327" class="1004" name="row_bytes_12_addr_gep_fu_327">
<pin_list>
<pin id="328" dir="0" index="0" bw="8" slack="0"/>
<pin id="329" dir="0" index="1" bw="1" slack="0"/>
<pin id="330" dir="0" index="2" bw="6" slack="0"/>
<pin id="331" dir="1" index="3" bw="6" slack="0"/>
</pin_list>
<bind>
<opcode="getelementptr(29) " fcode="getelementptr"/>
<opset="row_bytes_12_addr/2 "/>
</bind>
</comp>

<comp id="334" class="1004" name="row_bytes_13_addr_gep_fu_334">
<pin_list>
<pin id="335" dir="0" index="0" bw="8" slack="0"/>
<pin id="336" dir="0" index="1" bw="1" slack="0"/>
<pin id="337" dir="0" index="2" bw="6" slack="0"/>
<pin id="338" dir="1" index="3" bw="6" slack="0"/>
</pin_list>
<bind>
<opcode="getelementptr(29) " fcode="getelementptr"/>
<opset="row_bytes_13_addr/2 "/>
</bind>
</comp>

<comp id="341" class="1004" name="row_bytes_14_addr_gep_fu_341">
<pin_list>
<pin id="342" dir="0" index="0" bw="8" slack="0"/>
<pin id="343" dir="0" index="1" bw="1" slack="0"/>
<pin id="344" dir="0" index="2" bw="6" slack="0"/>
<pin id="345" dir="1" index="3" bw="6" slack="0"/>
</pin_list>
<bind>
<opcode="getelementptr(29) " fcode="getelementptr"/>
<opset="row_bytes_14_addr/2 "/>
</bind>
</comp>

<comp id="348" class="1004" name="row_bytes_15_addr_gep_fu_348">
<pin_list>
<pin id="349" dir="0" index="0" bw="8" slack="0"/>
<pin id="350" dir="0" index="1" bw="1" slack="0"/>
<pin id="351" dir="0" index="2" bw="6" slack="0"/>
<pin id="352" dir="1" index="3" bw="6" slack="0"/>
</pin_list>
<bind>
<opcode="getelementptr(29) " fcode="getelementptr"/>
<opset="row_bytes_15_addr/2 "/>
</bind>
</comp>

<comp id="355" class="1004" name="row_bytes_16_addr_gep_fu_355">
<pin_list>
<pin id="356" dir="0" index="0" bw="8" slack="0"/>
<pin id="357" dir="0" index="1" bw="1" slack="0"/>
<pin id="358" dir="0" index="2" bw="6" slack="0"/>
<pin id="359" dir="1" index="3" bw="6" slack="0"/>
</pin_list>
<bind>
<opcode="getelementptr(29) " fcode="getelementptr"/>
<opset="row_bytes_16_addr/2 "/>
</bind>
</comp>

<comp id="362" class="1004" name="row_bytes_17_addr_gep_fu_362">
<pin_list>
<pin id="363" dir="0" index="0" bw="8" slack="0"/>
<pin id="364" dir="0" index="1" bw="1" slack="0"/>
<pin id="365" dir="0" index="2" bw="6" slack="0"/>
<pin id="366" dir="1" index="3" bw="6" slack="0"/>
</pin_list>
<bind>
<opcode="getelementptr(29) " fcode="getelementptr"/>
<opset="row_bytes_17_addr/2 "/>
</bind>
</comp>

<comp id="369" class="1004" name="row_bytes_18_addr_gep_fu_369">
<pin_list>
<pin id="370" dir="0" index="0" bw="8" slack="0"/>
<pin id="371" dir="0" index="1" bw="1" slack="0"/>
<pin id="372" dir="0" index="2" bw="6" slack="0"/>
<pin id="373" dir="1" index="3" bw="6" slack="0"/>
</pin_list>
<bind>
<opcode="getelementptr(29) " fcode="getelementptr"/>
<opset="row_bytes_18_addr/2 "/>
</bind>
</comp>

<comp id="376" class="1004" name="row_bytes_19_addr_gep_fu_376">
<pin_list>
<pin id="377" dir="0" index="0" bw="8" slack="0"/>
<pin id="378" dir="0" index="1" bw="1" slack="0"/>
<pin id="379" dir="0" index="2" bw="6" slack="0"/>
<pin id="380" dir="1" index="3" bw="6" slack="0"/>
</pin_list>
<bind>
<opcode="getelementptr(29) " fcode="getelementptr"/>
<opset="row_bytes_19_addr/2 "/>
</bind>
</comp>

<comp id="383" class="1004" name="row_bytes_20_addr_gep_fu_383">
<pin_list>
<pin id="384" dir="0" index="0" bw="8" slack="0"/>
<pin id="385" dir="0" index="1" bw="1" slack="0"/>
<pin id="386" dir="0" index="2" bw="6" slack="0"/>
<pin id="387" dir="1" index="3" bw="6" slack="0"/>
</pin_list>
<bind>
<opcode="getelementptr(29) " fcode="getelementptr"/>
<opset="row_bytes_20_addr/2 "/>
</bind>
</comp>

<comp id="390" class="1004" name="row_bytes_21_addr_gep_fu_390">
<pin_list>
<pin id="391" dir="0" index="0" bw="8" slack="0"/>
<pin id="392" dir="0" index="1" bw="1" slack="0"/>
<pin id="393" dir="0" index="2" bw="6" slack="0"/>
<pin id="394" dir="1" index="3" bw="6" slack="0"/>
</pin_list>
<bind>
<opcode="getelementptr(29) " fcode="getelementptr"/>
<opset="row_bytes_21_addr/2 "/>
</bind>
</comp>

<comp id="397" class="1004" name="row_bytes_22_addr_gep_fu_397">
<pin_list>
<pin id="398" dir="0" index="0" bw="8" slack="0"/>
<pin id="399" dir="0" index="1" bw="1" slack="0"/>
<pin id="400" dir="0" index="2" bw="6" slack="0"/>
<pin id="401" dir="1" index="3" bw="6" slack="0"/>
</pin_list>
<bind>
<opcode="getelementptr(29) " fcode="getelementptr"/>
<opset="row_bytes_22_addr/2 "/>
</bind>
</comp>

<comp id="404" class="1004" name="row_bytes_23_addr_gep_fu_404">
<pin_list>
<pin id="405" dir="0" index="0" bw="8" slack="0"/>
<pin id="406" dir="0" index="1" bw="1" slack="0"/>
<pin id="407" dir="0" index="2" bw="6" slack="0"/>
<pin id="408" dir="1" index="3" bw="6" slack="0"/>
</pin_list>
<bind>
<opcode="getelementptr(29) " fcode="getelementptr"/>
<opset="row_bytes_23_addr/2 "/>
</bind>
</comp>

<comp id="411" class="1004" name="row_bytes_24_addr_gep_fu_411">
<pin_list>
<pin id="412" dir="0" index="0" bw="8" slack="0"/>
<pin id="413" dir="0" index="1" bw="1" slack="0"/>
<pin id="414" dir="0" index="2" bw="6" slack="0"/>
<pin id="415" dir="1" index="3" bw="6" slack="0"/>
</pin_list>
<bind>
<opcode="getelementptr(29) " fcode="getelementptr"/>
<opset="row_bytes_24_addr/2 "/>
</bind>
</comp>

<comp id="418" class="1004" name="row_bytes_25_addr_gep_fu_418">
<pin_list>
<pin id="419" dir="0" index="0" bw="8" slack="0"/>
<pin id="420" dir="0" index="1" bw="1" slack="0"/>
<pin id="421" dir="0" index="2" bw="6" slack="0"/>
<pin id="422" dir="1" index="3" bw="6" slack="0"/>
</pin_list>
<bind>
<opcode="getelementptr(29) " fcode="getelementptr"/>
<opset="row_bytes_25_addr/2 "/>
</bind>
</comp>

<comp id="425" class="1004" name="row_bytes_26_addr_gep_fu_425">
<pin_list>
<pin id="426" dir="0" index="0" bw="8" slack="0"/>
<pin id="427" dir="0" index="1" bw="1" slack="0"/>
<pin id="428" dir="0" index="2" bw="6" slack="0"/>
<pin id="429" dir="1" index="3" bw="6" slack="0"/>
</pin_list>
<bind>
<opcode="getelementptr(29) " fcode="getelementptr"/>
<opset="row_bytes_26_addr/2 "/>
</bind>
</comp>

<comp id="432" class="1004" name="row_bytes_27_addr_gep_fu_432">
<pin_list>
<pin id="433" dir="0" index="0" bw="8" slack="0"/>
<pin id="434" dir="0" index="1" bw="1" slack="0"/>
<pin id="435" dir="0" index="2" bw="6" slack="0"/>
<pin id="436" dir="1" index="3" bw="6" slack="0"/>
</pin_list>
<bind>
<opcode="getelementptr(29) " fcode="getelementptr"/>
<opset="row_bytes_27_addr/2 "/>
</bind>
</comp>

<comp id="439" class="1004" name="row_bytes_28_addr_gep_fu_439">
<pin_list>
<pin id="440" dir="0" index="0" bw="8" slack="0"/>
<pin id="441" dir="0" index="1" bw="1" slack="0"/>
<pin id="442" dir="0" index="2" bw="6" slack="0"/>
<pin id="443" dir="1" index="3" bw="6" slack="0"/>
</pin_list>
<bind>
<opcode="getelementptr(29) " fcode="getelementptr"/>
<opset="row_bytes_28_addr/2 "/>
</bind>
</comp>

<comp id="446" class="1004" name="row_bytes_29_addr_gep_fu_446">
<pin_list>
<pin id="447" dir="0" index="0" bw="8" slack="0"/>
<pin id="448" dir="0" index="1" bw="1" slack="0"/>
<pin id="449" dir="0" index="2" bw="6" slack="0"/>
<pin id="450" dir="1" index="3" bw="6" slack="0"/>
</pin_list>
<bind>
<opcode="getelementptr(29) " fcode="getelementptr"/>
<opset="row_bytes_29_addr/2 "/>
</bind>
</comp>

<comp id="453" class="1004" name="row_bytes_30_addr_gep_fu_453">
<pin_list>
<pin id="454" dir="0" index="0" bw="8" slack="0"/>
<pin id="455" dir="0" index="1" bw="1" slack="0"/>
<pin id="456" dir="0" index="2" bw="6" slack="0"/>
<pin id="457" dir="1" index="3" bw="6" slack="0"/>
</pin_list>
<bind>
<opcode="getelementptr(29) " fcode="getelementptr"/>
<opset="row_bytes_30_addr/2 "/>
</bind>
</comp>

<comp id="460" class="1004" name="row_bytes_31_addr_gep_fu_460">
<pin_list>
<pin id="461" dir="0" index="0" bw="8" slack="0"/>
<pin id="462" dir="0" index="1" bw="1" slack="0"/>
<pin id="463" dir="0" index="2" bw="6" slack="0"/>
<pin id="464" dir="1" index="3" bw="6" slack="0"/>
</pin_list>
<bind>
<opcode="getelementptr(29) " fcode="getelementptr"/>
<opset="row_bytes_31_addr/2 "/>
</bind>
</comp>

<comp id="467" class="1004" name="row_bytes_addr_1_gep_fu_467">
<pin_list>
<pin id="468" dir="0" index="0" bw="8" slack="0"/>
<pin id="469" dir="0" index="1" bw="1" slack="0"/>
<pin id="470" dir="0" index="2" bw="6" slack="0"/>
<pin id="471" dir="1" index="3" bw="6" slack="0"/>
</pin_list>
<bind>
<opcode="getelementptr(29) " fcode="getelementptr"/>
<opset="row_bytes_addr_1/2 "/>
</bind>
</comp>

<comp id="474" class="1004" name="row_bytes_1_addr_1_gep_fu_474">
<pin_list>
<pin id="475" dir="0" index="0" bw="8" slack="0"/>
<pin id="476" dir="0" index="1" bw="1" slack="0"/>
<pin id="477" dir="0" index="2" bw="6" slack="0"/>
<pin id="478" dir="1" index="3" bw="6" slack="0"/>
</pin_list>
<bind>
<opcode="getelementptr(29) " fcode="getelementptr"/>
<opset="row_bytes_1_addr_1/2 "/>
</bind>
</comp>

<comp id="481" class="1004" name="row_bytes_2_addr_1_gep_fu_481">
<pin_list>
<pin id="482" dir="0" index="0" bw="8" slack="0"/>
<pin id="483" dir="0" index="1" bw="1" slack="0"/>
<pin id="484" dir="0" index="2" bw="6" slack="0"/>
<pin id="485" dir="1" index="3" bw="6" slack="0"/>
</pin_list>
<bind>
<opcode="getelementptr(29) " fcode="getelementptr"/>
<opset="row_bytes_2_addr_1/2 "/>
</bind>
</comp>

<comp id="488" class="1004" name="row_bytes_3_addr_1_gep_fu_488">
<pin_list>
<pin id="489" dir="0" index="0" bw="8" slack="0"/>
<pin id="490" dir="0" index="1" bw="1" slack="0"/>
<pin id="491" dir="0" index="2" bw="6" slack="0"/>
<pin id="492" dir="1" index="3" bw="6" slack="0"/>
</pin_list>
<bind>
<opcode="getelementptr(29) " fcode="getelementptr"/>
<opset="row_bytes_3_addr_1/2 "/>
</bind>
</comp>

<comp id="495" class="1004" name="row_bytes_4_addr_1_gep_fu_495">
<pin_list>
<pin id="496" dir="0" index="0" bw="8" slack="0"/>
<pin id="497" dir="0" index="1" bw="1" slack="0"/>
<pin id="498" dir="0" index="2" bw="6" slack="0"/>
<pin id="499" dir="1" index="3" bw="6" slack="0"/>
</pin_list>
<bind>
<opcode="getelementptr(29) " fcode="getelementptr"/>
<opset="row_bytes_4_addr_1/2 "/>
</bind>
</comp>

<comp id="502" class="1004" name="row_bytes_5_addr_1_gep_fu_502">
<pin_list>
<pin id="503" dir="0" index="0" bw="8" slack="0"/>
<pin id="504" dir="0" index="1" bw="1" slack="0"/>
<pin id="505" dir="0" index="2" bw="6" slack="0"/>
<pin id="506" dir="1" index="3" bw="6" slack="0"/>
</pin_list>
<bind>
<opcode="getelementptr(29) " fcode="getelementptr"/>
<opset="row_bytes_5_addr_1/2 "/>
</bind>
</comp>

<comp id="509" class="1004" name="row_bytes_6_addr_1_gep_fu_509">
<pin_list>
<pin id="510" dir="0" index="0" bw="8" slack="0"/>
<pin id="511" dir="0" index="1" bw="1" slack="0"/>
<pin id="512" dir="0" index="2" bw="6" slack="0"/>
<pin id="513" dir="1" index="3" bw="6" slack="0"/>
</pin_list>
<bind>
<opcode="getelementptr(29) " fcode="getelementptr"/>
<opset="row_bytes_6_addr_1/2 "/>
</bind>
</comp>

<comp id="516" class="1004" name="row_bytes_7_addr_1_gep_fu_516">
<pin_list>
<pin id="517" dir="0" index="0" bw="8" slack="0"/>
<pin id="518" dir="0" index="1" bw="1" slack="0"/>
<pin id="519" dir="0" index="2" bw="6" slack="0"/>
<pin id="520" dir="1" index="3" bw="6" slack="0"/>
</pin_list>
<bind>
<opcode="getelementptr(29) " fcode="getelementptr"/>
<opset="row_bytes_7_addr_1/2 "/>
</bind>
</comp>

<comp id="523" class="1004" name="row_bytes_8_addr_1_gep_fu_523">
<pin_list>
<pin id="524" dir="0" index="0" bw="8" slack="0"/>
<pin id="525" dir="0" index="1" bw="1" slack="0"/>
<pin id="526" dir="0" index="2" bw="6" slack="0"/>
<pin id="527" dir="1" index="3" bw="6" slack="0"/>
</pin_list>
<bind>
<opcode="getelementptr(29) " fcode="getelementptr"/>
<opset="row_bytes_8_addr_1/2 "/>
</bind>
</comp>

<comp id="530" class="1004" name="row_bytes_9_addr_1_gep_fu_530">
<pin_list>
<pin id="531" dir="0" index="0" bw="8" slack="0"/>
<pin id="532" dir="0" index="1" bw="1" slack="0"/>
<pin id="533" dir="0" index="2" bw="6" slack="0"/>
<pin id="534" dir="1" index="3" bw="6" slack="0"/>
</pin_list>
<bind>
<opcode="getelementptr(29) " fcode="getelementptr"/>
<opset="row_bytes_9_addr_1/2 "/>
</bind>
</comp>

<comp id="537" class="1004" name="row_bytes_10_addr_1_gep_fu_537">
<pin_list>
<pin id="538" dir="0" index="0" bw="8" slack="0"/>
<pin id="539" dir="0" index="1" bw="1" slack="0"/>
<pin id="540" dir="0" index="2" bw="6" slack="0"/>
<pin id="541" dir="1" index="3" bw="6" slack="0"/>
</pin_list>
<bind>
<opcode="getelementptr(29) " fcode="getelementptr"/>
<opset="row_bytes_10_addr_1/2 "/>
</bind>
</comp>

<comp id="544" class="1004" name="row_bytes_11_addr_1_gep_fu_544">
<pin_list>
<pin id="545" dir="0" index="0" bw="8" slack="0"/>
<pin id="546" dir="0" index="1" bw="1" slack="0"/>
<pin id="547" dir="0" index="2" bw="6" slack="0"/>
<pin id="548" dir="1" index="3" bw="6" slack="0"/>
</pin_list>
<bind>
<opcode="getelementptr(29) " fcode="getelementptr"/>
<opset="row_bytes_11_addr_1/2 "/>
</bind>
</comp>

<comp id="551" class="1004" name="row_bytes_12_addr_1_gep_fu_551">
<pin_list>
<pin id="552" dir="0" index="0" bw="8" slack="0"/>
<pin id="553" dir="0" index="1" bw="1" slack="0"/>
<pin id="554" dir="0" index="2" bw="6" slack="0"/>
<pin id="555" dir="1" index="3" bw="6" slack="0"/>
</pin_list>
<bind>
<opcode="getelementptr(29) " fcode="getelementptr"/>
<opset="row_bytes_12_addr_1/2 "/>
</bind>
</comp>

<comp id="558" class="1004" name="row_bytes_13_addr_1_gep_fu_558">
<pin_list>
<pin id="559" dir="0" index="0" bw="8" slack="0"/>
<pin id="560" dir="0" index="1" bw="1" slack="0"/>
<pin id="561" dir="0" index="2" bw="6" slack="0"/>
<pin id="562" dir="1" index="3" bw="6" slack="0"/>
</pin_list>
<bind>
<opcode="getelementptr(29) " fcode="getelementptr"/>
<opset="row_bytes_13_addr_1/2 "/>
</bind>
</comp>

<comp id="565" class="1004" name="row_bytes_14_addr_1_gep_fu_565">
<pin_list>
<pin id="566" dir="0" index="0" bw="8" slack="0"/>
<pin id="567" dir="0" index="1" bw="1" slack="0"/>
<pin id="568" dir="0" index="2" bw="6" slack="0"/>
<pin id="569" dir="1" index="3" bw="6" slack="0"/>
</pin_list>
<bind>
<opcode="getelementptr(29) " fcode="getelementptr"/>
<opset="row_bytes_14_addr_1/2 "/>
</bind>
</comp>

<comp id="572" class="1004" name="row_bytes_15_addr_1_gep_fu_572">
<pin_list>
<pin id="573" dir="0" index="0" bw="8" slack="0"/>
<pin id="574" dir="0" index="1" bw="1" slack="0"/>
<pin id="575" dir="0" index="2" bw="6" slack="0"/>
<pin id="576" dir="1" index="3" bw="6" slack="0"/>
</pin_list>
<bind>
<opcode="getelementptr(29) " fcode="getelementptr"/>
<opset="row_bytes_15_addr_1/2 "/>
</bind>
</comp>

<comp id="579" class="1004" name="row_bytes_16_addr_1_gep_fu_579">
<pin_list>
<pin id="580" dir="0" index="0" bw="8" slack="0"/>
<pin id="581" dir="0" index="1" bw="1" slack="0"/>
<pin id="582" dir="0" index="2" bw="6" slack="0"/>
<pin id="583" dir="1" index="3" bw="6" slack="0"/>
</pin_list>
<bind>
<opcode="getelementptr(29) " fcode="getelementptr"/>
<opset="row_bytes_16_addr_1/2 "/>
</bind>
</comp>

<comp id="586" class="1004" name="row_bytes_17_addr_1_gep_fu_586">
<pin_list>
<pin id="587" dir="0" index="0" bw="8" slack="0"/>
<pin id="588" dir="0" index="1" bw="1" slack="0"/>
<pin id="589" dir="0" index="2" bw="6" slack="0"/>
<pin id="590" dir="1" index="3" bw="6" slack="0"/>
</pin_list>
<bind>
<opcode="getelementptr(29) " fcode="getelementptr"/>
<opset="row_bytes_17_addr_1/2 "/>
</bind>
</comp>

<comp id="593" class="1004" name="row_bytes_18_addr_1_gep_fu_593">
<pin_list>
<pin id="594" dir="0" index="0" bw="8" slack="0"/>
<pin id="595" dir="0" index="1" bw="1" slack="0"/>
<pin id="596" dir="0" index="2" bw="6" slack="0"/>
<pin id="597" dir="1" index="3" bw="6" slack="0"/>
</pin_list>
<bind>
<opcode="getelementptr(29) " fcode="getelementptr"/>
<opset="row_bytes_18_addr_1/2 "/>
</bind>
</comp>

<comp id="600" class="1004" name="row_bytes_19_addr_1_gep_fu_600">
<pin_list>
<pin id="601" dir="0" index="0" bw="8" slack="0"/>
<pin id="602" dir="0" index="1" bw="1" slack="0"/>
<pin id="603" dir="0" index="2" bw="6" slack="0"/>
<pin id="604" dir="1" index="3" bw="6" slack="0"/>
</pin_list>
<bind>
<opcode="getelementptr(29) " fcode="getelementptr"/>
<opset="row_bytes_19_addr_1/2 "/>
</bind>
</comp>

<comp id="607" class="1004" name="row_bytes_20_addr_1_gep_fu_607">
<pin_list>
<pin id="608" dir="0" index="0" bw="8" slack="0"/>
<pin id="609" dir="0" index="1" bw="1" slack="0"/>
<pin id="610" dir="0" index="2" bw="6" slack="0"/>
<pin id="611" dir="1" index="3" bw="6" slack="0"/>
</pin_list>
<bind>
<opcode="getelementptr(29) " fcode="getelementptr"/>
<opset="row_bytes_20_addr_1/2 "/>
</bind>
</comp>

<comp id="614" class="1004" name="row_bytes_21_addr_1_gep_fu_614">
<pin_list>
<pin id="615" dir="0" index="0" bw="8" slack="0"/>
<pin id="616" dir="0" index="1" bw="1" slack="0"/>
<pin id="617" dir="0" index="2" bw="6" slack="0"/>
<pin id="618" dir="1" index="3" bw="6" slack="0"/>
</pin_list>
<bind>
<opcode="getelementptr(29) " fcode="getelementptr"/>
<opset="row_bytes_21_addr_1/2 "/>
</bind>
</comp>

<comp id="621" class="1004" name="row_bytes_22_addr_1_gep_fu_621">
<pin_list>
<pin id="622" dir="0" index="0" bw="8" slack="0"/>
<pin id="623" dir="0" index="1" bw="1" slack="0"/>
<pin id="624" dir="0" index="2" bw="6" slack="0"/>
<pin id="625" dir="1" index="3" bw="6" slack="0"/>
</pin_list>
<bind>
<opcode="getelementptr(29) " fcode="getelementptr"/>
<opset="row_bytes_22_addr_1/2 "/>
</bind>
</comp>

<comp id="628" class="1004" name="row_bytes_23_addr_1_gep_fu_628">
<pin_list>
<pin id="629" dir="0" index="0" bw="8" slack="0"/>
<pin id="630" dir="0" index="1" bw="1" slack="0"/>
<pin id="631" dir="0" index="2" bw="6" slack="0"/>
<pin id="632" dir="1" index="3" bw="6" slack="0"/>
</pin_list>
<bind>
<opcode="getelementptr(29) " fcode="getelementptr"/>
<opset="row_bytes_23_addr_1/2 "/>
</bind>
</comp>

<comp id="635" class="1004" name="row_bytes_24_addr_1_gep_fu_635">
<pin_list>
<pin id="636" dir="0" index="0" bw="8" slack="0"/>
<pin id="637" dir="0" index="1" bw="1" slack="0"/>
<pin id="638" dir="0" index="2" bw="6" slack="0"/>
<pin id="639" dir="1" index="3" bw="6" slack="0"/>
</pin_list>
<bind>
<opcode="getelementptr(29) " fcode="getelementptr"/>
<opset="row_bytes_24_addr_1/2 "/>
</bind>
</comp>

<comp id="642" class="1004" name="row_bytes_25_addr_1_gep_fu_642">
<pin_list>
<pin id="643" dir="0" index="0" bw="8" slack="0"/>
<pin id="644" dir="0" index="1" bw="1" slack="0"/>
<pin id="645" dir="0" index="2" bw="6" slack="0"/>
<pin id="646" dir="1" index="3" bw="6" slack="0"/>
</pin_list>
<bind>
<opcode="getelementptr(29) " fcode="getelementptr"/>
<opset="row_bytes_25_addr_1/2 "/>
</bind>
</comp>

<comp id="649" class="1004" name="row_bytes_26_addr_1_gep_fu_649">
<pin_list>
<pin id="650" dir="0" index="0" bw="8" slack="0"/>
<pin id="651" dir="0" index="1" bw="1" slack="0"/>
<pin id="652" dir="0" index="2" bw="6" slack="0"/>
<pin id="653" dir="1" index="3" bw="6" slack="0"/>
</pin_list>
<bind>
<opcode="getelementptr(29) " fcode="getelementptr"/>
<opset="row_bytes_26_addr_1/2 "/>
</bind>
</comp>

<comp id="656" class="1004" name="row_bytes_27_addr_1_gep_fu_656">
<pin_list>
<pin id="657" dir="0" index="0" bw="8" slack="0"/>
<pin id="658" dir="0" index="1" bw="1" slack="0"/>
<pin id="659" dir="0" index="2" bw="6" slack="0"/>
<pin id="660" dir="1" index="3" bw="6" slack="0"/>
</pin_list>
<bind>
<opcode="getelementptr(29) " fcode="getelementptr"/>
<opset="row_bytes_27_addr_1/2 "/>
</bind>
</comp>

<comp id="663" class="1004" name="row_bytes_28_addr_1_gep_fu_663">
<pin_list>
<pin id="664" dir="0" index="0" bw="8" slack="0"/>
<pin id="665" dir="0" index="1" bw="1" slack="0"/>
<pin id="666" dir="0" index="2" bw="6" slack="0"/>
<pin id="667" dir="1" index="3" bw="6" slack="0"/>
</pin_list>
<bind>
<opcode="getelementptr(29) " fcode="getelementptr"/>
<opset="row_bytes_28_addr_1/2 "/>
</bind>
</comp>

<comp id="670" class="1004" name="row_bytes_29_addr_1_gep_fu_670">
<pin_list>
<pin id="671" dir="0" index="0" bw="8" slack="0"/>
<pin id="672" dir="0" index="1" bw="1" slack="0"/>
<pin id="673" dir="0" index="2" bw="6" slack="0"/>
<pin id="674" dir="1" index="3" bw="6" slack="0"/>
</pin_list>
<bind>
<opcode="getelementptr(29) " fcode="getelementptr"/>
<opset="row_bytes_29_addr_1/2 "/>
</bind>
</comp>

<comp id="677" class="1004" name="row_bytes_30_addr_1_gep_fu_677">
<pin_list>
<pin id="678" dir="0" index="0" bw="8" slack="0"/>
<pin id="679" dir="0" index="1" bw="1" slack="0"/>
<pin id="680" dir="0" index="2" bw="6" slack="0"/>
<pin id="681" dir="1" index="3" bw="6" slack="0"/>
</pin_list>
<bind>
<opcode="getelementptr(29) " fcode="getelementptr"/>
<opset="row_bytes_30_addr_1/2 "/>
</bind>
</comp>

<comp id="684" class="1004" name="row_bytes_31_addr_1_gep_fu_684">
<pin_list>
<pin id="685" dir="0" index="0" bw="8" slack="0"/>
<pin id="686" dir="0" index="1" bw="1" slack="0"/>
<pin id="687" dir="0" index="2" bw="6" slack="0"/>
<pin id="688" dir="1" index="3" bw="6" slack="0"/>
</pin_list>
<bind>
<opcode="getelementptr(29) " fcode="getelementptr"/>
<opset="row_bytes_31_addr_1/2 "/>
</bind>
</comp>

<comp id="691" class="1004" name="grp_access_fu_691">
<pin_list>
<pin id="692" dir="0" index="0" bw="6" slack="0"/>
<pin id="693" dir="0" index="1" bw="8" slack="0"/>
<pin id="694" dir="0" index="2" bw="0" slack="0"/>
<pin id="696" dir="0" index="4" bw="6" slack="0"/>
<pin id="697" dir="0" index="5" bw="8" slack="2147483647"/>
<pin id="698" dir="0" index="6" bw="0" slack="2147483647"/>
<pin id="695" dir="1" index="3" bw="8" slack="2147483647"/>
<pin id="699" dir="1" index="7" bw="8" slack="2147483647"/>
</pin_list>
<bind>
<opcode="store(28) " fcode="store"/>
<opset="store_ln28/2 store_ln28/2 "/>
</bind>
</comp>

<comp id="701" class="1004" name="grp_access_fu_701">
<pin_list>
<pin id="702" dir="0" index="0" bw="6" slack="0"/>
<pin id="703" dir="0" index="1" bw="8" slack="0"/>
<pin id="704" dir="0" index="2" bw="0" slack="0"/>
<pin id="706" dir="0" index="4" bw="6" slack="0"/>
<pin id="707" dir="0" index="5" bw="8" slack="2147483647"/>
<pin id="708" dir="0" index="6" bw="0" slack="2147483647"/>
<pin id="705" dir="1" index="3" bw="8" slack="2147483647"/>
<pin id="709" dir="1" index="7" bw="8" slack="2147483647"/>
</pin_list>
<bind>
<opcode="store(28) " fcode="store"/>
<opset="store_ln28/2 store_ln28/2 "/>
</bind>
</comp>

<comp id="711" class="1004" name="grp_access_fu_711">
<pin_list>
<pin id="712" dir="0" index="0" bw="6" slack="0"/>
<pin id="713" dir="0" index="1" bw="8" slack="0"/>
<pin id="714" dir="0" index="2" bw="0" slack="0"/>
<pin id="716" dir="0" index="4" bw="6" slack="0"/>
<pin id="717" dir="0" index="5" bw="8" slack="2147483647"/>
<pin id="718" dir="0" index="6" bw="0" slack="2147483647"/>
<pin id="715" dir="1" index="3" bw="8" slack="2147483647"/>
<pin id="719" dir="1" index="7" bw="8" slack="2147483647"/>
</pin_list>
<bind>
<opcode="store(28) " fcode="store"/>
<opset="store_ln28/2 store_ln28/2 "/>
</bind>
</comp>

<comp id="721" class="1004" name="grp_access_fu_721">
<pin_list>
<pin id="722" dir="0" index="0" bw="6" slack="0"/>
<pin id="723" dir="0" index="1" bw="8" slack="0"/>
<pin id="724" dir="0" index="2" bw="0" slack="0"/>
<pin id="726" dir="0" index="4" bw="6" slack="0"/>
<pin id="727" dir="0" index="5" bw="8" slack="2147483647"/>
<pin id="728" dir="0" index="6" bw="0" slack="2147483647"/>
<pin id="725" dir="1" index="3" bw="8" slack="2147483647"/>
<pin id="729" dir="1" index="7" bw="8" slack="2147483647"/>
</pin_list>
<bind>
<opcode="store(28) " fcode="store"/>
<opset="store_ln28/2 store_ln28/2 "/>
</bind>
</comp>

<comp id="731" class="1004" name="grp_access_fu_731">
<pin_list>
<pin id="732" dir="0" index="0" bw="6" slack="0"/>
<pin id="733" dir="0" index="1" bw="8" slack="0"/>
<pin id="734" dir="0" index="2" bw="0" slack="0"/>
<pin id="736" dir="0" index="4" bw="6" slack="0"/>
<pin id="737" dir="0" index="5" bw="8" slack="2147483647"/>
<pin id="738" dir="0" index="6" bw="0" slack="2147483647"/>
<pin id="735" dir="1" index="3" bw="8" slack="2147483647"/>
<pin id="739" dir="1" index="7" bw="8" slack="2147483647"/>
</pin_list>
<bind>
<opcode="store(28) " fcode="store"/>
<opset="store_ln28/2 store_ln28/2 "/>
</bind>
</comp>

<comp id="741" class="1004" name="grp_access_fu_741">
<pin_list>
<pin id="742" dir="0" index="0" bw="6" slack="0"/>
<pin id="743" dir="0" index="1" bw="8" slack="0"/>
<pin id="744" dir="0" index="2" bw="0" slack="0"/>
<pin id="746" dir="0" index="4" bw="6" slack="0"/>
<pin id="747" dir="0" index="5" bw="8" slack="2147483647"/>
<pin id="748" dir="0" index="6" bw="0" slack="2147483647"/>
<pin id="745" dir="1" index="3" bw="8" slack="2147483647"/>
<pin id="749" dir="1" index="7" bw="8" slack="2147483647"/>
</pin_list>
<bind>
<opcode="store(28) " fcode="store"/>
<opset="store_ln28/2 store_ln28/2 "/>
</bind>
</comp>

<comp id="751" class="1004" name="grp_access_fu_751">
<pin_list>
<pin id="752" dir="0" index="0" bw="6" slack="0"/>
<pin id="753" dir="0" index="1" bw="8" slack="0"/>
<pin id="754" dir="0" index="2" bw="0" slack="0"/>
<pin id="756" dir="0" index="4" bw="6" slack="0"/>
<pin id="757" dir="0" index="5" bw="8" slack="2147483647"/>
<pin id="758" dir="0" index="6" bw="0" slack="2147483647"/>
<pin id="755" dir="1" index="3" bw="8" slack="2147483647"/>
<pin id="759" dir="1" index="7" bw="8" slack="2147483647"/>
</pin_list>
<bind>
<opcode="store(28) " fcode="store"/>
<opset="store_ln28/2 store_ln28/2 "/>
</bind>
</comp>

<comp id="761" class="1004" name="grp_access_fu_761">
<pin_list>
<pin id="762" dir="0" index="0" bw="6" slack="0"/>
<pin id="763" dir="0" index="1" bw="8" slack="0"/>
<pin id="764" dir="0" index="2" bw="0" slack="0"/>
<pin id="766" dir="0" index="4" bw="6" slack="0"/>
<pin id="767" dir="0" index="5" bw="8" slack="2147483647"/>
<pin id="768" dir="0" index="6" bw="0" slack="2147483647"/>
<pin id="765" dir="1" index="3" bw="8" slack="2147483647"/>
<pin id="769" dir="1" index="7" bw="8" slack="2147483647"/>
</pin_list>
<bind>
<opcode="store(28) " fcode="store"/>
<opset="store_ln28/2 store_ln28/2 "/>
</bind>
</comp>

<comp id="771" class="1004" name="grp_access_fu_771">
<pin_list>
<pin id="772" dir="0" index="0" bw="6" slack="0"/>
<pin id="773" dir="0" index="1" bw="8" slack="0"/>
<pin id="774" dir="0" index="2" bw="0" slack="0"/>
<pin id="776" dir="0" index="4" bw="6" slack="0"/>
<pin id="777" dir="0" index="5" bw="8" slack="2147483647"/>
<pin id="778" dir="0" index="6" bw="0" slack="2147483647"/>
<pin id="775" dir="1" index="3" bw="8" slack="2147483647"/>
<pin id="779" dir="1" index="7" bw="8" slack="2147483647"/>
</pin_list>
<bind>
<opcode="store(28) " fcode="store"/>
<opset="store_ln28/2 store_ln28/2 "/>
</bind>
</comp>

<comp id="781" class="1004" name="grp_access_fu_781">
<pin_list>
<pin id="782" dir="0" index="0" bw="6" slack="0"/>
<pin id="783" dir="0" index="1" bw="8" slack="0"/>
<pin id="784" dir="0" index="2" bw="0" slack="0"/>
<pin id="786" dir="0" index="4" bw="6" slack="0"/>
<pin id="787" dir="0" index="5" bw="8" slack="2147483647"/>
<pin id="788" dir="0" index="6" bw="0" slack="2147483647"/>
<pin id="785" dir="1" index="3" bw="8" slack="2147483647"/>
<pin id="789" dir="1" index="7" bw="8" slack="2147483647"/>
</pin_list>
<bind>
<opcode="store(28) " fcode="store"/>
<opset="store_ln28/2 store_ln28/2 "/>
</bind>
</comp>

<comp id="791" class="1004" name="grp_access_fu_791">
<pin_list>
<pin id="792" dir="0" index="0" bw="6" slack="0"/>
<pin id="793" dir="0" index="1" bw="8" slack="0"/>
<pin id="794" dir="0" index="2" bw="0" slack="0"/>
<pin id="796" dir="0" index="4" bw="6" slack="0"/>
<pin id="797" dir="0" index="5" bw="8" slack="2147483647"/>
<pin id="798" dir="0" index="6" bw="0" slack="2147483647"/>
<pin id="795" dir="1" index="3" bw="8" slack="2147483647"/>
<pin id="799" dir="1" index="7" bw="8" slack="2147483647"/>
</pin_list>
<bind>
<opcode="store(28) " fcode="store"/>
<opset="store_ln28/2 store_ln28/2 "/>
</bind>
</comp>

<comp id="801" class="1004" name="grp_access_fu_801">
<pin_list>
<pin id="802" dir="0" index="0" bw="6" slack="0"/>
<pin id="803" dir="0" index="1" bw="8" slack="0"/>
<pin id="804" dir="0" index="2" bw="0" slack="0"/>
<pin id="806" dir="0" index="4" bw="6" slack="0"/>
<pin id="807" dir="0" index="5" bw="8" slack="2147483647"/>
<pin id="808" dir="0" index="6" bw="0" slack="2147483647"/>
<pin id="805" dir="1" index="3" bw="8" slack="2147483647"/>
<pin id="809" dir="1" index="7" bw="8" slack="2147483647"/>
</pin_list>
<bind>
<opcode="store(28) " fcode="store"/>
<opset="store_ln28/2 store_ln28/2 "/>
</bind>
</comp>

<comp id="811" class="1004" name="grp_access_fu_811">
<pin_list>
<pin id="812" dir="0" index="0" bw="6" slack="0"/>
<pin id="813" dir="0" index="1" bw="8" slack="0"/>
<pin id="814" dir="0" index="2" bw="0" slack="0"/>
<pin id="816" dir="0" index="4" bw="6" slack="0"/>
<pin id="817" dir="0" index="5" bw="8" slack="2147483647"/>
<pin id="818" dir="0" index="6" bw="0" slack="2147483647"/>
<pin id="815" dir="1" index="3" bw="8" slack="2147483647"/>
<pin id="819" dir="1" index="7" bw="8" slack="2147483647"/>
</pin_list>
<bind>
<opcode="store(28) " fcode="store"/>
<opset="store_ln28/2 store_ln28/2 "/>
</bind>
</comp>

<comp id="821" class="1004" name="grp_access_fu_821">
<pin_list>
<pin id="822" dir="0" index="0" bw="6" slack="0"/>
<pin id="823" dir="0" index="1" bw="8" slack="0"/>
<pin id="824" dir="0" index="2" bw="0" slack="0"/>
<pin id="826" dir="0" index="4" bw="6" slack="0"/>
<pin id="827" dir="0" index="5" bw="8" slack="2147483647"/>
<pin id="828" dir="0" index="6" bw="0" slack="2147483647"/>
<pin id="825" dir="1" index="3" bw="8" slack="2147483647"/>
<pin id="829" dir="1" index="7" bw="8" slack="2147483647"/>
</pin_list>
<bind>
<opcode="store(28) " fcode="store"/>
<opset="store_ln28/2 store_ln28/2 "/>
</bind>
</comp>

<comp id="831" class="1004" name="grp_access_fu_831">
<pin_list>
<pin id="832" dir="0" index="0" bw="6" slack="0"/>
<pin id="833" dir="0" index="1" bw="8" slack="0"/>
<pin id="834" dir="0" index="2" bw="0" slack="0"/>
<pin id="836" dir="0" index="4" bw="6" slack="0"/>
<pin id="837" dir="0" index="5" bw="8" slack="2147483647"/>
<pin id="838" dir="0" index="6" bw="0" slack="2147483647"/>
<pin id="835" dir="1" index="3" bw="8" slack="2147483647"/>
<pin id="839" dir="1" index="7" bw="8" slack="2147483647"/>
</pin_list>
<bind>
<opcode="store(28) " fcode="store"/>
<opset="store_ln28/2 store_ln28/2 "/>
</bind>
</comp>

<comp id="841" class="1004" name="grp_access_fu_841">
<pin_list>
<pin id="842" dir="0" index="0" bw="6" slack="0"/>
<pin id="843" dir="0" index="1" bw="8" slack="0"/>
<pin id="844" dir="0" index="2" bw="0" slack="0"/>
<pin id="846" dir="0" index="4" bw="6" slack="0"/>
<pin id="847" dir="0" index="5" bw="8" slack="2147483647"/>
<pin id="848" dir="0" index="6" bw="0" slack="2147483647"/>
<pin id="845" dir="1" index="3" bw="8" slack="2147483647"/>
<pin id="849" dir="1" index="7" bw="8" slack="2147483647"/>
</pin_list>
<bind>
<opcode="store(28) " fcode="store"/>
<opset="store_ln28/2 store_ln28/2 "/>
</bind>
</comp>

<comp id="851" class="1004" name="grp_access_fu_851">
<pin_list>
<pin id="852" dir="0" index="0" bw="6" slack="0"/>
<pin id="853" dir="0" index="1" bw="8" slack="0"/>
<pin id="854" dir="0" index="2" bw="0" slack="0"/>
<pin id="856" dir="0" index="4" bw="6" slack="0"/>
<pin id="857" dir="0" index="5" bw="8" slack="2147483647"/>
<pin id="858" dir="0" index="6" bw="0" slack="2147483647"/>
<pin id="855" dir="1" index="3" bw="8" slack="2147483647"/>
<pin id="859" dir="1" index="7" bw="8" slack="2147483647"/>
</pin_list>
<bind>
<opcode="store(28) " fcode="store"/>
<opset="store_ln28/2 store_ln28/2 "/>
</bind>
</comp>

<comp id="861" class="1004" name="grp_access_fu_861">
<pin_list>
<pin id="862" dir="0" index="0" bw="6" slack="0"/>
<pin id="863" dir="0" index="1" bw="8" slack="0"/>
<pin id="864" dir="0" index="2" bw="0" slack="0"/>
<pin id="866" dir="0" index="4" bw="6" slack="0"/>
<pin id="867" dir="0" index="5" bw="8" slack="2147483647"/>
<pin id="868" dir="0" index="6" bw="0" slack="2147483647"/>
<pin id="865" dir="1" index="3" bw="8" slack="2147483647"/>
<pin id="869" dir="1" index="7" bw="8" slack="2147483647"/>
</pin_list>
<bind>
<opcode="store(28) " fcode="store"/>
<opset="store_ln28/2 store_ln28/2 "/>
</bind>
</comp>

<comp id="871" class="1004" name="grp_access_fu_871">
<pin_list>
<pin id="872" dir="0" index="0" bw="6" slack="0"/>
<pin id="873" dir="0" index="1" bw="8" slack="0"/>
<pin id="874" dir="0" index="2" bw="0" slack="0"/>
<pin id="876" dir="0" index="4" bw="6" slack="0"/>
<pin id="877" dir="0" index="5" bw="8" slack="2147483647"/>
<pin id="878" dir="0" index="6" bw="0" slack="2147483647"/>
<pin id="875" dir="1" index="3" bw="8" slack="2147483647"/>
<pin id="879" dir="1" index="7" bw="8" slack="2147483647"/>
</pin_list>
<bind>
<opcode="store(28) " fcode="store"/>
<opset="store_ln28/2 store_ln28/2 "/>
</bind>
</comp>

<comp id="881" class="1004" name="grp_access_fu_881">
<pin_list>
<pin id="882" dir="0" index="0" bw="6" slack="0"/>
<pin id="883" dir="0" index="1" bw="8" slack="0"/>
<pin id="884" dir="0" index="2" bw="0" slack="0"/>
<pin id="886" dir="0" index="4" bw="6" slack="0"/>
<pin id="887" dir="0" index="5" bw="8" slack="2147483647"/>
<pin id="888" dir="0" index="6" bw="0" slack="2147483647"/>
<pin id="885" dir="1" index="3" bw="8" slack="2147483647"/>
<pin id="889" dir="1" index="7" bw="8" slack="2147483647"/>
</pin_list>
<bind>
<opcode="store(28) " fcode="store"/>
<opset="store_ln28/2 store_ln28/2 "/>
</bind>
</comp>

<comp id="891" class="1004" name="grp_access_fu_891">
<pin_list>
<pin id="892" dir="0" index="0" bw="6" slack="0"/>
<pin id="893" dir="0" index="1" bw="8" slack="0"/>
<pin id="894" dir="0" index="2" bw="0" slack="0"/>
<pin id="896" dir="0" index="4" bw="6" slack="0"/>
<pin id="897" dir="0" index="5" bw="8" slack="2147483647"/>
<pin id="898" dir="0" index="6" bw="0" slack="2147483647"/>
<pin id="895" dir="1" index="3" bw="8" slack="2147483647"/>
<pin id="899" dir="1" index="7" bw="8" slack="2147483647"/>
</pin_list>
<bind>
<opcode="store(28) " fcode="store"/>
<opset="store_ln28/2 store_ln28/2 "/>
</bind>
</comp>

<comp id="901" class="1004" name="grp_access_fu_901">
<pin_list>
<pin id="902" dir="0" index="0" bw="6" slack="0"/>
<pin id="903" dir="0" index="1" bw="8" slack="0"/>
<pin id="904" dir="0" index="2" bw="0" slack="0"/>
<pin id="906" dir="0" index="4" bw="6" slack="0"/>
<pin id="907" dir="0" index="5" bw="8" slack="2147483647"/>
<pin id="908" dir="0" index="6" bw="0" slack="2147483647"/>
<pin id="905" dir="1" index="3" bw="8" slack="2147483647"/>
<pin id="909" dir="1" index="7" bw="8" slack="2147483647"/>
</pin_list>
<bind>
<opcode="store(28) " fcode="store"/>
<opset="store_ln28/2 store_ln28/2 "/>
</bind>
</comp>

<comp id="911" class="1004" name="grp_access_fu_911">
<pin_list>
<pin id="912" dir="0" index="0" bw="6" slack="0"/>
<pin id="913" dir="0" index="1" bw="8" slack="0"/>
<pin id="914" dir="0" index="2" bw="0" slack="0"/>
<pin id="916" dir="0" index="4" bw="6" slack="0"/>
<pin id="917" dir="0" index="5" bw="8" slack="2147483647"/>
<pin id="918" dir="0" index="6" bw="0" slack="2147483647"/>
<pin id="915" dir="1" index="3" bw="8" slack="2147483647"/>
<pin id="919" dir="1" index="7" bw="8" slack="2147483647"/>
</pin_list>
<bind>
<opcode="store(28) " fcode="store"/>
<opset="store_ln28/2 store_ln28/2 "/>
</bind>
</comp>

<comp id="921" class="1004" name="grp_access_fu_921">
<pin_list>
<pin id="922" dir="0" index="0" bw="6" slack="0"/>
<pin id="923" dir="0" index="1" bw="8" slack="0"/>
<pin id="924" dir="0" index="2" bw="0" slack="0"/>
<pin id="926" dir="0" index="4" bw="6" slack="0"/>
<pin id="927" dir="0" index="5" bw="8" slack="2147483647"/>
<pin id="928" dir="0" index="6" bw="0" slack="2147483647"/>
<pin id="925" dir="1" index="3" bw="8" slack="2147483647"/>
<pin id="929" dir="1" index="7" bw="8" slack="2147483647"/>
</pin_list>
<bind>
<opcode="store(28) " fcode="store"/>
<opset="store_ln28/2 store_ln28/2 "/>
</bind>
</comp>

<comp id="931" class="1004" name="grp_access_fu_931">
<pin_list>
<pin id="932" dir="0" index="0" bw="6" slack="0"/>
<pin id="933" dir="0" index="1" bw="8" slack="0"/>
<pin id="934" dir="0" index="2" bw="0" slack="0"/>
<pin id="936" dir="0" index="4" bw="6" slack="0"/>
<pin id="937" dir="0" index="5" bw="8" slack="2147483647"/>
<pin id="938" dir="0" index="6" bw="0" slack="2147483647"/>
<pin id="935" dir="1" index="3" bw="8" slack="2147483647"/>
<pin id="939" dir="1" index="7" bw="8" slack="2147483647"/>
</pin_list>
<bind>
<opcode="store(28) " fcode="store"/>
<opset="store_ln28/2 store_ln28/2 "/>
</bind>
</comp>

<comp id="941" class="1004" name="grp_access_fu_941">
<pin_list>
<pin id="942" dir="0" index="0" bw="6" slack="0"/>
<pin id="943" dir="0" index="1" bw="8" slack="0"/>
<pin id="944" dir="0" index="2" bw="0" slack="0"/>
<pin id="946" dir="0" index="4" bw="6" slack="0"/>
<pin id="947" dir="0" index="5" bw="8" slack="2147483647"/>
<pin id="948" dir="0" index="6" bw="0" slack="2147483647"/>
<pin id="945" dir="1" index="3" bw="8" slack="2147483647"/>
<pin id="949" dir="1" index="7" bw="8" slack="2147483647"/>
</pin_list>
<bind>
<opcode="store(28) " fcode="store"/>
<opset="store_ln28/2 store_ln28/2 "/>
</bind>
</comp>

<comp id="951" class="1004" name="grp_access_fu_951">
<pin_list>
<pin id="952" dir="0" index="0" bw="6" slack="0"/>
<pin id="953" dir="0" index="1" bw="8" slack="0"/>
<pin id="954" dir="0" index="2" bw="0" slack="0"/>
<pin id="956" dir="0" index="4" bw="6" slack="0"/>
<pin id="957" dir="0" index="5" bw="8" slack="2147483647"/>
<pin id="958" dir="0" index="6" bw="0" slack="2147483647"/>
<pin id="955" dir="1" index="3" bw="8" slack="2147483647"/>
<pin id="959" dir="1" index="7" bw="8" slack="2147483647"/>
</pin_list>
<bind>
<opcode="store(28) " fcode="store"/>
<opset="store_ln28/2 store_ln28/2 "/>
</bind>
</comp>

<comp id="961" class="1004" name="grp_access_fu_961">
<pin_list>
<pin id="962" dir="0" index="0" bw="6" slack="0"/>
<pin id="963" dir="0" index="1" bw="8" slack="0"/>
<pin id="964" dir="0" index="2" bw="0" slack="0"/>
<pin id="966" dir="0" index="4" bw="6" slack="0"/>
<pin id="967" dir="0" index="5" bw="8" slack="2147483647"/>
<pin id="968" dir="0" index="6" bw="0" slack="2147483647"/>
<pin id="965" dir="1" index="3" bw="8" slack="2147483647"/>
<pin id="969" dir="1" index="7" bw="8" slack="2147483647"/>
</pin_list>
<bind>
<opcode="store(28) " fcode="store"/>
<opset="store_ln28/2 store_ln28/2 "/>
</bind>
</comp>

<comp id="971" class="1004" name="grp_access_fu_971">
<pin_list>
<pin id="972" dir="0" index="0" bw="6" slack="0"/>
<pin id="973" dir="0" index="1" bw="8" slack="0"/>
<pin id="974" dir="0" index="2" bw="0" slack="0"/>
<pin id="976" dir="0" index="4" bw="6" slack="0"/>
<pin id="977" dir="0" index="5" bw="8" slack="2147483647"/>
<pin id="978" dir="0" index="6" bw="0" slack="2147483647"/>
<pin id="975" dir="1" index="3" bw="8" slack="2147483647"/>
<pin id="979" dir="1" index="7" bw="8" slack="2147483647"/>
</pin_list>
<bind>
<opcode="store(28) " fcode="store"/>
<opset="store_ln28/2 store_ln28/2 "/>
</bind>
</comp>

<comp id="981" class="1004" name="grp_access_fu_981">
<pin_list>
<pin id="982" dir="0" index="0" bw="6" slack="0"/>
<pin id="983" dir="0" index="1" bw="8" slack="0"/>
<pin id="984" dir="0" index="2" bw="0" slack="0"/>
<pin id="986" dir="0" index="4" bw="6" slack="0"/>
<pin id="987" dir="0" index="5" bw="8" slack="2147483647"/>
<pin id="988" dir="0" index="6" bw="0" slack="2147483647"/>
<pin id="985" dir="1" index="3" bw="8" slack="2147483647"/>
<pin id="989" dir="1" index="7" bw="8" slack="2147483647"/>
</pin_list>
<bind>
<opcode="store(28) " fcode="store"/>
<opset="store_ln28/2 store_ln28/2 "/>
</bind>
</comp>

<comp id="991" class="1004" name="grp_access_fu_991">
<pin_list>
<pin id="992" dir="0" index="0" bw="6" slack="0"/>
<pin id="993" dir="0" index="1" bw="8" slack="0"/>
<pin id="994" dir="0" index="2" bw="0" slack="0"/>
<pin id="996" dir="0" index="4" bw="6" slack="0"/>
<pin id="997" dir="0" index="5" bw="8" slack="2147483647"/>
<pin id="998" dir="0" index="6" bw="0" slack="2147483647"/>
<pin id="995" dir="1" index="3" bw="8" slack="2147483647"/>
<pin id="999" dir="1" index="7" bw="8" slack="2147483647"/>
</pin_list>
<bind>
<opcode="store(28) " fcode="store"/>
<opset="store_ln28/2 store_ln28/2 "/>
</bind>
</comp>

<comp id="1001" class="1004" name="grp_access_fu_1001">
<pin_list>
<pin id="1002" dir="0" index="0" bw="6" slack="0"/>
<pin id="1003" dir="0" index="1" bw="8" slack="0"/>
<pin id="1004" dir="0" index="2" bw="0" slack="0"/>
<pin id="1006" dir="0" index="4" bw="6" slack="0"/>
<pin id="1007" dir="0" index="5" bw="8" slack="2147483647"/>
<pin id="1008" dir="0" index="6" bw="0" slack="2147483647"/>
<pin id="1005" dir="1" index="3" bw="8" slack="2147483647"/>
<pin id="1009" dir="1" index="7" bw="8" slack="2147483647"/>
</pin_list>
<bind>
<opcode="store(28) " fcode="store"/>
<opset="store_ln28/2 store_ln28/2 "/>
</bind>
</comp>

<comp id="1043" class="1004" name="store_ln24_store_fu_1043">
<pin_list>
<pin id="1044" dir="0" index="0" bw="1" slack="0"/>
<pin id="1045" dir="0" index="1" bw="5" slack="0"/>
<pin id="1046" dir="1" index="2" bw="0" slack="2147483647"/>
</pin_list>
<bind>
<opcode="store(28) " fcode="store"/>
<opset="store_ln24/1 "/>
</bind>
</comp>

<comp id="1048" class="1004" name="w_1_load_fu_1048">
<pin_list>
<pin id="1049" dir="0" index="0" bw="5" slack="0"/>
<pin id="1050" dir="1" index="1" bw="5" slack="0"/>
</pin_list>
<bind>
<opcode="load(27) " fcode="load"/>
<opset="w_1/1 "/>
</bind>
</comp>

<comp id="1051" class="1004" name="icmp_ln24_fu_1051">
<pin_list>
<pin id="1052" dir="0" index="0" bw="5" slack="0"/>
<pin id="1053" dir="0" index="1" bw="2" slack="0"/>
<pin id="1054" dir="1" index="2" bw="1" slack="2147483647"/>
</pin_list>
<bind>
<opcode="icmp(45) " fcode="icmp"/>
<opset="icmp_ln24/1 "/>
</bind>
</comp>

<comp id="1057" class="1004" name="add_ln24_fu_1057">
<pin_list>
<pin id="1058" dir="0" index="0" bw="5" slack="0"/>
<pin id="1059" dir="0" index="1" bw="1" slack="0"/>
<pin id="1060" dir="1" index="2" bw="5" slack="0"/>
</pin_list>
<bind>
<opcode="add(8) " fcode="add"/>
<opset="add_ln24/1 "/>
</bind>
</comp>

<comp id="1063" class="1004" name="zext_ln24_fu_1063">
<pin_list>
<pin id="1064" dir="0" index="0" bw="5" slack="0"/>
<pin id="1065" dir="1" index="1" bw="64" slack="0"/>
</pin_list>
<bind>
<opcode="zext(34) " fcode="zext"/>
<opset="zext_ln24/1 "/>
</bind>
</comp>

<comp id="1068" class="1004" name="store_ln24_store_fu_1068">
<pin_list>
<pin id="1069" dir="0" index="0" bw="5" slack="0"/>
<pin id="1070" dir="0" index="1" bw="5" slack="0"/>
<pin id="1071" dir="1" index="2" bw="0" slack="2147483647"/>
</pin_list>
<bind>
<opcode="store(28) " fcode="store"/>
<opset="store_ln24/1 "/>
</bind>
</comp>

<comp id="1073" class="1004" name="shl_ln_fu_1073">
<pin_list>
<pin id="1074" dir="0" index="0" bw="6" slack="0"/>
<pin id="1075" dir="0" index="1" bw="5" slack="1"/>
<pin id="1076" dir="0" index="2" bw="1" slack="0"/>
<pin id="1077" dir="1" index="3" bw="6" slack="0"/>
</pin_list>
<bind>
<opcode="bitconcatenate(1004) " fcode="bitconcatenate"/>
<opset="shl_ln/2 "/>
</bind>
</comp>

<comp id="1080" class="1004" name="zext_ln28_fu_1080">
<pin_list>
<pin id="1081" dir="0" index="0" bw="6" slack="0"/>
<pin id="1082" dir="1" index="1" bw="64" slack="0"/>
</pin_list>
<bind>
<opcode="zext(34) " fcode="zext"/>
<opset="zext_ln28/2 "/>
</bind>
</comp>

<comp id="1116" class="1004" name="trunc_ln28_fu_1116">
<pin_list>
<pin id="1117" dir="0" index="0" bw="512" slack="0"/>
<pin id="1118" dir="1" index="1" bw="8" slack="0"/>
</pin_list>
<bind>
<opcode="trunc(33) " fcode="trunc"/>
<opset="trunc_ln28/2 "/>
</bind>
</comp>

<comp id="1121" class="1004" name="tmp_s_fu_1121">
<pin_list>
<pin id="1122" dir="0" index="0" bw="8" slack="0"/>
<pin id="1123" dir="0" index="1" bw="512" slack="0"/>
<pin id="1124" dir="0" index="2" bw="5" slack="0"/>
<pin id="1125" dir="1" index="3" bw="8" slack="0"/>
</pin_list>
<bind>
<opcode="partselect(1002) " fcode="partselect"/>
<opset="tmp_s/2 "/>
</bind>
</comp>

<comp id="1130" class="1004" name="tmp_40_fu_1130">
<pin_list>
<pin id="1131" dir="0" index="0" bw="8" slack="0"/>
<pin id="1132" dir="0" index="1" bw="512" slack="0"/>
<pin id="1133" dir="0" index="2" bw="6" slack="0"/>
<pin id="1134" dir="1" index="3" bw="8" slack="0"/>
</pin_list>
<bind>
<opcode="partselect(1002) " fcode="partselect"/>
<opset="tmp_40/2 "/>
</bind>
</comp>

<comp id="1139" class="1004" name="tmp_41_fu_1139">
<pin_list>
<pin id="1140" dir="0" index="0" bw="8" slack="0"/>
<pin id="1141" dir="0" index="1" bw="512" slack="0"/>
<pin id="1142" dir="0" index="2" bw="6" slack="0"/>
<pin id="1143" dir="1" index="3" bw="8" slack="0"/>
</pin_list>
<bind>
<opcode="partselect(1002) " fcode="partselect"/>
<opset="tmp_41/2 "/>
</bind>
</comp>

<comp id="1148" class="1004" name="tmp_42_fu_1148">
<pin_list>
<pin id="1149" dir="0" index="0" bw="8" slack="0"/>
<pin id="1150" dir="0" index="1" bw="512" slack="0"/>
<pin id="1151" dir="0" index="2" bw="7" slack="0"/>
<pin id="1152" dir="1" index="3" bw="8" slack="0"/>
</pin_list>
<bind>
<opcode="partselect(1002) " fcode="partselect"/>
<opset="tmp_42/2 "/>
</bind>
</comp>

<comp id="1157" class="1004" name="tmp_43_fu_1157">
<pin_list>
<pin id="1158" dir="0" index="0" bw="8" slack="0"/>
<pin id="1159" dir="0" index="1" bw="512" slack="0"/>
<pin id="1160" dir="0" index="2" bw="7" slack="0"/>
<pin id="1161" dir="1" index="3" bw="8" slack="0"/>
</pin_list>
<bind>
<opcode="partselect(1002) " fcode="partselect"/>
<opset="tmp_43/2 "/>
</bind>
</comp>

<comp id="1166" class="1004" name="tmp_44_fu_1166">
<pin_list>
<pin id="1167" dir="0" index="0" bw="8" slack="0"/>
<pin id="1168" dir="0" index="1" bw="512" slack="0"/>
<pin id="1169" dir="0" index="2" bw="7" slack="0"/>
<pin id="1170" dir="1" index="3" bw="8" slack="0"/>
</pin_list>
<bind>
<opcode="partselect(1002) " fcode="partselect"/>
<opset="tmp_44/2 "/>
</bind>
</comp>

<comp id="1175" class="1004" name="tmp_45_fu_1175">
<pin_list>
<pin id="1176" dir="0" index="0" bw="8" slack="0"/>
<pin id="1177" dir="0" index="1" bw="512" slack="0"/>
<pin id="1178" dir="0" index="2" bw="7" slack="0"/>
<pin id="1179" dir="1" index="3" bw="8" slack="0"/>
</pin_list>
<bind>
<opcode="partselect(1002) " fcode="partselect"/>
<opset="tmp_45/2 "/>
</bind>
</comp>

<comp id="1184" class="1004" name="tmp_46_fu_1184">
<pin_list>
<pin id="1185" dir="0" index="0" bw="8" slack="0"/>
<pin id="1186" dir="0" index="1" bw="512" slack="0"/>
<pin id="1187" dir="0" index="2" bw="8" slack="0"/>
<pin id="1188" dir="1" index="3" bw="8" slack="0"/>
</pin_list>
<bind>
<opcode="partselect(1002) " fcode="partselect"/>
<opset="tmp_46/2 "/>
</bind>
</comp>

<comp id="1193" class="1004" name="tmp_47_fu_1193">
<pin_list>
<pin id="1194" dir="0" index="0" bw="8" slack="0"/>
<pin id="1195" dir="0" index="1" bw="512" slack="0"/>
<pin id="1196" dir="0" index="2" bw="8" slack="0"/>
<pin id="1197" dir="1" index="3" bw="8" slack="0"/>
</pin_list>
<bind>
<opcode="partselect(1002) " fcode="partselect"/>
<opset="tmp_47/2 "/>
</bind>
</comp>

<comp id="1202" class="1004" name="tmp_48_fu_1202">
<pin_list>
<pin id="1203" dir="0" index="0" bw="8" slack="0"/>
<pin id="1204" dir="0" index="1" bw="512" slack="0"/>
<pin id="1205" dir="0" index="2" bw="8" slack="0"/>
<pin id="1206" dir="1" index="3" bw="8" slack="0"/>
</pin_list>
<bind>
<opcode="partselect(1002) " fcode="partselect"/>
<opset="tmp_48/2 "/>
</bind>
</comp>

<comp id="1211" class="1004" name="tmp_49_fu_1211">
<pin_list>
<pin id="1212" dir="0" index="0" bw="8" slack="0"/>
<pin id="1213" dir="0" index="1" bw="512" slack="0"/>
<pin id="1214" dir="0" index="2" bw="8" slack="0"/>
<pin id="1215" dir="1" index="3" bw="8" slack="0"/>
</pin_list>
<bind>
<opcode="partselect(1002) " fcode="partselect"/>
<opset="tmp_49/2 "/>
</bind>
</comp>

<comp id="1220" class="1004" name="tmp_50_fu_1220">
<pin_list>
<pin id="1221" dir="0" index="0" bw="8" slack="0"/>
<pin id="1222" dir="0" index="1" bw="512" slack="0"/>
<pin id="1223" dir="0" index="2" bw="8" slack="0"/>
<pin id="1224" dir="1" index="3" bw="8" slack="0"/>
</pin_list>
<bind>
<opcode="partselect(1002) " fcode="partselect"/>
<opset="tmp_50/2 "/>
</bind>
</comp>

<comp id="1229" class="1004" name="tmp_51_fu_1229">
<pin_list>
<pin id="1230" dir="0" index="0" bw="8" slack="0"/>
<pin id="1231" dir="0" index="1" bw="512" slack="0"/>
<pin id="1232" dir="0" index="2" bw="8" slack="0"/>
<pin id="1233" dir="1" index="3" bw="8" slack="0"/>
</pin_list>
<bind>
<opcode="partselect(1002) " fcode="partselect"/>
<opset="tmp_51/2 "/>
</bind>
</comp>

<comp id="1238" class="1004" name="tmp_52_fu_1238">
<pin_list>
<pin id="1239" dir="0" index="0" bw="8" slack="0"/>
<pin id="1240" dir="0" index="1" bw="512" slack="0"/>
<pin id="1241" dir="0" index="2" bw="8" slack="0"/>
<pin id="1242" dir="1" index="3" bw="8" slack="0"/>
</pin_list>
<bind>
<opcode="partselect(1002) " fcode="partselect"/>
<opset="tmp_52/2 "/>
</bind>
</comp>

<comp id="1247" class="1004" name="tmp_53_fu_1247">
<pin_list>
<pin id="1248" dir="0" index="0" bw="8" slack="0"/>
<pin id="1249" dir="0" index="1" bw="512" slack="0"/>
<pin id="1250" dir="0" index="2" bw="8" slack="0"/>
<pin id="1251" dir="1" index="3" bw="8" slack="0"/>
</pin_list>
<bind>
<opcode="partselect(1002) " fcode="partselect"/>
<opset="tmp_53/2 "/>
</bind>
</comp>

<comp id="1256" class="1004" name="tmp_54_fu_1256">
<pin_list>
<pin id="1257" dir="0" index="0" bw="8" slack="0"/>
<pin id="1258" dir="0" index="1" bw="512" slack="0"/>
<pin id="1259" dir="0" index="2" bw="9" slack="0"/>
<pin id="1260" dir="1" index="3" bw="8" slack="0"/>
</pin_list>
<bind>
<opcode="partselect(1002) " fcode="partselect"/>
<opset="tmp_54/2 "/>
</bind>
</comp>

<comp id="1265" class="1004" name="tmp_55_fu_1265">
<pin_list>
<pin id="1266" dir="0" index="0" bw="8" slack="0"/>
<pin id="1267" dir="0" index="1" bw="512" slack="0"/>
<pin id="1268" dir="0" index="2" bw="9" slack="0"/>
<pin id="1269" dir="1" index="3" bw="8" slack="0"/>
</pin_list>
<bind>
<opcode="partselect(1002) " fcode="partselect"/>
<opset="tmp_55/2 "/>
</bind>
</comp>

<comp id="1274" class="1004" name="tmp_56_fu_1274">
<pin_list>
<pin id="1275" dir="0" index="0" bw="8" slack="0"/>
<pin id="1276" dir="0" index="1" bw="512" slack="0"/>
<pin id="1277" dir="0" index="2" bw="9" slack="0"/>
<pin id="1278" dir="1" index="3" bw="8" slack="0"/>
</pin_list>
<bind>
<opcode="partselect(1002) " fcode="partselect"/>
<opset="tmp_56/2 "/>
</bind>
</comp>

<comp id="1283" class="1004" name="tmp_57_fu_1283">
<pin_list>
<pin id="1284" dir="0" index="0" bw="8" slack="0"/>
<pin id="1285" dir="0" index="1" bw="512" slack="0"/>
<pin id="1286" dir="0" index="2" bw="9" slack="0"/>
<pin id="1287" dir="1" index="3" bw="8" slack="0"/>
</pin_list>
<bind>
<opcode="partselect(1002) " fcode="partselect"/>
<opset="tmp_57/2 "/>
</bind>
</comp>

<comp id="1292" class="1004" name="tmp_58_fu_1292">
<pin_list>
<pin id="1293" dir="0" index="0" bw="8" slack="0"/>
<pin id="1294" dir="0" index="1" bw="512" slack="0"/>
<pin id="1295" dir="0" index="2" bw="9" slack="0"/>
<pin id="1296" dir="1" index="3" bw="8" slack="0"/>
</pin_list>
<bind>
<opcode="partselect(1002) " fcode="partselect"/>
<opset="tmp_58/2 "/>
</bind>
</comp>

<comp id="1301" class="1004" name="tmp_59_fu_1301">
<pin_list>
<pin id="1302" dir="0" index="0" bw="8" slack="0"/>
<pin id="1303" dir="0" index="1" bw="512" slack="0"/>
<pin id="1304" dir="0" index="2" bw="9" slack="0"/>
<pin id="1305" dir="1" index="3" bw="8" slack="0"/>
</pin_list>
<bind>
<opcode="partselect(1002) " fcode="partselect"/>
<opset="tmp_59/2 "/>
</bind>
</comp>

<comp id="1310" class="1004" name="tmp_60_fu_1310">
<pin_list>
<pin id="1311" dir="0" index="0" bw="8" slack="0"/>
<pin id="1312" dir="0" index="1" bw="512" slack="0"/>
<pin id="1313" dir="0" index="2" bw="9" slack="0"/>
<pin id="1314" dir="1" index="3" bw="8" slack="0"/>
</pin_list>
<bind>
<opcode="partselect(1002) " fcode="partselect"/>
<opset="tmp_60/2 "/>
</bind>
</comp>

<comp id="1319" class="1004" name="tmp_61_fu_1319">
<pin_list>
<pin id="1320" dir="0" index="0" bw="8" slack="0"/>
<pin id="1321" dir="0" index="1" bw="512" slack="0"/>
<pin id="1322" dir="0" index="2" bw="9" slack="0"/>
<pin id="1323" dir="1" index="3" bw="8" slack="0"/>
</pin_list>
<bind>
<opcode="partselect(1002) " fcode="partselect"/>
<opset="tmp_61/2 "/>
</bind>
</comp>

<comp id="1328" class="1004" name="tmp_62_fu_1328">
<pin_list>
<pin id="1329" dir="0" index="0" bw="8" slack="0"/>
<pin id="1330" dir="0" index="1" bw="512" slack="0"/>
<pin id="1331" dir="0" index="2" bw="9" slack="0"/>
<pin id="1332" dir="1" index="3" bw="8" slack="0"/>
</pin_list>
<bind>
<opcode="partselect(1002) " fcode="partselect"/>
<opset="tmp_62/2 "/>
</bind>
</comp>

<comp id="1337" class="1004" name="tmp_63_fu_1337">
<pin_list>
<pin id="1338" dir="0" index="0" bw="8" slack="0"/>
<pin id="1339" dir="0" index="1" bw="512" slack="0"/>
<pin id="1340" dir="0" index="2" bw="9" slack="0"/>
<pin id="1341" dir="1" index="3" bw="8" slack="0"/>
</pin_list>
<bind>
<opcode="partselect(1002) " fcode="partselect"/>
<opset="tmp_63/2 "/>
</bind>
</comp>

<comp id="1346" class="1004" name="tmp_64_fu_1346">
<pin_list>
<pin id="1347" dir="0" index="0" bw="8" slack="0"/>
<pin id="1348" dir="0" index="1" bw="512" slack="0"/>
<pin id="1349" dir="0" index="2" bw="9" slack="0"/>
<pin id="1350" dir="1" index="3" bw="8" slack="0"/>
</pin_list>
<bind>
<opcode="partselect(1002) " fcode="partselect"/>
<opset="tmp_64/2 "/>
</bind>
</comp>

<comp id="1355" class="1004" name="tmp_65_fu_1355">
<pin_list>
<pin id="1356" dir="0" index="0" bw="8" slack="0"/>
<pin id="1357" dir="0" index="1" bw="512" slack="0"/>
<pin id="1358" dir="0" index="2" bw="9" slack="0"/>
<pin id="1359" dir="1" index="3" bw="8" slack="0"/>
</pin_list>
<bind>
<opcode="partselect(1002) " fcode="partselect"/>
<opset="tmp_65/2 "/>
</bind>
</comp>

<comp id="1364" class="1004" name="tmp_66_fu_1364">
<pin_list>
<pin id="1365" dir="0" index="0" bw="8" slack="0"/>
<pin id="1366" dir="0" index="1" bw="512" slack="0"/>
<pin id="1367" dir="0" index="2" bw="9" slack="0"/>
<pin id="1368" dir="1" index="3" bw="8" slack="0"/>
</pin_list>
<bind>
<opcode="partselect(1002) " fcode="partselect"/>
<opset="tmp_66/2 "/>
</bind>
</comp>

<comp id="1373" class="1004" name="tmp_67_fu_1373">
<pin_list>
<pin id="1374" dir="0" index="0" bw="8" slack="0"/>
<pin id="1375" dir="0" index="1" bw="512" slack="0"/>
<pin id="1376" dir="0" index="2" bw="9" slack="0"/>
<pin id="1377" dir="1" index="3" bw="8" slack="0"/>
</pin_list>
<bind>
<opcode="partselect(1002) " fcode="partselect"/>
<opset="tmp_67/2 "/>
</bind>
</comp>

<comp id="1382" class="1004" name="tmp_68_fu_1382">
<pin_list>
<pin id="1383" dir="0" index="0" bw="8" slack="0"/>
<pin id="1384" dir="0" index="1" bw="512" slack="0"/>
<pin id="1385" dir="0" index="2" bw="9" slack="0"/>
<pin id="1386" dir="1" index="3" bw="8" slack="0"/>
</pin_list>
<bind>
<opcode="partselect(1002) " fcode="partselect"/>
<opset="tmp_68/2 "/>
</bind>
</comp>

<comp id="1391" class="1004" name="tmp_69_fu_1391">
<pin_list>
<pin id="1392" dir="0" index="0" bw="8" slack="0"/>
<pin id="1393" dir="0" index="1" bw="512" slack="0"/>
<pin id="1394" dir="0" index="2" bw="9" slack="0"/>
<pin id="1395" dir="1" index="3" bw="8" slack="0"/>
</pin_list>
<bind>
<opcode="partselect(1002) " fcode="partselect"/>
<opset="tmp_69/2 "/>
</bind>
</comp>

<comp id="1400" class="1004" name="tmp_70_fu_1400">
<pin_list>
<pin id="1401" dir="0" index="0" bw="8" slack="0"/>
<pin id="1402" dir="0" index="1" bw="512" slack="0"/>
<pin id="1403" dir="0" index="2" bw="10" slack="0"/>
<pin id="1404" dir="1" index="3" bw="8" slack="0"/>
</pin_list>
<bind>
<opcode="partselect(1002) " fcode="partselect"/>
<opset="tmp_70/2 "/>
</bind>
</comp>

<comp id="1409" class="1004" name="or_ln_fu_1409">
<pin_list>
<pin id="1410" dir="0" index="0" bw="6" slack="0"/>
<pin id="1411" dir="0" index="1" bw="5" slack="1"/>
<pin id="1412" dir="0" index="2" bw="1" slack="0"/>
<pin id="1413" dir="1" index="3" bw="6" slack="0"/>
</pin_list>
<bind>
<opcode="bitconcatenate(1004) " fcode="bitconcatenate"/>
<opset="or_ln/2 "/>
</bind>
</comp>

<comp id="1416" class="1004" name="zext_ln28_1_fu_1416">
<pin_list>
<pin id="1417" dir="0" index="0" bw="6" slack="0"/>
<pin id="1418" dir="1" index="1" bw="64" slack="0"/>
</pin_list>
<bind>
<opcode="zext(34) " fcode="zext"/>
<opset="zext_ln28_1/2 "/>
</bind>
</comp>

<comp id="1452" class="1004" name="tmp_71_fu_1452">
<pin_list>
<pin id="1453" dir="0" index="0" bw="8" slack="0"/>
<pin id="1454" dir="0" index="1" bw="512" slack="0"/>
<pin id="1455" dir="0" index="2" bw="10" slack="0"/>
<pin id="1456" dir="1" index="3" bw="8" slack="0"/>
</pin_list>
<bind>
<opcode="partselect(1002) " fcode="partselect"/>
<opset="tmp_71/2 "/>
</bind>
</comp>

<comp id="1461" class="1004" name="tmp_72_fu_1461">
<pin_list>
<pin id="1462" dir="0" index="0" bw="8" slack="0"/>
<pin id="1463" dir="0" index="1" bw="512" slack="0"/>
<pin id="1464" dir="0" index="2" bw="10" slack="0"/>
<pin id="1465" dir="1" index="3" bw="8" slack="0"/>
</pin_list>
<bind>
<opcode="partselect(1002) " fcode="partselect"/>
<opset="tmp_72/2 "/>
</bind>
</comp>

<comp id="1470" class="1004" name="tmp_73_fu_1470">
<pin_list>
<pin id="1471" dir="0" index="0" bw="8" slack="0"/>
<pin id="1472" dir="0" index="1" bw="512" slack="0"/>
<pin id="1473" dir="0" index="2" bw="10" slack="0"/>
<pin id="1474" dir="1" index="3" bw="8" slack="0"/>
</pin_list>
<bind>
<opcode="partselect(1002) " fcode="partselect"/>
<opset="tmp_73/2 "/>
</bind>
</comp>

<comp id="1479" class="1004" name="tmp_74_fu_1479">
<pin_list>
<pin id="1480" dir="0" index="0" bw="8" slack="0"/>
<pin id="1481" dir="0" index="1" bw="512" slack="0"/>
<pin id="1482" dir="0" index="2" bw="10" slack="0"/>
<pin id="1483" dir="1" index="3" bw="8" slack="0"/>
</pin_list>
<bind>
<opcode="partselect(1002) " fcode="partselect"/>
<opset="tmp_74/2 "/>
</bind>
</comp>

<comp id="1488" class="1004" name="tmp_75_fu_1488">
<pin_list>
<pin id="1489" dir="0" index="0" bw="8" slack="0"/>
<pin id="1490" dir="0" index="1" bw="512" slack="0"/>
<pin id="1491" dir="0" index="2" bw="10" slack="0"/>
<pin id="1492" dir="1" index="3" bw="8" slack="0"/>
</pin_list>
<bind>
<opcode="partselect(1002) " fcode="partselect"/>
<opset="tmp_75/2 "/>
</bind>
</comp>

<comp id="1497" class="1004" name="tmp_76_fu_1497">
<pin_list>
<pin id="1498" dir="0" index="0" bw="8" slack="0"/>
<pin id="1499" dir="0" index="1" bw="512" slack="0"/>
<pin id="1500" dir="0" index="2" bw="10" slack="0"/>
<pin id="1501" dir="1" index="3" bw="8" slack="0"/>
</pin_list>
<bind>
<opcode="partselect(1002) " fcode="partselect"/>
<opset="tmp_76/2 "/>
</bind>
</comp>

<comp id="1506" class="1004" name="tmp_77_fu_1506">
<pin_list>
<pin id="1507" dir="0" index="0" bw="8" slack="0"/>
<pin id="1508" dir="0" index="1" bw="512" slack="0"/>
<pin id="1509" dir="0" index="2" bw="10" slack="0"/>
<pin id="1510" dir="1" index="3" bw="8" slack="0"/>
</pin_list>
<bind>
<opcode="partselect(1002) " fcode="partselect"/>
<opset="tmp_77/2 "/>
</bind>
</comp>

<comp id="1515" class="1004" name="tmp_78_fu_1515">
<pin_list>
<pin id="1516" dir="0" index="0" bw="8" slack="0"/>
<pin id="1517" dir="0" index="1" bw="512" slack="0"/>
<pin id="1518" dir="0" index="2" bw="10" slack="0"/>
<pin id="1519" dir="1" index="3" bw="8" slack="0"/>
</pin_list>
<bind>
<opcode="partselect(1002) " fcode="partselect"/>
<opset="tmp_78/2 "/>
</bind>
</comp>

<comp id="1524" class="1004" name="tmp_79_fu_1524">
<pin_list>
<pin id="1525" dir="0" index="0" bw="8" slack="0"/>
<pin id="1526" dir="0" index="1" bw="512" slack="0"/>
<pin id="1527" dir="0" index="2" bw="10" slack="0"/>
<pin id="1528" dir="1" index="3" bw="8" slack="0"/>
</pin_list>
<bind>
<opcode="partselect(1002) " fcode="partselect"/>
<opset="tmp_79/2 "/>
</bind>
</comp>

<comp id="1533" class="1004" name="tmp_80_fu_1533">
<pin_list>
<pin id="1534" dir="0" index="0" bw="8" slack="0"/>
<pin id="1535" dir="0" index="1" bw="512" slack="0"/>
<pin id="1536" dir="0" index="2" bw="10" slack="0"/>
<pin id="1537" dir="1" index="3" bw="8" slack="0"/>
</pin_list>
<bind>
<opcode="partselect(1002) " fcode="partselect"/>
<opset="tmp_80/2 "/>
</bind>
</comp>

<comp id="1542" class="1004" name="tmp_81_fu_1542">
<pin_list>
<pin id="1543" dir="0" index="0" bw="8" slack="0"/>
<pin id="1544" dir="0" index="1" bw="512" slack="0"/>
<pin id="1545" dir="0" index="2" bw="10" slack="0"/>
<pin id="1546" dir="1" index="3" bw="8" slack="0"/>
</pin_list>
<bind>
<opcode="partselect(1002) " fcode="partselect"/>
<opset="tmp_81/2 "/>
</bind>
</comp>

<comp id="1551" class="1004" name="tmp_82_fu_1551">
<pin_list>
<pin id="1552" dir="0" index="0" bw="8" slack="0"/>
<pin id="1553" dir="0" index="1" bw="512" slack="0"/>
<pin id="1554" dir="0" index="2" bw="10" slack="0"/>
<pin id="1555" dir="1" index="3" bw="8" slack="0"/>
</pin_list>
<bind>
<opcode="partselect(1002) " fcode="partselect"/>
<opset="tmp_82/2 "/>
</bind>
</comp>

<comp id="1560" class="1004" name="tmp_83_fu_1560">
<pin_list>
<pin id="1561" dir="0" index="0" bw="8" slack="0"/>
<pin id="1562" dir="0" index="1" bw="512" slack="0"/>
<pin id="1563" dir="0" index="2" bw="10" slack="0"/>
<pin id="1564" dir="1" index="3" bw="8" slack="0"/>
</pin_list>
<bind>
<opcode="partselect(1002) " fcode="partselect"/>
<opset="tmp_83/2 "/>
</bind>
</comp>

<comp id="1569" class="1004" name="tmp_84_fu_1569">
<pin_list>
<pin id="1570" dir="0" index="0" bw="8" slack="0"/>
<pin id="1571" dir="0" index="1" bw="512" slack="0"/>
<pin id="1572" dir="0" index="2" bw="10" slack="0"/>
<pin id="1573" dir="1" index="3" bw="8" slack="0"/>
</pin_list>
<bind>
<opcode="partselect(1002) " fcode="partselect"/>
<opset="tmp_84/2 "/>
</bind>
</comp>

<comp id="1578" class="1004" name="tmp_85_fu_1578">
<pin_list>
<pin id="1579" dir="0" index="0" bw="8" slack="0"/>
<pin id="1580" dir="0" index="1" bw="512" slack="0"/>
<pin id="1581" dir="0" index="2" bw="10" slack="0"/>
<pin id="1582" dir="1" index="3" bw="8" slack="0"/>
</pin_list>
<bind>
<opcode="partselect(1002) " fcode="partselect"/>
<opset="tmp_85/2 "/>
</bind>
</comp>

<comp id="1587" class="1004" name="tmp_86_fu_1587">
<pin_list>
<pin id="1588" dir="0" index="0" bw="8" slack="0"/>
<pin id="1589" dir="0" index="1" bw="512" slack="0"/>
<pin id="1590" dir="0" index="2" bw="10" slack="0"/>
<pin id="1591" dir="1" index="3" bw="8" slack="0"/>
</pin_list>
<bind>
<opcode="partselect(1002) " fcode="partselect"/>
<opset="tmp_86/2 "/>
</bind>
</comp>

<comp id="1596" class="1004" name="tmp_87_fu_1596">
<pin_list>
<pin id="1597" dir="0" index="0" bw="8" slack="0"/>
<pin id="1598" dir="0" index="1" bw="512" slack="0"/>
<pin id="1599" dir="0" index="2" bw="10" slack="0"/>
<pin id="1600" dir="1" index="3" bw="8" slack="0"/>
</pin_list>
<bind>
<opcode="partselect(1002) " fcode="partselect"/>
<opset="tmp_87/2 "/>
</bind>
</comp>

<comp id="1605" class="1004" name="tmp_88_fu_1605">
<pin_list>
<pin id="1606" dir="0" index="0" bw="8" slack="0"/>
<pin id="1607" dir="0" index="1" bw="512" slack="0"/>
<pin id="1608" dir="0" index="2" bw="10" slack="0"/>
<pin id="1609" dir="1" index="3" bw="8" slack="0"/>
</pin_list>
<bind>
<opcode="partselect(1002) " fcode="partselect"/>
<opset="tmp_88/2 "/>
</bind>
</comp>

<comp id="1614" class="1004" name="tmp_89_fu_1614">
<pin_list>
<pin id="1615" dir="0" index="0" bw="8" slack="0"/>
<pin id="1616" dir="0" index="1" bw="512" slack="0"/>
<pin id="1617" dir="0" index="2" bw="10" slack="0"/>
<pin id="1618" dir="1" index="3" bw="8" slack="0"/>
</pin_list>
<bind>
<opcode="partselect(1002) " fcode="partselect"/>
<opset="tmp_89/2 "/>
</bind>
</comp>

<comp id="1623" class="1004" name="tmp_90_fu_1623">
<pin_list>
<pin id="1624" dir="0" index="0" bw="8" slack="0"/>
<pin id="1625" dir="0" index="1" bw="512" slack="0"/>
<pin id="1626" dir="0" index="2" bw="10" slack="0"/>
<pin id="1627" dir="1" index="3" bw="8" slack="0"/>
</pin_list>
<bind>
<opcode="partselect(1002) " fcode="partselect"/>
<opset="tmp_90/2 "/>
</bind>
</comp>

<comp id="1632" class="1004" name="tmp_91_fu_1632">
<pin_list>
<pin id="1633" dir="0" index="0" bw="8" slack="0"/>
<pin id="1634" dir="0" index="1" bw="512" slack="0"/>
<pin id="1635" dir="0" index="2" bw="10" slack="0"/>
<pin id="1636" dir="1" index="3" bw="8" slack="0"/>
</pin_list>
<bind>
<opcode="partselect(1002) " fcode="partselect"/>
<opset="tmp_91/2 "/>
</bind>
</comp>

<comp id="1641" class="1004" name="tmp_92_fu_1641">
<pin_list>
<pin id="1642" dir="0" index="0" bw="8" slack="0"/>
<pin id="1643" dir="0" index="1" bw="512" slack="0"/>
<pin id="1644" dir="0" index="2" bw="10" slack="0"/>
<pin id="1645" dir="1" index="3" bw="8" slack="0"/>
</pin_list>
<bind>
<opcode="partselect(1002) " fcode="partselect"/>
<opset="tmp_92/2 "/>
</bind>
</comp>

<comp id="1650" class="1004" name="tmp_93_fu_1650">
<pin_list>
<pin id="1651" dir="0" index="0" bw="8" slack="0"/>
<pin id="1652" dir="0" index="1" bw="512" slack="0"/>
<pin id="1653" dir="0" index="2" bw="10" slack="0"/>
<pin id="1654" dir="1" index="3" bw="8" slack="0"/>
</pin_list>
<bind>
<opcode="partselect(1002) " fcode="partselect"/>
<opset="tmp_93/2 "/>
</bind>
</comp>

<comp id="1659" class="1004" name="tmp_94_fu_1659">
<pin_list>
<pin id="1660" dir="0" index="0" bw="8" slack="0"/>
<pin id="1661" dir="0" index="1" bw="512" slack="0"/>
<pin id="1662" dir="0" index="2" bw="10" slack="0"/>
<pin id="1663" dir="1" index="3" bw="8" slack="0"/>
</pin_list>
<bind>
<opcode="partselect(1002) " fcode="partselect"/>
<opset="tmp_94/2 "/>
</bind>
</comp>

<comp id="1668" class="1004" name="tmp_95_fu_1668">
<pin_list>
<pin id="1669" dir="0" index="0" bw="8" slack="0"/>
<pin id="1670" dir="0" index="1" bw="512" slack="0"/>
<pin id="1671" dir="0" index="2" bw="10" slack="0"/>
<pin id="1672" dir="1" index="3" bw="8" slack="0"/>
</pin_list>
<bind>
<opcode="partselect(1002) " fcode="partselect"/>
<opset="tmp_95/2 "/>
</bind>
</comp>

<comp id="1677" class="1004" name="tmp_96_fu_1677">
<pin_list>
<pin id="1678" dir="0" index="0" bw="8" slack="0"/>
<pin id="1679" dir="0" index="1" bw="512" slack="0"/>
<pin id="1680" dir="0" index="2" bw="10" slack="0"/>
<pin id="1681" dir="1" index="3" bw="8" slack="0"/>
</pin_list>
<bind>
<opcode="partselect(1002) " fcode="partselect"/>
<opset="tmp_96/2 "/>
</bind>
</comp>

<comp id="1686" class="1004" name="tmp_97_fu_1686">
<pin_list>
<pin id="1687" dir="0" index="0" bw="8" slack="0"/>
<pin id="1688" dir="0" index="1" bw="512" slack="0"/>
<pin id="1689" dir="0" index="2" bw="10" slack="0"/>
<pin id="1690" dir="1" index="3" bw="8" slack="0"/>
</pin_list>
<bind>
<opcode="partselect(1002) " fcode="partselect"/>
<opset="tmp_97/2 "/>
</bind>
</comp>

<comp id="1695" class="1004" name="tmp_98_fu_1695">
<pin_list>
<pin id="1696" dir="0" index="0" bw="8" slack="0"/>
<pin id="1697" dir="0" index="1" bw="512" slack="0"/>
<pin id="1698" dir="0" index="2" bw="10" slack="0"/>
<pin id="1699" dir="1" index="3" bw="8" slack="0"/>
</pin_list>
<bind>
<opcode="partselect(1002) " fcode="partselect"/>
<opset="tmp_98/2 "/>
</bind>
</comp>

<comp id="1704" class="1004" name="tmp_99_fu_1704">
<pin_list>
<pin id="1705" dir="0" index="0" bw="8" slack="0"/>
<pin id="1706" dir="0" index="1" bw="512" slack="0"/>
<pin id="1707" dir="0" index="2" bw="10" slack="0"/>
<pin id="1708" dir="1" index="3" bw="8" slack="0"/>
</pin_list>
<bind>
<opcode="partselect(1002) " fcode="partselect"/>
<opset="tmp_99/2 "/>
</bind>
</comp>

<comp id="1713" class="1004" name="tmp_100_fu_1713">
<pin_list>
<pin id="1714" dir="0" index="0" bw="8" slack="0"/>
<pin id="1715" dir="0" index="1" bw="512" slack="0"/>
<pin id="1716" dir="0" index="2" bw="10" slack="0"/>
<pin id="1717" dir="1" index="3" bw="8" slack="0"/>
</pin_list>
<bind>
<opcode="partselect(1002) " fcode="partselect"/>
<opset="tmp_100/2 "/>
</bind>
</comp>

<comp id="1722" class="1004" name="tmp_101_fu_1722">
<pin_list>
<pin id="1723" dir="0" index="0" bw="8" slack="0"/>
<pin id="1724" dir="0" index="1" bw="512" slack="0"/>
<pin id="1725" dir="0" index="2" bw="10" slack="0"/>
<pin id="1726" dir="1" index="3" bw="8" slack="0"/>
</pin_list>
<bind>
<opcode="partselect(1002) " fcode="partselect"/>
<opset="tmp_101/2 "/>
</bind>
</comp>

<comp id="1731" class="1005" name="w_reg_1731">
<pin_list>
<pin id="1732" dir="0" index="0" bw="5" slack="0"/>
<pin id="1733" dir="1" index="1" bw="5" slack="0"/>
</pin_list>
<bind>
<opset="w "/>
</bind>
</comp>

<comp id="1738" class="1005" name="w_1_reg_1738">
<pin_list>
<pin id="1739" dir="0" index="0" bw="5" slack="1"/>
<pin id="1740" dir="1" index="1" bw="5" slack="1"/>
</pin_list>
<bind>
<opset="w_1 "/>
</bind>
</comp>

<comp id="1747" class="1005" name="row_words_addr_reg_1747">
<pin_list>
<pin id="1748" dir="0" index="0" bw="5" slack="1"/>
<pin id="1749" dir="1" index="1" bw="5" slack="1"/>
</pin_list>
<bind>
<opset="row_words_addr "/>
</bind>
</comp>

</comp_list>

<net_list>
<net id="229"><net_src comp="66" pin="0"/><net_sink comp="226" pin=0"/></net>

<net id="235"><net_src comp="64" pin="0"/><net_sink comp="230" pin=0"/></net>

<net id="236"><net_src comp="74" pin="0"/><net_sink comp="230" pin=1"/></net>

<net id="242"><net_src comp="230" pin="3"/><net_sink comp="237" pin=0"/></net>

<net id="248"><net_src comp="62" pin="0"/><net_sink comp="243" pin=0"/></net>

<net id="249"><net_src comp="74" pin="0"/><net_sink comp="243" pin=1"/></net>

<net id="255"><net_src comp="60" pin="0"/><net_sink comp="250" pin=0"/></net>

<net id="256"><net_src comp="74" pin="0"/><net_sink comp="250" pin=1"/></net>

<net id="262"><net_src comp="58" pin="0"/><net_sink comp="257" pin=0"/></net>

<net id="263"><net_src comp="74" pin="0"/><net_sink comp="257" pin=1"/></net>

<net id="269"><net_src comp="56" pin="0"/><net_sink comp="264" pin=0"/></net>

<net id="270"><net_src comp="74" pin="0"/><net_sink comp="264" pin=1"/></net>

<net id="276"><net_src comp="54" pin="0"/><net_sink comp="271" pin=0"/></net>

<net id="277"><net_src comp="74" pin="0"/><net_sink comp="271" pin=1"/></net>

<net id="283"><net_src comp="52" pin="0"/><net_sink comp="278" pin=0"/></net>

<net id="284"><net_src comp="74" pin="0"/><net_sink comp="278" pin=1"/></net>

<net id="290"><net_src comp="50" pin="0"/><net_sink comp="285" pin=0"/></net>

<net id="291"><net_src comp="74" pin="0"/><net_sink comp="285" pin=1"/></net>

<net id="297"><net_src comp="48" pin="0"/><net_sink comp="292" pin=0"/></net>

<net id="298"><net_src comp="74" pin="0"/><net_sink comp="292" pin=1"/></net>

<net id="304"><net_src comp="46" pin="0"/><net_sink comp="299" pin=0"/></net>

<net id="305"><net_src comp="74" pin="0"/><net_sink comp="299" pin=1"/></net>

<net id="311"><net_src comp="44" pin="0"/><net_sink comp="306" pin=0"/></net>

<net id="312"><net_src comp="74" pin="0"/><net_sink comp="306" pin=1"/></net>

<net id="318"><net_src comp="42" pin="0"/><net_sink comp="313" pin=0"/></net>

<net id="319"><net_src comp="74" pin="0"/><net_sink comp="313" pin=1"/></net>

<net id="325"><net_src comp="40" pin="0"/><net_sink comp="320" pin=0"/></net>

<net id="326"><net_src comp="74" pin="0"/><net_sink comp="320" pin=1"/></net>

<net id="332"><net_src comp="38" pin="0"/><net_sink comp="327" pin=0"/></net>

<net id="333"><net_src comp="74" pin="0"/><net_sink comp="327" pin=1"/></net>

<net id="339"><net_src comp="36" pin="0"/><net_sink comp="334" pin=0"/></net>

<net id="340"><net_src comp="74" pin="0"/><net_sink comp="334" pin=1"/></net>

<net id="346"><net_src comp="34" pin="0"/><net_sink comp="341" pin=0"/></net>

<net id="347"><net_src comp="74" pin="0"/><net_sink comp="341" pin=1"/></net>

<net id="353"><net_src comp="32" pin="0"/><net_sink comp="348" pin=0"/></net>

<net id="354"><net_src comp="74" pin="0"/><net_sink comp="348" pin=1"/></net>

<net id="360"><net_src comp="30" pin="0"/><net_sink comp="355" pin=0"/></net>

<net id="361"><net_src comp="74" pin="0"/><net_sink comp="355" pin=1"/></net>

<net id="367"><net_src comp="28" pin="0"/><net_sink comp="362" pin=0"/></net>

<net id="368"><net_src comp="74" pin="0"/><net_sink comp="362" pin=1"/></net>

<net id="374"><net_src comp="26" pin="0"/><net_sink comp="369" pin=0"/></net>

<net id="375"><net_src comp="74" pin="0"/><net_sink comp="369" pin=1"/></net>

<net id="381"><net_src comp="24" pin="0"/><net_sink comp="376" pin=0"/></net>

<net id="382"><net_src comp="74" pin="0"/><net_sink comp="376" pin=1"/></net>

<net id="388"><net_src comp="22" pin="0"/><net_sink comp="383" pin=0"/></net>

<net id="389"><net_src comp="74" pin="0"/><net_sink comp="383" pin=1"/></net>

<net id="395"><net_src comp="20" pin="0"/><net_sink comp="390" pin=0"/></net>

<net id="396"><net_src comp="74" pin="0"/><net_sink comp="390" pin=1"/></net>

<net id="402"><net_src comp="18" pin="0"/><net_sink comp="397" pin=0"/></net>

<net id="403"><net_src comp="74" pin="0"/><net_sink comp="397" pin=1"/></net>

<net id="409"><net_src comp="16" pin="0"/><net_sink comp="404" pin=0"/></net>

<net id="410"><net_src comp="74" pin="0"/><net_sink comp="404" pin=1"/></net>

<net id="416"><net_src comp="14" pin="0"/><net_sink comp="411" pin=0"/></net>

<net id="417"><net_src comp="74" pin="0"/><net_sink comp="411" pin=1"/></net>

<net id="423"><net_src comp="12" pin="0"/><net_sink comp="418" pin=0"/></net>

<net id="424"><net_src comp="74" pin="0"/><net_sink comp="418" pin=1"/></net>

<net id="430"><net_src comp="10" pin="0"/><net_sink comp="425" pin=0"/></net>

<net id="431"><net_src comp="74" pin="0"/><net_sink comp="425" pin=1"/></net>

<net id="437"><net_src comp="8" pin="0"/><net_sink comp="432" pin=0"/></net>

<net id="438"><net_src comp="74" pin="0"/><net_sink comp="432" pin=1"/></net>

<net id="444"><net_src comp="6" pin="0"/><net_sink comp="439" pin=0"/></net>

<net id="445"><net_src comp="74" pin="0"/><net_sink comp="439" pin=1"/></net>

<net id="451"><net_src comp="4" pin="0"/><net_sink comp="446" pin=0"/></net>

<net id="452"><net_src comp="74" pin="0"/><net_sink comp="446" pin=1"/></net>

<net id="458"><net_src comp="2" pin="0"/><net_sink comp="453" pin=0"/></net>

<net id="459"><net_src comp="74" pin="0"/><net_sink comp="453" pin=1"/></net>

<net id="465"><net_src comp="0" pin="0"/><net_sink comp="460" pin=0"/></net>

<net id="466"><net_src comp="74" pin="0"/><net_sink comp="460" pin=1"/></net>

<net id="472"><net_src comp="62" pin="0"/><net_sink comp="467" pin=0"/></net>

<net id="473"><net_src comp="74" pin="0"/><net_sink comp="467" pin=1"/></net>

<net id="479"><net_src comp="60" pin="0"/><net_sink comp="474" pin=0"/></net>

<net id="480"><net_src comp="74" pin="0"/><net_sink comp="474" pin=1"/></net>

<net id="486"><net_src comp="58" pin="0"/><net_sink comp="481" pin=0"/></net>

<net id="487"><net_src comp="74" pin="0"/><net_sink comp="481" pin=1"/></net>

<net id="493"><net_src comp="56" pin="0"/><net_sink comp="488" pin=0"/></net>

<net id="494"><net_src comp="74" pin="0"/><net_sink comp="488" pin=1"/></net>

<net id="500"><net_src comp="54" pin="0"/><net_sink comp="495" pin=0"/></net>

<net id="501"><net_src comp="74" pin="0"/><net_sink comp="495" pin=1"/></net>

<net id="507"><net_src comp="52" pin="0"/><net_sink comp="502" pin=0"/></net>

<net id="508"><net_src comp="74" pin="0"/><net_sink comp="502" pin=1"/></net>

<net id="514"><net_src comp="50" pin="0"/><net_sink comp="509" pin=0"/></net>

<net id="515"><net_src comp="74" pin="0"/><net_sink comp="509" pin=1"/></net>

<net id="521"><net_src comp="48" pin="0"/><net_sink comp="516" pin=0"/></net>

<net id="522"><net_src comp="74" pin="0"/><net_sink comp="516" pin=1"/></net>

<net id="528"><net_src comp="46" pin="0"/><net_sink comp="523" pin=0"/></net>

<net id="529"><net_src comp="74" pin="0"/><net_sink comp="523" pin=1"/></net>

<net id="535"><net_src comp="44" pin="0"/><net_sink comp="530" pin=0"/></net>

<net id="536"><net_src comp="74" pin="0"/><net_sink comp="530" pin=1"/></net>

<net id="542"><net_src comp="42" pin="0"/><net_sink comp="537" pin=0"/></net>

<net id="543"><net_src comp="74" pin="0"/><net_sink comp="537" pin=1"/></net>

<net id="549"><net_src comp="40" pin="0"/><net_sink comp="544" pin=0"/></net>

<net id="550"><net_src comp="74" pin="0"/><net_sink comp="544" pin=1"/></net>

<net id="556"><net_src comp="38" pin="0"/><net_sink comp="551" pin=0"/></net>

<net id="557"><net_src comp="74" pin="0"/><net_sink comp="551" pin=1"/></net>

<net id="563"><net_src comp="36" pin="0"/><net_sink comp="558" pin=0"/></net>

<net id="564"><net_src comp="74" pin="0"/><net_sink comp="558" pin=1"/></net>

<net id="570"><net_src comp="34" pin="0"/><net_sink comp="565" pin=0"/></net>

<net id="571"><net_src comp="74" pin="0"/><net_sink comp="565" pin=1"/></net>

<net id="577"><net_src comp="32" pin="0"/><net_sink comp="572" pin=0"/></net>

<net id="578"><net_src comp="74" pin="0"/><net_sink comp="572" pin=1"/></net>

<net id="584"><net_src comp="30" pin="0"/><net_sink comp="579" pin=0"/></net>

<net id="585"><net_src comp="74" pin="0"/><net_sink comp="579" pin=1"/></net>

<net id="591"><net_src comp="28" pin="0"/><net_sink comp="586" pin=0"/></net>

<net id="592"><net_src comp="74" pin="0"/><net_sink comp="586" pin=1"/></net>

<net id="598"><net_src comp="26" pin="0"/><net_sink comp="593" pin=0"/></net>

<net id="599"><net_src comp="74" pin="0"/><net_sink comp="593" pin=1"/></net>

<net id="605"><net_src comp="24" pin="0"/><net_sink comp="600" pin=0"/></net>

<net id="606"><net_src comp="74" pin="0"/><net_sink comp="600" pin=1"/></net>

<net id="612"><net_src comp="22" pin="0"/><net_sink comp="607" pin=0"/></net>

<net id="613"><net_src comp="74" pin="0"/><net_sink comp="607" pin=1"/></net>

<net id="619"><net_src comp="20" pin="0"/><net_sink comp="614" pin=0"/></net>

<net id="620"><net_src comp="74" pin="0"/><net_sink comp="614" pin=1"/></net>

<net id="626"><net_src comp="18" pin="0"/><net_sink comp="621" pin=0"/></net>

<net id="627"><net_src comp="74" pin="0"/><net_sink comp="621" pin=1"/></net>

<net id="633"><net_src comp="16" pin="0"/><net_sink comp="628" pin=0"/></net>

<net id="634"><net_src comp="74" pin="0"/><net_sink comp="628" pin=1"/></net>

<net id="640"><net_src comp="14" pin="0"/><net_sink comp="635" pin=0"/></net>

<net id="641"><net_src comp="74" pin="0"/><net_sink comp="635" pin=1"/></net>

<net id="647"><net_src comp="12" pin="0"/><net_sink comp="642" pin=0"/></net>

<net id="648"><net_src comp="74" pin="0"/><net_sink comp="642" pin=1"/></net>

<net id="654"><net_src comp="10" pin="0"/><net_sink comp="649" pin=0"/></net>

<net id="655"><net_src comp="74" pin="0"/><net_sink comp="649" pin=1"/></net>

<net id="661"><net_src comp="8" pin="0"/><net_sink comp="656" pin=0"/></net>

<net id="662"><net_src comp="74" pin="0"/><net_sink comp="656" pin=1"/></net>

<net id="668"><net_src comp="6" pin="0"/><net_sink comp="663" pin=0"/></net>

<net id="669"><net_src comp="74" pin="0"/><net_sink comp="663" pin=1"/></net>

<net id="675"><net_src comp="4" pin="0"/><net_sink comp="670" pin=0"/></net>

<net id="676"><net_src comp="74" pin="0"/><net_sink comp="670" pin=1"/></net>

<net id="682"><net_src comp="2" pin="0"/><net_sink comp="677" pin=0"/></net>

<net id="683"><net_src comp="74" pin="0"/><net_sink comp="677" pin=1"/></net>

<net id="689"><net_src comp="0" pin="0"/><net_sink comp="684" pin=0"/></net>

<net id="690"><net_src comp="74" pin="0"/><net_sink comp="684" pin=1"/></net>

<net id="700"><net_src comp="243" pin="3"/><net_sink comp="691" pin=2"/></net>

<net id="710"><net_src comp="250" pin="3"/><net_sink comp="701" pin=2"/></net>

<net id="720"><net_src comp="257" pin="3"/><net_sink comp="711" pin=2"/></net>

<net id="730"><net_src comp="264" pin="3"/><net_sink comp="721" pin=2"/></net>

<net id="740"><net_src comp="271" pin="3"/><net_sink comp="731" pin=2"/></net>

<net id="750"><net_src comp="278" pin="3"/><net_sink comp="741" pin=2"/></net>

<net id="760"><net_src comp="285" pin="3"/><net_sink comp="751" pin=2"/></net>

<net id="770"><net_src comp="292" pin="3"/><net_sink comp="761" pin=2"/></net>

<net id="780"><net_src comp="299" pin="3"/><net_sink comp="771" pin=2"/></net>

<net id="790"><net_src comp="306" pin="3"/><net_sink comp="781" pin=2"/></net>

<net id="800"><net_src comp="313" pin="3"/><net_sink comp="791" pin=2"/></net>

<net id="810"><net_src comp="320" pin="3"/><net_sink comp="801" pin=2"/></net>

<net id="820"><net_src comp="327" pin="3"/><net_sink comp="811" pin=2"/></net>

<net id="830"><net_src comp="334" pin="3"/><net_sink comp="821" pin=2"/></net>

<net id="840"><net_src comp="341" pin="3"/><net_sink comp="831" pin=2"/></net>

<net id="850"><net_src comp="348" pin="3"/><net_sink comp="841" pin=2"/></net>

<net id="860"><net_src comp="355" pin="3"/><net_sink comp="851" pin=2"/></net>

<net id="870"><net_src comp="362" pin="3"/><net_sink comp="861" pin=2"/></net>

<net id="880"><net_src comp="369" pin="3"/><net_sink comp="871" pin=2"/></net>

<net id="890"><net_src comp="376" pin="3"/><net_sink comp="881" pin=2"/></net>

<net id="900"><net_src comp="383" pin="3"/><net_sink comp="891" pin=2"/></net>

<net id="910"><net_src comp="390" pin="3"/><net_sink comp="901" pin=2"/></net>

<net id="920"><net_src comp="397" pin="3"/><net_sink comp="911" pin=2"/></net>

<net id="930"><net_src comp="404" pin="3"/><net_sink comp="921" pin=2"/></net>

<net id="940"><net_src comp="411" pin="3"/><net_sink comp="931" pin=2"/></net>

<net id="950"><net_src comp="418" pin="3"/><net_sink comp="941" pin=2"/></net>

<net id="960"><net_src comp="425" pin="3"/><net_sink comp="951" pin=2"/></net>

<net id="970"><net_src comp="432" pin="3"/><net_sink comp="961" pin=2"/></net>

<net id="980"><net_src comp="439" pin="3"/><net_sink comp="971" pin=2"/></net>

<net id="990"><net_src comp="446" pin="3"/><net_sink comp="981" pin=2"/></net>

<net id="1000"><net_src comp="453" pin="3"/><net_sink comp="991" pin=2"/></net>

<net id="1010"><net_src comp="460" pin="3"/><net_sink comp="1001" pin=2"/></net>

<net id="1011"><net_src comp="467" pin="3"/><net_sink comp="691" pin=0"/></net>

<net id="1012"><net_src comp="474" pin="3"/><net_sink comp="701" pin=0"/></net>

<net id="1013"><net_src comp="481" pin="3"/><net_sink comp="711" pin=0"/></net>

<net id="1014"><net_src comp="488" pin="3"/><net_sink comp="721" pin=0"/></net>

<net id="1015"><net_src comp="495" pin="3"/><net_sink comp="731" pin=0"/></net>

<net id="1016"><net_src comp="502" pin="3"/><net_sink comp="741" pin=0"/></net>

<net id="1017"><net_src comp="509" pin="3"/><net_sink comp="751" pin=0"/></net>

<net id="1018"><net_src comp="516" pin="3"/><net_sink comp="761" pin=0"/></net>

<net id="1019"><net_src comp="523" pin="3"/><net_sink comp="771" pin=0"/></net>

<net id="1020"><net_src comp="530" pin="3"/><net_sink comp="781" pin=0"/></net>

<net id="1021"><net_src comp="537" pin="3"/><net_sink comp="791" pin=0"/></net>

<net id="1022"><net_src comp="544" pin="3"/><net_sink comp="801" pin=0"/></net>

<net id="1023"><net_src comp="551" pin="3"/><net_sink comp="811" pin=0"/></net>

<net id="1024"><net_src comp="558" pin="3"/><net_sink comp="821" pin=0"/></net>

<net id="1025"><net_src comp="565" pin="3"/><net_sink comp="831" pin=0"/></net>

<net id="1026"><net_src comp="572" pin="3"/><net_sink comp="841" pin=0"/></net>

<net id="1027"><net_src comp="579" pin="3"/><net_sink comp="851" pin=0"/></net>

<net id="1028"><net_src comp="586" pin="3"/><net_sink comp="861" pin=0"/></net>

<net id="1029"><net_src comp="593" pin="3"/><net_sink comp="871" pin=0"/></net>

<net id="1030"><net_src comp="600" pin="3"/><net_sink comp="881" pin=0"/></net>

<net id="1031"><net_src comp="607" pin="3"/><net_sink comp="891" pin=0"/></net>

<net id="1032"><net_src comp="614" pin="3"/><net_sink comp="901" pin=0"/></net>

<net id="1033"><net_src comp="621" pin="3"/><net_sink comp="911" pin=0"/></net>

<net id="1034"><net_src comp="628" pin="3"/><net_sink comp="921" pin=0"/></net>

<net id="1035"><net_src comp="635" pin="3"/><net_sink comp="931" pin=0"/></net>

<net id="1036"><net_src comp="642" pin="3"/><net_sink comp="941" pin=0"/></net>

<net id="1037"><net_src comp="649" pin="3"/><net_sink comp="951" pin=0"/></net>

<net id="1038"><net_src comp="656" pin="3"/><net_sink comp="961" pin=0"/></net>

<net id="1039"><net_src comp="663" pin="3"/><net_sink comp="971" pin=0"/></net>

<net id="1040"><net_src comp="670" pin="3"/><net_sink comp="981" pin=0"/></net>

<net id="1041"><net_src comp="677" pin="3"/><net_sink comp="991" pin=0"/></net>

<net id="1042"><net_src comp="684" pin="3"/><net_sink comp="1001" pin=0"/></net>

<net id="1047"><net_src comp="68" pin="0"/><net_sink comp="1043" pin=0"/></net>

<net id="1055"><net_src comp="1048" pin="1"/><net_sink comp="1051" pin=0"/></net>

<net id="1056"><net_src comp="70" pin="0"/><net_sink comp="1051" pin=1"/></net>

<net id="1061"><net_src comp="1048" pin="1"/><net_sink comp="1057" pin=0"/></net>

<net id="1062"><net_src comp="72" pin="0"/><net_sink comp="1057" pin=1"/></net>

<net id="1066"><net_src comp="1048" pin="1"/><net_sink comp="1063" pin=0"/></net>

<net id="1067"><net_src comp="1063" pin="1"/><net_sink comp="230" pin=2"/></net>

<net id="1072"><net_src comp="1057" pin="2"/><net_sink comp="1068" pin=0"/></net>

<net id="1078"><net_src comp="92" pin="0"/><net_sink comp="1073" pin=0"/></net>

<net id="1079"><net_src comp="94" pin="0"/><net_sink comp="1073" pin=2"/></net>

<net id="1083"><net_src comp="1073" pin="3"/><net_sink comp="1080" pin=0"/></net>

<net id="1084"><net_src comp="1080" pin="1"/><net_sink comp="243" pin=2"/></net>

<net id="1085"><net_src comp="1080" pin="1"/><net_sink comp="250" pin=2"/></net>

<net id="1086"><net_src comp="1080" pin="1"/><net_sink comp="257" pin=2"/></net>

<net id="1087"><net_src comp="1080" pin="1"/><net_sink comp="264" pin=2"/></net>

<net id="1088"><net_src comp="1080" pin="1"/><net_sink comp="271" pin=2"/></net>

<net id="1089"><net_src comp="1080" pin="1"/><net_sink comp="278" pin=2"/></net>

<net id="1090"><net_src comp="1080" pin="1"/><net_sink comp="285" pin=2"/></net>

<net id="1091"><net_src comp="1080" pin="1"/><net_sink comp="292" pin=2"/></net>

<net id="1092"><net_src comp="1080" pin="1"/><net_sink comp="299" pin=2"/></net>

<net id="1093"><net_src comp="1080" pin="1"/><net_sink comp="306" pin=2"/></net>

<net id="1094"><net_src comp="1080" pin="1"/><net_sink comp="313" pin=2"/></net>

<net id="1095"><net_src comp="1080" pin="1"/><net_sink comp="320" pin=2"/></net>

<net id="1096"><net_src comp="1080" pin="1"/><net_sink comp="327" pin=2"/></net>

<net id="1097"><net_src comp="1080" pin="1"/><net_sink comp="334" pin=2"/></net>

<net id="1098"><net_src comp="1080" pin="1"/><net_sink comp="341" pin=2"/></net>

<net id="1099"><net_src comp="1080" pin="1"/><net_sink comp="348" pin=2"/></net>

<net id="1100"><net_src comp="1080" pin="1"/><net_sink comp="355" pin=2"/></net>

<net id="1101"><net_src comp="1080" pin="1"/><net_sink comp="362" pin=2"/></net>

<net id="1102"><net_src comp="1080" pin="1"/><net_sink comp="369" pin=2"/></net>

<net id="1103"><net_src comp="1080" pin="1"/><net_sink comp="376" pin=2"/></net>

<net id="1104"><net_src comp="1080" pin="1"/><net_sink comp="383" pin=2"/></net>

<net id="1105"><net_src comp="1080" pin="1"/><net_sink comp="390" pin=2"/></net>

<net id="1106"><net_src comp="1080" pin="1"/><net_sink comp="397" pin=2"/></net>

<net id="1107"><net_src comp="1080" pin="1"/><net_sink comp="404" pin=2"/></net>

<net id="1108"><net_src comp="1080" pin="1"/><net_sink comp="411" pin=2"/></net>

<net id="1109"><net_src comp="1080" pin="1"/><net_sink comp="418" pin=2"/></net>

<net id="1110"><net_src comp="1080" pin="1"/><net_sink comp="425" pin=2"/></net>

<net id="1111"><net_src comp="1080" pin="1"/><net_sink comp="432" pin=2"/></net>

<net id="1112"><net_src comp="1080" pin="1"/><net_sink comp="439" pin=2"/></net>

<net id="1113"><net_src comp="1080" pin="1"/><net_sink comp="446" pin=2"/></net>

<net id="1114"><net_src comp="1080" pin="1"/><net_sink comp="453" pin=2"/></net>

<net id="1115"><net_src comp="1080" pin="1"/><net_sink comp="460" pin=2"/></net>

<net id="1119"><net_src comp="237" pin="3"/><net_sink comp="1116" pin=0"/></net>

<net id="1120"><net_src comp="1116" pin="1"/><net_sink comp="691" pin=4"/></net>

<net id="1126"><net_src comp="96" pin="0"/><net_sink comp="1121" pin=0"/></net>

<net id="1127"><net_src comp="237" pin="3"/><net_sink comp="1121" pin=1"/></net>

<net id="1128"><net_src comp="98" pin="0"/><net_sink comp="1121" pin=2"/></net>

<net id="1129"><net_src comp="1121" pin="3"/><net_sink comp="701" pin=4"/></net>

<net id="1135"><net_src comp="96" pin="0"/><net_sink comp="1130" pin=0"/></net>

<net id="1136"><net_src comp="237" pin="3"/><net_sink comp="1130" pin=1"/></net>

<net id="1137"><net_src comp="100" pin="0"/><net_sink comp="1130" pin=2"/></net>

<net id="1138"><net_src comp="1130" pin="3"/><net_sink comp="711" pin=4"/></net>

<net id="1144"><net_src comp="96" pin="0"/><net_sink comp="1139" pin=0"/></net>

<net id="1145"><net_src comp="237" pin="3"/><net_sink comp="1139" pin=1"/></net>

<net id="1146"><net_src comp="102" pin="0"/><net_sink comp="1139" pin=2"/></net>

<net id="1147"><net_src comp="1139" pin="3"/><net_sink comp="721" pin=4"/></net>

<net id="1153"><net_src comp="96" pin="0"/><net_sink comp="1148" pin=0"/></net>

<net id="1154"><net_src comp="237" pin="3"/><net_sink comp="1148" pin=1"/></net>

<net id="1155"><net_src comp="104" pin="0"/><net_sink comp="1148" pin=2"/></net>

<net id="1156"><net_src comp="1148" pin="3"/><net_sink comp="731" pin=4"/></net>

<net id="1162"><net_src comp="96" pin="0"/><net_sink comp="1157" pin=0"/></net>

<net id="1163"><net_src comp="237" pin="3"/><net_sink comp="1157" pin=1"/></net>

<net id="1164"><net_src comp="106" pin="0"/><net_sink comp="1157" pin=2"/></net>

<net id="1165"><net_src comp="1157" pin="3"/><net_sink comp="741" pin=4"/></net>

<net id="1171"><net_src comp="96" pin="0"/><net_sink comp="1166" pin=0"/></net>

<net id="1172"><net_src comp="237" pin="3"/><net_sink comp="1166" pin=1"/></net>

<net id="1173"><net_src comp="108" pin="0"/><net_sink comp="1166" pin=2"/></net>

<net id="1174"><net_src comp="1166" pin="3"/><net_sink comp="751" pin=4"/></net>

<net id="1180"><net_src comp="96" pin="0"/><net_sink comp="1175" pin=0"/></net>

<net id="1181"><net_src comp="237" pin="3"/><net_sink comp="1175" pin=1"/></net>

<net id="1182"><net_src comp="110" pin="0"/><net_sink comp="1175" pin=2"/></net>

<net id="1183"><net_src comp="1175" pin="3"/><net_sink comp="761" pin=4"/></net>

<net id="1189"><net_src comp="96" pin="0"/><net_sink comp="1184" pin=0"/></net>

<net id="1190"><net_src comp="237" pin="3"/><net_sink comp="1184" pin=1"/></net>

<net id="1191"><net_src comp="112" pin="0"/><net_sink comp="1184" pin=2"/></net>

<net id="1192"><net_src comp="1184" pin="3"/><net_sink comp="771" pin=4"/></net>

<net id="1198"><net_src comp="96" pin="0"/><net_sink comp="1193" pin=0"/></net>

<net id="1199"><net_src comp="237" pin="3"/><net_sink comp="1193" pin=1"/></net>

<net id="1200"><net_src comp="114" pin="0"/><net_sink comp="1193" pin=2"/></net>

<net id="1201"><net_src comp="1193" pin="3"/><net_sink comp="781" pin=4"/></net>

<net id="1207"><net_src comp="96" pin="0"/><net_sink comp="1202" pin=0"/></net>

<net id="1208"><net_src comp="237" pin="3"/><net_sink comp="1202" pin=1"/></net>

<net id="1209"><net_src comp="116" pin="0"/><net_sink comp="1202" pin=2"/></net>

<net id="1210"><net_src comp="1202" pin="3"/><net_sink comp="791" pin=4"/></net>

<net id="1216"><net_src comp="96" pin="0"/><net_sink comp="1211" pin=0"/></net>

<net id="1217"><net_src comp="237" pin="3"/><net_sink comp="1211" pin=1"/></net>

<net id="1218"><net_src comp="118" pin="0"/><net_sink comp="1211" pin=2"/></net>

<net id="1219"><net_src comp="1211" pin="3"/><net_sink comp="801" pin=4"/></net>

<net id="1225"><net_src comp="96" pin="0"/><net_sink comp="1220" pin=0"/></net>

<net id="1226"><net_src comp="237" pin="3"/><net_sink comp="1220" pin=1"/></net>

<net id="1227"><net_src comp="120" pin="0"/><net_sink comp="1220" pin=2"/></net>

<net id="1228"><net_src comp="1220" pin="3"/><net_sink comp="811" pin=4"/></net>

<net id="1234"><net_src comp="96" pin="0"/><net_sink comp="1229" pin=0"/></net>

<net id="1235"><net_src comp="237" pin="3"/><net_sink comp="1229" pin=1"/></net>

<net id="1236"><net_src comp="122" pin="0"/><net_sink comp="1229" pin=2"/></net>

<net id="1237"><net_src comp="1229" pin="3"/><net_sink comp="821" pin=4"/></net>

<net id="1243"><net_src comp="96" pin="0"/><net_sink comp="1238" pin=0"/></net>

<net id="1244"><net_src comp="237" pin="3"/><net_sink comp="1238" pin=1"/></net>

<net id="1245"><net_src comp="124" pin="0"/><net_sink comp="1238" pin=2"/></net>

<net id="1246"><net_src comp="1238" pin="3"/><net_sink comp="831" pin=4"/></net>

<net id="1252"><net_src comp="96" pin="0"/><net_sink comp="1247" pin=0"/></net>

<net id="1253"><net_src comp="237" pin="3"/><net_sink comp="1247" pin=1"/></net>

<net id="1254"><net_src comp="126" pin="0"/><net_sink comp="1247" pin=2"/></net>

<net id="1255"><net_src comp="1247" pin="3"/><net_sink comp="841" pin=4"/></net>

<net id="1261"><net_src comp="96" pin="0"/><net_sink comp="1256" pin=0"/></net>

<net id="1262"><net_src comp="237" pin="3"/><net_sink comp="1256" pin=1"/></net>

<net id="1263"><net_src comp="128" pin="0"/><net_sink comp="1256" pin=2"/></net>

<net id="1264"><net_src comp="1256" pin="3"/><net_sink comp="851" pin=4"/></net>

<net id="1270"><net_src comp="96" pin="0"/><net_sink comp="1265" pin=0"/></net>

<net id="1271"><net_src comp="237" pin="3"/><net_sink comp="1265" pin=1"/></net>

<net id="1272"><net_src comp="130" pin="0"/><net_sink comp="1265" pin=2"/></net>

<net id="1273"><net_src comp="1265" pin="3"/><net_sink comp="861" pin=4"/></net>

<net id="1279"><net_src comp="96" pin="0"/><net_sink comp="1274" pin=0"/></net>

<net id="1280"><net_src comp="237" pin="3"/><net_sink comp="1274" pin=1"/></net>

<net id="1281"><net_src comp="132" pin="0"/><net_sink comp="1274" pin=2"/></net>

<net id="1282"><net_src comp="1274" pin="3"/><net_sink comp="871" pin=4"/></net>

<net id="1288"><net_src comp="96" pin="0"/><net_sink comp="1283" pin=0"/></net>

<net id="1289"><net_src comp="237" pin="3"/><net_sink comp="1283" pin=1"/></net>

<net id="1290"><net_src comp="134" pin="0"/><net_sink comp="1283" pin=2"/></net>

<net id="1291"><net_src comp="1283" pin="3"/><net_sink comp="881" pin=4"/></net>

<net id="1297"><net_src comp="96" pin="0"/><net_sink comp="1292" pin=0"/></net>

<net id="1298"><net_src comp="237" pin="3"/><net_sink comp="1292" pin=1"/></net>

<net id="1299"><net_src comp="136" pin="0"/><net_sink comp="1292" pin=2"/></net>

<net id="1300"><net_src comp="1292" pin="3"/><net_sink comp="891" pin=4"/></net>

<net id="1306"><net_src comp="96" pin="0"/><net_sink comp="1301" pin=0"/></net>

<net id="1307"><net_src comp="237" pin="3"/><net_sink comp="1301" pin=1"/></net>

<net id="1308"><net_src comp="138" pin="0"/><net_sink comp="1301" pin=2"/></net>

<net id="1309"><net_src comp="1301" pin="3"/><net_sink comp="901" pin=4"/></net>

<net id="1315"><net_src comp="96" pin="0"/><net_sink comp="1310" pin=0"/></net>

<net id="1316"><net_src comp="237" pin="3"/><net_sink comp="1310" pin=1"/></net>

<net id="1317"><net_src comp="140" pin="0"/><net_sink comp="1310" pin=2"/></net>

<net id="1318"><net_src comp="1310" pin="3"/><net_sink comp="911" pin=4"/></net>

<net id="1324"><net_src comp="96" pin="0"/><net_sink comp="1319" pin=0"/></net>

<net id="1325"><net_src comp="237" pin="3"/><net_sink comp="1319" pin=1"/></net>

<net id="1326"><net_src comp="142" pin="0"/><net_sink comp="1319" pin=2"/></net>

<net id="1327"><net_src comp="1319" pin="3"/><net_sink comp="921" pin=4"/></net>

<net id="1333"><net_src comp="96" pin="0"/><net_sink comp="1328" pin=0"/></net>

<net id="1334"><net_src comp="237" pin="3"/><net_sink comp="1328" pin=1"/></net>

<net id="1335"><net_src comp="144" pin="0"/><net_sink comp="1328" pin=2"/></net>

<net id="1336"><net_src comp="1328" pin="3"/><net_sink comp="931" pin=4"/></net>

<net id="1342"><net_src comp="96" pin="0"/><net_sink comp="1337" pin=0"/></net>

<net id="1343"><net_src comp="237" pin="3"/><net_sink comp="1337" pin=1"/></net>

<net id="1344"><net_src comp="146" pin="0"/><net_sink comp="1337" pin=2"/></net>

<net id="1345"><net_src comp="1337" pin="3"/><net_sink comp="941" pin=4"/></net>

<net id="1351"><net_src comp="96" pin="0"/><net_sink comp="1346" pin=0"/></net>

<net id="1352"><net_src comp="237" pin="3"/><net_sink comp="1346" pin=1"/></net>

<net id="1353"><net_src comp="148" pin="0"/><net_sink comp="1346" pin=2"/></net>

<net id="1354"><net_src comp="1346" pin="3"/><net_sink comp="951" pin=4"/></net>

<net id="1360"><net_src comp="96" pin="0"/><net_sink comp="1355" pin=0"/></net>

<net id="1361"><net_src comp="237" pin="3"/><net_sink comp="1355" pin=1"/></net>

<net id="1362"><net_src comp="150" pin="0"/><net_sink comp="1355" pin=2"/></net>

<net id="1363"><net_src comp="1355" pin="3"/><net_sink comp="961" pin=4"/></net>

<net id="1369"><net_src comp="96" pin="0"/><net_sink comp="1364" pin=0"/></net>

<net id="1370"><net_src comp="237" pin="3"/><net_sink comp="1364" pin=1"/></net>

<net id="1371"><net_src comp="152" pin="0"/><net_sink comp="1364" pin=2"/></net>

<net id="1372"><net_src comp="1364" pin="3"/><net_sink comp="971" pin=4"/></net>

<net id="1378"><net_src comp="96" pin="0"/><net_sink comp="1373" pin=0"/></net>

<net id="1379"><net_src comp="237" pin="3"/><net_sink comp="1373" pin=1"/></net>

<net id="1380"><net_src comp="154" pin="0"/><net_sink comp="1373" pin=2"/></net>

<net id="1381"><net_src comp="1373" pin="3"/><net_sink comp="981" pin=4"/></net>

<net id="1387"><net_src comp="96" pin="0"/><net_sink comp="1382" pin=0"/></net>

<net id="1388"><net_src comp="237" pin="3"/><net_sink comp="1382" pin=1"/></net>

<net id="1389"><net_src comp="156" pin="0"/><net_sink comp="1382" pin=2"/></net>

<net id="1390"><net_src comp="1382" pin="3"/><net_sink comp="991" pin=4"/></net>

<net id="1396"><net_src comp="96" pin="0"/><net_sink comp="1391" pin=0"/></net>

<net id="1397"><net_src comp="237" pin="3"/><net_sink comp="1391" pin=1"/></net>

<net id="1398"><net_src comp="158" pin="0"/><net_sink comp="1391" pin=2"/></net>

<net id="1399"><net_src comp="1391" pin="3"/><net_sink comp="1001" pin=4"/></net>

<net id="1405"><net_src comp="96" pin="0"/><net_sink comp="1400" pin=0"/></net>

<net id="1406"><net_src comp="237" pin="3"/><net_sink comp="1400" pin=1"/></net>

<net id="1407"><net_src comp="160" pin="0"/><net_sink comp="1400" pin=2"/></net>

<net id="1408"><net_src comp="1400" pin="3"/><net_sink comp="691" pin=1"/></net>

<net id="1414"><net_src comp="92" pin="0"/><net_sink comp="1409" pin=0"/></net>

<net id="1415"><net_src comp="162" pin="0"/><net_sink comp="1409" pin=2"/></net>

<net id="1419"><net_src comp="1409" pin="3"/><net_sink comp="1416" pin=0"/></net>

<net id="1420"><net_src comp="1416" pin="1"/><net_sink comp="467" pin=2"/></net>

<net id="1421"><net_src comp="1416" pin="1"/><net_sink comp="474" pin=2"/></net>

<net id="1422"><net_src comp="1416" pin="1"/><net_sink comp="481" pin=2"/></net>

<net id="1423"><net_src comp="1416" pin="1"/><net_sink comp="488" pin=2"/></net>

<net id="1424"><net_src comp="1416" pin="1"/><net_sink comp="495" pin=2"/></net>

<net id="1425"><net_src comp="1416" pin="1"/><net_sink comp="502" pin=2"/></net>

<net id="1426"><net_src comp="1416" pin="1"/><net_sink comp="509" pin=2"/></net>

<net id="1427"><net_src comp="1416" pin="1"/><net_sink comp="516" pin=2"/></net>

<net id="1428"><net_src comp="1416" pin="1"/><net_sink comp="523" pin=2"/></net>

<net id="1429"><net_src comp="1416" pin="1"/><net_sink comp="530" pin=2"/></net>

<net id="1430"><net_src comp="1416" pin="1"/><net_sink comp="537" pin=2"/></net>

<net id="1431"><net_src comp="1416" pin="1"/><net_sink comp="544" pin=2"/></net>

<net id="1432"><net_src comp="1416" pin="1"/><net_sink comp="551" pin=2"/></net>

<net id="1433"><net_src comp="1416" pin="1"/><net_sink comp="558" pin=2"/></net>

<net id="1434"><net_src comp="1416" pin="1"/><net_sink comp="565" pin=2"/></net>

<net id="1435"><net_src comp="1416" pin="1"/><net_sink comp="572" pin=2"/></net>

<net id="1436"><net_src comp="1416" pin="1"/><net_sink comp="579" pin=2"/></net>

<net id="1437"><net_src comp="1416" pin="1"/><net_sink comp="586" pin=2"/></net>

<net id="1438"><net_src comp="1416" pin="1"/><net_sink comp="593" pin=2"/></net>

<net id="1439"><net_src comp="1416" pin="1"/><net_sink comp="600" pin=2"/></net>

<net id="1440"><net_src comp="1416" pin="1"/><net_sink comp="607" pin=2"/></net>

<net id="1441"><net_src comp="1416" pin="1"/><net_sink comp="614" pin=2"/></net>

<net id="1442"><net_src comp="1416" pin="1"/><net_sink comp="621" pin=2"/></net>

<net id="1443"><net_src comp="1416" pin="1"/><net_sink comp="628" pin=2"/></net>

<net id="1444"><net_src comp="1416" pin="1"/><net_sink comp="635" pin=2"/></net>

<net id="1445"><net_src comp="1416" pin="1"/><net_sink comp="642" pin=2"/></net>

<net id="1446"><net_src comp="1416" pin="1"/><net_sink comp="649" pin=2"/></net>

<net id="1447"><net_src comp="1416" pin="1"/><net_sink comp="656" pin=2"/></net>

<net id="1448"><net_src comp="1416" pin="1"/><net_sink comp="663" pin=2"/></net>

<net id="1449"><net_src comp="1416" pin="1"/><net_sink comp="670" pin=2"/></net>

<net id="1450"><net_src comp="1416" pin="1"/><net_sink comp="677" pin=2"/></net>

<net id="1451"><net_src comp="1416" pin="1"/><net_sink comp="684" pin=2"/></net>

<net id="1457"><net_src comp="96" pin="0"/><net_sink comp="1452" pin=0"/></net>

<net id="1458"><net_src comp="237" pin="3"/><net_sink comp="1452" pin=1"/></net>

<net id="1459"><net_src comp="164" pin="0"/><net_sink comp="1452" pin=2"/></net>

<net id="1460"><net_src comp="1452" pin="3"/><net_sink comp="701" pin=1"/></net>

<net id="1466"><net_src comp="96" pin="0"/><net_sink comp="1461" pin=0"/></net>

<net id="1467"><net_src comp="237" pin="3"/><net_sink comp="1461" pin=1"/></net>

<net id="1468"><net_src comp="166" pin="0"/><net_sink comp="1461" pin=2"/></net>

<net id="1469"><net_src comp="1461" pin="3"/><net_sink comp="711" pin=1"/></net>

<net id="1475"><net_src comp="96" pin="0"/><net_sink comp="1470" pin=0"/></net>

<net id="1476"><net_src comp="237" pin="3"/><net_sink comp="1470" pin=1"/></net>

<net id="1477"><net_src comp="168" pin="0"/><net_sink comp="1470" pin=2"/></net>

<net id="1478"><net_src comp="1470" pin="3"/><net_sink comp="721" pin=1"/></net>

<net id="1484"><net_src comp="96" pin="0"/><net_sink comp="1479" pin=0"/></net>

<net id="1485"><net_src comp="237" pin="3"/><net_sink comp="1479" pin=1"/></net>

<net id="1486"><net_src comp="170" pin="0"/><net_sink comp="1479" pin=2"/></net>

<net id="1487"><net_src comp="1479" pin="3"/><net_sink comp="731" pin=1"/></net>

<net id="1493"><net_src comp="96" pin="0"/><net_sink comp="1488" pin=0"/></net>

<net id="1494"><net_src comp="237" pin="3"/><net_sink comp="1488" pin=1"/></net>

<net id="1495"><net_src comp="172" pin="0"/><net_sink comp="1488" pin=2"/></net>

<net id="1496"><net_src comp="1488" pin="3"/><net_sink comp="741" pin=1"/></net>

<net id="1502"><net_src comp="96" pin="0"/><net_sink comp="1497" pin=0"/></net>

<net id="1503"><net_src comp="237" pin="3"/><net_sink comp="1497" pin=1"/></net>

<net id="1504"><net_src comp="174" pin="0"/><net_sink comp="1497" pin=2"/></net>

<net id="1505"><net_src comp="1497" pin="3"/><net_sink comp="751" pin=1"/></net>

<net id="1511"><net_src comp="96" pin="0"/><net_sink comp="1506" pin=0"/></net>

<net id="1512"><net_src comp="237" pin="3"/><net_sink comp="1506" pin=1"/></net>

<net id="1513"><net_src comp="176" pin="0"/><net_sink comp="1506" pin=2"/></net>

<net id="1514"><net_src comp="1506" pin="3"/><net_sink comp="761" pin=1"/></net>

<net id="1520"><net_src comp="96" pin="0"/><net_sink comp="1515" pin=0"/></net>

<net id="1521"><net_src comp="237" pin="3"/><net_sink comp="1515" pin=1"/></net>

<net id="1522"><net_src comp="178" pin="0"/><net_sink comp="1515" pin=2"/></net>

<net id="1523"><net_src comp="1515" pin="3"/><net_sink comp="771" pin=1"/></net>

<net id="1529"><net_src comp="96" pin="0"/><net_sink comp="1524" pin=0"/></net>

<net id="1530"><net_src comp="237" pin="3"/><net_sink comp="1524" pin=1"/></net>

<net id="1531"><net_src comp="180" pin="0"/><net_sink comp="1524" pin=2"/></net>

<net id="1532"><net_src comp="1524" pin="3"/><net_sink comp="781" pin=1"/></net>

<net id="1538"><net_src comp="96" pin="0"/><net_sink comp="1533" pin=0"/></net>

<net id="1539"><net_src comp="237" pin="3"/><net_sink comp="1533" pin=1"/></net>

<net id="1540"><net_src comp="182" pin="0"/><net_sink comp="1533" pin=2"/></net>

<net id="1541"><net_src comp="1533" pin="3"/><net_sink comp="791" pin=1"/></net>

<net id="1547"><net_src comp="96" pin="0"/><net_sink comp="1542" pin=0"/></net>

<net id="1548"><net_src comp="237" pin="3"/><net_sink comp="1542" pin=1"/></net>

<net id="1549"><net_src comp="184" pin="0"/><net_sink comp="1542" pin=2"/></net>

<net id="1550"><net_src comp="1542" pin="3"/><net_sink comp="801" pin=1"/></net>

<net id="1556"><net_src comp="96" pin="0"/><net_sink comp="1551" pin=0"/></net>

<net id="1557"><net_src comp="237" pin="3"/><net_sink comp="1551" pin=1"/></net>

<net id="1558"><net_src comp="186" pin="0"/><net_sink comp="1551" pin=2"/></net>

<net id="1559"><net_src comp="1551" pin="3"/><net_sink comp="811" pin=1"/></net>

<net id="1565"><net_src comp="96" pin="0"/><net_sink comp="1560" pin=0"/></net>

<net id="1566"><net_src comp="237" pin="3"/><net_sink comp="1560" pin=1"/></net>

<net id="1567"><net_src comp="188" pin="0"/><net_sink comp="1560" pin=2"/></net>

<net id="1568"><net_src comp="1560" pin="3"/><net_sink comp="821" pin=1"/></net>

<net id="1574"><net_src comp="96" pin="0"/><net_sink comp="1569" pin=0"/></net>

<net id="1575"><net_src comp="237" pin="3"/><net_sink comp="1569" pin=1"/></net>

<net id="1576"><net_src comp="190" pin="0"/><net_sink comp="1569" pin=2"/></net>

<net id="1577"><net_src comp="1569" pin="3"/><net_sink comp="831" pin=1"/></net>

<net id="1583"><net_src comp="96" pin="0"/><net_sink comp="1578" pin=0"/></net>

<net id="1584"><net_src comp="237" pin="3"/><net_sink comp="1578" pin=1"/></net>

<net id="1585"><net_src comp="192" pin="0"/><net_sink comp="1578" pin=2"/></net>

<net id="1586"><net_src comp="1578" pin="3"/><net_sink comp="841" pin=1"/></net>

<net id="1592"><net_src comp="96" pin="0"/><net_sink comp="1587" pin=0"/></net>

<net id="1593"><net_src comp="237" pin="3"/><net_sink comp="1587" pin=1"/></net>

<net id="1594"><net_src comp="194" pin="0"/><net_sink comp="1587" pin=2"/></net>

<net id="1595"><net_src comp="1587" pin="3"/><net_sink comp="851" pin=1"/></net>

<net id="1601"><net_src comp="96" pin="0"/><net_sink comp="1596" pin=0"/></net>

<net id="1602"><net_src comp="237" pin="3"/><net_sink comp="1596" pin=1"/></net>

<net id="1603"><net_src comp="196" pin="0"/><net_sink comp="1596" pin=2"/></net>

<net id="1604"><net_src comp="1596" pin="3"/><net_sink comp="861" pin=1"/></net>

<net id="1610"><net_src comp="96" pin="0"/><net_sink comp="1605" pin=0"/></net>

<net id="1611"><net_src comp="237" pin="3"/><net_sink comp="1605" pin=1"/></net>

<net id="1612"><net_src comp="198" pin="0"/><net_sink comp="1605" pin=2"/></net>

<net id="1613"><net_src comp="1605" pin="3"/><net_sink comp="871" pin=1"/></net>

<net id="1619"><net_src comp="96" pin="0"/><net_sink comp="1614" pin=0"/></net>

<net id="1620"><net_src comp="237" pin="3"/><net_sink comp="1614" pin=1"/></net>

<net id="1621"><net_src comp="200" pin="0"/><net_sink comp="1614" pin=2"/></net>

<net id="1622"><net_src comp="1614" pin="3"/><net_sink comp="881" pin=1"/></net>

<net id="1628"><net_src comp="96" pin="0"/><net_sink comp="1623" pin=0"/></net>

<net id="1629"><net_src comp="237" pin="3"/><net_sink comp="1623" pin=1"/></net>

<net id="1630"><net_src comp="202" pin="0"/><net_sink comp="1623" pin=2"/></net>

<net id="1631"><net_src comp="1623" pin="3"/><net_sink comp="891" pin=1"/></net>

<net id="1637"><net_src comp="96" pin="0"/><net_sink comp="1632" pin=0"/></net>

<net id="1638"><net_src comp="237" pin="3"/><net_sink comp="1632" pin=1"/></net>

<net id="1639"><net_src comp="204" pin="0"/><net_sink comp="1632" pin=2"/></net>

<net id="1640"><net_src comp="1632" pin="3"/><net_sink comp="901" pin=1"/></net>

<net id="1646"><net_src comp="96" pin="0"/><net_sink comp="1641" pin=0"/></net>

<net id="1647"><net_src comp="237" pin="3"/><net_sink comp="1641" pin=1"/></net>

<net id="1648"><net_src comp="206" pin="0"/><net_sink comp="1641" pin=2"/></net>

<net id="1649"><net_src comp="1641" pin="3"/><net_sink comp="911" pin=1"/></net>

<net id="1655"><net_src comp="96" pin="0"/><net_sink comp="1650" pin=0"/></net>

<net id="1656"><net_src comp="237" pin="3"/><net_sink comp="1650" pin=1"/></net>

<net id="1657"><net_src comp="208" pin="0"/><net_sink comp="1650" pin=2"/></net>

<net id="1658"><net_src comp="1650" pin="3"/><net_sink comp="921" pin=1"/></net>

<net id="1664"><net_src comp="96" pin="0"/><net_sink comp="1659" pin=0"/></net>

<net id="1665"><net_src comp="237" pin="3"/><net_sink comp="1659" pin=1"/></net>

<net id="1666"><net_src comp="210" pin="0"/><net_sink comp="1659" pin=2"/></net>

<net id="1667"><net_src comp="1659" pin="3"/><net_sink comp="931" pin=1"/></net>

<net id="1673"><net_src comp="96" pin="0"/><net_sink comp="1668" pin=0"/></net>

<net id="1674"><net_src comp="237" pin="3"/><net_sink comp="1668" pin=1"/></net>

<net id="1675"><net_src comp="212" pin="0"/><net_sink comp="1668" pin=2"/></net>

<net id="1676"><net_src comp="1668" pin="3"/><net_sink comp="941" pin=1"/></net>

<net id="1682"><net_src comp="96" pin="0"/><net_sink comp="1677" pin=0"/></net>

<net id="1683"><net_src comp="237" pin="3"/><net_sink comp="1677" pin=1"/></net>

<net id="1684"><net_src comp="214" pin="0"/><net_sink comp="1677" pin=2"/></net>

<net id="1685"><net_src comp="1677" pin="3"/><net_sink comp="951" pin=1"/></net>

<net id="1691"><net_src comp="96" pin="0"/><net_sink comp="1686" pin=0"/></net>

<net id="1692"><net_src comp="237" pin="3"/><net_sink comp="1686" pin=1"/></net>

<net id="1693"><net_src comp="216" pin="0"/><net_sink comp="1686" pin=2"/></net>

<net id="1694"><net_src comp="1686" pin="3"/><net_sink comp="961" pin=1"/></net>

<net id="1700"><net_src comp="96" pin="0"/><net_sink comp="1695" pin=0"/></net>

<net id="1701"><net_src comp="237" pin="3"/><net_sink comp="1695" pin=1"/></net>

<net id="1702"><net_src comp="218" pin="0"/><net_sink comp="1695" pin=2"/></net>

<net id="1703"><net_src comp="1695" pin="3"/><net_sink comp="971" pin=1"/></net>

<net id="1709"><net_src comp="96" pin="0"/><net_sink comp="1704" pin=0"/></net>

<net id="1710"><net_src comp="237" pin="3"/><net_sink comp="1704" pin=1"/></net>

<net id="1711"><net_src comp="220" pin="0"/><net_sink comp="1704" pin=2"/></net>

<net id="1712"><net_src comp="1704" pin="3"/><net_sink comp="981" pin=1"/></net>

<net id="1718"><net_src comp="96" pin="0"/><net_sink comp="1713" pin=0"/></net>

<net id="1719"><net_src comp="237" pin="3"/><net_sink comp="1713" pin=1"/></net>

<net id="1720"><net_src comp="222" pin="0"/><net_sink comp="1713" pin=2"/></net>

<net id="1721"><net_src comp="1713" pin="3"/><net_sink comp="991" pin=1"/></net>

<net id="1727"><net_src comp="96" pin="0"/><net_sink comp="1722" pin=0"/></net>

<net id="1728"><net_src comp="237" pin="3"/><net_sink comp="1722" pin=1"/></net>

<net id="1729"><net_src comp="224" pin="0"/><net_sink comp="1722" pin=2"/></net>

<net id="1730"><net_src comp="1722" pin="3"/><net_sink comp="1001" pin=1"/></net>

<net id="1734"><net_src comp="226" pin="1"/><net_sink comp="1731" pin=0"/></net>

<net id="1735"><net_src comp="1731" pin="1"/><net_sink comp="1043" pin=1"/></net>

<net id="1736"><net_src comp="1731" pin="1"/><net_sink comp="1048" pin=0"/></net>

<net id="1737"><net_src comp="1731" pin="1"/><net_sink comp="1068" pin=1"/></net>

<net id="1741"><net_src comp="1048" pin="1"/><net_sink comp="1738" pin=0"/></net>

<net id="1742"><net_src comp="1738" pin="1"/><net_sink comp="1073" pin=1"/></net>

<net id="1743"><net_src comp="1738" pin="1"/><net_sink comp="1409" pin=1"/></net>

<net id="1750"><net_src comp="230" pin="3"/><net_sink comp="1747" pin=0"/></net>

<net id="1751"><net_src comp="1747" pin="1"/><net_sink comp="237" pin=0"/></net>

</net_list>

</model> 
---------------- Datapath Model END ------------------

* FSMD analyzer results:
  - Output states:
	Port: row_bytes_31 | {2 }
	Port: row_bytes_30 | {2 }
	Port: row_bytes_29 | {2 }
	Port: row_bytes_28 | {2 }
	Port: row_bytes_27 | {2 }
	Port: row_bytes_26 | {2 }
	Port: row_bytes_25 | {2 }
	Port: row_bytes_24 | {2 }
	Port: row_bytes_23 | {2 }
	Port: row_bytes_22 | {2 }
	Port: row_bytes_21 | {2 }
	Port: row_bytes_20 | {2 }
	Port: row_bytes_19 | {2 }
	Port: row_bytes_18 | {2 }
	Port: row_bytes_17 | {2 }
	Port: row_bytes_16 | {2 }
	Port: row_bytes_15 | {2 }
	Port: row_bytes_14 | {2 }
	Port: row_bytes_13 | {2 }
	Port: row_bytes_12 | {2 }
	Port: row_bytes_11 | {2 }
	Port: row_bytes_10 | {2 }
	Port: row_bytes_9 | {2 }
	Port: row_bytes_8 | {2 }
	Port: row_bytes_7 | {2 }
	Port: row_bytes_6 | {2 }
	Port: row_bytes_5 | {2 }
	Port: row_bytes_4 | {2 }
	Port: row_bytes_3 | {2 }
	Port: row_bytes_2 | {2 }
	Port: row_bytes_1 | {2 }
	Port: row_bytes | {2 }
 - Input state : 
	Port: grayscale_Pipeline_unpack_bytes : row_words | {1 2 }
  - Chain level:
	State 1
		store_ln24 : 1
		w_1 : 1
		icmp_ln24 : 2
		add_ln24 : 2
		br_ln24 : 3
		zext_ln24 : 2
		row_words_addr : 3
		row_words_load : 4
		store_ln24 : 3
	State 2
		zext_ln28 : 1
		trunc_ln28 : 1
		row_bytes_addr : 2
		tmp_s : 1
		row_bytes_1_addr : 2
		tmp_40 : 1
		row_bytes_2_addr : 2
		tmp_41 : 1
		row_bytes_3_addr : 2
		tmp_42 : 1
		row_bytes_4_addr : 2
		tmp_43 : 1
		row_bytes_5_addr : 2
		tmp_44 : 1
		row_bytes_6_addr : 2
		tmp_45 : 1
		row_bytes_7_addr : 2
		tmp_46 : 1
		row_bytes_8_addr : 2
		tmp_47 : 1
		row_bytes_9_addr : 2
		tmp_48 : 1
		row_bytes_10_addr : 2
		tmp_49 : 1
		row_bytes_11_addr : 2
		tmp_50 : 1
		row_bytes_12_addr : 2
		tmp_51 : 1
		row_bytes_13_addr : 2
		tmp_52 : 1
		row_bytes_14_addr : 2
		tmp_53 : 1
		row_bytes_15_addr : 2
		tmp_54 : 1
		row_bytes_16_addr : 2
		tmp_55 : 1
		row_bytes_17_addr : 2
		tmp_56 : 1
		row_bytes_18_addr : 2
		tmp_57 : 1
		row_bytes_19_addr : 2
		tmp_58 : 1
		row_bytes_20_addr : 2
		tmp_59 : 1
		row_bytes_21_addr : 2
		tmp_60 : 1
		row_bytes_22_addr : 2
		tmp_61 : 1
		row_bytes_23_addr : 2
		tmp_62 : 1
		row_bytes_24_addr : 2
		tmp_63 : 1
		row_bytes_25_addr : 2
		tmp_64 : 1
		row_bytes_26_addr : 2
		tmp_65 : 1
		row_bytes_27_addr : 2
		tmp_66 : 1
		row_bytes_28_addr : 2
		tmp_67 : 1
		row_bytes_29_addr : 2
		tmp_68 : 1
		row_bytes_30_addr : 2
		tmp_69 : 1
		row_bytes_31_addr : 2
		tmp_70 : 1
		zext_ln28_1 : 1
		row_bytes_addr_1 : 2
		tmp_71 : 1
		row_bytes_1_addr_1 : 2
		tmp_72 : 1
		row_bytes_2_addr_1 : 2
		tmp_73 : 1
		row_bytes_3_addr_1 : 2
		tmp_74 : 1
		row_bytes_4_addr_1 : 2
		tmp_75 : 1
		row_bytes_5_addr_1 : 2
		tmp_76 : 1
		row_bytes_6_addr_1 : 2
		tmp_77 : 1
		row_bytes_7_addr_1 : 2
		tmp_78 : 1
		row_bytes_8_addr_1 : 2
		tmp_79 : 1
		row_bytes_9_addr_1 : 2
		tmp_80 : 1
		row_bytes_10_addr_1 : 2
		tmp_81 : 1
		row_bytes_11_addr_1 : 2
		tmp_82 : 1
		row_bytes_12_addr_1 : 2
		tmp_83 : 1
		row_bytes_13_addr_1 : 2
		tmp_84 : 1
		row_bytes_14_addr_1 : 2
		tmp_85 : 1
		row_bytes_15_addr_1 : 2
		tmp_86 : 1
		row_bytes_16_addr_1 : 2
		tmp_87 : 1
		row_bytes_17_addr_1 : 2
		tmp_88 : 1
		row_bytes_18_addr_1 : 2
		tmp_89 : 1
		row_bytes_19_addr_1 : 2
		tmp_90 : 1
		row_bytes_20_addr_1 : 2
		tmp_91 : 1
		row_bytes_21_addr_1 : 2
		tmp_92 : 1
		row_bytes_22_addr_1 : 2
		tmp_93 : 1
		row_bytes_23_addr_1 : 2
		tmp_94 : 1
		row_bytes_24_addr_1 : 2
		tmp_95 : 1
		row_bytes_25_addr_1 : 2
		tmp_96 : 1
		row_bytes_26_addr_1 : 2
		tmp_97 : 1
		row_bytes_27_addr_1 : 2
		tmp_98 : 1
		row_bytes_28_addr_1 : 2
		tmp_99 : 1
		row_bytes_29_addr_1 : 2
		tmp_100 : 1
		row_bytes_30_addr_1 : 2
		tmp_101 : 1
		row_bytes_31_addr_1 : 2
		store_ln28 : 3
		store_ln28 : 3
		store_ln28 : 3
		store_ln28 : 3
		store_ln28 : 3
		store_ln28 : 3
		store_ln28 : 3
		store_ln28 : 3
		store_ln28 : 3
		store_ln28 : 3
		store_ln28 : 3
		store_ln28 : 3
		store_ln28 : 3
		store_ln28 : 3
		store_ln28 : 3
		store_ln28 : 3
		store_ln28 : 3
		store_ln28 : 3
		store_ln28 : 3
		store_ln28 : 3
		store_ln28 : 3
		store_ln28 : 3
		store_ln28 : 3
		store_ln28 : 3
		store_ln28 : 3
		store_ln28 : 3
		store_ln28 : 3
		store_ln28 : 3
		store_ln28 : 3
		store_ln28 : 3
		store_ln28 : 3
		store_ln28 : 3
		store_ln28 : 3
		store_ln28 : 3
		store_ln28 : 3
		store_ln28 : 3
		store_ln28 : 3
		store_ln28 : 3
		store_ln28 : 3
		store_ln28 : 3
		store_ln28 : 3
		store_ln28 : 3
		store_ln28 : 3
		store_ln28 : 3
		store_ln28 : 3
		store_ln28 : 3
		store_ln28 : 3
		store_ln28 : 3
		store_ln28 : 3
		store_ln28 : 3
		store_ln28 : 3
		store_ln28 : 3
		store_ln28 : 3
		store_ln28 : 3
		store_ln28 : 3
		store_ln28 : 3
		store_ln28 : 3
		store_ln28 : 3
		store_ln28 : 3
		store_ln28 : 3
		store_ln28 : 3
		store_ln28 : 3
		store_ln28 : 3
		store_ln28 : 3


============================================================
+ Verbose Summary: Datapath Resource usage 
============================================================

* Functional unit list:
|----------|---------------------|---------|---------|
| Operation|   Functional Unit   |    FF   |   LUT   |
|----------|---------------------|---------|---------|
|   icmp   |  icmp_ln24_fu_1051  |    0    |    12   |
|----------|---------------------|---------|---------|
|    add   |   add_ln24_fu_1057  |    0    |    12   |
|----------|---------------------|---------|---------|
|          |  zext_ln24_fu_1063  |    0    |    0    |
|   zext   |  zext_ln28_fu_1080  |    0    |    0    |
|          | zext_ln28_1_fu_1416 |    0    |    0    |
|----------|---------------------|---------|---------|
|bitconcatenate|    shl_ln_fu_1073   |    0    |    0    |
|          |    or_ln_fu_1409    |    0    |    0    |
|----------|---------------------|---------|---------|
|   trunc  |  trunc_ln28_fu_1116 |    0    |    0    |
|----------|---------------------|---------|---------|
|          |    tmp_s_fu_1121    |    0    |    0    |
|          |    tmp_40_fu_1130   |    0    |    0    |
|          |    tmp_41_fu_1139   |    0    |    0    |
|          |    tmp_42_fu_1148   |    0    |    0    |
|          |    tmp_43_fu_1157   |    0    |    0    |
|          |    tmp_44_fu_1166   |    0    |    0    |
|          |    tmp_45_fu_1175   |    0    |    0    |
|          |    tmp_46_fu_1184   |    0    |    0    |
|          |    tmp_47_fu_1193   |    0    |    0    |
|          |    tmp_48_fu_1202   |    0    |    0    |
|          |    tmp_49_fu_1211   |    0    |    0    |
|          |    tmp_50_fu_1220   |    0    |    0    |
|          |    tmp_51_fu_1229   |    0    |    0    |
|          |    tmp_52_fu_1238   |    0    |    0    |
|          |    tmp_53_fu_1247   |    0    |    0    |
|          |    tmp_54_fu_1256   |    0    |    0    |
|          |    tmp_55_fu_1265   |    0    |    0    |
|          |    tmp_56_fu_1274   |    0    |    0    |
|          |    tmp_57_fu_1283   |    0    |    0    |
|          |    tmp_58_fu_1292   |    0    |    0    |
|          |    tmp_59_fu_1301   |    0    |    0    |
|          |    tmp_60_fu_1310   |    0    |    0    |
|          |    tmp_61_fu_1319   |    0    |    0    |
|          |    tmp_62_fu_1328   |    0    |    0    |
|          |    tmp_63_fu_1337   |    0    |    0    |
|          |    tmp_64_fu_1346   |    0    |    0    |
|          |    tmp_65_fu_1355   |    0    |    0    |
|          |    tmp_66_fu_1364   |    0    |    0    |
|          |    tmp_67_fu_1373   |    0    |    0    |
|          |    tmp_68_fu_1382   |    0    |    0    |
|          |    tmp_69_fu_1391   |    0    |    0    |
|partselect|    tmp_70_fu_1400   |    0    |    0    |
|          |    tmp_71_fu_1452   |    0    |    0    |
|          |    tmp_72_fu_1461   |    0    |    0    |
|          |    tmp_73_fu_1470   |    0    |    0    |
|          |    tmp_74_fu_1479   |    0    |    0    |
|          |    tmp_75_fu_1488   |    0    |    0    |
|          |    tmp_76_fu_1497   |    0    |    0    |
|          |    tmp_77_fu_1506   |    0    |    0    |
|          |    tmp_78_fu_1515   |    0    |    0    |
|          |    tmp_79_fu_1524   |    0    |    0    |
|          |    tmp_80_fu_1533   |    0    |    0    |
|          |    tmp_81_fu_1542   |    0    |    0    |
|          |    tmp_82_fu_1551   |    0    |    0    |
|          |    tmp_83_fu_1560   |    0    |    0    |
|          |    tmp_84_fu_1569   |    0    |    0    |
|          |    tmp_85_fu_1578   |    0    |    0    |
|          |    tmp_86_fu_1587   |    0    |    0    |
|          |    tmp_87_fu_1596   |    0    |    0    |
|          |    tmp_88_fu_1605   |    0    |    0    |
|          |    tmp_89_fu_1614   |    0    |    0    |
|          |    tmp_90_fu_1623   |    0    |    0    |
|          |    tmp_91_fu_1632   |    0    |    0    |
|          |    tmp_92_fu_1641   |    0    |    0    |
|          |    tmp_93_fu_1650   |    0    |    0    |
|          |    tmp_94_fu_1659   |    0    |    0    |
|          |    tmp_95_fu_1668   |    0    |    0    |
|          |    tmp_96_fu_1677   |    0    |    0    |
|          |    tmp_97_fu_1686   |    0    |    0    |
|          |    tmp_98_fu_1695   |    0    |    0    |
|          |    tmp_99_fu_1704   |    0    |    0    |
|          |   tmp_100_fu_1713   |    0    |    0    |
|          |   tmp_101_fu_1722   |    0    |    0    |
|----------|---------------------|---------|---------|
|   Total  |                     |    0    |    24   |
|----------|---------------------|---------|---------|

Memories:
N/A

* Register list:
+-----------------------+--------+
|                       |   FF   |
+-----------------------+--------+
|row_words_addr_reg_1747|    5   |
|      w_1_reg_1738     |    5   |
|       w_reg_1731      |    5   |
+-----------------------+--------+
|         Total         |   15   |
+-----------------------+--------+

* Multiplexer (MUX) list: 
|-------------------|------|------|------|--------||---------||---------||---------|
|        Comp       |  Pin | Size |  BW  | S x BW ||  Delay  ||    FF   ||   LUT   |
|-------------------|------|------|------|--------||---------||---------||---------|
| grp_access_fu_237 |  p0  |   2  |   5  |   10   ||    0    ||    9    |
|-------------------|------|------|------|--------||---------||---------||---------|
|       Total       |      |      |      |   10   ||  0.427  ||    0    ||    9    |
|-------------------|------|------|------|--------||---------||---------||---------|



* Summary:
+-----------+--------+--------+--------+
|           |  Delay |   FF   |   LUT  |
+-----------+--------+--------+--------+
|  Function |    -   |    0   |   24   |
|   Memory  |    -   |    -   |    -   |
|Multiplexer|    0   |    0   |    9   |
|  Register |    -   |   15   |    -   |
+-----------+--------+--------+--------+
|   Total   |    0   |   15   |   33   |
+-----------+--------+--------+--------+
