

================================================================
== Vitis HLS Report for 'grayscale_Pipeline_unpack_pixels'
================================================================
* Date:           Sat Aug  1 15:48:52 2026

* Version:        2025.2 (Build 6295257 on Nov 14 2025)
* Project:        canny_top
* Solution:       hls (Vitis Kernel Flow Target)
* Product family: zynquplus
* Target device:  xck26-sfvc784-2LV-c


================================================================
== Performance Estimates
================================================================
+ Timing: 
    * Summary: 
    +--------+---------+----------+------------+
    |  Clock |  Target | Estimated| Uncertainty|
    +--------+---------+----------+------------+
    |ap_clk  |  5.00 ns|  2.462 ns|     1.35 ns|
    +--------+---------+----------+------------+

+ Latency: 
    * Summary: 
    +---------+---------+----------+----------+-----+-----+-------------------+
    |  Latency (cycles) |  Latency (absolute) |  Interval |      Pipeline     |
    |   min   |   max   |    min   |    max   | min | max |        Type       |
    +---------+---------+----------+----------+-----+-----+-------------------+
    |      519|      519|  2.595 us|  2.595 us|    0|    0|  loop pipeline stp|
    +---------+---------+----------+----------+-----+-----+-------------------+

    + Detail: 
        * Instance: 
        N/A

        * Loop: 
        +-----------------+---------+---------+----------+-----------+-----------+------+----------+
        |                 |  Latency (cycles) | Iteration|  Initiation Interval  | Trip |          |
        |    Loop Name    |   min   |   max   |  Latency |  achieved |   target  | Count| Pipelined|
        +-----------------+---------+---------+----------+-----------+-----------+------+----------+
        |- unpack_pixels  |      517|      517|         7|          1|          1|   512|       yes|
        +-----------------+---------+---------+----------+-----------+-----------+------+----------+



================================================================
== Utilization Estimates
================================================================
* Summary: 
+-----------------+---------+------+--------+--------+-----+
|       Name      | BRAM_18K|  DSP |   FF   |   LUT  | URAM|
+-----------------+---------+------+--------+--------+-----+
|DSP              |        -|     2|       -|       -|    -|
|Expression       |        -|     -|       0|      93|    -|
|FIFO             |        -|     -|       -|       -|    -|
|Instance         |        -|     0|       0|     484|    -|
|Memory           |        -|     -|       -|       -|    -|
|Multiplexer      |        -|     -|       0|     493|    -|
|Register         |        -|     -|     153|      32|    -|
+-----------------+---------+------+--------+--------+-----+
|Total            |        0|     2|     153|    1102|    0|
+-----------------+---------+------+--------+--------+-----+
|Available        |      288|  1248|  234240|  117120|   64|
+-----------------+---------+------+--------+--------+-----+
|Utilization (%)  |        0|    ~0|      ~0|      ~0|    0|
+-----------------+---------+------+--------+--------+-----+

+ Detail: 
    * Instance: 
    +--------------------------+----------------------+---------+----+---+-----+-----+
    |         Instance         |        Module        | BRAM_18K| DSP| FF| LUT | URAM|
    +--------------------------+----------------------+---------+----+---+-----+-----+
    |mul_8ns_8ns_15_1_1_U41    |mul_8ns_8ns_15_1_1    |        0|   0|  0|   40|    0|
    |sparsemux_65_5_8_1_1_U38  |sparsemux_65_5_8_1_1  |        0|   0|  0|  148|    0|
    |sparsemux_65_5_8_1_1_U39  |sparsemux_65_5_8_1_1  |        0|   0|  0|  148|    0|
    |sparsemux_65_5_8_1_1_U40  |sparsemux_65_5_8_1_1  |        0|   0|  0|  148|    0|
    +--------------------------+----------------------+---------+----+---+-----+-----+
    |Total                     |                      |        0|   0|  0|  484|    0|
    +--------------------------+----------------------+---------+----+---+-----+-----+

    * DSP: 
    +------------------------------------+--------------------------------+--------------+
    |              Instance              |             Module             |  Expression  |
    +------------------------------------+--------------------------------+--------------+
    |mac_muladd_8ns_5ns_15s_15_4_1_U42   |mac_muladd_8ns_5ns_15s_15_4_1   |  i0 + i1 * i2|
    |mac_muladd_8ns_8ns_15ns_16_4_1_U43  |mac_muladd_8ns_8ns_15ns_16_4_1  |  i0 + i1 * i2|
    +------------------------------------+--------------------------------+--------------+

    * Memory: 
    N/A

    * FIFO: 
    N/A

    * Expression: 
    +--------------------------------+----------+----+---+----+------------+------------+
    |          Variable Name         | Operation| DSP| FF| LUT| Bitwidth P0| Bitwidth P1|
    +--------------------------------+----------+----+---+----+------------+------------+
    |add_ln32_fu_1273_p2             |         +|   0|  0|  17|          10|           1|
    |add_ln37_fu_1489_p2             |         +|   0|  0|  18|          11|           1|
    |add_ln38_fu_1540_p2             |         +|   0|  0|  18|          11|           2|
    |sub_ln36_fu_1302_p2             |         -|   0|  0|  18|          11|          11|
    |ap_block_pp0_stage0_01001_grp1  |       and|   0|  0|   2|           1|           1|
    |icmp_ln32_fu_1267_p2            |      icmp|   0|  0|  18|          10|          11|
    |ap_enable_pp0                   |       xor|   0|  0|   2|           1|           2|
    +--------------------------------+----------+----+---+----+------------+------------+
    |Total                           |          |   0|  0|  93|          55|          29|
    +--------------------------------+----------+----+---+----+------------+------------+

    * Multiplexer: 
    +-----------------------------+----+-----------+-----+-----------+
    |             Name            | LUT| Input Size| Bits| Total Bits|
    +-----------------------------+----+-----------+-----+-----------+
    |ap_done_int                  |   9|          2|    1|          2|
    |ap_enable_reg_pp0_iter1      |   9|          2|    1|          2|
    |ap_sig_allocacmp_column_13   |   9|          2|   10|         20|
    |column_fu_192                |   9|          2|   10|         20|
    |gray_out_blk_n               |   9|          2|    1|          2|
    |row_bytes_10_address0_local  |  14|          3|    6|         18|
    |row_bytes_11_address0_local  |  14|          3|    6|         18|
    |row_bytes_12_address0_local  |  14|          3|    6|         18|
    |row_bytes_13_address0_local  |  14|          3|    6|         18|
    |row_bytes_14_address0_local  |  14|          3|    6|         18|
    |row_bytes_15_address0_local  |  14|          3|    6|         18|
    |row_bytes_16_address0_local  |  14|          3|    6|         18|
    |row_bytes_17_address0_local  |  14|          3|    6|         18|
    |row_bytes_18_address0_local  |  14|          3|    6|         18|
    |row_bytes_19_address0_local  |  14|          3|    6|         18|
    |row_bytes_1_address0_local   |  14|          3|    6|         18|
    |row_bytes_20_address0_local  |  14|          3|    6|         18|
    |row_bytes_21_address0_local  |  14|          3|    6|         18|
    |row_bytes_22_address0_local  |  14|          3|    6|         18|
    |row_bytes_23_address0_local  |  14|          3|    6|         18|
    |row_bytes_24_address0_local  |  14|          3|    6|         18|
    |row_bytes_25_address0_local  |  14|          3|    6|         18|
    |row_bytes_26_address0_local  |  14|          3|    6|         18|
    |row_bytes_27_address0_local  |  14|          3|    6|         18|
    |row_bytes_28_address0_local  |  14|          3|    6|         18|
    |row_bytes_29_address0_local  |  14|          3|    6|         18|
    |row_bytes_2_address0_local   |  14|          3|    6|         18|
    |row_bytes_30_address0_local  |  14|          3|    6|         18|
    |row_bytes_31_address0_local  |  14|          3|    6|         18|
    |row_bytes_3_address0_local   |  14|          3|    6|         18|
    |row_bytes_4_address0_local   |  14|          3|    6|         18|
    |row_bytes_5_address0_local   |  14|          3|    6|         18|
    |row_bytes_6_address0_local   |  14|          3|    6|         18|
    |row_bytes_7_address0_local   |  14|          3|    6|         18|
    |row_bytes_8_address0_local   |  14|          3|    6|         18|
    |row_bytes_9_address0_local   |  14|          3|    6|         18|
    |row_bytes_address0_local     |  14|          3|    6|         18|
    +-----------------------------+----+-----------+-----+-----------+
    |Total                        | 493|        106|  215|        622|
    +-----------------------------+----+-----------+-----+-----------+

    * Register: 
    +----------------------------------+----+----+-----+-----------+
    |               Name               | FF | LUT| Bits| Const Bits|
    +----------------------------------+----+----+-----+-----------+
    |ap_CS_fsm                         |   1|   0|    1|          0|
    |ap_done_reg                       |   1|   0|    1|          0|
    |ap_enable_reg_pp0_iter1           |   1|   0|    1|          0|
    |ap_enable_reg_pp0_iter2           |   1|   0|    1|          0|
    |ap_enable_reg_pp0_iter3           |   1|   0|    1|          0|
    |ap_enable_reg_pp0_iter4           |   1|   0|    1|          0|
    |ap_enable_reg_pp0_iter5           |   1|   0|    1|          0|
    |ap_enable_reg_pp0_iter6           |   1|   0|    1|          0|
    |ap_loop_exit_ready_pp0_iter1_reg  |   1|   0|    1|          0|
    |ap_loop_exit_ready_pp0_iter2_reg  |   1|   0|    1|          0|
    |ap_loop_exit_ready_pp0_iter3_reg  |   1|   0|    1|          0|
    |ap_loop_exit_ready_pp0_iter4_reg  |   1|   0|    1|          0|
    |ap_loop_exit_ready_pp0_iter5_reg  |   1|   0|    1|          0|
    |ap_predicate_pred591_state3       |   1|   0|    1|          0|
    |ap_predicate_pred594_state3       |   1|   0|    1|          0|
    |ap_predicate_pred597_state3       |   1|   0|    1|          0|
    |ap_predicate_pred600_state3       |   1|   0|    1|          0|
    |ap_predicate_pred603_state3       |   1|   0|    1|          0|
    |ap_predicate_pred606_state3       |   1|   0|    1|          0|
    |ap_predicate_pred609_state3       |   1|   0|    1|          0|
    |ap_predicate_pred612_state3       |   1|   0|    1|          0|
    |ap_predicate_pred615_state3       |   1|   0|    1|          0|
    |ap_predicate_pred618_state3       |   1|   0|    1|          0|
    |ap_predicate_pred621_state3       |   1|   0|    1|          0|
    |ap_predicate_pred624_state3       |   1|   0|    1|          0|
    |ap_predicate_pred627_state3       |   1|   0|    1|          0|
    |ap_predicate_pred630_state3       |   1|   0|    1|          0|
    |ap_predicate_pred633_state3       |   1|   0|    1|          0|
    |ap_predicate_pred636_state3       |   1|   0|    1|          0|
    |ap_predicate_pred639_state3       |   1|   0|    1|          0|
    |ap_predicate_pred642_state3       |   1|   0|    1|          0|
    |ap_predicate_pred645_state3       |   1|   0|    1|          0|
    |ap_predicate_pred648_state3       |   1|   0|    1|          0|
    |ap_predicate_pred651_state3       |   1|   0|    1|          0|
    |ap_predicate_pred654_state3       |   1|   0|    1|          0|
    |ap_predicate_pred657_state3       |   1|   0|    1|          0|
    |ap_predicate_pred660_state3       |   1|   0|    1|          0|
    |ap_predicate_pred663_state3       |   1|   0|    1|          0|
    |ap_predicate_pred666_state3       |   1|   0|    1|          0|
    |ap_predicate_pred669_state3       |   1|   0|    1|          0|
    |ap_predicate_pred672_state3       |   1|   0|    1|          0|
    |ap_predicate_pred675_state3       |   1|   0|    1|          0|
    |ap_predicate_pred678_state3       |   1|   0|    1|          0|
    |ap_predicate_pred681_state3       |   1|   0|    1|          0|
    |ap_predicate_pred684_state3       |   1|   0|    1|          0|
    |column_13_reg_1916                |  10|   0|   10|          0|
    |column_fu_192                     |  10|   0|   10|          0|
    |pixel_5_reg_2424                  |   8|   0|    8|          0|
    |sub_ln36_reg_1933                 |  11|   0|   11|          0|
    |trunc_ln32_reg_1926               |   5|   0|    5|          0|
    |trunc_ln32_reg_1926               |  64|  32|    5|          0|
    +----------------------------------+----+----+-----+-----------+
    |Total                             | 153|  32|   94|          0|
    +----------------------------------+----+----+-----+-----------+



================================================================
== Interface
================================================================
* Summary: 
+-------------------------+-----+-----+------------+----------------------------------+--------------+
|        RTL Ports        | Dir | Bits|  Protocol  |           Source Object          |    C Type    |
+-------------------------+-----+-----+------------+----------------------------------+--------------+
|ap_clk                   |   in|    1|  ap_ctrl_hs|  grayscale_Pipeline_unpack_pixels|  return value|
|ap_rst                   |   in|    1|  ap_ctrl_hs|  grayscale_Pipeline_unpack_pixels|  return value|
|ap_start                 |   in|    1|  ap_ctrl_hs|  grayscale_Pipeline_unpack_pixels|  return value|
|ap_done                  |  out|    1|  ap_ctrl_hs|  grayscale_Pipeline_unpack_pixels|  return value|
|ap_idle                  |  out|    1|  ap_ctrl_hs|  grayscale_Pipeline_unpack_pixels|  return value|
|ap_ready                 |  out|    1|  ap_ctrl_hs|  grayscale_Pipeline_unpack_pixels|  return value|
|gray_out_din             |  out|    8|     ap_fifo|                          gray_out|       pointer|
|gray_out_full_n          |   in|    1|     ap_fifo|                          gray_out|       pointer|
|gray_out_write           |  out|    1|     ap_fifo|                          gray_out|       pointer|
|gray_out_num_data_valid  |   in|   32|     ap_fifo|                          gray_out|       pointer|
|gray_out_fifo_cap        |   in|   32|     ap_fifo|                          gray_out|       pointer|
|row_bytes_address0       |  out|    6|   ap_memory|                         row_bytes|         array|
|row_bytes_ce0            |  out|    1|   ap_memory|                         row_bytes|         array|
|row_bytes_q0             |   in|    8|   ap_memory|                         row_bytes|         array|
|row_bytes_address1       |  out|    6|   ap_memory|                         row_bytes|         array|
|row_bytes_ce1            |  out|    1|   ap_memory|                         row_bytes|         array|
|row_bytes_q1             |   in|    8|   ap_memory|                         row_bytes|         array|
|row_bytes_1_address0     |  out|    6|   ap_memory|                       row_bytes_1|         array|
|row_bytes_1_ce0          |  out|    1|   ap_memory|                       row_bytes_1|         array|
|row_bytes_1_q0           |   in|    8|   ap_memory|                       row_bytes_1|         array|
|row_bytes_1_address1     |  out|    6|   ap_memory|                       row_bytes_1|         array|
|row_bytes_1_ce1          |  out|    1|   ap_memory|                       row_bytes_1|         array|
|row_bytes_1_q1           |   in|    8|   ap_memory|                       row_bytes_1|         array|
|row_bytes_2_address0     |  out|    6|   ap_memory|                       row_bytes_2|         array|
|row_bytes_2_ce0          |  out|    1|   ap_memory|                       row_bytes_2|         array|
|row_bytes_2_q0           |   in|    8|   ap_memory|                       row_bytes_2|         array|
|row_bytes_2_address1     |  out|    6|   ap_memory|                       row_bytes_2|         array|
|row_bytes_2_ce1          |  out|    1|   ap_memory|                       row_bytes_2|         array|
|row_bytes_2_q1           |   in|    8|   ap_memory|                       row_bytes_2|         array|
|row_bytes_3_address0     |  out|    6|   ap_memory|                       row_bytes_3|         array|
|row_bytes_3_ce0          |  out|    1|   ap_memory|                       row_bytes_3|         array|
|row_bytes_3_q0           |   in|    8|   ap_memory|                       row_bytes_3|         array|
|row_bytes_3_address1     |  out|    6|   ap_memory|                       row_bytes_3|         array|
|row_bytes_3_ce1          |  out|    1|   ap_memory|                       row_bytes_3|         array|
|row_bytes_3_q1           |   in|    8|   ap_memory|                       row_bytes_3|         array|
|row_bytes_4_address0     |  out|    6|   ap_memory|                       row_bytes_4|         array|
|row_bytes_4_ce0          |  out|    1|   ap_memory|                       row_bytes_4|         array|
|row_bytes_4_q0           |   in|    8|   ap_memory|                       row_bytes_4|         array|
|row_bytes_4_address1     |  out|    6|   ap_memory|                       row_bytes_4|         array|
|row_bytes_4_ce1          |  out|    1|   ap_memory|                       row_bytes_4|         array|
|row_bytes_4_q1           |   in|    8|   ap_memory|                       row_bytes_4|         array|
|row_bytes_5_address0     |  out|    6|   ap_memory|                       row_bytes_5|         array|
|row_bytes_5_ce0          |  out|    1|   ap_memory|                       row_bytes_5|         array|
|row_bytes_5_q0           |   in|    8|   ap_memory|                       row_bytes_5|         array|
|row_bytes_5_address1     |  out|    6|   ap_memory|                       row_bytes_5|         array|
|row_bytes_5_ce1          |  out|    1|   ap_memory|                       row_bytes_5|         array|
|row_bytes_5_q1           |   in|    8|   ap_memory|                       row_bytes_5|         array|
|row_bytes_6_address0     |  out|    6|   ap_memory|                       row_bytes_6|         array|
|row_bytes_6_ce0          |  out|    1|   ap_memory|                       row_bytes_6|         array|
|row_bytes_6_q0           |   in|    8|   ap_memory|                       row_bytes_6|         array|
|row_bytes_6_address1     |  out|    6|   ap_memory|                       row_bytes_6|         array|
|row_bytes_6_ce1          |  out|    1|   ap_memory|                       row_bytes_6|         array|
|row_bytes_6_q1           |   in|    8|   ap_memory|                       row_bytes_6|         array|
|row_bytes_7_address0     |  out|    6|   ap_memory|                       row_bytes_7|         array|
|row_bytes_7_ce0          |  out|    1|   ap_memory|                       row_bytes_7|         array|
|row_bytes_7_q0           |   in|    8|   ap_memory|                       row_bytes_7|         array|
|row_bytes_7_address1     |  out|    6|   ap_memory|                       row_bytes_7|         array|
|row_bytes_7_ce1          |  out|    1|   ap_memory|                       row_bytes_7|         array|
|row_bytes_7_q1           |   in|    8|   ap_memory|                       row_bytes_7|         array|
|row_bytes_8_address0     |  out|    6|   ap_memory|                       row_bytes_8|         array|
|row_bytes_8_ce0          |  out|    1|   ap_memory|                       row_bytes_8|         array|
|row_bytes_8_q0           |   in|    8|   ap_memory|                       row_bytes_8|         array|
|row_bytes_8_address1     |  out|    6|   ap_memory|                       row_bytes_8|         array|
|row_bytes_8_ce1          |  out|    1|   ap_memory|                       row_bytes_8|         array|
|row_bytes_8_q1           |   in|    8|   ap_memory|                       row_bytes_8|         array|
|row_bytes_9_address0     |  out|    6|   ap_memory|                       row_bytes_9|         array|
|row_bytes_9_ce0          |  out|    1|   ap_memory|                       row_bytes_9|         array|
|row_bytes_9_q0           |   in|    8|   ap_memory|                       row_bytes_9|         array|
|row_bytes_9_address1     |  out|    6|   ap_memory|                       row_bytes_9|         array|
|row_bytes_9_ce1          |  out|    1|   ap_memory|                       row_bytes_9|         array|
|row_bytes_9_q1           |   in|    8|   ap_memory|                       row_bytes_9|         array|
|row_bytes_10_address0    |  out|    6|   ap_memory|                      row_bytes_10|         array|
|row_bytes_10_ce0         |  out|    1|   ap_memory|                      row_bytes_10|         array|
|row_bytes_10_q0          |   in|    8|   ap_memory|                      row_bytes_10|         array|
|row_bytes_10_address1    |  out|    6|   ap_memory|                      row_bytes_10|         array|
|row_bytes_10_ce1         |  out|    1|   ap_memory|                      row_bytes_10|         array|
|row_bytes_10_q1          |   in|    8|   ap_memory|                      row_bytes_10|         array|
|row_bytes_11_address0    |  out|    6|   ap_memory|                      row_bytes_11|         array|
|row_bytes_11_ce0         |  out|    1|   ap_memory|                      row_bytes_11|         array|
|row_bytes_11_q0          |   in|    8|   ap_memory|                      row_bytes_11|         array|
|row_bytes_11_address1    |  out|    6|   ap_memory|                      row_bytes_11|         array|
|row_bytes_11_ce1         |  out|    1|   ap_memory|                      row_bytes_11|         array|
|row_bytes_11_q1          |   in|    8|   ap_memory|                      row_bytes_11|         array|
|row_bytes_12_address0    |  out|    6|   ap_memory|                      row_bytes_12|         array|
|row_bytes_12_ce0         |  out|    1|   ap_memory|                      row_bytes_12|         array|
|row_bytes_12_q0          |   in|    8|   ap_memory|                      row_bytes_12|         array|
|row_bytes_12_address1    |  out|    6|   ap_memory|                      row_bytes_12|         array|
|row_bytes_12_ce1         |  out|    1|   ap_memory|                      row_bytes_12|         array|
|row_bytes_12_q1          |   in|    8|   ap_memory|                      row_bytes_12|         array|
|row_bytes_13_address0    |  out|    6|   ap_memory|                      row_bytes_13|         array|
|row_bytes_13_ce0         |  out|    1|   ap_memory|                      row_bytes_13|         array|
|row_bytes_13_q0          |   in|    8|   ap_memory|                      row_bytes_13|         array|
|row_bytes_13_address1    |  out|    6|   ap_memory|                      row_bytes_13|         array|
|row_bytes_13_ce1         |  out|    1|   ap_memory|                      row_bytes_13|         array|
|row_bytes_13_q1          |   in|    8|   ap_memory|                      row_bytes_13|         array|
|row_bytes_14_address0    |  out|    6|   ap_memory|                      row_bytes_14|         array|
|row_bytes_14_ce0         |  out|    1|   ap_memory|                      row_bytes_14|         array|
|row_bytes_14_q0          |   in|    8|   ap_memory|                      row_bytes_14|         array|
|row_bytes_14_address1    |  out|    6|   ap_memory|                      row_bytes_14|         array|
|row_bytes_14_ce1         |  out|    1|   ap_memory|                      row_bytes_14|         array|
|row_bytes_14_q1          |   in|    8|   ap_memory|                      row_bytes_14|         array|
|row_bytes_15_address0    |  out|    6|   ap_memory|                      row_bytes_15|         array|
|row_bytes_15_ce0         |  out|    1|   ap_memory|                      row_bytes_15|         array|
|row_bytes_15_q0          |   in|    8|   ap_memory|                      row_bytes_15|         array|
|row_bytes_15_address1    |  out|    6|   ap_memory|                      row_bytes_15|         array|
|row_bytes_15_ce1         |  out|    1|   ap_memory|                      row_bytes_15|         array|
|row_bytes_15_q1          |   in|    8|   ap_memory|                      row_bytes_15|         array|
|row_bytes_16_address0    |  out|    6|   ap_memory|                      row_bytes_16|         array|
|row_bytes_16_ce0         |  out|    1|   ap_memory|                      row_bytes_16|         array|
|row_bytes_16_q0          |   in|    8|   ap_memory|                      row_bytes_16|         array|
|row_bytes_16_address1    |  out|    6|   ap_memory|                      row_bytes_16|         array|
|row_bytes_16_ce1         |  out|    1|   ap_memory|                      row_bytes_16|         array|
|row_bytes_16_q1          |   in|    8|   ap_memory|                      row_bytes_16|         array|
|row_bytes_17_address0    |  out|    6|   ap_memory|                      row_bytes_17|         array|
|row_bytes_17_ce0         |  out|    1|   ap_memory|                      row_bytes_17|         array|
|row_bytes_17_q0          |   in|    8|   ap_memory|                      row_bytes_17|         array|
|row_bytes_17_address1    |  out|    6|   ap_memory|                      row_bytes_17|         array|
|row_bytes_17_ce1         |  out|    1|   ap_memory|                      row_bytes_17|         array|
|row_bytes_17_q1          |   in|    8|   ap_memory|                      row_bytes_17|         array|
|row_bytes_18_address0    |  out|    6|   ap_memory|                      row_bytes_18|         array|
|row_bytes_18_ce0         |  out|    1|   ap_memory|                      row_bytes_18|         array|
|row_bytes_18_q0          |   in|    8|   ap_memory|                      row_bytes_18|         array|
|row_bytes_18_address1    |  out|    6|   ap_memory|                      row_bytes_18|         array|
|row_bytes_18_ce1         |  out|    1|   ap_memory|                      row_bytes_18|         array|
|row_bytes_18_q1          |   in|    8|   ap_memory|                      row_bytes_18|         array|
|row_bytes_19_address0    |  out|    6|   ap_memory|                      row_bytes_19|         array|
|row_bytes_19_ce0         |  out|    1|   ap_memory|                      row_bytes_19|         array|
|row_bytes_19_q0          |   in|    8|   ap_memory|                      row_bytes_19|         array|
|row_bytes_19_address1    |  out|    6|   ap_memory|                      row_bytes_19|         array|
|row_bytes_19_ce1         |  out|    1|   ap_memory|                      row_bytes_19|         array|
|row_bytes_19_q1          |   in|    8|   ap_memory|                      row_bytes_19|         array|
|row_bytes_20_address0    |  out|    6|   ap_memory|                      row_bytes_20|         array|
|row_bytes_20_ce0         |  out|    1|   ap_memory|                      row_bytes_20|         array|
|row_bytes_20_q0          |   in|    8|   ap_memory|                      row_bytes_20|         array|
|row_bytes_20_address1    |  out|    6|   ap_memory|                      row_bytes_20|         array|
|row_bytes_20_ce1         |  out|    1|   ap_memory|                      row_bytes_20|         array|
|row_bytes_20_q1          |   in|    8|   ap_memory|                      row_bytes_20|         array|
|row_bytes_21_address0    |  out|    6|   ap_memory|                      row_bytes_21|         array|
|row_bytes_21_ce0         |  out|    1|   ap_memory|                      row_bytes_21|         array|
|row_bytes_21_q0          |   in|    8|   ap_memory|                      row_bytes_21|         array|
|row_bytes_21_address1    |  out|    6|   ap_memory|                      row_bytes_21|         array|
|row_bytes_21_ce1         |  out|    1|   ap_memory|                      row_bytes_21|         array|
|row_bytes_21_q1          |   in|    8|   ap_memory|                      row_bytes_21|         array|
|row_bytes_22_address0    |  out|    6|   ap_memory|                      row_bytes_22|         array|
|row_bytes_22_ce0         |  out|    1|   ap_memory|                      row_bytes_22|         array|
|row_bytes_22_q0          |   in|    8|   ap_memory|                      row_bytes_22|         array|
|row_bytes_22_address1    |  out|    6|   ap_memory|                      row_bytes_22|         array|
|row_bytes_22_ce1         |  out|    1|   ap_memory|                      row_bytes_22|         array|
|row_bytes_22_q1          |   in|    8|   ap_memory|                      row_bytes_22|         array|
|row_bytes_23_address0    |  out|    6|   ap_memory|                      row_bytes_23|         array|
|row_bytes_23_ce0         |  out|    1|   ap_memory|                      row_bytes_23|         array|
|row_bytes_23_q0          |   in|    8|   ap_memory|                      row_bytes_23|         array|
|row_bytes_23_address1    |  out|    6|   ap_memory|                      row_bytes_23|         array|
|row_bytes_23_ce1         |  out|    1|   ap_memory|                      row_bytes_23|         array|
|row_bytes_23_q1          |   in|    8|   ap_memory|                      row_bytes_23|         array|
|row_bytes_24_address0    |  out|    6|   ap_memory|                      row_bytes_24|         array|
|row_bytes_24_ce0         |  out|    1|   ap_memory|                      row_bytes_24|         array|
|row_bytes_24_q0          |   in|    8|   ap_memory|                      row_bytes_24|         array|
|row_bytes_24_address1    |  out|    6|   ap_memory|                      row_bytes_24|         array|
|row_bytes_24_ce1         |  out|    1|   ap_memory|                      row_bytes_24|         array|
|row_bytes_24_q1          |   in|    8|   ap_memory|                      row_bytes_24|         array|
|row_bytes_25_address0    |  out|    6|   ap_memory|                      row_bytes_25|         array|
|row_bytes_25_ce0         |  out|    1|   ap_memory|                      row_bytes_25|         array|
|row_bytes_25_q0          |   in|    8|   ap_memory|                      row_bytes_25|         array|
|row_bytes_25_address1    |  out|    6|   ap_memory|                      row_bytes_25|         array|
|row_bytes_25_ce1         |  out|    1|   ap_memory|                      row_bytes_25|         array|
|row_bytes_25_q1          |   in|    8|   ap_memory|                      row_bytes_25|         array|
|row_bytes_26_address0    |  out|    6|   ap_memory|                      row_bytes_26|         array|
|row_bytes_26_ce0         |  out|    1|   ap_memory|                      row_bytes_26|         array|
|row_bytes_26_q0          |   in|    8|   ap_memory|                      row_bytes_26|         array|
|row_bytes_26_address1    |  out|    6|   ap_memory|                      row_bytes_26|         array|
|row_bytes_26_ce1         |  out|    1|   ap_memory|                      row_bytes_26|         array|
|row_bytes_26_q1          |   in|    8|   ap_memory|                      row_bytes_26|         array|
|row_bytes_27_address0    |  out|    6|   ap_memory|                      row_bytes_27|         array|
|row_bytes_27_ce0         |  out|    1|   ap_memory|                      row_bytes_27|         array|
|row_bytes_27_q0          |   in|    8|   ap_memory|                      row_bytes_27|         array|
|row_bytes_27_address1    |  out|    6|   ap_memory|                      row_bytes_27|         array|
|row_bytes_27_ce1         |  out|    1|   ap_memory|                      row_bytes_27|         array|
|row_bytes_27_q1          |   in|    8|   ap_memory|                      row_bytes_27|         array|
|row_bytes_28_address0    |  out|    6|   ap_memory|                      row_bytes_28|         array|
|row_bytes_28_ce0         |  out|    1|   ap_memory|                      row_bytes_28|         array|
|row_bytes_28_q0          |   in|    8|   ap_memory|                      row_bytes_28|         array|
|row_bytes_28_address1    |  out|    6|   ap_memory|                      row_bytes_28|         array|
|row_bytes_28_ce1         |  out|    1|   ap_memory|                      row_bytes_28|         array|
|row_bytes_28_q1          |   in|    8|   ap_memory|                      row_bytes_28|         array|
|row_bytes_29_address0    |  out|    6|   ap_memory|                      row_bytes_29|         array|
|row_bytes_29_ce0         |  out|    1|   ap_memory|                      row_bytes_29|         array|
|row_bytes_29_q0          |   in|    8|   ap_memory|                      row_bytes_29|         array|
|row_bytes_29_address1    |  out|    6|   ap_memory|                      row_bytes_29|         array|
|row_bytes_29_ce1         |  out|    1|   ap_memory|                      row_bytes_29|         array|
|row_bytes_29_q1          |   in|    8|   ap_memory|                      row_bytes_29|         array|
|row_bytes_30_address0    |  out|    6|   ap_memory|                      row_bytes_30|         array|
|row_bytes_30_ce0         |  out|    1|   ap_memory|                      row_bytes_30|         array|
|row_bytes_30_q0          |   in|    8|   ap_memory|                      row_bytes_30|         array|
|row_bytes_30_address1    |  out|    6|   ap_memory|                      row_bytes_30|         array|
|row_bytes_30_ce1         |  out|    1|   ap_memory|                      row_bytes_30|         array|
|row_bytes_30_q1          |   in|    8|   ap_memory|                      row_bytes_30|         array|
|row_bytes_31_address0    |  out|    6|   ap_memory|                      row_bytes_31|         array|
|row_bytes_31_ce0         |  out|    1|   ap_memory|                      row_bytes_31|         array|
|row_bytes_31_q0          |   in|    8|   ap_memory|                      row_bytes_31|         array|
|row_bytes_31_address1    |  out|    6|   ap_memory|                      row_bytes_31|         array|
|row_bytes_31_ce1         |  out|    1|   ap_memory|                      row_bytes_31|         array|
|row_bytes_31_q1          |   in|    8|   ap_memory|                      row_bytes_31|         array|
+-------------------------+-----+-----+------------+----------------------------------+--------------+

============================================================
+ Verbose Summary: Synthesis Manager
============================================================
InlineROM: 1
ExposeGlobal: 0
============================================================
+ Verbose Summary: CDFG Model
============================================================
IsTopModel: 0
ResetActiveHigh: 1
IsCombinational: 2
IsDatapathOnly: 2
HasWiredReturn: 1
HasMFsm: 2
HasVarLatency: 1
IsPipeline: 0
IsRtlPipelined: 0
IsInstanceOverlapped: 0
IsDontTouch: 0
HasImplIP: 0
IsGatedGlobalClock: 0

+ Individual pipeline summary: 
  * Pipeline-0: initiation interval (II) = 1, depth = 7


============================================================
+ Verbose Summary: Schedule
============================================================
* Number of FSM states : 7
* Pipeline : 1
  Pipeline-0 : II = 1, D = 7, States = { 1 2 3 4 5 6 7 }
* Dataflow Pipeline: 0

* FSM state transitions: 
1 --> 2 
2 --> 3 
3 --> 4 
4 --> 5 
5 --> 6 
6 --> 7 
7 --> 

* FSM state operations: 

State 1 <SV = 0> <Delay = 1.64>
ST_1 : Operation 10 [1/1] (0.00ns)   --->   "%column = alloca i32 1" [../src/grayscale.cpp:32]   --->   Operation 10 'alloca' 'column' <Predicate = true> <Delay = 0.00>
ST_1 : Operation 11 [1/1] (0.00ns)   --->   "%specinterface_ln0 = specinterface void @_ssdm_op_SpecInterface, i8 %gray_out, void @empty_10, i32 0, i32 0, void @empty_4, i32 0, i32 0, void @empty_4, void @empty_4, void @empty_4, i32 0, i32 0, i32 0, i32 0, void @empty_4, void @empty_4, i32 4294967295, i32 0, i32 0, i32 0"   --->   Operation 11 'specinterface' 'specinterface_ln0' <Predicate = true> <Delay = 0.00>
ST_1 : Operation 12 [1/1] (0.42ns)   --->   "%store_ln32 = store i10 0, i10 %column" [../src/grayscale.cpp:32]   --->   Operation 12 'store' 'store_ln32' <Predicate = true> <Delay = 0.42>
ST_1 : Operation 13 [1/1] (0.00ns)   --->   "%br_ln0 = br void %for.inc60"   --->   Operation 13 'br' 'br_ln0' <Predicate = true> <Delay = 0.00>
ST_1 : Operation 14 [1/1] (0.00ns)   --->   "%column_13 = load i10 %column" [../src/grayscale.cpp:32]   --->   Operation 14 'load' 'column_13' <Predicate = true> <Delay = 0.00>
ST_1 : Operation 15 [1/1] (0.78ns)   --->   "%icmp_ln32 = icmp_eq  i10 %column_13, i10 512" [../src/grayscale.cpp:32]   --->   Operation 15 'icmp' 'icmp_ln32' <Predicate = true> <Delay = 0.78> <CoreInst = "Cmp">   --->   Core 9 'Cmp' <Latency = 0> <II = 1> <Delay = 0.79> <FuncUnit> <Opcode : 'seteq' 'setne' 'setle' 'setge' 'setlt' 'setgt'> <InPorts = 2> <OutPorts = 1>
ST_1 : Operation 16 [1/1] (0.78ns)   --->   "%add_ln32 = add i10 %column_13, i10 1" [../src/grayscale.cpp:32]   --->   Operation 16 'add' 'add_ln32' <Predicate = true> <Delay = 0.78> <CoreInst = "Adder">   --->   Core 1 'Adder' <Latency = 0> <II = 1> <Delay = 0.78> <FuncUnit> <Opcode : 'add' 'sub'> <InPorts = 2> <OutPorts = 1>
ST_1 : Operation 17 [1/1] (0.00ns)   --->   "%br_ln32 = br i1 %icmp_ln32, void %for.inc60.split, void %for.inc63.exitStub" [../src/grayscale.cpp:32]   --->   Operation 17 'br' 'br_ln32' <Predicate = true> <Delay = 0.00>
ST_1 : Operation 18 [1/1] (0.00ns)   --->   "%trunc_ln32 = trunc i10 %column_13" [../src/grayscale.cpp:32]   --->   Operation 18 'trunc' 'trunc_ln32' <Predicate = (!icmp_ln32)> <Delay = 0.00>
ST_1 : Operation 19 [1/1] (0.42ns)   --->   "%store_ln32 = store i10 %add_ln32, i10 %column" [../src/grayscale.cpp:32]   --->   Operation 19 'store' 'store_ln32' <Predicate = (!icmp_ln32)> <Delay = 0.42>

State 2 <SV = 1> <Delay = 1.47>
ST_2 : Operation 20 [1/1] (0.00ns)   --->   "%zext_ln36 = zext i10 %column_13" [../src/grayscale.cpp:36]   --->   Operation 20 'zext' 'zext_ln36' <Predicate = true> <Delay = 0.00>
ST_2 : Operation 21 [1/1] (0.00ns)   --->   "%trunc_ln36 = trunc i10 %column_13" [../src/grayscale.cpp:36]   --->   Operation 21 'trunc' 'trunc_ln36' <Predicate = true> <Delay = 0.00>
ST_2 : Operation 22 [1/1] (0.00ns)   --->   "%p_shl = bitconcatenate i11 @_ssdm_op_BitConcatenate.i11.i9.i2, i9 %trunc_ln36, i2 0" [../src/grayscale.cpp:36]   --->   Operation 22 'bitconcatenate' 'p_shl' <Predicate = true> <Delay = 0.00>
ST_2 : Operation 23 [1/1] (0.79ns)   --->   "%sub_ln36 = sub i11 %p_shl, i11 %zext_ln36" [../src/grayscale.cpp:36]   --->   Operation 23 'sub' 'sub_ln36' <Predicate = true> <Delay = 0.79> <CoreInst = "Adder">   --->   Core 1 'Adder' <Latency = 0> <II = 1> <Delay = 0.79> <FuncUnit> <Opcode : 'add' 'sub'> <InPorts = 2> <OutPorts = 1>
ST_2 : Operation 24 [1/1] (0.00ns)   --->   "%lshr_ln = partselect i6 @_ssdm_op_PartSelect.i6.i11.i32.i32, i11 %sub_ln36, i32 5, i32 10" [../src/grayscale.cpp:36]   --->   Operation 24 'partselect' 'lshr_ln' <Predicate = true> <Delay = 0.00>
ST_2 : Operation 25 [1/1] (0.00ns)   --->   "%zext_ln36_1 = zext i6 %lshr_ln" [../src/grayscale.cpp:36]   --->   Operation 25 'zext' 'zext_ln36_1' <Predicate = true> <Delay = 0.00>
ST_2 : Operation 26 [1/1] (0.00ns)   --->   "%row_bytes_addr = getelementptr i8 %row_bytes, i64 0, i64 %zext_ln36_1" [../src/grayscale.cpp:36]   --->   Operation 26 'getelementptr' 'row_bytes_addr' <Predicate = (trunc_ln32 == 0)> <Delay = 0.00>
ST_2 : Operation 27 [1/1] (0.00ns)   --->   "%row_bytes_1_addr = getelementptr i8 %row_bytes_1, i64 0, i64 %zext_ln36_1" [../src/grayscale.cpp:36]   --->   Operation 27 'getelementptr' 'row_bytes_1_addr' <Predicate = (trunc_ln32 == 11)> <Delay = 0.00>
ST_2 : Operation 28 [1/1] (0.00ns)   --->   "%row_bytes_2_addr = getelementptr i8 %row_bytes_2, i64 0, i64 %zext_ln36_1" [../src/grayscale.cpp:36]   --->   Operation 28 'getelementptr' 'row_bytes_2_addr' <Predicate = (trunc_ln32 == 22)> <Delay = 0.00>
ST_2 : Operation 29 [1/1] (0.00ns)   --->   "%row_bytes_3_addr = getelementptr i8 %row_bytes_3, i64 0, i64 %zext_ln36_1" [../src/grayscale.cpp:36]   --->   Operation 29 'getelementptr' 'row_bytes_3_addr' <Predicate = (trunc_ln32 == 1)> <Delay = 0.00>
ST_2 : Operation 30 [1/1] (0.00ns)   --->   "%row_bytes_4_addr = getelementptr i8 %row_bytes_4, i64 0, i64 %zext_ln36_1" [../src/grayscale.cpp:36]   --->   Operation 30 'getelementptr' 'row_bytes_4_addr' <Predicate = (trunc_ln32 == 12)> <Delay = 0.00>
ST_2 : Operation 31 [1/1] (0.00ns)   --->   "%row_bytes_5_addr = getelementptr i8 %row_bytes_5, i64 0, i64 %zext_ln36_1" [../src/grayscale.cpp:36]   --->   Operation 31 'getelementptr' 'row_bytes_5_addr' <Predicate = (trunc_ln32 == 23)> <Delay = 0.00>
ST_2 : Operation 32 [1/1] (0.00ns)   --->   "%row_bytes_6_addr = getelementptr i8 %row_bytes_6, i64 0, i64 %zext_ln36_1" [../src/grayscale.cpp:36]   --->   Operation 32 'getelementptr' 'row_bytes_6_addr' <Predicate = (trunc_ln32 == 2)> <Delay = 0.00>
ST_2 : Operation 33 [1/1] (0.00ns)   --->   "%row_bytes_7_addr = getelementptr i8 %row_bytes_7, i64 0, i64 %zext_ln36_1" [../src/grayscale.cpp:36]   --->   Operation 33 'getelementptr' 'row_bytes_7_addr' <Predicate = (trunc_ln32 == 13)> <Delay = 0.00>
ST_2 : Operation 34 [1/1] (0.00ns)   --->   "%row_bytes_8_addr = getelementptr i8 %row_bytes_8, i64 0, i64 %zext_ln36_1" [../src/grayscale.cpp:36]   --->   Operation 34 'getelementptr' 'row_bytes_8_addr' <Predicate = (trunc_ln32 == 24)> <Delay = 0.00>
ST_2 : Operation 35 [1/1] (0.00ns)   --->   "%row_bytes_9_addr = getelementptr i8 %row_bytes_9, i64 0, i64 %zext_ln36_1" [../src/grayscale.cpp:36]   --->   Operation 35 'getelementptr' 'row_bytes_9_addr' <Predicate = (trunc_ln32 == 3)> <Delay = 0.00>
ST_2 : Operation 36 [1/1] (0.00ns)   --->   "%row_bytes_10_addr = getelementptr i8 %row_bytes_10, i64 0, i64 %zext_ln36_1" [../src/grayscale.cpp:36]   --->   Operation 36 'getelementptr' 'row_bytes_10_addr' <Predicate = (trunc_ln32 == 14)> <Delay = 0.00>
ST_2 : Operation 37 [1/1] (0.00ns)   --->   "%row_bytes_11_addr = getelementptr i8 %row_bytes_11, i64 0, i64 %zext_ln36_1" [../src/grayscale.cpp:36]   --->   Operation 37 'getelementptr' 'row_bytes_11_addr' <Predicate = (trunc_ln32 == 25)> <Delay = 0.00>
ST_2 : Operation 38 [1/1] (0.00ns)   --->   "%row_bytes_12_addr = getelementptr i8 %row_bytes_12, i64 0, i64 %zext_ln36_1" [../src/grayscale.cpp:36]   --->   Operation 38 'getelementptr' 'row_bytes_12_addr' <Predicate = (trunc_ln32 == 4)> <Delay = 0.00>
ST_2 : Operation 39 [1/1] (0.00ns)   --->   "%row_bytes_13_addr = getelementptr i8 %row_bytes_13, i64 0, i64 %zext_ln36_1" [../src/grayscale.cpp:36]   --->   Operation 39 'getelementptr' 'row_bytes_13_addr' <Predicate = (trunc_ln32 == 15)> <Delay = 0.00>
ST_2 : Operation 40 [1/1] (0.00ns)   --->   "%row_bytes_14_addr = getelementptr i8 %row_bytes_14, i64 0, i64 %zext_ln36_1" [../src/grayscale.cpp:36]   --->   Operation 40 'getelementptr' 'row_bytes_14_addr' <Predicate = (trunc_ln32 == 26)> <Delay = 0.00>
ST_2 : Operation 41 [1/1] (0.00ns)   --->   "%row_bytes_15_addr = getelementptr i8 %row_bytes_15, i64 0, i64 %zext_ln36_1" [../src/grayscale.cpp:36]   --->   Operation 41 'getelementptr' 'row_bytes_15_addr' <Predicate = (trunc_ln32 == 5)> <Delay = 0.00>
ST_2 : Operation 42 [1/1] (0.00ns)   --->   "%row_bytes_16_addr = getelementptr i8 %row_bytes_16, i64 0, i64 %zext_ln36_1" [../src/grayscale.cpp:36]   --->   Operation 42 'getelementptr' 'row_bytes_16_addr' <Predicate = (trunc_ln32 == 16)> <Delay = 0.00>
ST_2 : Operation 43 [1/1] (0.00ns)   --->   "%row_bytes_17_addr = getelementptr i8 %row_bytes_17, i64 0, i64 %zext_ln36_1" [../src/grayscale.cpp:36]   --->   Operation 43 'getelementptr' 'row_bytes_17_addr' <Predicate = (trunc_ln32 == 27)> <Delay = 0.00>
ST_2 : Operation 44 [1/1] (0.00ns)   --->   "%row_bytes_18_addr = getelementptr i8 %row_bytes_18, i64 0, i64 %zext_ln36_1" [../src/grayscale.cpp:36]   --->   Operation 44 'getelementptr' 'row_bytes_18_addr' <Predicate = (trunc_ln32 == 6)> <Delay = 0.00>
ST_2 : Operation 45 [1/1] (0.00ns)   --->   "%row_bytes_19_addr = getelementptr i8 %row_bytes_19, i64 0, i64 %zext_ln36_1" [../src/grayscale.cpp:36]   --->   Operation 45 'getelementptr' 'row_bytes_19_addr' <Predicate = (trunc_ln32 == 17)> <Delay = 0.00>
ST_2 : Operation 46 [1/1] (0.00ns)   --->   "%row_bytes_20_addr = getelementptr i8 %row_bytes_20, i64 0, i64 %zext_ln36_1" [../src/grayscale.cpp:36]   --->   Operation 46 'getelementptr' 'row_bytes_20_addr' <Predicate = (trunc_ln32 == 28)> <Delay = 0.00>
ST_2 : Operation 47 [1/1] (0.00ns)   --->   "%row_bytes_21_addr = getelementptr i8 %row_bytes_21, i64 0, i64 %zext_ln36_1" [../src/grayscale.cpp:36]   --->   Operation 47 'getelementptr' 'row_bytes_21_addr' <Predicate = (trunc_ln32 == 7)> <Delay = 0.00>
ST_2 : Operation 48 [1/1] (0.00ns)   --->   "%row_bytes_22_addr = getelementptr i8 %row_bytes_22, i64 0, i64 %zext_ln36_1" [../src/grayscale.cpp:36]   --->   Operation 48 'getelementptr' 'row_bytes_22_addr' <Predicate = (trunc_ln32 == 18)> <Delay = 0.00>
ST_2 : Operation 49 [1/1] (0.00ns)   --->   "%row_bytes_23_addr = getelementptr i8 %row_bytes_23, i64 0, i64 %zext_ln36_1" [../src/grayscale.cpp:36]   --->   Operation 49 'getelementptr' 'row_bytes_23_addr' <Predicate = (trunc_ln32 == 29)> <Delay = 0.00>
ST_2 : Operation 50 [1/1] (0.00ns)   --->   "%row_bytes_24_addr = getelementptr i8 %row_bytes_24, i64 0, i64 %zext_ln36_1" [../src/grayscale.cpp:36]   --->   Operation 50 'getelementptr' 'row_bytes_24_addr' <Predicate = (trunc_ln32 == 8)> <Delay = 0.00>
ST_2 : Operation 51 [1/1] (0.00ns)   --->   "%row_bytes_25_addr = getelementptr i8 %row_bytes_25, i64 0, i64 %zext_ln36_1" [../src/grayscale.cpp:36]   --->   Operation 51 'getelementptr' 'row_bytes_25_addr' <Predicate = (trunc_ln32 == 19)> <Delay = 0.00>
ST_2 : Operation 52 [1/1] (0.00ns)   --->   "%row_bytes_26_addr = getelementptr i8 %row_bytes_26, i64 0, i64 %zext_ln36_1" [../src/grayscale.cpp:36]   --->   Operation 52 'getelementptr' 'row_bytes_26_addr' <Predicate = (trunc_ln32 == 30)> <Delay = 0.00>
ST_2 : Operation 53 [1/1] (0.00ns)   --->   "%row_bytes_27_addr = getelementptr i8 %row_bytes_27, i64 0, i64 %zext_ln36_1" [../src/grayscale.cpp:36]   --->   Operation 53 'getelementptr' 'row_bytes_27_addr' <Predicate = (trunc_ln32 == 9)> <Delay = 0.00>
ST_2 : Operation 54 [1/1] (0.00ns)   --->   "%row_bytes_28_addr = getelementptr i8 %row_bytes_28, i64 0, i64 %zext_ln36_1" [../src/grayscale.cpp:36]   --->   Operation 54 'getelementptr' 'row_bytes_28_addr' <Predicate = (trunc_ln32 == 20)> <Delay = 0.00>
ST_2 : Operation 55 [1/1] (0.00ns)   --->   "%row_bytes_29_addr = getelementptr i8 %row_bytes_29, i64 0, i64 %zext_ln36_1" [../src/grayscale.cpp:36]   --->   Operation 55 'getelementptr' 'row_bytes_29_addr' <Predicate = (trunc_ln32 == 31)> <Delay = 0.00>
ST_2 : Operation 56 [1/1] (0.00ns)   --->   "%row_bytes_30_addr = getelementptr i8 %row_bytes_30, i64 0, i64 %zext_ln36_1" [../src/grayscale.cpp:36]   --->   Operation 56 'getelementptr' 'row_bytes_30_addr' <Predicate = (trunc_ln32 == 10)> <Delay = 0.00>
ST_2 : Operation 57 [1/1] (0.00ns)   --->   "%row_bytes_31_addr = getelementptr i8 %row_bytes_31, i64 0, i64 %zext_ln36_1" [../src/grayscale.cpp:36]   --->   Operation 57 'getelementptr' 'row_bytes_31_addr' <Predicate = (trunc_ln32 == 21)> <Delay = 0.00>
ST_2 : Operation 58 [2/2] (0.67ns)   --->   "%row_bytes_load = load i6 %row_bytes_addr" [../src/grayscale.cpp:36]   --->   Operation 58 'load' 'row_bytes_load' <Predicate = (trunc_ln32 == 0)> <Delay = 0.67> <CoreInst = "RAM">   --->   Core 82 'RAM' <Latency = 1> <II = 1> <Delay = 0.67> <Storage> <Opcode : 'load' 'store'> <Ports = 2> <Width = 8> <Depth = 48> <RAM>
ST_2 : Operation 59 [2/2] (0.67ns)   --->   "%row_bytes_1_load = load i6 %row_bytes_1_addr" [../src/grayscale.cpp:36]   --->   Operation 59 'load' 'row_bytes_1_load' <Predicate = (trunc_ln32 == 11)> <Delay = 0.67> <CoreInst = "RAM">   --->   Core 82 'RAM' <Latency = 1> <II = 1> <Delay = 0.67> <Storage> <Opcode : 'load' 'store'> <Ports = 2> <Width = 8> <Depth = 48> <RAM>
ST_2 : Operation 60 [2/2] (0.67ns)   --->   "%row_bytes_2_load = load i6 %row_bytes_2_addr" [../src/grayscale.cpp:36]   --->   Operation 60 'load' 'row_bytes_2_load' <Predicate = (trunc_ln32 == 22)> <Delay = 0.67> <CoreInst = "RAM">   --->   Core 82 'RAM' <Latency = 1> <II = 1> <Delay = 0.67> <Storage> <Opcode : 'load' 'store'> <Ports = 2> <Width = 8> <Depth = 48> <RAM>
ST_2 : Operation 61 [2/2] (0.67ns)   --->   "%row_bytes_3_load = load i6 %row_bytes_3_addr" [../src/grayscale.cpp:36]   --->   Operation 61 'load' 'row_bytes_3_load' <Predicate = (trunc_ln32 == 1)> <Delay = 0.67> <CoreInst = "RAM">   --->   Core 82 'RAM' <Latency = 1> <II = 1> <Delay = 0.67> <Storage> <Opcode : 'load' 'store'> <Ports = 2> <Width = 8> <Depth = 48> <RAM>
ST_2 : Operation 62 [2/2] (0.67ns)   --->   "%row_bytes_4_load = load i6 %row_bytes_4_addr" [../src/grayscale.cpp:36]   --->   Operation 62 'load' 'row_bytes_4_load' <Predicate = (trunc_ln32 == 12)> <Delay = 0.67> <CoreInst = "RAM">   --->   Core 82 'RAM' <Latency = 1> <II = 1> <Delay = 0.67> <Storage> <Opcode : 'load' 'store'> <Ports = 2> <Width = 8> <Depth = 48> <RAM>
ST_2 : Operation 63 [2/2] (0.67ns)   --->   "%row_bytes_5_load = load i6 %row_bytes_5_addr" [../src/grayscale.cpp:36]   --->   Operation 63 'load' 'row_bytes_5_load' <Predicate = (trunc_ln32 == 23)> <Delay = 0.67> <CoreInst = "RAM">   --->   Core 82 'RAM' <Latency = 1> <II = 1> <Delay = 0.67> <Storage> <Opcode : 'load' 'store'> <Ports = 2> <Width = 8> <Depth = 48> <RAM>
ST_2 : Operation 64 [2/2] (0.67ns)   --->   "%row_bytes_6_load = load i6 %row_bytes_6_addr" [../src/grayscale.cpp:36]   --->   Operation 64 'load' 'row_bytes_6_load' <Predicate = (trunc_ln32 == 2)> <Delay = 0.67> <CoreInst = "RAM">   --->   Core 82 'RAM' <Latency = 1> <II = 1> <Delay = 0.67> <Storage> <Opcode : 'load' 'store'> <Ports = 2> <Width = 8> <Depth = 48> <RAM>
ST_2 : Operation 65 [2/2] (0.67ns)   --->   "%row_bytes_7_load = load i6 %row_bytes_7_addr" [../src/grayscale.cpp:36]   --->   Operation 65 'load' 'row_bytes_7_load' <Predicate = (trunc_ln32 == 13)> <Delay = 0.67> <CoreInst = "RAM">   --->   Core 82 'RAM' <Latency = 1> <II = 1> <Delay = 0.67> <Storage> <Opcode : 'load' 'store'> <Ports = 2> <Width = 8> <Depth = 48> <RAM>
ST_2 : Operation 66 [2/2] (0.67ns)   --->   "%row_bytes_8_load = load i6 %row_bytes_8_addr" [../src/grayscale.cpp:36]   --->   Operation 66 'load' 'row_bytes_8_load' <Predicate = (trunc_ln32 == 24)> <Delay = 0.67> <CoreInst = "RAM">   --->   Core 82 'RAM' <Latency = 1> <II = 1> <Delay = 0.67> <Storage> <Opcode : 'load' 'store'> <Ports = 2> <Width = 8> <Depth = 48> <RAM>
ST_2 : Operation 67 [2/2] (0.67ns)   --->   "%row_bytes_9_load = load i6 %row_bytes_9_addr" [../src/grayscale.cpp:36]   --->   Operation 67 'load' 'row_bytes_9_load' <Predicate = (trunc_ln32 == 3)> <Delay = 0.67> <CoreInst = "RAM">   --->   Core 82 'RAM' <Latency = 1> <II = 1> <Delay = 0.67> <Storage> <Opcode : 'load' 'store'> <Ports = 2> <Width = 8> <Depth = 48> <RAM>
ST_2 : Operation 68 [2/2] (0.67ns)   --->   "%row_bytes_10_load = load i6 %row_bytes_10_addr" [../src/grayscale.cpp:36]   --->   Operation 68 'load' 'row_bytes_10_load' <Predicate = (trunc_ln32 == 14)> <Delay = 0.67> <CoreInst = "RAM">   --->   Core 82 'RAM' <Latency = 1> <II = 1> <Delay = 0.67> <Storage> <Opcode : 'load' 'store'> <Ports = 2> <Width = 8> <Depth = 48> <RAM>
ST_2 : Operation 69 [2/2] (0.67ns)   --->   "%row_bytes_11_load = load i6 %row_bytes_11_addr" [../src/grayscale.cpp:36]   --->   Operation 69 'load' 'row_bytes_11_load' <Predicate = (trunc_ln32 == 25)> <Delay = 0.67> <CoreInst = "RAM">   --->   Core 82 'RAM' <Latency = 1> <II = 1> <Delay = 0.67> <Storage> <Opcode : 'load' 'store'> <Ports = 2> <Width = 8> <Depth = 48> <RAM>
ST_2 : Operation 70 [2/2] (0.67ns)   --->   "%row_bytes_12_load = load i6 %row_bytes_12_addr" [../src/grayscale.cpp:36]   --->   Operation 70 'load' 'row_bytes_12_load' <Predicate = (trunc_ln32 == 4)> <Delay = 0.67> <CoreInst = "RAM">   --->   Core 82 'RAM' <Latency = 1> <II = 1> <Delay = 0.67> <Storage> <Opcode : 'load' 'store'> <Ports = 2> <Width = 8> <Depth = 48> <RAM>
ST_2 : Operation 71 [2/2] (0.67ns)   --->   "%row_bytes_13_load = load i6 %row_bytes_13_addr" [../src/grayscale.cpp:36]   --->   Operation 71 'load' 'row_bytes_13_load' <Predicate = (trunc_ln32 == 15)> <Delay = 0.67> <CoreInst = "RAM">   --->   Core 82 'RAM' <Latency = 1> <II = 1> <Delay = 0.67> <Storage> <Opcode : 'load' 'store'> <Ports = 2> <Width = 8> <Depth = 48> <RAM>
ST_2 : Operation 72 [2/2] (0.67ns)   --->   "%row_bytes_14_load = load i6 %row_bytes_14_addr" [../src/grayscale.cpp:36]   --->   Operation 72 'load' 'row_bytes_14_load' <Predicate = (trunc_ln32 == 26)> <Delay = 0.67> <CoreInst = "RAM">   --->   Core 82 'RAM' <Latency = 1> <II = 1> <Delay = 0.67> <Storage> <Opcode : 'load' 'store'> <Ports = 2> <Width = 8> <Depth = 48> <RAM>
ST_2 : Operation 73 [2/2] (0.67ns)   --->   "%row_bytes_15_load = load i6 %row_bytes_15_addr" [../src/grayscale.cpp:36]   --->   Operation 73 'load' 'row_bytes_15_load' <Predicate = (trunc_ln32 == 5)> <Delay = 0.67> <CoreInst = "RAM">   --->   Core 82 'RAM' <Latency = 1> <II = 1> <Delay = 0.67> <Storage> <Opcode : 'load' 'store'> <Ports = 2> <Width = 8> <Depth = 48> <RAM>
ST_2 : Operation 74 [2/2] (0.67ns)   --->   "%row_bytes_16_load = load i6 %row_bytes_16_addr" [../src/grayscale.cpp:36]   --->   Operation 74 'load' 'row_bytes_16_load' <Predicate = (trunc_ln32 == 16)> <Delay = 0.67> <CoreInst = "RAM">   --->   Core 82 'RAM' <Latency = 1> <II = 1> <Delay = 0.67> <Storage> <Opcode : 'load' 'store'> <Ports = 2> <Width = 8> <Depth = 48> <RAM>
ST_2 : Operation 75 [2/2] (0.67ns)   --->   "%row_bytes_17_load = load i6 %row_bytes_17_addr" [../src/grayscale.cpp:36]   --->   Operation 75 'load' 'row_bytes_17_load' <Predicate = (trunc_ln32 == 27)> <Delay = 0.67> <CoreInst = "RAM">   --->   Core 82 'RAM' <Latency = 1> <II = 1> <Delay = 0.67> <Storage> <Opcode : 'load' 'store'> <Ports = 2> <Width = 8> <Depth = 48> <RAM>
ST_2 : Operation 76 [2/2] (0.67ns)   --->   "%row_bytes_18_load = load i6 %row_bytes_18_addr" [../src/grayscale.cpp:36]   --->   Operation 76 'load' 'row_bytes_18_load' <Predicate = (trunc_ln32 == 6)> <Delay = 0.67> <CoreInst = "RAM">   --->   Core 82 'RAM' <Latency = 1> <II = 1> <Delay = 0.67> <Storage> <Opcode : 'load' 'store'> <Ports = 2> <Width = 8> <Depth = 48> <RAM>
ST_2 : Operation 77 [2/2] (0.67ns)   --->   "%row_bytes_19_load = load i6 %row_bytes_19_addr" [../src/grayscale.cpp:36]   --->   Operation 77 'load' 'row_bytes_19_load' <Predicate = (trunc_ln32 == 17)> <Delay = 0.67> <CoreInst = "RAM">   --->   Core 82 'RAM' <Latency = 1> <II = 1> <Delay = 0.67> <Storage> <Opcode : 'load' 'store'> <Ports = 2> <Width = 8> <Depth = 48> <RAM>
ST_2 : Operation 78 [2/2] (0.67ns)   --->   "%row_bytes_20_load = load i6 %row_bytes_20_addr" [../src/grayscale.cpp:36]   --->   Operation 78 'load' 'row_bytes_20_load' <Predicate = (trunc_ln32 == 28)> <Delay = 0.67> <CoreInst = "RAM">   --->   Core 82 'RAM' <Latency = 1> <II = 1> <Delay = 0.67> <Storage> <Opcode : 'load' 'store'> <Ports = 2> <Width = 8> <Depth = 48> <RAM>
ST_2 : Operation 79 [2/2] (0.67ns)   --->   "%row_bytes_21_load = load i6 %row_bytes_21_addr" [../src/grayscale.cpp:36]   --->   Operation 79 'load' 'row_bytes_21_load' <Predicate = (trunc_ln32 == 7)> <Delay = 0.67> <CoreInst = "RAM">   --->   Core 82 'RAM' <Latency = 1> <II = 1> <Delay = 0.67> <Storage> <Opcode : 'load' 'store'> <Ports = 2> <Width = 8> <Depth = 48> <RAM>
ST_2 : Operation 80 [2/2] (0.67ns)   --->   "%row_bytes_22_load = load i6 %row_bytes_22_addr" [../src/grayscale.cpp:36]   --->   Operation 80 'load' 'row_bytes_22_load' <Predicate = (trunc_ln32 == 18)> <Delay = 0.67> <CoreInst = "RAM">   --->   Core 82 'RAM' <Latency = 1> <II = 1> <Delay = 0.67> <Storage> <Opcode : 'load' 'store'> <Ports = 2> <Width = 8> <Depth = 48> <RAM>
ST_2 : Operation 81 [2/2] (0.67ns)   --->   "%row_bytes_23_load = load i6 %row_bytes_23_addr" [../src/grayscale.cpp:36]   --->   Operation 81 'load' 'row_bytes_23_load' <Predicate = (trunc_ln32 == 29)> <Delay = 0.67> <CoreInst = "RAM">   --->   Core 82 'RAM' <Latency = 1> <II = 1> <Delay = 0.67> <Storage> <Opcode : 'load' 'store'> <Ports = 2> <Width = 8> <Depth = 48> <RAM>
ST_2 : Operation 82 [2/2] (0.67ns)   --->   "%row_bytes_24_load = load i6 %row_bytes_24_addr" [../src/grayscale.cpp:36]   --->   Operation 82 'load' 'row_bytes_24_load' <Predicate = (trunc_ln32 == 8)> <Delay = 0.67> <CoreInst = "RAM">   --->   Core 82 'RAM' <Latency = 1> <II = 1> <Delay = 0.67> <Storage> <Opcode : 'load' 'store'> <Ports = 2> <Width = 8> <Depth = 48> <RAM>
ST_2 : Operation 83 [2/2] (0.67ns)   --->   "%row_bytes_25_load = load i6 %row_bytes_25_addr" [../src/grayscale.cpp:36]   --->   Operation 83 'load' 'row_bytes_25_load' <Predicate = (trunc_ln32 == 19)> <Delay = 0.67> <CoreInst = "RAM">   --->   Core 82 'RAM' <Latency = 1> <II = 1> <Delay = 0.67> <Storage> <Opcode : 'load' 'store'> <Ports = 2> <Width = 8> <Depth = 48> <RAM>
ST_2 : Operation 84 [2/2] (0.67ns)   --->   "%row_bytes_26_load = load i6 %row_bytes_26_addr" [../src/grayscale.cpp:36]   --->   Operation 84 'load' 'row_bytes_26_load' <Predicate = (trunc_ln32 == 30)> <Delay = 0.67> <CoreInst = "RAM">   --->   Core 82 'RAM' <Latency = 1> <II = 1> <Delay = 0.67> <Storage> <Opcode : 'load' 'store'> <Ports = 2> <Width = 8> <Depth = 48> <RAM>
ST_2 : Operation 85 [2/2] (0.67ns)   --->   "%row_bytes_27_load = load i6 %row_bytes_27_addr" [../src/grayscale.cpp:36]   --->   Operation 85 'load' 'row_bytes_27_load' <Predicate = (trunc_ln32 == 9)> <Delay = 0.67> <CoreInst = "RAM">   --->   Core 82 'RAM' <Latency = 1> <II = 1> <Delay = 0.67> <Storage> <Opcode : 'load' 'store'> <Ports = 2> <Width = 8> <Depth = 48> <RAM>
ST_2 : Operation 86 [2/2] (0.67ns)   --->   "%row_bytes_28_load = load i6 %row_bytes_28_addr" [../src/grayscale.cpp:36]   --->   Operation 86 'load' 'row_bytes_28_load' <Predicate = (trunc_ln32 == 20)> <Delay = 0.67> <CoreInst = "RAM">   --->   Core 82 'RAM' <Latency = 1> <II = 1> <Delay = 0.67> <Storage> <Opcode : 'load' 'store'> <Ports = 2> <Width = 8> <Depth = 48> <RAM>
ST_2 : Operation 87 [2/2] (0.67ns)   --->   "%row_bytes_29_load = load i6 %row_bytes_29_addr" [../src/grayscale.cpp:36]   --->   Operation 87 'load' 'row_bytes_29_load' <Predicate = (trunc_ln32 == 31)> <Delay = 0.67> <CoreInst = "RAM">   --->   Core 82 'RAM' <Latency = 1> <II = 1> <Delay = 0.67> <Storage> <Opcode : 'load' 'store'> <Ports = 2> <Width = 8> <Depth = 48> <RAM>
ST_2 : Operation 88 [2/2] (0.67ns)   --->   "%row_bytes_30_load = load i6 %row_bytes_30_addr" [../src/grayscale.cpp:36]   --->   Operation 88 'load' 'row_bytes_30_load' <Predicate = (trunc_ln32 == 10)> <Delay = 0.67> <CoreInst = "RAM">   --->   Core 82 'RAM' <Latency = 1> <II = 1> <Delay = 0.67> <Storage> <Opcode : 'load' 'store'> <Ports = 2> <Width = 8> <Depth = 48> <RAM>
ST_2 : Operation 89 [2/2] (0.67ns)   --->   "%row_bytes_31_load = load i6 %row_bytes_31_addr" [../src/grayscale.cpp:36]   --->   Operation 89 'load' 'row_bytes_31_load' <Predicate = (trunc_ln32 == 21)> <Delay = 0.67> <CoreInst = "RAM">   --->   Core 82 'RAM' <Latency = 1> <II = 1> <Delay = 0.67> <Storage> <Opcode : 'load' 'store'> <Ports = 2> <Width = 8> <Depth = 48> <RAM>

State 3 <SV = 2> <Delay = 2.46>
ST_3 : Operation 90 [1/2] ( I:0.67ns O:0.67ns )   --->   "%row_bytes_load = load i6 %row_bytes_addr" [../src/grayscale.cpp:36]   --->   Operation 90 'load' 'row_bytes_load' <Predicate = (trunc_ln32 == 0)> <Delay = 0.67> <CoreInst = "RAM">   --->   Core 82 'RAM' <Latency = 1> <II = 1> <Delay = 0.67> <Storage> <Opcode : 'load' 'store'> <Ports = 2> <Width = 8> <Depth = 48> <RAM>
ST_3 : Operation 91 [1/2] ( I:0.67ns O:0.67ns )   --->   "%row_bytes_1_load = load i6 %row_bytes_1_addr" [../src/grayscale.cpp:36]   --->   Operation 91 'load' 'row_bytes_1_load' <Predicate = (trunc_ln32 == 11)> <Delay = 0.67> <CoreInst = "RAM">   --->   Core 82 'RAM' <Latency = 1> <II = 1> <Delay = 0.67> <Storage> <Opcode : 'load' 'store'> <Ports = 2> <Width = 8> <Depth = 48> <RAM>
ST_3 : Operation 92 [1/2] ( I:0.67ns O:0.67ns )   --->   "%row_bytes_2_load = load i6 %row_bytes_2_addr" [../src/grayscale.cpp:36]   --->   Operation 92 'load' 'row_bytes_2_load' <Predicate = (trunc_ln32 == 22)> <Delay = 0.67> <CoreInst = "RAM">   --->   Core 82 'RAM' <Latency = 1> <II = 1> <Delay = 0.67> <Storage> <Opcode : 'load' 'store'> <Ports = 2> <Width = 8> <Depth = 48> <RAM>
ST_3 : Operation 93 [1/2] ( I:0.67ns O:0.67ns )   --->   "%row_bytes_3_load = load i6 %row_bytes_3_addr" [../src/grayscale.cpp:36]   --->   Operation 93 'load' 'row_bytes_3_load' <Predicate = (trunc_ln32 == 1)> <Delay = 0.67> <CoreInst = "RAM">   --->   Core 82 'RAM' <Latency = 1> <II = 1> <Delay = 0.67> <Storage> <Opcode : 'load' 'store'> <Ports = 2> <Width = 8> <Depth = 48> <RAM>
ST_3 : Operation 94 [1/2] ( I:0.67ns O:0.67ns )   --->   "%row_bytes_4_load = load i6 %row_bytes_4_addr" [../src/grayscale.cpp:36]   --->   Operation 94 'load' 'row_bytes_4_load' <Predicate = (trunc_ln32 == 12)> <Delay = 0.67> <CoreInst = "RAM">   --->   Core 82 'RAM' <Latency = 1> <II = 1> <Delay = 0.67> <Storage> <Opcode : 'load' 'store'> <Ports = 2> <Width = 8> <Depth = 48> <RAM>
ST_3 : Operation 95 [1/2] ( I:0.67ns O:0.67ns )   --->   "%row_bytes_5_load = load i6 %row_bytes_5_addr" [../src/grayscale.cpp:36]   --->   Operation 95 'load' 'row_bytes_5_load' <Predicate = (trunc_ln32 == 23)> <Delay = 0.67> <CoreInst = "RAM">   --->   Core 82 'RAM' <Latency = 1> <II = 1> <Delay = 0.67> <Storage> <Opcode : 'load' 'store'> <Ports = 2> <Width = 8> <Depth = 48> <RAM>
ST_3 : Operation 96 [1/2] ( I:0.67ns O:0.67ns )   --->   "%row_bytes_6_load = load i6 %row_bytes_6_addr" [../src/grayscale.cpp:36]   --->   Operation 96 'load' 'row_bytes_6_load' <Predicate = (trunc_ln32 == 2)> <Delay = 0.67> <CoreInst = "RAM">   --->   Core 82 'RAM' <Latency = 1> <II = 1> <Delay = 0.67> <Storage> <Opcode : 'load' 'store'> <Ports = 2> <Width = 8> <Depth = 48> <RAM>
ST_3 : Operation 97 [1/2] ( I:0.67ns O:0.67ns )   --->   "%row_bytes_7_load = load i6 %row_bytes_7_addr" [../src/grayscale.cpp:36]   --->   Operation 97 'load' 'row_bytes_7_load' <Predicate = (trunc_ln32 == 13)> <Delay = 0.67> <CoreInst = "RAM">   --->   Core 82 'RAM' <Latency = 1> <II = 1> <Delay = 0.67> <Storage> <Opcode : 'load' 'store'> <Ports = 2> <Width = 8> <Depth = 48> <RAM>
ST_3 : Operation 98 [1/2] ( I:0.67ns O:0.67ns )   --->   "%row_bytes_8_load = load i6 %row_bytes_8_addr" [../src/grayscale.cpp:36]   --->   Operation 98 'load' 'row_bytes_8_load' <Predicate = (trunc_ln32 == 24)> <Delay = 0.67> <CoreInst = "RAM">   --->   Core 82 'RAM' <Latency = 1> <II = 1> <Delay = 0.67> <Storage> <Opcode : 'load' 'store'> <Ports = 2> <Width = 8> <Depth = 48> <RAM>
ST_3 : Operation 99 [1/2] ( I:0.67ns O:0.67ns )   --->   "%row_bytes_9_load = load i6 %row_bytes_9_addr" [../src/grayscale.cpp:36]   --->   Operation 99 'load' 'row_bytes_9_load' <Predicate = (trunc_ln32 == 3)> <Delay = 0.67> <CoreInst = "RAM">   --->   Core 82 'RAM' <Latency = 1> <II = 1> <Delay = 0.67> <Storage> <Opcode : 'load' 'store'> <Ports = 2> <Width = 8> <Depth = 48> <RAM>
ST_3 : Operation 100 [1/2] ( I:0.67ns O:0.67ns )   --->   "%row_bytes_10_load = load i6 %row_bytes_10_addr" [../src/grayscale.cpp:36]   --->   Operation 100 'load' 'row_bytes_10_load' <Predicate = (trunc_ln32 == 14)> <Delay = 0.67> <CoreInst = "RAM">   --->   Core 82 'RAM' <Latency = 1> <II = 1> <Delay = 0.67> <Storage> <Opcode : 'load' 'store'> <Ports = 2> <Width = 8> <Depth = 48> <RAM>
ST_3 : Operation 101 [1/2] ( I:0.67ns O:0.67ns )   --->   "%row_bytes_11_load = load i6 %row_bytes_11_addr" [../src/grayscale.cpp:36]   --->   Operation 101 'load' 'row_bytes_11_load' <Predicate = (trunc_ln32 == 25)> <Delay = 0.67> <CoreInst = "RAM">   --->   Core 82 'RAM' <Latency = 1> <II = 1> <Delay = 0.67> <Storage> <Opcode : 'load' 'store'> <Ports = 2> <Width = 8> <Depth = 48> <RAM>
ST_3 : Operation 102 [1/2] ( I:0.67ns O:0.67ns )   --->   "%row_bytes_12_load = load i6 %row_bytes_12_addr" [../src/grayscale.cpp:36]   --->   Operation 102 'load' 'row_bytes_12_load' <Predicate = (trunc_ln32 == 4)> <Delay = 0.67> <CoreInst = "RAM">   --->   Core 82 'RAM' <Latency = 1> <II = 1> <Delay = 0.67> <Storage> <Opcode : 'load' 'store'> <Ports = 2> <Width = 8> <Depth = 48> <RAM>
ST_3 : Operation 103 [1/2] ( I:0.67ns O:0.67ns )   --->   "%row_bytes_13_load = load i6 %row_bytes_13_addr" [../src/grayscale.cpp:36]   --->   Operation 103 'load' 'row_bytes_13_load' <Predicate = (trunc_ln32 == 15)> <Delay = 0.67> <CoreInst = "RAM">   --->   Core 82 'RAM' <Latency = 1> <II = 1> <Delay = 0.67> <Storage> <Opcode : 'load' 'store'> <Ports = 2> <Width = 8> <Depth = 48> <RAM>
ST_3 : Operation 104 [1/2] ( I:0.67ns O:0.67ns )   --->   "%row_bytes_14_load = load i6 %row_bytes_14_addr" [../src/grayscale.cpp:36]   --->   Operation 104 'load' 'row_bytes_14_load' <Predicate = (trunc_ln32 == 26)> <Delay = 0.67> <CoreInst = "RAM">   --->   Core 82 'RAM' <Latency = 1> <II = 1> <Delay = 0.67> <Storage> <Opcode : 'load' 'store'> <Ports = 2> <Width = 8> <Depth = 48> <RAM>
ST_3 : Operation 105 [1/2] ( I:0.67ns O:0.67ns )   --->   "%row_bytes_15_load = load i6 %row_bytes_15_addr" [../src/grayscale.cpp:36]   --->   Operation 105 'load' 'row_bytes_15_load' <Predicate = (trunc_ln32 == 5)> <Delay = 0.67> <CoreInst = "RAM">   --->   Core 82 'RAM' <Latency = 1> <II = 1> <Delay = 0.67> <Storage> <Opcode : 'load' 'store'> <Ports = 2> <Width = 8> <Depth = 48> <RAM>
ST_3 : Operation 106 [1/2] ( I:0.67ns O:0.67ns )   --->   "%row_bytes_16_load = load i6 %row_bytes_16_addr" [../src/grayscale.cpp:36]   --->   Operation 106 'load' 'row_bytes_16_load' <Predicate = (trunc_ln32 == 16)> <Delay = 0.67> <CoreInst = "RAM">   --->   Core 82 'RAM' <Latency = 1> <II = 1> <Delay = 0.67> <Storage> <Opcode : 'load' 'store'> <Ports = 2> <Width = 8> <Depth = 48> <RAM>
ST_3 : Operation 107 [1/2] ( I:0.67ns O:0.67ns )   --->   "%row_bytes_17_load = load i6 %row_bytes_17_addr" [../src/grayscale.cpp:36]   --->   Operation 107 'load' 'row_bytes_17_load' <Predicate = (trunc_ln32 == 27)> <Delay = 0.67> <CoreInst = "RAM">   --->   Core 82 'RAM' <Latency = 1> <II = 1> <Delay = 0.67> <Storage> <Opcode : 'load' 'store'> <Ports = 2> <Width = 8> <Depth = 48> <RAM>
ST_3 : Operation 108 [1/2] ( I:0.67ns O:0.67ns )   --->   "%row_bytes_18_load = load i6 %row_bytes_18_addr" [../src/grayscale.cpp:36]   --->   Operation 108 'load' 'row_bytes_18_load' <Predicate = (trunc_ln32 == 6)> <Delay = 0.67> <CoreInst = "RAM">   --->   Core 82 'RAM' <Latency = 1> <II = 1> <Delay = 0.67> <Storage> <Opcode : 'load' 'store'> <Ports = 2> <Width = 8> <Depth = 48> <RAM>
ST_3 : Operation 109 [1/2] ( I:0.67ns O:0.67ns )   --->   "%row_bytes_19_load = load i6 %row_bytes_19_addr" [../src/grayscale.cpp:36]   --->   Operation 109 'load' 'row_bytes_19_load' <Predicate = (trunc_ln32 == 17)> <Delay = 0.67> <CoreInst = "RAM">   --->   Core 82 'RAM' <Latency = 1> <II = 1> <Delay = 0.67> <Storage> <Opcode : 'load' 'store'> <Ports = 2> <Width = 8> <Depth = 48> <RAM>
ST_3 : Operation 110 [1/2] ( I:0.67ns O:0.67ns )   --->   "%row_bytes_20_load = load i6 %row_bytes_20_addr" [../src/grayscale.cpp:36]   --->   Operation 110 'load' 'row_bytes_20_load' <Predicate = (trunc_ln32 == 28)> <Delay = 0.67> <CoreInst = "RAM">   --->   Core 82 'RAM' <Latency = 1> <II = 1> <Delay = 0.67> <Storage> <Opcode : 'load' 'store'> <Ports = 2> <Width = 8> <Depth = 48> <RAM>
ST_3 : Operation 111 [1/2] ( I:0.67ns O:0.67ns )   --->   "%row_bytes_21_load = load i6 %row_bytes_21_addr" [../src/grayscale.cpp:36]   --->   Operation 111 'load' 'row_bytes_21_load' <Predicate = (trunc_ln32 == 7)> <Delay = 0.67> <CoreInst = "RAM">   --->   Core 82 'RAM' <Latency = 1> <II = 1> <Delay = 0.67> <Storage> <Opcode : 'load' 'store'> <Ports = 2> <Width = 8> <Depth = 48> <RAM>
ST_3 : Operation 112 [1/2] ( I:0.67ns O:0.67ns )   --->   "%row_bytes_22_load = load i6 %row_bytes_22_addr" [../src/grayscale.cpp:36]   --->   Operation 112 'load' 'row_bytes_22_load' <Predicate = (trunc_ln32 == 18)> <Delay = 0.67> <CoreInst = "RAM">   --->   Core 82 'RAM' <Latency = 1> <II = 1> <Delay = 0.67> <Storage> <Opcode : 'load' 'store'> <Ports = 2> <Width = 8> <Depth = 48> <RAM>
ST_3 : Operation 113 [1/2] ( I:0.67ns O:0.67ns )   --->   "%row_bytes_23_load = load i6 %row_bytes_23_addr" [../src/grayscale.cpp:36]   --->   Operation 113 'load' 'row_bytes_23_load' <Predicate = (trunc_ln32 == 29)> <Delay = 0.67> <CoreInst = "RAM">   --->   Core 82 'RAM' <Latency = 1> <II = 1> <Delay = 0.67> <Storage> <Opcode : 'load' 'store'> <Ports = 2> <Width = 8> <Depth = 48> <RAM>
ST_3 : Operation 114 [1/2] ( I:0.67ns O:0.67ns )   --->   "%row_bytes_24_load = load i6 %row_bytes_24_addr" [../src/grayscale.cpp:36]   --->   Operation 114 'load' 'row_bytes_24_load' <Predicate = (trunc_ln32 == 8)> <Delay = 0.67> <CoreInst = "RAM">   --->   Core 82 'RAM' <Latency = 1> <II = 1> <Delay = 0.67> <Storage> <Opcode : 'load' 'store'> <Ports = 2> <Width = 8> <Depth = 48> <RAM>
ST_3 : Operation 115 [1/2] ( I:0.67ns O:0.67ns )   --->   "%row_bytes_25_load = load i6 %row_bytes_25_addr" [../src/grayscale.cpp:36]   --->   Operation 115 'load' 'row_bytes_25_load' <Predicate = (trunc_ln32 == 19)> <Delay = 0.67> <CoreInst = "RAM">   --->   Core 82 'RAM' <Latency = 1> <II = 1> <Delay = 0.67> <Storage> <Opcode : 'load' 'store'> <Ports = 2> <Width = 8> <Depth = 48> <RAM>
ST_3 : Operation 116 [1/2] ( I:0.67ns O:0.67ns )   --->   "%row_bytes_26_load = load i6 %row_bytes_26_addr" [../src/grayscale.cpp:36]   --->   Operation 116 'load' 'row_bytes_26_load' <Predicate = (trunc_ln32 == 30)> <Delay = 0.67> <CoreInst = "RAM">   --->   Core 82 'RAM' <Latency = 1> <II = 1> <Delay = 0.67> <Storage> <Opcode : 'load' 'store'> <Ports = 2> <Width = 8> <Depth = 48> <RAM>
ST_3 : Operation 117 [1/2] ( I:0.67ns O:0.67ns )   --->   "%row_bytes_27_load = load i6 %row_bytes_27_addr" [../src/grayscale.cpp:36]   --->   Operation 117 'load' 'row_bytes_27_load' <Predicate = (trunc_ln32 == 9)> <Delay = 0.67> <CoreInst = "RAM">   --->   Core 82 'RAM' <Latency = 1> <II = 1> <Delay = 0.67> <Storage> <Opcode : 'load' 'store'> <Ports = 2> <Width = 8> <Depth = 48> <RAM>
ST_3 : Operation 118 [1/2] ( I:0.67ns O:0.67ns )   --->   "%row_bytes_28_load = load i6 %row_bytes_28_addr" [../src/grayscale.cpp:36]   --->   Operation 118 'load' 'row_bytes_28_load' <Predicate = (trunc_ln32 == 20)> <Delay = 0.67> <CoreInst = "RAM">   --->   Core 82 'RAM' <Latency = 1> <II = 1> <Delay = 0.67> <Storage> <Opcode : 'load' 'store'> <Ports = 2> <Width = 8> <Depth = 48> <RAM>
ST_3 : Operation 119 [1/2] ( I:0.67ns O:0.67ns )   --->   "%row_bytes_29_load = load i6 %row_bytes_29_addr" [../src/grayscale.cpp:36]   --->   Operation 119 'load' 'row_bytes_29_load' <Predicate = (trunc_ln32 == 31)> <Delay = 0.67> <CoreInst = "RAM">   --->   Core 82 'RAM' <Latency = 1> <II = 1> <Delay = 0.67> <Storage> <Opcode : 'load' 'store'> <Ports = 2> <Width = 8> <Depth = 48> <RAM>
ST_3 : Operation 120 [1/2] ( I:0.67ns O:0.67ns )   --->   "%row_bytes_30_load = load i6 %row_bytes_30_addr" [../src/grayscale.cpp:36]   --->   Operation 120 'load' 'row_bytes_30_load' <Predicate = (trunc_ln32 == 10)> <Delay = 0.67> <CoreInst = "RAM">   --->   Core 82 'RAM' <Latency = 1> <II = 1> <Delay = 0.67> <Storage> <Opcode : 'load' 'store'> <Ports = 2> <Width = 8> <Depth = 48> <RAM>
ST_3 : Operation 121 [1/2] ( I:0.67ns O:0.67ns )   --->   "%row_bytes_31_load = load i6 %row_bytes_31_addr" [../src/grayscale.cpp:36]   --->   Operation 121 'load' 'row_bytes_31_load' <Predicate = (trunc_ln32 == 21)> <Delay = 0.67> <CoreInst = "RAM">   --->   Core 82 'RAM' <Latency = 1> <II = 1> <Delay = 0.67> <Storage> <Opcode : 'load' 'store'> <Ports = 2> <Width = 8> <Depth = 48> <RAM>
ST_3 : Operation 122 [1/1] (0.78ns)   --->   "%pixel = sparsemux i8 @_ssdm_op_SparseMux.ap_auto.32i8.i8.i5, i5 0, i8 %row_bytes_load, i5 11, i8 %row_bytes_1_load, i5 22, i8 %row_bytes_2_load, i5 1, i8 %row_bytes_3_load, i5 12, i8 %row_bytes_4_load, i5 23, i8 %row_bytes_5_load, i5 2, i8 %row_bytes_6_load, i5 13, i8 %row_bytes_7_load, i5 24, i8 %row_bytes_8_load, i5 3, i8 %row_bytes_9_load, i5 14, i8 %row_bytes_10_load, i5 25, i8 %row_bytes_11_load, i5 4, i8 %row_bytes_12_load, i5 15, i8 %row_bytes_13_load, i5 26, i8 %row_bytes_14_load, i5 5, i8 %row_bytes_15_load, i5 16, i8 %row_bytes_16_load, i5 27, i8 %row_bytes_17_load, i5 6, i8 %row_bytes_18_load, i5 17, i8 %row_bytes_19_load, i5 28, i8 %row_bytes_20_load, i5 7, i8 %row_bytes_21_load, i5 18, i8 %row_bytes_22_load, i5 29, i8 %row_bytes_23_load, i5 8, i8 %row_bytes_24_load, i5 19, i8 %row_bytes_25_load, i5 30, i8 %row_bytes_26_load, i5 9, i8 %row_bytes_27_load, i5 20, i8 %row_bytes_28_load, i5 31, i8 %row_bytes_29_load, i5 10, i8 %row_bytes_30_load, i5 21, i8 %row_bytes_31_load, i8 0, i5 %trunc_ln32" [../src/grayscale.cpp:36]   --->   Operation 122 'sparsemux' 'pixel' <Predicate = true> <Delay = 0.78> <CoreInst = "BinarySparseMux_DontCare">   --->   Core 149 'BinarySparseMux_DontCare' <Latency = 0> <II = 1> <Delay = 0.78> <FuncUnit> <Opcode : 'sparsemux'> <InPorts = 2> <OutPorts = 1>
ST_3 : Operation 123 [1/1] (0.79ns)   --->   "%add_ln37 = add i11 %sub_ln36, i11 1" [../src/grayscale.cpp:37]   --->   Operation 123 'add' 'add_ln37' <Predicate = true> <Delay = 0.79> <CoreInst = "Adder">   --->   Core 1 'Adder' <Latency = 0> <II = 1> <Delay = 0.79> <FuncUnit> <Opcode : 'add' 'sub'> <InPorts = 2> <OutPorts = 1>
ST_3 : Operation 124 [1/1] (0.00ns)   --->   "%lshr_ln1 = partselect i6 @_ssdm_op_PartSelect.i6.i11.i32.i32, i11 %add_ln37, i32 5, i32 10" [../src/grayscale.cpp:37]   --->   Operation 124 'partselect' 'lshr_ln1' <Predicate = true> <Delay = 0.00>
ST_3 : Operation 125 [1/1] (0.00ns)   --->   "%zext_ln37 = zext i6 %lshr_ln1" [../src/grayscale.cpp:37]   --->   Operation 125 'zext' 'zext_ln37' <Predicate = true> <Delay = 0.00>
ST_3 : Operation 126 [1/1] (0.00ns)   --->   "%row_bytes_addr_1 = getelementptr i8 %row_bytes, i64 0, i64 %zext_ln37" [../src/grayscale.cpp:37]   --->   Operation 126 'getelementptr' 'row_bytes_addr_1' <Predicate = (trunc_ln32 == 21)> <Delay = 0.00>
ST_3 : Operation 127 [1/1] (0.00ns)   --->   "%row_bytes_1_addr_1 = getelementptr i8 %row_bytes_1, i64 0, i64 %zext_ln37" [../src/grayscale.cpp:37]   --->   Operation 127 'getelementptr' 'row_bytes_1_addr_1' <Predicate = (trunc_ln32 == 0)> <Delay = 0.00>
ST_3 : Operation 128 [1/1] (0.00ns)   --->   "%row_bytes_2_addr_1 = getelementptr i8 %row_bytes_2, i64 0, i64 %zext_ln37" [../src/grayscale.cpp:37]   --->   Operation 128 'getelementptr' 'row_bytes_2_addr_1' <Predicate = (trunc_ln32 == 11)> <Delay = 0.00>
ST_3 : Operation 129 [1/1] (0.00ns)   --->   "%row_bytes_3_addr_1 = getelementptr i8 %row_bytes_3, i64 0, i64 %zext_ln37" [../src/grayscale.cpp:37]   --->   Operation 129 'getelementptr' 'row_bytes_3_addr_1' <Predicate = (trunc_ln32 == 22)> <Delay = 0.00>
ST_3 : Operation 130 [1/1] (0.00ns)   --->   "%row_bytes_4_addr_1 = getelementptr i8 %row_bytes_4, i64 0, i64 %zext_ln37" [../src/grayscale.cpp:37]   --->   Operation 130 'getelementptr' 'row_bytes_4_addr_1' <Predicate = (trunc_ln32 == 1)> <Delay = 0.00>
ST_3 : Operation 131 [1/1] (0.00ns)   --->   "%row_bytes_5_addr_1 = getelementptr i8 %row_bytes_5, i64 0, i64 %zext_ln37" [../src/grayscale.cpp:37]   --->   Operation 131 'getelementptr' 'row_bytes_5_addr_1' <Predicate = (trunc_ln32 == 12)> <Delay = 0.00>
ST_3 : Operation 132 [1/1] (0.00ns)   --->   "%row_bytes_6_addr_1 = getelementptr i8 %row_bytes_6, i64 0, i64 %zext_ln37" [../src/grayscale.cpp:37]   --->   Operation 132 'getelementptr' 'row_bytes_6_addr_1' <Predicate = (trunc_ln32 == 23)> <Delay = 0.00>
ST_3 : Operation 133 [1/1] (0.00ns)   --->   "%row_bytes_7_addr_1 = getelementptr i8 %row_bytes_7, i64 0, i64 %zext_ln37" [../src/grayscale.cpp:37]   --->   Operation 133 'getelementptr' 'row_bytes_7_addr_1' <Predicate = (trunc_ln32 == 2)> <Delay = 0.00>
ST_3 : Operation 134 [1/1] (0.00ns)   --->   "%row_bytes_8_addr_1 = getelementptr i8 %row_bytes_8, i64 0, i64 %zext_ln37" [../src/grayscale.cpp:37]   --->   Operation 134 'getelementptr' 'row_bytes_8_addr_1' <Predicate = (trunc_ln32 == 13)> <Delay = 0.00>
ST_3 : Operation 135 [1/1] (0.00ns)   --->   "%row_bytes_9_addr_1 = getelementptr i8 %row_bytes_9, i64 0, i64 %zext_ln37" [../src/grayscale.cpp:37]   --->   Operation 135 'getelementptr' 'row_bytes_9_addr_1' <Predicate = (trunc_ln32 == 24)> <Delay = 0.00>
ST_3 : Operation 136 [1/1] (0.00ns)   --->   "%row_bytes_10_addr_1 = getelementptr i8 %row_bytes_10, i64 0, i64 %zext_ln37" [../src/grayscale.cpp:37]   --->   Operation 136 'getelementptr' 'row_bytes_10_addr_1' <Predicate = (trunc_ln32 == 3)> <Delay = 0.00>
ST_3 : Operation 137 [1/1] (0.00ns)   --->   "%row_bytes_11_addr_1 = getelementptr i8 %row_bytes_11, i64 0, i64 %zext_ln37" [../src/grayscale.cpp:37]   --->   Operation 137 'getelementptr' 'row_bytes_11_addr_1' <Predicate = (trunc_ln32 == 14)> <Delay = 0.00>
ST_3 : Operation 138 [1/1] (0.00ns)   --->   "%row_bytes_12_addr_1 = getelementptr i8 %row_bytes_12, i64 0, i64 %zext_ln37" [../src/grayscale.cpp:37]   --->   Operation 138 'getelementptr' 'row_bytes_12_addr_1' <Predicate = (trunc_ln32 == 25)> <Delay = 0.00>
ST_3 : Operation 139 [1/1] (0.00ns)   --->   "%row_bytes_13_addr_1 = getelementptr i8 %row_bytes_13, i64 0, i64 %zext_ln37" [../src/grayscale.cpp:37]   --->   Operation 139 'getelementptr' 'row_bytes_13_addr_1' <Predicate = (trunc_ln32 == 4)> <Delay = 0.00>
ST_3 : Operation 140 [1/1] (0.00ns)   --->   "%row_bytes_14_addr_1 = getelementptr i8 %row_bytes_14, i64 0, i64 %zext_ln37" [../src/grayscale.cpp:37]   --->   Operation 140 'getelementptr' 'row_bytes_14_addr_1' <Predicate = (trunc_ln32 == 15)> <Delay = 0.00>
ST_3 : Operation 141 [1/1] (0.00ns)   --->   "%row_bytes_15_addr_1 = getelementptr i8 %row_bytes_15, i64 0, i64 %zext_ln37" [../src/grayscale.cpp:37]   --->   Operation 141 'getelementptr' 'row_bytes_15_addr_1' <Predicate = (trunc_ln32 == 26)> <Delay = 0.00>
ST_3 : Operation 142 [1/1] (0.00ns)   --->   "%row_bytes_16_addr_1 = getelementptr i8 %row_bytes_16, i64 0, i64 %zext_ln37" [../src/grayscale.cpp:37]   --->   Operation 142 'getelementptr' 'row_bytes_16_addr_1' <Predicate = (trunc_ln32 == 5)> <Delay = 0.00>
ST_3 : Operation 143 [1/1] (0.00ns)   --->   "%row_bytes_17_addr_1 = getelementptr i8 %row_bytes_17, i64 0, i64 %zext_ln37" [../src/grayscale.cpp:37]   --->   Operation 143 'getelementptr' 'row_bytes_17_addr_1' <Predicate = (trunc_ln32 == 16)> <Delay = 0.00>
ST_3 : Operation 144 [1/1] (0.00ns)   --->   "%row_bytes_18_addr_1 = getelementptr i8 %row_bytes_18, i64 0, i64 %zext_ln37" [../src/grayscale.cpp:37]   --->   Operation 144 'getelementptr' 'row_bytes_18_addr_1' <Predicate = (trunc_ln32 == 27)> <Delay = 0.00>
ST_3 : Operation 145 [1/1] (0.00ns)   --->   "%row_bytes_19_addr_1 = getelementptr i8 %row_bytes_19, i64 0, i64 %zext_ln37" [../src/grayscale.cpp:37]   --->   Operation 145 'getelementptr' 'row_bytes_19_addr_1' <Predicate = (trunc_ln32 == 6)> <Delay = 0.00>
ST_3 : Operation 146 [1/1] (0.00ns)   --->   "%row_bytes_20_addr_1 = getelementptr i8 %row_bytes_20, i64 0, i64 %zext_ln37" [../src/grayscale.cpp:37]   --->   Operation 146 'getelementptr' 'row_bytes_20_addr_1' <Predicate = (trunc_ln32 == 17)> <Delay = 0.00>
ST_3 : Operation 147 [1/1] (0.00ns)   --->   "%row_bytes_21_addr_1 = getelementptr i8 %row_bytes_21, i64 0, i64 %zext_ln37" [../src/grayscale.cpp:37]   --->   Operation 147 'getelementptr' 'row_bytes_21_addr_1' <Predicate = (trunc_ln32 == 28)> <Delay = 0.00>
ST_3 : Operation 148 [1/1] (0.00ns)   --->   "%row_bytes_22_addr_1 = getelementptr i8 %row_bytes_22, i64 0, i64 %zext_ln37" [../src/grayscale.cpp:37]   --->   Operation 148 'getelementptr' 'row_bytes_22_addr_1' <Predicate = (trunc_ln32 == 7)> <Delay = 0.00>
ST_3 : Operation 149 [1/1] (0.00ns)   --->   "%row_bytes_23_addr_1 = getelementptr i8 %row_bytes_23, i64 0, i64 %zext_ln37" [../src/grayscale.cpp:37]   --->   Operation 149 'getelementptr' 'row_bytes_23_addr_1' <Predicate = (trunc_ln32 == 18)> <Delay = 0.00>
ST_3 : Operation 150 [1/1] (0.00ns)   --->   "%row_bytes_24_addr_1 = getelementptr i8 %row_bytes_24, i64 0, i64 %zext_ln37" [../src/grayscale.cpp:37]   --->   Operation 150 'getelementptr' 'row_bytes_24_addr_1' <Predicate = (trunc_ln32 == 29)> <Delay = 0.00>
ST_3 : Operation 151 [1/1] (0.00ns)   --->   "%row_bytes_25_addr_1 = getelementptr i8 %row_bytes_25, i64 0, i64 %zext_ln37" [../src/grayscale.cpp:37]   --->   Operation 151 'getelementptr' 'row_bytes_25_addr_1' <Predicate = (trunc_ln32 == 8)> <Delay = 0.00>
ST_3 : Operation 152 [1/1] (0.00ns)   --->   "%row_bytes_26_addr_1 = getelementptr i8 %row_bytes_26, i64 0, i64 %zext_ln37" [../src/grayscale.cpp:37]   --->   Operation 152 'getelementptr' 'row_bytes_26_addr_1' <Predicate = (trunc_ln32 == 19)> <Delay = 0.00>
ST_3 : Operation 153 [1/1] (0.00ns)   --->   "%row_bytes_27_addr_1 = getelementptr i8 %row_bytes_27, i64 0, i64 %zext_ln37" [../src/grayscale.cpp:37]   --->   Operation 153 'getelementptr' 'row_bytes_27_addr_1' <Predicate = (trunc_ln32 == 30)> <Delay = 0.00>
ST_3 : Operation 154 [1/1] (0.00ns)   --->   "%row_bytes_28_addr_1 = getelementptr i8 %row_bytes_28, i64 0, i64 %zext_ln37" [../src/grayscale.cpp:37]   --->   Operation 154 'getelementptr' 'row_bytes_28_addr_1' <Predicate = (trunc_ln32 == 9)> <Delay = 0.00>
ST_3 : Operation 155 [1/1] (0.00ns)   --->   "%row_bytes_29_addr_1 = getelementptr i8 %row_bytes_29, i64 0, i64 %zext_ln37" [../src/grayscale.cpp:37]   --->   Operation 155 'getelementptr' 'row_bytes_29_addr_1' <Predicate = (trunc_ln32 == 20)> <Delay = 0.00>
ST_3 : Operation 156 [1/1] (0.00ns)   --->   "%row_bytes_30_addr_1 = getelementptr i8 %row_bytes_30, i64 0, i64 %zext_ln37" [../src/grayscale.cpp:37]   --->   Operation 156 'getelementptr' 'row_bytes_30_addr_1' <Predicate = (trunc_ln32 == 31)> <Delay = 0.00>
ST_3 : Operation 157 [1/1] (0.00ns)   --->   "%row_bytes_31_addr_1 = getelementptr i8 %row_bytes_31, i64 0, i64 %zext_ln37" [../src/grayscale.cpp:37]   --->   Operation 157 'getelementptr' 'row_bytes_31_addr_1' <Predicate = (trunc_ln32 == 10)> <Delay = 0.00>
ST_3 : Operation 158 [2/2] (0.67ns)   --->   "%row_bytes_load_1 = load i6 %row_bytes_addr_1" [../src/grayscale.cpp:37]   --->   Operation 158 'load' 'row_bytes_load_1' <Predicate = (trunc_ln32 == 21)> <Delay = 0.67> <CoreInst = "RAM">   --->   Core 82 'RAM' <Latency = 1> <II = 1> <Delay = 0.67> <Storage> <Opcode : 'load' 'store'> <Ports = 2> <Width = 8> <Depth = 48> <RAM>
ST_3 : Operation 159 [2/2] (0.67ns)   --->   "%row_bytes_1_load_1 = load i6 %row_bytes_1_addr_1" [../src/grayscale.cpp:37]   --->   Operation 159 'load' 'row_bytes_1_load_1' <Predicate = (trunc_ln32 == 0)> <Delay = 0.67> <CoreInst = "RAM">   --->   Core 82 'RAM' <Latency = 1> <II = 1> <Delay = 0.67> <Storage> <Opcode : 'load' 'store'> <Ports = 2> <Width = 8> <Depth = 48> <RAM>
ST_3 : Operation 160 [2/2] (0.67ns)   --->   "%row_bytes_2_load_1 = load i6 %row_bytes_2_addr_1" [../src/grayscale.cpp:37]   --->   Operation 160 'load' 'row_bytes_2_load_1' <Predicate = (trunc_ln32 == 11)> <Delay = 0.67> <CoreInst = "RAM">   --->   Core 82 'RAM' <Latency = 1> <II = 1> <Delay = 0.67> <Storage> <Opcode : 'load' 'store'> <Ports = 2> <Width = 8> <Depth = 48> <RAM>
ST_3 : Operation 161 [2/2] (0.67ns)   --->   "%row_bytes_3_load_1 = load i6 %row_bytes_3_addr_1" [../src/grayscale.cpp:37]   --->   Operation 161 'load' 'row_bytes_3_load_1' <Predicate = (trunc_ln32 == 22)> <Delay = 0.67> <CoreInst = "RAM">   --->   Core 82 'RAM' <Latency = 1> <II = 1> <Delay = 0.67> <Storage> <Opcode : 'load' 'store'> <Ports = 2> <Width = 8> <Depth = 48> <RAM>
ST_3 : Operation 162 [2/2] (0.67ns)   --->   "%row_bytes_4_load_1 = load i6 %row_bytes_4_addr_1" [../src/grayscale.cpp:37]   --->   Operation 162 'load' 'row_bytes_4_load_1' <Predicate = (trunc_ln32 == 1)> <Delay = 0.67> <CoreInst = "RAM">   --->   Core 82 'RAM' <Latency = 1> <II = 1> <Delay = 0.67> <Storage> <Opcode : 'load' 'store'> <Ports = 2> <Width = 8> <Depth = 48> <RAM>
ST_3 : Operation 163 [2/2] (0.67ns)   --->   "%row_bytes_5_load_1 = load i6 %row_bytes_5_addr_1" [../src/grayscale.cpp:37]   --->   Operation 163 'load' 'row_bytes_5_load_1' <Predicate = (trunc_ln32 == 12)> <Delay = 0.67> <CoreInst = "RAM">   --->   Core 82 'RAM' <Latency = 1> <II = 1> <Delay = 0.67> <Storage> <Opcode : 'load' 'store'> <Ports = 2> <Width = 8> <Depth = 48> <RAM>
ST_3 : Operation 164 [2/2] (0.67ns)   --->   "%row_bytes_6_load_1 = load i6 %row_bytes_6_addr_1" [../src/grayscale.cpp:37]   --->   Operation 164 'load' 'row_bytes_6_load_1' <Predicate = (trunc_ln32 == 23)> <Delay = 0.67> <CoreInst = "RAM">   --->   Core 82 'RAM' <Latency = 1> <II = 1> <Delay = 0.67> <Storage> <Opcode : 'load' 'store'> <Ports = 2> <Width = 8> <Depth = 48> <RAM>
ST_3 : Operation 165 [2/2] (0.67ns)   --->   "%row_bytes_7_load_1 = load i6 %row_bytes_7_addr_1" [../src/grayscale.cpp:37]   --->   Operation 165 'load' 'row_bytes_7_load_1' <Predicate = (trunc_ln32 == 2)> <Delay = 0.67> <CoreInst = "RAM">   --->   Core 82 'RAM' <Latency = 1> <II = 1> <Delay = 0.67> <Storage> <Opcode : 'load' 'store'> <Ports = 2> <Width = 8> <Depth = 48> <RAM>
ST_3 : Operation 166 [2/2] (0.67ns)   --->   "%row_bytes_8_load_1 = load i6 %row_bytes_8_addr_1" [../src/grayscale.cpp:37]   --->   Operation 166 'load' 'row_bytes_8_load_1' <Predicate = (trunc_ln32 == 13)> <Delay = 0.67> <CoreInst = "RAM">   --->   Core 82 'RAM' <Latency = 1> <II = 1> <Delay = 0.67> <Storage> <Opcode : 'load' 'store'> <Ports = 2> <Width = 8> <Depth = 48> <RAM>
ST_3 : Operation 167 [2/2] (0.67ns)   --->   "%row_bytes_9_load_1 = load i6 %row_bytes_9_addr_1" [../src/grayscale.cpp:37]   --->   Operation 167 'load' 'row_bytes_9_load_1' <Predicate = (trunc_ln32 == 24)> <Delay = 0.67> <CoreInst = "RAM">   --->   Core 82 'RAM' <Latency = 1> <II = 1> <Delay = 0.67> <Storage> <Opcode : 'load' 'store'> <Ports = 2> <Width = 8> <Depth = 48> <RAM>
ST_3 : Operation 168 [2/2] (0.67ns)   --->   "%row_bytes_10_load_1 = load i6 %row_bytes_10_addr_1" [../src/grayscale.cpp:37]   --->   Operation 168 'load' 'row_bytes_10_load_1' <Predicate = (trunc_ln32 == 3)> <Delay = 0.67> <CoreInst = "RAM">   --->   Core 82 'RAM' <Latency = 1> <II = 1> <Delay = 0.67> <Storage> <Opcode : 'load' 'store'> <Ports = 2> <Width = 8> <Depth = 48> <RAM>
ST_3 : Operation 169 [2/2] (0.67ns)   --->   "%row_bytes_11_load_1 = load i6 %row_bytes_11_addr_1" [../src/grayscale.cpp:37]   --->   Operation 169 'load' 'row_bytes_11_load_1' <Predicate = (trunc_ln32 == 14)> <Delay = 0.67> <CoreInst = "RAM">   --->   Core 82 'RAM' <Latency = 1> <II = 1> <Delay = 0.67> <Storage> <Opcode : 'load' 'store'> <Ports = 2> <Width = 8> <Depth = 48> <RAM>
ST_3 : Operation 170 [2/2] (0.67ns)   --->   "%row_bytes_12_load_1 = load i6 %row_bytes_12_addr_1" [../src/grayscale.cpp:37]   --->   Operation 170 'load' 'row_bytes_12_load_1' <Predicate = (trunc_ln32 == 25)> <Delay = 0.67> <CoreInst = "RAM">   --->   Core 82 'RAM' <Latency = 1> <II = 1> <Delay = 0.67> <Storage> <Opcode : 'load' 'store'> <Ports = 2> <Width = 8> <Depth = 48> <RAM>
ST_3 : Operation 171 [2/2] (0.67ns)   --->   "%row_bytes_13_load_1 = load i6 %row_bytes_13_addr_1" [../src/grayscale.cpp:37]   --->   Operation 171 'load' 'row_bytes_13_load_1' <Predicate = (trunc_ln32 == 4)> <Delay = 0.67> <CoreInst = "RAM">   --->   Core 82 'RAM' <Latency = 1> <II = 1> <Delay = 0.67> <Storage> <Opcode : 'load' 'store'> <Ports = 2> <Width = 8> <Depth = 48> <RAM>
ST_3 : Operation 172 [2/2] (0.67ns)   --->   "%row_bytes_14_load_1 = load i6 %row_bytes_14_addr_1" [../src/grayscale.cpp:37]   --->   Operation 172 'load' 'row_bytes_14_load_1' <Predicate = (trunc_ln32 == 15)> <Delay = 0.67> <CoreInst = "RAM">   --->   Core 82 'RAM' <Latency = 1> <II = 1> <Delay = 0.67> <Storage> <Opcode : 'load' 'store'> <Ports = 2> <Width = 8> <Depth = 48> <RAM>
ST_3 : Operation 173 [2/2] (0.67ns)   --->   "%row_bytes_15_load_1 = load i6 %row_bytes_15_addr_1" [../src/grayscale.cpp:37]   --->   Operation 173 'load' 'row_bytes_15_load_1' <Predicate = (trunc_ln32 == 26)> <Delay = 0.67> <CoreInst = "RAM">   --->   Core 82 'RAM' <Latency = 1> <II = 1> <Delay = 0.67> <Storage> <Opcode : 'load' 'store'> <Ports = 2> <Width = 8> <Depth = 48> <RAM>
ST_3 : Operation 174 [2/2] (0.67ns)   --->   "%row_bytes_16_load_1 = load i6 %row_bytes_16_addr_1" [../src/grayscale.cpp:37]   --->   Operation 174 'load' 'row_bytes_16_load_1' <Predicate = (trunc_ln32 == 5)> <Delay = 0.67> <CoreInst = "RAM">   --->   Core 82 'RAM' <Latency = 1> <II = 1> <Delay = 0.67> <Storage> <Opcode : 'load' 'store'> <Ports = 2> <Width = 8> <Depth = 48> <RAM>
ST_3 : Operation 175 [2/2] (0.67ns)   --->   "%row_bytes_17_load_1 = load i6 %row_bytes_17_addr_1" [../src/grayscale.cpp:37]   --->   Operation 175 'load' 'row_bytes_17_load_1' <Predicate = (trunc_ln32 == 16)> <Delay = 0.67> <CoreInst = "RAM">   --->   Core 82 'RAM' <Latency = 1> <II = 1> <Delay = 0.67> <Storage> <Opcode : 'load' 'store'> <Ports = 2> <Width = 8> <Depth = 48> <RAM>
ST_3 : Operation 176 [2/2] (0.67ns)   --->   "%row_bytes_18_load_1 = load i6 %row_bytes_18_addr_1" [../src/grayscale.cpp:37]   --->   Operation 176 'load' 'row_bytes_18_load_1' <Predicate = (trunc_ln32 == 27)> <Delay = 0.67> <CoreInst = "RAM">   --->   Core 82 'RAM' <Latency = 1> <II = 1> <Delay = 0.67> <Storage> <Opcode : 'load' 'store'> <Ports = 2> <Width = 8> <Depth = 48> <RAM>
ST_3 : Operation 177 [2/2] (0.67ns)   --->   "%row_bytes_19_load_1 = load i6 %row_bytes_19_addr_1" [../src/grayscale.cpp:37]   --->   Operation 177 'load' 'row_bytes_19_load_1' <Predicate = (trunc_ln32 == 6)> <Delay = 0.67> <CoreInst = "RAM">   --->   Core 82 'RAM' <Latency = 1> <II = 1> <Delay = 0.67> <Storage> <Opcode : 'load' 'store'> <Ports = 2> <Width = 8> <Depth = 48> <RAM>
ST_3 : Operation 178 [2/2] (0.67ns)   --->   "%row_bytes_20_load_1 = load i6 %row_bytes_20_addr_1" [../src/grayscale.cpp:37]   --->   Operation 178 'load' 'row_bytes_20_load_1' <Predicate = (trunc_ln32 == 17)> <Delay = 0.67> <CoreInst = "RAM">   --->   Core 82 'RAM' <Latency = 1> <II = 1> <Delay = 0.67> <Storage> <Opcode : 'load' 'store'> <Ports = 2> <Width = 8> <Depth = 48> <RAM>
ST_3 : Operation 179 [2/2] (0.67ns)   --->   "%row_bytes_21_load_1 = load i6 %row_bytes_21_addr_1" [../src/grayscale.cpp:37]   --->   Operation 179 'load' 'row_bytes_21_load_1' <Predicate = (trunc_ln32 == 28)> <Delay = 0.67> <CoreInst = "RAM">   --->   Core 82 'RAM' <Latency = 1> <II = 1> <Delay = 0.67> <Storage> <Opcode : 'load' 'store'> <Ports = 2> <Width = 8> <Depth = 48> <RAM>
ST_3 : Operation 180 [2/2] (0.67ns)   --->   "%row_bytes_22_load_1 = load i6 %row_bytes_22_addr_1" [../src/grayscale.cpp:37]   --->   Operation 180 'load' 'row_bytes_22_load_1' <Predicate = (trunc_ln32 == 7)> <Delay = 0.67> <CoreInst = "RAM">   --->   Core 82 'RAM' <Latency = 1> <II = 1> <Delay = 0.67> <Storage> <Opcode : 'load' 'store'> <Ports = 2> <Width = 8> <Depth = 48> <RAM>
ST_3 : Operation 181 [2/2] (0.67ns)   --->   "%row_bytes_23_load_1 = load i6 %row_bytes_23_addr_1" [../src/grayscale.cpp:37]   --->   Operation 181 'load' 'row_bytes_23_load_1' <Predicate = (trunc_ln32 == 18)> <Delay = 0.67> <CoreInst = "RAM">   --->   Core 82 'RAM' <Latency = 1> <II = 1> <Delay = 0.67> <Storage> <Opcode : 'load' 'store'> <Ports = 2> <Width = 8> <Depth = 48> <RAM>
ST_3 : Operation 182 [2/2] (0.67ns)   --->   "%row_bytes_24_load_1 = load i6 %row_bytes_24_addr_1" [../src/grayscale.cpp:37]   --->   Operation 182 'load' 'row_bytes_24_load_1' <Predicate = (trunc_ln32 == 29)> <Delay = 0.67> <CoreInst = "RAM">   --->   Core 82 'RAM' <Latency = 1> <II = 1> <Delay = 0.67> <Storage> <Opcode : 'load' 'store'> <Ports = 2> <Width = 8> <Depth = 48> <RAM>
ST_3 : Operation 183 [2/2] (0.67ns)   --->   "%row_bytes_25_load_1 = load i6 %row_bytes_25_addr_1" [../src/grayscale.cpp:37]   --->   Operation 183 'load' 'row_bytes_25_load_1' <Predicate = (trunc_ln32 == 8)> <Delay = 0.67> <CoreInst = "RAM">   --->   Core 82 'RAM' <Latency = 1> <II = 1> <Delay = 0.67> <Storage> <Opcode : 'load' 'store'> <Ports = 2> <Width = 8> <Depth = 48> <RAM>
ST_3 : Operation 184 [2/2] (0.67ns)   --->   "%row_bytes_26_load_1 = load i6 %row_bytes_26_addr_1" [../src/grayscale.cpp:37]   --->   Operation 184 'load' 'row_bytes_26_load_1' <Predicate = (trunc_ln32 == 19)> <Delay = 0.67> <CoreInst = "RAM">   --->   Core 82 'RAM' <Latency = 1> <II = 1> <Delay = 0.67> <Storage> <Opcode : 'load' 'store'> <Ports = 2> <Width = 8> <Depth = 48> <RAM>
ST_3 : Operation 185 [2/2] (0.67ns)   --->   "%row_bytes_27_load_1 = load i6 %row_bytes_27_addr_1" [../src/grayscale.cpp:37]   --->   Operation 185 'load' 'row_bytes_27_load_1' <Predicate = (trunc_ln32 == 30)> <Delay = 0.67> <CoreInst = "RAM">   --->   Core 82 'RAM' <Latency = 1> <II = 1> <Delay = 0.67> <Storage> <Opcode : 'load' 'store'> <Ports = 2> <Width = 8> <Depth = 48> <RAM>
ST_3 : Operation 186 [2/2] (0.67ns)   --->   "%row_bytes_28_load_1 = load i6 %row_bytes_28_addr_1" [../src/grayscale.cpp:37]   --->   Operation 186 'load' 'row_bytes_28_load_1' <Predicate = (trunc_ln32 == 9)> <Delay = 0.67> <CoreInst = "RAM">   --->   Core 82 'RAM' <Latency = 1> <II = 1> <Delay = 0.67> <Storage> <Opcode : 'load' 'store'> <Ports = 2> <Width = 8> <Depth = 48> <RAM>
ST_3 : Operation 187 [2/2] (0.67ns)   --->   "%row_bytes_29_load_1 = load i6 %row_bytes_29_addr_1" [../src/grayscale.cpp:37]   --->   Operation 187 'load' 'row_bytes_29_load_1' <Predicate = (trunc_ln32 == 20)> <Delay = 0.67> <CoreInst = "RAM">   --->   Core 82 'RAM' <Latency = 1> <II = 1> <Delay = 0.67> <Storage> <Opcode : 'load' 'store'> <Ports = 2> <Width = 8> <Depth = 48> <RAM>
ST_3 : Operation 188 [2/2] (0.67ns)   --->   "%row_bytes_30_load_1 = load i6 %row_bytes_30_addr_1" [../src/grayscale.cpp:37]   --->   Operation 188 'load' 'row_bytes_30_load_1' <Predicate = (trunc_ln32 == 31)> <Delay = 0.67> <CoreInst = "RAM">   --->   Core 82 'RAM' <Latency = 1> <II = 1> <Delay = 0.67> <Storage> <Opcode : 'load' 'store'> <Ports = 2> <Width = 8> <Depth = 48> <RAM>
ST_3 : Operation 189 [2/2] (0.67ns)   --->   "%row_bytes_31_load_1 = load i6 %row_bytes_31_addr_1" [../src/grayscale.cpp:37]   --->   Operation 189 'load' 'row_bytes_31_load_1' <Predicate = (trunc_ln32 == 10)> <Delay = 0.67> <CoreInst = "RAM">   --->   Core 82 'RAM' <Latency = 1> <II = 1> <Delay = 0.67> <Storage> <Opcode : 'load' 'store'> <Ports = 2> <Width = 8> <Depth = 48> <RAM>
ST_3 : Operation 190 [1/1] (0.79ns)   --->   "%add_ln38 = add i11 %sub_ln36, i11 2" [../src/grayscale.cpp:38]   --->   Operation 190 'add' 'add_ln38' <Predicate = true> <Delay = 0.79> <CoreInst = "Adder">   --->   Core 1 'Adder' <Latency = 0> <II = 1> <Delay = 0.79> <FuncUnit> <Opcode : 'add' 'sub'> <InPorts = 2> <OutPorts = 1>
ST_3 : Operation 191 [1/1] (0.00ns)   --->   "%lshr_ln2 = partselect i6 @_ssdm_op_PartSelect.i6.i11.i32.i32, i11 %add_ln38, i32 5, i32 10" [../src/grayscale.cpp:38]   --->   Operation 191 'partselect' 'lshr_ln2' <Predicate = true> <Delay = 0.00>
ST_3 : Operation 192 [1/1] (0.00ns)   --->   "%zext_ln38 = zext i6 %lshr_ln2" [../src/grayscale.cpp:38]   --->   Operation 192 'zext' 'zext_ln38' <Predicate = true> <Delay = 0.00>
ST_3 : Operation 193 [1/1] (0.00ns)   --->   "%row_bytes_addr_2 = getelementptr i8 %row_bytes, i64 0, i64 %zext_ln38" [../src/grayscale.cpp:38]   --->   Operation 193 'getelementptr' 'row_bytes_addr_2' <Predicate = (trunc_ln32 == 10)> <Delay = 0.00>
ST_3 : Operation 194 [1/1] (0.00ns)   --->   "%row_bytes_1_addr_2 = getelementptr i8 %row_bytes_1, i64 0, i64 %zext_ln38" [../src/grayscale.cpp:38]   --->   Operation 194 'getelementptr' 'row_bytes_1_addr_2' <Predicate = (trunc_ln32 == 21)> <Delay = 0.00>
ST_3 : Operation 195 [1/1] (0.00ns)   --->   "%row_bytes_2_addr_2 = getelementptr i8 %row_bytes_2, i64 0, i64 %zext_ln38" [../src/grayscale.cpp:38]   --->   Operation 195 'getelementptr' 'row_bytes_2_addr_2' <Predicate = (trunc_ln32 == 0)> <Delay = 0.00>
ST_3 : Operation 196 [1/1] (0.00ns)   --->   "%row_bytes_3_addr_2 = getelementptr i8 %row_bytes_3, i64 0, i64 %zext_ln38" [../src/grayscale.cpp:38]   --->   Operation 196 'getelementptr' 'row_bytes_3_addr_2' <Predicate = (trunc_ln32 == 11)> <Delay = 0.00>
ST_3 : Operation 197 [1/1] (0.00ns)   --->   "%row_bytes_4_addr_2 = getelementptr i8 %row_bytes_4, i64 0, i64 %zext_ln38" [../src/grayscale.cpp:38]   --->   Operation 197 'getelementptr' 'row_bytes_4_addr_2' <Predicate = (trunc_ln32 == 22)> <Delay = 0.00>
ST_3 : Operation 198 [1/1] (0.00ns)   --->   "%row_bytes_5_addr_2 = getelementptr i8 %row_bytes_5, i64 0, i64 %zext_ln38" [../src/grayscale.cpp:38]   --->   Operation 198 'getelementptr' 'row_bytes_5_addr_2' <Predicate = (trunc_ln32 == 1)> <Delay = 0.00>
ST_3 : Operation 199 [1/1] (0.00ns)   --->   "%row_bytes_6_addr_2 = getelementptr i8 %row_bytes_6, i64 0, i64 %zext_ln38" [../src/grayscale.cpp:38]   --->   Operation 199 'getelementptr' 'row_bytes_6_addr_2' <Predicate = (trunc_ln32 == 12)> <Delay = 0.00>
ST_3 : Operation 200 [1/1] (0.00ns)   --->   "%row_bytes_7_addr_2 = getelementptr i8 %row_bytes_7, i64 0, i64 %zext_ln38" [../src/grayscale.cpp:38]   --->   Operation 200 'getelementptr' 'row_bytes_7_addr_2' <Predicate = (trunc_ln32 == 23)> <Delay = 0.00>
ST_3 : Operation 201 [1/1] (0.00ns)   --->   "%row_bytes_8_addr_2 = getelementptr i8 %row_bytes_8, i64 0, i64 %zext_ln38" [../src/grayscale.cpp:38]   --->   Operation 201 'getelementptr' 'row_bytes_8_addr_2' <Predicate = (trunc_ln32 == 2)> <Delay = 0.00>
ST_3 : Operation 202 [1/1] (0.00ns)   --->   "%row_bytes_9_addr_2 = getelementptr i8 %row_bytes_9, i64 0, i64 %zext_ln38" [../src/grayscale.cpp:38]   --->   Operation 202 'getelementptr' 'row_bytes_9_addr_2' <Predicate = (trunc_ln32 == 13)> <Delay = 0.00>
ST_3 : Operation 203 [1/1] (0.00ns)   --->   "%row_bytes_10_addr_2 = getelementptr i8 %row_bytes_10, i64 0, i64 %zext_ln38" [../src/grayscale.cpp:38]   --->   Operation 203 'getelementptr' 'row_bytes_10_addr_2' <Predicate = (trunc_ln32 == 24)> <Delay = 0.00>
ST_3 : Operation 204 [1/1] (0.00ns)   --->   "%row_bytes_11_addr_2 = getelementptr i8 %row_bytes_11, i64 0, i64 %zext_ln38" [../src/grayscale.cpp:38]   --->   Operation 204 'getelementptr' 'row_bytes_11_addr_2' <Predicate = (trunc_ln32 == 3)> <Delay = 0.00>
ST_3 : Operation 205 [1/1] (0.00ns)   --->   "%row_bytes_12_addr_2 = getelementptr i8 %row_bytes_12, i64 0, i64 %zext_ln38" [../src/grayscale.cpp:38]   --->   Operation 205 'getelementptr' 'row_bytes_12_addr_2' <Predicate = (trunc_ln32 == 14)> <Delay = 0.00>
ST_3 : Operation 206 [1/1] (0.00ns)   --->   "%row_bytes_13_addr_2 = getelementptr i8 %row_bytes_13, i64 0, i64 %zext_ln38" [../src/grayscale.cpp:38]   --->   Operation 206 'getelementptr' 'row_bytes_13_addr_2' <Predicate = (trunc_ln32 == 25)> <Delay = 0.00>
ST_3 : Operation 207 [1/1] (0.00ns)   --->   "%row_bytes_14_addr_2 = getelementptr i8 %row_bytes_14, i64 0, i64 %zext_ln38" [../src/grayscale.cpp:38]   --->   Operation 207 'getelementptr' 'row_bytes_14_addr_2' <Predicate = (trunc_ln32 == 4)> <Delay = 0.00>
ST_3 : Operation 208 [1/1] (0.00ns)   --->   "%row_bytes_15_addr_2 = getelementptr i8 %row_bytes_15, i64 0, i64 %zext_ln38" [../src/grayscale.cpp:38]   --->   Operation 208 'getelementptr' 'row_bytes_15_addr_2' <Predicate = (trunc_ln32 == 15)> <Delay = 0.00>
ST_3 : Operation 209 [1/1] (0.00ns)   --->   "%row_bytes_16_addr_2 = getelementptr i8 %row_bytes_16, i64 0, i64 %zext_ln38" [../src/grayscale.cpp:38]   --->   Operation 209 'getelementptr' 'row_bytes_16_addr_2' <Predicate = (trunc_ln32 == 26)> <Delay = 0.00>
ST_3 : Operation 210 [1/1] (0.00ns)   --->   "%row_bytes_17_addr_2 = getelementptr i8 %row_bytes_17, i64 0, i64 %zext_ln38" [../src/grayscale.cpp:38]   --->   Operation 210 'getelementptr' 'row_bytes_17_addr_2' <Predicate = (trunc_ln32 == 5)> <Delay = 0.00>
ST_3 : Operation 211 [1/1] (0.00ns)   --->   "%row_bytes_18_addr_2 = getelementptr i8 %row_bytes_18, i64 0, i64 %zext_ln38" [../src/grayscale.cpp:38]   --->   Operation 211 'getelementptr' 'row_bytes_18_addr_2' <Predicate = (trunc_ln32 == 16)> <Delay = 0.00>
ST_3 : Operation 212 [1/1] (0.00ns)   --->   "%row_bytes_19_addr_2 = getelementptr i8 %row_bytes_19, i64 0, i64 %zext_ln38" [../src/grayscale.cpp:38]   --->   Operation 212 'getelementptr' 'row_bytes_19_addr_2' <Predicate = (trunc_ln32 == 27)> <Delay = 0.00>
ST_3 : Operation 213 [1/1] (0.00ns)   --->   "%row_bytes_20_addr_2 = getelementptr i8 %row_bytes_20, i64 0, i64 %zext_ln38" [../src/grayscale.cpp:38]   --->   Operation 213 'getelementptr' 'row_bytes_20_addr_2' <Predicate = (trunc_ln32 == 6)> <Delay = 0.00>
ST_3 : Operation 214 [1/1] (0.00ns)   --->   "%row_bytes_21_addr_2 = getelementptr i8 %row_bytes_21, i64 0, i64 %zext_ln38" [../src/grayscale.cpp:38]   --->   Operation 214 'getelementptr' 'row_bytes_21_addr_2' <Predicate = (trunc_ln32 == 17)> <Delay = 0.00>
ST_3 : Operation 215 [1/1] (0.00ns)   --->   "%row_bytes_22_addr_2 = getelementptr i8 %row_bytes_22, i64 0, i64 %zext_ln38" [../src/grayscale.cpp:38]   --->   Operation 215 'getelementptr' 'row_bytes_22_addr_2' <Predicate = (trunc_ln32 == 28)> <Delay = 0.00>
ST_3 : Operation 216 [1/1] (0.00ns)   --->   "%row_bytes_23_addr_2 = getelementptr i8 %row_bytes_23, i64 0, i64 %zext_ln38" [../src/grayscale.cpp:38]   --->   Operation 216 'getelementptr' 'row_bytes_23_addr_2' <Predicate = (trunc_ln32 == 7)> <Delay = 0.00>
ST_3 : Operation 217 [1/1] (0.00ns)   --->   "%row_bytes_24_addr_2 = getelementptr i8 %row_bytes_24, i64 0, i64 %zext_ln38" [../src/grayscale.cpp:38]   --->   Operation 217 'getelementptr' 'row_bytes_24_addr_2' <Predicate = (trunc_ln32 == 18)> <Delay = 0.00>
ST_3 : Operation 218 [1/1] (0.00ns)   --->   "%row_bytes_25_addr_2 = getelementptr i8 %row_bytes_25, i64 0, i64 %zext_ln38" [../src/grayscale.cpp:38]   --->   Operation 218 'getelementptr' 'row_bytes_25_addr_2' <Predicate = (trunc_ln32 == 29)> <Delay = 0.00>
ST_3 : Operation 219 [1/1] (0.00ns)   --->   "%row_bytes_26_addr_2 = getelementptr i8 %row_bytes_26, i64 0, i64 %zext_ln38" [../src/grayscale.cpp:38]   --->   Operation 219 'getelementptr' 'row_bytes_26_addr_2' <Predicate = (trunc_ln32 == 8)> <Delay = 0.00>
ST_3 : Operation 220 [1/1] (0.00ns)   --->   "%row_bytes_27_addr_2 = getelementptr i8 %row_bytes_27, i64 0, i64 %zext_ln38" [../src/grayscale.cpp:38]   --->   Operation 220 'getelementptr' 'row_bytes_27_addr_2' <Predicate = (trunc_ln32 == 19)> <Delay = 0.00>
ST_3 : Operation 221 [1/1] (0.00ns)   --->   "%row_bytes_28_addr_2 = getelementptr i8 %row_bytes_28, i64 0, i64 %zext_ln38" [../src/grayscale.cpp:38]   --->   Operation 221 'getelementptr' 'row_bytes_28_addr_2' <Predicate = (trunc_ln32 == 30)> <Delay = 0.00>
ST_3 : Operation 222 [1/1] (0.00ns)   --->   "%row_bytes_29_addr_2 = getelementptr i8 %row_bytes_29, i64 0, i64 %zext_ln38" [../src/grayscale.cpp:38]   --->   Operation 222 'getelementptr' 'row_bytes_29_addr_2' <Predicate = (trunc_ln32 == 9)> <Delay = 0.00>
ST_3 : Operation 223 [1/1] (0.00ns)   --->   "%row_bytes_30_addr_2 = getelementptr i8 %row_bytes_30, i64 0, i64 %zext_ln38" [../src/grayscale.cpp:38]   --->   Operation 223 'getelementptr' 'row_bytes_30_addr_2' <Predicate = (trunc_ln32 == 20)> <Delay = 0.00>
ST_3 : Operation 224 [1/1] (0.00ns)   --->   "%row_bytes_31_addr_2 = getelementptr i8 %row_bytes_31, i64 0, i64 %zext_ln38" [../src/grayscale.cpp:38]   --->   Operation 224 'getelementptr' 'row_bytes_31_addr_2' <Predicate = (trunc_ln32 == 31)> <Delay = 0.00>
ST_3 : Operation 225 [2/2] (0.67ns)   --->   "%row_bytes_load_2 = load i6 %row_bytes_addr_2" [../src/grayscale.cpp:38]   --->   Operation 225 'load' 'row_bytes_load_2' <Predicate = (trunc_ln32 == 10)> <Delay = 0.67> <CoreInst = "RAM">   --->   Core 82 'RAM' <Latency = 1> <II = 1> <Delay = 0.67> <Storage> <Opcode : 'load' 'store'> <Ports = 2> <Width = 8> <Depth = 48> <RAM>
ST_3 : Operation 226 [2/2] (0.67ns)   --->   "%row_bytes_1_load_2 = load i6 %row_bytes_1_addr_2" [../src/grayscale.cpp:38]   --->   Operation 226 'load' 'row_bytes_1_load_2' <Predicate = (trunc_ln32 == 21)> <Delay = 0.67> <CoreInst = "RAM">   --->   Core 82 'RAM' <Latency = 1> <II = 1> <Delay = 0.67> <Storage> <Opcode : 'load' 'store'> <Ports = 2> <Width = 8> <Depth = 48> <RAM>
ST_3 : Operation 227 [2/2] (0.67ns)   --->   "%row_bytes_2_load_2 = load i6 %row_bytes_2_addr_2" [../src/grayscale.cpp:38]   --->   Operation 227 'load' 'row_bytes_2_load_2' <Predicate = (trunc_ln32 == 0)> <Delay = 0.67> <CoreInst = "RAM">   --->   Core 82 'RAM' <Latency = 1> <II = 1> <Delay = 0.67> <Storage> <Opcode : 'load' 'store'> <Ports = 2> <Width = 8> <Depth = 48> <RAM>
ST_3 : Operation 228 [2/2] (0.67ns)   --->   "%row_bytes_3_load_2 = load i6 %row_bytes_3_addr_2" [../src/grayscale.cpp:38]   --->   Operation 228 'load' 'row_bytes_3_load_2' <Predicate = (trunc_ln32 == 11)> <Delay = 0.67> <CoreInst = "RAM">   --->   Core 82 'RAM' <Latency = 1> <II = 1> <Delay = 0.67> <Storage> <Opcode : 'load' 'store'> <Ports = 2> <Width = 8> <Depth = 48> <RAM>
ST_3 : Operation 229 [2/2] (0.67ns)   --->   "%row_bytes_4_load_2 = load i6 %row_bytes_4_addr_2" [../src/grayscale.cpp:38]   --->   Operation 229 'load' 'row_bytes_4_load_2' <Predicate = (trunc_ln32 == 22)> <Delay = 0.67> <CoreInst = "RAM">   --->   Core 82 'RAM' <Latency = 1> <II = 1> <Delay = 0.67> <Storage> <Opcode : 'load' 'store'> <Ports = 2> <Width = 8> <Depth = 48> <RAM>
ST_3 : Operation 230 [2/2] (0.67ns)   --->   "%row_bytes_5_load_2 = load i6 %row_bytes_5_addr_2" [../src/grayscale.cpp:38]   --->   Operation 230 'load' 'row_bytes_5_load_2' <Predicate = (trunc_ln32 == 1)> <Delay = 0.67> <CoreInst = "RAM">   --->   Core 82 'RAM' <Latency = 1> <II = 1> <Delay = 0.67> <Storage> <Opcode : 'load' 'store'> <Ports = 2> <Width = 8> <Depth = 48> <RAM>
ST_3 : Operation 231 [2/2] (0.67ns)   --->   "%row_bytes_6_load_2 = load i6 %row_bytes_6_addr_2" [../src/grayscale.cpp:38]   --->   Operation 231 'load' 'row_bytes_6_load_2' <Predicate = (trunc_ln32 == 12)> <Delay = 0.67> <CoreInst = "RAM">   --->   Core 82 'RAM' <Latency = 1> <II = 1> <Delay = 0.67> <Storage> <Opcode : 'load' 'store'> <Ports = 2> <Width = 8> <Depth = 48> <RAM>
ST_3 : Operation 232 [2/2] (0.67ns)   --->   "%row_bytes_7_load_2 = load i6 %row_bytes_7_addr_2" [../src/grayscale.cpp:38]   --->   Operation 232 'load' 'row_bytes_7_load_2' <Predicate = (trunc_ln32 == 23)> <Delay = 0.67> <CoreInst = "RAM">   --->   Core 82 'RAM' <Latency = 1> <II = 1> <Delay = 0.67> <Storage> <Opcode : 'load' 'store'> <Ports = 2> <Width = 8> <Depth = 48> <RAM>
ST_3 : Operation 233 [2/2] (0.67ns)   --->   "%row_bytes_8_load_2 = load i6 %row_bytes_8_addr_2" [../src/grayscale.cpp:38]   --->   Operation 233 'load' 'row_bytes_8_load_2' <Predicate = (trunc_ln32 == 2)> <Delay = 0.67> <CoreInst = "RAM">   --->   Core 82 'RAM' <Latency = 1> <II = 1> <Delay = 0.67> <Storage> <Opcode : 'load' 'store'> <Ports = 2> <Width = 8> <Depth = 48> <RAM>
ST_3 : Operation 234 [2/2] (0.67ns)   --->   "%row_bytes_9_load_2 = load i6 %row_bytes_9_addr_2" [../src/grayscale.cpp:38]   --->   Operation 234 'load' 'row_bytes_9_load_2' <Predicate = (trunc_ln32 == 13)> <Delay = 0.67> <CoreInst = "RAM">   --->   Core 82 'RAM' <Latency = 1> <II = 1> <Delay = 0.67> <Storage> <Opcode : 'load' 'store'> <Ports = 2> <Width = 8> <Depth = 48> <RAM>
ST_3 : Operation 235 [2/2] (0.67ns)   --->   "%row_bytes_10_load_2 = load i6 %row_bytes_10_addr_2" [../src/grayscale.cpp:38]   --->   Operation 235 'load' 'row_bytes_10_load_2' <Predicate = (trunc_ln32 == 24)> <Delay = 0.67> <CoreInst = "RAM">   --->   Core 82 'RAM' <Latency = 1> <II = 1> <Delay = 0.67> <Storage> <Opcode : 'load' 'store'> <Ports = 2> <Width = 8> <Depth = 48> <RAM>
ST_3 : Operation 236 [2/2] (0.67ns)   --->   "%row_bytes_11_load_2 = load i6 %row_bytes_11_addr_2" [../src/grayscale.cpp:38]   --->   Operation 236 'load' 'row_bytes_11_load_2' <Predicate = (trunc_ln32 == 3)> <Delay = 0.67> <CoreInst = "RAM">   --->   Core 82 'RAM' <Latency = 1> <II = 1> <Delay = 0.67> <Storage> <Opcode : 'load' 'store'> <Ports = 2> <Width = 8> <Depth = 48> <RAM>
ST_3 : Operation 237 [2/2] (0.67ns)   --->   "%row_bytes_12_load_2 = load i6 %row_bytes_12_addr_2" [../src/grayscale.cpp:38]   --->   Operation 237 'load' 'row_bytes_12_load_2' <Predicate = (trunc_ln32 == 14)> <Delay = 0.67> <CoreInst = "RAM">   --->   Core 82 'RAM' <Latency = 1> <II = 1> <Delay = 0.67> <Storage> <Opcode : 'load' 'store'> <Ports = 2> <Width = 8> <Depth = 48> <RAM>
ST_3 : Operation 238 [2/2] (0.67ns)   --->   "%row_bytes_13_load_2 = load i6 %row_bytes_13_addr_2" [../src/grayscale.cpp:38]   --->   Operation 238 'load' 'row_bytes_13_load_2' <Predicate = (trunc_ln32 == 25)> <Delay = 0.67> <CoreInst = "RAM">   --->   Core 82 'RAM' <Latency = 1> <II = 1> <Delay = 0.67> <Storage> <Opcode : 'load' 'store'> <Ports = 2> <Width = 8> <Depth = 48> <RAM>
ST_3 : Operation 239 [2/2] (0.67ns)   --->   "%row_bytes_14_load_2 = load i6 %row_bytes_14_addr_2" [../src/grayscale.cpp:38]   --->   Operation 239 'load' 'row_bytes_14_load_2' <Predicate = (trunc_ln32 == 4)> <Delay = 0.67> <CoreInst = "RAM">   --->   Core 82 'RAM' <Latency = 1> <II = 1> <Delay = 0.67> <Storage> <Opcode : 'load' 'store'> <Ports = 2> <Width = 8> <Depth = 48> <RAM>
ST_3 : Operation 240 [2/2] (0.67ns)   --->   "%row_bytes_15_load_2 = load i6 %row_bytes_15_addr_2" [../src/grayscale.cpp:38]   --->   Operation 240 'load' 'row_bytes_15_load_2' <Predicate = (trunc_ln32 == 15)> <Delay = 0.67> <CoreInst = "RAM">   --->   Core 82 'RAM' <Latency = 1> <II = 1> <Delay = 0.67> <Storage> <Opcode : 'load' 'store'> <Ports = 2> <Width = 8> <Depth = 48> <RAM>
ST_3 : Operation 241 [2/2] (0.67ns)   --->   "%row_bytes_16_load_2 = load i6 %row_bytes_16_addr_2" [../src/grayscale.cpp:38]   --->   Operation 241 'load' 'row_bytes_16_load_2' <Predicate = (trunc_ln32 == 26)> <Delay = 0.67> <CoreInst = "RAM">   --->   Core 82 'RAM' <Latency = 1> <II = 1> <Delay = 0.67> <Storage> <Opcode : 'load' 'store'> <Ports = 2> <Width = 8> <Depth = 48> <RAM>
ST_3 : Operation 242 [2/2] (0.67ns)   --->   "%row_bytes_17_load_2 = load i6 %row_bytes_17_addr_2" [../src/grayscale.cpp:38]   --->   Operation 242 'load' 'row_bytes_17_load_2' <Predicate = (trunc_ln32 == 5)> <Delay = 0.67> <CoreInst = "RAM">   --->   Core 82 'RAM' <Latency = 1> <II = 1> <Delay = 0.67> <Storage> <Opcode : 'load' 'store'> <Ports = 2> <Width = 8> <Depth = 48> <RAM>
ST_3 : Operation 243 [2/2] (0.67ns)   --->   "%row_bytes_18_load_2 = load i6 %row_bytes_18_addr_2" [../src/grayscale.cpp:38]   --->   Operation 243 'load' 'row_bytes_18_load_2' <Predicate = (trunc_ln32 == 16)> <Delay = 0.67> <CoreInst = "RAM">   --->   Core 82 'RAM' <Latency = 1> <II = 1> <Delay = 0.67> <Storage> <Opcode : 'load' 'store'> <Ports = 2> <Width = 8> <Depth = 48> <RAM>
ST_3 : Operation 244 [2/2] (0.67ns)   --->   "%row_bytes_19_load_2 = load i6 %row_bytes_19_addr_2" [../src/grayscale.cpp:38]   --->   Operation 244 'load' 'row_bytes_19_load_2' <Predicate = (trunc_ln32 == 27)> <Delay = 0.67> <CoreInst = "RAM">   --->   Core 82 'RAM' <Latency = 1> <II = 1> <Delay = 0.67> <Storage> <Opcode : 'load' 'store'> <Ports = 2> <Width = 8> <Depth = 48> <RAM>
ST_3 : Operation 245 [2/2] (0.67ns)   --->   "%row_bytes_20_load_2 = load i6 %row_bytes_20_addr_2" [../src/grayscale.cpp:38]   --->   Operation 245 'load' 'row_bytes_20_load_2' <Predicate = (trunc_ln32 == 6)> <Delay = 0.67> <CoreInst = "RAM">   --->   Core 82 'RAM' <Latency = 1> <II = 1> <Delay = 0.67> <Storage> <Opcode : 'load' 'store'> <Ports = 2> <Width = 8> <Depth = 48> <RAM>
ST_3 : Operation 246 [2/2] (0.67ns)   --->   "%row_bytes_21_load_2 = load i6 %row_bytes_21_addr_2" [../src/grayscale.cpp:38]   --->   Operation 246 'load' 'row_bytes_21_load_2' <Predicate = (trunc_ln32 == 17)> <Delay = 0.67> <CoreInst = "RAM">   --->   Core 82 'RAM' <Latency = 1> <II = 1> <Delay = 0.67> <Storage> <Opcode : 'load' 'store'> <Ports = 2> <Width = 8> <Depth = 48> <RAM>
ST_3 : Operation 247 [2/2] (0.67ns)   --->   "%row_bytes_22_load_2 = load i6 %row_bytes_22_addr_2" [../src/grayscale.cpp:38]   --->   Operation 247 'load' 'row_bytes_22_load_2' <Predicate = (trunc_ln32 == 28)> <Delay = 0.67> <CoreInst = "RAM">   --->   Core 82 'RAM' <Latency = 1> <II = 1> <Delay = 0.67> <Storage> <Opcode : 'load' 'store'> <Ports = 2> <Width = 8> <Depth = 48> <RAM>
ST_3 : Operation 248 [2/2] (0.67ns)   --->   "%row_bytes_23_load_2 = load i6 %row_bytes_23_addr_2" [../src/grayscale.cpp:38]   --->   Operation 248 'load' 'row_bytes_23_load_2' <Predicate = (trunc_ln32 == 7)> <Delay = 0.67> <CoreInst = "RAM">   --->   Core 82 'RAM' <Latency = 1> <II = 1> <Delay = 0.67> <Storage> <Opcode : 'load' 'store'> <Ports = 2> <Width = 8> <Depth = 48> <RAM>
ST_3 : Operation 249 [2/2] (0.67ns)   --->   "%row_bytes_24_load_2 = load i6 %row_bytes_24_addr_2" [../src/grayscale.cpp:38]   --->   Operation 249 'load' 'row_bytes_24_load_2' <Predicate = (trunc_ln32 == 18)> <Delay = 0.67> <CoreInst = "RAM">   --->   Core 82 'RAM' <Latency = 1> <II = 1> <Delay = 0.67> <Storage> <Opcode : 'load' 'store'> <Ports = 2> <Width = 8> <Depth = 48> <RAM>
ST_3 : Operation 250 [2/2] (0.67ns)   --->   "%row_bytes_25_load_2 = load i6 %row_bytes_25_addr_2" [../src/grayscale.cpp:38]   --->   Operation 250 'load' 'row_bytes_25_load_2' <Predicate = (trunc_ln32 == 29)> <Delay = 0.67> <CoreInst = "RAM">   --->   Core 82 'RAM' <Latency = 1> <II = 1> <Delay = 0.67> <Storage> <Opcode : 'load' 'store'> <Ports = 2> <Width = 8> <Depth = 48> <RAM>
ST_3 : Operation 251 [2/2] (0.67ns)   --->   "%row_bytes_26_load_2 = load i6 %row_bytes_26_addr_2" [../src/grayscale.cpp:38]   --->   Operation 251 'load' 'row_bytes_26_load_2' <Predicate = (trunc_ln32 == 8)> <Delay = 0.67> <CoreInst = "RAM">   --->   Core 82 'RAM' <Latency = 1> <II = 1> <Delay = 0.67> <Storage> <Opcode : 'load' 'store'> <Ports = 2> <Width = 8> <Depth = 48> <RAM>
ST_3 : Operation 252 [2/2] (0.67ns)   --->   "%row_bytes_27_load_2 = load i6 %row_bytes_27_addr_2" [../src/grayscale.cpp:38]   --->   Operation 252 'load' 'row_bytes_27_load_2' <Predicate = (trunc_ln32 == 19)> <Delay = 0.67> <CoreInst = "RAM">   --->   Core 82 'RAM' <Latency = 1> <II = 1> <Delay = 0.67> <Storage> <Opcode : 'load' 'store'> <Ports = 2> <Width = 8> <Depth = 48> <RAM>
ST_3 : Operation 253 [2/2] (0.67ns)   --->   "%row_bytes_28_load_2 = load i6 %row_bytes_28_addr_2" [../src/grayscale.cpp:38]   --->   Operation 253 'load' 'row_bytes_28_load_2' <Predicate = (trunc_ln32 == 30)> <Delay = 0.67> <CoreInst = "RAM">   --->   Core 82 'RAM' <Latency = 1> <II = 1> <Delay = 0.67> <Storage> <Opcode : 'load' 'store'> <Ports = 2> <Width = 8> <Depth = 48> <RAM>
ST_3 : Operation 254 [2/2] (0.67ns)   --->   "%row_bytes_29_load_2 = load i6 %row_bytes_29_addr_2" [../src/grayscale.cpp:38]   --->   Operation 254 'load' 'row_bytes_29_load_2' <Predicate = (trunc_ln32 == 9)> <Delay = 0.67> <CoreInst = "RAM">   --->   Core 82 'RAM' <Latency = 1> <II = 1> <Delay = 0.67> <Storage> <Opcode : 'load' 'store'> <Ports = 2> <Width = 8> <Depth = 48> <RAM>
ST_3 : Operation 255 [2/2] (0.67ns)   --->   "%row_bytes_30_load_2 = load i6 %row_bytes_30_addr_2" [../src/grayscale.cpp:38]   --->   Operation 255 'load' 'row_bytes_30_load_2' <Predicate = (trunc_ln32 == 20)> <Delay = 0.67> <CoreInst = "RAM">   --->   Core 82 'RAM' <Latency = 1> <II = 1> <Delay = 0.67> <Storage> <Opcode : 'load' 'store'> <Ports = 2> <Width = 8> <Depth = 48> <RAM>
ST_3 : Operation 256 [2/2] (0.67ns)   --->   "%row_bytes_31_load_2 = load i6 %row_bytes_31_addr_2" [../src/grayscale.cpp:38]   --->   Operation 256 'load' 'row_bytes_31_load_2' <Predicate = (trunc_ln32 == 31)> <Delay = 0.67> <CoreInst = "RAM">   --->   Core 82 'RAM' <Latency = 1> <II = 1> <Delay = 0.67> <Storage> <Opcode : 'load' 'store'> <Ports = 2> <Width = 8> <Depth = 48> <RAM>
ST_3 : Operation 257 [1/1] (0.00ns)   --->   "%zext_ln42_1 = zext i8 %pixel" [../src/grayscale.cpp:42]   --->   Operation 257 'zext' 'zext_ln42_1' <Predicate = true> <Delay = 0.00>
ST_3 : Operation 258 [3/3] (0.99ns) (grouped into DSP with root node add_ln42)   --->   "%mul_ln42_3 = mul i13 %zext_ln42_1, i13 29" [../src/grayscale.cpp:42]   --->   Operation 258 'mul' 'mul_ln42_3' <Predicate = true> <Delay = 0.99> <CoreInst = "DSP48">   --->   Core 124 'DSP48' <Latency = 3> <II = 1> <Delay = 0.53> <IPBlock> <Opcode : 'add' 'sub' 'mul' 'select'> <InPorts = 0> <OutPorts = 1> <Sync> <CReg>

State 4 <SV = 3> <Delay = 2.46>
ST_4 : Operation 259 [1/2] ( I:0.67ns O:0.67ns )   --->   "%row_bytes_load_1 = load i6 %row_bytes_addr_1" [../src/grayscale.cpp:37]   --->   Operation 259 'load' 'row_bytes_load_1' <Predicate = (trunc_ln32 == 21)> <Delay = 0.67> <CoreInst = "RAM">   --->   Core 82 'RAM' <Latency = 1> <II = 1> <Delay = 0.67> <Storage> <Opcode : 'load' 'store'> <Ports = 2> <Width = 8> <Depth = 48> <RAM>
ST_4 : Operation 260 [1/2] ( I:0.67ns O:0.67ns )   --->   "%row_bytes_1_load_1 = load i6 %row_bytes_1_addr_1" [../src/grayscale.cpp:37]   --->   Operation 260 'load' 'row_bytes_1_load_1' <Predicate = (trunc_ln32 == 0)> <Delay = 0.67> <CoreInst = "RAM">   --->   Core 82 'RAM' <Latency = 1> <II = 1> <Delay = 0.67> <Storage> <Opcode : 'load' 'store'> <Ports = 2> <Width = 8> <Depth = 48> <RAM>
ST_4 : Operation 261 [1/2] ( I:0.67ns O:0.67ns )   --->   "%row_bytes_2_load_1 = load i6 %row_bytes_2_addr_1" [../src/grayscale.cpp:37]   --->   Operation 261 'load' 'row_bytes_2_load_1' <Predicate = (trunc_ln32 == 11)> <Delay = 0.67> <CoreInst = "RAM">   --->   Core 82 'RAM' <Latency = 1> <II = 1> <Delay = 0.67> <Storage> <Opcode : 'load' 'store'> <Ports = 2> <Width = 8> <Depth = 48> <RAM>
ST_4 : Operation 262 [1/2] ( I:0.67ns O:0.67ns )   --->   "%row_bytes_3_load_1 = load i6 %row_bytes_3_addr_1" [../src/grayscale.cpp:37]   --->   Operation 262 'load' 'row_bytes_3_load_1' <Predicate = (trunc_ln32 == 22)> <Delay = 0.67> <CoreInst = "RAM">   --->   Core 82 'RAM' <Latency = 1> <II = 1> <Delay = 0.67> <Storage> <Opcode : 'load' 'store'> <Ports = 2> <Width = 8> <Depth = 48> <RAM>
ST_4 : Operation 263 [1/2] ( I:0.67ns O:0.67ns )   --->   "%row_bytes_4_load_1 = load i6 %row_bytes_4_addr_1" [../src/grayscale.cpp:37]   --->   Operation 263 'load' 'row_bytes_4_load_1' <Predicate = (trunc_ln32 == 1)> <Delay = 0.67> <CoreInst = "RAM">   --->   Core 82 'RAM' <Latency = 1> <II = 1> <Delay = 0.67> <Storage> <Opcode : 'load' 'store'> <Ports = 2> <Width = 8> <Depth = 48> <RAM>
ST_4 : Operation 264 [1/2] ( I:0.67ns O:0.67ns )   --->   "%row_bytes_5_load_1 = load i6 %row_bytes_5_addr_1" [../src/grayscale.cpp:37]   --->   Operation 264 'load' 'row_bytes_5_load_1' <Predicate = (trunc_ln32 == 12)> <Delay = 0.67> <CoreInst = "RAM">   --->   Core 82 'RAM' <Latency = 1> <II = 1> <Delay = 0.67> <Storage> <Opcode : 'load' 'store'> <Ports = 2> <Width = 8> <Depth = 48> <RAM>
ST_4 : Operation 265 [1/2] ( I:0.67ns O:0.67ns )   --->   "%row_bytes_6_load_1 = load i6 %row_bytes_6_addr_1" [../src/grayscale.cpp:37]   --->   Operation 265 'load' 'row_bytes_6_load_1' <Predicate = (trunc_ln32 == 23)> <Delay = 0.67> <CoreInst = "RAM">   --->   Core 82 'RAM' <Latency = 1> <II = 1> <Delay = 0.67> <Storage> <Opcode : 'load' 'store'> <Ports = 2> <Width = 8> <Depth = 48> <RAM>
ST_4 : Operation 266 [1/2] ( I:0.67ns O:0.67ns )   --->   "%row_bytes_7_load_1 = load i6 %row_bytes_7_addr_1" [../src/grayscale.cpp:37]   --->   Operation 266 'load' 'row_bytes_7_load_1' <Predicate = (trunc_ln32 == 2)> <Delay = 0.67> <CoreInst = "RAM">   --->   Core 82 'RAM' <Latency = 1> <II = 1> <Delay = 0.67> <Storage> <Opcode : 'load' 'store'> <Ports = 2> <Width = 8> <Depth = 48> <RAM>
ST_4 : Operation 267 [1/2] ( I:0.67ns O:0.67ns )   --->   "%row_bytes_8_load_1 = load i6 %row_bytes_8_addr_1" [../src/grayscale.cpp:37]   --->   Operation 267 'load' 'row_bytes_8_load_1' <Predicate = (trunc_ln32 == 13)> <Delay = 0.67> <CoreInst = "RAM">   --->   Core 82 'RAM' <Latency = 1> <II = 1> <Delay = 0.67> <Storage> <Opcode : 'load' 'store'> <Ports = 2> <Width = 8> <Depth = 48> <RAM>
ST_4 : Operation 268 [1/2] ( I:0.67ns O:0.67ns )   --->   "%row_bytes_9_load_1 = load i6 %row_bytes_9_addr_1" [../src/grayscale.cpp:37]   --->   Operation 268 'load' 'row_bytes_9_load_1' <Predicate = (trunc_ln32 == 24)> <Delay = 0.67> <CoreInst = "RAM">   --->   Core 82 'RAM' <Latency = 1> <II = 1> <Delay = 0.67> <Storage> <Opcode : 'load' 'store'> <Ports = 2> <Width = 8> <Depth = 48> <RAM>
ST_4 : Operation 269 [1/2] ( I:0.67ns O:0.67ns )   --->   "%row_bytes_10_load_1 = load i6 %row_bytes_10_addr_1" [../src/grayscale.cpp:37]   --->   Operation 269 'load' 'row_bytes_10_load_1' <Predicate = (trunc_ln32 == 3)> <Delay = 0.67> <CoreInst = "RAM">   --->   Core 82 'RAM' <Latency = 1> <II = 1> <Delay = 0.67> <Storage> <Opcode : 'load' 'store'> <Ports = 2> <Width = 8> <Depth = 48> <RAM>
ST_4 : Operation 270 [1/2] ( I:0.67ns O:0.67ns )   --->   "%row_bytes_11_load_1 = load i6 %row_bytes_11_addr_1" [../src/grayscale.cpp:37]   --->   Operation 270 'load' 'row_bytes_11_load_1' <Predicate = (trunc_ln32 == 14)> <Delay = 0.67> <CoreInst = "RAM">   --->   Core 82 'RAM' <Latency = 1> <II = 1> <Delay = 0.67> <Storage> <Opcode : 'load' 'store'> <Ports = 2> <Width = 8> <Depth = 48> <RAM>
ST_4 : Operation 271 [1/2] ( I:0.67ns O:0.67ns )   --->   "%row_bytes_12_load_1 = load i6 %row_bytes_12_addr_1" [../src/grayscale.cpp:37]   --->   Operation 271 'load' 'row_bytes_12_load_1' <Predicate = (trunc_ln32 == 25)> <Delay = 0.67> <CoreInst = "RAM">   --->   Core 82 'RAM' <Latency = 1> <II = 1> <Delay = 0.67> <Storage> <Opcode : 'load' 'store'> <Ports = 2> <Width = 8> <Depth = 48> <RAM>
ST_4 : Operation 272 [1/2] ( I:0.67ns O:0.67ns )   --->   "%row_bytes_13_load_1 = load i6 %row_bytes_13_addr_1" [../src/grayscale.cpp:37]   --->   Operation 272 'load' 'row_bytes_13_load_1' <Predicate = (trunc_ln32 == 4)> <Delay = 0.67> <CoreInst = "RAM">   --->   Core 82 'RAM' <Latency = 1> <II = 1> <Delay = 0.67> <Storage> <Opcode : 'load' 'store'> <Ports = 2> <Width = 8> <Depth = 48> <RAM>
ST_4 : Operation 273 [1/2] ( I:0.67ns O:0.67ns )   --->   "%row_bytes_14_load_1 = load i6 %row_bytes_14_addr_1" [../src/grayscale.cpp:37]   --->   Operation 273 'load' 'row_bytes_14_load_1' <Predicate = (trunc_ln32 == 15)> <Delay = 0.67> <CoreInst = "RAM">   --->   Core 82 'RAM' <Latency = 1> <II = 1> <Delay = 0.67> <Storage> <Opcode : 'load' 'store'> <Ports = 2> <Width = 8> <Depth = 48> <RAM>
ST_4 : Operation 274 [1/2] ( I:0.67ns O:0.67ns )   --->   "%row_bytes_15_load_1 = load i6 %row_bytes_15_addr_1" [../src/grayscale.cpp:37]   --->   Operation 274 'load' 'row_bytes_15_load_1' <Predicate = (trunc_ln32 == 26)> <Delay = 0.67> <CoreInst = "RAM">   --->   Core 82 'RAM' <Latency = 1> <II = 1> <Delay = 0.67> <Storage> <Opcode : 'load' 'store'> <Ports = 2> <Width = 8> <Depth = 48> <RAM>
ST_4 : Operation 275 [1/2] ( I:0.67ns O:0.67ns )   --->   "%row_bytes_16_load_1 = load i6 %row_bytes_16_addr_1" [../src/grayscale.cpp:37]   --->   Operation 275 'load' 'row_bytes_16_load_1' <Predicate = (trunc_ln32 == 5)> <Delay = 0.67> <CoreInst = "RAM">   --->   Core 82 'RAM' <Latency = 1> <II = 1> <Delay = 0.67> <Storage> <Opcode : 'load' 'store'> <Ports = 2> <Width = 8> <Depth = 48> <RAM>
ST_4 : Operation 276 [1/2] ( I:0.67ns O:0.67ns )   --->   "%row_bytes_17_load_1 = load i6 %row_bytes_17_addr_1" [../src/grayscale.cpp:37]   --->   Operation 276 'load' 'row_bytes_17_load_1' <Predicate = (trunc_ln32 == 16)> <Delay = 0.67> <CoreInst = "RAM">   --->   Core 82 'RAM' <Latency = 1> <II = 1> <Delay = 0.67> <Storage> <Opcode : 'load' 'store'> <Ports = 2> <Width = 8> <Depth = 48> <RAM>
ST_4 : Operation 277 [1/2] ( I:0.67ns O:0.67ns )   --->   "%row_bytes_18_load_1 = load i6 %row_bytes_18_addr_1" [../src/grayscale.cpp:37]   --->   Operation 277 'load' 'row_bytes_18_load_1' <Predicate = (trunc_ln32 == 27)> <Delay = 0.67> <CoreInst = "RAM">   --->   Core 82 'RAM' <Latency = 1> <II = 1> <Delay = 0.67> <Storage> <Opcode : 'load' 'store'> <Ports = 2> <Width = 8> <Depth = 48> <RAM>
ST_4 : Operation 278 [1/2] ( I:0.67ns O:0.67ns )   --->   "%row_bytes_19_load_1 = load i6 %row_bytes_19_addr_1" [../src/grayscale.cpp:37]   --->   Operation 278 'load' 'row_bytes_19_load_1' <Predicate = (trunc_ln32 == 6)> <Delay = 0.67> <CoreInst = "RAM">   --->   Core 82 'RAM' <Latency = 1> <II = 1> <Delay = 0.67> <Storage> <Opcode : 'load' 'store'> <Ports = 2> <Width = 8> <Depth = 48> <RAM>
ST_4 : Operation 279 [1/2] ( I:0.67ns O:0.67ns )   --->   "%row_bytes_20_load_1 = load i6 %row_bytes_20_addr_1" [../src/grayscale.cpp:37]   --->   Operation 279 'load' 'row_bytes_20_load_1' <Predicate = (trunc_ln32 == 17)> <Delay = 0.67> <CoreInst = "RAM">   --->   Core 82 'RAM' <Latency = 1> <II = 1> <Delay = 0.67> <Storage> <Opcode : 'load' 'store'> <Ports = 2> <Width = 8> <Depth = 48> <RAM>
ST_4 : Operation 280 [1/2] ( I:0.67ns O:0.67ns )   --->   "%row_bytes_21_load_1 = load i6 %row_bytes_21_addr_1" [../src/grayscale.cpp:37]   --->   Operation 280 'load' 'row_bytes_21_load_1' <Predicate = (trunc_ln32 == 28)> <Delay = 0.67> <CoreInst = "RAM">   --->   Core 82 'RAM' <Latency = 1> <II = 1> <Delay = 0.67> <Storage> <Opcode : 'load' 'store'> <Ports = 2> <Width = 8> <Depth = 48> <RAM>
ST_4 : Operation 281 [1/2] ( I:0.67ns O:0.67ns )   --->   "%row_bytes_22_load_1 = load i6 %row_bytes_22_addr_1" [../src/grayscale.cpp:37]   --->   Operation 281 'load' 'row_bytes_22_load_1' <Predicate = (trunc_ln32 == 7)> <Delay = 0.67> <CoreInst = "RAM">   --->   Core 82 'RAM' <Latency = 1> <II = 1> <Delay = 0.67> <Storage> <Opcode : 'load' 'store'> <Ports = 2> <Width = 8> <Depth = 48> <RAM>
ST_4 : Operation 282 [1/2] ( I:0.67ns O:0.67ns )   --->   "%row_bytes_23_load_1 = load i6 %row_bytes_23_addr_1" [../src/grayscale.cpp:37]   --->   Operation 282 'load' 'row_bytes_23_load_1' <Predicate = (trunc_ln32 == 18)> <Delay = 0.67> <CoreInst = "RAM">   --->   Core 82 'RAM' <Latency = 1> <II = 1> <Delay = 0.67> <Storage> <Opcode : 'load' 'store'> <Ports = 2> <Width = 8> <Depth = 48> <RAM>
ST_4 : Operation 283 [1/2] ( I:0.67ns O:0.67ns )   --->   "%row_bytes_24_load_1 = load i6 %row_bytes_24_addr_1" [../src/grayscale.cpp:37]   --->   Operation 283 'load' 'row_bytes_24_load_1' <Predicate = (trunc_ln32 == 29)> <Delay = 0.67> <CoreInst = "RAM">   --->   Core 82 'RAM' <Latency = 1> <II = 1> <Delay = 0.67> <Storage> <Opcode : 'load' 'store'> <Ports = 2> <Width = 8> <Depth = 48> <RAM>
ST_4 : Operation 284 [1/2] ( I:0.67ns O:0.67ns )   --->   "%row_bytes_25_load_1 = load i6 %row_bytes_25_addr_1" [../src/grayscale.cpp:37]   --->   Operation 284 'load' 'row_bytes_25_load_1' <Predicate = (trunc_ln32 == 8)> <Delay = 0.67> <CoreInst = "RAM">   --->   Core 82 'RAM' <Latency = 1> <II = 1> <Delay = 0.67> <Storage> <Opcode : 'load' 'store'> <Ports = 2> <Width = 8> <Depth = 48> <RAM>
ST_4 : Operation 285 [1/2] ( I:0.67ns O:0.67ns )   --->   "%row_bytes_26_load_1 = load i6 %row_bytes_26_addr_1" [../src/grayscale.cpp:37]   --->   Operation 285 'load' 'row_bytes_26_load_1' <Predicate = (trunc_ln32 == 19)> <Delay = 0.67> <CoreInst = "RAM">   --->   Core 82 'RAM' <Latency = 1> <II = 1> <Delay = 0.67> <Storage> <Opcode : 'load' 'store'> <Ports = 2> <Width = 8> <Depth = 48> <RAM>
ST_4 : Operation 286 [1/2] ( I:0.67ns O:0.67ns )   --->   "%row_bytes_27_load_1 = load i6 %row_bytes_27_addr_1" [../src/grayscale.cpp:37]   --->   Operation 286 'load' 'row_bytes_27_load_1' <Predicate = (trunc_ln32 == 30)> <Delay = 0.67> <CoreInst = "RAM">   --->   Core 82 'RAM' <Latency = 1> <II = 1> <Delay = 0.67> <Storage> <Opcode : 'load' 'store'> <Ports = 2> <Width = 8> <Depth = 48> <RAM>
ST_4 : Operation 287 [1/2] ( I:0.67ns O:0.67ns )   --->   "%row_bytes_28_load_1 = load i6 %row_bytes_28_addr_1" [../src/grayscale.cpp:37]   --->   Operation 287 'load' 'row_bytes_28_load_1' <Predicate = (trunc_ln32 == 9)> <Delay = 0.67> <CoreInst = "RAM">   --->   Core 82 'RAM' <Latency = 1> <II = 1> <Delay = 0.67> <Storage> <Opcode : 'load' 'store'> <Ports = 2> <Width = 8> <Depth = 48> <RAM>
ST_4 : Operation 288 [1/2] ( I:0.67ns O:0.67ns )   --->   "%row_bytes_29_load_1 = load i6 %row_bytes_29_addr_1" [../src/grayscale.cpp:37]   --->   Operation 288 'load' 'row_bytes_29_load_1' <Predicate = (trunc_ln32 == 20)> <Delay = 0.67> <CoreInst = "RAM">   --->   Core 82 'RAM' <Latency = 1> <II = 1> <Delay = 0.67> <Storage> <Opcode : 'load' 'store'> <Ports = 2> <Width = 8> <Depth = 48> <RAM>
ST_4 : Operation 289 [1/2] ( I:0.67ns O:0.67ns )   --->   "%row_bytes_30_load_1 = load i6 %row_bytes_30_addr_1" [../src/grayscale.cpp:37]   --->   Operation 289 'load' 'row_bytes_30_load_1' <Predicate = (trunc_ln32 == 31)> <Delay = 0.67> <CoreInst = "RAM">   --->   Core 82 'RAM' <Latency = 1> <II = 1> <Delay = 0.67> <Storage> <Opcode : 'load' 'store'> <Ports = 2> <Width = 8> <Depth = 48> <RAM>
ST_4 : Operation 290 [1/2] ( I:0.67ns O:0.67ns )   --->   "%row_bytes_31_load_1 = load i6 %row_bytes_31_addr_1" [../src/grayscale.cpp:37]   --->   Operation 290 'load' 'row_bytes_31_load_1' <Predicate = (trunc_ln32 == 10)> <Delay = 0.67> <CoreInst = "RAM">   --->   Core 82 'RAM' <Latency = 1> <II = 1> <Delay = 0.67> <Storage> <Opcode : 'load' 'store'> <Ports = 2> <Width = 8> <Depth = 48> <RAM>
ST_4 : Operation 291 [1/1] (0.78ns)   --->   "%pixel_4 = sparsemux i8 @_ssdm_op_SparseMux.ap_auto.32i8.i8.i5, i5 21, i8 %row_bytes_load_1, i5 0, i8 %row_bytes_1_load_1, i5 11, i8 %row_bytes_2_load_1, i5 22, i8 %row_bytes_3_load_1, i5 1, i8 %row_bytes_4_load_1, i5 12, i8 %row_bytes_5_load_1, i5 23, i8 %row_bytes_6_load_1, i5 2, i8 %row_bytes_7_load_1, i5 13, i8 %row_bytes_8_load_1, i5 24, i8 %row_bytes_9_load_1, i5 3, i8 %row_bytes_10_load_1, i5 14, i8 %row_bytes_11_load_1, i5 25, i8 %row_bytes_12_load_1, i5 4, i8 %row_bytes_13_load_1, i5 15, i8 %row_bytes_14_load_1, i5 26, i8 %row_bytes_15_load_1, i5 5, i8 %row_bytes_16_load_1, i5 16, i8 %row_bytes_17_load_1, i5 27, i8 %row_bytes_18_load_1, i5 6, i8 %row_bytes_19_load_1, i5 17, i8 %row_bytes_20_load_1, i5 28, i8 %row_bytes_21_load_1, i5 7, i8 %row_bytes_22_load_1, i5 18, i8 %row_bytes_23_load_1, i5 29, i8 %row_bytes_24_load_1, i5 8, i8 %row_bytes_25_load_1, i5 19, i8 %row_bytes_26_load_1, i5 30, i8 %row_bytes_27_load_1, i5 9, i8 %row_bytes_28_load_1, i5 20, i8 %row_bytes_29_load_1, i5 31, i8 %row_bytes_30_load_1, i5 10, i8 %row_bytes_31_load_1, i8 0, i5 %trunc_ln32" [../src/grayscale.cpp:37]   --->   Operation 291 'sparsemux' 'pixel_4' <Predicate = true> <Delay = 0.78> <CoreInst = "BinarySparseMux_DontCare">   --->   Core 149 'BinarySparseMux_DontCare' <Latency = 0> <II = 1> <Delay = 0.78> <FuncUnit> <Opcode : 'sparsemux'> <InPorts = 2> <OutPorts = 1>
ST_4 : Operation 292 [1/2] ( I:0.67ns O:0.67ns )   --->   "%row_bytes_load_2 = load i6 %row_bytes_addr_2" [../src/grayscale.cpp:38]   --->   Operation 292 'load' 'row_bytes_load_2' <Predicate = (trunc_ln32 == 10)> <Delay = 0.67> <CoreInst = "RAM">   --->   Core 82 'RAM' <Latency = 1> <II = 1> <Delay = 0.67> <Storage> <Opcode : 'load' 'store'> <Ports = 2> <Width = 8> <Depth = 48> <RAM>
ST_4 : Operation 293 [1/2] ( I:0.67ns O:0.67ns )   --->   "%row_bytes_1_load_2 = load i6 %row_bytes_1_addr_2" [../src/grayscale.cpp:38]   --->   Operation 293 'load' 'row_bytes_1_load_2' <Predicate = (trunc_ln32 == 21)> <Delay = 0.67> <CoreInst = "RAM">   --->   Core 82 'RAM' <Latency = 1> <II = 1> <Delay = 0.67> <Storage> <Opcode : 'load' 'store'> <Ports = 2> <Width = 8> <Depth = 48> <RAM>
ST_4 : Operation 294 [1/2] ( I:0.67ns O:0.67ns )   --->   "%row_bytes_2_load_2 = load i6 %row_bytes_2_addr_2" [../src/grayscale.cpp:38]   --->   Operation 294 'load' 'row_bytes_2_load_2' <Predicate = (trunc_ln32 == 0)> <Delay = 0.67> <CoreInst = "RAM">   --->   Core 82 'RAM' <Latency = 1> <II = 1> <Delay = 0.67> <Storage> <Opcode : 'load' 'store'> <Ports = 2> <Width = 8> <Depth = 48> <RAM>
ST_4 : Operation 295 [1/2] ( I:0.67ns O:0.67ns )   --->   "%row_bytes_3_load_2 = load i6 %row_bytes_3_addr_2" [../src/grayscale.cpp:38]   --->   Operation 295 'load' 'row_bytes_3_load_2' <Predicate = (trunc_ln32 == 11)> <Delay = 0.67> <CoreInst = "RAM">   --->   Core 82 'RAM' <Latency = 1> <II = 1> <Delay = 0.67> <Storage> <Opcode : 'load' 'store'> <Ports = 2> <Width = 8> <Depth = 48> <RAM>
ST_4 : Operation 296 [1/2] ( I:0.67ns O:0.67ns )   --->   "%row_bytes_4_load_2 = load i6 %row_bytes_4_addr_2" [../src/grayscale.cpp:38]   --->   Operation 296 'load' 'row_bytes_4_load_2' <Predicate = (trunc_ln32 == 22)> <Delay = 0.67> <CoreInst = "RAM">   --->   Core 82 'RAM' <Latency = 1> <II = 1> <Delay = 0.67> <Storage> <Opcode : 'load' 'store'> <Ports = 2> <Width = 8> <Depth = 48> <RAM>
ST_4 : Operation 297 [1/2] ( I:0.67ns O:0.67ns )   --->   "%row_bytes_5_load_2 = load i6 %row_bytes_5_addr_2" [../src/grayscale.cpp:38]   --->   Operation 297 'load' 'row_bytes_5_load_2' <Predicate = (trunc_ln32 == 1)> <Delay = 0.67> <CoreInst = "RAM">   --->   Core 82 'RAM' <Latency = 1> <II = 1> <Delay = 0.67> <Storage> <Opcode : 'load' 'store'> <Ports = 2> <Width = 8> <Depth = 48> <RAM>
ST_4 : Operation 298 [1/2] ( I:0.67ns O:0.67ns )   --->   "%row_bytes_6_load_2 = load i6 %row_bytes_6_addr_2" [../src/grayscale.cpp:38]   --->   Operation 298 'load' 'row_bytes_6_load_2' <Predicate = (trunc_ln32 == 12)> <Delay = 0.67> <CoreInst = "RAM">   --->   Core 82 'RAM' <Latency = 1> <II = 1> <Delay = 0.67> <Storage> <Opcode : 'load' 'store'> <Ports = 2> <Width = 8> <Depth = 48> <RAM>
ST_4 : Operation 299 [1/2] ( I:0.67ns O:0.67ns )   --->   "%row_bytes_7_load_2 = load i6 %row_bytes_7_addr_2" [../src/grayscale.cpp:38]   --->   Operation 299 'load' 'row_bytes_7_load_2' <Predicate = (trunc_ln32 == 23)> <Delay = 0.67> <CoreInst = "RAM">   --->   Core 82 'RAM' <Latency = 1> <II = 1> <Delay = 0.67> <Storage> <Opcode : 'load' 'store'> <Ports = 2> <Width = 8> <Depth = 48> <RAM>
ST_4 : Operation 300 [1/2] ( I:0.67ns O:0.67ns )   --->   "%row_bytes_8_load_2 = load i6 %row_bytes_8_addr_2" [../src/grayscale.cpp:38]   --->   Operation 300 'load' 'row_bytes_8_load_2' <Predicate = (trunc_ln32 == 2)> <Delay = 0.67> <CoreInst = "RAM">   --->   Core 82 'RAM' <Latency = 1> <II = 1> <Delay = 0.67> <Storage> <Opcode : 'load' 'store'> <Ports = 2> <Width = 8> <Depth = 48> <RAM>
ST_4 : Operation 301 [1/2] ( I:0.67ns O:0.67ns )   --->   "%row_bytes_9_load_2 = load i6 %row_bytes_9_addr_2" [../src/grayscale.cpp:38]   --->   Operation 301 'load' 'row_bytes_9_load_2' <Predicate = (trunc_ln32 == 13)> <Delay = 0.67> <CoreInst = "RAM">   --->   Core 82 'RAM' <Latency = 1> <II = 1> <Delay = 0.67> <Storage> <Opcode : 'load' 'store'> <Ports = 2> <Width = 8> <Depth = 48> <RAM>
ST_4 : Operation 302 [1/2] ( I:0.67ns O:0.67ns )   --->   "%row_bytes_10_load_2 = load i6 %row_bytes_10_addr_2" [../src/grayscale.cpp:38]   --->   Operation 302 'load' 'row_bytes_10_load_2' <Predicate = (trunc_ln32 == 24)> <Delay = 0.67> <CoreInst = "RAM">   --->   Core 82 'RAM' <Latency = 1> <II = 1> <Delay = 0.67> <Storage> <Opcode : 'load' 'store'> <Ports = 2> <Width = 8> <Depth = 48> <RAM>
ST_4 : Operation 303 [1/2] ( I:0.67ns O:0.67ns )   --->   "%row_bytes_11_load_2 = load i6 %row_bytes_11_addr_2" [../src/grayscale.cpp:38]   --->   Operation 303 'load' 'row_bytes_11_load_2' <Predicate = (trunc_ln32 == 3)> <Delay = 0.67> <CoreInst = "RAM">   --->   Core 82 'RAM' <Latency = 1> <II = 1> <Delay = 0.67> <Storage> <Opcode : 'load' 'store'> <Ports = 2> <Width = 8> <Depth = 48> <RAM>
ST_4 : Operation 304 [1/2] ( I:0.67ns O:0.67ns )   --->   "%row_bytes_12_load_2 = load i6 %row_bytes_12_addr_2" [../src/grayscale.cpp:38]   --->   Operation 304 'load' 'row_bytes_12_load_2' <Predicate = (trunc_ln32 == 14)> <Delay = 0.67> <CoreInst = "RAM">   --->   Core 82 'RAM' <Latency = 1> <II = 1> <Delay = 0.67> <Storage> <Opcode : 'load' 'store'> <Ports = 2> <Width = 8> <Depth = 48> <RAM>
ST_4 : Operation 305 [1/2] ( I:0.67ns O:0.67ns )   --->   "%row_bytes_13_load_2 = load i6 %row_bytes_13_addr_2" [../src/grayscale.cpp:38]   --->   Operation 305 'load' 'row_bytes_13_load_2' <Predicate = (trunc_ln32 == 25)> <Delay = 0.67> <CoreInst = "RAM">   --->   Core 82 'RAM' <Latency = 1> <II = 1> <Delay = 0.67> <Storage> <Opcode : 'load' 'store'> <Ports = 2> <Width = 8> <Depth = 48> <RAM>
ST_4 : Operation 306 [1/2] ( I:0.67ns O:0.67ns )   --->   "%row_bytes_14_load_2 = load i6 %row_bytes_14_addr_2" [../src/grayscale.cpp:38]   --->   Operation 306 'load' 'row_bytes_14_load_2' <Predicate = (trunc_ln32 == 4)> <Delay = 0.67> <CoreInst = "RAM">   --->   Core 82 'RAM' <Latency = 1> <II = 1> <Delay = 0.67> <Storage> <Opcode : 'load' 'store'> <Ports = 2> <Width = 8> <Depth = 48> <RAM>
ST_4 : Operation 307 [1/2] ( I:0.67ns O:0.67ns )   --->   "%row_bytes_15_load_2 = load i6 %row_bytes_15_addr_2" [../src/grayscale.cpp:38]   --->   Operation 307 'load' 'row_bytes_15_load_2' <Predicate = (trunc_ln32 == 15)> <Delay = 0.67> <CoreInst = "RAM">   --->   Core 82 'RAM' <Latency = 1> <II = 1> <Delay = 0.67> <Storage> <Opcode : 'load' 'store'> <Ports = 2> <Width = 8> <Depth = 48> <RAM>
ST_4 : Operation 308 [1/2] ( I:0.67ns O:0.67ns )   --->   "%row_bytes_16_load_2 = load i6 %row_bytes_16_addr_2" [../src/grayscale.cpp:38]   --->   Operation 308 'load' 'row_bytes_16_load_2' <Predicate = (trunc_ln32 == 26)> <Delay = 0.67> <CoreInst = "RAM">   --->   Core 82 'RAM' <Latency = 1> <II = 1> <Delay = 0.67> <Storage> <Opcode : 'load' 'store'> <Ports = 2> <Width = 8> <Depth = 48> <RAM>
ST_4 : Operation 309 [1/2] ( I:0.67ns O:0.67ns )   --->   "%row_bytes_17_load_2 = load i6 %row_bytes_17_addr_2" [../src/grayscale.cpp:38]   --->   Operation 309 'load' 'row_bytes_17_load_2' <Predicate = (trunc_ln32 == 5)> <Delay = 0.67> <CoreInst = "RAM">   --->   Core 82 'RAM' <Latency = 1> <II = 1> <Delay = 0.67> <Storage> <Opcode : 'load' 'store'> <Ports = 2> <Width = 8> <Depth = 48> <RAM>
ST_4 : Operation 310 [1/2] ( I:0.67ns O:0.67ns )   --->   "%row_bytes_18_load_2 = load i6 %row_bytes_18_addr_2" [../src/grayscale.cpp:38]   --->   Operation 310 'load' 'row_bytes_18_load_2' <Predicate = (trunc_ln32 == 16)> <Delay = 0.67> <CoreInst = "RAM">   --->   Core 82 'RAM' <Latency = 1> <II = 1> <Delay = 0.67> <Storage> <Opcode : 'load' 'store'> <Ports = 2> <Width = 8> <Depth = 48> <RAM>
ST_4 : Operation 311 [1/2] ( I:0.67ns O:0.67ns )   --->   "%row_bytes_19_load_2 = load i6 %row_bytes_19_addr_2" [../src/grayscale.cpp:38]   --->   Operation 311 'load' 'row_bytes_19_load_2' <Predicate = (trunc_ln32 == 27)> <Delay = 0.67> <CoreInst = "RAM">   --->   Core 82 'RAM' <Latency = 1> <II = 1> <Delay = 0.67> <Storage> <Opcode : 'load' 'store'> <Ports = 2> <Width = 8> <Depth = 48> <RAM>
ST_4 : Operation 312 [1/2] ( I:0.67ns O:0.67ns )   --->   "%row_bytes_20_load_2 = load i6 %row_bytes_20_addr_2" [../src/grayscale.cpp:38]   --->   Operation 312 'load' 'row_bytes_20_load_2' <Predicate = (trunc_ln32 == 6)> <Delay = 0.67> <CoreInst = "RAM">   --->   Core 82 'RAM' <Latency = 1> <II = 1> <Delay = 0.67> <Storage> <Opcode : 'load' 'store'> <Ports = 2> <Width = 8> <Depth = 48> <RAM>
ST_4 : Operation 313 [1/2] ( I:0.67ns O:0.67ns )   --->   "%row_bytes_21_load_2 = load i6 %row_bytes_21_addr_2" [../src/grayscale.cpp:38]   --->   Operation 313 'load' 'row_bytes_21_load_2' <Predicate = (trunc_ln32 == 17)> <Delay = 0.67> <CoreInst = "RAM">   --->   Core 82 'RAM' <Latency = 1> <II = 1> <Delay = 0.67> <Storage> <Opcode : 'load' 'store'> <Ports = 2> <Width = 8> <Depth = 48> <RAM>
ST_4 : Operation 314 [1/2] ( I:0.67ns O:0.67ns )   --->   "%row_bytes_22_load_2 = load i6 %row_bytes_22_addr_2" [../src/grayscale.cpp:38]   --->   Operation 314 'load' 'row_bytes_22_load_2' <Predicate = (trunc_ln32 == 28)> <Delay = 0.67> <CoreInst = "RAM">   --->   Core 82 'RAM' <Latency = 1> <II = 1> <Delay = 0.67> <Storage> <Opcode : 'load' 'store'> <Ports = 2> <Width = 8> <Depth = 48> <RAM>
ST_4 : Operation 315 [1/2] ( I:0.67ns O:0.67ns )   --->   "%row_bytes_23_load_2 = load i6 %row_bytes_23_addr_2" [../src/grayscale.cpp:38]   --->   Operation 315 'load' 'row_bytes_23_load_2' <Predicate = (trunc_ln32 == 7)> <Delay = 0.67> <CoreInst = "RAM">   --->   Core 82 'RAM' <Latency = 1> <II = 1> <Delay = 0.67> <Storage> <Opcode : 'load' 'store'> <Ports = 2> <Width = 8> <Depth = 48> <RAM>
ST_4 : Operation 316 [1/2] ( I:0.67ns O:0.67ns )   --->   "%row_bytes_24_load_2 = load i6 %row_bytes_24_addr_2" [../src/grayscale.cpp:38]   --->   Operation 316 'load' 'row_bytes_24_load_2' <Predicate = (trunc_ln32 == 18)> <Delay = 0.67> <CoreInst = "RAM">   --->   Core 82 'RAM' <Latency = 1> <II = 1> <Delay = 0.67> <Storage> <Opcode : 'load' 'store'> <Ports = 2> <Width = 8> <Depth = 48> <RAM>
ST_4 : Operation 317 [1/2] ( I:0.67ns O:0.67ns )   --->   "%row_bytes_25_load_2 = load i6 %row_bytes_25_addr_2" [../src/grayscale.cpp:38]   --->   Operation 317 'load' 'row_bytes_25_load_2' <Predicate = (trunc_ln32 == 29)> <Delay = 0.67> <CoreInst = "RAM">   --->   Core 82 'RAM' <Latency = 1> <II = 1> <Delay = 0.67> <Storage> <Opcode : 'load' 'store'> <Ports = 2> <Width = 8> <Depth = 48> <RAM>
ST_4 : Operation 318 [1/2] ( I:0.67ns O:0.67ns )   --->   "%row_bytes_26_load_2 = load i6 %row_bytes_26_addr_2" [../src/grayscale.cpp:38]   --->   Operation 318 'load' 'row_bytes_26_load_2' <Predicate = (trunc_ln32 == 8)> <Delay = 0.67> <CoreInst = "RAM">   --->   Core 82 'RAM' <Latency = 1> <II = 1> <Delay = 0.67> <Storage> <Opcode : 'load' 'store'> <Ports = 2> <Width = 8> <Depth = 48> <RAM>
ST_4 : Operation 319 [1/2] ( I:0.67ns O:0.67ns )   --->   "%row_bytes_27_load_2 = load i6 %row_bytes_27_addr_2" [../src/grayscale.cpp:38]   --->   Operation 319 'load' 'row_bytes_27_load_2' <Predicate = (trunc_ln32 == 19)> <Delay = 0.67> <CoreInst = "RAM">   --->   Core 82 'RAM' <Latency = 1> <II = 1> <Delay = 0.67> <Storage> <Opcode : 'load' 'store'> <Ports = 2> <Width = 8> <Depth = 48> <RAM>
ST_4 : Operation 320 [1/2] ( I:0.67ns O:0.67ns )   --->   "%row_bytes_28_load_2 = load i6 %row_bytes_28_addr_2" [../src/grayscale.cpp:38]   --->   Operation 320 'load' 'row_bytes_28_load_2' <Predicate = (trunc_ln32 == 30)> <Delay = 0.67> <CoreInst = "RAM">   --->   Core 82 'RAM' <Latency = 1> <II = 1> <Delay = 0.67> <Storage> <Opcode : 'load' 'store'> <Ports = 2> <Width = 8> <Depth = 48> <RAM>
ST_4 : Operation 321 [1/2] ( I:0.67ns O:0.67ns )   --->   "%row_bytes_29_load_2 = load i6 %row_bytes_29_addr_2" [../src/grayscale.cpp:38]   --->   Operation 321 'load' 'row_bytes_29_load_2' <Predicate = (trunc_ln32 == 9)> <Delay = 0.67> <CoreInst = "RAM">   --->   Core 82 'RAM' <Latency = 1> <II = 1> <Delay = 0.67> <Storage> <Opcode : 'load' 'store'> <Ports = 2> <Width = 8> <Depth = 48> <RAM>
ST_4 : Operation 322 [1/2] ( I:0.67ns O:0.67ns )   --->   "%row_bytes_30_load_2 = load i6 %row_bytes_30_addr_2" [../src/grayscale.cpp:38]   --->   Operation 322 'load' 'row_bytes_30_load_2' <Predicate = (trunc_ln32 == 20)> <Delay = 0.67> <CoreInst = "RAM">   --->   Core 82 'RAM' <Latency = 1> <II = 1> <Delay = 0.67> <Storage> <Opcode : 'load' 'store'> <Ports = 2> <Width = 8> <Depth = 48> <RAM>
ST_4 : Operation 323 [1/2] ( I:0.67ns O:0.67ns )   --->   "%row_bytes_31_load_2 = load i6 %row_bytes_31_addr_2" [../src/grayscale.cpp:38]   --->   Operation 323 'load' 'row_bytes_31_load_2' <Predicate = (trunc_ln32 == 31)> <Delay = 0.67> <CoreInst = "RAM">   --->   Core 82 'RAM' <Latency = 1> <II = 1> <Delay = 0.67> <Storage> <Opcode : 'load' 'store'> <Ports = 2> <Width = 8> <Depth = 48> <RAM>
ST_4 : Operation 324 [1/1] (0.78ns)   --->   "%pixel_5 = sparsemux i8 @_ssdm_op_SparseMux.ap_auto.32i8.i8.i5, i5 10, i8 %row_bytes_load_2, i5 21, i8 %row_bytes_1_load_2, i5 0, i8 %row_bytes_2_load_2, i5 11, i8 %row_bytes_3_load_2, i5 22, i8 %row_bytes_4_load_2, i5 1, i8 %row_bytes_5_load_2, i5 12, i8 %row_bytes_6_load_2, i5 23, i8 %row_bytes_7_load_2, i5 2, i8 %row_bytes_8_load_2, i5 13, i8 %row_bytes_9_load_2, i5 24, i8 %row_bytes_10_load_2, i5 3, i8 %row_bytes_11_load_2, i5 14, i8 %row_bytes_12_load_2, i5 25, i8 %row_bytes_13_load_2, i5 4, i8 %row_bytes_14_load_2, i5 15, i8 %row_bytes_15_load_2, i5 26, i8 %row_bytes_16_load_2, i5 5, i8 %row_bytes_17_load_2, i5 16, i8 %row_bytes_18_load_2, i5 27, i8 %row_bytes_19_load_2, i5 6, i8 %row_bytes_20_load_2, i5 17, i8 %row_bytes_21_load_2, i5 28, i8 %row_bytes_22_load_2, i5 7, i8 %row_bytes_23_load_2, i5 18, i8 %row_bytes_24_load_2, i5 29, i8 %row_bytes_25_load_2, i5 8, i8 %row_bytes_26_load_2, i5 19, i8 %row_bytes_27_load_2, i5 30, i8 %row_bytes_28_load_2, i5 9, i8 %row_bytes_29_load_2, i5 20, i8 %row_bytes_30_load_2, i5 31, i8 %row_bytes_31_load_2, i8 0, i5 %trunc_ln32" [../src/grayscale.cpp:38]   --->   Operation 324 'sparsemux' 'pixel_5' <Predicate = true> <Delay = 0.78> <CoreInst = "BinarySparseMux_DontCare">   --->   Core 149 'BinarySparseMux_DontCare' <Latency = 0> <II = 1> <Delay = 0.78> <FuncUnit> <Opcode : 'sparsemux'> <InPorts = 2> <OutPorts = 1>
ST_4 : Operation 325 [1/1] (0.00ns)   --->   "%zext_ln43 = zext i8 %pixel_4" [../src/grayscale.cpp:43]   --->   Operation 325 'zext' 'zext_ln43' <Predicate = true> <Delay = 0.00>
ST_4 : Operation 326 [3/3] (0.99ns) (grouped into DSP with root node gray)   --->   "%mul_ln42_2 = mul i16 %zext_ln43, i16 150" [../src/grayscale.cpp:42]   --->   Operation 326 'mul' 'mul_ln42_2' <Predicate = true> <Delay = 0.99> <CoreInst = "DSP48">   --->   Core 124 'DSP48' <Latency = 3> <II = 1> <Delay = 0.53> <IPBlock> <Opcode : 'add' 'sub' 'mul' 'select'> <InPorts = 0> <OutPorts = 1> <Sync> <CReg>
ST_4 : Operation 327 [2/3] (0.99ns) (grouped into DSP with root node add_ln42)   --->   "%mul_ln42_3 = mul i13 %zext_ln42_1, i13 29" [../src/grayscale.cpp:42]   --->   Operation 327 'mul' 'mul_ln42_3' <Predicate = true> <Delay = 0.99> <CoreInst = "DSP48">   --->   Core 124 'DSP48' <Latency = 3> <II = 1> <Delay = 0.53> <IPBlock> <Opcode : 'add' 'sub' 'mul' 'select'> <InPorts = 0> <OutPorts = 1> <Sync> <CReg>

State 5 <SV = 4> <Delay = 2.29>
ST_5 : Operation 328 [1/1] (0.00ns)   --->   "%zext_ln42 = zext i8 %pixel_5" [../src/grayscale.cpp:42]   --->   Operation 328 'zext' 'zext_ln42' <Predicate = true> <Delay = 0.00>
ST_5 : Operation 329 [1/1] (1.65ns)   --->   "%mul_ln42 = mul i15 %zext_ln42, i15 77" [../src/grayscale.cpp:42]   --->   Operation 329 'mul' 'mul_ln42' <Predicate = true> <Delay = 1.65> <CoreInst = "Multiplier">   --->   Core 3 'Multiplier' <Latency = 0> <II = 1> <Delay = 1.65> <FuncUnit> <Opcode : 'mul'> <InPorts = 2> <OutPorts = 1>
ST_5 : Operation 330 [2/3] (0.99ns) (grouped into DSP with root node gray)   --->   "%mul_ln42_2 = mul i16 %zext_ln43, i16 150" [../src/grayscale.cpp:42]   --->   Operation 330 'mul' 'mul_ln42_2' <Predicate = true> <Delay = 0.99> <CoreInst = "DSP48">   --->   Core 124 'DSP48' <Latency = 3> <II = 1> <Delay = 0.53> <IPBlock> <Opcode : 'add' 'sub' 'mul' 'select'> <InPorts = 0> <OutPorts = 1> <Sync> <CReg>
ST_5 : Operation 331 [1/3] (0.00ns) (grouped into DSP with root node add_ln42)   --->   "%mul_ln42_3 = mul i13 %zext_ln42_1, i13 29" [../src/grayscale.cpp:42]   --->   Operation 331 'mul' 'mul_ln42_3' <Predicate = true> <Delay = 0.00> <CoreInst = "DSP48">   --->   Core 124 'DSP48' <Latency = 3> <II = 1> <Delay = 0.53> <IPBlock> <Opcode : 'add' 'sub' 'mul' 'select'> <InPorts = 0> <OutPorts = 1> <Sync> <CReg>
ST_5 : Operation 332 [1/1] (0.00ns) (grouped into DSP with root node add_ln42)   --->   "%zext_ln42_2 = zext i13 %mul_ln42_3" [../src/grayscale.cpp:42]   --->   Operation 332 'zext' 'zext_ln42_2' <Predicate = true> <Delay = 0.00>
ST_5 : Operation 333 [2/2] (0.64ns) (root node of the DSP)   --->   "%add_ln42 = add i15 %mul_ln42, i15 %zext_ln42_2" [../src/grayscale.cpp:42]   --->   Operation 333 'add' 'add_ln42' <Predicate = true> <Delay = 0.64> <CoreInst = "DSP48">   --->   Core 124 'DSP48' <Latency = 3> <II = 1> <Delay = 0.53> <IPBlock> <Opcode : 'add' 'sub' 'mul' 'select'> <InPorts = 0> <OutPorts = 1> <Sync> <CReg>

State 6 <SV = 5> <Delay = 1.29>
ST_6 : Operation 334 [1/3] (0.00ns) (grouped into DSP with root node gray)   --->   "%mul_ln42_2 = mul i16 %zext_ln43, i16 150" [../src/grayscale.cpp:42]   --->   Operation 334 'mul' 'mul_ln42_2' <Predicate = true> <Delay = 0.00> <CoreInst = "DSP48">   --->   Core 124 'DSP48' <Latency = 3> <II = 1> <Delay = 0.53> <IPBlock> <Opcode : 'add' 'sub' 'mul' 'select'> <InPorts = 0> <OutPorts = 1> <Sync> <CReg>
ST_6 : Operation 335 [1/2] (0.64ns) (root node of the DSP)   --->   "%add_ln42 = add i15 %mul_ln42, i15 %zext_ln42_2" [../src/grayscale.cpp:42]   --->   Operation 335 'add' 'add_ln42' <Predicate = true> <Delay = 0.64> <CoreInst = "DSP48">   --->   Core 124 'DSP48' <Latency = 3> <II = 1> <Delay = 0.53> <IPBlock> <Opcode : 'add' 'sub' 'mul' 'select'> <InPorts = 0> <OutPorts = 1> <Sync> <CReg>
ST_6 : Operation 336 [1/1] (0.00ns)   --->   "%zext_ln42_3 = zext i15 %add_ln42" [../src/grayscale.cpp:42]   --->   Operation 336 'zext' 'zext_ln42_3' <Predicate = true> <Delay = 0.00>
ST_6 : Operation 337 [2/2] (0.64ns) (root node of the DSP)   --->   "%gray = add i16 %zext_ln42_3, i16 %mul_ln42_2" [../src/grayscale.cpp:42]   --->   Operation 337 'add' 'gray' <Predicate = true> <Delay = 0.64> <CoreInst = "DSP48">   --->   Core 124 'DSP48' <Latency = 3> <II = 1> <Delay = 0.53> <IPBlock> <Opcode : 'add' 'sub' 'mul' 'select'> <InPorts = 0> <OutPorts = 1> <Sync> <CReg>
ST_6 : Operation 345 [1/1] (0.42ns)   --->   "%ret_ln0 = ret"   --->   Operation 345 'ret' 'ret_ln0' <Predicate = (icmp_ln32)> <Delay = 0.42>

State 7 <SV = 6> <Delay = 2.39>
ST_7 : Operation 338 [1/1] (0.00ns)   --->   "%specpipeline_ln33 = specpipeline void @_ssdm_op_SpecPipeline, i32 1, i32 0, i32 0, i32 0, i32 4294967295, void @empty_4" [../src/grayscale.cpp:33]   --->   Operation 338 'specpipeline' 'specpipeline_ln33' <Predicate = true> <Delay = 0.00>
ST_7 : Operation 339 [1/1] (0.00ns)   --->   "%speclooptripcount_ln32 = speclooptripcount void @_ssdm_op_SpecLoopTripCount, i64 512, i64 512, i64 512" [../src/grayscale.cpp:32]   --->   Operation 339 'speclooptripcount' 'speclooptripcount_ln32' <Predicate = true> <Delay = 0.00>
ST_7 : Operation 340 [1/1] (0.00ns)   --->   "%specloopname_ln32 = specloopname void @_ssdm_op_SpecLoopName, void @empty_15" [../src/grayscale.cpp:32]   --->   Operation 340 'specloopname' 'specloopname_ln32' <Predicate = true> <Delay = 0.00>
ST_7 : Operation 341 [1/2] (0.64ns) (root node of the DSP)   --->   "%gray = add i16 %zext_ln42_3, i16 %mul_ln42_2" [../src/grayscale.cpp:42]   --->   Operation 341 'add' 'gray' <Predicate = true> <Delay = 0.64> <CoreInst = "DSP48">   --->   Core 124 'DSP48' <Latency = 3> <II = 1> <Delay = 0.53> <IPBlock> <Opcode : 'add' 'sub' 'mul' 'select'> <InPorts = 0> <OutPorts = 1> <Sync> <CReg>
ST_7 : Operation 342 [1/1] (0.00ns)   --->   "%p_0 = partselect i8 @_ssdm_op_PartSelect.i8.i16.i32.i32, i16 %gray, i32 8, i32 15" [../src/grayscale.cpp:45]   --->   Operation 342 'partselect' 'p_0' <Predicate = true> <Delay = 0.00>
ST_7 : Operation 343 [1/1] ( I:1.75ns O:1.75ns )   --->   "%write_ln45 = write void @_ssdm_op_Write.ap_fifo.volatile.i8P0A, i8 %gray_out, i8 %p_0" [../src/grayscale.cpp:45]   --->   Operation 343 'write' 'write_ln45' <Predicate = true> <Delay = 1.75> <CoreInst = "FIFO">   --->   Core 77 'FIFO' <Latency = 0> <II = 1> <Delay = 1.75> <Storage> <Opcode : 'read' 'write' 'nbread' 'nbwrite'> <Ports = 0> <Width = 8> <Depth = 1024> <FIFO>
ST_7 : Operation 344 [1/1] (0.00ns)   --->   "%br_ln32 = br void %for.inc60" [../src/grayscale.cpp:32]   --->   Operation 344 'br' 'br_ln32' <Predicate = true> <Delay = 0.00>


============================================================
+ Verbose Summary: Binding
============================================================
STG Binding: 
---------------- STG Properties BEGIN ----------------
- Is combinational: 0
- Is one-state seq: 0
- Is datapath-only: 0
- Is pipelined: 0
- Is top level: 0
Port [ Return ] is wired: 1; IO mode=ap_ctrl_hs:ce=0
Port [ row_bytes]:  wired=1; compound=1; hidden=0; nouse=0; global=0; static=0; extern=0; dir=0; type=1; pingpong=0; private_global=0; MemPort=[11]; IO mode=ap_memory:ce=0
Port [ row_bytes_1]:  wired=1; compound=1; hidden=0; nouse=0; global=0; static=0; extern=0; dir=0; type=1; pingpong=0; private_global=0; MemPort=[11]; IO mode=ap_memory:ce=0
Port [ row_bytes_2]:  wired=1; compound=1; hidden=0; nouse=0; global=0; static=0; extern=0; dir=0; type=1; pingpong=0; private_global=0; MemPort=[11]; IO mode=ap_memory:ce=0
Port [ row_bytes_3]:  wired=1; compound=1; hidden=0; nouse=0; global=0; static=0; extern=0; dir=0; type=1; pingpong=0; private_global=0; MemPort=[11]; IO mode=ap_memory:ce=0
Port [ row_bytes_4]:  wired=1; compound=1; hidden=0; nouse=0; global=0; static=0; extern=0; dir=0; type=1; pingpong=0; private_global=0; MemPort=[11]; IO mode=ap_memory:ce=0
Port [ row_bytes_5]:  wired=1; compound=1; hidden=0; nouse=0; global=0; static=0; extern=0; dir=0; type=1; pingpong=0; private_global=0; MemPort=[11]; IO mode=ap_memory:ce=0
Port [ row_bytes_6]:  wired=1; compound=1; hidden=0; nouse=0; global=0; static=0; extern=0; dir=0; type=1; pingpong=0; private_global=0; MemPort=[11]; IO mode=ap_memory:ce=0
Port [ row_bytes_7]:  wired=1; compound=1; hidden=0; nouse=0; global=0; static=0; extern=0; dir=0; type=1; pingpong=0; private_global=0; MemPort=[11]; IO mode=ap_memory:ce=0
Port [ row_bytes_8]:  wired=1; compound=1; hidden=0; nouse=0; global=0; static=0; extern=0; dir=0; type=1; pingpong=0; private_global=0; MemPort=[11]; IO mode=ap_memory:ce=0
Port [ row_bytes_9]:  wired=1; compound=1; hidden=0; nouse=0; global=0; static=0; extern=0; dir=0; type=1; pingpong=0; private_global=0; MemPort=[11]; IO mode=ap_memory:ce=0
Port [ row_bytes_10]:  wired=1; compound=1; hidden=0; nouse=0; global=0; static=0; extern=0; dir=0; type=1; pingpong=0; private_global=0; MemPort=[11]; IO mode=ap_memory:ce=0
Port [ row_bytes_11]:  wired=1; compound=1; hidden=0; nouse=0; global=0; static=0; extern=0; dir=0; type=1; pingpong=0; private_global=0; MemPort=[11]; IO mode=ap_memory:ce=0
Port [ row_bytes_12]:  wired=1; compound=1; hidden=0; nouse=0; global=0; static=0; extern=0; dir=0; type=1; pingpong=0; private_global=0; MemPort=[11]; IO mode=ap_memory:ce=0
Port [ row_bytes_13]:  wired=1; compound=1; hidden=0; nouse=0; global=0; static=0; extern=0; dir=0; type=1; pingpong=0; private_global=0; MemPort=[11]; IO mode=ap_memory:ce=0
Port [ row_bytes_14]:  wired=1; compound=1; hidden=0; nouse=0; global=0; static=0; extern=0; dir=0; type=1; pingpong=0; private_global=0; MemPort=[11]; IO mode=ap_memory:ce=0
Port [ row_bytes_15]:  wired=1; compound=1; hidden=0; nouse=0; global=0; static=0; extern=0; dir=0; type=1; pingpong=0; private_global=0; MemPort=[11]; IO mode=ap_memory:ce=0
Port [ row_bytes_16]:  wired=1; compound=1; hidden=0; nouse=0; global=0; static=0; extern=0; dir=0; type=1; pingpong=0; private_global=0; MemPort=[11]; IO mode=ap_memory:ce=0
Port [ row_bytes_17]:  wired=1; compound=1; hidden=0; nouse=0; global=0; static=0; extern=0; dir=0; type=1; pingpong=0; private_global=0; MemPort=[11]; IO mode=ap_memory:ce=0
Port [ row_bytes_18]:  wired=1; compound=1; hidden=0; nouse=0; global=0; static=0; extern=0; dir=0; type=1; pingpong=0; private_global=0; MemPort=[11]; IO mode=ap_memory:ce=0
Port [ row_bytes_19]:  wired=1; compound=1; hidden=0; nouse=0; global=0; static=0; extern=0; dir=0; type=1; pingpong=0; private_global=0; MemPort=[11]; IO mode=ap_memory:ce=0
Port [ row_bytes_20]:  wired=1; compound=1; hidden=0; nouse=0; global=0; static=0; extern=0; dir=0; type=1; pingpong=0; private_global=0; MemPort=[11]; IO mode=ap_memory:ce=0
Port [ row_bytes_21]:  wired=1; compound=1; hidden=0; nouse=0; global=0; static=0; extern=0; dir=0; type=1; pingpong=0; private_global=0; MemPort=[11]; IO mode=ap_memory:ce=0
Port [ row_bytes_22]:  wired=1; compound=1; hidden=0; nouse=0; global=0; static=0; extern=0; dir=0; type=1; pingpong=0; private_global=0; MemPort=[11]; IO mode=ap_memory:ce=0
Port [ row_bytes_23]:  wired=1; compound=1; hidden=0; nouse=0; global=0; static=0; extern=0; dir=0; type=1; pingpong=0; private_global=0; MemPort=[11]; IO mode=ap_memory:ce=0
Port [ row_bytes_24]:  wired=1; compound=1; hidden=0; nouse=0; global=0; static=0; extern=0; dir=0; type=1; pingpong=0; private_global=0; MemPort=[11]; IO mode=ap_memory:ce=0
Port [ row_bytes_25]:  wired=1; compound=1; hidden=0; nouse=0; global=0; static=0; extern=0; dir=0; type=1; pingpong=0; private_global=0; MemPort=[11]; IO mode=ap_memory:ce=0
Port [ row_bytes_26]:  wired=1; compound=1; hidden=0; nouse=0; global=0; static=0; extern=0; dir=0; type=1; pingpong=0; private_global=0; MemPort=[11]; IO mode=ap_memory:ce=0
Port [ row_bytes_27]:  wired=1; compound=1; hidden=0; nouse=0; global=0; static=0; extern=0; dir=0; type=1; pingpong=0; private_global=0; MemPort=[11]; IO mode=ap_memory:ce=0
Port [ row_bytes_28]:  wired=1; compound=1; hidden=0; nouse=0; global=0; static=0; extern=0; dir=0; type=1; pingpong=0; private_global=0; MemPort=[11]; IO mode=ap_memory:ce=0
Port [ row_bytes_29]:  wired=1; compound=1; hidden=0; nouse=0; global=0; static=0; extern=0; dir=0; type=1; pingpong=0; private_global=0; MemPort=[11]; IO mode=ap_memory:ce=0
Port [ row_bytes_30]:  wired=1; compound=1; hidden=0; nouse=0; global=0; static=0; extern=0; dir=0; type=1; pingpong=0; private_global=0; MemPort=[11]; IO mode=ap_memory:ce=0
Port [ row_bytes_31]:  wired=1; compound=1; hidden=0; nouse=0; global=0; static=0; extern=0; dir=0; type=1; pingpong=0; private_global=0; MemPort=[11]; IO mode=ap_memory:ce=0
Port [ gray_out]:  wired=1; compound=1; hidden=0; nouse=0; global=0; static=0; extern=0; dir=1; type=3; pingpong=0; private_global=0; IO mode=ap_fifo:ce=0
---------------- STG Properties END ------------------

---------------- Datapath Model BEGIN ----------------

<LifeTime>
<method=bitvector/>
column                 (alloca           ) [ 01000000]
specinterface_ln0      (specinterface    ) [ 00000000]
store_ln32             (store            ) [ 00000000]
br_ln0                 (br               ) [ 00000000]
column_13              (load             ) [ 01100000]
icmp_ln32              (icmp             ) [ 01111110]
add_ln32               (add              ) [ 00000000]
br_ln32                (br               ) [ 00000000]
trunc_ln32             (trunc            ) [ 01111000]
store_ln32             (store            ) [ 00000000]
zext_ln36              (zext             ) [ 00000000]
trunc_ln36             (trunc            ) [ 00000000]
p_shl                  (bitconcatenate   ) [ 00000000]
sub_ln36               (sub              ) [ 01010000]
lshr_ln                (partselect       ) [ 00000000]
zext_ln36_1            (zext             ) [ 00000000]
row_bytes_addr         (getelementptr    ) [ 01010000]
row_bytes_1_addr       (getelementptr    ) [ 01010000]
row_bytes_2_addr       (getelementptr    ) [ 01010000]
row_bytes_3_addr       (getelementptr    ) [ 01010000]
row_bytes_4_addr       (getelementptr    ) [ 01010000]
row_bytes_5_addr       (getelementptr    ) [ 01010000]
row_bytes_6_addr       (getelementptr    ) [ 01010000]
row_bytes_7_addr       (getelementptr    ) [ 01010000]
row_bytes_8_addr       (getelementptr    ) [ 01010000]
row_bytes_9_addr       (getelementptr    ) [ 01010000]
row_bytes_10_addr      (getelementptr    ) [ 01010000]
row_bytes_11_addr      (getelementptr    ) [ 01010000]
row_bytes_12_addr      (getelementptr    ) [ 01010000]
row_bytes_13_addr      (getelementptr    ) [ 01010000]
row_bytes_14_addr      (getelementptr    ) [ 01010000]
row_bytes_15_addr      (getelementptr    ) [ 01010000]
row_bytes_16_addr      (getelementptr    ) [ 01010000]
row_bytes_17_addr      (getelementptr    ) [ 01010000]
row_bytes_18_addr      (getelementptr    ) [ 01010000]
row_bytes_19_addr      (getelementptr    ) [ 01010000]
row_bytes_20_addr      (getelementptr    ) [ 01010000]
row_bytes_21_addr      (getelementptr    ) [ 01010000]
row_bytes_22_addr      (getelementptr    ) [ 01010000]
row_bytes_23_addr      (getelementptr    ) [ 01010000]
row_bytes_24_addr      (getelementptr    ) [ 01010000]
row_bytes_25_addr      (getelementptr    ) [ 01010000]
row_bytes_26_addr      (getelementptr    ) [ 01010000]
row_bytes_27_addr      (getelementptr    ) [ 01010000]
row_bytes_28_addr      (getelementptr    ) [ 01010000]
row_bytes_29_addr      (getelementptr    ) [ 01010000]
row_bytes_30_addr      (getelementptr    ) [ 01010000]
row_bytes_31_addr      (getelementptr    ) [ 01010000]
row_bytes_load         (load             ) [ 00000000]
row_bytes_1_load       (load             ) [ 00000000]
row_bytes_2_load       (load             ) [ 00000000]
row_bytes_3_load       (load             ) [ 00000000]
row_bytes_4_load       (load             ) [ 00000000]
row_bytes_5_load       (load             ) [ 00000000]
row_bytes_6_load       (load             ) [ 00000000]
row_bytes_7_load       (load             ) [ 00000000]
row_bytes_8_load       (load             ) [ 00000000]
row_bytes_9_load       (load             ) [ 00000000]
row_bytes_10_load      (load             ) [ 00000000]
row_bytes_11_load      (load             ) [ 00000000]
row_bytes_12_load      (load             ) [ 00000000]
row_bytes_13_load      (load             ) [ 00000000]
row_bytes_14_load      (load             ) [ 00000000]
row_bytes_15_load      (load             ) [ 00000000]
row_bytes_16_load      (load             ) [ 00000000]
row_bytes_17_load      (load             ) [ 00000000]
row_bytes_18_load      (load             ) [ 00000000]
row_bytes_19_load      (load             ) [ 00000000]
row_bytes_20_load      (load             ) [ 00000000]
row_bytes_21_load      (load             ) [ 00000000]
row_bytes_22_load      (load             ) [ 00000000]
row_bytes_23_load      (load             ) [ 00000000]
row_bytes_24_load      (load             ) [ 00000000]
row_bytes_25_load      (load             ) [ 00000000]
row_bytes_26_load      (load             ) [ 00000000]
row_bytes_27_load      (load             ) [ 00000000]
row_bytes_28_load      (load             ) [ 00000000]
row_bytes_29_load      (load             ) [ 00000000]
row_bytes_30_load      (load             ) [ 00000000]
row_bytes_31_load      (load             ) [ 00000000]
pixel                  (sparsemux        ) [ 00000000]
add_ln37               (add              ) [ 00000000]
lshr_ln1               (partselect       ) [ 00000000]
zext_ln37              (zext             ) [ 00000000]
row_bytes_addr_1       (getelementptr    ) [ 01001000]
row_bytes_1_addr_1     (getelementptr    ) [ 01001000]
row_bytes_2_addr_1     (getelementptr    ) [ 01001000]
row_bytes_3_addr_1     (getelementptr    ) [ 01001000]
row_bytes_4_addr_1     (getelementptr    ) [ 01001000]
row_bytes_5_addr_1     (getelementptr    ) [ 01001000]
row_bytes_6_addr_1     (getelementptr    ) [ 01001000]
row_bytes_7_addr_1     (getelementptr    ) [ 01001000]
row_bytes_8_addr_1     (getelementptr    ) [ 01001000]
row_bytes_9_addr_1     (getelementptr    ) [ 01001000]
row_bytes_10_addr_1    (getelementptr    ) [ 01001000]
row_bytes_11_addr_1    (getelementptr    ) [ 01001000]
row_bytes_12_addr_1    (getelementptr    ) [ 01001000]
row_bytes_13_addr_1    (getelementptr    ) [ 01001000]
row_bytes_14_addr_1    (getelementptr    ) [ 01001000]
row_bytes_15_addr_1    (getelementptr    ) [ 01001000]
row_bytes_16_addr_1    (getelementptr    ) [ 01001000]
row_bytes_17_addr_1    (getelementptr    ) [ 01001000]
row_bytes_18_addr_1    (getelementptr    ) [ 01001000]
row_bytes_19_addr_1    (getelementptr    ) [ 01001000]
row_bytes_20_addr_1    (getelementptr    ) [ 01001000]
row_bytes_21_addr_1    (getelementptr    ) [ 01001000]
row_bytes_22_addr_1    (getelementptr    ) [ 01001000]
row_bytes_23_addr_1    (getelementptr    ) [ 01001000]
row_bytes_24_addr_1    (getelementptr    ) [ 01001000]
row_bytes_25_addr_1    (getelementptr    ) [ 01001000]
row_bytes_26_addr_1    (getelementptr    ) [ 01001000]
row_bytes_27_addr_1    (getelementptr    ) [ 01001000]
row_bytes_28_addr_1    (getelementptr    ) [ 01001000]
row_bytes_29_addr_1    (getelementptr    ) [ 01001000]
row_bytes_30_addr_1    (getelementptr    ) [ 01001000]
row_bytes_31_addr_1    (getelementptr    ) [ 01001000]
add_ln38               (add              ) [ 00000000]
lshr_ln2               (partselect       ) [ 00000000]
zext_ln38              (zext             ) [ 00000000]
row_bytes_addr_2       (getelementptr    ) [ 01001000]
row_bytes_1_addr_2     (getelementptr    ) [ 01001000]
row_bytes_2_addr_2     (getelementptr    ) [ 01001000]
row_bytes_3_addr_2     (getelementptr    ) [ 01001000]
row_bytes_4_addr_2     (getelementptr    ) [ 01001000]
row_bytes_5_addr_2     (getelementptr    ) [ 01001000]
row_bytes_6_addr_2     (getelementptr    ) [ 01001000]
row_bytes_7_addr_2     (getelementptr    ) [ 01001000]
row_bytes_8_addr_2     (getelementptr    ) [ 01001000]
row_bytes_9_addr_2     (getelementptr    ) [ 01001000]
row_bytes_10_addr_2    (getelementptr    ) [ 01001000]
row_bytes_11_addr_2    (getelementptr    ) [ 01001000]
row_bytes_12_addr_2    (getelementptr    ) [ 01001000]
row_bytes_13_addr_2    (getelementptr    ) [ 01001000]
row_bytes_14_addr_2    (getelementptr    ) [ 01001000]
row_bytes_15_addr_2    (getelementptr    ) [ 01001000]
row_bytes_16_addr_2    (getelementptr    ) [ 01001000]
row_bytes_17_addr_2    (getelementptr    ) [ 01001000]
row_bytes_18_addr_2    (getelementptr    ) [ 01001000]
row_bytes_19_addr_2    (getelementptr    ) [ 01001000]
row_bytes_20_addr_2    (getelementptr    ) [ 01001000]
row_bytes_21_addr_2    (getelementptr    ) [ 01001000]
row_bytes_22_addr_2    (getelementptr    ) [ 01001000]
row_bytes_23_addr_2    (getelementptr    ) [ 01001000]
row_bytes_24_addr_2    (getelementptr    ) [ 01001000]
row_bytes_25_addr_2    (getelementptr    ) [ 01001000]
row_bytes_26_addr_2    (getelementptr    ) [ 01001000]
row_bytes_27_addr_2    (getelementptr    ) [ 01001000]
row_bytes_28_addr_2    (getelementptr    ) [ 01001000]
row_bytes_29_addr_2    (getelementptr    ) [ 01001000]
row_bytes_30_addr_2    (getelementptr    ) [ 01001000]
row_bytes_31_addr_2    (getelementptr    ) [ 01001000]
zext_ln42_1            (zext             ) [ 01001100]
row_bytes_load_1       (load             ) [ 00000000]
row_bytes_1_load_1     (load             ) [ 00000000]
row_bytes_2_load_1     (load             ) [ 00000000]
row_bytes_3_load_1     (load             ) [ 00000000]
row_bytes_4_load_1     (load             ) [ 00000000]
row_bytes_5_load_1     (load             ) [ 00000000]
row_bytes_6_load_1     (load             ) [ 00000000]
row_bytes_7_load_1     (load             ) [ 00000000]
row_bytes_8_load_1     (load             ) [ 00000000]
row_bytes_9_load_1     (load             ) [ 00000000]
row_bytes_10_load_1    (load             ) [ 00000000]
row_bytes_11_load_1    (load             ) [ 00000000]
row_bytes_12_load_1    (load             ) [ 00000000]
row_bytes_13_load_1    (load             ) [ 00000000]
row_bytes_14_load_1    (load             ) [ 00000000]
row_bytes_15_load_1    (load             ) [ 00000000]
row_bytes_16_load_1    (load             ) [ 00000000]
row_bytes_17_load_1    (load             ) [ 00000000]
row_bytes_18_load_1    (load             ) [ 00000000]
row_bytes_19_load_1    (load             ) [ 00000000]
row_bytes_20_load_1    (load             ) [ 00000000]
row_bytes_21_load_1    (load             ) [ 00000000]
row_bytes_22_load_1    (load             ) [ 00000000]
row_bytes_23_load_1    (load             ) [ 00000000]
row_bytes_24_load_1    (load             ) [ 00000000]
row_bytes_25_load_1    (load             ) [ 00000000]
row_bytes_26_load_1    (load             ) [ 00000000]
row_bytes_27_load_1    (load             ) [ 00000000]
row_bytes_28_load_1    (load             ) [ 00000000]
row_bytes_29_load_1    (load             ) [ 00000000]
row_bytes_30_load_1    (load             ) [ 00000000]
row_bytes_31_load_1    (load             ) [ 00000000]
pixel_4                (sparsemux        ) [ 00000000]
row_bytes_load_2       (load             ) [ 00000000]
row_bytes_1_load_2     (load             ) [ 00000000]
row_bytes_2_load_2     (load             ) [ 00000000]
row_bytes_3_load_2     (load             ) [ 00000000]
row_bytes_4_load_2     (load             ) [ 00000000]
row_bytes_5_load_2     (load             ) [ 00000000]
row_bytes_6_load_2     (load             ) [ 00000000]
row_bytes_7_load_2     (load             ) [ 00000000]
row_bytes_8_load_2     (load             ) [ 00000000]
row_bytes_9_load_2     (load             ) [ 00000000]
row_bytes_10_load_2    (load             ) [ 00000000]
row_bytes_11_load_2    (load             ) [ 00000000]
row_bytes_12_load_2    (load             ) [ 00000000]
row_bytes_13_load_2    (load             ) [ 00000000]
row_bytes_14_load_2    (load             ) [ 00000000]
row_bytes_15_load_2    (load             ) [ 00000000]
row_bytes_16_load_2    (load             ) [ 00000000]
row_bytes_17_load_2    (load             ) [ 00000000]
row_bytes_18_load_2    (load             ) [ 00000000]
row_bytes_19_load_2    (load             ) [ 00000000]
row_bytes_20_load_2    (load             ) [ 00000000]
row_bytes_21_load_2    (load             ) [ 00000000]
row_bytes_22_load_2    (load             ) [ 00000000]
row_bytes_23_load_2    (load             ) [ 00000000]
row_bytes_24_load_2    (load             ) [ 00000000]
row_bytes_25_load_2    (load             ) [ 00000000]
row_bytes_26_load_2    (load             ) [ 00000000]
row_bytes_27_load_2    (load             ) [ 00000000]
row_bytes_28_load_2    (load             ) [ 00000000]
row_bytes_29_load_2    (load             ) [ 00000000]
row_bytes_30_load_2    (load             ) [ 00000000]
row_bytes_31_load_2    (load             ) [ 00000000]
pixel_5                (sparsemux        ) [ 01000100]
zext_ln43              (zext             ) [ 01000110]
zext_ln42              (zext             ) [ 00000000]
mul_ln42               (mul              ) [ 01000010]
mul_ln42_3             (mul              ) [ 00000000]
zext_ln42_2            (zext             ) [ 01000010]
mul_ln42_2             (mul              ) [ 01000001]
add_ln42               (add              ) [ 00000000]
zext_ln42_3            (zext             ) [ 01000001]
specpipeline_ln33      (specpipeline     ) [ 00000000]
speclooptripcount_ln32 (speclooptripcount) [ 00000000]
specloopname_ln32      (specloopname     ) [ 00000000]
gray                   (add              ) [ 00000000]
p_0                    (partselect       ) [ 00000000]
write_ln45             (write            ) [ 00000000]
br_ln32                (br               ) [ 00000000]
ret_ln0                (ret              ) [ 00000000]
</LifeTime>

<model>

<comp_list>
<comp id="0" class="1000" name="row_bytes">
<pin_list>
<pin id="1" dir="1" index="0" bw="1" slack="0"/>
</pin_list>
<bind>
<StgValue><ssdm name="row_bytes"/><MemPortTyVec>1 1 </MemPortTyVec>
</StgValue>
</bind>
</comp>

<comp id="2" class="1000" name="row_bytes_1">
<pin_list>
<pin id="3" dir="1" index="0" bw="1" slack="0"/>
</pin_list>
<bind>
<StgValue><ssdm name="row_bytes_1"/><MemPortTyVec>1 1 </MemPortTyVec>
</StgValue>
</bind>
</comp>

<comp id="4" class="1000" name="row_bytes_2">
<pin_list>
<pin id="5" dir="1" index="0" bw="1" slack="0"/>
</pin_list>
<bind>
<StgValue><ssdm name="row_bytes_2"/><MemPortTyVec>1 1 </MemPortTyVec>
</StgValue>
</bind>
</comp>

<comp id="6" class="1000" name="row_bytes_3">
<pin_list>
<pin id="7" dir="1" index="0" bw="1" slack="0"/>
</pin_list>
<bind>
<StgValue><ssdm name="row_bytes_3"/><MemPortTyVec>1 1 </MemPortTyVec>
</StgValue>
</bind>
</comp>

<comp id="8" class="1000" name="row_bytes_4">
<pin_list>
<pin id="9" dir="1" index="0" bw="1" slack="0"/>
</pin_list>
<bind>
<StgValue><ssdm name="row_bytes_4"/><MemPortTyVec>1 1 </MemPortTyVec>
</StgValue>
</bind>
</comp>

<comp id="10" class="1000" name="row_bytes_5">
<pin_list>
<pin id="11" dir="1" index="0" bw="1" slack="0"/>
</pin_list>
<bind>
<StgValue><ssdm name="row_bytes_5"/><MemPortTyVec>1 1 </MemPortTyVec>
</StgValue>
</bind>
</comp>

<comp id="12" class="1000" name="row_bytes_6">
<pin_list>
<pin id="13" dir="1" index="0" bw="1" slack="0"/>
</pin_list>
<bind>
<StgValue><ssdm name="row_bytes_6"/><MemPortTyVec>1 1 </MemPortTyVec>
</StgValue>
</bind>
</comp>

<comp id="14" class="1000" name="row_bytes_7">
<pin_list>
<pin id="15" dir="1" index="0" bw="1" slack="0"/>
</pin_list>
<bind>
<StgValue><ssdm name="row_bytes_7"/><MemPortTyVec>1 1 </MemPortTyVec>
</StgValue>
</bind>
</comp>

<comp id="16" class="1000" name="row_bytes_8">
<pin_list>
<pin id="17" dir="1" index="0" bw="1" slack="0"/>
</pin_list>
<bind>
<StgValue><ssdm name="row_bytes_8"/><MemPortTyVec>1 1 </MemPortTyVec>
</StgValue>
</bind>
</comp>

<comp id="18" class="1000" name="row_bytes_9">
<pin_list>
<pin id="19" dir="1" index="0" bw="1" slack="0"/>
</pin_list>
<bind>
<StgValue><ssdm name="row_bytes_9"/><MemPortTyVec>1 1 </MemPortTyVec>
</StgValue>
</bind>
</comp>

<comp id="20" class="1000" name="row_bytes_10">
<pin_list>
<pin id="21" dir="1" index="0" bw="1" slack="0"/>
</pin_list>
<bind>
<StgValue><ssdm name="row_bytes_10"/><MemPortTyVec>1 1 </MemPortTyVec>
</StgValue>
</bind>
</comp>

<comp id="22" class="1000" name="row_bytes_11">
<pin_list>
<pin id="23" dir="1" index="0" bw="1" slack="0"/>
</pin_list>
<bind>
<StgValue><ssdm name="row_bytes_11"/><MemPortTyVec>1 1 </MemPortTyVec>
</StgValue>
</bind>
</comp>

<comp id="24" class="1000" name="row_bytes_12">
<pin_list>
<pin id="25" dir="1" index="0" bw="1" slack="0"/>
</pin_list>
<bind>
<StgValue><ssdm name="row_bytes_12"/><MemPortTyVec>1 1 </MemPortTyVec>
</StgValue>
</bind>
</comp>

<comp id="26" class="1000" name="row_bytes_13">
<pin_list>
<pin id="27" dir="1" index="0" bw="1" slack="0"/>
</pin_list>
<bind>
<StgValue><ssdm name="row_bytes_13"/><MemPortTyVec>1 1 </MemPortTyVec>
</StgValue>
</bind>
</comp>

<comp id="28" class="1000" name="row_bytes_14">
<pin_list>
<pin id="29" dir="1" index="0" bw="1" slack="0"/>
</pin_list>
<bind>
<StgValue><ssdm name="row_bytes_14"/><MemPortTyVec>1 1 </MemPortTyVec>
</StgValue>
</bind>
</comp>

<comp id="30" class="1000" name="row_bytes_15">
<pin_list>
<pin id="31" dir="1" index="0" bw="1" slack="0"/>
</pin_list>
<bind>
<StgValue><ssdm name="row_bytes_15"/><MemPortTyVec>1 1 </MemPortTyVec>
</StgValue>
</bind>
</comp>

<comp id="32" class="1000" name="row_bytes_16">
<pin_list>
<pin id="33" dir="1" index="0" bw="1" slack="0"/>
</pin_list>
<bind>
<StgValue><ssdm name="row_bytes_16"/><MemPortTyVec>1 1 </MemPortTyVec>
</StgValue>
</bind>
</comp>

<comp id="34" class="1000" name="row_bytes_17">
<pin_list>
<pin id="35" dir="1" index="0" bw="1" slack="0"/>
</pin_list>
<bind>
<StgValue><ssdm name="row_bytes_17"/><MemPortTyVec>1 1 </MemPortTyVec>
</StgValue>
</bind>
</comp>

<comp id="36" class="1000" name="row_bytes_18">
<pin_list>
<pin id="37" dir="1" index="0" bw="1" slack="0"/>
</pin_list>
<bind>
<StgValue><ssdm name="row_bytes_18"/><MemPortTyVec>1 1 </MemPortTyVec>
</StgValue>
</bind>
</comp>

<comp id="38" class="1000" name="row_bytes_19">
<pin_list>
<pin id="39" dir="1" index="0" bw="1" slack="0"/>
</pin_list>
<bind>
<StgValue><ssdm name="row_bytes_19"/><MemPortTyVec>1 1 </MemPortTyVec>
</StgValue>
</bind>
</comp>

<comp id="40" class="1000" name="row_bytes_20">
<pin_list>
<pin id="41" dir="1" index="0" bw="1" slack="0"/>
</pin_list>
<bind>
<StgValue><ssdm name="row_bytes_20"/><MemPortTyVec>1 1 </MemPortTyVec>
</StgValue>
</bind>
</comp>

<comp id="42" class="1000" name="row_bytes_21">
<pin_list>
<pin id="43" dir="1" index="0" bw="1" slack="0"/>
</pin_list>
<bind>
<StgValue><ssdm name="row_bytes_21"/><MemPortTyVec>1 1 </MemPortTyVec>
</StgValue>
</bind>
</comp>

<comp id="44" class="1000" name="row_bytes_22">
<pin_list>
<pin id="45" dir="1" index="0" bw="1" slack="0"/>
</pin_list>
<bind>
<StgValue><ssdm name="row_bytes_22"/><MemPortTyVec>1 1 </MemPortTyVec>
</StgValue>
</bind>
</comp>

<comp id="46" class="1000" name="row_bytes_23">
<pin_list>
<pin id="47" dir="1" index="0" bw="1" slack="0"/>
</pin_list>
<bind>
<StgValue><ssdm name="row_bytes_23"/><MemPortTyVec>1 1 </MemPortTyVec>
</StgValue>
</bind>
</comp>

<comp id="48" class="1000" name="row_bytes_24">
<pin_list>
<pin id="49" dir="1" index="0" bw="1" slack="0"/>
</pin_list>
<bind>
<StgValue><ssdm name="row_bytes_24"/><MemPortTyVec>1 1 </MemPortTyVec>
</StgValue>
</bind>
</comp>

<comp id="50" class="1000" name="row_bytes_25">
<pin_list>
<pin id="51" dir="1" index="0" bw="1" slack="0"/>
</pin_list>
<bind>
<StgValue><ssdm name="row_bytes_25"/><MemPortTyVec>1 1 </MemPortTyVec>
</StgValue>
</bind>
</comp>

<comp id="52" class="1000" name="row_bytes_26">
<pin_list>
<pin id="53" dir="1" index="0" bw="1" slack="0"/>
</pin_list>
<bind>
<StgValue><ssdm name="row_bytes_26"/><MemPortTyVec>1 1 </MemPortTyVec>
</StgValue>
</bind>
</comp>

<comp id="54" class="1000" name="row_bytes_27">
<pin_list>
<pin id="55" dir="1" index="0" bw="1" slack="0"/>
</pin_list>
<bind>
<StgValue><ssdm name="row_bytes_27"/><MemPortTyVec>1 1 </MemPortTyVec>
</StgValue>
</bind>
</comp>

<comp id="56" class="1000" name="row_bytes_28">
<pin_list>
<pin id="57" dir="1" index="0" bw="1" slack="0"/>
</pin_list>
<bind>
<StgValue><ssdm name="row_bytes_28"/><MemPortTyVec>1 1 </MemPortTyVec>
</StgValue>
</bind>
</comp>

<comp id="58" class="1000" name="row_bytes_29">
<pin_list>
<pin id="59" dir="1" index="0" bw="1" slack="0"/>
</pin_list>
<bind>
<StgValue><ssdm name="row_bytes_29"/><MemPortTyVec>1 1 </MemPortTyVec>
</StgValue>
</bind>
</comp>

<comp id="60" class="1000" name="row_bytes_30">
<pin_list>
<pin id="61" dir="1" index="0" bw="1" slack="0"/>
</pin_list>
<bind>
<StgValue><ssdm name="row_bytes_30"/><MemPortTyVec>1 1 </MemPortTyVec>
</StgValue>
</bind>
</comp>

<comp id="62" class="1000" name="row_bytes_31">
<pin_list>
<pin id="63" dir="1" index="0" bw="1" slack="0"/>
</pin_list>
<bind>
<StgValue><ssdm name="row_bytes_31"/><MemPortTyVec>1 1 </MemPortTyVec>
</StgValue>
</bind>
</comp>

<comp id="64" class="1000" name="gray_out">
<pin_list>
<pin id="65" dir="1" index="0" bw="1" slack="0"/>
</pin_list>
<bind>
<StgValue><ssdm name="gray_out"/></StgValue>
</bind>
</comp>

<comp id="66" class="1001" name="const_66">
<pin_list>
<pin id="67" dir="1" index="0" bw="1" slack="0"/>
</pin_list>
<bind>
<StgValue><ssdm name=""/></StgValue>
</bind>
</comp>

<comp id="68" class="1001" name="const_68">
<pin_list>
<pin id="69" dir="1" index="0" bw="1" slack="2147483647"/>
</pin_list>
<bind>
<StgValue><ssdm name="_ssdm_op_SpecInterface"/></StgValue>
</bind>
</comp>

<comp id="70" class="1001" name="const_70">
<pin_list>
<pin id="71" dir="1" index="0" bw="1" slack="2147483647"/>
</pin_list>
<bind>
<StgValue><ssdm name="empty_10"/></StgValue>
</bind>
</comp>

<comp id="72" class="1001" name="const_72">
<pin_list>
<pin id="73" dir="1" index="0" bw="1" slack="2147483647"/>
</pin_list>
<bind>
<StgValue><ssdm name=""/></StgValue>
</bind>
</comp>

<comp id="74" class="1001" name="const_74">
<pin_list>
<pin id="75" dir="1" index="0" bw="1" slack="2147483647"/>
</pin_list>
<bind>
<StgValue><ssdm name="empty_4"/></StgValue>
</bind>
</comp>

<comp id="76" class="1001" name="const_76">
<pin_list>
<pin id="77" dir="1" index="0" bw="1" slack="2147483647"/>
</pin_list>
<bind>
<StgValue><ssdm name=""/></StgValue>
</bind>
</comp>

<comp id="78" class="1001" name="const_78">
<pin_list>
<pin id="79" dir="1" index="0" bw="1" slack="0"/>
</pin_list>
<bind>
<StgValue><ssdm name=""/></StgValue>
</bind>
</comp>

<comp id="80" class="1001" name="const_80">
<pin_list>
<pin id="81" dir="1" index="0" bw="1" slack="0"/>
</pin_list>
<bind>
<StgValue><ssdm name=""/></StgValue>
</bind>
</comp>

<comp id="82" class="1001" name="const_82">
<pin_list>
<pin id="83" dir="1" index="0" bw="1" slack="0"/>
</pin_list>
<bind>
<StgValue><ssdm name=""/></StgValue>
</bind>
</comp>

<comp id="84" class="1001" name="const_84">
<pin_list>
<pin id="85" dir="1" index="0" bw="1" slack="0"/>
</pin_list>
<bind>
<StgValue><ssdm name="_ssdm_op_BitConcatenate.i11.i9.i2"/></StgValue>
</bind>
</comp>

<comp id="86" class="1001" name="const_86">
<pin_list>
<pin id="87" dir="1" index="0" bw="1" slack="0"/>
</pin_list>
<bind>
<StgValue><ssdm name=""/></StgValue>
</bind>
</comp>

<comp id="88" class="1001" name="const_88">
<pin_list>
<pin id="89" dir="1" index="0" bw="1" slack="0"/>
</pin_list>
<bind>
<StgValue><ssdm name="_ssdm_op_PartSelect.i6.i11.i32.i32"/></StgValue>
</bind>
</comp>

<comp id="90" class="1001" name="const_90">
<pin_list>
<pin id="91" dir="1" index="0" bw="1" slack="0"/>
</pin_list>
<bind>
<StgValue><ssdm name=""/></StgValue>
</bind>
</comp>

<comp id="92" class="1001" name="const_92">
<pin_list>
<pin id="93" dir="1" index="0" bw="1" slack="0"/>
</pin_list>
<bind>
<StgValue><ssdm name=""/></StgValue>
</bind>
</comp>

<comp id="94" class="1001" name="const_94">
<pin_list>
<pin id="95" dir="1" index="0" bw="1" slack="0"/>
</pin_list>
<bind>
<StgValue><ssdm name=""/></StgValue>
</bind>
</comp>

<comp id="96" class="1001" name="const_96">
<pin_list>
<pin id="97" dir="1" index="0" bw="1" slack="0"/>
</pin_list>
<bind>
<StgValue><ssdm name="_ssdm_op_SparseMux.ap_auto.32i8.i8.i5"/></StgValue>
</bind>
</comp>

<comp id="98" class="1001" name="const_98">
<pin_list>
<pin id="99" dir="1" index="0" bw="1" slack="0"/>
</pin_list>
<bind>
<StgValue><ssdm name=""/></StgValue>
</bind>
</comp>

<comp id="100" class="1001" name="const_100">
<pin_list>
<pin id="101" dir="1" index="0" bw="1" slack="0"/>
</pin_list>
<bind>
<StgValue><ssdm name=""/></StgValue>
</bind>
</comp>

<comp id="102" class="1001" name="const_102">
<pin_list>
<pin id="103" dir="1" index="0" bw="1" slack="0"/>
</pin_list>
<bind>
<StgValue><ssdm name=""/></StgValue>
</bind>
</comp>

<comp id="104" class="1001" name="const_104">
<pin_list>
<pin id="105" dir="1" index="0" bw="1" slack="0"/>
</pin_list>
<bind>
<StgValue><ssdm name=""/></StgValue>
</bind>
</comp>

<comp id="106" class="1001" name="const_106">
<pin_list>
<pin id="107" dir="1" index="0" bw="1" slack="0"/>
</pin_list>
<bind>
<StgValue><ssdm name=""/></StgValue>
</bind>
</comp>

<comp id="108" class="1001" name="const_108">
<pin_list>
<pin id="109" dir="1" index="0" bw="1" slack="0"/>
</pin_list>
<bind>
<StgValue><ssdm name=""/></StgValue>
</bind>
</comp>

<comp id="110" class="1001" name="const_110">
<pin_list>
<pin id="111" dir="1" index="0" bw="1" slack="0"/>
</pin_list>
<bind>
<StgValue><ssdm name=""/></StgValue>
</bind>
</comp>

<comp id="112" class="1001" name="const_112">
<pin_list>
<pin id="113" dir="1" index="0" bw="1" slack="0"/>
</pin_list>
<bind>
<StgValue><ssdm name=""/></StgValue>
</bind>
</comp>

<comp id="114" class="1001" name="const_114">
<pin_list>
<pin id="115" dir="1" index="0" bw="1" slack="0"/>
</pin_list>
<bind>
<StgValue><ssdm name=""/></StgValue>
</bind>
</comp>

<comp id="116" class="1001" name="const_116">
<pin_list>
<pin id="117" dir="1" index="0" bw="1" slack="0"/>
</pin_list>
<bind>
<StgValue><ssdm name=""/></StgValue>
</bind>
</comp>

<comp id="118" class="1001" name="const_118">
<pin_list>
<pin id="119" dir="1" index="0" bw="1" slack="0"/>
</pin_list>
<bind>
<StgValue><ssdm name=""/></StgValue>
</bind>
</comp>

<comp id="120" class="1001" name="const_120">
<pin_list>
<pin id="121" dir="1" index="0" bw="1" slack="0"/>
</pin_list>
<bind>
<StgValue><ssdm name=""/></StgValue>
</bind>
</comp>

<comp id="122" class="1001" name="const_122">
<pin_list>
<pin id="123" dir="1" index="0" bw="1" slack="0"/>
</pin_list>
<bind>
<StgValue><ssdm name=""/></StgValue>
</bind>
</comp>

<comp id="124" class="1001" name="const_124">
<pin_list>
<pin id="125" dir="1" index="0" bw="1" slack="0"/>
</pin_list>
<bind>
<StgValue><ssdm name=""/></StgValue>
</bind>
</comp>

<comp id="126" class="1001" name="const_126">
<pin_list>
<pin id="127" dir="1" index="0" bw="1" slack="0"/>
</pin_list>
<bind>
<StgValue><ssdm name=""/></StgValue>
</bind>
</comp>

<comp id="128" class="1001" name="const_128">
<pin_list>
<pin id="129" dir="1" index="0" bw="1" slack="0"/>
</pin_list>
<bind>
<StgValue><ssdm name=""/></StgValue>
</bind>
</comp>

<comp id="130" class="1001" name="const_130">
<pin_list>
<pin id="131" dir="1" index="0" bw="1" slack="0"/>
</pin_list>
<bind>
<StgValue><ssdm name=""/></StgValue>
</bind>
</comp>

<comp id="132" class="1001" name="const_132">
<pin_list>
<pin id="133" dir="1" index="0" bw="1" slack="0"/>
</pin_list>
<bind>
<StgValue><ssdm name=""/></StgValue>
</bind>
</comp>

<comp id="134" class="1001" name="const_134">
<pin_list>
<pin id="135" dir="1" index="0" bw="1" slack="0"/>
</pin_list>
<bind>
<StgValue><ssdm name=""/></StgValue>
</bind>
</comp>

<comp id="136" class="1001" name="const_136">
<pin_list>
<pin id="137" dir="1" index="0" bw="1" slack="0"/>
</pin_list>
<bind>
<StgValue><ssdm name=""/></StgValue>
</bind>
</comp>

<comp id="138" class="1001" name="const_138">
<pin_list>
<pin id="139" dir="1" index="0" bw="1" slack="0"/>
</pin_list>
<bind>
<StgValue><ssdm name=""/></StgValue>
</bind>
</comp>

<comp id="140" class="1001" name="const_140">
<pin_list>
<pin id="141" dir="1" index="0" bw="1" slack="0"/>
</pin_list>
<bind>
<StgValue><ssdm name=""/></StgValue>
</bind>
</comp>

<comp id="142" class="1001" name="const_142">
<pin_list>
<pin id="143" dir="1" index="0" bw="1" slack="0"/>
</pin_list>
<bind>
<StgValue><ssdm name=""/></StgValue>
</bind>
</comp>

<comp id="144" class="1001" name="const_144">
<pin_list>
<pin id="145" dir="1" index="0" bw="1" slack="0"/>
</pin_list>
<bind>
<StgValue><ssdm name=""/></StgValue>
</bind>
</comp>

<comp id="146" class="1001" name="const_146">
<pin_list>
<pin id="147" dir="1" index="0" bw="1" slack="0"/>
</pin_list>
<bind>
<StgValue><ssdm name=""/></StgValue>
</bind>
</comp>

<comp id="148" class="1001" name="const_148">
<pin_list>
<pin id="149" dir="1" index="0" bw="1" slack="0"/>
</pin_list>
<bind>
<StgValue><ssdm name=""/></StgValue>
</bind>
</comp>

<comp id="150" class="1001" name="const_150">
<pin_list>
<pin id="151" dir="1" index="0" bw="1" slack="0"/>
</pin_list>
<bind>
<StgValue><ssdm name=""/></StgValue>
</bind>
</comp>

<comp id="152" class="1001" name="const_152">
<pin_list>
<pin id="153" dir="1" index="0" bw="1" slack="0"/>
</pin_list>
<bind>
<StgValue><ssdm name=""/></StgValue>
</bind>
</comp>

<comp id="154" class="1001" name="const_154">
<pin_list>
<pin id="155" dir="1" index="0" bw="1" slack="0"/>
</pin_list>
<bind>
<StgValue><ssdm name=""/></StgValue>
</bind>
</comp>

<comp id="156" class="1001" name="const_156">
<pin_list>
<pin id="157" dir="1" index="0" bw="1" slack="0"/>
</pin_list>
<bind>
<StgValue><ssdm name=""/></StgValue>
</bind>
</comp>

<comp id="158" class="1001" name="const_158">
<pin_list>
<pin id="159" dir="1" index="0" bw="1" slack="0"/>
</pin_list>
<bind>
<StgValue><ssdm name=""/></StgValue>
</bind>
</comp>

<comp id="160" class="1001" name="const_160">
<pin_list>
<pin id="161" dir="1" index="0" bw="1" slack="0"/>
</pin_list>
<bind>
<StgValue><ssdm name=""/></StgValue>
</bind>
</comp>

<comp id="162" class="1001" name="const_162">
<pin_list>
<pin id="163" dir="1" index="0" bw="1" slack="0"/>
</pin_list>
<bind>
<StgValue><ssdm name=""/></StgValue>
</bind>
</comp>

<comp id="164" class="1001" name="const_164">
<pin_list>
<pin id="165" dir="1" index="0" bw="1" slack="0"/>
</pin_list>
<bind>
<StgValue><ssdm name=""/></StgValue>
</bind>
</comp>

<comp id="166" class="1001" name="const_166">
<pin_list>
<pin id="167" dir="1" index="0" bw="1" slack="0"/>
</pin_list>
<bind>
<StgValue><ssdm name=""/></StgValue>
</bind>
</comp>

<comp id="168" class="1001" name="const_168">
<pin_list>
<pin id="169" dir="1" index="0" bw="1" slack="0"/>
</pin_list>
<bind>
<StgValue><ssdm name=""/></StgValue>
</bind>
</comp>

<comp id="170" class="1001" name="const_170">
<pin_list>
<pin id="171" dir="1" index="0" bw="1" slack="0"/>
</pin_list>
<bind>
<StgValue><ssdm name=""/></StgValue>
</bind>
</comp>

<comp id="172" class="1001" name="const_172">
<pin_list>
<pin id="173" dir="1" index="0" bw="1" slack="0"/>
</pin_list>
<bind>
<StgValue><ssdm name=""/></StgValue>
</bind>
</comp>

<comp id="174" class="1001" name="const_174">
<pin_list>
<pin id="175" dir="1" index="0" bw="1" slack="2147483647"/>
</pin_list>
<bind>
<StgValue><ssdm name="_ssdm_op_SpecPipeline"/></StgValue>
</bind>
</comp>

<comp id="176" class="1001" name="const_176">
<pin_list>
<pin id="177" dir="1" index="0" bw="1" slack="2147483647"/>
</pin_list>
<bind>
<StgValue><ssdm name="_ssdm_op_SpecLoopTripCount"/></StgValue>
</bind>
</comp>

<comp id="178" class="1001" name="const_178">
<pin_list>
<pin id="179" dir="1" index="0" bw="1" slack="2147483647"/>
</pin_list>
<bind>
<StgValue><ssdm name=""/></StgValue>
</bind>
</comp>

<comp id="180" class="1001" name="const_180">
<pin_list>
<pin id="181" dir="1" index="0" bw="1" slack="2147483647"/>
</pin_list>
<bind>
<StgValue><ssdm name="_ssdm_op_SpecLoopName"/></StgValue>
</bind>
</comp>

<comp id="182" class="1001" name="const_182">
<pin_list>
<pin id="183" dir="1" index="0" bw="1" slack="2147483647"/>
</pin_list>
<bind>
<StgValue><ssdm name="empty_15"/></StgValue>
</bind>
</comp>

<comp id="184" class="1001" name="const_184">
<pin_list>
<pin id="185" dir="1" index="0" bw="1" slack="0"/>
</pin_list>
<bind>
<StgValue><ssdm name="_ssdm_op_PartSelect.i8.i16.i32.i32"/></StgValue>
</bind>
</comp>

<comp id="186" class="1001" name="const_186">
<pin_list>
<pin id="187" dir="1" index="0" bw="1" slack="0"/>
</pin_list>
<bind>
<StgValue><ssdm name=""/></StgValue>
</bind>
</comp>

<comp id="188" class="1001" name="const_188">
<pin_list>
<pin id="189" dir="1" index="0" bw="1" slack="0"/>
</pin_list>
<bind>
<StgValue><ssdm name=""/></StgValue>
</bind>
</comp>

<comp id="190" class="1001" name="const_190">
<pin_list>
<pin id="191" dir="1" index="0" bw="1" slack="0"/>
</pin_list>
<bind>
<StgValue><ssdm name="_ssdm_op_Write.ap_fifo.volatile.i8P0A"/></StgValue>
</bind>
</comp>

<comp id="192" class="1004" name="column_fu_192">
<pin_list>
<pin id="193" dir="0" index="0" bw="1" slack="0"/>
<pin id="194" dir="1" index="1" bw="10" slack="0"/>
</pin_list>
<bind>
<opcode="alloca(26) " fcode="alloca"/>
<opset="column/1 "/>
</bind>
</comp>

<comp id="196" class="1004" name="write_ln45_write_fu_196">
<pin_list>
<pin id="197" dir="0" index="0" bw="0" slack="0"/>
<pin id="198" dir="0" index="1" bw="8" slack="0"/>
<pin id="199" dir="0" index="2" bw="8" slack="0"/>
<pin id="200" dir="1" index="3" bw="0" slack="2147483647"/>
</pin_list>
<bind>
<opcode="write(1151) " fcode="write"/>
<opset="write_ln45/7 "/>
</bind>
</comp>

<comp id="203" class="1004" name="row_bytes_addr_gep_fu_203">
<pin_list>
<pin id="204" dir="0" index="0" bw="8" slack="0"/>
<pin id="205" dir="0" index="1" bw="1" slack="0"/>
<pin id="206" dir="0" index="2" bw="6" slack="0"/>
<pin id="207" dir="1" index="3" bw="6" slack="0"/>
</pin_list>
<bind>
<opcode="getelementptr(29) " fcode="getelementptr"/>
<opset="row_bytes_addr/2 "/>
</bind>
</comp>

<comp id="210" class="1004" name="row_bytes_1_addr_gep_fu_210">
<pin_list>
<pin id="211" dir="0" index="0" bw="8" slack="0"/>
<pin id="212" dir="0" index="1" bw="1" slack="0"/>
<pin id="213" dir="0" index="2" bw="6" slack="0"/>
<pin id="214" dir="1" index="3" bw="6" slack="0"/>
</pin_list>
<bind>
<opcode="getelementptr(29) " fcode="getelementptr"/>
<opset="row_bytes_1_addr/2 "/>
</bind>
</comp>

<comp id="217" class="1004" name="row_bytes_2_addr_gep_fu_217">
<pin_list>
<pin id="218" dir="0" index="0" bw="8" slack="0"/>
<pin id="219" dir="0" index="1" bw="1" slack="0"/>
<pin id="220" dir="0" index="2" bw="6" slack="0"/>
<pin id="221" dir="1" index="3" bw="6" slack="0"/>
</pin_list>
<bind>
<opcode="getelementptr(29) " fcode="getelementptr"/>
<opset="row_bytes_2_addr/2 "/>
</bind>
</comp>

<comp id="224" class="1004" name="row_bytes_3_addr_gep_fu_224">
<pin_list>
<pin id="225" dir="0" index="0" bw="8" slack="0"/>
<pin id="226" dir="0" index="1" bw="1" slack="0"/>
<pin id="227" dir="0" index="2" bw="6" slack="0"/>
<pin id="228" dir="1" index="3" bw="6" slack="0"/>
</pin_list>
<bind>
<opcode="getelementptr(29) " fcode="getelementptr"/>
<opset="row_bytes_3_addr/2 "/>
</bind>
</comp>

<comp id="231" class="1004" name="row_bytes_4_addr_gep_fu_231">
<pin_list>
<pin id="232" dir="0" index="0" bw="8" slack="0"/>
<pin id="233" dir="0" index="1" bw="1" slack="0"/>
<pin id="234" dir="0" index="2" bw="6" slack="0"/>
<pin id="235" dir="1" index="3" bw="6" slack="0"/>
</pin_list>
<bind>
<opcode="getelementptr(29) " fcode="getelementptr"/>
<opset="row_bytes_4_addr/2 "/>
</bind>
</comp>

<comp id="238" class="1004" name="row_bytes_5_addr_gep_fu_238">
<pin_list>
<pin id="239" dir="0" index="0" bw="8" slack="0"/>
<pin id="240" dir="0" index="1" bw="1" slack="0"/>
<pin id="241" dir="0" index="2" bw="6" slack="0"/>
<pin id="242" dir="1" index="3" bw="6" slack="0"/>
</pin_list>
<bind>
<opcode="getelementptr(29) " fcode="getelementptr"/>
<opset="row_bytes_5_addr/2 "/>
</bind>
</comp>

<comp id="245" class="1004" name="row_bytes_6_addr_gep_fu_245">
<pin_list>
<pin id="246" dir="0" index="0" bw="8" slack="0"/>
<pin id="247" dir="0" index="1" bw="1" slack="0"/>
<pin id="248" dir="0" index="2" bw="6" slack="0"/>
<pin id="249" dir="1" index="3" bw="6" slack="0"/>
</pin_list>
<bind>
<opcode="getelementptr(29) " fcode="getelementptr"/>
<opset="row_bytes_6_addr/2 "/>
</bind>
</comp>

<comp id="252" class="1004" name="row_bytes_7_addr_gep_fu_252">
<pin_list>
<pin id="253" dir="0" index="0" bw="8" slack="0"/>
<pin id="254" dir="0" index="1" bw="1" slack="0"/>
<pin id="255" dir="0" index="2" bw="6" slack="0"/>
<pin id="256" dir="1" index="3" bw="6" slack="0"/>
</pin_list>
<bind>
<opcode="getelementptr(29) " fcode="getelementptr"/>
<opset="row_bytes_7_addr/2 "/>
</bind>
</comp>

<comp id="259" class="1004" name="row_bytes_8_addr_gep_fu_259">
<pin_list>
<pin id="260" dir="0" index="0" bw="8" slack="0"/>
<pin id="261" dir="0" index="1" bw="1" slack="0"/>
<pin id="262" dir="0" index="2" bw="6" slack="0"/>
<pin id="263" dir="1" index="3" bw="6" slack="0"/>
</pin_list>
<bind>
<opcode="getelementptr(29) " fcode="getelementptr"/>
<opset="row_bytes_8_addr/2 "/>
</bind>
</comp>

<comp id="266" class="1004" name="row_bytes_9_addr_gep_fu_266">
<pin_list>
<pin id="267" dir="0" index="0" bw="8" slack="0"/>
<pin id="268" dir="0" index="1" bw="1" slack="0"/>
<pin id="269" dir="0" index="2" bw="6" slack="0"/>
<pin id="270" dir="1" index="3" bw="6" slack="0"/>
</pin_list>
<bind>
<opcode="getelementptr(29) " fcode="getelementptr"/>
<opset="row_bytes_9_addr/2 "/>
</bind>
</comp>

<comp id="273" class="1004" name="row_bytes_10_addr_gep_fu_273">
<pin_list>
<pin id="274" dir="0" index="0" bw="8" slack="0"/>
<pin id="275" dir="0" index="1" bw="1" slack="0"/>
<pin id="276" dir="0" index="2" bw="6" slack="0"/>
<pin id="277" dir="1" index="3" bw="6" slack="0"/>
</pin_list>
<bind>
<opcode="getelementptr(29) " fcode="getelementptr"/>
<opset="row_bytes_10_addr/2 "/>
</bind>
</comp>

<comp id="280" class="1004" name="row_bytes_11_addr_gep_fu_280">
<pin_list>
<pin id="281" dir="0" index="0" bw="8" slack="0"/>
<pin id="282" dir="0" index="1" bw="1" slack="0"/>
<pin id="283" dir="0" index="2" bw="6" slack="0"/>
<pin id="284" dir="1" index="3" bw="6" slack="0"/>
</pin_list>
<bind>
<opcode="getelementptr(29) " fcode="getelementptr"/>
<opset="row_bytes_11_addr/2 "/>
</bind>
</comp>

<comp id="287" class="1004" name="row_bytes_12_addr_gep_fu_287">
<pin_list>
<pin id="288" dir="0" index="0" bw="8" slack="0"/>
<pin id="289" dir="0" index="1" bw="1" slack="0"/>
<pin id="290" dir="0" index="2" bw="6" slack="0"/>
<pin id="291" dir="1" index="3" bw="6" slack="0"/>
</pin_list>
<bind>
<opcode="getelementptr(29) " fcode="getelementptr"/>
<opset="row_bytes_12_addr/2 "/>
</bind>
</comp>

<comp id="294" class="1004" name="row_bytes_13_addr_gep_fu_294">
<pin_list>
<pin id="295" dir="0" index="0" bw="8" slack="0"/>
<pin id="296" dir="0" index="1" bw="1" slack="0"/>
<pin id="297" dir="0" index="2" bw="6" slack="0"/>
<pin id="298" dir="1" index="3" bw="6" slack="0"/>
</pin_list>
<bind>
<opcode="getelementptr(29) " fcode="getelementptr"/>
<opset="row_bytes_13_addr/2 "/>
</bind>
</comp>

<comp id="301" class="1004" name="row_bytes_14_addr_gep_fu_301">
<pin_list>
<pin id="302" dir="0" index="0" bw="8" slack="0"/>
<pin id="303" dir="0" index="1" bw="1" slack="0"/>
<pin id="304" dir="0" index="2" bw="6" slack="0"/>
<pin id="305" dir="1" index="3" bw="6" slack="0"/>
</pin_list>
<bind>
<opcode="getelementptr(29) " fcode="getelementptr"/>
<opset="row_bytes_14_addr/2 "/>
</bind>
</comp>

<comp id="308" class="1004" name="row_bytes_15_addr_gep_fu_308">
<pin_list>
<pin id="309" dir="0" index="0" bw="8" slack="0"/>
<pin id="310" dir="0" index="1" bw="1" slack="0"/>
<pin id="311" dir="0" index="2" bw="6" slack="0"/>
<pin id="312" dir="1" index="3" bw="6" slack="0"/>
</pin_list>
<bind>
<opcode="getelementptr(29) " fcode="getelementptr"/>
<opset="row_bytes_15_addr/2 "/>
</bind>
</comp>

<comp id="315" class="1004" name="row_bytes_16_addr_gep_fu_315">
<pin_list>
<pin id="316" dir="0" index="0" bw="8" slack="0"/>
<pin id="317" dir="0" index="1" bw="1" slack="0"/>
<pin id="318" dir="0" index="2" bw="6" slack="0"/>
<pin id="319" dir="1" index="3" bw="6" slack="0"/>
</pin_list>
<bind>
<opcode="getelementptr(29) " fcode="getelementptr"/>
<opset="row_bytes_16_addr/2 "/>
</bind>
</comp>

<comp id="322" class="1004" name="row_bytes_17_addr_gep_fu_322">
<pin_list>
<pin id="323" dir="0" index="0" bw="8" slack="0"/>
<pin id="324" dir="0" index="1" bw="1" slack="0"/>
<pin id="325" dir="0" index="2" bw="6" slack="0"/>
<pin id="326" dir="1" index="3" bw="6" slack="0"/>
</pin_list>
<bind>
<opcode="getelementptr(29) " fcode="getelementptr"/>
<opset="row_bytes_17_addr/2 "/>
</bind>
</comp>

<comp id="329" class="1004" name="row_bytes_18_addr_gep_fu_329">
<pin_list>
<pin id="330" dir="0" index="0" bw="8" slack="0"/>
<pin id="331" dir="0" index="1" bw="1" slack="0"/>
<pin id="332" dir="0" index="2" bw="6" slack="0"/>
<pin id="333" dir="1" index="3" bw="6" slack="0"/>
</pin_list>
<bind>
<opcode="getelementptr(29) " fcode="getelementptr"/>
<opset="row_bytes_18_addr/2 "/>
</bind>
</comp>

<comp id="336" class="1004" name="row_bytes_19_addr_gep_fu_336">
<pin_list>
<pin id="337" dir="0" index="0" bw="8" slack="0"/>
<pin id="338" dir="0" index="1" bw="1" slack="0"/>
<pin id="339" dir="0" index="2" bw="6" slack="0"/>
<pin id="340" dir="1" index="3" bw="6" slack="0"/>
</pin_list>
<bind>
<opcode="getelementptr(29) " fcode="getelementptr"/>
<opset="row_bytes_19_addr/2 "/>
</bind>
</comp>

<comp id="343" class="1004" name="row_bytes_20_addr_gep_fu_343">
<pin_list>
<pin id="344" dir="0" index="0" bw="8" slack="0"/>
<pin id="345" dir="0" index="1" bw="1" slack="0"/>
<pin id="346" dir="0" index="2" bw="6" slack="0"/>
<pin id="347" dir="1" index="3" bw="6" slack="0"/>
</pin_list>
<bind>
<opcode="getelementptr(29) " fcode="getelementptr"/>
<opset="row_bytes_20_addr/2 "/>
</bind>
</comp>

<comp id="350" class="1004" name="row_bytes_21_addr_gep_fu_350">
<pin_list>
<pin id="351" dir="0" index="0" bw="8" slack="0"/>
<pin id="352" dir="0" index="1" bw="1" slack="0"/>
<pin id="353" dir="0" index="2" bw="6" slack="0"/>
<pin id="354" dir="1" index="3" bw="6" slack="0"/>
</pin_list>
<bind>
<opcode="getelementptr(29) " fcode="getelementptr"/>
<opset="row_bytes_21_addr/2 "/>
</bind>
</comp>

<comp id="357" class="1004" name="row_bytes_22_addr_gep_fu_357">
<pin_list>
<pin id="358" dir="0" index="0" bw="8" slack="0"/>
<pin id="359" dir="0" index="1" bw="1" slack="0"/>
<pin id="360" dir="0" index="2" bw="6" slack="0"/>
<pin id="361" dir="1" index="3" bw="6" slack="0"/>
</pin_list>
<bind>
<opcode="getelementptr(29) " fcode="getelementptr"/>
<opset="row_bytes_22_addr/2 "/>
</bind>
</comp>

<comp id="364" class="1004" name="row_bytes_23_addr_gep_fu_364">
<pin_list>
<pin id="365" dir="0" index="0" bw="8" slack="0"/>
<pin id="366" dir="0" index="1" bw="1" slack="0"/>
<pin id="367" dir="0" index="2" bw="6" slack="0"/>
<pin id="368" dir="1" index="3" bw="6" slack="0"/>
</pin_list>
<bind>
<opcode="getelementptr(29) " fcode="getelementptr"/>
<opset="row_bytes_23_addr/2 "/>
</bind>
</comp>

<comp id="371" class="1004" name="row_bytes_24_addr_gep_fu_371">
<pin_list>
<pin id="372" dir="0" index="0" bw="8" slack="0"/>
<pin id="373" dir="0" index="1" bw="1" slack="0"/>
<pin id="374" dir="0" index="2" bw="6" slack="0"/>
<pin id="375" dir="1" index="3" bw="6" slack="0"/>
</pin_list>
<bind>
<opcode="getelementptr(29) " fcode="getelementptr"/>
<opset="row_bytes_24_addr/2 "/>
</bind>
</comp>

<comp id="378" class="1004" name="row_bytes_25_addr_gep_fu_378">
<pin_list>
<pin id="379" dir="0" index="0" bw="8" slack="0"/>
<pin id="380" dir="0" index="1" bw="1" slack="0"/>
<pin id="381" dir="0" index="2" bw="6" slack="0"/>
<pin id="382" dir="1" index="3" bw="6" slack="0"/>
</pin_list>
<bind>
<opcode="getelementptr(29) " fcode="getelementptr"/>
<opset="row_bytes_25_addr/2 "/>
</bind>
</comp>

<comp id="385" class="1004" name="row_bytes_26_addr_gep_fu_385">
<pin_list>
<pin id="386" dir="0" index="0" bw="8" slack="0"/>
<pin id="387" dir="0" index="1" bw="1" slack="0"/>
<pin id="388" dir="0" index="2" bw="6" slack="0"/>
<pin id="389" dir="1" index="3" bw="6" slack="0"/>
</pin_list>
<bind>
<opcode="getelementptr(29) " fcode="getelementptr"/>
<opset="row_bytes_26_addr/2 "/>
</bind>
</comp>

<comp id="392" class="1004" name="row_bytes_27_addr_gep_fu_392">
<pin_list>
<pin id="393" dir="0" index="0" bw="8" slack="0"/>
<pin id="394" dir="0" index="1" bw="1" slack="0"/>
<pin id="395" dir="0" index="2" bw="6" slack="0"/>
<pin id="396" dir="1" index="3" bw="6" slack="0"/>
</pin_list>
<bind>
<opcode="getelementptr(29) " fcode="getelementptr"/>
<opset="row_bytes_27_addr/2 "/>
</bind>
</comp>

<comp id="399" class="1004" name="row_bytes_28_addr_gep_fu_399">
<pin_list>
<pin id="400" dir="0" index="0" bw="8" slack="0"/>
<pin id="401" dir="0" index="1" bw="1" slack="0"/>
<pin id="402" dir="0" index="2" bw="6" slack="0"/>
<pin id="403" dir="1" index="3" bw="6" slack="0"/>
</pin_list>
<bind>
<opcode="getelementptr(29) " fcode="getelementptr"/>
<opset="row_bytes_28_addr/2 "/>
</bind>
</comp>

<comp id="406" class="1004" name="row_bytes_29_addr_gep_fu_406">
<pin_list>
<pin id="407" dir="0" index="0" bw="8" slack="0"/>
<pin id="408" dir="0" index="1" bw="1" slack="0"/>
<pin id="409" dir="0" index="2" bw="6" slack="0"/>
<pin id="410" dir="1" index="3" bw="6" slack="0"/>
</pin_list>
<bind>
<opcode="getelementptr(29) " fcode="getelementptr"/>
<opset="row_bytes_29_addr/2 "/>
</bind>
</comp>

<comp id="413" class="1004" name="row_bytes_30_addr_gep_fu_413">
<pin_list>
<pin id="414" dir="0" index="0" bw="8" slack="0"/>
<pin id="415" dir="0" index="1" bw="1" slack="0"/>
<pin id="416" dir="0" index="2" bw="6" slack="0"/>
<pin id="417" dir="1" index="3" bw="6" slack="0"/>
</pin_list>
<bind>
<opcode="getelementptr(29) " fcode="getelementptr"/>
<opset="row_bytes_30_addr/2 "/>
</bind>
</comp>

<comp id="420" class="1004" name="row_bytes_31_addr_gep_fu_420">
<pin_list>
<pin id="421" dir="0" index="0" bw="8" slack="0"/>
<pin id="422" dir="0" index="1" bw="1" slack="0"/>
<pin id="423" dir="0" index="2" bw="6" slack="0"/>
<pin id="424" dir="1" index="3" bw="6" slack="0"/>
</pin_list>
<bind>
<opcode="getelementptr(29) " fcode="getelementptr"/>
<opset="row_bytes_31_addr/2 "/>
</bind>
</comp>

<comp id="427" class="1004" name="grp_access_fu_427">
<pin_list>
<pin id="428" dir="0" index="0" bw="6" slack="0"/>
<pin id="429" dir="0" index="1" bw="8" slack="2147483647"/>
<pin id="430" dir="0" index="2" bw="0" slack="0"/>
<pin id="432" dir="0" index="4" bw="6" slack="2147483647"/>
<pin id="433" dir="0" index="5" bw="8" slack="2147483647"/>
<pin id="434" dir="0" index="6" bw="0" slack="2147483647"/>
<pin id="431" dir="1" index="3" bw="8" slack="0"/>
<pin id="435" dir="1" index="7" bw="8" slack="0"/>
</pin_list>
<bind>
<opcode="load(27) " fcode="load"/>
<opset="row_bytes_load/2 row_bytes_load_1/3 row_bytes_load_2/3 "/>
</bind>
</comp>

<comp id="437" class="1004" name="grp_access_fu_437">
<pin_list>
<pin id="438" dir="0" index="0" bw="6" slack="0"/>
<pin id="439" dir="0" index="1" bw="8" slack="2147483647"/>
<pin id="440" dir="0" index="2" bw="0" slack="0"/>
<pin id="442" dir="0" index="4" bw="6" slack="2147483647"/>
<pin id="443" dir="0" index="5" bw="8" slack="2147483647"/>
<pin id="444" dir="0" index="6" bw="0" slack="2147483647"/>
<pin id="441" dir="1" index="3" bw="8" slack="0"/>
<pin id="445" dir="1" index="7" bw="8" slack="0"/>
</pin_list>
<bind>
<opcode="load(27) " fcode="load"/>
<opset="row_bytes_1_load/2 row_bytes_1_load_1/3 row_bytes_1_load_2/3 "/>
</bind>
</comp>

<comp id="447" class="1004" name="grp_access_fu_447">
<pin_list>
<pin id="448" dir="0" index="0" bw="6" slack="0"/>
<pin id="449" dir="0" index="1" bw="8" slack="2147483647"/>
<pin id="450" dir="0" index="2" bw="0" slack="0"/>
<pin id="452" dir="0" index="4" bw="6" slack="2147483647"/>
<pin id="453" dir="0" index="5" bw="8" slack="2147483647"/>
<pin id="454" dir="0" index="6" bw="0" slack="2147483647"/>
<pin id="451" dir="1" index="3" bw="8" slack="0"/>
<pin id="455" dir="1" index="7" bw="8" slack="0"/>
</pin_list>
<bind>
<opcode="load(27) " fcode="load"/>
<opset="row_bytes_2_load/2 row_bytes_2_load_1/3 row_bytes_2_load_2/3 "/>
</bind>
</comp>

<comp id="457" class="1004" name="grp_access_fu_457">
<pin_list>
<pin id="458" dir="0" index="0" bw="6" slack="0"/>
<pin id="459" dir="0" index="1" bw="8" slack="2147483647"/>
<pin id="460" dir="0" index="2" bw="0" slack="0"/>
<pin id="462" dir="0" index="4" bw="6" slack="2147483647"/>
<pin id="463" dir="0" index="5" bw="8" slack="2147483647"/>
<pin id="464" dir="0" index="6" bw="0" slack="2147483647"/>
<pin id="461" dir="1" index="3" bw="8" slack="0"/>
<pin id="465" dir="1" index="7" bw="8" slack="0"/>
</pin_list>
<bind>
<opcode="load(27) " fcode="load"/>
<opset="row_bytes_3_load/2 row_bytes_3_load_1/3 row_bytes_3_load_2/3 "/>
</bind>
</comp>

<comp id="467" class="1004" name="grp_access_fu_467">
<pin_list>
<pin id="468" dir="0" index="0" bw="6" slack="0"/>
<pin id="469" dir="0" index="1" bw="8" slack="2147483647"/>
<pin id="470" dir="0" index="2" bw="0" slack="0"/>
<pin id="472" dir="0" index="4" bw="6" slack="2147483647"/>
<pin id="473" dir="0" index="5" bw="8" slack="2147483647"/>
<pin id="474" dir="0" index="6" bw="0" slack="2147483647"/>
<pin id="471" dir="1" index="3" bw="8" slack="0"/>
<pin id="475" dir="1" index="7" bw="8" slack="0"/>
</pin_list>
<bind>
<opcode="load(27) " fcode="load"/>
<opset="row_bytes_4_load/2 row_bytes_4_load_1/3 row_bytes_4_load_2/3 "/>
</bind>
</comp>

<comp id="477" class="1004" name="grp_access_fu_477">
<pin_list>
<pin id="478" dir="0" index="0" bw="6" slack="0"/>
<pin id="479" dir="0" index="1" bw="8" slack="2147483647"/>
<pin id="480" dir="0" index="2" bw="0" slack="0"/>
<pin id="482" dir="0" index="4" bw="6" slack="2147483647"/>
<pin id="483" dir="0" index="5" bw="8" slack="2147483647"/>
<pin id="484" dir="0" index="6" bw="0" slack="2147483647"/>
<pin id="481" dir="1" index="3" bw="8" slack="0"/>
<pin id="485" dir="1" index="7" bw="8" slack="0"/>
</pin_list>
<bind>
<opcode="load(27) " fcode="load"/>
<opset="row_bytes_5_load/2 row_bytes_5_load_1/3 row_bytes_5_load_2/3 "/>
</bind>
</comp>

<comp id="487" class="1004" name="grp_access_fu_487">
<pin_list>
<pin id="488" dir="0" index="0" bw="6" slack="0"/>
<pin id="489" dir="0" index="1" bw="8" slack="2147483647"/>
<pin id="490" dir="0" index="2" bw="0" slack="0"/>
<pin id="492" dir="0" index="4" bw="6" slack="2147483647"/>
<pin id="493" dir="0" index="5" bw="8" slack="2147483647"/>
<pin id="494" dir="0" index="6" bw="0" slack="2147483647"/>
<pin id="491" dir="1" index="3" bw="8" slack="0"/>
<pin id="495" dir="1" index="7" bw="8" slack="0"/>
</pin_list>
<bind>
<opcode="load(27) " fcode="load"/>
<opset="row_bytes_6_load/2 row_bytes_6_load_1/3 row_bytes_6_load_2/3 "/>
</bind>
</comp>

<comp id="497" class="1004" name="grp_access_fu_497">
<pin_list>
<pin id="498" dir="0" index="0" bw="6" slack="0"/>
<pin id="499" dir="0" index="1" bw="8" slack="2147483647"/>
<pin id="500" dir="0" index="2" bw="0" slack="0"/>
<pin id="502" dir="0" index="4" bw="6" slack="2147483647"/>
<pin id="503" dir="0" index="5" bw="8" slack="2147483647"/>
<pin id="504" dir="0" index="6" bw="0" slack="2147483647"/>
<pin id="501" dir="1" index="3" bw="8" slack="0"/>
<pin id="505" dir="1" index="7" bw="8" slack="0"/>
</pin_list>
<bind>
<opcode="load(27) " fcode="load"/>
<opset="row_bytes_7_load/2 row_bytes_7_load_1/3 row_bytes_7_load_2/3 "/>
</bind>
</comp>

<comp id="507" class="1004" name="grp_access_fu_507">
<pin_list>
<pin id="508" dir="0" index="0" bw="6" slack="0"/>
<pin id="509" dir="0" index="1" bw="8" slack="2147483647"/>
<pin id="510" dir="0" index="2" bw="0" slack="0"/>
<pin id="512" dir="0" index="4" bw="6" slack="2147483647"/>
<pin id="513" dir="0" index="5" bw="8" slack="2147483647"/>
<pin id="514" dir="0" index="6" bw="0" slack="2147483647"/>
<pin id="511" dir="1" index="3" bw="8" slack="0"/>
<pin id="515" dir="1" index="7" bw="8" slack="0"/>
</pin_list>
<bind>
<opcode="load(27) " fcode="load"/>
<opset="row_bytes_8_load/2 row_bytes_8_load_1/3 row_bytes_8_load_2/3 "/>
</bind>
</comp>

<comp id="517" class="1004" name="grp_access_fu_517">
<pin_list>
<pin id="518" dir="0" index="0" bw="6" slack="0"/>
<pin id="519" dir="0" index="1" bw="8" slack="2147483647"/>
<pin id="520" dir="0" index="2" bw="0" slack="0"/>
<pin id="522" dir="0" index="4" bw="6" slack="2147483647"/>
<pin id="523" dir="0" index="5" bw="8" slack="2147483647"/>
<pin id="524" dir="0" index="6" bw="0" slack="2147483647"/>
<pin id="521" dir="1" index="3" bw="8" slack="0"/>
<pin id="525" dir="1" index="7" bw="8" slack="0"/>
</pin_list>
<bind>
<opcode="load(27) " fcode="load"/>
<opset="row_bytes_9_load/2 row_bytes_9_load_1/3 row_bytes_9_load_2/3 "/>
</bind>
</comp>

<comp id="527" class="1004" name="grp_access_fu_527">
<pin_list>
<pin id="528" dir="0" index="0" bw="6" slack="0"/>
<pin id="529" dir="0" index="1" bw="8" slack="2147483647"/>
<pin id="530" dir="0" index="2" bw="0" slack="0"/>
<pin id="532" dir="0" index="4" bw="6" slack="2147483647"/>
<pin id="533" dir="0" index="5" bw="8" slack="2147483647"/>
<pin id="534" dir="0" index="6" bw="0" slack="2147483647"/>
<pin id="531" dir="1" index="3" bw="8" slack="0"/>
<pin id="535" dir="1" index="7" bw="8" slack="0"/>
</pin_list>
<bind>
<opcode="load(27) " fcode="load"/>
<opset="row_bytes_10_load/2 row_bytes_10_load_1/3 row_bytes_10_load_2/3 "/>
</bind>
</comp>

<comp id="537" class="1004" name="grp_access_fu_537">
<pin_list>
<pin id="538" dir="0" index="0" bw="6" slack="0"/>
<pin id="539" dir="0" index="1" bw="8" slack="2147483647"/>
<pin id="540" dir="0" index="2" bw="0" slack="0"/>
<pin id="542" dir="0" index="4" bw="6" slack="2147483647"/>
<pin id="543" dir="0" index="5" bw="8" slack="2147483647"/>
<pin id="544" dir="0" index="6" bw="0" slack="2147483647"/>
<pin id="541" dir="1" index="3" bw="8" slack="0"/>
<pin id="545" dir="1" index="7" bw="8" slack="0"/>
</pin_list>
<bind>
<opcode="load(27) " fcode="load"/>
<opset="row_bytes_11_load/2 row_bytes_11_load_1/3 row_bytes_11_load_2/3 "/>
</bind>
</comp>

<comp id="547" class="1004" name="grp_access_fu_547">
<pin_list>
<pin id="548" dir="0" index="0" bw="6" slack="0"/>
<pin id="549" dir="0" index="1" bw="8" slack="2147483647"/>
<pin id="550" dir="0" index="2" bw="0" slack="0"/>
<pin id="552" dir="0" index="4" bw="6" slack="2147483647"/>
<pin id="553" dir="0" index="5" bw="8" slack="2147483647"/>
<pin id="554" dir="0" index="6" bw="0" slack="2147483647"/>
<pin id="551" dir="1" index="3" bw="8" slack="0"/>
<pin id="555" dir="1" index="7" bw="8" slack="0"/>
</pin_list>
<bind>
<opcode="load(27) " fcode="load"/>
<opset="row_bytes_12_load/2 row_bytes_12_load_1/3 row_bytes_12_load_2/3 "/>
</bind>
</comp>

<comp id="557" class="1004" name="grp_access_fu_557">
<pin_list>
<pin id="558" dir="0" index="0" bw="6" slack="0"/>
<pin id="559" dir="0" index="1" bw="8" slack="2147483647"/>
<pin id="560" dir="0" index="2" bw="0" slack="0"/>
<pin id="562" dir="0" index="4" bw="6" slack="2147483647"/>
<pin id="563" dir="0" index="5" bw="8" slack="2147483647"/>
<pin id="564" dir="0" index="6" bw="0" slack="2147483647"/>
<pin id="561" dir="1" index="3" bw="8" slack="0"/>
<pin id="565" dir="1" index="7" bw="8" slack="0"/>
</pin_list>
<bind>
<opcode="load(27) " fcode="load"/>
<opset="row_bytes_13_load/2 row_bytes_13_load_1/3 row_bytes_13_load_2/3 "/>
</bind>
</comp>

<comp id="567" class="1004" name="grp_access_fu_567">
<pin_list>
<pin id="568" dir="0" index="0" bw="6" slack="0"/>
<pin id="569" dir="0" index="1" bw="8" slack="2147483647"/>
<pin id="570" dir="0" index="2" bw="0" slack="0"/>
<pin id="572" dir="0" index="4" bw="6" slack="2147483647"/>
<pin id="573" dir="0" index="5" bw="8" slack="2147483647"/>
<pin id="574" dir="0" index="6" bw="0" slack="2147483647"/>
<pin id="571" dir="1" index="3" bw="8" slack="0"/>
<pin id="575" dir="1" index="7" bw="8" slack="0"/>
</pin_list>
<bind>
<opcode="load(27) " fcode="load"/>
<opset="row_bytes_14_load/2 row_bytes_14_load_1/3 row_bytes_14_load_2/3 "/>
</bind>
</comp>

<comp id="577" class="1004" name="grp_access_fu_577">
<pin_list>
<pin id="578" dir="0" index="0" bw="6" slack="0"/>
<pin id="579" dir="0" index="1" bw="8" slack="2147483647"/>
<pin id="580" dir="0" index="2" bw="0" slack="0"/>
<pin id="582" dir="0" index="4" bw="6" slack="2147483647"/>
<pin id="583" dir="0" index="5" bw="8" slack="2147483647"/>
<pin id="584" dir="0" index="6" bw="0" slack="2147483647"/>
<pin id="581" dir="1" index="3" bw="8" slack="0"/>
<pin id="585" dir="1" index="7" bw="8" slack="0"/>
</pin_list>
<bind>
<opcode="load(27) " fcode="load"/>
<opset="row_bytes_15_load/2 row_bytes_15_load_1/3 row_bytes_15_load_2/3 "/>
</bind>
</comp>

<comp id="587" class="1004" name="grp_access_fu_587">
<pin_list>
<pin id="588" dir="0" index="0" bw="6" slack="0"/>
<pin id="589" dir="0" index="1" bw="8" slack="2147483647"/>
<pin id="590" dir="0" index="2" bw="0" slack="0"/>
<pin id="592" dir="0" index="4" bw="6" slack="2147483647"/>
<pin id="593" dir="0" index="5" bw="8" slack="2147483647"/>
<pin id="594" dir="0" index="6" bw="0" slack="2147483647"/>
<pin id="591" dir="1" index="3" bw="8" slack="0"/>
<pin id="595" dir="1" index="7" bw="8" slack="0"/>
</pin_list>
<bind>
<opcode="load(27) " fcode="load"/>
<opset="row_bytes_16_load/2 row_bytes_16_load_1/3 row_bytes_16_load_2/3 "/>
</bind>
</comp>

<comp id="597" class="1004" name="grp_access_fu_597">
<pin_list>
<pin id="598" dir="0" index="0" bw="6" slack="0"/>
<pin id="599" dir="0" index="1" bw="8" slack="2147483647"/>
<pin id="600" dir="0" index="2" bw="0" slack="0"/>
<pin id="602" dir="0" index="4" bw="6" slack="2147483647"/>
<pin id="603" dir="0" index="5" bw="8" slack="2147483647"/>
<pin id="604" dir="0" index="6" bw="0" slack="2147483647"/>
<pin id="601" dir="1" index="3" bw="8" slack="0"/>
<pin id="605" dir="1" index="7" bw="8" slack="0"/>
</pin_list>
<bind>
<opcode="load(27) " fcode="load"/>
<opset="row_bytes_17_load/2 row_bytes_17_load_1/3 row_bytes_17_load_2/3 "/>
</bind>
</comp>

<comp id="607" class="1004" name="grp_access_fu_607">
<pin_list>
<pin id="608" dir="0" index="0" bw="6" slack="0"/>
<pin id="609" dir="0" index="1" bw="8" slack="2147483647"/>
<pin id="610" dir="0" index="2" bw="0" slack="0"/>
<pin id="612" dir="0" index="4" bw="6" slack="2147483647"/>
<pin id="613" dir="0" index="5" bw="8" slack="2147483647"/>
<pin id="614" dir="0" index="6" bw="0" slack="2147483647"/>
<pin id="611" dir="1" index="3" bw="8" slack="0"/>
<pin id="615" dir="1" index="7" bw="8" slack="0"/>
</pin_list>
<bind>
<opcode="load(27) " fcode="load"/>
<opset="row_bytes_18_load/2 row_bytes_18_load_1/3 row_bytes_18_load_2/3 "/>
</bind>
</comp>

<comp id="617" class="1004" name="grp_access_fu_617">
<pin_list>
<pin id="618" dir="0" index="0" bw="6" slack="0"/>
<pin id="619" dir="0" index="1" bw="8" slack="2147483647"/>
<pin id="620" dir="0" index="2" bw="0" slack="0"/>
<pin id="622" dir="0" index="4" bw="6" slack="2147483647"/>
<pin id="623" dir="0" index="5" bw="8" slack="2147483647"/>
<pin id="624" dir="0" index="6" bw="0" slack="2147483647"/>
<pin id="621" dir="1" index="3" bw="8" slack="0"/>
<pin id="625" dir="1" index="7" bw="8" slack="0"/>
</pin_list>
<bind>
<opcode="load(27) " fcode="load"/>
<opset="row_bytes_19_load/2 row_bytes_19_load_1/3 row_bytes_19_load_2/3 "/>
</bind>
</comp>

<comp id="627" class="1004" name="grp_access_fu_627">
<pin_list>
<pin id="628" dir="0" index="0" bw="6" slack="0"/>
<pin id="629" dir="0" index="1" bw="8" slack="2147483647"/>
<pin id="630" dir="0" index="2" bw="0" slack="0"/>
<pin id="632" dir="0" index="4" bw="6" slack="2147483647"/>
<pin id="633" dir="0" index="5" bw="8" slack="2147483647"/>
<pin id="634" dir="0" index="6" bw="0" slack="2147483647"/>
<pin id="631" dir="1" index="3" bw="8" slack="0"/>
<pin id="635" dir="1" index="7" bw="8" slack="0"/>
</pin_list>
<bind>
<opcode="load(27) " fcode="load"/>
<opset="row_bytes_20_load/2 row_bytes_20_load_1/3 row_bytes_20_load_2/3 "/>
</bind>
</comp>

<comp id="637" class="1004" name="grp_access_fu_637">
<pin_list>
<pin id="638" dir="0" index="0" bw="6" slack="0"/>
<pin id="639" dir="0" index="1" bw="8" slack="2147483647"/>
<pin id="640" dir="0" index="2" bw="0" slack="0"/>
<pin id="642" dir="0" index="4" bw="6" slack="2147483647"/>
<pin id="643" dir="0" index="5" bw="8" slack="2147483647"/>
<pin id="644" dir="0" index="6" bw="0" slack="2147483647"/>
<pin id="641" dir="1" index="3" bw="8" slack="0"/>
<pin id="645" dir="1" index="7" bw="8" slack="0"/>
</pin_list>
<bind>
<opcode="load(27) " fcode="load"/>
<opset="row_bytes_21_load/2 row_bytes_21_load_1/3 row_bytes_21_load_2/3 "/>
</bind>
</comp>

<comp id="647" class="1004" name="grp_access_fu_647">
<pin_list>
<pin id="648" dir="0" index="0" bw="6" slack="0"/>
<pin id="649" dir="0" index="1" bw="8" slack="2147483647"/>
<pin id="650" dir="0" index="2" bw="0" slack="0"/>
<pin id="652" dir="0" index="4" bw="6" slack="2147483647"/>
<pin id="653" dir="0" index="5" bw="8" slack="2147483647"/>
<pin id="654" dir="0" index="6" bw="0" slack="2147483647"/>
<pin id="651" dir="1" index="3" bw="8" slack="0"/>
<pin id="655" dir="1" index="7" bw="8" slack="0"/>
</pin_list>
<bind>
<opcode="load(27) " fcode="load"/>
<opset="row_bytes_22_load/2 row_bytes_22_load_1/3 row_bytes_22_load_2/3 "/>
</bind>
</comp>

<comp id="657" class="1004" name="grp_access_fu_657">
<pin_list>
<pin id="658" dir="0" index="0" bw="6" slack="0"/>
<pin id="659" dir="0" index="1" bw="8" slack="2147483647"/>
<pin id="660" dir="0" index="2" bw="0" slack="0"/>
<pin id="662" dir="0" index="4" bw="6" slack="2147483647"/>
<pin id="663" dir="0" index="5" bw="8" slack="2147483647"/>
<pin id="664" dir="0" index="6" bw="0" slack="2147483647"/>
<pin id="661" dir="1" index="3" bw="8" slack="0"/>
<pin id="665" dir="1" index="7" bw="8" slack="0"/>
</pin_list>
<bind>
<opcode="load(27) " fcode="load"/>
<opset="row_bytes_23_load/2 row_bytes_23_load_1/3 row_bytes_23_load_2/3 "/>
</bind>
</comp>

<comp id="667" class="1004" name="grp_access_fu_667">
<pin_list>
<pin id="668" dir="0" index="0" bw="6" slack="0"/>
<pin id="669" dir="0" index="1" bw="8" slack="2147483647"/>
<pin id="670" dir="0" index="2" bw="0" slack="0"/>
<pin id="672" dir="0" index="4" bw="6" slack="2147483647"/>
<pin id="673" dir="0" index="5" bw="8" slack="2147483647"/>
<pin id="674" dir="0" index="6" bw="0" slack="2147483647"/>
<pin id="671" dir="1" index="3" bw="8" slack="0"/>
<pin id="675" dir="1" index="7" bw="8" slack="0"/>
</pin_list>
<bind>
<opcode="load(27) " fcode="load"/>
<opset="row_bytes_24_load/2 row_bytes_24_load_1/3 row_bytes_24_load_2/3 "/>
</bind>
</comp>

<comp id="677" class="1004" name="grp_access_fu_677">
<pin_list>
<pin id="678" dir="0" index="0" bw="6" slack="0"/>
<pin id="679" dir="0" index="1" bw="8" slack="2147483647"/>
<pin id="680" dir="0" index="2" bw="0" slack="0"/>
<pin id="682" dir="0" index="4" bw="6" slack="2147483647"/>
<pin id="683" dir="0" index="5" bw="8" slack="2147483647"/>
<pin id="684" dir="0" index="6" bw="0" slack="2147483647"/>
<pin id="681" dir="1" index="3" bw="8" slack="0"/>
<pin id="685" dir="1" index="7" bw="8" slack="0"/>
</pin_list>
<bind>
<opcode="load(27) " fcode="load"/>
<opset="row_bytes_25_load/2 row_bytes_25_load_1/3 row_bytes_25_load_2/3 "/>
</bind>
</comp>

<comp id="687" class="1004" name="grp_access_fu_687">
<pin_list>
<pin id="688" dir="0" index="0" bw="6" slack="0"/>
<pin id="689" dir="0" index="1" bw="8" slack="2147483647"/>
<pin id="690" dir="0" index="2" bw="0" slack="0"/>
<pin id="692" dir="0" index="4" bw="6" slack="2147483647"/>
<pin id="693" dir="0" index="5" bw="8" slack="2147483647"/>
<pin id="694" dir="0" index="6" bw="0" slack="2147483647"/>
<pin id="691" dir="1" index="3" bw="8" slack="0"/>
<pin id="695" dir="1" index="7" bw="8" slack="0"/>
</pin_list>
<bind>
<opcode="load(27) " fcode="load"/>
<opset="row_bytes_26_load/2 row_bytes_26_load_1/3 row_bytes_26_load_2/3 "/>
</bind>
</comp>

<comp id="697" class="1004" name="grp_access_fu_697">
<pin_list>
<pin id="698" dir="0" index="0" bw="6" slack="0"/>
<pin id="699" dir="0" index="1" bw="8" slack="2147483647"/>
<pin id="700" dir="0" index="2" bw="0" slack="0"/>
<pin id="702" dir="0" index="4" bw="6" slack="2147483647"/>
<pin id="703" dir="0" index="5" bw="8" slack="2147483647"/>
<pin id="704" dir="0" index="6" bw="0" slack="2147483647"/>
<pin id="701" dir="1" index="3" bw="8" slack="0"/>
<pin id="705" dir="1" index="7" bw="8" slack="0"/>
</pin_list>
<bind>
<opcode="load(27) " fcode="load"/>
<opset="row_bytes_27_load/2 row_bytes_27_load_1/3 row_bytes_27_load_2/3 "/>
</bind>
</comp>

<comp id="707" class="1004" name="grp_access_fu_707">
<pin_list>
<pin id="708" dir="0" index="0" bw="6" slack="0"/>
<pin id="709" dir="0" index="1" bw="8" slack="2147483647"/>
<pin id="710" dir="0" index="2" bw="0" slack="0"/>
<pin id="712" dir="0" index="4" bw="6" slack="2147483647"/>
<pin id="713" dir="0" index="5" bw="8" slack="2147483647"/>
<pin id="714" dir="0" index="6" bw="0" slack="2147483647"/>
<pin id="711" dir="1" index="3" bw="8" slack="0"/>
<pin id="715" dir="1" index="7" bw="8" slack="0"/>
</pin_list>
<bind>
<opcode="load(27) " fcode="load"/>
<opset="row_bytes_28_load/2 row_bytes_28_load_1/3 row_bytes_28_load_2/3 "/>
</bind>
</comp>

<comp id="717" class="1004" name="grp_access_fu_717">
<pin_list>
<pin id="718" dir="0" index="0" bw="6" slack="0"/>
<pin id="719" dir="0" index="1" bw="8" slack="2147483647"/>
<pin id="720" dir="0" index="2" bw="0" slack="0"/>
<pin id="722" dir="0" index="4" bw="6" slack="2147483647"/>
<pin id="723" dir="0" index="5" bw="8" slack="2147483647"/>
<pin id="724" dir="0" index="6" bw="0" slack="2147483647"/>
<pin id="721" dir="1" index="3" bw="8" slack="0"/>
<pin id="725" dir="1" index="7" bw="8" slack="0"/>
</pin_list>
<bind>
<opcode="load(27) " fcode="load"/>
<opset="row_bytes_29_load/2 row_bytes_29_load_1/3 row_bytes_29_load_2/3 "/>
</bind>
</comp>

<comp id="727" class="1004" name="grp_access_fu_727">
<pin_list>
<pin id="728" dir="0" index="0" bw="6" slack="0"/>
<pin id="729" dir="0" index="1" bw="8" slack="2147483647"/>
<pin id="730" dir="0" index="2" bw="0" slack="0"/>
<pin id="732" dir="0" index="4" bw="6" slack="2147483647"/>
<pin id="733" dir="0" index="5" bw="8" slack="2147483647"/>
<pin id="734" dir="0" index="6" bw="0" slack="2147483647"/>
<pin id="731" dir="1" index="3" bw="8" slack="0"/>
<pin id="735" dir="1" index="7" bw="8" slack="0"/>
</pin_list>
<bind>
<opcode="load(27) " fcode="load"/>
<opset="row_bytes_30_load/2 row_bytes_30_load_1/3 row_bytes_30_load_2/3 "/>
</bind>
</comp>

<comp id="737" class="1004" name="grp_access_fu_737">
<pin_list>
<pin id="738" dir="0" index="0" bw="6" slack="0"/>
<pin id="739" dir="0" index="1" bw="8" slack="2147483647"/>
<pin id="740" dir="0" index="2" bw="0" slack="0"/>
<pin id="742" dir="0" index="4" bw="6" slack="2147483647"/>
<pin id="743" dir="0" index="5" bw="8" slack="2147483647"/>
<pin id="744" dir="0" index="6" bw="0" slack="2147483647"/>
<pin id="741" dir="1" index="3" bw="8" slack="0"/>
<pin id="745" dir="1" index="7" bw="8" slack="0"/>
</pin_list>
<bind>
<opcode="load(27) " fcode="load"/>
<opset="row_bytes_31_load/2 row_bytes_31_load_1/3 row_bytes_31_load_2/3 "/>
</bind>
</comp>

<comp id="747" class="1004" name="row_bytes_addr_1_gep_fu_747">
<pin_list>
<pin id="748" dir="0" index="0" bw="8" slack="0"/>
<pin id="749" dir="0" index="1" bw="1" slack="0"/>
<pin id="750" dir="0" index="2" bw="6" slack="0"/>
<pin id="751" dir="1" index="3" bw="6" slack="0"/>
</pin_list>
<bind>
<opcode="getelementptr(29) " fcode="getelementptr"/>
<opset="row_bytes_addr_1/3 "/>
</bind>
</comp>

<comp id="754" class="1004" name="row_bytes_1_addr_1_gep_fu_754">
<pin_list>
<pin id="755" dir="0" index="0" bw="8" slack="0"/>
<pin id="756" dir="0" index="1" bw="1" slack="0"/>
<pin id="757" dir="0" index="2" bw="6" slack="0"/>
<pin id="758" dir="1" index="3" bw="6" slack="0"/>
</pin_list>
<bind>
<opcode="getelementptr(29) " fcode="getelementptr"/>
<opset="row_bytes_1_addr_1/3 "/>
</bind>
</comp>

<comp id="761" class="1004" name="row_bytes_2_addr_1_gep_fu_761">
<pin_list>
<pin id="762" dir="0" index="0" bw="8" slack="0"/>
<pin id="763" dir="0" index="1" bw="1" slack="0"/>
<pin id="764" dir="0" index="2" bw="6" slack="0"/>
<pin id="765" dir="1" index="3" bw="6" slack="0"/>
</pin_list>
<bind>
<opcode="getelementptr(29) " fcode="getelementptr"/>
<opset="row_bytes_2_addr_1/3 "/>
</bind>
</comp>

<comp id="768" class="1004" name="row_bytes_3_addr_1_gep_fu_768">
<pin_list>
<pin id="769" dir="0" index="0" bw="8" slack="0"/>
<pin id="770" dir="0" index="1" bw="1" slack="0"/>
<pin id="771" dir="0" index="2" bw="6" slack="0"/>
<pin id="772" dir="1" index="3" bw="6" slack="0"/>
</pin_list>
<bind>
<opcode="getelementptr(29) " fcode="getelementptr"/>
<opset="row_bytes_3_addr_1/3 "/>
</bind>
</comp>

<comp id="775" class="1004" name="row_bytes_4_addr_1_gep_fu_775">
<pin_list>
<pin id="776" dir="0" index="0" bw="8" slack="0"/>
<pin id="777" dir="0" index="1" bw="1" slack="0"/>
<pin id="778" dir="0" index="2" bw="6" slack="0"/>
<pin id="779" dir="1" index="3" bw="6" slack="0"/>
</pin_list>
<bind>
<opcode="getelementptr(29) " fcode="getelementptr"/>
<opset="row_bytes_4_addr_1/3 "/>
</bind>
</comp>

<comp id="782" class="1004" name="row_bytes_5_addr_1_gep_fu_782">
<pin_list>
<pin id="783" dir="0" index="0" bw="8" slack="0"/>
<pin id="784" dir="0" index="1" bw="1" slack="0"/>
<pin id="785" dir="0" index="2" bw="6" slack="0"/>
<pin id="786" dir="1" index="3" bw="6" slack="0"/>
</pin_list>
<bind>
<opcode="getelementptr(29) " fcode="getelementptr"/>
<opset="row_bytes_5_addr_1/3 "/>
</bind>
</comp>

<comp id="789" class="1004" name="row_bytes_6_addr_1_gep_fu_789">
<pin_list>
<pin id="790" dir="0" index="0" bw="8" slack="0"/>
<pin id="791" dir="0" index="1" bw="1" slack="0"/>
<pin id="792" dir="0" index="2" bw="6" slack="0"/>
<pin id="793" dir="1" index="3" bw="6" slack="0"/>
</pin_list>
<bind>
<opcode="getelementptr(29) " fcode="getelementptr"/>
<opset="row_bytes_6_addr_1/3 "/>
</bind>
</comp>

<comp id="796" class="1004" name="row_bytes_7_addr_1_gep_fu_796">
<pin_list>
<pin id="797" dir="0" index="0" bw="8" slack="0"/>
<pin id="798" dir="0" index="1" bw="1" slack="0"/>
<pin id="799" dir="0" index="2" bw="6" slack="0"/>
<pin id="800" dir="1" index="3" bw="6" slack="0"/>
</pin_list>
<bind>
<opcode="getelementptr(29) " fcode="getelementptr"/>
<opset="row_bytes_7_addr_1/3 "/>
</bind>
</comp>

<comp id="803" class="1004" name="row_bytes_8_addr_1_gep_fu_803">
<pin_list>
<pin id="804" dir="0" index="0" bw="8" slack="0"/>
<pin id="805" dir="0" index="1" bw="1" slack="0"/>
<pin id="806" dir="0" index="2" bw="6" slack="0"/>
<pin id="807" dir="1" index="3" bw="6" slack="0"/>
</pin_list>
<bind>
<opcode="getelementptr(29) " fcode="getelementptr"/>
<opset="row_bytes_8_addr_1/3 "/>
</bind>
</comp>

<comp id="810" class="1004" name="row_bytes_9_addr_1_gep_fu_810">
<pin_list>
<pin id="811" dir="0" index="0" bw="8" slack="0"/>
<pin id="812" dir="0" index="1" bw="1" slack="0"/>
<pin id="813" dir="0" index="2" bw="6" slack="0"/>
<pin id="814" dir="1" index="3" bw="6" slack="0"/>
</pin_list>
<bind>
<opcode="getelementptr(29) " fcode="getelementptr"/>
<opset="row_bytes_9_addr_1/3 "/>
</bind>
</comp>

<comp id="817" class="1004" name="row_bytes_10_addr_1_gep_fu_817">
<pin_list>
<pin id="818" dir="0" index="0" bw="8" slack="0"/>
<pin id="819" dir="0" index="1" bw="1" slack="0"/>
<pin id="820" dir="0" index="2" bw="6" slack="0"/>
<pin id="821" dir="1" index="3" bw="6" slack="0"/>
</pin_list>
<bind>
<opcode="getelementptr(29) " fcode="getelementptr"/>
<opset="row_bytes_10_addr_1/3 "/>
</bind>
</comp>

<comp id="824" class="1004" name="row_bytes_11_addr_1_gep_fu_824">
<pin_list>
<pin id="825" dir="0" index="0" bw="8" slack="0"/>
<pin id="826" dir="0" index="1" bw="1" slack="0"/>
<pin id="827" dir="0" index="2" bw="6" slack="0"/>
<pin id="828" dir="1" index="3" bw="6" slack="0"/>
</pin_list>
<bind>
<opcode="getelementptr(29) " fcode="getelementptr"/>
<opset="row_bytes_11_addr_1/3 "/>
</bind>
</comp>

<comp id="831" class="1004" name="row_bytes_12_addr_1_gep_fu_831">
<pin_list>
<pin id="832" dir="0" index="0" bw="8" slack="0"/>
<pin id="833" dir="0" index="1" bw="1" slack="0"/>
<pin id="834" dir="0" index="2" bw="6" slack="0"/>
<pin id="835" dir="1" index="3" bw="6" slack="0"/>
</pin_list>
<bind>
<opcode="getelementptr(29) " fcode="getelementptr"/>
<opset="row_bytes_12_addr_1/3 "/>
</bind>
</comp>

<comp id="838" class="1004" name="row_bytes_13_addr_1_gep_fu_838">
<pin_list>
<pin id="839" dir="0" index="0" bw="8" slack="0"/>
<pin id="840" dir="0" index="1" bw="1" slack="0"/>
<pin id="841" dir="0" index="2" bw="6" slack="0"/>
<pin id="842" dir="1" index="3" bw="6" slack="0"/>
</pin_list>
<bind>
<opcode="getelementptr(29) " fcode="getelementptr"/>
<opset="row_bytes_13_addr_1/3 "/>
</bind>
</comp>

<comp id="845" class="1004" name="row_bytes_14_addr_1_gep_fu_845">
<pin_list>
<pin id="846" dir="0" index="0" bw="8" slack="0"/>
<pin id="847" dir="0" index="1" bw="1" slack="0"/>
<pin id="848" dir="0" index="2" bw="6" slack="0"/>
<pin id="849" dir="1" index="3" bw="6" slack="0"/>
</pin_list>
<bind>
<opcode="getelementptr(29) " fcode="getelementptr"/>
<opset="row_bytes_14_addr_1/3 "/>
</bind>
</comp>

<comp id="852" class="1004" name="row_bytes_15_addr_1_gep_fu_852">
<pin_list>
<pin id="853" dir="0" index="0" bw="8" slack="0"/>
<pin id="854" dir="0" index="1" bw="1" slack="0"/>
<pin id="855" dir="0" index="2" bw="6" slack="0"/>
<pin id="856" dir="1" index="3" bw="6" slack="0"/>
</pin_list>
<bind>
<opcode="getelementptr(29) " fcode="getelementptr"/>
<opset="row_bytes_15_addr_1/3 "/>
</bind>
</comp>

<comp id="859" class="1004" name="row_bytes_16_addr_1_gep_fu_859">
<pin_list>
<pin id="860" dir="0" index="0" bw="8" slack="0"/>
<pin id="861" dir="0" index="1" bw="1" slack="0"/>
<pin id="862" dir="0" index="2" bw="6" slack="0"/>
<pin id="863" dir="1" index="3" bw="6" slack="0"/>
</pin_list>
<bind>
<opcode="getelementptr(29) " fcode="getelementptr"/>
<opset="row_bytes_16_addr_1/3 "/>
</bind>
</comp>

<comp id="866" class="1004" name="row_bytes_17_addr_1_gep_fu_866">
<pin_list>
<pin id="867" dir="0" index="0" bw="8" slack="0"/>
<pin id="868" dir="0" index="1" bw="1" slack="0"/>
<pin id="869" dir="0" index="2" bw="6" slack="0"/>
<pin id="870" dir="1" index="3" bw="6" slack="0"/>
</pin_list>
<bind>
<opcode="getelementptr(29) " fcode="getelementptr"/>
<opset="row_bytes_17_addr_1/3 "/>
</bind>
</comp>

<comp id="873" class="1004" name="row_bytes_18_addr_1_gep_fu_873">
<pin_list>
<pin id="874" dir="0" index="0" bw="8" slack="0"/>
<pin id="875" dir="0" index="1" bw="1" slack="0"/>
<pin id="876" dir="0" index="2" bw="6" slack="0"/>
<pin id="877" dir="1" index="3" bw="6" slack="0"/>
</pin_list>
<bind>
<opcode="getelementptr(29) " fcode="getelementptr"/>
<opset="row_bytes_18_addr_1/3 "/>
</bind>
</comp>

<comp id="880" class="1004" name="row_bytes_19_addr_1_gep_fu_880">
<pin_list>
<pin id="881" dir="0" index="0" bw="8" slack="0"/>
<pin id="882" dir="0" index="1" bw="1" slack="0"/>
<pin id="883" dir="0" index="2" bw="6" slack="0"/>
<pin id="884" dir="1" index="3" bw="6" slack="0"/>
</pin_list>
<bind>
<opcode="getelementptr(29) " fcode="getelementptr"/>
<opset="row_bytes_19_addr_1/3 "/>
</bind>
</comp>

<comp id="887" class="1004" name="row_bytes_20_addr_1_gep_fu_887">
<pin_list>
<pin id="888" dir="0" index="0" bw="8" slack="0"/>
<pin id="889" dir="0" index="1" bw="1" slack="0"/>
<pin id="890" dir="0" index="2" bw="6" slack="0"/>
<pin id="891" dir="1" index="3" bw="6" slack="0"/>
</pin_list>
<bind>
<opcode="getelementptr(29) " fcode="getelementptr"/>
<opset="row_bytes_20_addr_1/3 "/>
</bind>
</comp>

<comp id="894" class="1004" name="row_bytes_21_addr_1_gep_fu_894">
<pin_list>
<pin id="895" dir="0" index="0" bw="8" slack="0"/>
<pin id="896" dir="0" index="1" bw="1" slack="0"/>
<pin id="897" dir="0" index="2" bw="6" slack="0"/>
<pin id="898" dir="1" index="3" bw="6" slack="0"/>
</pin_list>
<bind>
<opcode="getelementptr(29) " fcode="getelementptr"/>
<opset="row_bytes_21_addr_1/3 "/>
</bind>
</comp>

<comp id="901" class="1004" name="row_bytes_22_addr_1_gep_fu_901">
<pin_list>
<pin id="902" dir="0" index="0" bw="8" slack="0"/>
<pin id="903" dir="0" index="1" bw="1" slack="0"/>
<pin id="904" dir="0" index="2" bw="6" slack="0"/>
<pin id="905" dir="1" index="3" bw="6" slack="0"/>
</pin_list>
<bind>
<opcode="getelementptr(29) " fcode="getelementptr"/>
<opset="row_bytes_22_addr_1/3 "/>
</bind>
</comp>

<comp id="908" class="1004" name="row_bytes_23_addr_1_gep_fu_908">
<pin_list>
<pin id="909" dir="0" index="0" bw="8" slack="0"/>
<pin id="910" dir="0" index="1" bw="1" slack="0"/>
<pin id="911" dir="0" index="2" bw="6" slack="0"/>
<pin id="912" dir="1" index="3" bw="6" slack="0"/>
</pin_list>
<bind>
<opcode="getelementptr(29) " fcode="getelementptr"/>
<opset="row_bytes_23_addr_1/3 "/>
</bind>
</comp>

<comp id="915" class="1004" name="row_bytes_24_addr_1_gep_fu_915">
<pin_list>
<pin id="916" dir="0" index="0" bw="8" slack="0"/>
<pin id="917" dir="0" index="1" bw="1" slack="0"/>
<pin id="918" dir="0" index="2" bw="6" slack="0"/>
<pin id="919" dir="1" index="3" bw="6" slack="0"/>
</pin_list>
<bind>
<opcode="getelementptr(29) " fcode="getelementptr"/>
<opset="row_bytes_24_addr_1/3 "/>
</bind>
</comp>

<comp id="922" class="1004" name="row_bytes_25_addr_1_gep_fu_922">
<pin_list>
<pin id="923" dir="0" index="0" bw="8" slack="0"/>
<pin id="924" dir="0" index="1" bw="1" slack="0"/>
<pin id="925" dir="0" index="2" bw="6" slack="0"/>
<pin id="926" dir="1" index="3" bw="6" slack="0"/>
</pin_list>
<bind>
<opcode="getelementptr(29) " fcode="getelementptr"/>
<opset="row_bytes_25_addr_1/3 "/>
</bind>
</comp>

<comp id="929" class="1004" name="row_bytes_26_addr_1_gep_fu_929">
<pin_list>
<pin id="930" dir="0" index="0" bw="8" slack="0"/>
<pin id="931" dir="0" index="1" bw="1" slack="0"/>
<pin id="932" dir="0" index="2" bw="6" slack="0"/>
<pin id="933" dir="1" index="3" bw="6" slack="0"/>
</pin_list>
<bind>
<opcode="getelementptr(29) " fcode="getelementptr"/>
<opset="row_bytes_26_addr_1/3 "/>
</bind>
</comp>

<comp id="936" class="1004" name="row_bytes_27_addr_1_gep_fu_936">
<pin_list>
<pin id="937" dir="0" index="0" bw="8" slack="0"/>
<pin id="938" dir="0" index="1" bw="1" slack="0"/>
<pin id="939" dir="0" index="2" bw="6" slack="0"/>
<pin id="940" dir="1" index="3" bw="6" slack="0"/>
</pin_list>
<bind>
<opcode="getelementptr(29) " fcode="getelementptr"/>
<opset="row_bytes_27_addr_1/3 "/>
</bind>
</comp>

<comp id="943" class="1004" name="row_bytes_28_addr_1_gep_fu_943">
<pin_list>
<pin id="944" dir="0" index="0" bw="8" slack="0"/>
<pin id="945" dir="0" index="1" bw="1" slack="0"/>
<pin id="946" dir="0" index="2" bw="6" slack="0"/>
<pin id="947" dir="1" index="3" bw="6" slack="0"/>
</pin_list>
<bind>
<opcode="getelementptr(29) " fcode="getelementptr"/>
<opset="row_bytes_28_addr_1/3 "/>
</bind>
</comp>

<comp id="950" class="1004" name="row_bytes_29_addr_1_gep_fu_950">
<pin_list>
<pin id="951" dir="0" index="0" bw="8" slack="0"/>
<pin id="952" dir="0" index="1" bw="1" slack="0"/>
<pin id="953" dir="0" index="2" bw="6" slack="0"/>
<pin id="954" dir="1" index="3" bw="6" slack="0"/>
</pin_list>
<bind>
<opcode="getelementptr(29) " fcode="getelementptr"/>
<opset="row_bytes_29_addr_1/3 "/>
</bind>
</comp>

<comp id="957" class="1004" name="row_bytes_30_addr_1_gep_fu_957">
<pin_list>
<pin id="958" dir="0" index="0" bw="8" slack="0"/>
<pin id="959" dir="0" index="1" bw="1" slack="0"/>
<pin id="960" dir="0" index="2" bw="6" slack="0"/>
<pin id="961" dir="1" index="3" bw="6" slack="0"/>
</pin_list>
<bind>
<opcode="getelementptr(29) " fcode="getelementptr"/>
<opset="row_bytes_30_addr_1/3 "/>
</bind>
</comp>

<comp id="964" class="1004" name="row_bytes_31_addr_1_gep_fu_964">
<pin_list>
<pin id="965" dir="0" index="0" bw="8" slack="0"/>
<pin id="966" dir="0" index="1" bw="1" slack="0"/>
<pin id="967" dir="0" index="2" bw="6" slack="0"/>
<pin id="968" dir="1" index="3" bw="6" slack="0"/>
</pin_list>
<bind>
<opcode="getelementptr(29) " fcode="getelementptr"/>
<opset="row_bytes_31_addr_1/3 "/>
</bind>
</comp>

<comp id="1003" class="1004" name="row_bytes_addr_2_gep_fu_1003">
<pin_list>
<pin id="1004" dir="0" index="0" bw="8" slack="0"/>
<pin id="1005" dir="0" index="1" bw="1" slack="0"/>
<pin id="1006" dir="0" index="2" bw="6" slack="0"/>
<pin id="1007" dir="1" index="3" bw="6" slack="0"/>
</pin_list>
<bind>
<opcode="getelementptr(29) " fcode="getelementptr"/>
<opset="row_bytes_addr_2/3 "/>
</bind>
</comp>

<comp id="1010" class="1004" name="row_bytes_1_addr_2_gep_fu_1010">
<pin_list>
<pin id="1011" dir="0" index="0" bw="8" slack="0"/>
<pin id="1012" dir="0" index="1" bw="1" slack="0"/>
<pin id="1013" dir="0" index="2" bw="6" slack="0"/>
<pin id="1014" dir="1" index="3" bw="6" slack="0"/>
</pin_list>
<bind>
<opcode="getelementptr(29) " fcode="getelementptr"/>
<opset="row_bytes_1_addr_2/3 "/>
</bind>
</comp>

<comp id="1017" class="1004" name="row_bytes_2_addr_2_gep_fu_1017">
<pin_list>
<pin id="1018" dir="0" index="0" bw="8" slack="0"/>
<pin id="1019" dir="0" index="1" bw="1" slack="0"/>
<pin id="1020" dir="0" index="2" bw="6" slack="0"/>
<pin id="1021" dir="1" index="3" bw="6" slack="0"/>
</pin_list>
<bind>
<opcode="getelementptr(29) " fcode="getelementptr"/>
<opset="row_bytes_2_addr_2/3 "/>
</bind>
</comp>

<comp id="1024" class="1004" name="row_bytes_3_addr_2_gep_fu_1024">
<pin_list>
<pin id="1025" dir="0" index="0" bw="8" slack="0"/>
<pin id="1026" dir="0" index="1" bw="1" slack="0"/>
<pin id="1027" dir="0" index="2" bw="6" slack="0"/>
<pin id="1028" dir="1" index="3" bw="6" slack="0"/>
</pin_list>
<bind>
<opcode="getelementptr(29) " fcode="getelementptr"/>
<opset="row_bytes_3_addr_2/3 "/>
</bind>
</comp>

<comp id="1031" class="1004" name="row_bytes_4_addr_2_gep_fu_1031">
<pin_list>
<pin id="1032" dir="0" index="0" bw="8" slack="0"/>
<pin id="1033" dir="0" index="1" bw="1" slack="0"/>
<pin id="1034" dir="0" index="2" bw="6" slack="0"/>
<pin id="1035" dir="1" index="3" bw="6" slack="0"/>
</pin_list>
<bind>
<opcode="getelementptr(29) " fcode="getelementptr"/>
<opset="row_bytes_4_addr_2/3 "/>
</bind>
</comp>

<comp id="1038" class="1004" name="row_bytes_5_addr_2_gep_fu_1038">
<pin_list>
<pin id="1039" dir="0" index="0" bw="8" slack="0"/>
<pin id="1040" dir="0" index="1" bw="1" slack="0"/>
<pin id="1041" dir="0" index="2" bw="6" slack="0"/>
<pin id="1042" dir="1" index="3" bw="6" slack="0"/>
</pin_list>
<bind>
<opcode="getelementptr(29) " fcode="getelementptr"/>
<opset="row_bytes_5_addr_2/3 "/>
</bind>
</comp>

<comp id="1045" class="1004" name="row_bytes_6_addr_2_gep_fu_1045">
<pin_list>
<pin id="1046" dir="0" index="0" bw="8" slack="0"/>
<pin id="1047" dir="0" index="1" bw="1" slack="0"/>
<pin id="1048" dir="0" index="2" bw="6" slack="0"/>
<pin id="1049" dir="1" index="3" bw="6" slack="0"/>
</pin_list>
<bind>
<opcode="getelementptr(29) " fcode="getelementptr"/>
<opset="row_bytes_6_addr_2/3 "/>
</bind>
</comp>

<comp id="1052" class="1004" name="row_bytes_7_addr_2_gep_fu_1052">
<pin_list>
<pin id="1053" dir="0" index="0" bw="8" slack="0"/>
<pin id="1054" dir="0" index="1" bw="1" slack="0"/>
<pin id="1055" dir="0" index="2" bw="6" slack="0"/>
<pin id="1056" dir="1" index="3" bw="6" slack="0"/>
</pin_list>
<bind>
<opcode="getelementptr(29) " fcode="getelementptr"/>
<opset="row_bytes_7_addr_2/3 "/>
</bind>
</comp>

<comp id="1059" class="1004" name="row_bytes_8_addr_2_gep_fu_1059">
<pin_list>
<pin id="1060" dir="0" index="0" bw="8" slack="0"/>
<pin id="1061" dir="0" index="1" bw="1" slack="0"/>
<pin id="1062" dir="0" index="2" bw="6" slack="0"/>
<pin id="1063" dir="1" index="3" bw="6" slack="0"/>
</pin_list>
<bind>
<opcode="getelementptr(29) " fcode="getelementptr"/>
<opset="row_bytes_8_addr_2/3 "/>
</bind>
</comp>

<comp id="1066" class="1004" name="row_bytes_9_addr_2_gep_fu_1066">
<pin_list>
<pin id="1067" dir="0" index="0" bw="8" slack="0"/>
<pin id="1068" dir="0" index="1" bw="1" slack="0"/>
<pin id="1069" dir="0" index="2" bw="6" slack="0"/>
<pin id="1070" dir="1" index="3" bw="6" slack="0"/>
</pin_list>
<bind>
<opcode="getelementptr(29) " fcode="getelementptr"/>
<opset="row_bytes_9_addr_2/3 "/>
</bind>
</comp>

<comp id="1073" class="1004" name="row_bytes_10_addr_2_gep_fu_1073">
<pin_list>
<pin id="1074" dir="0" index="0" bw="8" slack="0"/>
<pin id="1075" dir="0" index="1" bw="1" slack="0"/>
<pin id="1076" dir="0" index="2" bw="6" slack="0"/>
<pin id="1077" dir="1" index="3" bw="6" slack="0"/>
</pin_list>
<bind>
<opcode="getelementptr(29) " fcode="getelementptr"/>
<opset="row_bytes_10_addr_2/3 "/>
</bind>
</comp>

<comp id="1080" class="1004" name="row_bytes_11_addr_2_gep_fu_1080">
<pin_list>
<pin id="1081" dir="0" index="0" bw="8" slack="0"/>
<pin id="1082" dir="0" index="1" bw="1" slack="0"/>
<pin id="1083" dir="0" index="2" bw="6" slack="0"/>
<pin id="1084" dir="1" index="3" bw="6" slack="0"/>
</pin_list>
<bind>
<opcode="getelementptr(29) " fcode="getelementptr"/>
<opset="row_bytes_11_addr_2/3 "/>
</bind>
</comp>

<comp id="1087" class="1004" name="row_bytes_12_addr_2_gep_fu_1087">
<pin_list>
<pin id="1088" dir="0" index="0" bw="8" slack="0"/>
<pin id="1089" dir="0" index="1" bw="1" slack="0"/>
<pin id="1090" dir="0" index="2" bw="6" slack="0"/>
<pin id="1091" dir="1" index="3" bw="6" slack="0"/>
</pin_list>
<bind>
<opcode="getelementptr(29) " fcode="getelementptr"/>
<opset="row_bytes_12_addr_2/3 "/>
</bind>
</comp>

<comp id="1094" class="1004" name="row_bytes_13_addr_2_gep_fu_1094">
<pin_list>
<pin id="1095" dir="0" index="0" bw="8" slack="0"/>
<pin id="1096" dir="0" index="1" bw="1" slack="0"/>
<pin id="1097" dir="0" index="2" bw="6" slack="0"/>
<pin id="1098" dir="1" index="3" bw="6" slack="0"/>
</pin_list>
<bind>
<opcode="getelementptr(29) " fcode="getelementptr"/>
<opset="row_bytes_13_addr_2/3 "/>
</bind>
</comp>

<comp id="1101" class="1004" name="row_bytes_14_addr_2_gep_fu_1101">
<pin_list>
<pin id="1102" dir="0" index="0" bw="8" slack="0"/>
<pin id="1103" dir="0" index="1" bw="1" slack="0"/>
<pin id="1104" dir="0" index="2" bw="6" slack="0"/>
<pin id="1105" dir="1" index="3" bw="6" slack="0"/>
</pin_list>
<bind>
<opcode="getelementptr(29) " fcode="getelementptr"/>
<opset="row_bytes_14_addr_2/3 "/>
</bind>
</comp>

<comp id="1108" class="1004" name="row_bytes_15_addr_2_gep_fu_1108">
<pin_list>
<pin id="1109" dir="0" index="0" bw="8" slack="0"/>
<pin id="1110" dir="0" index="1" bw="1" slack="0"/>
<pin id="1111" dir="0" index="2" bw="6" slack="0"/>
<pin id="1112" dir="1" index="3" bw="6" slack="0"/>
</pin_list>
<bind>
<opcode="getelementptr(29) " fcode="getelementptr"/>
<opset="row_bytes_15_addr_2/3 "/>
</bind>
</comp>

<comp id="1115" class="1004" name="row_bytes_16_addr_2_gep_fu_1115">
<pin_list>
<pin id="1116" dir="0" index="0" bw="8" slack="0"/>
<pin id="1117" dir="0" index="1" bw="1" slack="0"/>
<pin id="1118" dir="0" index="2" bw="6" slack="0"/>
<pin id="1119" dir="1" index="3" bw="6" slack="0"/>
</pin_list>
<bind>
<opcode="getelementptr(29) " fcode="getelementptr"/>
<opset="row_bytes_16_addr_2/3 "/>
</bind>
</comp>

<comp id="1122" class="1004" name="row_bytes_17_addr_2_gep_fu_1122">
<pin_list>
<pin id="1123" dir="0" index="0" bw="8" slack="0"/>
<pin id="1124" dir="0" index="1" bw="1" slack="0"/>
<pin id="1125" dir="0" index="2" bw="6" slack="0"/>
<pin id="1126" dir="1" index="3" bw="6" slack="0"/>
</pin_list>
<bind>
<opcode="getelementptr(29) " fcode="getelementptr"/>
<opset="row_bytes_17_addr_2/3 "/>
</bind>
</comp>

<comp id="1129" class="1004" name="row_bytes_18_addr_2_gep_fu_1129">
<pin_list>
<pin id="1130" dir="0" index="0" bw="8" slack="0"/>
<pin id="1131" dir="0" index="1" bw="1" slack="0"/>
<pin id="1132" dir="0" index="2" bw="6" slack="0"/>
<pin id="1133" dir="1" index="3" bw="6" slack="0"/>
</pin_list>
<bind>
<opcode="getelementptr(29) " fcode="getelementptr"/>
<opset="row_bytes_18_addr_2/3 "/>
</bind>
</comp>

<comp id="1136" class="1004" name="row_bytes_19_addr_2_gep_fu_1136">
<pin_list>
<pin id="1137" dir="0" index="0" bw="8" slack="0"/>
<pin id="1138" dir="0" index="1" bw="1" slack="0"/>
<pin id="1139" dir="0" index="2" bw="6" slack="0"/>
<pin id="1140" dir="1" index="3" bw="6" slack="0"/>
</pin_list>
<bind>
<opcode="getelementptr(29) " fcode="getelementptr"/>
<opset="row_bytes_19_addr_2/3 "/>
</bind>
</comp>

<comp id="1143" class="1004" name="row_bytes_20_addr_2_gep_fu_1143">
<pin_list>
<pin id="1144" dir="0" index="0" bw="8" slack="0"/>
<pin id="1145" dir="0" index="1" bw="1" slack="0"/>
<pin id="1146" dir="0" index="2" bw="6" slack="0"/>
<pin id="1147" dir="1" index="3" bw="6" slack="0"/>
</pin_list>
<bind>
<opcode="getelementptr(29) " fcode="getelementptr"/>
<opset="row_bytes_20_addr_2/3 "/>
</bind>
</comp>

<comp id="1150" class="1004" name="row_bytes_21_addr_2_gep_fu_1150">
<pin_list>
<pin id="1151" dir="0" index="0" bw="8" slack="0"/>
<pin id="1152" dir="0" index="1" bw="1" slack="0"/>
<pin id="1153" dir="0" index="2" bw="6" slack="0"/>
<pin id="1154" dir="1" index="3" bw="6" slack="0"/>
</pin_list>
<bind>
<opcode="getelementptr(29) " fcode="getelementptr"/>
<opset="row_bytes_21_addr_2/3 "/>
</bind>
</comp>

<comp id="1157" class="1004" name="row_bytes_22_addr_2_gep_fu_1157">
<pin_list>
<pin id="1158" dir="0" index="0" bw="8" slack="0"/>
<pin id="1159" dir="0" index="1" bw="1" slack="0"/>
<pin id="1160" dir="0" index="2" bw="6" slack="0"/>
<pin id="1161" dir="1" index="3" bw="6" slack="0"/>
</pin_list>
<bind>
<opcode="getelementptr(29) " fcode="getelementptr"/>
<opset="row_bytes_22_addr_2/3 "/>
</bind>
</comp>

<comp id="1164" class="1004" name="row_bytes_23_addr_2_gep_fu_1164">
<pin_list>
<pin id="1165" dir="0" index="0" bw="8" slack="0"/>
<pin id="1166" dir="0" index="1" bw="1" slack="0"/>
<pin id="1167" dir="0" index="2" bw="6" slack="0"/>
<pin id="1168" dir="1" index="3" bw="6" slack="0"/>
</pin_list>
<bind>
<opcode="getelementptr(29) " fcode="getelementptr"/>
<opset="row_bytes_23_addr_2/3 "/>
</bind>
</comp>

<comp id="1171" class="1004" name="row_bytes_24_addr_2_gep_fu_1171">
<pin_list>
<pin id="1172" dir="0" index="0" bw="8" slack="0"/>
<pin id="1173" dir="0" index="1" bw="1" slack="0"/>
<pin id="1174" dir="0" index="2" bw="6" slack="0"/>
<pin id="1175" dir="1" index="3" bw="6" slack="0"/>
</pin_list>
<bind>
<opcode="getelementptr(29) " fcode="getelementptr"/>
<opset="row_bytes_24_addr_2/3 "/>
</bind>
</comp>

<comp id="1178" class="1004" name="row_bytes_25_addr_2_gep_fu_1178">
<pin_list>
<pin id="1179" dir="0" index="0" bw="8" slack="0"/>
<pin id="1180" dir="0" index="1" bw="1" slack="0"/>
<pin id="1181" dir="0" index="2" bw="6" slack="0"/>
<pin id="1182" dir="1" index="3" bw="6" slack="0"/>
</pin_list>
<bind>
<opcode="getelementptr(29) " fcode="getelementptr"/>
<opset="row_bytes_25_addr_2/3 "/>
</bind>
</comp>

<comp id="1185" class="1004" name="row_bytes_26_addr_2_gep_fu_1185">
<pin_list>
<pin id="1186" dir="0" index="0" bw="8" slack="0"/>
<pin id="1187" dir="0" index="1" bw="1" slack="0"/>
<pin id="1188" dir="0" index="2" bw="6" slack="0"/>
<pin id="1189" dir="1" index="3" bw="6" slack="0"/>
</pin_list>
<bind>
<opcode="getelementptr(29) " fcode="getelementptr"/>
<opset="row_bytes_26_addr_2/3 "/>
</bind>
</comp>

<comp id="1192" class="1004" name="row_bytes_27_addr_2_gep_fu_1192">
<pin_list>
<pin id="1193" dir="0" index="0" bw="8" slack="0"/>
<pin id="1194" dir="0" index="1" bw="1" slack="0"/>
<pin id="1195" dir="0" index="2" bw="6" slack="0"/>
<pin id="1196" dir="1" index="3" bw="6" slack="0"/>
</pin_list>
<bind>
<opcode="getelementptr(29) " fcode="getelementptr"/>
<opset="row_bytes_27_addr_2/3 "/>
</bind>
</comp>

<comp id="1199" class="1004" name="row_bytes_28_addr_2_gep_fu_1199">
<pin_list>
<pin id="1200" dir="0" index="0" bw="8" slack="0"/>
<pin id="1201" dir="0" index="1" bw="1" slack="0"/>
<pin id="1202" dir="0" index="2" bw="6" slack="0"/>
<pin id="1203" dir="1" index="3" bw="6" slack="0"/>
</pin_list>
<bind>
<opcode="getelementptr(29) " fcode="getelementptr"/>
<opset="row_bytes_28_addr_2/3 "/>
</bind>
</comp>

<comp id="1206" class="1004" name="row_bytes_29_addr_2_gep_fu_1206">
<pin_list>
<pin id="1207" dir="0" index="0" bw="8" slack="0"/>
<pin id="1208" dir="0" index="1" bw="1" slack="0"/>
<pin id="1209" dir="0" index="2" bw="6" slack="0"/>
<pin id="1210" dir="1" index="3" bw="6" slack="0"/>
</pin_list>
<bind>
<opcode="getelementptr(29) " fcode="getelementptr"/>
<opset="row_bytes_29_addr_2/3 "/>
</bind>
</comp>

<comp id="1213" class="1004" name="row_bytes_30_addr_2_gep_fu_1213">
<pin_list>
<pin id="1214" dir="0" index="0" bw="8" slack="0"/>
<pin id="1215" dir="0" index="1" bw="1" slack="0"/>
<pin id="1216" dir="0" index="2" bw="6" slack="0"/>
<pin id="1217" dir="1" index="3" bw="6" slack="0"/>
</pin_list>
<bind>
<opcode="getelementptr(29) " fcode="getelementptr"/>
<opset="row_bytes_30_addr_2/3 "/>
</bind>
</comp>

<comp id="1220" class="1004" name="row_bytes_31_addr_2_gep_fu_1220">
<pin_list>
<pin id="1221" dir="0" index="0" bw="8" slack="0"/>
<pin id="1222" dir="0" index="1" bw="1" slack="0"/>
<pin id="1223" dir="0" index="2" bw="6" slack="0"/>
<pin id="1224" dir="1" index="3" bw="6" slack="0"/>
</pin_list>
<bind>
<opcode="getelementptr(29) " fcode="getelementptr"/>
<opset="row_bytes_31_addr_2/3 "/>
</bind>
</comp>

<comp id="1259" class="1004" name="store_ln32_store_fu_1259">
<pin_list>
<pin id="1260" dir="0" index="0" bw="1" slack="0"/>
<pin id="1261" dir="0" index="1" bw="10" slack="0"/>
<pin id="1262" dir="1" index="2" bw="0" slack="2147483647"/>
</pin_list>
<bind>
<opcode="store(28) " fcode="store"/>
<opset="store_ln32/1 "/>
</bind>
</comp>

<comp id="1264" class="1004" name="column_13_load_fu_1264">
<pin_list>
<pin id="1265" dir="0" index="0" bw="10" slack="0"/>
<pin id="1266" dir="1" index="1" bw="10" slack="0"/>
</pin_list>
<bind>
<opcode="load(27) " fcode="load"/>
<opset="column_13/1 "/>
</bind>
</comp>

<comp id="1267" class="1004" name="icmp_ln32_fu_1267">
<pin_list>
<pin id="1268" dir="0" index="0" bw="10" slack="0"/>
<pin id="1269" dir="0" index="1" bw="10" slack="0"/>
<pin id="1270" dir="1" index="2" bw="1" slack="5"/>
</pin_list>
<bind>
<opcode="icmp(45) " fcode="icmp"/>
<opset="icmp_ln32/1 "/>
</bind>
</comp>

<comp id="1273" class="1004" name="add_ln32_fu_1273">
<pin_list>
<pin id="1274" dir="0" index="0" bw="10" slack="0"/>
<pin id="1275" dir="0" index="1" bw="1" slack="0"/>
<pin id="1276" dir="1" index="2" bw="10" slack="0"/>
</pin_list>
<bind>
<opcode="add(8) " fcode="add"/>
<opset="add_ln32/1 "/>
</bind>
</comp>

<comp id="1279" class="1004" name="trunc_ln32_fu_1279">
<pin_list>
<pin id="1280" dir="0" index="0" bw="10" slack="0"/>
<pin id="1281" dir="1" index="1" bw="5" slack="1"/>
</pin_list>
<bind>
<opcode="trunc(33) " fcode="trunc"/>
<opset="trunc_ln32/1 "/>
</bind>
</comp>

<comp id="1283" class="1004" name="store_ln32_store_fu_1283">
<pin_list>
<pin id="1284" dir="0" index="0" bw="10" slack="0"/>
<pin id="1285" dir="0" index="1" bw="10" slack="0"/>
<pin id="1286" dir="1" index="2" bw="0" slack="2147483647"/>
</pin_list>
<bind>
<opcode="store(28) " fcode="store"/>
<opset="store_ln32/1 "/>
</bind>
</comp>

<comp id="1288" class="1004" name="zext_ln36_fu_1288">
<pin_list>
<pin id="1289" dir="0" index="0" bw="10" slack="1"/>
<pin id="1290" dir="1" index="1" bw="11" slack="0"/>
</pin_list>
<bind>
<opcode="zext(34) " fcode="zext"/>
<opset="zext_ln36/2 "/>
</bind>
</comp>

<comp id="1291" class="1004" name="trunc_ln36_fu_1291">
<pin_list>
<pin id="1292" dir="0" index="0" bw="10" slack="1"/>
<pin id="1293" dir="1" index="1" bw="9" slack="0"/>
</pin_list>
<bind>
<opcode="trunc(33) " fcode="trunc"/>
<opset="trunc_ln36/2 "/>
</bind>
</comp>

<comp id="1294" class="1004" name="p_shl_fu_1294">
<pin_list>
<pin id="1295" dir="0" index="0" bw="11" slack="0"/>
<pin id="1296" dir="0" index="1" bw="9" slack="0"/>
<pin id="1297" dir="0" index="2" bw="1" slack="0"/>
<pin id="1298" dir="1" index="3" bw="11" slack="0"/>
</pin_list>
<bind>
<opcode="bitconcatenate(1004) " fcode="bitconcatenate"/>
<opset="p_shl/2 "/>
</bind>
</comp>

<comp id="1302" class="1004" name="sub_ln36_fu_1302">
<pin_list>
<pin id="1303" dir="0" index="0" bw="11" slack="0"/>
<pin id="1304" dir="0" index="1" bw="10" slack="0"/>
<pin id="1305" dir="1" index="2" bw="11" slack="0"/>
</pin_list>
<bind>
<opcode="sub(10) " fcode="sub"/>
<opset="sub_ln36/2 "/>
</bind>
</comp>

<comp id="1308" class="1004" name="lshr_ln_fu_1308">
<pin_list>
<pin id="1309" dir="0" index="0" bw="6" slack="0"/>
<pin id="1310" dir="0" index="1" bw="11" slack="0"/>
<pin id="1311" dir="0" index="2" bw="4" slack="0"/>
<pin id="1312" dir="0" index="3" bw="5" slack="0"/>
<pin id="1313" dir="1" index="4" bw="6" slack="0"/>
</pin_list>
<bind>
<opcode="partselect(1002) " fcode="partselect"/>
<opset="lshr_ln/2 "/>
</bind>
</comp>

<comp id="1318" class="1004" name="zext_ln36_1_fu_1318">
<pin_list>
<pin id="1319" dir="0" index="0" bw="6" slack="0"/>
<pin id="1320" dir="1" index="1" bw="64" slack="0"/>
</pin_list>
<bind>
<opcode="zext(34) " fcode="zext"/>
<opset="zext_ln36_1/2 "/>
</bind>
</comp>

<comp id="1354" class="1004" name="pixel_fu_1354">
<pin_list>
<pin id="1355" dir="0" index="0" bw="8" slack="0"/>
<pin id="1356" dir="0" index="1" bw="5" slack="0"/>
<pin id="1357" dir="0" index="2" bw="8" slack="0"/>
<pin id="1358" dir="0" index="3" bw="5" slack="0"/>
<pin id="1359" dir="0" index="4" bw="8" slack="0"/>
<pin id="1360" dir="0" index="5" bw="5" slack="0"/>
<pin id="1361" dir="0" index="6" bw="8" slack="0"/>
<pin id="1362" dir="0" index="7" bw="5" slack="0"/>
<pin id="1363" dir="0" index="8" bw="8" slack="0"/>
<pin id="1364" dir="0" index="9" bw="5" slack="0"/>
<pin id="1365" dir="0" index="10" bw="8" slack="0"/>
<pin id="1366" dir="0" index="11" bw="5" slack="0"/>
<pin id="1367" dir="0" index="12" bw="8" slack="0"/>
<pin id="1368" dir="0" index="13" bw="5" slack="0"/>
<pin id="1369" dir="0" index="14" bw="8" slack="0"/>
<pin id="1370" dir="0" index="15" bw="5" slack="0"/>
<pin id="1371" dir="0" index="16" bw="8" slack="0"/>
<pin id="1372" dir="0" index="17" bw="5" slack="0"/>
<pin id="1373" dir="0" index="18" bw="8" slack="0"/>
<pin id="1374" dir="0" index="19" bw="5" slack="0"/>
<pin id="1375" dir="0" index="20" bw="8" slack="0"/>
<pin id="1376" dir="0" index="21" bw="5" slack="0"/>
<pin id="1377" dir="0" index="22" bw="8" slack="0"/>
<pin id="1378" dir="0" index="23" bw="5" slack="0"/>
<pin id="1379" dir="0" index="24" bw="8" slack="0"/>
<pin id="1380" dir="0" index="25" bw="5" slack="0"/>
<pin id="1381" dir="0" index="26" bw="8" slack="0"/>
<pin id="1382" dir="0" index="27" bw="5" slack="0"/>
<pin id="1383" dir="0" index="28" bw="8" slack="0"/>
<pin id="1384" dir="0" index="29" bw="5" slack="0"/>
<pin id="1385" dir="0" index="30" bw="8" slack="0"/>
<pin id="1386" dir="0" index="31" bw="5" slack="0"/>
<pin id="1387" dir="0" index="32" bw="8" slack="0"/>
<pin id="1388" dir="0" index="33" bw="5" slack="0"/>
<pin id="1389" dir="0" index="34" bw="8" slack="0"/>
<pin id="1390" dir="0" index="35" bw="5" slack="0"/>
<pin id="1391" dir="0" index="36" bw="8" slack="0"/>
<pin id="1392" dir="0" index="37" bw="5" slack="0"/>
<pin id="1393" dir="0" index="38" bw="8" slack="0"/>
<pin id="1394" dir="0" index="39" bw="5" slack="0"/>
<pin id="1395" dir="0" index="40" bw="8" slack="0"/>
<pin id="1396" dir="0" index="41" bw="5" slack="0"/>
<pin id="1397" dir="0" index="42" bw="8" slack="0"/>
<pin id="1398" dir="0" index="43" bw="5" slack="0"/>
<pin id="1399" dir="0" index="44" bw="8" slack="0"/>
<pin id="1400" dir="0" index="45" bw="5" slack="0"/>
<pin id="1401" dir="0" index="46" bw="8" slack="0"/>
<pin id="1402" dir="0" index="47" bw="5" slack="0"/>
<pin id="1403" dir="0" index="48" bw="8" slack="0"/>
<pin id="1404" dir="0" index="49" bw="5" slack="0"/>
<pin id="1405" dir="0" index="50" bw="8" slack="0"/>
<pin id="1406" dir="0" index="51" bw="5" slack="0"/>
<pin id="1407" dir="0" index="52" bw="8" slack="0"/>
<pin id="1408" dir="0" index="53" bw="5" slack="0"/>
<pin id="1409" dir="0" index="54" bw="8" slack="0"/>
<pin id="1410" dir="0" index="55" bw="5" slack="0"/>
<pin id="1411" dir="0" index="56" bw="8" slack="0"/>
<pin id="1412" dir="0" index="57" bw="5" slack="0"/>
<pin id="1413" dir="0" index="58" bw="8" slack="0"/>
<pin id="1414" dir="0" index="59" bw="5" slack="0"/>
<pin id="1415" dir="0" index="60" bw="8" slack="0"/>
<pin id="1416" dir="0" index="61" bw="5" slack="0"/>
<pin id="1417" dir="0" index="62" bw="8" slack="0"/>
<pin id="1418" dir="0" index="63" bw="5" slack="0"/>
<pin id="1419" dir="0" index="64" bw="8" slack="0"/>
<pin id="1420" dir="0" index="65" bw="8" slack="0"/>
<pin id="1421" dir="0" index="66" bw="5" slack="2"/>
<pin id="1422" dir="1" index="67" bw="8" slack="0"/>
</pin_list>
<bind>
<opcode="sparsemux(1197) " fcode="sparsemux"/>
<opset="pixel/3 "/>
</bind>
</comp>

<comp id="1489" class="1004" name="add_ln37_fu_1489">
<pin_list>
<pin id="1490" dir="0" index="0" bw="11" slack="1"/>
<pin id="1491" dir="0" index="1" bw="1" slack="0"/>
<pin id="1492" dir="1" index="2" bw="11" slack="0"/>
</pin_list>
<bind>
<opcode="add(8) " fcode="add"/>
<opset="add_ln37/3 "/>
</bind>
</comp>

<comp id="1494" class="1004" name="lshr_ln1_fu_1494">
<pin_list>
<pin id="1495" dir="0" index="0" bw="6" slack="0"/>
<pin id="1496" dir="0" index="1" bw="11" slack="0"/>
<pin id="1497" dir="0" index="2" bw="4" slack="0"/>
<pin id="1498" dir="0" index="3" bw="5" slack="0"/>
<pin id="1499" dir="1" index="4" bw="6" slack="0"/>
</pin_list>
<bind>
<opcode="partselect(1002) " fcode="partselect"/>
<opset="lshr_ln1/3 "/>
</bind>
</comp>

<comp id="1504" class="1004" name="zext_ln37_fu_1504">
<pin_list>
<pin id="1505" dir="0" index="0" bw="6" slack="0"/>
<pin id="1506" dir="1" index="1" bw="64" slack="0"/>
</pin_list>
<bind>
<opcode="zext(34) " fcode="zext"/>
<opset="zext_ln37/3 "/>
</bind>
</comp>

<comp id="1540" class="1004" name="add_ln38_fu_1540">
<pin_list>
<pin id="1541" dir="0" index="0" bw="11" slack="1"/>
<pin id="1542" dir="0" index="1" bw="3" slack="0"/>
<pin id="1543" dir="1" index="2" bw="11" slack="0"/>
</pin_list>
<bind>
<opcode="add(8) " fcode="add"/>
<opset="add_ln38/3 "/>
</bind>
</comp>

<comp id="1545" class="1004" name="lshr_ln2_fu_1545">
<pin_list>
<pin id="1546" dir="0" index="0" bw="6" slack="0"/>
<pin id="1547" dir="0" index="1" bw="11" slack="0"/>
<pin id="1548" dir="0" index="2" bw="4" slack="0"/>
<pin id="1549" dir="0" index="3" bw="5" slack="0"/>
<pin id="1550" dir="1" index="4" bw="6" slack="0"/>
</pin_list>
<bind>
<opcode="partselect(1002) " fcode="partselect"/>
<opset="lshr_ln2/3 "/>
</bind>
</comp>

<comp id="1555" class="1004" name="zext_ln38_fu_1555">
<pin_list>
<pin id="1556" dir="0" index="0" bw="6" slack="0"/>
<pin id="1557" dir="1" index="1" bw="64" slack="0"/>
</pin_list>
<bind>
<opcode="zext(34) " fcode="zext"/>
<opset="zext_ln38/3 "/>
</bind>
</comp>

<comp id="1591" class="1004" name="zext_ln42_1_fu_1591">
<pin_list>
<pin id="1592" dir="0" index="0" bw="8" slack="0"/>
<pin id="1593" dir="1" index="1" bw="13" slack="0"/>
</pin_list>
<bind>
<opcode="zext(34) " fcode="zext"/>
<opset="zext_ln42_1/3 "/>
</bind>
</comp>

<comp id="1595" class="1004" name="pixel_4_fu_1595">
<pin_list>
<pin id="1596" dir="0" index="0" bw="8" slack="0"/>
<pin id="1597" dir="0" index="1" bw="5" slack="0"/>
<pin id="1598" dir="0" index="2" bw="8" slack="0"/>
<pin id="1599" dir="0" index="3" bw="5" slack="0"/>
<pin id="1600" dir="0" index="4" bw="8" slack="0"/>
<pin id="1601" dir="0" index="5" bw="5" slack="0"/>
<pin id="1602" dir="0" index="6" bw="8" slack="0"/>
<pin id="1603" dir="0" index="7" bw="5" slack="0"/>
<pin id="1604" dir="0" index="8" bw="8" slack="0"/>
<pin id="1605" dir="0" index="9" bw="5" slack="0"/>
<pin id="1606" dir="0" index="10" bw="8" slack="0"/>
<pin id="1607" dir="0" index="11" bw="5" slack="0"/>
<pin id="1608" dir="0" index="12" bw="8" slack="0"/>
<pin id="1609" dir="0" index="13" bw="5" slack="0"/>
<pin id="1610" dir="0" index="14" bw="8" slack="0"/>
<pin id="1611" dir="0" index="15" bw="5" slack="0"/>
<pin id="1612" dir="0" index="16" bw="8" slack="0"/>
<pin id="1613" dir="0" index="17" bw="5" slack="0"/>
<pin id="1614" dir="0" index="18" bw="8" slack="0"/>
<pin id="1615" dir="0" index="19" bw="5" slack="0"/>
<pin id="1616" dir="0" index="20" bw="8" slack="0"/>
<pin id="1617" dir="0" index="21" bw="5" slack="0"/>
<pin id="1618" dir="0" index="22" bw="8" slack="0"/>
<pin id="1619" dir="0" index="23" bw="5" slack="0"/>
<pin id="1620" dir="0" index="24" bw="8" slack="0"/>
<pin id="1621" dir="0" index="25" bw="5" slack="0"/>
<pin id="1622" dir="0" index="26" bw="8" slack="0"/>
<pin id="1623" dir="0" index="27" bw="5" slack="0"/>
<pin id="1624" dir="0" index="28" bw="8" slack="0"/>
<pin id="1625" dir="0" index="29" bw="5" slack="0"/>
<pin id="1626" dir="0" index="30" bw="8" slack="0"/>
<pin id="1627" dir="0" index="31" bw="5" slack="0"/>
<pin id="1628" dir="0" index="32" bw="8" slack="0"/>
<pin id="1629" dir="0" index="33" bw="5" slack="0"/>
<pin id="1630" dir="0" index="34" bw="8" slack="0"/>
<pin id="1631" dir="0" index="35" bw="5" slack="0"/>
<pin id="1632" dir="0" index="36" bw="8" slack="0"/>
<pin id="1633" dir="0" index="37" bw="5" slack="0"/>
<pin id="1634" dir="0" index="38" bw="8" slack="0"/>
<pin id="1635" dir="0" index="39" bw="5" slack="0"/>
<pin id="1636" dir="0" index="40" bw="8" slack="0"/>
<pin id="1637" dir="0" index="41" bw="5" slack="0"/>
<pin id="1638" dir="0" index="42" bw="8" slack="0"/>
<pin id="1639" dir="0" index="43" bw="5" slack="0"/>
<pin id="1640" dir="0" index="44" bw="8" slack="0"/>
<pin id="1641" dir="0" index="45" bw="5" slack="0"/>
<pin id="1642" dir="0" index="46" bw="8" slack="0"/>
<pin id="1643" dir="0" index="47" bw="5" slack="0"/>
<pin id="1644" dir="0" index="48" bw="8" slack="0"/>
<pin id="1645" dir="0" index="49" bw="5" slack="0"/>
<pin id="1646" dir="0" index="50" bw="8" slack="0"/>
<pin id="1647" dir="0" index="51" bw="5" slack="0"/>
<pin id="1648" dir="0" index="52" bw="8" slack="0"/>
<pin id="1649" dir="0" index="53" bw="5" slack="0"/>
<pin id="1650" dir="0" index="54" bw="8" slack="0"/>
<pin id="1651" dir="0" index="55" bw="5" slack="0"/>
<pin id="1652" dir="0" index="56" bw="8" slack="0"/>
<pin id="1653" dir="0" index="57" bw="5" slack="0"/>
<pin id="1654" dir="0" index="58" bw="8" slack="0"/>
<pin id="1655" dir="0" index="59" bw="5" slack="0"/>
<pin id="1656" dir="0" index="60" bw="8" slack="0"/>
<pin id="1657" dir="0" index="61" bw="5" slack="0"/>
<pin id="1658" dir="0" index="62" bw="8" slack="0"/>
<pin id="1659" dir="0" index="63" bw="5" slack="0"/>
<pin id="1660" dir="0" index="64" bw="8" slack="0"/>
<pin id="1661" dir="0" index="65" bw="8" slack="0"/>
<pin id="1662" dir="0" index="66" bw="5" slack="3"/>
<pin id="1663" dir="1" index="67" bw="8" slack="0"/>
</pin_list>
<bind>
<opcode="sparsemux(1197) " fcode="sparsemux"/>
<opset="pixel_4/4 "/>
</bind>
</comp>

<comp id="1730" class="1004" name="pixel_5_fu_1730">
<pin_list>
<pin id="1731" dir="0" index="0" bw="8" slack="0"/>
<pin id="1732" dir="0" index="1" bw="5" slack="0"/>
<pin id="1733" dir="0" index="2" bw="8" slack="0"/>
<pin id="1734" dir="0" index="3" bw="5" slack="0"/>
<pin id="1735" dir="0" index="4" bw="8" slack="0"/>
<pin id="1736" dir="0" index="5" bw="5" slack="0"/>
<pin id="1737" dir="0" index="6" bw="8" slack="0"/>
<pin id="1738" dir="0" index="7" bw="5" slack="0"/>
<pin id="1739" dir="0" index="8" bw="8" slack="0"/>
<pin id="1740" dir="0" index="9" bw="5" slack="0"/>
<pin id="1741" dir="0" index="10" bw="8" slack="0"/>
<pin id="1742" dir="0" index="11" bw="5" slack="0"/>
<pin id="1743" dir="0" index="12" bw="8" slack="0"/>
<pin id="1744" dir="0" index="13" bw="5" slack="0"/>
<pin id="1745" dir="0" index="14" bw="8" slack="0"/>
<pin id="1746" dir="0" index="15" bw="5" slack="0"/>
<pin id="1747" dir="0" index="16" bw="8" slack="0"/>
<pin id="1748" dir="0" index="17" bw="5" slack="0"/>
<pin id="1749" dir="0" index="18" bw="8" slack="0"/>
<pin id="1750" dir="0" index="19" bw="5" slack="0"/>
<pin id="1751" dir="0" index="20" bw="8" slack="0"/>
<pin id="1752" dir="0" index="21" bw="5" slack="0"/>
<pin id="1753" dir="0" index="22" bw="8" slack="0"/>
<pin id="1754" dir="0" index="23" bw="5" slack="0"/>
<pin id="1755" dir="0" index="24" bw="8" slack="0"/>
<pin id="1756" dir="0" index="25" bw="5" slack="0"/>
<pin id="1757" dir="0" index="26" bw="8" slack="0"/>
<pin id="1758" dir="0" index="27" bw="5" slack="0"/>
<pin id="1759" dir="0" index="28" bw="8" slack="0"/>
<pin id="1760" dir="0" index="29" bw="5" slack="0"/>
<pin id="1761" dir="0" index="30" bw="8" slack="0"/>
<pin id="1762" dir="0" index="31" bw="5" slack="0"/>
<pin id="1763" dir="0" index="32" bw="8" slack="0"/>
<pin id="1764" dir="0" index="33" bw="5" slack="0"/>
<pin id="1765" dir="0" index="34" bw="8" slack="0"/>
<pin id="1766" dir="0" index="35" bw="5" slack="0"/>
<pin id="1767" dir="0" index="36" bw="8" slack="0"/>
<pin id="1768" dir="0" index="37" bw="5" slack="0"/>
<pin id="1769" dir="0" index="38" bw="8" slack="0"/>
<pin id="1770" dir="0" index="39" bw="5" slack="0"/>
<pin id="1771" dir="0" index="40" bw="8" slack="0"/>
<pin id="1772" dir="0" index="41" bw="5" slack="0"/>
<pin id="1773" dir="0" index="42" bw="8" slack="0"/>
<pin id="1774" dir="0" index="43" bw="5" slack="0"/>
<pin id="1775" dir="0" index="44" bw="8" slack="0"/>
<pin id="1776" dir="0" index="45" bw="5" slack="0"/>
<pin id="1777" dir="0" index="46" bw="8" slack="0"/>
<pin id="1778" dir="0" index="47" bw="5" slack="0"/>
<pin id="1779" dir="0" index="48" bw="8" slack="0"/>
<pin id="1780" dir="0" index="49" bw="5" slack="0"/>
<pin id="1781" dir="0" index="50" bw="8" slack="0"/>
<pin id="1782" dir="0" index="51" bw="5" slack="0"/>
<pin id="1783" dir="0" index="52" bw="8" slack="0"/>
<pin id="1784" dir="0" index="53" bw="5" slack="0"/>
<pin id="1785" dir="0" index="54" bw="8" slack="0"/>
<pin id="1786" dir="0" index="55" bw="5" slack="0"/>
<pin id="1787" dir="0" index="56" bw="8" slack="0"/>
<pin id="1788" dir="0" index="57" bw="5" slack="0"/>
<pin id="1789" dir="0" index="58" bw="8" slack="0"/>
<pin id="1790" dir="0" index="59" bw="5" slack="0"/>
<pin id="1791" dir="0" index="60" bw="8" slack="0"/>
<pin id="1792" dir="0" index="61" bw="5" slack="0"/>
<pin id="1793" dir="0" index="62" bw="8" slack="0"/>
<pin id="1794" dir="0" index="63" bw="5" slack="0"/>
<pin id="1795" dir="0" index="64" bw="8" slack="0"/>
<pin id="1796" dir="0" index="65" bw="8" slack="0"/>
<pin id="1797" dir="0" index="66" bw="5" slack="3"/>
<pin id="1798" dir="1" index="67" bw="8" slack="1"/>
</pin_list>
<bind>
<opcode="sparsemux(1197) " fcode="sparsemux"/>
<opset="pixel_5/4 "/>
</bind>
</comp>

<comp id="1865" class="1004" name="zext_ln43_fu_1865">
<pin_list>
<pin id="1866" dir="0" index="0" bw="8" slack="0"/>
<pin id="1867" dir="1" index="1" bw="16" slack="0"/>
</pin_list>
<bind>
<opcode="zext(34) " fcode="zext"/>
<opset="zext_ln43/4 "/>
</bind>
</comp>

<comp id="1869" class="1004" name="zext_ln42_fu_1869">
<pin_list>
<pin id="1870" dir="0" index="0" bw="8" slack="1"/>
<pin id="1871" dir="1" index="1" bw="15" slack="0"/>
</pin_list>
<bind>
<opcode="zext(34) " fcode="zext"/>
<opset="zext_ln42/5 "/>
</bind>
</comp>

<comp id="1872" class="1004" name="mul_ln42_fu_1872">
<pin_list>
<pin id="1873" dir="0" index="0" bw="8" slack="0"/>
<pin id="1874" dir="0" index="1" bw="8" slack="0"/>
<pin id="1875" dir="1" index="2" bw="15" slack="0"/>
</pin_list>
<bind>
<opcode="mul(12) " fcode="mul"/>
<opset="mul_ln42/5 "/>
</bind>
</comp>

<comp id="1878" class="1004" name="zext_ln42_3_fu_1878">
<pin_list>
<pin id="1879" dir="0" index="0" bw="15" slack="0"/>
<pin id="1880" dir="1" index="1" bw="16" slack="0"/>
</pin_list>
<bind>
<opcode="zext(34) " fcode="zext"/>
<opset="zext_ln42_3/6 "/>
</bind>
</comp>

<comp id="1881" class="1004" name="p_0_fu_1881">
<pin_list>
<pin id="1882" dir="0" index="0" bw="8" slack="0"/>
<pin id="1883" dir="0" index="1" bw="16" slack="0"/>
<pin id="1884" dir="0" index="2" bw="5" slack="0"/>
<pin id="1885" dir="0" index="3" bw="5" slack="0"/>
<pin id="1886" dir="1" index="4" bw="8" slack="0"/>
</pin_list>
<bind>
<opcode="partselect(1002) " fcode="partselect"/>
<opset="p_0/7 "/>
</bind>
</comp>

<comp id="1891" class="1007" name="grp_fu_1891">
<pin_list>
<pin id="1892" dir="0" index="0" bw="8" slack="0"/>
<pin id="1893" dir="0" index="1" bw="5" slack="0"/>
<pin id="1894" dir="0" index="2" bw="15" slack="0"/>
<pin id="1895" dir="1" index="3" bw="15" slack="0"/>
</pin_list>
<bind>
<opcode="muladd(1172) " fcode="muladd"/>
<opset="mul_ln42_3/3 zext_ln42_2/5 add_ln42/5 "/>
</bind>
</comp>

<comp id="1900" class="1007" name="grp_fu_1900">
<pin_list>
<pin id="1901" dir="0" index="0" bw="8" slack="0"/>
<pin id="1902" dir="0" index="1" bw="8" slack="0"/>
<pin id="1903" dir="0" index="2" bw="15" slack="0"/>
<pin id="1904" dir="1" index="3" bw="16" slack="0"/>
</pin_list>
<bind>
<opcode="muladd(1172) " fcode="muladd"/>
<opset="mul_ln42_2/4 gray/6 "/>
</bind>
</comp>

<comp id="1909" class="1005" name="column_reg_1909">
<pin_list>
<pin id="1910" dir="0" index="0" bw="10" slack="0"/>
<pin id="1911" dir="1" index="1" bw="10" slack="0"/>
</pin_list>
<bind>
<opset="column "/>
</bind>
</comp>

<comp id="1916" class="1005" name="column_13_reg_1916">
<pin_list>
<pin id="1917" dir="0" index="0" bw="10" slack="1"/>
<pin id="1918" dir="1" index="1" bw="10" slack="1"/>
</pin_list>
<bind>
<opset="column_13 "/>
</bind>
</comp>

<comp id="1922" class="1005" name="icmp_ln32_reg_1922">
<pin_list>
<pin id="1923" dir="0" index="0" bw="1" slack="5"/>
<pin id="1924" dir="1" index="1" bw="1" slack="2147483647"/>
</pin_list>
<bind>
<opset="icmp_ln32 "/>
</bind>
</comp>

<comp id="1926" class="1005" name="trunc_ln32_reg_1926">
<pin_list>
<pin id="1927" dir="0" index="0" bw="5" slack="1"/>
<pin id="1928" dir="1" index="1" bw="5" slack="2"/>
</pin_list>
<bind>
<opset="trunc_ln32 "/>
</bind>
</comp>

<comp id="1933" class="1005" name="sub_ln36_reg_1933">
<pin_list>
<pin id="1934" dir="0" index="0" bw="11" slack="1"/>
<pin id="1935" dir="1" index="1" bw="11" slack="1"/>
</pin_list>
<bind>
<opset="sub_ln36 "/>
</bind>
</comp>

<comp id="1939" class="1005" name="row_bytes_addr_reg_1939">
<pin_list>
<pin id="1940" dir="0" index="0" bw="6" slack="1"/>
<pin id="1941" dir="1" index="1" bw="6" slack="1"/>
</pin_list>
<bind>
<opset="row_bytes_addr "/>
</bind>
</comp>

<comp id="1944" class="1005" name="row_bytes_1_addr_reg_1944">
<pin_list>
<pin id="1945" dir="0" index="0" bw="6" slack="1"/>
<pin id="1946" dir="1" index="1" bw="6" slack="1"/>
</pin_list>
<bind>
<opset="row_bytes_1_addr "/>
</bind>
</comp>

<comp id="1949" class="1005" name="row_bytes_2_addr_reg_1949">
<pin_list>
<pin id="1950" dir="0" index="0" bw="6" slack="1"/>
<pin id="1951" dir="1" index="1" bw="6" slack="1"/>
</pin_list>
<bind>
<opset="row_bytes_2_addr "/>
</bind>
</comp>

<comp id="1954" class="1005" name="row_bytes_3_addr_reg_1954">
<pin_list>
<pin id="1955" dir="0" index="0" bw="6" slack="1"/>
<pin id="1956" dir="1" index="1" bw="6" slack="1"/>
</pin_list>
<bind>
<opset="row_bytes_3_addr "/>
</bind>
</comp>

<comp id="1959" class="1005" name="row_bytes_4_addr_reg_1959">
<pin_list>
<pin id="1960" dir="0" index="0" bw="6" slack="1"/>
<pin id="1961" dir="1" index="1" bw="6" slack="1"/>
</pin_list>
<bind>
<opset="row_bytes_4_addr "/>
</bind>
</comp>

<comp id="1964" class="1005" name="row_bytes_5_addr_reg_1964">
<pin_list>
<pin id="1965" dir="0" index="0" bw="6" slack="1"/>
<pin id="1966" dir="1" index="1" bw="6" slack="1"/>
</pin_list>
<bind>
<opset="row_bytes_5_addr "/>
</bind>
</comp>

<comp id="1969" class="1005" name="row_bytes_6_addr_reg_1969">
<pin_list>
<pin id="1970" dir="0" index="0" bw="6" slack="1"/>
<pin id="1971" dir="1" index="1" bw="6" slack="1"/>
</pin_list>
<bind>
<opset="row_bytes_6_addr "/>
</bind>
</comp>

<comp id="1974" class="1005" name="row_bytes_7_addr_reg_1974">
<pin_list>
<pin id="1975" dir="0" index="0" bw="6" slack="1"/>
<pin id="1976" dir="1" index="1" bw="6" slack="1"/>
</pin_list>
<bind>
<opset="row_bytes_7_addr "/>
</bind>
</comp>

<comp id="1979" class="1005" name="row_bytes_8_addr_reg_1979">
<pin_list>
<pin id="1980" dir="0" index="0" bw="6" slack="1"/>
<pin id="1981" dir="1" index="1" bw="6" slack="1"/>
</pin_list>
<bind>
<opset="row_bytes_8_addr "/>
</bind>
</comp>

<comp id="1984" class="1005" name="row_bytes_9_addr_reg_1984">
<pin_list>
<pin id="1985" dir="0" index="0" bw="6" slack="1"/>
<pin id="1986" dir="1" index="1" bw="6" slack="1"/>
</pin_list>
<bind>
<opset="row_bytes_9_addr "/>
</bind>
</comp>

<comp id="1989" class="1005" name="row_bytes_10_addr_reg_1989">
<pin_list>
<pin id="1990" dir="0" index="0" bw="6" slack="1"/>
<pin id="1991" dir="1" index="1" bw="6" slack="1"/>
</pin_list>
<bind>
<opset="row_bytes_10_addr "/>
</bind>
</comp>

<comp id="1994" class="1005" name="row_bytes_11_addr_reg_1994">
<pin_list>
<pin id="1995" dir="0" index="0" bw="6" slack="1"/>
<pin id="1996" dir="1" index="1" bw="6" slack="1"/>
</pin_list>
<bind>
<opset="row_bytes_11_addr "/>
</bind>
</comp>

<comp id="1999" class="1005" name="row_bytes_12_addr_reg_1999">
<pin_list>
<pin id="2000" dir="0" index="0" bw="6" slack="1"/>
<pin id="2001" dir="1" index="1" bw="6" slack="1"/>
</pin_list>
<bind>
<opset="row_bytes_12_addr "/>
</bind>
</comp>

<comp id="2004" class="1005" name="row_bytes_13_addr_reg_2004">
<pin_list>
<pin id="2005" dir="0" index="0" bw="6" slack="1"/>
<pin id="2006" dir="1" index="1" bw="6" slack="1"/>
</pin_list>
<bind>
<opset="row_bytes_13_addr "/>
</bind>
</comp>

<comp id="2009" class="1005" name="row_bytes_14_addr_reg_2009">
<pin_list>
<pin id="2010" dir="0" index="0" bw="6" slack="1"/>
<pin id="2011" dir="1" index="1" bw="6" slack="1"/>
</pin_list>
<bind>
<opset="row_bytes_14_addr "/>
</bind>
</comp>

<comp id="2014" class="1005" name="row_bytes_15_addr_reg_2014">
<pin_list>
<pin id="2015" dir="0" index="0" bw="6" slack="1"/>
<pin id="2016" dir="1" index="1" bw="6" slack="1"/>
</pin_list>
<bind>
<opset="row_bytes_15_addr "/>
</bind>
</comp>

<comp id="2019" class="1005" name="row_bytes_16_addr_reg_2019">
<pin_list>
<pin id="2020" dir="0" index="0" bw="6" slack="1"/>
<pin id="2021" dir="1" index="1" bw="6" slack="1"/>
</pin_list>
<bind>
<opset="row_bytes_16_addr "/>
</bind>
</comp>

<comp id="2024" class="1005" name="row_bytes_17_addr_reg_2024">
<pin_list>
<pin id="2025" dir="0" index="0" bw="6" slack="1"/>
<pin id="2026" dir="1" index="1" bw="6" slack="1"/>
</pin_list>
<bind>
<opset="row_bytes_17_addr "/>
</bind>
</comp>

<comp id="2029" class="1005" name="row_bytes_18_addr_reg_2029">
<pin_list>
<pin id="2030" dir="0" index="0" bw="6" slack="1"/>
<pin id="2031" dir="1" index="1" bw="6" slack="1"/>
</pin_list>
<bind>
<opset="row_bytes_18_addr "/>
</bind>
</comp>

<comp id="2034" class="1005" name="row_bytes_19_addr_reg_2034">
<pin_list>
<pin id="2035" dir="0" index="0" bw="6" slack="1"/>
<pin id="2036" dir="1" index="1" bw="6" slack="1"/>
</pin_list>
<bind>
<opset="row_bytes_19_addr "/>
</bind>
</comp>

<comp id="2039" class="1005" name="row_bytes_20_addr_reg_2039">
<pin_list>
<pin id="2040" dir="0" index="0" bw="6" slack="1"/>
<pin id="2041" dir="1" index="1" bw="6" slack="1"/>
</pin_list>
<bind>
<opset="row_bytes_20_addr "/>
</bind>
</comp>

<comp id="2044" class="1005" name="row_bytes_21_addr_reg_2044">
<pin_list>
<pin id="2045" dir="0" index="0" bw="6" slack="1"/>
<pin id="2046" dir="1" index="1" bw="6" slack="1"/>
</pin_list>
<bind>
<opset="row_bytes_21_addr "/>
</bind>
</comp>

<comp id="2049" class="1005" name="row_bytes_22_addr_reg_2049">
<pin_list>
<pin id="2050" dir="0" index="0" bw="6" slack="1"/>
<pin id="2051" dir="1" index="1" bw="6" slack="1"/>
</pin_list>
<bind>
<opset="row_bytes_22_addr "/>
</bind>
</comp>

<comp id="2054" class="1005" name="row_bytes_23_addr_reg_2054">
<pin_list>
<pin id="2055" dir="0" index="0" bw="6" slack="1"/>
<pin id="2056" dir="1" index="1" bw="6" slack="1"/>
</pin_list>
<bind>
<opset="row_bytes_23_addr "/>
</bind>
</comp>

<comp id="2059" class="1005" name="row_bytes_24_addr_reg_2059">
<pin_list>
<pin id="2060" dir="0" index="0" bw="6" slack="1"/>
<pin id="2061" dir="1" index="1" bw="6" slack="1"/>
</pin_list>
<bind>
<opset="row_bytes_24_addr "/>
</bind>
</comp>

<comp id="2064" class="1005" name="row_bytes_25_addr_reg_2064">
<pin_list>
<pin id="2065" dir="0" index="0" bw="6" slack="1"/>
<pin id="2066" dir="1" index="1" bw="6" slack="1"/>
</pin_list>
<bind>
<opset="row_bytes_25_addr "/>
</bind>
</comp>

<comp id="2069" class="1005" name="row_bytes_26_addr_reg_2069">
<pin_list>
<pin id="2070" dir="0" index="0" bw="6" slack="1"/>
<pin id="2071" dir="1" index="1" bw="6" slack="1"/>
</pin_list>
<bind>
<opset="row_bytes_26_addr "/>
</bind>
</comp>

<comp id="2074" class="1005" name="row_bytes_27_addr_reg_2074">
<pin_list>
<pin id="2075" dir="0" index="0" bw="6" slack="1"/>
<pin id="2076" dir="1" index="1" bw="6" slack="1"/>
</pin_list>
<bind>
<opset="row_bytes_27_addr "/>
</bind>
</comp>

<comp id="2079" class="1005" name="row_bytes_28_addr_reg_2079">
<pin_list>
<pin id="2080" dir="0" index="0" bw="6" slack="1"/>
<pin id="2081" dir="1" index="1" bw="6" slack="1"/>
</pin_list>
<bind>
<opset="row_bytes_28_addr "/>
</bind>
</comp>

<comp id="2084" class="1005" name="row_bytes_29_addr_reg_2084">
<pin_list>
<pin id="2085" dir="0" index="0" bw="6" slack="1"/>
<pin id="2086" dir="1" index="1" bw="6" slack="1"/>
</pin_list>
<bind>
<opset="row_bytes_29_addr "/>
</bind>
</comp>

<comp id="2089" class="1005" name="row_bytes_30_addr_reg_2089">
<pin_list>
<pin id="2090" dir="0" index="0" bw="6" slack="1"/>
<pin id="2091" dir="1" index="1" bw="6" slack="1"/>
</pin_list>
<bind>
<opset="row_bytes_30_addr "/>
</bind>
</comp>

<comp id="2094" class="1005" name="row_bytes_31_addr_reg_2094">
<pin_list>
<pin id="2095" dir="0" index="0" bw="6" slack="1"/>
<pin id="2096" dir="1" index="1" bw="6" slack="1"/>
</pin_list>
<bind>
<opset="row_bytes_31_addr "/>
</bind>
</comp>

<comp id="2099" class="1005" name="row_bytes_addr_1_reg_2099">
<pin_list>
<pin id="2100" dir="0" index="0" bw="6" slack="1"/>
<pin id="2101" dir="1" index="1" bw="6" slack="1"/>
</pin_list>
<bind>
<opset="row_bytes_addr_1 "/>
</bind>
</comp>

<comp id="2104" class="1005" name="row_bytes_1_addr_1_reg_2104">
<pin_list>
<pin id="2105" dir="0" index="0" bw="6" slack="1"/>
<pin id="2106" dir="1" index="1" bw="6" slack="1"/>
</pin_list>
<bind>
<opset="row_bytes_1_addr_1 "/>
</bind>
</comp>

<comp id="2109" class="1005" name="row_bytes_2_addr_1_reg_2109">
<pin_list>
<pin id="2110" dir="0" index="0" bw="6" slack="1"/>
<pin id="2111" dir="1" index="1" bw="6" slack="1"/>
</pin_list>
<bind>
<opset="row_bytes_2_addr_1 "/>
</bind>
</comp>

<comp id="2114" class="1005" name="row_bytes_3_addr_1_reg_2114">
<pin_list>
<pin id="2115" dir="0" index="0" bw="6" slack="1"/>
<pin id="2116" dir="1" index="1" bw="6" slack="1"/>
</pin_list>
<bind>
<opset="row_bytes_3_addr_1 "/>
</bind>
</comp>

<comp id="2119" class="1005" name="row_bytes_4_addr_1_reg_2119">
<pin_list>
<pin id="2120" dir="0" index="0" bw="6" slack="1"/>
<pin id="2121" dir="1" index="1" bw="6" slack="1"/>
</pin_list>
<bind>
<opset="row_bytes_4_addr_1 "/>
</bind>
</comp>

<comp id="2124" class="1005" name="row_bytes_5_addr_1_reg_2124">
<pin_list>
<pin id="2125" dir="0" index="0" bw="6" slack="1"/>
<pin id="2126" dir="1" index="1" bw="6" slack="1"/>
</pin_list>
<bind>
<opset="row_bytes_5_addr_1 "/>
</bind>
</comp>

<comp id="2129" class="1005" name="row_bytes_6_addr_1_reg_2129">
<pin_list>
<pin id="2130" dir="0" index="0" bw="6" slack="1"/>
<pin id="2131" dir="1" index="1" bw="6" slack="1"/>
</pin_list>
<bind>
<opset="row_bytes_6_addr_1 "/>
</bind>
</comp>

<comp id="2134" class="1005" name="row_bytes_7_addr_1_reg_2134">
<pin_list>
<pin id="2135" dir="0" index="0" bw="6" slack="1"/>
<pin id="2136" dir="1" index="1" bw="6" slack="1"/>
</pin_list>
<bind>
<opset="row_bytes_7_addr_1 "/>
</bind>
</comp>

<comp id="2139" class="1005" name="row_bytes_8_addr_1_reg_2139">
<pin_list>
<pin id="2140" dir="0" index="0" bw="6" slack="1"/>
<pin id="2141" dir="1" index="1" bw="6" slack="1"/>
</pin_list>
<bind>
<opset="row_bytes_8_addr_1 "/>
</bind>
</comp>

<comp id="2144" class="1005" name="row_bytes_9_addr_1_reg_2144">
<pin_list>
<pin id="2145" dir="0" index="0" bw="6" slack="1"/>
<pin id="2146" dir="1" index="1" bw="6" slack="1"/>
</pin_list>
<bind>
<opset="row_bytes_9_addr_1 "/>
</bind>
</comp>

<comp id="2149" class="1005" name="row_bytes_10_addr_1_reg_2149">
<pin_list>
<pin id="2150" dir="0" index="0" bw="6" slack="1"/>
<pin id="2151" dir="1" index="1" bw="6" slack="1"/>
</pin_list>
<bind>
<opset="row_bytes_10_addr_1 "/>
</bind>
</comp>

<comp id="2154" class="1005" name="row_bytes_11_addr_1_reg_2154">
<pin_list>
<pin id="2155" dir="0" index="0" bw="6" slack="1"/>
<pin id="2156" dir="1" index="1" bw="6" slack="1"/>
</pin_list>
<bind>
<opset="row_bytes_11_addr_1 "/>
</bind>
</comp>

<comp id="2159" class="1005" name="row_bytes_12_addr_1_reg_2159">
<pin_list>
<pin id="2160" dir="0" index="0" bw="6" slack="1"/>
<pin id="2161" dir="1" index="1" bw="6" slack="1"/>
</pin_list>
<bind>
<opset="row_bytes_12_addr_1 "/>
</bind>
</comp>

<comp id="2164" class="1005" name="row_bytes_13_addr_1_reg_2164">
<pin_list>
<pin id="2165" dir="0" index="0" bw="6" slack="1"/>
<pin id="2166" dir="1" index="1" bw="6" slack="1"/>
</pin_list>
<bind>
<opset="row_bytes_13_addr_1 "/>
</bind>
</comp>

<comp id="2169" class="1005" name="row_bytes_14_addr_1_reg_2169">
<pin_list>
<pin id="2170" dir="0" index="0" bw="6" slack="1"/>
<pin id="2171" dir="1" index="1" bw="6" slack="1"/>
</pin_list>
<bind>
<opset="row_bytes_14_addr_1 "/>
</bind>
</comp>

<comp id="2174" class="1005" name="row_bytes_15_addr_1_reg_2174">
<pin_list>
<pin id="2175" dir="0" index="0" bw="6" slack="1"/>
<pin id="2176" dir="1" index="1" bw="6" slack="1"/>
</pin_list>
<bind>
<opset="row_bytes_15_addr_1 "/>
</bind>
</comp>

<comp id="2179" class="1005" name="row_bytes_16_addr_1_reg_2179">
<pin_list>
<pin id="2180" dir="0" index="0" bw="6" slack="1"/>
<pin id="2181" dir="1" index="1" bw="6" slack="1"/>
</pin_list>
<bind>
<opset="row_bytes_16_addr_1 "/>
</bind>
</comp>

<comp id="2184" class="1005" name="row_bytes_17_addr_1_reg_2184">
<pin_list>
<pin id="2185" dir="0" index="0" bw="6" slack="1"/>
<pin id="2186" dir="1" index="1" bw="6" slack="1"/>
</pin_list>
<bind>
<opset="row_bytes_17_addr_1 "/>
</bind>
</comp>

<comp id="2189" class="1005" name="row_bytes_18_addr_1_reg_2189">
<pin_list>
<pin id="2190" dir="0" index="0" bw="6" slack="1"/>
<pin id="2191" dir="1" index="1" bw="6" slack="1"/>
</pin_list>
<bind>
<opset="row_bytes_18_addr_1 "/>
</bind>
</comp>

<comp id="2194" class="1005" name="row_bytes_19_addr_1_reg_2194">
<pin_list>
<pin id="2195" dir="0" index="0" bw="6" slack="1"/>
<pin id="2196" dir="1" index="1" bw="6" slack="1"/>
</pin_list>
<bind>
<opset="row_bytes_19_addr_1 "/>
</bind>
</comp>

<comp id="2199" class="1005" name="row_bytes_20_addr_1_reg_2199">
<pin_list>
<pin id="2200" dir="0" index="0" bw="6" slack="1"/>
<pin id="2201" dir="1" index="1" bw="6" slack="1"/>
</pin_list>
<bind>
<opset="row_bytes_20_addr_1 "/>
</bind>
</comp>

<comp id="2204" class="1005" name="row_bytes_21_addr_1_reg_2204">
<pin_list>
<pin id="2205" dir="0" index="0" bw="6" slack="1"/>
<pin id="2206" dir="1" index="1" bw="6" slack="1"/>
</pin_list>
<bind>
<opset="row_bytes_21_addr_1 "/>
</bind>
</comp>

<comp id="2209" class="1005" name="row_bytes_22_addr_1_reg_2209">
<pin_list>
<pin id="2210" dir="0" index="0" bw="6" slack="1"/>
<pin id="2211" dir="1" index="1" bw="6" slack="1"/>
</pin_list>
<bind>
<opset="row_bytes_22_addr_1 "/>
</bind>
</comp>

<comp id="2214" class="1005" name="row_bytes_23_addr_1_reg_2214">
<pin_list>
<pin id="2215" dir="0" index="0" bw="6" slack="1"/>
<pin id="2216" dir="1" index="1" bw="6" slack="1"/>
</pin_list>
<bind>
<opset="row_bytes_23_addr_1 "/>
</bind>
</comp>

<comp id="2219" class="1005" name="row_bytes_24_addr_1_reg_2219">
<pin_list>
<pin id="2220" dir="0" index="0" bw="6" slack="1"/>
<pin id="2221" dir="1" index="1" bw="6" slack="1"/>
</pin_list>
<bind>
<opset="row_bytes_24_addr_1 "/>
</bind>
</comp>

<comp id="2224" class="1005" name="row_bytes_25_addr_1_reg_2224">
<pin_list>
<pin id="2225" dir="0" index="0" bw="6" slack="1"/>
<pin id="2226" dir="1" index="1" bw="6" slack="1"/>
</pin_list>
<bind>
<opset="row_bytes_25_addr_1 "/>
</bind>
</comp>

<comp id="2229" class="1005" name="row_bytes_26_addr_1_reg_2229">
<pin_list>
<pin id="2230" dir="0" index="0" bw="6" slack="1"/>
<pin id="2231" dir="1" index="1" bw="6" slack="1"/>
</pin_list>
<bind>
<opset="row_bytes_26_addr_1 "/>
</bind>
</comp>

<comp id="2234" class="1005" name="row_bytes_27_addr_1_reg_2234">
<pin_list>
<pin id="2235" dir="0" index="0" bw="6" slack="1"/>
<pin id="2236" dir="1" index="1" bw="6" slack="1"/>
</pin_list>
<bind>
<opset="row_bytes_27_addr_1 "/>
</bind>
</comp>

<comp id="2239" class="1005" name="row_bytes_28_addr_1_reg_2239">
<pin_list>
<pin id="2240" dir="0" index="0" bw="6" slack="1"/>
<pin id="2241" dir="1" index="1" bw="6" slack="1"/>
</pin_list>
<bind>
<opset="row_bytes_28_addr_1 "/>
</bind>
</comp>

<comp id="2244" class="1005" name="row_bytes_29_addr_1_reg_2244">
<pin_list>
<pin id="2245" dir="0" index="0" bw="6" slack="1"/>
<pin id="2246" dir="1" index="1" bw="6" slack="1"/>
</pin_list>
<bind>
<opset="row_bytes_29_addr_1 "/>
</bind>
</comp>

<comp id="2249" class="1005" name="row_bytes_30_addr_1_reg_2249">
<pin_list>
<pin id="2250" dir="0" index="0" bw="6" slack="1"/>
<pin id="2251" dir="1" index="1" bw="6" slack="1"/>
</pin_list>
<bind>
<opset="row_bytes_30_addr_1 "/>
</bind>
</comp>

<comp id="2254" class="1005" name="row_bytes_31_addr_1_reg_2254">
<pin_list>
<pin id="2255" dir="0" index="0" bw="6" slack="1"/>
<pin id="2256" dir="1" index="1" bw="6" slack="1"/>
</pin_list>
<bind>
<opset="row_bytes_31_addr_1 "/>
</bind>
</comp>

<comp id="2259" class="1005" name="row_bytes_addr_2_reg_2259">
<pin_list>
<pin id="2260" dir="0" index="0" bw="6" slack="1"/>
<pin id="2261" dir="1" index="1" bw="6" slack="1"/>
</pin_list>
<bind>
<opset="row_bytes_addr_2 "/>
</bind>
</comp>

<comp id="2264" class="1005" name="row_bytes_1_addr_2_reg_2264">
<pin_list>
<pin id="2265" dir="0" index="0" bw="6" slack="1"/>
<pin id="2266" dir="1" index="1" bw="6" slack="1"/>
</pin_list>
<bind>
<opset="row_bytes_1_addr_2 "/>
</bind>
</comp>

<comp id="2269" class="1005" name="row_bytes_2_addr_2_reg_2269">
<pin_list>
<pin id="2270" dir="0" index="0" bw="6" slack="1"/>
<pin id="2271" dir="1" index="1" bw="6" slack="1"/>
</pin_list>
<bind>
<opset="row_bytes_2_addr_2 "/>
</bind>
</comp>

<comp id="2274" class="1005" name="row_bytes_3_addr_2_reg_2274">
<pin_list>
<pin id="2275" dir="0" index="0" bw="6" slack="1"/>
<pin id="2276" dir="1" index="1" bw="6" slack="1"/>
</pin_list>
<bind>
<opset="row_bytes_3_addr_2 "/>
</bind>
</comp>

<comp id="2279" class="1005" name="row_bytes_4_addr_2_reg_2279">
<pin_list>
<pin id="2280" dir="0" index="0" bw="6" slack="1"/>
<pin id="2281" dir="1" index="1" bw="6" slack="1"/>
</pin_list>
<bind>
<opset="row_bytes_4_addr_2 "/>
</bind>
</comp>

<comp id="2284" class="1005" name="row_bytes_5_addr_2_reg_2284">
<pin_list>
<pin id="2285" dir="0" index="0" bw="6" slack="1"/>
<pin id="2286" dir="1" index="1" bw="6" slack="1"/>
</pin_list>
<bind>
<opset="row_bytes_5_addr_2 "/>
</bind>
</comp>

<comp id="2289" class="1005" name="row_bytes_6_addr_2_reg_2289">
<pin_list>
<pin id="2290" dir="0" index="0" bw="6" slack="1"/>
<pin id="2291" dir="1" index="1" bw="6" slack="1"/>
</pin_list>
<bind>
<opset="row_bytes_6_addr_2 "/>
</bind>
</comp>

<comp id="2294" class="1005" name="row_bytes_7_addr_2_reg_2294">
<pin_list>
<pin id="2295" dir="0" index="0" bw="6" slack="1"/>
<pin id="2296" dir="1" index="1" bw="6" slack="1"/>
</pin_list>
<bind>
<opset="row_bytes_7_addr_2 "/>
</bind>
</comp>

<comp id="2299" class="1005" name="row_bytes_8_addr_2_reg_2299">
<pin_list>
<pin id="2300" dir="0" index="0" bw="6" slack="1"/>
<pin id="2301" dir="1" index="1" bw="6" slack="1"/>
</pin_list>
<bind>
<opset="row_bytes_8_addr_2 "/>
</bind>
</comp>

<comp id="2304" class="1005" name="row_bytes_9_addr_2_reg_2304">
<pin_list>
<pin id="2305" dir="0" index="0" bw="6" slack="1"/>
<pin id="2306" dir="1" index="1" bw="6" slack="1"/>
</pin_list>
<bind>
<opset="row_bytes_9_addr_2 "/>
</bind>
</comp>

<comp id="2309" class="1005" name="row_bytes_10_addr_2_reg_2309">
<pin_list>
<pin id="2310" dir="0" index="0" bw="6" slack="1"/>
<pin id="2311" dir="1" index="1" bw="6" slack="1"/>
</pin_list>
<bind>
<opset="row_bytes_10_addr_2 "/>
</bind>
</comp>

<comp id="2314" class="1005" name="row_bytes_11_addr_2_reg_2314">
<pin_list>
<pin id="2315" dir="0" index="0" bw="6" slack="1"/>
<pin id="2316" dir="1" index="1" bw="6" slack="1"/>
</pin_list>
<bind>
<opset="row_bytes_11_addr_2 "/>
</bind>
</comp>

<comp id="2319" class="1005" name="row_bytes_12_addr_2_reg_2319">
<pin_list>
<pin id="2320" dir="0" index="0" bw="6" slack="1"/>
<pin id="2321" dir="1" index="1" bw="6" slack="1"/>
</pin_list>
<bind>
<opset="row_bytes_12_addr_2 "/>
</bind>
</comp>

<comp id="2324" class="1005" name="row_bytes_13_addr_2_reg_2324">
<pin_list>
<pin id="2325" dir="0" index="0" bw="6" slack="1"/>
<pin id="2326" dir="1" index="1" bw="6" slack="1"/>
</pin_list>
<bind>
<opset="row_bytes_13_addr_2 "/>
</bind>
</comp>

<comp id="2329" class="1005" name="row_bytes_14_addr_2_reg_2329">
<pin_list>
<pin id="2330" dir="0" index="0" bw="6" slack="1"/>
<pin id="2331" dir="1" index="1" bw="6" slack="1"/>
</pin_list>
<bind>
<opset="row_bytes_14_addr_2 "/>
</bind>
</comp>

<comp id="2334" class="1005" name="row_bytes_15_addr_2_reg_2334">
<pin_list>
<pin id="2335" dir="0" index="0" bw="6" slack="1"/>
<pin id="2336" dir="1" index="1" bw="6" slack="1"/>
</pin_list>
<bind>
<opset="row_bytes_15_addr_2 "/>
</bind>
</comp>

<comp id="2339" class="1005" name="row_bytes_16_addr_2_reg_2339">
<pin_list>
<pin id="2340" dir="0" index="0" bw="6" slack="1"/>
<pin id="2341" dir="1" index="1" bw="6" slack="1"/>
</pin_list>
<bind>
<opset="row_bytes_16_addr_2 "/>
</bind>
</comp>

<comp id="2344" class="1005" name="row_bytes_17_addr_2_reg_2344">
<pin_list>
<pin id="2345" dir="0" index="0" bw="6" slack="1"/>
<pin id="2346" dir="1" index="1" bw="6" slack="1"/>
</pin_list>
<bind>
<opset="row_bytes_17_addr_2 "/>
</bind>
</comp>

<comp id="2349" class="1005" name="row_bytes_18_addr_2_reg_2349">
<pin_list>
<pin id="2350" dir="0" index="0" bw="6" slack="1"/>
<pin id="2351" dir="1" index="1" bw="6" slack="1"/>
</pin_list>
<bind>
<opset="row_bytes_18_addr_2 "/>
</bind>
</comp>

<comp id="2354" class="1005" name="row_bytes_19_addr_2_reg_2354">
<pin_list>
<pin id="2355" dir="0" index="0" bw="6" slack="1"/>
<pin id="2356" dir="1" index="1" bw="6" slack="1"/>
</pin_list>
<bind>
<opset="row_bytes_19_addr_2 "/>
</bind>
</comp>

<comp id="2359" class="1005" name="row_bytes_20_addr_2_reg_2359">
<pin_list>
<pin id="2360" dir="0" index="0" bw="6" slack="1"/>
<pin id="2361" dir="1" index="1" bw="6" slack="1"/>
</pin_list>
<bind>
<opset="row_bytes_20_addr_2 "/>
</bind>
</comp>

<comp id="2364" class="1005" name="row_bytes_21_addr_2_reg_2364">
<pin_list>
<pin id="2365" dir="0" index="0" bw="6" slack="1"/>
<pin id="2366" dir="1" index="1" bw="6" slack="1"/>
</pin_list>
<bind>
<opset="row_bytes_21_addr_2 "/>
</bind>
</comp>

<comp id="2369" class="1005" name="row_bytes_22_addr_2_reg_2369">
<pin_list>
<pin id="2370" dir="0" index="0" bw="6" slack="1"/>
<pin id="2371" dir="1" index="1" bw="6" slack="1"/>
</pin_list>
<bind>
<opset="row_bytes_22_addr_2 "/>
</bind>
</comp>

<comp id="2374" class="1005" name="row_bytes_23_addr_2_reg_2374">
<pin_list>
<pin id="2375" dir="0" index="0" bw="6" slack="1"/>
<pin id="2376" dir="1" index="1" bw="6" slack="1"/>
</pin_list>
<bind>
<opset="row_bytes_23_addr_2 "/>
</bind>
</comp>

<comp id="2379" class="1005" name="row_bytes_24_addr_2_reg_2379">
<pin_list>
<pin id="2380" dir="0" index="0" bw="6" slack="1"/>
<pin id="2381" dir="1" index="1" bw="6" slack="1"/>
</pin_list>
<bind>
<opset="row_bytes_24_addr_2 "/>
</bind>
</comp>

<comp id="2384" class="1005" name="row_bytes_25_addr_2_reg_2384">
<pin_list>
<pin id="2385" dir="0" index="0" bw="6" slack="1"/>
<pin id="2386" dir="1" index="1" bw="6" slack="1"/>
</pin_list>
<bind>
<opset="row_bytes_25_addr_2 "/>
</bind>
</comp>

<comp id="2389" class="1005" name="row_bytes_26_addr_2_reg_2389">
<pin_list>
<pin id="2390" dir="0" index="0" bw="6" slack="1"/>
<pin id="2391" dir="1" index="1" bw="6" slack="1"/>
</pin_list>
<bind>
<opset="row_bytes_26_addr_2 "/>
</bind>
</comp>

<comp id="2394" class="1005" name="row_bytes_27_addr_2_reg_2394">
<pin_list>
<pin id="2395" dir="0" index="0" bw="6" slack="1"/>
<pin id="2396" dir="1" index="1" bw="6" slack="1"/>
</pin_list>
<bind>
<opset="row_bytes_27_addr_2 "/>
</bind>
</comp>

<comp id="2399" class="1005" name="row_bytes_28_addr_2_reg_2399">
<pin_list>
<pin id="2400" dir="0" index="0" bw="6" slack="1"/>
<pin id="2401" dir="1" index="1" bw="6" slack="1"/>
</pin_list>
<bind>
<opset="row_bytes_28_addr_2 "/>
</bind>
</comp>

<comp id="2404" class="1005" name="row_bytes_29_addr_2_reg_2404">
<pin_list>
<pin id="2405" dir="0" index="0" bw="6" slack="1"/>
<pin id="2406" dir="1" index="1" bw="6" slack="1"/>
</pin_list>
<bind>
<opset="row_bytes_29_addr_2 "/>
</bind>
</comp>

<comp id="2409" class="1005" name="row_bytes_30_addr_2_reg_2409">
<pin_list>
<pin id="2410" dir="0" index="0" bw="6" slack="1"/>
<pin id="2411" dir="1" index="1" bw="6" slack="1"/>
</pin_list>
<bind>
<opset="row_bytes_30_addr_2 "/>
</bind>
</comp>

<comp id="2414" class="1005" name="row_bytes_31_addr_2_reg_2414">
<pin_list>
<pin id="2415" dir="0" index="0" bw="6" slack="1"/>
<pin id="2416" dir="1" index="1" bw="6" slack="1"/>
</pin_list>
<bind>
<opset="row_bytes_31_addr_2 "/>
</bind>
</comp>

<comp id="2419" class="1005" name="zext_ln42_1_reg_2419">
<pin_list>
<pin id="2420" dir="0" index="0" bw="13" slack="1"/>
<pin id="2421" dir="1" index="1" bw="13" slack="1"/>
</pin_list>
<bind>
<opset="zext_ln42_1 "/>
</bind>
</comp>

<comp id="2424" class="1005" name="pixel_5_reg_2424">
<pin_list>
<pin id="2425" dir="0" index="0" bw="8" slack="1"/>
<pin id="2426" dir="1" index="1" bw="8" slack="1"/>
</pin_list>
<bind>
<opset="pixel_5 "/>
</bind>
</comp>

<comp id="2429" class="1005" name="zext_ln43_reg_2429">
<pin_list>
<pin id="2430" dir="0" index="0" bw="16" slack="1"/>
<pin id="2431" dir="1" index="1" bw="16" slack="1"/>
</pin_list>
<bind>
<opset="zext_ln43 "/>
</bind>
</comp>

<comp id="2434" class="1005" name="mul_ln42_reg_2434">
<pin_list>
<pin id="2435" dir="0" index="0" bw="15" slack="1"/>
<pin id="2436" dir="1" index="1" bw="15" slack="1"/>
</pin_list>
<bind>
<opset="mul_ln42 "/>
</bind>
</comp>

<comp id="2439" class="1005" name="zext_ln42_3_reg_2439">
<pin_list>
<pin id="2440" dir="0" index="0" bw="16" slack="1"/>
<pin id="2441" dir="1" index="1" bw="16" slack="1"/>
</pin_list>
<bind>
<opset="zext_ln42_3 "/>
</bind>
</comp>

</comp_list>

<net_list>
<net id="195"><net_src comp="66" pin="0"/><net_sink comp="192" pin=0"/></net>

<net id="201"><net_src comp="190" pin="0"/><net_sink comp="196" pin=0"/></net>

<net id="202"><net_src comp="64" pin="0"/><net_sink comp="196" pin=1"/></net>

<net id="208"><net_src comp="0" pin="0"/><net_sink comp="203" pin=0"/></net>

<net id="209"><net_src comp="94" pin="0"/><net_sink comp="203" pin=1"/></net>

<net id="215"><net_src comp="2" pin="0"/><net_sink comp="210" pin=0"/></net>

<net id="216"><net_src comp="94" pin="0"/><net_sink comp="210" pin=1"/></net>

<net id="222"><net_src comp="4" pin="0"/><net_sink comp="217" pin=0"/></net>

<net id="223"><net_src comp="94" pin="0"/><net_sink comp="217" pin=1"/></net>

<net id="229"><net_src comp="6" pin="0"/><net_sink comp="224" pin=0"/></net>

<net id="230"><net_src comp="94" pin="0"/><net_sink comp="224" pin=1"/></net>

<net id="236"><net_src comp="8" pin="0"/><net_sink comp="231" pin=0"/></net>

<net id="237"><net_src comp="94" pin="0"/><net_sink comp="231" pin=1"/></net>

<net id="243"><net_src comp="10" pin="0"/><net_sink comp="238" pin=0"/></net>

<net id="244"><net_src comp="94" pin="0"/><net_sink comp="238" pin=1"/></net>

<net id="250"><net_src comp="12" pin="0"/><net_sink comp="245" pin=0"/></net>

<net id="251"><net_src comp="94" pin="0"/><net_sink comp="245" pin=1"/></net>

<net id="257"><net_src comp="14" pin="0"/><net_sink comp="252" pin=0"/></net>

<net id="258"><net_src comp="94" pin="0"/><net_sink comp="252" pin=1"/></net>

<net id="264"><net_src comp="16" pin="0"/><net_sink comp="259" pin=0"/></net>

<net id="265"><net_src comp="94" pin="0"/><net_sink comp="259" pin=1"/></net>

<net id="271"><net_src comp="18" pin="0"/><net_sink comp="266" pin=0"/></net>

<net id="272"><net_src comp="94" pin="0"/><net_sink comp="266" pin=1"/></net>

<net id="278"><net_src comp="20" pin="0"/><net_sink comp="273" pin=0"/></net>

<net id="279"><net_src comp="94" pin="0"/><net_sink comp="273" pin=1"/></net>

<net id="285"><net_src comp="22" pin="0"/><net_sink comp="280" pin=0"/></net>

<net id="286"><net_src comp="94" pin="0"/><net_sink comp="280" pin=1"/></net>

<net id="292"><net_src comp="24" pin="0"/><net_sink comp="287" pin=0"/></net>

<net id="293"><net_src comp="94" pin="0"/><net_sink comp="287" pin=1"/></net>

<net id="299"><net_src comp="26" pin="0"/><net_sink comp="294" pin=0"/></net>

<net id="300"><net_src comp="94" pin="0"/><net_sink comp="294" pin=1"/></net>

<net id="306"><net_src comp="28" pin="0"/><net_sink comp="301" pin=0"/></net>

<net id="307"><net_src comp="94" pin="0"/><net_sink comp="301" pin=1"/></net>

<net id="313"><net_src comp="30" pin="0"/><net_sink comp="308" pin=0"/></net>

<net id="314"><net_src comp="94" pin="0"/><net_sink comp="308" pin=1"/></net>

<net id="320"><net_src comp="32" pin="0"/><net_sink comp="315" pin=0"/></net>

<net id="321"><net_src comp="94" pin="0"/><net_sink comp="315" pin=1"/></net>

<net id="327"><net_src comp="34" pin="0"/><net_sink comp="322" pin=0"/></net>

<net id="328"><net_src comp="94" pin="0"/><net_sink comp="322" pin=1"/></net>

<net id="334"><net_src comp="36" pin="0"/><net_sink comp="329" pin=0"/></net>

<net id="335"><net_src comp="94" pin="0"/><net_sink comp="329" pin=1"/></net>

<net id="341"><net_src comp="38" pin="0"/><net_sink comp="336" pin=0"/></net>

<net id="342"><net_src comp="94" pin="0"/><net_sink comp="336" pin=1"/></net>

<net id="348"><net_src comp="40" pin="0"/><net_sink comp="343" pin=0"/></net>

<net id="349"><net_src comp="94" pin="0"/><net_sink comp="343" pin=1"/></net>

<net id="355"><net_src comp="42" pin="0"/><net_sink comp="350" pin=0"/></net>

<net id="356"><net_src comp="94" pin="0"/><net_sink comp="350" pin=1"/></net>

<net id="362"><net_src comp="44" pin="0"/><net_sink comp="357" pin=0"/></net>

<net id="363"><net_src comp="94" pin="0"/><net_sink comp="357" pin=1"/></net>

<net id="369"><net_src comp="46" pin="0"/><net_sink comp="364" pin=0"/></net>

<net id="370"><net_src comp="94" pin="0"/><net_sink comp="364" pin=1"/></net>

<net id="376"><net_src comp="48" pin="0"/><net_sink comp="371" pin=0"/></net>

<net id="377"><net_src comp="94" pin="0"/><net_sink comp="371" pin=1"/></net>

<net id="383"><net_src comp="50" pin="0"/><net_sink comp="378" pin=0"/></net>

<net id="384"><net_src comp="94" pin="0"/><net_sink comp="378" pin=1"/></net>

<net id="390"><net_src comp="52" pin="0"/><net_sink comp="385" pin=0"/></net>

<net id="391"><net_src comp="94" pin="0"/><net_sink comp="385" pin=1"/></net>

<net id="397"><net_src comp="54" pin="0"/><net_sink comp="392" pin=0"/></net>

<net id="398"><net_src comp="94" pin="0"/><net_sink comp="392" pin=1"/></net>

<net id="404"><net_src comp="56" pin="0"/><net_sink comp="399" pin=0"/></net>

<net id="405"><net_src comp="94" pin="0"/><net_sink comp="399" pin=1"/></net>

<net id="411"><net_src comp="58" pin="0"/><net_sink comp="406" pin=0"/></net>

<net id="412"><net_src comp="94" pin="0"/><net_sink comp="406" pin=1"/></net>

<net id="418"><net_src comp="60" pin="0"/><net_sink comp="413" pin=0"/></net>

<net id="419"><net_src comp="94" pin="0"/><net_sink comp="413" pin=1"/></net>

<net id="425"><net_src comp="62" pin="0"/><net_sink comp="420" pin=0"/></net>

<net id="426"><net_src comp="94" pin="0"/><net_sink comp="420" pin=1"/></net>

<net id="436"><net_src comp="203" pin="3"/><net_sink comp="427" pin=2"/></net>

<net id="446"><net_src comp="210" pin="3"/><net_sink comp="437" pin=2"/></net>

<net id="456"><net_src comp="217" pin="3"/><net_sink comp="447" pin=2"/></net>

<net id="466"><net_src comp="224" pin="3"/><net_sink comp="457" pin=2"/></net>

<net id="476"><net_src comp="231" pin="3"/><net_sink comp="467" pin=2"/></net>

<net id="486"><net_src comp="238" pin="3"/><net_sink comp="477" pin=2"/></net>

<net id="496"><net_src comp="245" pin="3"/><net_sink comp="487" pin=2"/></net>

<net id="506"><net_src comp="252" pin="3"/><net_sink comp="497" pin=2"/></net>

<net id="516"><net_src comp="259" pin="3"/><net_sink comp="507" pin=2"/></net>

<net id="526"><net_src comp="266" pin="3"/><net_sink comp="517" pin=2"/></net>

<net id="536"><net_src comp="273" pin="3"/><net_sink comp="527" pin=2"/></net>

<net id="546"><net_src comp="280" pin="3"/><net_sink comp="537" pin=2"/></net>

<net id="556"><net_src comp="287" pin="3"/><net_sink comp="547" pin=2"/></net>

<net id="566"><net_src comp="294" pin="3"/><net_sink comp="557" pin=2"/></net>

<net id="576"><net_src comp="301" pin="3"/><net_sink comp="567" pin=2"/></net>

<net id="586"><net_src comp="308" pin="3"/><net_sink comp="577" pin=2"/></net>

<net id="596"><net_src comp="315" pin="3"/><net_sink comp="587" pin=2"/></net>

<net id="606"><net_src comp="322" pin="3"/><net_sink comp="597" pin=2"/></net>

<net id="616"><net_src comp="329" pin="3"/><net_sink comp="607" pin=2"/></net>

<net id="626"><net_src comp="336" pin="3"/><net_sink comp="617" pin=2"/></net>

<net id="636"><net_src comp="343" pin="3"/><net_sink comp="627" pin=2"/></net>

<net id="646"><net_src comp="350" pin="3"/><net_sink comp="637" pin=2"/></net>

<net id="656"><net_src comp="357" pin="3"/><net_sink comp="647" pin=2"/></net>

<net id="666"><net_src comp="364" pin="3"/><net_sink comp="657" pin=2"/></net>

<net id="676"><net_src comp="371" pin="3"/><net_sink comp="667" pin=2"/></net>

<net id="686"><net_src comp="378" pin="3"/><net_sink comp="677" pin=2"/></net>

<net id="696"><net_src comp="385" pin="3"/><net_sink comp="687" pin=2"/></net>

<net id="706"><net_src comp="392" pin="3"/><net_sink comp="697" pin=2"/></net>

<net id="716"><net_src comp="399" pin="3"/><net_sink comp="707" pin=2"/></net>

<net id="726"><net_src comp="406" pin="3"/><net_sink comp="717" pin=2"/></net>

<net id="736"><net_src comp="413" pin="3"/><net_sink comp="727" pin=2"/></net>

<net id="746"><net_src comp="420" pin="3"/><net_sink comp="737" pin=2"/></net>

<net id="752"><net_src comp="0" pin="0"/><net_sink comp="747" pin=0"/></net>

<net id="753"><net_src comp="94" pin="0"/><net_sink comp="747" pin=1"/></net>

<net id="759"><net_src comp="2" pin="0"/><net_sink comp="754" pin=0"/></net>

<net id="760"><net_src comp="94" pin="0"/><net_sink comp="754" pin=1"/></net>

<net id="766"><net_src comp="4" pin="0"/><net_sink comp="761" pin=0"/></net>

<net id="767"><net_src comp="94" pin="0"/><net_sink comp="761" pin=1"/></net>

<net id="773"><net_src comp="6" pin="0"/><net_sink comp="768" pin=0"/></net>

<net id="774"><net_src comp="94" pin="0"/><net_sink comp="768" pin=1"/></net>

<net id="780"><net_src comp="8" pin="0"/><net_sink comp="775" pin=0"/></net>

<net id="781"><net_src comp="94" pin="0"/><net_sink comp="775" pin=1"/></net>

<net id="787"><net_src comp="10" pin="0"/><net_sink comp="782" pin=0"/></net>

<net id="788"><net_src comp="94" pin="0"/><net_sink comp="782" pin=1"/></net>

<net id="794"><net_src comp="12" pin="0"/><net_sink comp="789" pin=0"/></net>

<net id="795"><net_src comp="94" pin="0"/><net_sink comp="789" pin=1"/></net>

<net id="801"><net_src comp="14" pin="0"/><net_sink comp="796" pin=0"/></net>

<net id="802"><net_src comp="94" pin="0"/><net_sink comp="796" pin=1"/></net>

<net id="808"><net_src comp="16" pin="0"/><net_sink comp="803" pin=0"/></net>

<net id="809"><net_src comp="94" pin="0"/><net_sink comp="803" pin=1"/></net>

<net id="815"><net_src comp="18" pin="0"/><net_sink comp="810" pin=0"/></net>

<net id="816"><net_src comp="94" pin="0"/><net_sink comp="810" pin=1"/></net>

<net id="822"><net_src comp="20" pin="0"/><net_sink comp="817" pin=0"/></net>

<net id="823"><net_src comp="94" pin="0"/><net_sink comp="817" pin=1"/></net>

<net id="829"><net_src comp="22" pin="0"/><net_sink comp="824" pin=0"/></net>

<net id="830"><net_src comp="94" pin="0"/><net_sink comp="824" pin=1"/></net>

<net id="836"><net_src comp="24" pin="0"/><net_sink comp="831" pin=0"/></net>

<net id="837"><net_src comp="94" pin="0"/><net_sink comp="831" pin=1"/></net>

<net id="843"><net_src comp="26" pin="0"/><net_sink comp="838" pin=0"/></net>

<net id="844"><net_src comp="94" pin="0"/><net_sink comp="838" pin=1"/></net>

<net id="850"><net_src comp="28" pin="0"/><net_sink comp="845" pin=0"/></net>

<net id="851"><net_src comp="94" pin="0"/><net_sink comp="845" pin=1"/></net>

<net id="857"><net_src comp="30" pin="0"/><net_sink comp="852" pin=0"/></net>

<net id="858"><net_src comp="94" pin="0"/><net_sink comp="852" pin=1"/></net>

<net id="864"><net_src comp="32" pin="0"/><net_sink comp="859" pin=0"/></net>

<net id="865"><net_src comp="94" pin="0"/><net_sink comp="859" pin=1"/></net>

<net id="871"><net_src comp="34" pin="0"/><net_sink comp="866" pin=0"/></net>

<net id="872"><net_src comp="94" pin="0"/><net_sink comp="866" pin=1"/></net>

<net id="878"><net_src comp="36" pin="0"/><net_sink comp="873" pin=0"/></net>

<net id="879"><net_src comp="94" pin="0"/><net_sink comp="873" pin=1"/></net>

<net id="885"><net_src comp="38" pin="0"/><net_sink comp="880" pin=0"/></net>

<net id="886"><net_src comp="94" pin="0"/><net_sink comp="880" pin=1"/></net>

<net id="892"><net_src comp="40" pin="0"/><net_sink comp="887" pin=0"/></net>

<net id="893"><net_src comp="94" pin="0"/><net_sink comp="887" pin=1"/></net>

<net id="899"><net_src comp="42" pin="0"/><net_sink comp="894" pin=0"/></net>

<net id="900"><net_src comp="94" pin="0"/><net_sink comp="894" pin=1"/></net>

<net id="906"><net_src comp="44" pin="0"/><net_sink comp="901" pin=0"/></net>

<net id="907"><net_src comp="94" pin="0"/><net_sink comp="901" pin=1"/></net>

<net id="913"><net_src comp="46" pin="0"/><net_sink comp="908" pin=0"/></net>

<net id="914"><net_src comp="94" pin="0"/><net_sink comp="908" pin=1"/></net>

<net id="920"><net_src comp="48" pin="0"/><net_sink comp="915" pin=0"/></net>

<net id="921"><net_src comp="94" pin="0"/><net_sink comp="915" pin=1"/></net>

<net id="927"><net_src comp="50" pin="0"/><net_sink comp="922" pin=0"/></net>

<net id="928"><net_src comp="94" pin="0"/><net_sink comp="922" pin=1"/></net>

<net id="934"><net_src comp="52" pin="0"/><net_sink comp="929" pin=0"/></net>

<net id="935"><net_src comp="94" pin="0"/><net_sink comp="929" pin=1"/></net>

<net id="941"><net_src comp="54" pin="0"/><net_sink comp="936" pin=0"/></net>

<net id="942"><net_src comp="94" pin="0"/><net_sink comp="936" pin=1"/></net>

<net id="948"><net_src comp="56" pin="0"/><net_sink comp="943" pin=0"/></net>

<net id="949"><net_src comp="94" pin="0"/><net_sink comp="943" pin=1"/></net>

<net id="955"><net_src comp="58" pin="0"/><net_sink comp="950" pin=0"/></net>

<net id="956"><net_src comp="94" pin="0"/><net_sink comp="950" pin=1"/></net>

<net id="962"><net_src comp="60" pin="0"/><net_sink comp="957" pin=0"/></net>

<net id="963"><net_src comp="94" pin="0"/><net_sink comp="957" pin=1"/></net>

<net id="969"><net_src comp="62" pin="0"/><net_sink comp="964" pin=0"/></net>

<net id="970"><net_src comp="94" pin="0"/><net_sink comp="964" pin=1"/></net>

<net id="971"><net_src comp="747" pin="3"/><net_sink comp="427" pin=0"/></net>

<net id="972"><net_src comp="754" pin="3"/><net_sink comp="437" pin=0"/></net>

<net id="973"><net_src comp="761" pin="3"/><net_sink comp="447" pin=0"/></net>

<net id="974"><net_src comp="768" pin="3"/><net_sink comp="457" pin=0"/></net>

<net id="975"><net_src comp="775" pin="3"/><net_sink comp="467" pin=0"/></net>

<net id="976"><net_src comp="782" pin="3"/><net_sink comp="477" pin=0"/></net>

<net id="977"><net_src comp="789" pin="3"/><net_sink comp="487" pin=0"/></net>

<net id="978"><net_src comp="796" pin="3"/><net_sink comp="497" pin=0"/></net>

<net id="979"><net_src comp="803" pin="3"/><net_sink comp="507" pin=0"/></net>

<net id="980"><net_src comp="810" pin="3"/><net_sink comp="517" pin=0"/></net>

<net id="981"><net_src comp="817" pin="3"/><net_sink comp="527" pin=0"/></net>

<net id="982"><net_src comp="824" pin="3"/><net_sink comp="537" pin=0"/></net>

<net id="983"><net_src comp="831" pin="3"/><net_sink comp="547" pin=0"/></net>

<net id="984"><net_src comp="838" pin="3"/><net_sink comp="557" pin=0"/></net>

<net id="985"><net_src comp="845" pin="3"/><net_sink comp="567" pin=0"/></net>

<net id="986"><net_src comp="852" pin="3"/><net_sink comp="577" pin=0"/></net>

<net id="987"><net_src comp="859" pin="3"/><net_sink comp="587" pin=0"/></net>

<net id="988"><net_src comp="866" pin="3"/><net_sink comp="597" pin=0"/></net>

<net id="989"><net_src comp="873" pin="3"/><net_sink comp="607" pin=0"/></net>

<net id="990"><net_src comp="880" pin="3"/><net_sink comp="617" pin=0"/></net>

<net id="991"><net_src comp="887" pin="3"/><net_sink comp="627" pin=0"/></net>

<net id="992"><net_src comp="894" pin="3"/><net_sink comp="637" pin=0"/></net>

<net id="993"><net_src comp="901" pin="3"/><net_sink comp="647" pin=0"/></net>

<net id="994"><net_src comp="908" pin="3"/><net_sink comp="657" pin=0"/></net>

<net id="995"><net_src comp="915" pin="3"/><net_sink comp="667" pin=0"/></net>

<net id="996"><net_src comp="922" pin="3"/><net_sink comp="677" pin=0"/></net>

<net id="997"><net_src comp="929" pin="3"/><net_sink comp="687" pin=0"/></net>

<net id="998"><net_src comp="936" pin="3"/><net_sink comp="697" pin=0"/></net>

<net id="999"><net_src comp="943" pin="3"/><net_sink comp="707" pin=0"/></net>

<net id="1000"><net_src comp="950" pin="3"/><net_sink comp="717" pin=0"/></net>

<net id="1001"><net_src comp="957" pin="3"/><net_sink comp="727" pin=0"/></net>

<net id="1002"><net_src comp="964" pin="3"/><net_sink comp="737" pin=0"/></net>

<net id="1008"><net_src comp="0" pin="0"/><net_sink comp="1003" pin=0"/></net>

<net id="1009"><net_src comp="94" pin="0"/><net_sink comp="1003" pin=1"/></net>

<net id="1015"><net_src comp="2" pin="0"/><net_sink comp="1010" pin=0"/></net>

<net id="1016"><net_src comp="94" pin="0"/><net_sink comp="1010" pin=1"/></net>

<net id="1022"><net_src comp="4" pin="0"/><net_sink comp="1017" pin=0"/></net>

<net id="1023"><net_src comp="94" pin="0"/><net_sink comp="1017" pin=1"/></net>

<net id="1029"><net_src comp="6" pin="0"/><net_sink comp="1024" pin=0"/></net>

<net id="1030"><net_src comp="94" pin="0"/><net_sink comp="1024" pin=1"/></net>

<net id="1036"><net_src comp="8" pin="0"/><net_sink comp="1031" pin=0"/></net>

<net id="1037"><net_src comp="94" pin="0"/><net_sink comp="1031" pin=1"/></net>

<net id="1043"><net_src comp="10" pin="0"/><net_sink comp="1038" pin=0"/></net>

<net id="1044"><net_src comp="94" pin="0"/><net_sink comp="1038" pin=1"/></net>

<net id="1050"><net_src comp="12" pin="0"/><net_sink comp="1045" pin=0"/></net>

<net id="1051"><net_src comp="94" pin="0"/><net_sink comp="1045" pin=1"/></net>

<net id="1057"><net_src comp="14" pin="0"/><net_sink comp="1052" pin=0"/></net>

<net id="1058"><net_src comp="94" pin="0"/><net_sink comp="1052" pin=1"/></net>

<net id="1064"><net_src comp="16" pin="0"/><net_sink comp="1059" pin=0"/></net>

<net id="1065"><net_src comp="94" pin="0"/><net_sink comp="1059" pin=1"/></net>

<net id="1071"><net_src comp="18" pin="0"/><net_sink comp="1066" pin=0"/></net>

<net id="1072"><net_src comp="94" pin="0"/><net_sink comp="1066" pin=1"/></net>

<net id="1078"><net_src comp="20" pin="0"/><net_sink comp="1073" pin=0"/></net>

<net id="1079"><net_src comp="94" pin="0"/><net_sink comp="1073" pin=1"/></net>

<net id="1085"><net_src comp="22" pin="0"/><net_sink comp="1080" pin=0"/></net>

<net id="1086"><net_src comp="94" pin="0"/><net_sink comp="1080" pin=1"/></net>

<net id="1092"><net_src comp="24" pin="0"/><net_sink comp="1087" pin=0"/></net>

<net id="1093"><net_src comp="94" pin="0"/><net_sink comp="1087" pin=1"/></net>

<net id="1099"><net_src comp="26" pin="0"/><net_sink comp="1094" pin=0"/></net>

<net id="1100"><net_src comp="94" pin="0"/><net_sink comp="1094" pin=1"/></net>

<net id="1106"><net_src comp="28" pin="0"/><net_sink comp="1101" pin=0"/></net>

<net id="1107"><net_src comp="94" pin="0"/><net_sink comp="1101" pin=1"/></net>

<net id="1113"><net_src comp="30" pin="0"/><net_sink comp="1108" pin=0"/></net>

<net id="1114"><net_src comp="94" pin="0"/><net_sink comp="1108" pin=1"/></net>

<net id="1120"><net_src comp="32" pin="0"/><net_sink comp="1115" pin=0"/></net>

<net id="1121"><net_src comp="94" pin="0"/><net_sink comp="1115" pin=1"/></net>

<net id="1127"><net_src comp="34" pin="0"/><net_sink comp="1122" pin=0"/></net>

<net id="1128"><net_src comp="94" pin="0"/><net_sink comp="1122" pin=1"/></net>

<net id="1134"><net_src comp="36" pin="0"/><net_sink comp="1129" pin=0"/></net>

<net id="1135"><net_src comp="94" pin="0"/><net_sink comp="1129" pin=1"/></net>

<net id="1141"><net_src comp="38" pin="0"/><net_sink comp="1136" pin=0"/></net>

<net id="1142"><net_src comp="94" pin="0"/><net_sink comp="1136" pin=1"/></net>

<net id="1148"><net_src comp="40" pin="0"/><net_sink comp="1143" pin=0"/></net>

<net id="1149"><net_src comp="94" pin="0"/><net_sink comp="1143" pin=1"/></net>

<net id="1155"><net_src comp="42" pin="0"/><net_sink comp="1150" pin=0"/></net>

<net id="1156"><net_src comp="94" pin="0"/><net_sink comp="1150" pin=1"/></net>

<net id="1162"><net_src comp="44" pin="0"/><net_sink comp="1157" pin=0"/></net>

<net id="1163"><net_src comp="94" pin="0"/><net_sink comp="1157" pin=1"/></net>

<net id="1169"><net_src comp="46" pin="0"/><net_sink comp="1164" pin=0"/></net>

<net id="1170"><net_src comp="94" pin="0"/><net_sink comp="1164" pin=1"/></net>

<net id="1176"><net_src comp="48" pin="0"/><net_sink comp="1171" pin=0"/></net>

<net id="1177"><net_src comp="94" pin="0"/><net_sink comp="1171" pin=1"/></net>

<net id="1183"><net_src comp="50" pin="0"/><net_sink comp="1178" pin=0"/></net>

<net id="1184"><net_src comp="94" pin="0"/><net_sink comp="1178" pin=1"/></net>

<net id="1190"><net_src comp="52" pin="0"/><net_sink comp="1185" pin=0"/></net>

<net id="1191"><net_src comp="94" pin="0"/><net_sink comp="1185" pin=1"/></net>

<net id="1197"><net_src comp="54" pin="0"/><net_sink comp="1192" pin=0"/></net>

<net id="1198"><net_src comp="94" pin="0"/><net_sink comp="1192" pin=1"/></net>

<net id="1204"><net_src comp="56" pin="0"/><net_sink comp="1199" pin=0"/></net>

<net id="1205"><net_src comp="94" pin="0"/><net_sink comp="1199" pin=1"/></net>

<net id="1211"><net_src comp="58" pin="0"/><net_sink comp="1206" pin=0"/></net>

<net id="1212"><net_src comp="94" pin="0"/><net_sink comp="1206" pin=1"/></net>

<net id="1218"><net_src comp="60" pin="0"/><net_sink comp="1213" pin=0"/></net>

<net id="1219"><net_src comp="94" pin="0"/><net_sink comp="1213" pin=1"/></net>

<net id="1225"><net_src comp="62" pin="0"/><net_sink comp="1220" pin=0"/></net>

<net id="1226"><net_src comp="94" pin="0"/><net_sink comp="1220" pin=1"/></net>

<net id="1227"><net_src comp="1003" pin="3"/><net_sink comp="427" pin=0"/></net>

<net id="1228"><net_src comp="1010" pin="3"/><net_sink comp="437" pin=0"/></net>

<net id="1229"><net_src comp="1017" pin="3"/><net_sink comp="447" pin=0"/></net>

<net id="1230"><net_src comp="1024" pin="3"/><net_sink comp="457" pin=0"/></net>

<net id="1231"><net_src comp="1031" pin="3"/><net_sink comp="467" pin=0"/></net>

<net id="1232"><net_src comp="1038" pin="3"/><net_sink comp="477" pin=0"/></net>

<net id="1233"><net_src comp="1045" pin="3"/><net_sink comp="487" pin=0"/></net>

<net id="1234"><net_src comp="1052" pin="3"/><net_sink comp="497" pin=0"/></net>

<net id="1235"><net_src comp="1059" pin="3"/><net_sink comp="507" pin=0"/></net>

<net id="1236"><net_src comp="1066" pin="3"/><net_sink comp="517" pin=0"/></net>

<net id="1237"><net_src comp="1073" pin="3"/><net_sink comp="527" pin=0"/></net>

<net id="1238"><net_src comp="1080" pin="3"/><net_sink comp="537" pin=0"/></net>

<net id="1239"><net_src comp="1087" pin="3"/><net_sink comp="547" pin=0"/></net>

<net id="1240"><net_src comp="1094" pin="3"/><net_sink comp="557" pin=0"/></net>

<net id="1241"><net_src comp="1101" pin="3"/><net_sink comp="567" pin=0"/></net>

<net id="1242"><net_src comp="1108" pin="3"/><net_sink comp="577" pin=0"/></net>

<net id="1243"><net_src comp="1115" pin="3"/><net_sink comp="587" pin=0"/></net>

<net id="1244"><net_src comp="1122" pin="3"/><net_sink comp="597" pin=0"/></net>

<net id="1245"><net_src comp="1129" pin="3"/><net_sink comp="607" pin=0"/></net>

<net id="1246"><net_src comp="1136" pin="3"/><net_sink comp="617" pin=0"/></net>

<net id="1247"><net_src comp="1143" pin="3"/><net_sink comp="627" pin=0"/></net>

<net id="1248"><net_src comp="1150" pin="3"/><net_sink comp="637" pin=0"/></net>

<net id="1249"><net_src comp="1157" pin="3"/><net_sink comp="647" pin=0"/></net>

<net id="1250"><net_src comp="1164" pin="3"/><net_sink comp="657" pin=0"/></net>

<net id="1251"><net_src comp="1171" pin="3"/><net_sink comp="667" pin=0"/></net>

<net id="1252"><net_src comp="1178" pin="3"/><net_sink comp="677" pin=0"/></net>

<net id="1253"><net_src comp="1185" pin="3"/><net_sink comp="687" pin=0"/></net>

<net id="1254"><net_src comp="1192" pin="3"/><net_sink comp="697" pin=0"/></net>

<net id="1255"><net_src comp="1199" pin="3"/><net_sink comp="707" pin=0"/></net>

<net id="1256"><net_src comp="1206" pin="3"/><net_sink comp="717" pin=0"/></net>

<net id="1257"><net_src comp="1213" pin="3"/><net_sink comp="727" pin=0"/></net>

<net id="1258"><net_src comp="1220" pin="3"/><net_sink comp="737" pin=0"/></net>

<net id="1263"><net_src comp="78" pin="0"/><net_sink comp="1259" pin=0"/></net>

<net id="1271"><net_src comp="1264" pin="1"/><net_sink comp="1267" pin=0"/></net>

<net id="1272"><net_src comp="80" pin="0"/><net_sink comp="1267" pin=1"/></net>

<net id="1277"><net_src comp="1264" pin="1"/><net_sink comp="1273" pin=0"/></net>

<net id="1278"><net_src comp="82" pin="0"/><net_sink comp="1273" pin=1"/></net>

<net id="1282"><net_src comp="1264" pin="1"/><net_sink comp="1279" pin=0"/></net>

<net id="1287"><net_src comp="1273" pin="2"/><net_sink comp="1283" pin=0"/></net>

<net id="1299"><net_src comp="84" pin="0"/><net_sink comp="1294" pin=0"/></net>

<net id="1300"><net_src comp="1291" pin="1"/><net_sink comp="1294" pin=1"/></net>

<net id="1301"><net_src comp="86" pin="0"/><net_sink comp="1294" pin=2"/></net>

<net id="1306"><net_src comp="1294" pin="3"/><net_sink comp="1302" pin=0"/></net>

<net id="1307"><net_src comp="1288" pin="1"/><net_sink comp="1302" pin=1"/></net>

<net id="1314"><net_src comp="88" pin="0"/><net_sink comp="1308" pin=0"/></net>

<net id="1315"><net_src comp="1302" pin="2"/><net_sink comp="1308" pin=1"/></net>

<net id="1316"><net_src comp="90" pin="0"/><net_sink comp="1308" pin=2"/></net>

<net id="1317"><net_src comp="92" pin="0"/><net_sink comp="1308" pin=3"/></net>

<net id="1321"><net_src comp="1308" pin="4"/><net_sink comp="1318" pin=0"/></net>

<net id="1322"><net_src comp="1318" pin="1"/><net_sink comp="203" pin=2"/></net>

<net id="1323"><net_src comp="1318" pin="1"/><net_sink comp="210" pin=2"/></net>

<net id="1324"><net_src comp="1318" pin="1"/><net_sink comp="217" pin=2"/></net>

<net id="1325"><net_src comp="1318" pin="1"/><net_sink comp="224" pin=2"/></net>

<net id="1326"><net_src comp="1318" pin="1"/><net_sink comp="231" pin=2"/></net>

<net id="1327"><net_src comp="1318" pin="1"/><net_sink comp="238" pin=2"/></net>

<net id="1328"><net_src comp="1318" pin="1"/><net_sink comp="245" pin=2"/></net>

<net id="1329"><net_src comp="1318" pin="1"/><net_sink comp="252" pin=2"/></net>

<net id="1330"><net_src comp="1318" pin="1"/><net_sink comp="259" pin=2"/></net>

<net id="1331"><net_src comp="1318" pin="1"/><net_sink comp="266" pin=2"/></net>

<net id="1332"><net_src comp="1318" pin="1"/><net_sink comp="273" pin=2"/></net>

<net id="1333"><net_src comp="1318" pin="1"/><net_sink comp="280" pin=2"/></net>

<net id="1334"><net_src comp="1318" pin="1"/><net_sink comp="287" pin=2"/></net>

<net id="1335"><net_src comp="1318" pin="1"/><net_sink comp="294" pin=2"/></net>

<net id="1336"><net_src comp="1318" pin="1"/><net_sink comp="301" pin=2"/></net>

<net id="1337"><net_src comp="1318" pin="1"/><net_sink comp="308" pin=2"/></net>

<net id="1338"><net_src comp="1318" pin="1"/><net_sink comp="315" pin=2"/></net>

<net id="1339"><net_src comp="1318" pin="1"/><net_sink comp="322" pin=2"/></net>

<net id="1340"><net_src comp="1318" pin="1"/><net_sink comp="329" pin=2"/></net>

<net id="1341"><net_src comp="1318" pin="1"/><net_sink comp="336" pin=2"/></net>

<net id="1342"><net_src comp="1318" pin="1"/><net_sink comp="343" pin=2"/></net>

<net id="1343"><net_src comp="1318" pin="1"/><net_sink comp="350" pin=2"/></net>

<net id="1344"><net_src comp="1318" pin="1"/><net_sink comp="357" pin=2"/></net>

<net id="1345"><net_src comp="1318" pin="1"/><net_sink comp="364" pin=2"/></net>

<net id="1346"><net_src comp="1318" pin="1"/><net_sink comp="371" pin=2"/></net>

<net id="1347"><net_src comp="1318" pin="1"/><net_sink comp="378" pin=2"/></net>

<net id="1348"><net_src comp="1318" pin="1"/><net_sink comp="385" pin=2"/></net>

<net id="1349"><net_src comp="1318" pin="1"/><net_sink comp="392" pin=2"/></net>

<net id="1350"><net_src comp="1318" pin="1"/><net_sink comp="399" pin=2"/></net>

<net id="1351"><net_src comp="1318" pin="1"/><net_sink comp="406" pin=2"/></net>

<net id="1352"><net_src comp="1318" pin="1"/><net_sink comp="413" pin=2"/></net>

<net id="1353"><net_src comp="1318" pin="1"/><net_sink comp="420" pin=2"/></net>

<net id="1423"><net_src comp="96" pin="0"/><net_sink comp="1354" pin=0"/></net>

<net id="1424"><net_src comp="98" pin="0"/><net_sink comp="1354" pin=1"/></net>

<net id="1425"><net_src comp="427" pin="7"/><net_sink comp="1354" pin=2"/></net>

<net id="1426"><net_src comp="100" pin="0"/><net_sink comp="1354" pin=3"/></net>

<net id="1427"><net_src comp="437" pin="7"/><net_sink comp="1354" pin=4"/></net>

<net id="1428"><net_src comp="102" pin="0"/><net_sink comp="1354" pin=5"/></net>

<net id="1429"><net_src comp="447" pin="7"/><net_sink comp="1354" pin=6"/></net>

<net id="1430"><net_src comp="104" pin="0"/><net_sink comp="1354" pin=7"/></net>

<net id="1431"><net_src comp="457" pin="7"/><net_sink comp="1354" pin=8"/></net>

<net id="1432"><net_src comp="106" pin="0"/><net_sink comp="1354" pin=9"/></net>

<net id="1433"><net_src comp="467" pin="7"/><net_sink comp="1354" pin=10"/></net>

<net id="1434"><net_src comp="108" pin="0"/><net_sink comp="1354" pin=11"/></net>

<net id="1435"><net_src comp="477" pin="7"/><net_sink comp="1354" pin=12"/></net>

<net id="1436"><net_src comp="110" pin="0"/><net_sink comp="1354" pin=13"/></net>

<net id="1437"><net_src comp="487" pin="7"/><net_sink comp="1354" pin=14"/></net>

<net id="1438"><net_src comp="112" pin="0"/><net_sink comp="1354" pin=15"/></net>

<net id="1439"><net_src comp="497" pin="7"/><net_sink comp="1354" pin=16"/></net>

<net id="1440"><net_src comp="114" pin="0"/><net_sink comp="1354" pin=17"/></net>

<net id="1441"><net_src comp="507" pin="7"/><net_sink comp="1354" pin=18"/></net>

<net id="1442"><net_src comp="116" pin="0"/><net_sink comp="1354" pin=19"/></net>

<net id="1443"><net_src comp="517" pin="7"/><net_sink comp="1354" pin=20"/></net>

<net id="1444"><net_src comp="118" pin="0"/><net_sink comp="1354" pin=21"/></net>

<net id="1445"><net_src comp="527" pin="7"/><net_sink comp="1354" pin=22"/></net>

<net id="1446"><net_src comp="120" pin="0"/><net_sink comp="1354" pin=23"/></net>

<net id="1447"><net_src comp="537" pin="7"/><net_sink comp="1354" pin=24"/></net>

<net id="1448"><net_src comp="122" pin="0"/><net_sink comp="1354" pin=25"/></net>

<net id="1449"><net_src comp="547" pin="7"/><net_sink comp="1354" pin=26"/></net>

<net id="1450"><net_src comp="124" pin="0"/><net_sink comp="1354" pin=27"/></net>

<net id="1451"><net_src comp="557" pin="7"/><net_sink comp="1354" pin=28"/></net>

<net id="1452"><net_src comp="126" pin="0"/><net_sink comp="1354" pin=29"/></net>

<net id="1453"><net_src comp="567" pin="7"/><net_sink comp="1354" pin=30"/></net>

<net id="1454"><net_src comp="128" pin="0"/><net_sink comp="1354" pin=31"/></net>

<net id="1455"><net_src comp="577" pin="7"/><net_sink comp="1354" pin=32"/></net>

<net id="1456"><net_src comp="130" pin="0"/><net_sink comp="1354" pin=33"/></net>

<net id="1457"><net_src comp="587" pin="7"/><net_sink comp="1354" pin=34"/></net>

<net id="1458"><net_src comp="132" pin="0"/><net_sink comp="1354" pin=35"/></net>

<net id="1459"><net_src comp="597" pin="7"/><net_sink comp="1354" pin=36"/></net>

<net id="1460"><net_src comp="134" pin="0"/><net_sink comp="1354" pin=37"/></net>

<net id="1461"><net_src comp="607" pin="7"/><net_sink comp="1354" pin=38"/></net>

<net id="1462"><net_src comp="136" pin="0"/><net_sink comp="1354" pin=39"/></net>

<net id="1463"><net_src comp="617" pin="7"/><net_sink comp="1354" pin=40"/></net>

<net id="1464"><net_src comp="138" pin="0"/><net_sink comp="1354" pin=41"/></net>

<net id="1465"><net_src comp="627" pin="7"/><net_sink comp="1354" pin=42"/></net>

<net id="1466"><net_src comp="140" pin="0"/><net_sink comp="1354" pin=43"/></net>

<net id="1467"><net_src comp="637" pin="7"/><net_sink comp="1354" pin=44"/></net>

<net id="1468"><net_src comp="142" pin="0"/><net_sink comp="1354" pin=45"/></net>

<net id="1469"><net_src comp="647" pin="7"/><net_sink comp="1354" pin=46"/></net>

<net id="1470"><net_src comp="144" pin="0"/><net_sink comp="1354" pin=47"/></net>

<net id="1471"><net_src comp="657" pin="7"/><net_sink comp="1354" pin=48"/></net>

<net id="1472"><net_src comp="146" pin="0"/><net_sink comp="1354" pin=49"/></net>

<net id="1473"><net_src comp="667" pin="7"/><net_sink comp="1354" pin=50"/></net>

<net id="1474"><net_src comp="148" pin="0"/><net_sink comp="1354" pin=51"/></net>

<net id="1475"><net_src comp="677" pin="7"/><net_sink comp="1354" pin=52"/></net>

<net id="1476"><net_src comp="150" pin="0"/><net_sink comp="1354" pin=53"/></net>

<net id="1477"><net_src comp="687" pin="7"/><net_sink comp="1354" pin=54"/></net>

<net id="1478"><net_src comp="152" pin="0"/><net_sink comp="1354" pin=55"/></net>

<net id="1479"><net_src comp="697" pin="7"/><net_sink comp="1354" pin=56"/></net>

<net id="1480"><net_src comp="154" pin="0"/><net_sink comp="1354" pin=57"/></net>

<net id="1481"><net_src comp="707" pin="7"/><net_sink comp="1354" pin=58"/></net>

<net id="1482"><net_src comp="156" pin="0"/><net_sink comp="1354" pin=59"/></net>

<net id="1483"><net_src comp="717" pin="7"/><net_sink comp="1354" pin=60"/></net>

<net id="1484"><net_src comp="158" pin="0"/><net_sink comp="1354" pin=61"/></net>

<net id="1485"><net_src comp="727" pin="7"/><net_sink comp="1354" pin=62"/></net>

<net id="1486"><net_src comp="160" pin="0"/><net_sink comp="1354" pin=63"/></net>

<net id="1487"><net_src comp="737" pin="7"/><net_sink comp="1354" pin=64"/></net>

<net id="1488"><net_src comp="162" pin="0"/><net_sink comp="1354" pin=65"/></net>

<net id="1493"><net_src comp="164" pin="0"/><net_sink comp="1489" pin=1"/></net>

<net id="1500"><net_src comp="88" pin="0"/><net_sink comp="1494" pin=0"/></net>

<net id="1501"><net_src comp="1489" pin="2"/><net_sink comp="1494" pin=1"/></net>

<net id="1502"><net_src comp="90" pin="0"/><net_sink comp="1494" pin=2"/></net>

<net id="1503"><net_src comp="92" pin="0"/><net_sink comp="1494" pin=3"/></net>

<net id="1507"><net_src comp="1494" pin="4"/><net_sink comp="1504" pin=0"/></net>

<net id="1508"><net_src comp="1504" pin="1"/><net_sink comp="747" pin=2"/></net>

<net id="1509"><net_src comp="1504" pin="1"/><net_sink comp="754" pin=2"/></net>

<net id="1510"><net_src comp="1504" pin="1"/><net_sink comp="761" pin=2"/></net>

<net id="1511"><net_src comp="1504" pin="1"/><net_sink comp="768" pin=2"/></net>

<net id="1512"><net_src comp="1504" pin="1"/><net_sink comp="775" pin=2"/></net>

<net id="1513"><net_src comp="1504" pin="1"/><net_sink comp="782" pin=2"/></net>

<net id="1514"><net_src comp="1504" pin="1"/><net_sink comp="789" pin=2"/></net>

<net id="1515"><net_src comp="1504" pin="1"/><net_sink comp="796" pin=2"/></net>

<net id="1516"><net_src comp="1504" pin="1"/><net_sink comp="803" pin=2"/></net>

<net id="1517"><net_src comp="1504" pin="1"/><net_sink comp="810" pin=2"/></net>

<net id="1518"><net_src comp="1504" pin="1"/><net_sink comp="817" pin=2"/></net>

<net id="1519"><net_src comp="1504" pin="1"/><net_sink comp="824" pin=2"/></net>

<net id="1520"><net_src comp="1504" pin="1"/><net_sink comp="831" pin=2"/></net>

<net id="1521"><net_src comp="1504" pin="1"/><net_sink comp="838" pin=2"/></net>

<net id="1522"><net_src comp="1504" pin="1"/><net_sink comp="845" pin=2"/></net>

<net id="1523"><net_src comp="1504" pin="1"/><net_sink comp="852" pin=2"/></net>

<net id="1524"><net_src comp="1504" pin="1"/><net_sink comp="859" pin=2"/></net>

<net id="1525"><net_src comp="1504" pin="1"/><net_sink comp="866" pin=2"/></net>

<net id="1526"><net_src comp="1504" pin="1"/><net_sink comp="873" pin=2"/></net>

<net id="1527"><net_src comp="1504" pin="1"/><net_sink comp="880" pin=2"/></net>

<net id="1528"><net_src comp="1504" pin="1"/><net_sink comp="887" pin=2"/></net>

<net id="1529"><net_src comp="1504" pin="1"/><net_sink comp="894" pin=2"/></net>

<net id="1530"><net_src comp="1504" pin="1"/><net_sink comp="901" pin=2"/></net>

<net id="1531"><net_src comp="1504" pin="1"/><net_sink comp="908" pin=2"/></net>

<net id="1532"><net_src comp="1504" pin="1"/><net_sink comp="915" pin=2"/></net>

<net id="1533"><net_src comp="1504" pin="1"/><net_sink comp="922" pin=2"/></net>

<net id="1534"><net_src comp="1504" pin="1"/><net_sink comp="929" pin=2"/></net>

<net id="1535"><net_src comp="1504" pin="1"/><net_sink comp="936" pin=2"/></net>

<net id="1536"><net_src comp="1504" pin="1"/><net_sink comp="943" pin=2"/></net>

<net id="1537"><net_src comp="1504" pin="1"/><net_sink comp="950" pin=2"/></net>

<net id="1538"><net_src comp="1504" pin="1"/><net_sink comp="957" pin=2"/></net>

<net id="1539"><net_src comp="1504" pin="1"/><net_sink comp="964" pin=2"/></net>

<net id="1544"><net_src comp="166" pin="0"/><net_sink comp="1540" pin=1"/></net>

<net id="1551"><net_src comp="88" pin="0"/><net_sink comp="1545" pin=0"/></net>

<net id="1552"><net_src comp="1540" pin="2"/><net_sink comp="1545" pin=1"/></net>

<net id="1553"><net_src comp="90" pin="0"/><net_sink comp="1545" pin=2"/></net>

<net id="1554"><net_src comp="92" pin="0"/><net_sink comp="1545" pin=3"/></net>

<net id="1558"><net_src comp="1545" pin="4"/><net_sink comp="1555" pin=0"/></net>

<net id="1559"><net_src comp="1555" pin="1"/><net_sink comp="1003" pin=2"/></net>

<net id="1560"><net_src comp="1555" pin="1"/><net_sink comp="1010" pin=2"/></net>

<net id="1561"><net_src comp="1555" pin="1"/><net_sink comp="1017" pin=2"/></net>

<net id="1562"><net_src comp="1555" pin="1"/><net_sink comp="1024" pin=2"/></net>

<net id="1563"><net_src comp="1555" pin="1"/><net_sink comp="1031" pin=2"/></net>

<net id="1564"><net_src comp="1555" pin="1"/><net_sink comp="1038" pin=2"/></net>

<net id="1565"><net_src comp="1555" pin="1"/><net_sink comp="1045" pin=2"/></net>

<net id="1566"><net_src comp="1555" pin="1"/><net_sink comp="1052" pin=2"/></net>

<net id="1567"><net_src comp="1555" pin="1"/><net_sink comp="1059" pin=2"/></net>

<net id="1568"><net_src comp="1555" pin="1"/><net_sink comp="1066" pin=2"/></net>

<net id="1569"><net_src comp="1555" pin="1"/><net_sink comp="1073" pin=2"/></net>

<net id="1570"><net_src comp="1555" pin="1"/><net_sink comp="1080" pin=2"/></net>

<net id="1571"><net_src comp="1555" pin="1"/><net_sink comp="1087" pin=2"/></net>

<net id="1572"><net_src comp="1555" pin="1"/><net_sink comp="1094" pin=2"/></net>

<net id="1573"><net_src comp="1555" pin="1"/><net_sink comp="1101" pin=2"/></net>

<net id="1574"><net_src comp="1555" pin="1"/><net_sink comp="1108" pin=2"/></net>

<net id="1575"><net_src comp="1555" pin="1"/><net_sink comp="1115" pin=2"/></net>

<net id="1576"><net_src comp="1555" pin="1"/><net_sink comp="1122" pin=2"/></net>

<net id="1577"><net_src comp="1555" pin="1"/><net_sink comp="1129" pin=2"/></net>

<net id="1578"><net_src comp="1555" pin="1"/><net_sink comp="1136" pin=2"/></net>

<net id="1579"><net_src comp="1555" pin="1"/><net_sink comp="1143" pin=2"/></net>

<net id="1580"><net_src comp="1555" pin="1"/><net_sink comp="1150" pin=2"/></net>

<net id="1581"><net_src comp="1555" pin="1"/><net_sink comp="1157" pin=2"/></net>

<net id="1582"><net_src comp="1555" pin="1"/><net_sink comp="1164" pin=2"/></net>

<net id="1583"><net_src comp="1555" pin="1"/><net_sink comp="1171" pin=2"/></net>

<net id="1584"><net_src comp="1555" pin="1"/><net_sink comp="1178" pin=2"/></net>

<net id="1585"><net_src comp="1555" pin="1"/><net_sink comp="1185" pin=2"/></net>

<net id="1586"><net_src comp="1555" pin="1"/><net_sink comp="1192" pin=2"/></net>

<net id="1587"><net_src comp="1555" pin="1"/><net_sink comp="1199" pin=2"/></net>

<net id="1588"><net_src comp="1555" pin="1"/><net_sink comp="1206" pin=2"/></net>

<net id="1589"><net_src comp="1555" pin="1"/><net_sink comp="1213" pin=2"/></net>

<net id="1590"><net_src comp="1555" pin="1"/><net_sink comp="1220" pin=2"/></net>

<net id="1594"><net_src comp="1354" pin="67"/><net_sink comp="1591" pin=0"/></net>

<net id="1664"><net_src comp="96" pin="0"/><net_sink comp="1595" pin=0"/></net>

<net id="1665"><net_src comp="160" pin="0"/><net_sink comp="1595" pin=1"/></net>

<net id="1666"><net_src comp="427" pin="3"/><net_sink comp="1595" pin=2"/></net>

<net id="1667"><net_src comp="98" pin="0"/><net_sink comp="1595" pin=3"/></net>

<net id="1668"><net_src comp="437" pin="3"/><net_sink comp="1595" pin=4"/></net>

<net id="1669"><net_src comp="100" pin="0"/><net_sink comp="1595" pin=5"/></net>

<net id="1670"><net_src comp="447" pin="3"/><net_sink comp="1595" pin=6"/></net>

<net id="1671"><net_src comp="102" pin="0"/><net_sink comp="1595" pin=7"/></net>

<net id="1672"><net_src comp="457" pin="3"/><net_sink comp="1595" pin=8"/></net>

<net id="1673"><net_src comp="104" pin="0"/><net_sink comp="1595" pin=9"/></net>

<net id="1674"><net_src comp="467" pin="3"/><net_sink comp="1595" pin=10"/></net>

<net id="1675"><net_src comp="106" pin="0"/><net_sink comp="1595" pin=11"/></net>

<net id="1676"><net_src comp="477" pin="3"/><net_sink comp="1595" pin=12"/></net>

<net id="1677"><net_src comp="108" pin="0"/><net_sink comp="1595" pin=13"/></net>

<net id="1678"><net_src comp="487" pin="3"/><net_sink comp="1595" pin=14"/></net>

<net id="1679"><net_src comp="110" pin="0"/><net_sink comp="1595" pin=15"/></net>

<net id="1680"><net_src comp="497" pin="3"/><net_sink comp="1595" pin=16"/></net>

<net id="1681"><net_src comp="112" pin="0"/><net_sink comp="1595" pin=17"/></net>

<net id="1682"><net_src comp="507" pin="3"/><net_sink comp="1595" pin=18"/></net>

<net id="1683"><net_src comp="114" pin="0"/><net_sink comp="1595" pin=19"/></net>

<net id="1684"><net_src comp="517" pin="3"/><net_sink comp="1595" pin=20"/></net>

<net id="1685"><net_src comp="116" pin="0"/><net_sink comp="1595" pin=21"/></net>

<net id="1686"><net_src comp="527" pin="3"/><net_sink comp="1595" pin=22"/></net>

<net id="1687"><net_src comp="118" pin="0"/><net_sink comp="1595" pin=23"/></net>

<net id="1688"><net_src comp="537" pin="3"/><net_sink comp="1595" pin=24"/></net>

<net id="1689"><net_src comp="120" pin="0"/><net_sink comp="1595" pin=25"/></net>

<net id="1690"><net_src comp="547" pin="3"/><net_sink comp="1595" pin=26"/></net>

<net id="1691"><net_src comp="122" pin="0"/><net_sink comp="1595" pin=27"/></net>

<net id="1692"><net_src comp="557" pin="3"/><net_sink comp="1595" pin=28"/></net>

<net id="1693"><net_src comp="124" pin="0"/><net_sink comp="1595" pin=29"/></net>

<net id="1694"><net_src comp="567" pin="3"/><net_sink comp="1595" pin=30"/></net>

<net id="1695"><net_src comp="126" pin="0"/><net_sink comp="1595" pin=31"/></net>

<net id="1696"><net_src comp="577" pin="3"/><net_sink comp="1595" pin=32"/></net>

<net id="1697"><net_src comp="128" pin="0"/><net_sink comp="1595" pin=33"/></net>

<net id="1698"><net_src comp="587" pin="3"/><net_sink comp="1595" pin=34"/></net>

<net id="1699"><net_src comp="130" pin="0"/><net_sink comp="1595" pin=35"/></net>

<net id="1700"><net_src comp="597" pin="3"/><net_sink comp="1595" pin=36"/></net>

<net id="1701"><net_src comp="132" pin="0"/><net_sink comp="1595" pin=37"/></net>

<net id="1702"><net_src comp="607" pin="3"/><net_sink comp="1595" pin=38"/></net>

<net id="1703"><net_src comp="134" pin="0"/><net_sink comp="1595" pin=39"/></net>

<net id="1704"><net_src comp="617" pin="3"/><net_sink comp="1595" pin=40"/></net>

<net id="1705"><net_src comp="136" pin="0"/><net_sink comp="1595" pin=41"/></net>

<net id="1706"><net_src comp="627" pin="3"/><net_sink comp="1595" pin=42"/></net>

<net id="1707"><net_src comp="138" pin="0"/><net_sink comp="1595" pin=43"/></net>

<net id="1708"><net_src comp="637" pin="3"/><net_sink comp="1595" pin=44"/></net>

<net id="1709"><net_src comp="140" pin="0"/><net_sink comp="1595" pin=45"/></net>

<net id="1710"><net_src comp="647" pin="3"/><net_sink comp="1595" pin=46"/></net>

<net id="1711"><net_src comp="142" pin="0"/><net_sink comp="1595" pin=47"/></net>

<net id="1712"><net_src comp="657" pin="3"/><net_sink comp="1595" pin=48"/></net>

<net id="1713"><net_src comp="144" pin="0"/><net_sink comp="1595" pin=49"/></net>

<net id="1714"><net_src comp="667" pin="3"/><net_sink comp="1595" pin=50"/></net>

<net id="1715"><net_src comp="146" pin="0"/><net_sink comp="1595" pin=51"/></net>

<net id="1716"><net_src comp="677" pin="3"/><net_sink comp="1595" pin=52"/></net>

<net id="1717"><net_src comp="148" pin="0"/><net_sink comp="1595" pin=53"/></net>

<net id="1718"><net_src comp="687" pin="3"/><net_sink comp="1595" pin=54"/></net>

<net id="1719"><net_src comp="150" pin="0"/><net_sink comp="1595" pin=55"/></net>

<net id="1720"><net_src comp="697" pin="3"/><net_sink comp="1595" pin=56"/></net>

<net id="1721"><net_src comp="152" pin="0"/><net_sink comp="1595" pin=57"/></net>

<net id="1722"><net_src comp="707" pin="3"/><net_sink comp="1595" pin=58"/></net>

<net id="1723"><net_src comp="154" pin="0"/><net_sink comp="1595" pin=59"/></net>

<net id="1724"><net_src comp="717" pin="3"/><net_sink comp="1595" pin=60"/></net>

<net id="1725"><net_src comp="156" pin="0"/><net_sink comp="1595" pin=61"/></net>

<net id="1726"><net_src comp="727" pin="3"/><net_sink comp="1595" pin=62"/></net>

<net id="1727"><net_src comp="158" pin="0"/><net_sink comp="1595" pin=63"/></net>

<net id="1728"><net_src comp="737" pin="3"/><net_sink comp="1595" pin=64"/></net>

<net id="1729"><net_src comp="162" pin="0"/><net_sink comp="1595" pin=65"/></net>

<net id="1799"><net_src comp="96" pin="0"/><net_sink comp="1730" pin=0"/></net>

<net id="1800"><net_src comp="158" pin="0"/><net_sink comp="1730" pin=1"/></net>

<net id="1801"><net_src comp="427" pin="3"/><net_sink comp="1730" pin=2"/></net>

<net id="1802"><net_src comp="160" pin="0"/><net_sink comp="1730" pin=3"/></net>

<net id="1803"><net_src comp="437" pin="3"/><net_sink comp="1730" pin=4"/></net>

<net id="1804"><net_src comp="98" pin="0"/><net_sink comp="1730" pin=5"/></net>

<net id="1805"><net_src comp="447" pin="3"/><net_sink comp="1730" pin=6"/></net>

<net id="1806"><net_src comp="100" pin="0"/><net_sink comp="1730" pin=7"/></net>

<net id="1807"><net_src comp="457" pin="3"/><net_sink comp="1730" pin=8"/></net>

<net id="1808"><net_src comp="102" pin="0"/><net_sink comp="1730" pin=9"/></net>

<net id="1809"><net_src comp="467" pin="3"/><net_sink comp="1730" pin=10"/></net>

<net id="1810"><net_src comp="104" pin="0"/><net_sink comp="1730" pin=11"/></net>

<net id="1811"><net_src comp="477" pin="3"/><net_sink comp="1730" pin=12"/></net>

<net id="1812"><net_src comp="106" pin="0"/><net_sink comp="1730" pin=13"/></net>

<net id="1813"><net_src comp="487" pin="3"/><net_sink comp="1730" pin=14"/></net>

<net id="1814"><net_src comp="108" pin="0"/><net_sink comp="1730" pin=15"/></net>

<net id="1815"><net_src comp="497" pin="3"/><net_sink comp="1730" pin=16"/></net>

<net id="1816"><net_src comp="110" pin="0"/><net_sink comp="1730" pin=17"/></net>

<net id="1817"><net_src comp="507" pin="3"/><net_sink comp="1730" pin=18"/></net>

<net id="1818"><net_src comp="112" pin="0"/><net_sink comp="1730" pin=19"/></net>

<net id="1819"><net_src comp="517" pin="3"/><net_sink comp="1730" pin=20"/></net>

<net id="1820"><net_src comp="114" pin="0"/><net_sink comp="1730" pin=21"/></net>

<net id="1821"><net_src comp="527" pin="3"/><net_sink comp="1730" pin=22"/></net>

<net id="1822"><net_src comp="116" pin="0"/><net_sink comp="1730" pin=23"/></net>

<net id="1823"><net_src comp="537" pin="3"/><net_sink comp="1730" pin=24"/></net>

<net id="1824"><net_src comp="118" pin="0"/><net_sink comp="1730" pin=25"/></net>

<net id="1825"><net_src comp="547" pin="3"/><net_sink comp="1730" pin=26"/></net>

<net id="1826"><net_src comp="120" pin="0"/><net_sink comp="1730" pin=27"/></net>

<net id="1827"><net_src comp="557" pin="3"/><net_sink comp="1730" pin=28"/></net>

<net id="1828"><net_src comp="122" pin="0"/><net_sink comp="1730" pin=29"/></net>

<net id="1829"><net_src comp="567" pin="3"/><net_sink comp="1730" pin=30"/></net>

<net id="1830"><net_src comp="124" pin="0"/><net_sink comp="1730" pin=31"/></net>

<net id="1831"><net_src comp="577" pin="3"/><net_sink comp="1730" pin=32"/></net>

<net id="1832"><net_src comp="126" pin="0"/><net_sink comp="1730" pin=33"/></net>

<net id="1833"><net_src comp="587" pin="3"/><net_sink comp="1730" pin=34"/></net>

<net id="1834"><net_src comp="128" pin="0"/><net_sink comp="1730" pin=35"/></net>

<net id="1835"><net_src comp="597" pin="3"/><net_sink comp="1730" pin=36"/></net>

<net id="1836"><net_src comp="130" pin="0"/><net_sink comp="1730" pin=37"/></net>

<net id="1837"><net_src comp="607" pin="3"/><net_sink comp="1730" pin=38"/></net>

<net id="1838"><net_src comp="132" pin="0"/><net_sink comp="1730" pin=39"/></net>

<net id="1839"><net_src comp="617" pin="3"/><net_sink comp="1730" pin=40"/></net>

<net id="1840"><net_src comp="134" pin="0"/><net_sink comp="1730" pin=41"/></net>

<net id="1841"><net_src comp="627" pin="3"/><net_sink comp="1730" pin=42"/></net>

<net id="1842"><net_src comp="136" pin="0"/><net_sink comp="1730" pin=43"/></net>

<net id="1843"><net_src comp="637" pin="3"/><net_sink comp="1730" pin=44"/></net>

<net id="1844"><net_src comp="138" pin="0"/><net_sink comp="1730" pin=45"/></net>

<net id="1845"><net_src comp="647" pin="3"/><net_sink comp="1730" pin=46"/></net>

<net id="1846"><net_src comp="140" pin="0"/><net_sink comp="1730" pin=47"/></net>

<net id="1847"><net_src comp="657" pin="3"/><net_sink comp="1730" pin=48"/></net>

<net id="1848"><net_src comp="142" pin="0"/><net_sink comp="1730" pin=49"/></net>

<net id="1849"><net_src comp="667" pin="3"/><net_sink comp="1730" pin=50"/></net>

<net id="1850"><net_src comp="144" pin="0"/><net_sink comp="1730" pin=51"/></net>

<net id="1851"><net_src comp="677" pin="3"/><net_sink comp="1730" pin=52"/></net>

<net id="1852"><net_src comp="146" pin="0"/><net_sink comp="1730" pin=53"/></net>

<net id="1853"><net_src comp="687" pin="3"/><net_sink comp="1730" pin=54"/></net>

<net id="1854"><net_src comp="148" pin="0"/><net_sink comp="1730" pin=55"/></net>

<net id="1855"><net_src comp="697" pin="3"/><net_sink comp="1730" pin=56"/></net>

<net id="1856"><net_src comp="150" pin="0"/><net_sink comp="1730" pin=57"/></net>

<net id="1857"><net_src comp="707" pin="3"/><net_sink comp="1730" pin=58"/></net>

<net id="1858"><net_src comp="152" pin="0"/><net_sink comp="1730" pin=59"/></net>

<net id="1859"><net_src comp="717" pin="3"/><net_sink comp="1730" pin=60"/></net>

<net id="1860"><net_src comp="154" pin="0"/><net_sink comp="1730" pin=61"/></net>

<net id="1861"><net_src comp="727" pin="3"/><net_sink comp="1730" pin=62"/></net>

<net id="1862"><net_src comp="156" pin="0"/><net_sink comp="1730" pin=63"/></net>

<net id="1863"><net_src comp="737" pin="3"/><net_sink comp="1730" pin=64"/></net>

<net id="1864"><net_src comp="162" pin="0"/><net_sink comp="1730" pin=65"/></net>

<net id="1868"><net_src comp="1595" pin="67"/><net_sink comp="1865" pin=0"/></net>

<net id="1876"><net_src comp="1869" pin="1"/><net_sink comp="1872" pin=0"/></net>

<net id="1877"><net_src comp="172" pin="0"/><net_sink comp="1872" pin=1"/></net>

<net id="1887"><net_src comp="184" pin="0"/><net_sink comp="1881" pin=0"/></net>

<net id="1888"><net_src comp="186" pin="0"/><net_sink comp="1881" pin=2"/></net>

<net id="1889"><net_src comp="188" pin="0"/><net_sink comp="1881" pin=3"/></net>

<net id="1890"><net_src comp="1881" pin="4"/><net_sink comp="196" pin=2"/></net>

<net id="1896"><net_src comp="1591" pin="1"/><net_sink comp="1891" pin=0"/></net>

<net id="1897"><net_src comp="168" pin="0"/><net_sink comp="1891" pin=1"/></net>

<net id="1898"><net_src comp="1872" pin="2"/><net_sink comp="1891" pin=2"/></net>

<net id="1899"><net_src comp="1891" pin="3"/><net_sink comp="1878" pin=0"/></net>

<net id="1905"><net_src comp="1865" pin="1"/><net_sink comp="1900" pin=0"/></net>

<net id="1906"><net_src comp="170" pin="0"/><net_sink comp="1900" pin=1"/></net>

<net id="1907"><net_src comp="1878" pin="1"/><net_sink comp="1900" pin=2"/></net>

<net id="1908"><net_src comp="1900" pin="3"/><net_sink comp="1881" pin=1"/></net>

<net id="1912"><net_src comp="192" pin="1"/><net_sink comp="1909" pin=0"/></net>

<net id="1913"><net_src comp="1909" pin="1"/><net_sink comp="1259" pin=1"/></net>

<net id="1914"><net_src comp="1909" pin="1"/><net_sink comp="1264" pin=0"/></net>

<net id="1915"><net_src comp="1909" pin="1"/><net_sink comp="1283" pin=1"/></net>

<net id="1919"><net_src comp="1264" pin="1"/><net_sink comp="1916" pin=0"/></net>

<net id="1920"><net_src comp="1916" pin="1"/><net_sink comp="1288" pin=0"/></net>

<net id="1921"><net_src comp="1916" pin="1"/><net_sink comp="1291" pin=0"/></net>

<net id="1925"><net_src comp="1267" pin="2"/><net_sink comp="1922" pin=0"/></net>

<net id="1929"><net_src comp="1279" pin="1"/><net_sink comp="1926" pin=0"/></net>

<net id="1930"><net_src comp="1926" pin="1"/><net_sink comp="1354" pin=66"/></net>

<net id="1931"><net_src comp="1926" pin="1"/><net_sink comp="1595" pin=66"/></net>

<net id="1932"><net_src comp="1926" pin="1"/><net_sink comp="1730" pin=66"/></net>

<net id="1936"><net_src comp="1302" pin="2"/><net_sink comp="1933" pin=0"/></net>

<net id="1937"><net_src comp="1933" pin="1"/><net_sink comp="1489" pin=0"/></net>

<net id="1938"><net_src comp="1933" pin="1"/><net_sink comp="1540" pin=0"/></net>

<net id="1942"><net_src comp="203" pin="3"/><net_sink comp="1939" pin=0"/></net>

<net id="1943"><net_src comp="1939" pin="1"/><net_sink comp="427" pin=2"/></net>

<net id="1947"><net_src comp="210" pin="3"/><net_sink comp="1944" pin=0"/></net>

<net id="1948"><net_src comp="1944" pin="1"/><net_sink comp="437" pin=2"/></net>

<net id="1952"><net_src comp="217" pin="3"/><net_sink comp="1949" pin=0"/></net>

<net id="1953"><net_src comp="1949" pin="1"/><net_sink comp="447" pin=2"/></net>

<net id="1957"><net_src comp="224" pin="3"/><net_sink comp="1954" pin=0"/></net>

<net id="1958"><net_src comp="1954" pin="1"/><net_sink comp="457" pin=2"/></net>

<net id="1962"><net_src comp="231" pin="3"/><net_sink comp="1959" pin=0"/></net>

<net id="1963"><net_src comp="1959" pin="1"/><net_sink comp="467" pin=2"/></net>

<net id="1967"><net_src comp="238" pin="3"/><net_sink comp="1964" pin=0"/></net>

<net id="1968"><net_src comp="1964" pin="1"/><net_sink comp="477" pin=2"/></net>

<net id="1972"><net_src comp="245" pin="3"/><net_sink comp="1969" pin=0"/></net>

<net id="1973"><net_src comp="1969" pin="1"/><net_sink comp="487" pin=2"/></net>

<net id="1977"><net_src comp="252" pin="3"/><net_sink comp="1974" pin=0"/></net>

<net id="1978"><net_src comp="1974" pin="1"/><net_sink comp="497" pin=2"/></net>

<net id="1982"><net_src comp="259" pin="3"/><net_sink comp="1979" pin=0"/></net>

<net id="1983"><net_src comp="1979" pin="1"/><net_sink comp="507" pin=2"/></net>

<net id="1987"><net_src comp="266" pin="3"/><net_sink comp="1984" pin=0"/></net>

<net id="1988"><net_src comp="1984" pin="1"/><net_sink comp="517" pin=2"/></net>

<net id="1992"><net_src comp="273" pin="3"/><net_sink comp="1989" pin=0"/></net>

<net id="1993"><net_src comp="1989" pin="1"/><net_sink comp="527" pin=2"/></net>

<net id="1997"><net_src comp="280" pin="3"/><net_sink comp="1994" pin=0"/></net>

<net id="1998"><net_src comp="1994" pin="1"/><net_sink comp="537" pin=2"/></net>

<net id="2002"><net_src comp="287" pin="3"/><net_sink comp="1999" pin=0"/></net>

<net id="2003"><net_src comp="1999" pin="1"/><net_sink comp="547" pin=2"/></net>

<net id="2007"><net_src comp="294" pin="3"/><net_sink comp="2004" pin=0"/></net>

<net id="2008"><net_src comp="2004" pin="1"/><net_sink comp="557" pin=2"/></net>

<net id="2012"><net_src comp="301" pin="3"/><net_sink comp="2009" pin=0"/></net>

<net id="2013"><net_src comp="2009" pin="1"/><net_sink comp="567" pin=2"/></net>

<net id="2017"><net_src comp="308" pin="3"/><net_sink comp="2014" pin=0"/></net>

<net id="2018"><net_src comp="2014" pin="1"/><net_sink comp="577" pin=2"/></net>

<net id="2022"><net_src comp="315" pin="3"/><net_sink comp="2019" pin=0"/></net>

<net id="2023"><net_src comp="2019" pin="1"/><net_sink comp="587" pin=2"/></net>

<net id="2027"><net_src comp="322" pin="3"/><net_sink comp="2024" pin=0"/></net>

<net id="2028"><net_src comp="2024" pin="1"/><net_sink comp="597" pin=2"/></net>

<net id="2032"><net_src comp="329" pin="3"/><net_sink comp="2029" pin=0"/></net>

<net id="2033"><net_src comp="2029" pin="1"/><net_sink comp="607" pin=2"/></net>

<net id="2037"><net_src comp="336" pin="3"/><net_sink comp="2034" pin=0"/></net>

<net id="2038"><net_src comp="2034" pin="1"/><net_sink comp="617" pin=2"/></net>

<net id="2042"><net_src comp="343" pin="3"/><net_sink comp="2039" pin=0"/></net>

<net id="2043"><net_src comp="2039" pin="1"/><net_sink comp="627" pin=2"/></net>

<net id="2047"><net_src comp="350" pin="3"/><net_sink comp="2044" pin=0"/></net>

<net id="2048"><net_src comp="2044" pin="1"/><net_sink comp="637" pin=2"/></net>

<net id="2052"><net_src comp="357" pin="3"/><net_sink comp="2049" pin=0"/></net>

<net id="2053"><net_src comp="2049" pin="1"/><net_sink comp="647" pin=2"/></net>

<net id="2057"><net_src comp="364" pin="3"/><net_sink comp="2054" pin=0"/></net>

<net id="2058"><net_src comp="2054" pin="1"/><net_sink comp="657" pin=2"/></net>

<net id="2062"><net_src comp="371" pin="3"/><net_sink comp="2059" pin=0"/></net>

<net id="2063"><net_src comp="2059" pin="1"/><net_sink comp="667" pin=2"/></net>

<net id="2067"><net_src comp="378" pin="3"/><net_sink comp="2064" pin=0"/></net>

<net id="2068"><net_src comp="2064" pin="1"/><net_sink comp="677" pin=2"/></net>

<net id="2072"><net_src comp="385" pin="3"/><net_sink comp="2069" pin=0"/></net>

<net id="2073"><net_src comp="2069" pin="1"/><net_sink comp="687" pin=2"/></net>

<net id="2077"><net_src comp="392" pin="3"/><net_sink comp="2074" pin=0"/></net>

<net id="2078"><net_src comp="2074" pin="1"/><net_sink comp="697" pin=2"/></net>

<net id="2082"><net_src comp="399" pin="3"/><net_sink comp="2079" pin=0"/></net>

<net id="2083"><net_src comp="2079" pin="1"/><net_sink comp="707" pin=2"/></net>

<net id="2087"><net_src comp="406" pin="3"/><net_sink comp="2084" pin=0"/></net>

<net id="2088"><net_src comp="2084" pin="1"/><net_sink comp="717" pin=2"/></net>

<net id="2092"><net_src comp="413" pin="3"/><net_sink comp="2089" pin=0"/></net>

<net id="2093"><net_src comp="2089" pin="1"/><net_sink comp="727" pin=2"/></net>

<net id="2097"><net_src comp="420" pin="3"/><net_sink comp="2094" pin=0"/></net>

<net id="2098"><net_src comp="2094" pin="1"/><net_sink comp="737" pin=2"/></net>

<net id="2102"><net_src comp="747" pin="3"/><net_sink comp="2099" pin=0"/></net>

<net id="2103"><net_src comp="2099" pin="1"/><net_sink comp="427" pin=0"/></net>

<net id="2107"><net_src comp="754" pin="3"/><net_sink comp="2104" pin=0"/></net>

<net id="2108"><net_src comp="2104" pin="1"/><net_sink comp="437" pin=0"/></net>

<net id="2112"><net_src comp="761" pin="3"/><net_sink comp="2109" pin=0"/></net>

<net id="2113"><net_src comp="2109" pin="1"/><net_sink comp="447" pin=0"/></net>

<net id="2117"><net_src comp="768" pin="3"/><net_sink comp="2114" pin=0"/></net>

<net id="2118"><net_src comp="2114" pin="1"/><net_sink comp="457" pin=0"/></net>

<net id="2122"><net_src comp="775" pin="3"/><net_sink comp="2119" pin=0"/></net>

<net id="2123"><net_src comp="2119" pin="1"/><net_sink comp="467" pin=0"/></net>

<net id="2127"><net_src comp="782" pin="3"/><net_sink comp="2124" pin=0"/></net>

<net id="2128"><net_src comp="2124" pin="1"/><net_sink comp="477" pin=0"/></net>

<net id="2132"><net_src comp="789" pin="3"/><net_sink comp="2129" pin=0"/></net>

<net id="2133"><net_src comp="2129" pin="1"/><net_sink comp="487" pin=0"/></net>

<net id="2137"><net_src comp="796" pin="3"/><net_sink comp="2134" pin=0"/></net>

<net id="2138"><net_src comp="2134" pin="1"/><net_sink comp="497" pin=0"/></net>

<net id="2142"><net_src comp="803" pin="3"/><net_sink comp="2139" pin=0"/></net>

<net id="2143"><net_src comp="2139" pin="1"/><net_sink comp="507" pin=0"/></net>

<net id="2147"><net_src comp="810" pin="3"/><net_sink comp="2144" pin=0"/></net>

<net id="2148"><net_src comp="2144" pin="1"/><net_sink comp="517" pin=0"/></net>

<net id="2152"><net_src comp="817" pin="3"/><net_sink comp="2149" pin=0"/></net>

<net id="2153"><net_src comp="2149" pin="1"/><net_sink comp="527" pin=0"/></net>

<net id="2157"><net_src comp="824" pin="3"/><net_sink comp="2154" pin=0"/></net>

<net id="2158"><net_src comp="2154" pin="1"/><net_sink comp="537" pin=0"/></net>

<net id="2162"><net_src comp="831" pin="3"/><net_sink comp="2159" pin=0"/></net>

<net id="2163"><net_src comp="2159" pin="1"/><net_sink comp="547" pin=0"/></net>

<net id="2167"><net_src comp="838" pin="3"/><net_sink comp="2164" pin=0"/></net>

<net id="2168"><net_src comp="2164" pin="1"/><net_sink comp="557" pin=0"/></net>

<net id="2172"><net_src comp="845" pin="3"/><net_sink comp="2169" pin=0"/></net>

<net id="2173"><net_src comp="2169" pin="1"/><net_sink comp="567" pin=0"/></net>

<net id="2177"><net_src comp="852" pin="3"/><net_sink comp="2174" pin=0"/></net>

<net id="2178"><net_src comp="2174" pin="1"/><net_sink comp="577" pin=0"/></net>

<net id="2182"><net_src comp="859" pin="3"/><net_sink comp="2179" pin=0"/></net>

<net id="2183"><net_src comp="2179" pin="1"/><net_sink comp="587" pin=0"/></net>

<net id="2187"><net_src comp="866" pin="3"/><net_sink comp="2184" pin=0"/></net>

<net id="2188"><net_src comp="2184" pin="1"/><net_sink comp="597" pin=0"/></net>

<net id="2192"><net_src comp="873" pin="3"/><net_sink comp="2189" pin=0"/></net>

<net id="2193"><net_src comp="2189" pin="1"/><net_sink comp="607" pin=0"/></net>

<net id="2197"><net_src comp="880" pin="3"/><net_sink comp="2194" pin=0"/></net>

<net id="2198"><net_src comp="2194" pin="1"/><net_sink comp="617" pin=0"/></net>

<net id="2202"><net_src comp="887" pin="3"/><net_sink comp="2199" pin=0"/></net>

<net id="2203"><net_src comp="2199" pin="1"/><net_sink comp="627" pin=0"/></net>

<net id="2207"><net_src comp="894" pin="3"/><net_sink comp="2204" pin=0"/></net>

<net id="2208"><net_src comp="2204" pin="1"/><net_sink comp="637" pin=0"/></net>

<net id="2212"><net_src comp="901" pin="3"/><net_sink comp="2209" pin=0"/></net>

<net id="2213"><net_src comp="2209" pin="1"/><net_sink comp="647" pin=0"/></net>

<net id="2217"><net_src comp="908" pin="3"/><net_sink comp="2214" pin=0"/></net>

<net id="2218"><net_src comp="2214" pin="1"/><net_sink comp="657" pin=0"/></net>

<net id="2222"><net_src comp="915" pin="3"/><net_sink comp="2219" pin=0"/></net>

<net id="2223"><net_src comp="2219" pin="1"/><net_sink comp="667" pin=0"/></net>

<net id="2227"><net_src comp="922" pin="3"/><net_sink comp="2224" pin=0"/></net>

<net id="2228"><net_src comp="2224" pin="1"/><net_sink comp="677" pin=0"/></net>

<net id="2232"><net_src comp="929" pin="3"/><net_sink comp="2229" pin=0"/></net>

<net id="2233"><net_src comp="2229" pin="1"/><net_sink comp="687" pin=0"/></net>

<net id="2237"><net_src comp="936" pin="3"/><net_sink comp="2234" pin=0"/></net>

<net id="2238"><net_src comp="2234" pin="1"/><net_sink comp="697" pin=0"/></net>

<net id="2242"><net_src comp="943" pin="3"/><net_sink comp="2239" pin=0"/></net>

<net id="2243"><net_src comp="2239" pin="1"/><net_sink comp="707" pin=0"/></net>

<net id="2247"><net_src comp="950" pin="3"/><net_sink comp="2244" pin=0"/></net>

<net id="2248"><net_src comp="2244" pin="1"/><net_sink comp="717" pin=0"/></net>

<net id="2252"><net_src comp="957" pin="3"/><net_sink comp="2249" pin=0"/></net>

<net id="2253"><net_src comp="2249" pin="1"/><net_sink comp="727" pin=0"/></net>

<net id="2257"><net_src comp="964" pin="3"/><net_sink comp="2254" pin=0"/></net>

<net id="2258"><net_src comp="2254" pin="1"/><net_sink comp="737" pin=0"/></net>

<net id="2262"><net_src comp="1003" pin="3"/><net_sink comp="2259" pin=0"/></net>

<net id="2263"><net_src comp="2259" pin="1"/><net_sink comp="427" pin=0"/></net>

<net id="2267"><net_src comp="1010" pin="3"/><net_sink comp="2264" pin=0"/></net>

<net id="2268"><net_src comp="2264" pin="1"/><net_sink comp="437" pin=0"/></net>

<net id="2272"><net_src comp="1017" pin="3"/><net_sink comp="2269" pin=0"/></net>

<net id="2273"><net_src comp="2269" pin="1"/><net_sink comp="447" pin=0"/></net>

<net id="2277"><net_src comp="1024" pin="3"/><net_sink comp="2274" pin=0"/></net>

<net id="2278"><net_src comp="2274" pin="1"/><net_sink comp="457" pin=0"/></net>

<net id="2282"><net_src comp="1031" pin="3"/><net_sink comp="2279" pin=0"/></net>

<net id="2283"><net_src comp="2279" pin="1"/><net_sink comp="467" pin=0"/></net>

<net id="2287"><net_src comp="1038" pin="3"/><net_sink comp="2284" pin=0"/></net>

<net id="2288"><net_src comp="2284" pin="1"/><net_sink comp="477" pin=0"/></net>

<net id="2292"><net_src comp="1045" pin="3"/><net_sink comp="2289" pin=0"/></net>

<net id="2293"><net_src comp="2289" pin="1"/><net_sink comp="487" pin=0"/></net>

<net id="2297"><net_src comp="1052" pin="3"/><net_sink comp="2294" pin=0"/></net>

<net id="2298"><net_src comp="2294" pin="1"/><net_sink comp="497" pin=0"/></net>

<net id="2302"><net_src comp="1059" pin="3"/><net_sink comp="2299" pin=0"/></net>

<net id="2303"><net_src comp="2299" pin="1"/><net_sink comp="507" pin=0"/></net>

<net id="2307"><net_src comp="1066" pin="3"/><net_sink comp="2304" pin=0"/></net>

<net id="2308"><net_src comp="2304" pin="1"/><net_sink comp="517" pin=0"/></net>

<net id="2312"><net_src comp="1073" pin="3"/><net_sink comp="2309" pin=0"/></net>

<net id="2313"><net_src comp="2309" pin="1"/><net_sink comp="527" pin=0"/></net>

<net id="2317"><net_src comp="1080" pin="3"/><net_sink comp="2314" pin=0"/></net>

<net id="2318"><net_src comp="2314" pin="1"/><net_sink comp="537" pin=0"/></net>

<net id="2322"><net_src comp="1087" pin="3"/><net_sink comp="2319" pin=0"/></net>

<net id="2323"><net_src comp="2319" pin="1"/><net_sink comp="547" pin=0"/></net>

<net id="2327"><net_src comp="1094" pin="3"/><net_sink comp="2324" pin=0"/></net>

<net id="2328"><net_src comp="2324" pin="1"/><net_sink comp="557" pin=0"/></net>

<net id="2332"><net_src comp="1101" pin="3"/><net_sink comp="2329" pin=0"/></net>

<net id="2333"><net_src comp="2329" pin="1"/><net_sink comp="567" pin=0"/></net>

<net id="2337"><net_src comp="1108" pin="3"/><net_sink comp="2334" pin=0"/></net>

<net id="2338"><net_src comp="2334" pin="1"/><net_sink comp="577" pin=0"/></net>

<net id="2342"><net_src comp="1115" pin="3"/><net_sink comp="2339" pin=0"/></net>

<net id="2343"><net_src comp="2339" pin="1"/><net_sink comp="587" pin=0"/></net>

<net id="2347"><net_src comp="1122" pin="3"/><net_sink comp="2344" pin=0"/></net>

<net id="2348"><net_src comp="2344" pin="1"/><net_sink comp="597" pin=0"/></net>

<net id="2352"><net_src comp="1129" pin="3"/><net_sink comp="2349" pin=0"/></net>

<net id="2353"><net_src comp="2349" pin="1"/><net_sink comp="607" pin=0"/></net>

<net id="2357"><net_src comp="1136" pin="3"/><net_sink comp="2354" pin=0"/></net>

<net id="2358"><net_src comp="2354" pin="1"/><net_sink comp="617" pin=0"/></net>

<net id="2362"><net_src comp="1143" pin="3"/><net_sink comp="2359" pin=0"/></net>

<net id="2363"><net_src comp="2359" pin="1"/><net_sink comp="627" pin=0"/></net>

<net id="2367"><net_src comp="1150" pin="3"/><net_sink comp="2364" pin=0"/></net>

<net id="2368"><net_src comp="2364" pin="1"/><net_sink comp="637" pin=0"/></net>

<net id="2372"><net_src comp="1157" pin="3"/><net_sink comp="2369" pin=0"/></net>

<net id="2373"><net_src comp="2369" pin="1"/><net_sink comp="647" pin=0"/></net>

<net id="2377"><net_src comp="1164" pin="3"/><net_sink comp="2374" pin=0"/></net>

<net id="2378"><net_src comp="2374" pin="1"/><net_sink comp="657" pin=0"/></net>

<net id="2382"><net_src comp="1171" pin="3"/><net_sink comp="2379" pin=0"/></net>

<net id="2383"><net_src comp="2379" pin="1"/><net_sink comp="667" pin=0"/></net>

<net id="2387"><net_src comp="1178" pin="3"/><net_sink comp="2384" pin=0"/></net>

<net id="2388"><net_src comp="2384" pin="1"/><net_sink comp="677" pin=0"/></net>

<net id="2392"><net_src comp="1185" pin="3"/><net_sink comp="2389" pin=0"/></net>

<net id="2393"><net_src comp="2389" pin="1"/><net_sink comp="687" pin=0"/></net>

<net id="2397"><net_src comp="1192" pin="3"/><net_sink comp="2394" pin=0"/></net>

<net id="2398"><net_src comp="2394" pin="1"/><net_sink comp="697" pin=0"/></net>

<net id="2402"><net_src comp="1199" pin="3"/><net_sink comp="2399" pin=0"/></net>

<net id="2403"><net_src comp="2399" pin="1"/><net_sink comp="707" pin=0"/></net>

<net id="2407"><net_src comp="1206" pin="3"/><net_sink comp="2404" pin=0"/></net>

<net id="2408"><net_src comp="2404" pin="1"/><net_sink comp="717" pin=0"/></net>

<net id="2412"><net_src comp="1213" pin="3"/><net_sink comp="2409" pin=0"/></net>

<net id="2413"><net_src comp="2409" pin="1"/><net_sink comp="727" pin=0"/></net>

<net id="2417"><net_src comp="1220" pin="3"/><net_sink comp="2414" pin=0"/></net>

<net id="2418"><net_src comp="2414" pin="1"/><net_sink comp="737" pin=0"/></net>

<net id="2422"><net_src comp="1591" pin="1"/><net_sink comp="2419" pin=0"/></net>

<net id="2423"><net_src comp="2419" pin="1"/><net_sink comp="1891" pin=0"/></net>

<net id="2427"><net_src comp="1730" pin="67"/><net_sink comp="2424" pin=0"/></net>

<net id="2428"><net_src comp="2424" pin="1"/><net_sink comp="1869" pin=0"/></net>

<net id="2432"><net_src comp="1865" pin="1"/><net_sink comp="2429" pin=0"/></net>

<net id="2433"><net_src comp="2429" pin="1"/><net_sink comp="1900" pin=0"/></net>

<net id="2437"><net_src comp="1872" pin="2"/><net_sink comp="2434" pin=0"/></net>

<net id="2438"><net_src comp="2434" pin="1"/><net_sink comp="1891" pin=0"/></net>

<net id="2442"><net_src comp="1878" pin="1"/><net_sink comp="2439" pin=0"/></net>

<net id="2443"><net_src comp="2439" pin="1"/><net_sink comp="1900" pin=0"/></net>

</net_list>

</model> 
---------------- Datapath Model END ------------------

* FSMD analyzer results:
  - Output states:
	Port: gray_out | {7 }
 - Input state : 
	Port: grayscale_Pipeline_unpack_pixels : row_bytes | {2 3 4 }
	Port: grayscale_Pipeline_unpack_pixels : row_bytes_1 | {2 3 4 }
	Port: grayscale_Pipeline_unpack_pixels : row_bytes_2 | {2 3 4 }
	Port: grayscale_Pipeline_unpack_pixels : row_bytes_3 | {2 3 4 }
	Port: grayscale_Pipeline_unpack_pixels : row_bytes_4 | {2 3 4 }
	Port: grayscale_Pipeline_unpack_pixels : row_bytes_5 | {2 3 4 }
	Port: grayscale_Pipeline_unpack_pixels : row_bytes_6 | {2 3 4 }
	Port: grayscale_Pipeline_unpack_pixels : row_bytes_7 | {2 3 4 }
	Port: grayscale_Pipeline_unpack_pixels : row_bytes_8 | {2 3 4 }
	Port: grayscale_Pipeline_unpack_pixels : row_bytes_9 | {2 3 4 }
	Port: grayscale_Pipeline_unpack_pixels : row_bytes_10 | {2 3 4 }
	Port: grayscale_Pipeline_unpack_pixels : row_bytes_11 | {2 3 4 }
	Port: grayscale_Pipeline_unpack_pixels : row_bytes_12 | {2 3 4 }
	Port: grayscale_Pipeline_unpack_pixels : row_bytes_13 | {2 3 4 }
	Port: grayscale_Pipeline_unpack_pixels : row_bytes_14 | {2 3 4 }
	Port: grayscale_Pipeline_unpack_pixels : row_bytes_15 | {2 3 4 }
	Port: grayscale_Pipeline_unpack_pixels : row_bytes_16 | {2 3 4 }
	Port: grayscale_Pipeline_unpack_pixels : row_bytes_17 | {2 3 4 }
	Port: grayscale_Pipeline_unpack_pixels : row_bytes_18 | {2 3 4 }
	Port: grayscale_Pipeline_unpack_pixels : row_bytes_19 | {2 3 4 }
	Port: grayscale_Pipeline_unpack_pixels : row_bytes_20 | {2 3 4 }
	Port: grayscale_Pipeline_unpack_pixels : row_bytes_21 | {2 3 4 }
	Port: grayscale_Pipeline_unpack_pixels : row_bytes_22 | {2 3 4 }
	Port: grayscale_Pipeline_unpack_pixels : row_bytes_23 | {2 3 4 }
	Port: grayscale_Pipeline_unpack_pixels : row_bytes_24 | {2 3 4 }
	Port: grayscale_Pipeline_unpack_pixels : row_bytes_25 | {2 3 4 }
	Port: grayscale_Pipeline_unpack_pixels : row_bytes_26 | {2 3 4 }
	Port: grayscale_Pipeline_unpack_pixels : row_bytes_27 | {2 3 4 }
	Port: grayscale_Pipeline_unpack_pixels : row_bytes_28 | {2 3 4 }
	Port: grayscale_Pipeline_unpack_pixels : row_bytes_29 | {2 3 4 }
	Port: grayscale_Pipeline_unpack_pixels : row_bytes_30 | {2 3 4 }
	Port: grayscale_Pipeline_unpack_pixels : row_bytes_31 | {2 3 4 }
	Port: grayscale_Pipeline_unpack_pixels : gray_out | {}
  - Chain level:
	State 1
		store_ln32 : 1
		column_13 : 1
		icmp_ln32 : 2
		add_ln32 : 2
		br_ln32 : 3
		trunc_ln32 : 2
		store_ln32 : 3
	State 2
		p_shl : 1
		sub_ln36 : 2
		lshr_ln : 3
		zext_ln36_1 : 4
		row_bytes_addr : 5
		row_bytes_1_addr : 5
		row_bytes_2_addr : 5
		row_bytes_3_addr : 5
		row_bytes_4_addr : 5
		row_bytes_5_addr : 5
		row_bytes_6_addr : 5
		row_bytes_7_addr : 5
		row_bytes_8_addr : 5
		row_bytes_9_addr : 5
		row_bytes_10_addr : 5
		row_bytes_11_addr : 5
		row_bytes_12_addr : 5
		row_bytes_13_addr : 5
		row_bytes_14_addr : 5
		row_bytes_15_addr : 5
		row_bytes_16_addr : 5
		row_bytes_17_addr : 5
		row_bytes_18_addr : 5
		row_bytes_19_addr : 5
		row_bytes_20_addr : 5
		row_bytes_21_addr : 5
		row_bytes_22_addr : 5
		row_bytes_23_addr : 5
		row_bytes_24_addr : 5
		row_bytes_25_addr : 5
		row_bytes_26_addr : 5
		row_bytes_27_addr : 5
		row_bytes_28_addr : 5
		row_bytes_29_addr : 5
		row_bytes_30_addr : 5
		row_bytes_31_addr : 5
		row_bytes_load : 6
		row_bytes_1_load : 6
		row_bytes_2_load : 6
		row_bytes_3_load : 6
		row_bytes_4_load : 6
		row_bytes_5_load : 6
		row_bytes_6_load : 6
		row_bytes_7_load : 6
		row_bytes_8_load : 6
		row_bytes_9_load : 6
		row_bytes_10_load : 6
		row_bytes_11_load : 6
		row_bytes_12_load : 6
		row_bytes_13_load : 6
		row_bytes_14_load : 6
		row_bytes_15_load : 6
		row_bytes_16_load : 6
		row_bytes_17_load : 6
		row_bytes_18_load : 6
		row_bytes_19_load : 6
		row_bytes_20_load : 6
		row_bytes_21_load : 6
		row_bytes_22_load : 6
		row_bytes_23_load : 6
		row_bytes_24_load : 6
		row_bytes_25_load : 6
		row_bytes_26_load : 6
		row_bytes_27_load : 6
		row_bytes_28_load : 6
		row_bytes_29_load : 6
		row_bytes_30_load : 6
		row_bytes_31_load : 6
	State 3
		pixel : 1
		lshr_ln1 : 1
		zext_ln37 : 2
		row_bytes_addr_1 : 3
		row_bytes_1_addr_1 : 3
		row_bytes_2_addr_1 : 3
		row_bytes_3_addr_1 : 3
		row_bytes_4_addr_1 : 3
		row_bytes_5_addr_1 : 3
		row_bytes_6_addr_1 : 3
		row_bytes_7_addr_1 : 3
		row_bytes_8_addr_1 : 3
		row_bytes_9_addr_1 : 3
		row_bytes_10_addr_1 : 3
		row_bytes_11_addr_1 : 3
		row_bytes_12_addr_1 : 3
		row_bytes_13_addr_1 : 3
		row_bytes_14_addr_1 : 3
		row_bytes_15_addr_1 : 3
		row_bytes_16_addr_1 : 3
		row_bytes_17_addr_1 : 3
		row_bytes_18_addr_1 : 3
		row_bytes_19_addr_1 : 3
		row_bytes_20_addr_1 : 3
		row_bytes_21_addr_1 : 3
		row_bytes_22_addr_1 : 3
		row_bytes_23_addr_1 : 3
		row_bytes_24_addr_1 : 3
		row_bytes_25_addr_1 : 3
		row_bytes_26_addr_1 : 3
		row_bytes_27_addr_1 : 3
		row_bytes_28_addr_1 : 3
		row_bytes_29_addr_1 : 3
		row_bytes_30_addr_1 : 3
		row_bytes_31_addr_1 : 3
		row_bytes_load_1 : 4
		row_bytes_1_load_1 : 4
		row_bytes_2_load_1 : 4
		row_bytes_3_load_1 : 4
		row_bytes_4_load_1 : 4
		row_bytes_5_load_1 : 4
		row_bytes_6_load_1 : 4
		row_bytes_7_load_1 : 4
		row_bytes_8_load_1 : 4
		row_bytes_9_load_1 : 4
		row_bytes_10_load_1 : 4
		row_bytes_11_load_1 : 4
		row_bytes_12_load_1 : 4
		row_bytes_13_load_1 : 4
		row_bytes_14_load_1 : 4
		row_bytes_15_load_1 : 4
		row_bytes_16_load_1 : 4
		row_bytes_17_load_1 : 4
		row_bytes_18_load_1 : 4
		row_bytes_19_load_1 : 4
		row_bytes_20_load_1 : 4
		row_bytes_21_load_1 : 4
		row_bytes_22_load_1 : 4
		row_bytes_23_load_1 : 4
		row_bytes_24_load_1 : 4
		row_bytes_25_load_1 : 4
		row_bytes_26_load_1 : 4
		row_bytes_27_load_1 : 4
		row_bytes_28_load_1 : 4
		row_bytes_29_load_1 : 4
		row_bytes_30_load_1 : 4
		row_bytes_31_load_1 : 4
		lshr_ln2 : 1
		zext_ln38 : 2
		row_bytes_addr_2 : 3
		row_bytes_1_addr_2 : 3
		row_bytes_2_addr_2 : 3
		row_bytes_3_addr_2 : 3
		row_bytes_4_addr_2 : 3
		row_bytes_5_addr_2 : 3
		row_bytes_6_addr_2 : 3
		row_bytes_7_addr_2 : 3
		row_bytes_8_addr_2 : 3
		row_bytes_9_addr_2 : 3
		row_bytes_10_addr_2 : 3
		row_bytes_11_addr_2 : 3
		row_bytes_12_addr_2 : 3
		row_bytes_13_addr_2 : 3
		row_bytes_14_addr_2 : 3
		row_bytes_15_addr_2 : 3
		row_bytes_16_addr_2 : 3
		row_bytes_17_addr_2 : 3
		row_bytes_18_addr_2 : 3
		row_bytes_19_addr_2 : 3
		row_bytes_20_addr_2 : 3
		row_bytes_21_addr_2 : 3
		row_bytes_22_addr_2 : 3
		row_bytes_23_addr_2 : 3
		row_bytes_24_addr_2 : 3
		row_bytes_25_addr_2 : 3
		row_bytes_26_addr_2 : 3
		row_bytes_27_addr_2 : 3
		row_bytes_28_addr_2 : 3
		row_bytes_29_addr_2 : 3
		row_bytes_30_addr_2 : 3
		row_bytes_31_addr_2 : 3
		row_bytes_load_2 : 4
		row_bytes_1_load_2 : 4
		row_bytes_2_load_2 : 4
		row_bytes_3_load_2 : 4
		row_bytes_4_load_2 : 4
		row_bytes_5_load_2 : 4
		row_bytes_6_load_2 : 4
		row_bytes_7_load_2 : 4
		row_bytes_8_load_2 : 4
		row_bytes_9_load_2 : 4
		row_bytes_10_load_2 : 4
		row_bytes_11_load_2 : 4
		row_bytes_12_load_2 : 4
		row_bytes_13_load_2 : 4
		row_bytes_14_load_2 : 4
		row_bytes_15_load_2 : 4
		row_bytes_16_load_2 : 4
		row_bytes_17_load_2 : 4
		row_bytes_18_load_2 : 4
		row_bytes_19_load_2 : 4
		row_bytes_20_load_2 : 4
		row_bytes_21_load_2 : 4
		row_bytes_22_load_2 : 4
		row_bytes_23_load_2 : 4
		row_bytes_24_load_2 : 4
		row_bytes_25_load_2 : 4
		row_bytes_26_load_2 : 4
		row_bytes_27_load_2 : 4
		row_bytes_28_load_2 : 4
		row_bytes_29_load_2 : 4
		row_bytes_30_load_2 : 4
		row_bytes_31_load_2 : 4
		zext_ln42_1 : 2
		mul_ln42_3 : 3
	State 4
		pixel_4 : 1
		pixel_5 : 1
		zext_ln43 : 2
		mul_ln42_2 : 3
	State 5
		mul_ln42 : 1
		zext_ln42_2 : 1
		add_ln42 : 2
	State 6
		zext_ln42_3 : 1
		gray : 2
	State 7
		p_0 : 1
		write_ln45 : 2


============================================================
+ Verbose Summary: Datapath Resource usage 
============================================================

* Functional unit list:
|----------|-------------------------|---------|---------|---------|
| Operation|     Functional Unit     |   DSP   |    FF   |   LUT   |
|----------|-------------------------|---------|---------|---------|
|          |      pixel_fu_1354      |    0    |    0    |   148   |
| sparsemux|     pixel_4_fu_1595     |    0    |    0    |   148   |
|          |     pixel_5_fu_1730     |    0    |    0    |   148   |
|----------|-------------------------|---------|---------|---------|
|          |     add_ln32_fu_1273    |    0    |    0    |    17   |
|    add   |     add_ln37_fu_1489    |    0    |    0    |    18   |
|          |     add_ln38_fu_1540    |    0    |    0    |    18   |
|----------|-------------------------|---------|---------|---------|
|    mul   |     mul_ln42_fu_1872    |    0    |    0    |    40   |
|----------|-------------------------|---------|---------|---------|
|    sub   |     sub_ln36_fu_1302    |    0    |    0    |    18   |
|----------|-------------------------|---------|---------|---------|
|   icmp   |    icmp_ln32_fu_1267    |    0    |    0    |    17   |
|----------|-------------------------|---------|---------|---------|
|  muladd  |       grp_fu_1891       |    1    |    0    |    0    |
|          |       grp_fu_1900       |    1    |    0    |    0    |
|----------|-------------------------|---------|---------|---------|
|   write  | write_ln45_write_fu_196 |    0    |    0    |    0    |
|----------|-------------------------|---------|---------|---------|
|   trunc  |    trunc_ln32_fu_1279   |    0    |    0    |    0    |
|          |    trunc_ln36_fu_1291   |    0    |    0    |    0    |
|----------|-------------------------|---------|---------|---------|
|          |    zext_ln36_fu_1288    |    0    |    0    |    0    |
|          |   zext_ln36_1_fu_1318   |    0    |    0    |    0    |
|          |    zext_ln37_fu_1504    |    0    |    0    |    0    |
|   zext   |    zext_ln38_fu_1555    |    0    |    0    |    0    |
|          |   zext_ln42_1_fu_1591   |    0    |    0    |    0    |
|          |    zext_ln43_fu_1865    |    0    |    0    |    0    |
|          |    zext_ln42_fu_1869    |    0    |    0    |    0    |
|          |   zext_ln42_3_fu_1878   |    0    |    0    |    0    |
|----------|-------------------------|---------|---------|---------|
|bitconcatenate|      p_shl_fu_1294      |    0    |    0    |    0    |
|----------|-------------------------|---------|---------|---------|
|          |     lshr_ln_fu_1308     |    0    |    0    |    0    |
|partselect|     lshr_ln1_fu_1494    |    0    |    0    |    0    |
|          |     lshr_ln2_fu_1545    |    0    |    0    |    0    |
|          |       p_0_fu_1881       |    0    |    0    |    0    |
|----------|-------------------------|---------|---------|---------|
|   Total  |                         |    2    |    0    |   572   |
|----------|-------------------------|---------|---------|---------|

Memories:
N/A

* Register list:
+----------------------------+--------+
|                            |   FF   |
+----------------------------+--------+
|     column_13_reg_1916     |   10   |
|       column_reg_1909      |   10   |
|     icmp_ln32_reg_1922     |    1   |
|      mul_ln42_reg_2434     |   15   |
|      pixel_5_reg_2424      |    8   |
|row_bytes_10_addr_1_reg_2149|    6   |
|row_bytes_10_addr_2_reg_2309|    6   |
| row_bytes_10_addr_reg_1989 |    6   |
|row_bytes_11_addr_1_reg_2154|    6   |
|row_bytes_11_addr_2_reg_2314|    6   |
| row_bytes_11_addr_reg_1994 |    6   |
|row_bytes_12_addr_1_reg_2159|    6   |
|row_bytes_12_addr_2_reg_2319|    6   |
| row_bytes_12_addr_reg_1999 |    6   |
|row_bytes_13_addr_1_reg_2164|    6   |
|row_bytes_13_addr_2_reg_2324|    6   |
| row_bytes_13_addr_reg_2004 |    6   |
|row_bytes_14_addr_1_reg_2169|    6   |
|row_bytes_14_addr_2_reg_2329|    6   |
| row_bytes_14_addr_reg_2009 |    6   |
|row_bytes_15_addr_1_reg_2174|    6   |
|row_bytes_15_addr_2_reg_2334|    6   |
| row_bytes_15_addr_reg_2014 |    6   |
|row_bytes_16_addr_1_reg_2179|    6   |
|row_bytes_16_addr_2_reg_2339|    6   |
| row_bytes_16_addr_reg_2019 |    6   |
|row_bytes_17_addr_1_reg_2184|    6   |
|row_bytes_17_addr_2_reg_2344|    6   |
| row_bytes_17_addr_reg_2024 |    6   |
|row_bytes_18_addr_1_reg_2189|    6   |
|row_bytes_18_addr_2_reg_2349|    6   |
| row_bytes_18_addr_reg_2029 |    6   |
|row_bytes_19_addr_1_reg_2194|    6   |
|row_bytes_19_addr_2_reg_2354|    6   |
| row_bytes_19_addr_reg_2034 |    6   |
| row_bytes_1_addr_1_reg_2104|    6   |
| row_bytes_1_addr_2_reg_2264|    6   |
|  row_bytes_1_addr_reg_1944 |    6   |
|row_bytes_20_addr_1_reg_2199|    6   |
|row_bytes_20_addr_2_reg_2359|    6   |
| row_bytes_20_addr_reg_2039 |    6   |
|row_bytes_21_addr_1_reg_2204|    6   |
|row_bytes_21_addr_2_reg_2364|    6   |
| row_bytes_21_addr_reg_2044 |    6   |
|row_bytes_22_addr_1_reg_2209|    6   |
|row_bytes_22_addr_2_reg_2369|    6   |
| row_bytes_22_addr_reg_2049 |    6   |
|row_bytes_23_addr_1_reg_2214|    6   |
|row_bytes_23_addr_2_reg_2374|    6   |
| row_bytes_23_addr_reg_2054 |    6   |
|row_bytes_24_addr_1_reg_2219|    6   |
|row_bytes_24_addr_2_reg_2379|    6   |
| row_bytes_24_addr_reg_2059 |    6   |
|row_bytes_25_addr_1_reg_2224|    6   |
|row_bytes_25_addr_2_reg_2384|    6   |
| row_bytes_25_addr_reg_2064 |    6   |
|row_bytes_26_addr_1_reg_2229|    6   |
|row_bytes_26_addr_2_reg_2389|    6   |
| row_bytes_26_addr_reg_2069 |    6   |
|row_bytes_27_addr_1_reg_2234|    6   |
|row_bytes_27_addr_2_reg_2394|    6   |
| row_bytes_27_addr_reg_2074 |    6   |
|row_bytes_28_addr_1_reg_2239|    6   |
|row_bytes_28_addr_2_reg_2399|    6   |
| row_bytes_28_addr_reg_2079 |    6   |
|row_bytes_29_addr_1_reg_2244|    6   |
|row_bytes_29_addr_2_reg_2404|    6   |
| row_bytes_29_addr_reg_2084 |    6   |
| row_bytes_2_addr_1_reg_2109|    6   |
| row_bytes_2_addr_2_reg_2269|    6   |
|  row_bytes_2_addr_reg_1949 |    6   |
|row_bytes_30_addr_1_reg_2249|    6   |
|row_bytes_30_addr_2_reg_2409|    6   |
| row_bytes_30_addr_reg_2089 |    6   |
|row_bytes_31_addr_1_reg_2254|    6   |
|row_bytes_31_addr_2_reg_2414|    6   |
| row_bytes_31_addr_reg_2094 |    6   |
| row_bytes_3_addr_1_reg_2114|    6   |
| row_bytes_3_addr_2_reg_2274|    6   |
|  row_bytes_3_addr_reg_1954 |    6   |
| row_bytes_4_addr_1_reg_2119|    6   |
| row_bytes_4_addr_2_reg_2279|    6   |
|  row_bytes_4_addr_reg_1959 |    6   |
| row_bytes_5_addr_1_reg_2124|    6   |
| row_bytes_5_addr_2_reg_2284|    6   |
|  row_bytes_5_addr_reg_1964 |    6   |
| row_bytes_6_addr_1_reg_2129|    6   |
| row_bytes_6_addr_2_reg_2289|    6   |
|  row_bytes_6_addr_reg_1969 |    6   |
| row_bytes_7_addr_1_reg_2134|    6   |
| row_bytes_7_addr_2_reg_2294|    6   |
|  row_bytes_7_addr_reg_1974 |    6   |
| row_bytes_8_addr_1_reg_2139|    6   |
| row_bytes_8_addr_2_reg_2299|    6   |
|  row_bytes_8_addr_reg_1979 |    6   |
| row_bytes_9_addr_1_reg_2144|    6   |
| row_bytes_9_addr_2_reg_2304|    6   |
|  row_bytes_9_addr_reg_1984 |    6   |
|  row_bytes_addr_1_reg_2099 |    6   |
|  row_bytes_addr_2_reg_2259 |    6   |
|   row_bytes_addr_reg_1939  |    6   |
|      sub_ln36_reg_1933     |   11   |
|     trunc_ln32_reg_1926    |    5   |
|    zext_ln42_1_reg_2419    |   13   |
|    zext_ln42_3_reg_2439    |   16   |
|     zext_ln43_reg_2429     |   16   |
+----------------------------+--------+
|            Total           |   681  |
+----------------------------+--------+

* Multiplexer (MUX) list: 
|-------------------|------|------|------|--------||---------||---------||---------|
|        Comp       |  Pin | Size |  BW  | S x BW ||  Delay  ||    FF   ||   LUT   |
|-------------------|------|------|------|--------||---------||---------||---------|
| grp_access_fu_427 |  p0  |   4  |   6  |   24   ||    0    ||    20   |
| grp_access_fu_427 |  p2  |   2  |   0  |    0   ||    0    ||    9    |
| grp_access_fu_437 |  p0  |   4  |   6  |   24   ||    0    ||    20   |
| grp_access_fu_437 |  p2  |   2  |   0  |    0   ||    0    ||    9    |
| grp_access_fu_447 |  p0  |   4  |   6  |   24   ||    0    ||    20   |
| grp_access_fu_447 |  p2  |   2  |   0  |    0   ||    0    ||    9    |
| grp_access_fu_457 |  p0  |   4  |   6  |   24   ||    0    ||    20   |
| grp_access_fu_457 |  p2  |   2  |   0  |    0   ||    0    ||    9    |
| grp_access_fu_467 |  p0  |   4  |   6  |   24   ||    0    ||    20   |
| grp_access_fu_467 |  p2  |   2  |   0  |    0   ||    0    ||    9    |
| grp_access_fu_477 |  p0  |   4  |   6  |   24   ||    0    ||    20   |
| grp_access_fu_477 |  p2  |   2  |   0  |    0   ||    0    ||    9    |
| grp_access_fu_487 |  p0  |   4  |   6  |   24   ||    0    ||    20   |
| grp_access_fu_487 |  p2  |   2  |   0  |    0   ||    0    ||    9    |
| grp_access_fu_497 |  p0  |   4  |   6  |   24   ||    0    ||    20   |
| grp_access_fu_497 |  p2  |   2  |   0  |    0   ||    0    ||    9    |
| grp_access_fu_507 |  p0  |   4  |   6  |   24   ||    0    ||    20   |
| grp_access_fu_507 |  p2  |   2  |   0  |    0   ||    0    ||    9    |
| grp_access_fu_517 |  p0  |   4  |   6  |   24   ||    0    ||    20   |
| grp_access_fu_517 |  p2  |   2  |   0  |    0   ||    0    ||    9    |
| grp_access_fu_527 |  p0  |   4  |   6  |   24   ||    0    ||    20   |
| grp_access_fu_527 |  p2  |   2  |   0  |    0   ||    0    ||    9    |
| grp_access_fu_537 |  p0  |   4  |   6  |   24   ||    0    ||    20   |
| grp_access_fu_537 |  p2  |   2  |   0  |    0   ||    0    ||    9    |
| grp_access_fu_547 |  p0  |   4  |   6  |   24   ||    0    ||    20   |
| grp_access_fu_547 |  p2  |   2  |   0  |    0   ||    0    ||    9    |
| grp_access_fu_557 |  p0  |   4  |   6  |   24   ||    0    ||    20   |
| grp_access_fu_557 |  p2  |   2  |   0  |    0   ||    0    ||    9    |
| grp_access_fu_567 |  p0  |   4  |   6  |   24   ||    0    ||    20   |
| grp_access_fu_567 |  p2  |   2  |   0  |    0   ||    0    ||    9    |
| grp_access_fu_577 |  p0  |   4  |   6  |   24   ||    0    ||    20   |
| grp_access_fu_577 |  p2  |   2  |   0  |    0   ||    0    ||    9    |
| grp_access_fu_587 |  p0  |   4  |   6  |   24   ||    0    ||    20   |
| grp_access_fu_587 |  p2  |   2  |   0  |    0   ||    0    ||    9    |
| grp_access_fu_597 |  p0  |   4  |   6  |   24   ||    0    ||    20   |
| grp_access_fu_597 |  p2  |   2  |   0  |    0   ||    0    ||    9    |
| grp_access_fu_607 |  p0  |   4  |   6  |   24   ||    0    ||    20   |
| grp_access_fu_607 |  p2  |   2  |   0  |    0   ||    0    ||    9    |
| grp_access_fu_617 |  p0  |   4  |   6  |   24   ||    0    ||    20   |
| grp_access_fu_617 |  p2  |   2  |   0  |    0   ||    0    ||    9    |
| grp_access_fu_627 |  p0  |   4  |   6  |   24   ||    0    ||    20   |
| grp_access_fu_627 |  p2  |   2  |   0  |    0   ||    0    ||    9    |
| grp_access_fu_637 |  p0  |   4  |   6  |   24   ||    0    ||    20   |
| grp_access_fu_637 |  p2  |   2  |   0  |    0   ||    0    ||    9    |
| grp_access_fu_647 |  p0  |   4  |   6  |   24   ||    0    ||    20   |
| grp_access_fu_647 |  p2  |   2  |   0  |    0   ||    0    ||    9    |
| grp_access_fu_657 |  p0  |   4  |   6  |   24   ||    0    ||    20   |
| grp_access_fu_657 |  p2  |   2  |   0  |    0   ||    0    ||    9    |
| grp_access_fu_667 |  p0  |   4  |   6  |   24   ||    0    ||    20   |
| grp_access_fu_667 |  p2  |   2  |   0  |    0   ||    0    ||    9    |
| grp_access_fu_677 |  p0  |   4  |   6  |   24   ||    0    ||    20   |
| grp_access_fu_677 |  p2  |   2  |   0  |    0   ||    0    ||    9    |
| grp_access_fu_687 |  p0  |   4  |   6  |   24   ||    0    ||    20   |
| grp_access_fu_687 |  p2  |   2  |   0  |    0   ||    0    ||    9    |
| grp_access_fu_697 |  p0  |   4  |   6  |   24   ||    0    ||    20   |
| grp_access_fu_697 |  p2  |   2  |   0  |    0   ||    0    ||    9    |
| grp_access_fu_707 |  p0  |   4  |   6  |   24   ||    0    ||    20   |
| grp_access_fu_707 |  p2  |   2  |   0  |    0   ||    0    ||    9    |
| grp_access_fu_717 |  p0  |   4  |   6  |   24   ||    0    ||    20   |
| grp_access_fu_717 |  p2  |   2  |   0  |    0   ||    0    ||    9    |
| grp_access_fu_727 |  p0  |   4  |   6  |   24   ||    0    ||    20   |
| grp_access_fu_727 |  p2  |   2  |   0  |    0   ||    0    ||    9    |
| grp_access_fu_737 |  p0  |   4  |   6  |   24   ||    0    ||    20   |
| grp_access_fu_737 |  p2  |   2  |   0  |    0   ||    0    ||    9    |
|    grp_fu_1891    |  p0  |   3  |   8  |   24   ||    0    ||    14   |
|    grp_fu_1900    |  p0  |   3  |   8  |   24   ||    0    ||    14   |
|-------------------|------|------|------|--------||---------||---------||---------|
|       Total       |      |      |      |   816  ||  31.416 ||    0    ||   956   |
|-------------------|------|------|------|--------||---------||---------||---------|



* Summary:
+-----------+--------+--------+--------+--------+
|           |   DSP  |  Delay |   FF   |   LUT  |
+-----------+--------+--------+--------+--------+
|  Function |    2   |    -   |    0   |   572  |
|   Memory  |    -   |    -   |    -   |    -   |
|Multiplexer|    -   |   31   |    0   |   956  |
|  Register |    -   |    -   |   681  |    -   |
+-----------+--------+--------+--------+--------+
|   Total   |    2   |   31   |   681  |  1528  |
+-----------+--------+--------+--------+--------+
