

================================================================
== Vitis HLS Report for 'grayscale_Pipeline_unpack_pixels'
================================================================
* Date:           Sat Aug  1 17:30:24 2026

* Version:        2025.2 (Build 6295257 on Nov 14 2025)
* Project:        canny_top
* Solution:       hls (Vitis Kernel Flow Target)
* Product family: zynquplus
* Target device:  xck26-sfvc784-2LV-c


================================================================
== Performance Estimates
================================================================
+ Timing: 
    * Summary: 
    +--------+---------+----------+------------+
    |  Clock |  Target | Estimated| Uncertainty|
    +--------+---------+----------+------------+
    |ap_clk  |  5.00 ns|  2.462 ns|     1.35 ns|
    +--------+---------+----------+------------+

+ Latency: 
    * Summary: 
    +---------+---------+----------+----------+-----+-----+-------------------+
    |  Latency (cycles) |  Latency (absolute) |  Interval |      Pipeline     |
    |   min   |   max   |    min   |    max   | min | max |        Type       |
    +---------+---------+----------+----------+-----+-----+-------------------+
    |      647|      647|  3.235 us|  3.235 us|    0|    0|  loop pipeline stp|
    +---------+---------+----------+----------+-----+-----+-------------------+

    + Detail: 
        * Instance: 
        N/A

        * Loop: 
        +-----------------+---------+---------+----------+-----------+-----------+------+----------+
        |                 |  Latency (cycles) | Iteration|  Initiation Interval  | Trip |          |
        |    Loop Name    |   min   |   max   |  Latency |  achieved |   target  | Count| Pipelined|
        +-----------------+---------+---------+----------+-----------+-----------+------+----------+
        |- unpack_pixels  |      645|      645|         7|          1|          1|   640|       yes|
        +-----------------+---------+---------+----------+-----------+-----------+------+----------+

============================================================
+ Verbose Summary: Synthesis Manager
============================================================
InlineROM: 1
ExposeGlobal: 0
============================================================
+ Verbose Summary: CDFG Model
============================================================
IsTopModel: 0
ResetActiveHigh: 1
IsCombinational: 0
IsDatapathOnly: 0
HasWiredReturn: 1
HasMFsm: 2
HasVarLatency: 1
IsPipeline: 0
IsRtlPipelined: 0
IsInstanceOverlapped: 0
IsDontTouch: 0
HasImplIP: 0
IsGatedGlobalClock: 0

+ Individual pipeline summary: 
  * Pipeline-0: initiation interval (II) = 1, depth = 7


============================================================
+ Verbose Summary: Schedule
============================================================
* Number of FSM states : 7
* Pipeline : 1
  Pipeline-0 : II = 1, D = 7, States = { 1 2 3 4 5 6 7 }
* Dataflow Pipeline: 0

* FSM state transitions: 
1 --> 2 
2 --> 3 
3 --> 4 
4 --> 5 
5 --> 6 
6 --> 7 
7 --> 

* FSM state operations: 

State 1 <SV = 0> <Delay = 1.64>
ST_1 : Operation 10 [1/1] (0.00ns)   --->   "%column = alloca i32 1" [../src/grayscale.cpp:32]   --->   Operation 10 'alloca' 'column' <Predicate = true> <Delay = 0.00>
ST_1 : Operation 11 [1/1] (0.00ns)   --->   "%specinterface_ln0 = specinterface void @_ssdm_op_SpecInterface, i8 %gray_out, void @empty_10, i32 0, i32 0, void @empty_4, i32 0, i32 0, void @empty_4, void @empty_4, void @empty_4, i32 0, i32 0, i32 0, i32 0, void @empty_4, void @empty_4, i32 4294967295, i32 0, i32 0, i32 0"   --->   Operation 11 'specinterface' 'specinterface_ln0' <Predicate = true> <Delay = 0.00>
ST_1 : Operation 12 [1/1] (0.42ns)   --->   "%store_ln32 = store i10 0, i10 %column" [../src/grayscale.cpp:32]   --->   Operation 12 'store' 'store_ln32' <Predicate = true> <Delay = 0.42>
ST_1 : Operation 13 [1/1] (0.00ns)   --->   "%br_ln0 = br void %for.inc60"   --->   Operation 13 'br' 'br_ln0' <Predicate = true> <Delay = 0.00>
ST_1 : Operation 14 [1/1] (0.00ns)   --->   "%column_13 = load i10 %column" [../src/grayscale.cpp:32]   --->   Operation 14 'load' 'column_13' <Predicate = true> <Delay = 0.00>
ST_1 : Operation 15 [1/1] (0.78ns)   --->   "%icmp_ln32 = icmp_eq  i10 %column_13, i10 640" [../src/grayscale.cpp:32]   --->   Operation 15 'icmp' 'icmp_ln32' <Predicate = true> <Delay = 0.78> <CoreInst = "Cmp">   --->   Core 9 'Cmp' <Latency = 0> <II = 1> <Delay = 0.78> <FuncUnit> <Opcode : 'seteq' 'setne' 'setle' 'setge' 'setlt' 'setgt'> <InPorts = 2> <OutPorts = 1>
ST_1 : Operation 16 [1/1] (0.78ns)   --->   "%add_ln32 = add i10 %column_13, i10 1" [../src/grayscale.cpp:32]   --->   Operation 16 'add' 'add_ln32' <Predicate = true> <Delay = 0.78> <CoreInst = "Adder">   --->   Core 1 'Adder' <Latency = 0> <II = 1> <Delay = 0.78> <FuncUnit> <Opcode : 'add' 'sub'> <InPorts = 2> <OutPorts = 1>
ST_1 : Operation 17 [1/1] (0.00ns)   --->   "%br_ln32 = br i1 %icmp_ln32, void %for.inc60.split, void %for.inc63.exitStub" [../src/grayscale.cpp:32]   --->   Operation 17 'br' 'br_ln32' <Predicate = true> <Delay = 0.00>
ST_1 : Operation 18 [1/1] (0.00ns)   --->   "%trunc_ln32 = trunc i10 %column_13" [../src/grayscale.cpp:32]   --->   Operation 18 'trunc' 'trunc_ln32' <Predicate = (!icmp_ln32)> <Delay = 0.00>
ST_1 : Operation 19 [1/1] (0.42ns)   --->   "%store_ln32 = store i10 %add_ln32, i10 %column" [../src/grayscale.cpp:32]   --->   Operation 19 'store' 'store_ln32' <Predicate = (!icmp_ln32)> <Delay = 0.42>

State 2 <SV = 1> <Delay = 1.47>
ST_2 : Operation 20 [1/1] (0.00ns)   --->   "%zext_ln36 = zext i10 %column_13" [../src/grayscale.cpp:36]   --->   Operation 20 'zext' 'zext_ln36' <Predicate = true> <Delay = 0.00>
ST_2 : Operation 21 [1/1] (0.00ns)   --->   "%trunc_ln36 = trunc i10 %column_13" [../src/grayscale.cpp:36]   --->   Operation 21 'trunc' 'trunc_ln36' <Predicate = true> <Delay = 0.00>
ST_2 : Operation 22 [1/1] (0.00ns)   --->   "%p_shl = bitconcatenate i11 @_ssdm_op_BitConcatenate.i11.i9.i2, i9 %trunc_ln36, i2 0" [../src/grayscale.cpp:36]   --->   Operation 22 'bitconcatenate' 'p_shl' <Predicate = true> <Delay = 0.00>
ST_2 : Operation 23 [1/1] (0.79ns)   --->   "%sub_ln36 = sub i11 %p_shl, i11 %zext_ln36" [../src/grayscale.cpp:36]   --->   Operation 23 'sub' 'sub_ln36' <Predicate = true> <Delay = 0.79> <CoreInst = "Adder">   --->   Core 1 'Adder' <Latency = 0> <II = 1> <Delay = 0.79> <FuncUnit> <Opcode : 'add' 'sub'> <InPorts = 2> <OutPorts = 1>
ST_2 : Operation 24 [1/1] (0.00ns)   --->   "%lshr_ln = partselect i6 @_ssdm_op_PartSelect.i6.i11.i32.i32, i11 %sub_ln36, i32 5, i32 10" [../src/grayscale.cpp:36]   --->   Operation 24 'partselect' 'lshr_ln' <Predicate = true> <Delay = 0.00>
ST_2 : Operation 25 [1/1] (0.00ns)   --->   "%zext_ln36_1 = zext i6 %lshr_ln" [../src/grayscale.cpp:36]   --->   Operation 25 'zext' 'zext_ln36_1' <Predicate = true> <Delay = 0.00>
ST_2 : Operation 26 [1/1] (0.00ns)   --->   "%row_bytes_addr = getelementptr i8 %row_bytes, i64 0, i64 %zext_ln36_1" [../src/grayscale.cpp:36]   --->   Operation 26 'getelementptr' 'row_bytes_addr' <Predicate = (trunc_ln32 == 0)> <Delay = 0.00>
ST_2 : Operation 27 [1/1] (0.00ns)   --->   "%row_bytes_1_addr = getelementptr i8 %row_bytes_1, i64 0, i64 %zext_ln36_1" [../src/grayscale.cpp:36]   --->   Operation 27 'getelementptr' 'row_bytes_1_addr' <Predicate = (trunc_ln32 == 11)> <Delay = 0.00>
ST_2 : Operation 28 [1/1] (0.00ns)   --->   "%row_bytes_2_addr = getelementptr i8 %row_bytes_2, i64 0, i64 %zext_ln36_1" [../src/grayscale.cpp:36]   --->   Operation 28 'getelementptr' 'row_bytes_2_addr' <Predicate = (trunc_ln32 == 22)> <Delay = 0.00>
ST_2 : Operation 29 [1/1] (0.00ns)   --->   "%row_bytes_3_addr = getelementptr i8 %row_bytes_3, i64 0, i64 %zext_ln36_1" [../src/grayscale.cpp:36]   --->   Operation 29 'getelementptr' 'row_bytes_3_addr' <Predicate = (trunc_ln32 == 1)> <Delay = 0.00>
ST_2 : Operation 30 [1/1] (0.00ns)   --->   "%row_bytes_4_addr = getelementptr i8 %row_bytes_4, i64 0, i64 %zext_ln36_1" [../src/grayscale.cpp:36]   --->   Operation 30 'getelementptr' 'row_bytes_4_addr' <Predicate = (trunc_ln32 == 12)> <Delay = 0.00>
ST_2 : Operation 31 [1/1] (0.00ns)   --->   "%row_bytes_5_addr = getelementptr i8 %row_bytes_5, i64 0, i64 %zext_ln36_1" [../src/grayscale.cpp:36]   --->   Operation 31 'getelementptr' 'row_bytes_5_addr' <Predicate = (trunc_ln32 == 23)> <Delay = 0.00>
ST_2 : Operation 32 [1/1] (0.00ns)   --->   "%row_bytes_6_addr = getelementptr i8 %row_bytes_6, i64 0, i64 %zext_ln36_1" [../src/grayscale.cpp:36]   --->   Operation 32 'getelementptr' 'row_bytes_6_addr' <Predicate = (trunc_ln32 == 2)> <Delay = 0.00>
ST_2 : Operation 33 [1/1] (0.00ns)   --->   "%row_bytes_7_addr = getelementptr i8 %row_bytes_7, i64 0, i64 %zext_ln36_1" [../src/grayscale.cpp:36]   --->   Operation 33 'getelementptr' 'row_bytes_7_addr' <Predicate = (trunc_ln32 == 13)> <Delay = 0.00>
ST_2 : Operation 34 [1/1] (0.00ns)   --->   "%row_bytes_8_addr = getelementptr i8 %row_bytes_8, i64 0, i64 %zext_ln36_1" [../src/grayscale.cpp:36]   --->   Operation 34 'getelementptr' 'row_bytes_8_addr' <Predicate = (trunc_ln32 == 24)> <Delay = 0.00>
ST_2 : Operation 35 [1/1] (0.00ns)   --->   "%row_bytes_9_addr = getelementptr i8 %row_bytes_9, i64 0, i64 %zext_ln36_1" [../src/grayscale.cpp:36]   --->   Operation 35 'getelementptr' 'row_bytes_9_addr' <Predicate = (trunc_ln32 == 3)> <Delay = 0.00>
ST_2 : Operation 36 [1/1] (0.00ns)   --->   "%row_bytes_10_addr = getelementptr i8 %row_bytes_10, i64 0, i64 %zext_ln36_1" [../src/grayscale.cpp:36]   --->   Operation 36 'getelementptr' 'row_bytes_10_addr' <Predicate = (trunc_ln32 == 14)> <Delay = 0.00>
ST_2 : Operation 37 [1/1] (0.00ns)   --->   "%row_bytes_11_addr = getelementptr i8 %row_bytes_11, i64 0, i64 %zext_ln36_1" [../src/grayscale.cpp:36]   --->   Operation 37 'getelementptr' 'row_bytes_11_addr' <Predicate = (trunc_ln32 == 25)> <Delay = 0.00>
ST_2 : Operation 38 [1/1] (0.00ns)   --->   "%row_bytes_12_addr = getelementptr i8 %row_bytes_12, i64 0, i64 %zext_ln36_1" [../src/grayscale.cpp:36]   --->   Operation 38 'getelementptr' 'row_bytes_12_addr' <Predicate = (trunc_ln32 == 4)> <Delay = 0.00>
ST_2 : Operation 39 [1/1] (0.00ns)   --->   "%row_bytes_13_addr = getelementptr i8 %row_bytes_13, i64 0, i64 %zext_ln36_1" [../src/grayscale.cpp:36]   --->   Operation 39 'getelementptr' 'row_bytes_13_addr' <Predicate = (trunc_ln32 == 15)> <Delay = 0.00>
ST_2 : Operation 40 [1/1] (0.00ns)   --->   "%row_bytes_14_addr = getelementptr i8 %row_bytes_14, i64 0, i64 %zext_ln36_1" [../src/grayscale.cpp:36]   --->   Operation 40 'getelementptr' 'row_bytes_14_addr' <Predicate = (trunc_ln32 == 26)> <Delay = 0.00>
ST_2 : Operation 41 [1/1] (0.00ns)   --->   "%row_bytes_15_addr = getelementptr i8 %row_bytes_15, i64 0, i64 %zext_ln36_1" [../src/grayscale.cpp:36]   --->   Operation 41 'getelementptr' 'row_bytes_15_addr' <Predicate = (trunc_ln32 == 5)> <Delay = 0.00>
ST_2 : Operation 42 [1/1] (0.00ns)   --->   "%row_bytes_16_addr = getelementptr i8 %row_bytes_16, i64 0, i64 %zext_ln36_1" [../src/grayscale.cpp:36]   --->   Operation 42 'getelementptr' 'row_bytes_16_addr' <Predicate = (trunc_ln32 == 16)> <Delay = 0.00>
ST_2 : Operation 43 [1/1] (0.00ns)   --->   "%row_bytes_17_addr = getelementptr i8 %row_bytes_17, i64 0, i64 %zext_ln36_1" [../src/grayscale.cpp:36]   --->   Operation 43 'getelementptr' 'row_bytes_17_addr' <Predicate = (trunc_ln32 == 27)> <Delay = 0.00>
ST_2 : Operation 44 [1/1] (0.00ns)   --->   "%row_bytes_18_addr = getelementptr i8 %row_bytes_18, i64 0, i64 %zext_ln36_1" [../src/grayscale.cpp:36]   --->   Operation 44 'getelementptr' 'row_bytes_18_addr' <Predicate = (trunc_ln32 == 6)> <Delay = 0.00>
ST_2 : Operation 45 [1/1] (0.00ns)   --->   "%row_bytes_19_addr = getelementptr i8 %row_bytes_19, i64 0, i64 %zext_ln36_1" [../src/grayscale.cpp:36]   --->   Operation 45 'getelementptr' 'row_bytes_19_addr' <Predicate = (trunc_ln32 == 17)> <Delay = 0.00>
ST_2 : Operation 46 [1/1] (0.00ns)   --->   "%row_bytes_20_addr = getelementptr i8 %row_bytes_20, i64 0, i64 %zext_ln36_1" [../src/grayscale.cpp:36]   --->   Operation 46 'getelementptr' 'row_bytes_20_addr' <Predicate = (trunc_ln32 == 28)> <Delay = 0.00>
ST_2 : Operation 47 [1/1] (0.00ns)   --->   "%row_bytes_21_addr = getelementptr i8 %row_bytes_21, i64 0, i64 %zext_ln36_1" [../src/grayscale.cpp:36]   --->   Operation 47 'getelementptr' 'row_bytes_21_addr' <Predicate = (trunc_ln32 == 7)> <Delay = 0.00>
ST_2 : Operation 48 [1/1] (0.00ns)   --->   "%row_bytes_22_addr = getelementptr i8 %row_bytes_22, i64 0, i64 %zext_ln36_1" [../src/grayscale.cpp:36]   --->   Operation 48 'getelementptr' 'row_bytes_22_addr' <Predicate = (trunc_ln32 == 18)> <Delay = 0.00>
ST_2 : Operation 49 [1/1] (0.00ns)   --->   "%row_bytes_23_addr = getelementptr i8 %row_bytes_23, i64 0, i64 %zext_ln36_1" [../src/grayscale.cpp:36]   --->   Operation 49 'getelementptr' 'row_bytes_23_addr' <Predicate = (trunc_ln32 == 29)> <Delay = 0.00>
ST_2 : Operation 50 [1/1] (0.00ns)   --->   "%row_bytes_24_addr = getelementptr i8 %row_bytes_24, i64 0, i64 %zext_ln36_1" [../src/grayscale.cpp:36]   --->   Operation 50 'getelementptr' 'row_bytes_24_addr' <Predicate = (trunc_ln32 == 8)> <Delay = 0.00>
ST_2 : Operation 51 [1/1] (0.00ns)   --->   "%row_bytes_25_addr = getelementptr i8 %row_bytes_25, i64 0, i64 %zext_ln36_1" [../src/grayscale.cpp:36]   --->   Operation 51 'getelementptr' 'row_bytes_25_addr' <Predicate = (trunc_ln32 == 19)> <Delay = 0.00>
ST_2 : Operation 52 [1/1] (0.00ns)   --->   "%row_bytes_26_addr = getelementptr i8 %row_bytes_26, i64 0, i64 %zext_ln36_1" [../src/grayscale.cpp:36]   --->   Operation 52 'getelementptr' 'row_bytes_26_addr' <Predicate = (trunc_ln32 == 30)> <Delay = 0.00>
ST_2 : Operation 53 [1/1] (0.00ns)   --->   "%row_bytes_27_addr = getelementptr i8 %row_bytes_27, i64 0, i64 %zext_ln36_1" [../src/grayscale.cpp:36]   --->   Operation 53 'getelementptr' 'row_bytes_27_addr' <Predicate = (trunc_ln32 == 9)> <Delay = 0.00>
ST_2 : Operation 54 [1/1] (0.00ns)   --->   "%row_bytes_28_addr = getelementptr i8 %row_bytes_28, i64 0, i64 %zext_ln36_1" [../src/grayscale.cpp:36]   --->   Operation 54 'getelementptr' 'row_bytes_28_addr' <Predicate = (trunc_ln32 == 20)> <Delay = 0.00>
ST_2 : Operation 55 [1/1] (0.00ns)   --->   "%row_bytes_29_addr = getelementptr i8 %row_bytes_29, i64 0, i64 %zext_ln36_1" [../src/grayscale.cpp:36]   --->   Operation 55 'getelementptr' 'row_bytes_29_addr' <Predicate = (trunc_ln32 == 31)> <Delay = 0.00>
ST_2 : Operation 56 [1/1] (0.00ns)   --->   "%row_bytes_30_addr = getelementptr i8 %row_bytes_30, i64 0, i64 %zext_ln36_1" [../src/grayscale.cpp:36]   --->   Operation 56 'getelementptr' 'row_bytes_30_addr' <Predicate = (trunc_ln32 == 10)> <Delay = 0.00>
ST_2 : Operation 57 [1/1] (0.00ns)   --->   "%row_bytes_31_addr = getelementptr i8 %row_bytes_31, i64 0, i64 %zext_ln36_1" [../src/grayscale.cpp:36]   --->   Operation 57 'getelementptr' 'row_bytes_31_addr' <Predicate = (trunc_ln32 == 21)> <Delay = 0.00>
ST_2 : Operation 58 [2/2] (0.67ns)   --->   "%row_bytes_load = load i6 %row_bytes_addr" [../src/grayscale.cpp:36]   --->   Operation 58 'load' 'row_bytes_load' <Predicate = (trunc_ln32 == 0)> <Delay = 0.67> <CoreInst = "RAM">   --->   Core 82 'RAM' <Latency = 1> <II = 1> <Delay = 0.67> <Storage> <Opcode : 'load' 'store'> <Ports = 2> <Width = 8> <Depth = 60> <RAM>
ST_2 : Operation 59 [2/2] (0.67ns)   --->   "%row_bytes_1_load = load i6 %row_bytes_1_addr" [../src/grayscale.cpp:36]   --->   Operation 59 'load' 'row_bytes_1_load' <Predicate = (trunc_ln32 == 11)> <Delay = 0.67> <CoreInst = "RAM">   --->   Core 82 'RAM' <Latency = 1> <II = 1> <Delay = 0.67> <Storage> <Opcode : 'load' 'store'> <Ports = 2> <Width = 8> <Depth = 60> <RAM>
ST_2 : Operation 60 [2/2] (0.67ns)   --->   "%row_bytes_2_load = load i6 %row_bytes_2_addr" [../src/grayscale.cpp:36]   --->   Operation 60 'load' 'row_bytes_2_load' <Predicate = (trunc_ln32 == 22)> <Delay = 0.67> <CoreInst = "RAM">   --->   Core 82 'RAM' <Latency = 1> <II = 1> <Delay = 0.67> <Storage> <Opcode : 'load' 'store'> <Ports = 2> <Width = 8> <Depth = 60> <RAM>
ST_2 : Operation 61 [2/2] (0.67ns)   --->   "%row_bytes_3_load = load i6 %row_bytes_3_addr" [../src/grayscale.cpp:36]   --->   Operation 61 'load' 'row_bytes_3_load' <Predicate = (trunc_ln32 == 1)> <Delay = 0.67> <CoreInst = "RAM">   --->   Core 82 'RAM' <Latency = 1> <II = 1> <Delay = 0.67> <Storage> <Opcode : 'load' 'store'> <Ports = 2> <Width = 8> <Depth = 60> <RAM>
ST_2 : Operation 62 [2/2] (0.67ns)   --->   "%row_bytes_4_load = load i6 %row_bytes_4_addr" [../src/grayscale.cpp:36]   --->   Operation 62 'load' 'row_bytes_4_load' <Predicate = (trunc_ln32 == 12)> <Delay = 0.67> <CoreInst = "RAM">   --->   Core 82 'RAM' <Latency = 1> <II = 1> <Delay = 0.67> <Storage> <Opcode : 'load' 'store'> <Ports = 2> <Width = 8> <Depth = 60> <RAM>
ST_2 : Operation 63 [2/2] (0.67ns)   --->   "%row_bytes_5_load = load i6 %row_bytes_5_addr" [../src/grayscale.cpp:36]   --->   Operation 63 'load' 'row_bytes_5_load' <Predicate = (trunc_ln32 == 23)> <Delay = 0.67> <CoreInst = "RAM">   --->   Core 82 'RAM' <Latency = 1> <II = 1> <Delay = 0.67> <Storage> <Opcode : 'load' 'store'> <Ports = 2> <Width = 8> <Depth = 60> <RAM>
ST_2 : Operation 64 [2/2] (0.67ns)   --->   "%row_bytes_6_load = load i6 %row_bytes_6_addr" [../src/grayscale.cpp:36]   --->   Operation 64 'load' 'row_bytes_6_load' <Predicate = (trunc_ln32 == 2)> <Delay = 0.67> <CoreInst = "RAM">   --->   Core 82 'RAM' <Latency = 1> <II = 1> <Delay = 0.67> <Storage> <Opcode : 'load' 'store'> <Ports = 2> <Width = 8> <Depth = 60> <RAM>
ST_2 : Operation 65 [2/2] (0.67ns)   --->   "%row_bytes_7_load = load i6 %row_bytes_7_addr" [../src/grayscale.cpp:36]   --->   Operation 65 'load' 'row_bytes_7_load' <Predicate = (trunc_ln32 == 13)> <Delay = 0.67> <CoreInst = "RAM">   --->   Core 82 'RAM' <Latency = 1> <II = 1> <Delay = 0.67> <Storage> <Opcode : 'load' 'store'> <Ports = 2> <Width = 8> <Depth = 60> <RAM>
ST_2 : Operation 66 [2/2] (0.67ns)   --->   "%row_bytes_8_load = load i6 %row_bytes_8_addr" [../src/grayscale.cpp:36]   --->   Operation 66 'load' 'row_bytes_8_load' <Predicate = (trunc_ln32 == 24)> <Delay = 0.67> <CoreInst = "RAM">   --->   Core 82 'RAM' <Latency = 1> <II = 1> <Delay = 0.67> <Storage> <Opcode : 'load' 'store'> <Ports = 2> <Width = 8> <Depth = 60> <RAM>
ST_2 : Operation 67 [2/2] (0.67ns)   --->   "%row_bytes_9_load = load i6 %row_bytes_9_addr" [../src/grayscale.cpp:36]   --->   Operation 67 'load' 'row_bytes_9_load' <Predicate = (trunc_ln32 == 3)> <Delay = 0.67> <CoreInst = "RAM">   --->   Core 82 'RAM' <Latency = 1> <II = 1> <Delay = 0.67> <Storage> <Opcode : 'load' 'store'> <Ports = 2> <Width = 8> <Depth = 60> <RAM>
ST_2 : Operation 68 [2/2] (0.67ns)   --->   "%row_bytes_10_load = load i6 %row_bytes_10_addr" [../src/grayscale.cpp:36]   --->   Operation 68 'load' 'row_bytes_10_load' <Predicate = (trunc_ln32 == 14)> <Delay = 0.67> <CoreInst = "RAM">   --->   Core 82 'RAM' <Latency = 1> <II = 1> <Delay = 0.67> <Storage> <Opcode : 'load' 'store'> <Ports = 2> <Width = 8> <Depth = 60> <RAM>
ST_2 : Operation 69 [2/2] (0.67ns)   --->   "%row_bytes_11_load = load i6 %row_bytes_11_addr" [../src/grayscale.cpp:36]   --->   Operation 69 'load' 'row_bytes_11_load' <Predicate = (trunc_ln32 == 25)> <Delay = 0.67> <CoreInst = "RAM">   --->   Core 82 'RAM' <Latency = 1> <II = 1> <Delay = 0.67> <Storage> <Opcode : 'load' 'store'> <Ports = 2> <Width = 8> <Depth = 60> <RAM>
ST_2 : Operation 70 [2/2] (0.67ns)   --->   "%row_bytes_12_load = load i6 %row_bytes_12_addr" [../src/grayscale.cpp:36]   --->   Operation 70 'load' 'row_bytes_12_load' <Predicate = (trunc_ln32 == 4)> <Delay = 0.67> <CoreInst = "RAM">   --->   Core 82 'RAM' <Latency = 1> <II = 1> <Delay = 0.67> <Storage> <Opcode : 'load' 'store'> <Ports = 2> <Width = 8> <Depth = 60> <RAM>
ST_2 : Operation 71 [2/2] (0.67ns)   --->   "%row_bytes_13_load = load i6 %row_bytes_13_addr" [../src/grayscale.cpp:36]   --->   Operation 71 'load' 'row_bytes_13_load' <Predicate = (trunc_ln32 == 15)> <Delay = 0.67> <CoreInst = "RAM">   --->   Core 82 'RAM' <Latency = 1> <II = 1> <Delay = 0.67> <Storage> <Opcode : 'load' 'store'> <Ports = 2> <Width = 8> <Depth = 60> <RAM>
ST_2 : Operation 72 [2/2] (0.67ns)   --->   "%row_bytes_14_load = load i6 %row_bytes_14_addr" [../src/grayscale.cpp:36]   --->   Operation 72 'load' 'row_bytes_14_load' <Predicate = (trunc_ln32 == 26)> <Delay = 0.67> <CoreInst = "RAM">   --->   Core 82 'RAM' <Latency = 1> <II = 1> <Delay = 0.67> <Storage> <Opcode : 'load' 'store'> <Ports = 2> <Width = 8> <Depth = 60> <RAM>
ST_2 : Operation 73 [2/2] (0.67ns)   --->   "%row_bytes_15_load = load i6 %row_bytes_15_addr" [../src/grayscale.cpp:36]   --->   Operation 73 'load' 'row_bytes_15_load' <Predicate = (trunc_ln32 == 5)> <Delay = 0.67> <CoreInst = "RAM">   --->   Core 82 'RAM' <Latency = 1> <II = 1> <Delay = 0.67> <Storage> <Opcode : 'load' 'store'> <Ports = 2> <Width = 8> <Depth = 60> <RAM>
ST_2 : Operation 74 [2/2] (0.67ns)   --->   "%row_bytes_16_load = load i6 %row_bytes_16_addr" [../src/grayscale.cpp:36]   --->   Operation 74 'load' 'row_bytes_16_load' <Predicate = (trunc_ln32 == 16)> <Delay = 0.67> <CoreInst = "RAM">   --->   Core 82 'RAM' <Latency = 1> <II = 1> <Delay = 0.67> <Storage> <Opcode : 'load' 'store'> <Ports = 2> <Width = 8> <Depth = 60> <RAM>
ST_2 : Operation 75 [2/2] (0.67ns)   --->   "%row_bytes_17_load = load i6 %row_bytes_17_addr" [../src/grayscale.cpp:36]   --->   Operation 75 'load' 'row_bytes_17_load' <Predicate = (trunc_ln32 == 27)> <Delay = 0.67> <CoreInst = "RAM">   --->   Core 82 'RAM' <Latency = 1> <II = 1> <Delay = 0.67> <Storage> <Opcode : 'load' 'store'> <Ports = 2> <Width = 8> <Depth = 60> <RAM>
ST_2 : Operation 76 [2/2] (0.67ns)   --->   "%row_bytes_18_load = load i6 %row_bytes_18_addr" [../src/grayscale.cpp:36]   --->   Operation 76 'load' 'row_bytes_18_load' <Predicate = (trunc_ln32 == 6)> <Delay = 0.67> <CoreInst = "RAM">   --->   Core 82 'RAM' <Latency = 1> <II = 1> <Delay = 0.67> <Storage> <Opcode : 'load' 'store'> <Ports = 2> <Width = 8> <Depth = 60> <RAM>
ST_2 : Operation 77 [2/2] (0.67ns)   --->   "%row_bytes_19_load = load i6 %row_bytes_19_addr" [../src/grayscale.cpp:36]   --->   Operation 77 'load' 'row_bytes_19_load' <Predicate = (trunc_ln32 == 17)> <Delay = 0.67> <CoreInst = "RAM">   --->   Core 82 'RAM' <Latency = 1> <II = 1> <Delay = 0.67> <Storage> <Opcode : 'load' 'store'> <Ports = 2> <Width = 8> <Depth = 60> <RAM>
ST_2 : Operation 78 [2/2] (0.67ns)   --->   "%row_bytes_20_load = load i6 %row_bytes_20_addr" [../src/grayscale.cpp:36]   --->   Operation 78 'load' 'row_bytes_20_load' <Predicate = (trunc_ln32 == 28)> <Delay = 0.67> <CoreInst = "RAM">   --->   Core 82 'RAM' <Latency = 1> <II = 1> <Delay = 0.67> <Storage> <Opcode : 'load' 'store'> <Ports = 2> <Width = 8> <Depth = 60> <RAM>
ST_2 : Operation 79 [2/2] (0.67ns)   --->   "%row_bytes_21_load = load i6 %row_bytes_21_addr" [../src/grayscale.cpp:36]   --->   Operation 79 'load' 'row_bytes_21_load' <Predicate = (trunc_ln32 == 7)> <Delay = 0.67> <CoreInst = "RAM">   --->   Core 82 'RAM' <Latency = 1> <II = 1> <Delay = 0.67> <Storage> <Opcode : 'load' 'store'> <Ports = 2> <Width = 8> <Depth = 60> <RAM>
ST_2 : Operation 80 [2/2] (0.67ns)   --->   "%row_bytes_22_load = load i6 %row_bytes_22_addr" [../src/grayscale.cpp:36]   --->   Operation 80 'load' 'row_bytes_22_load' <Predicate = (trunc_ln32 == 18)> <Delay = 0.67> <CoreInst = "RAM">   --->   Core 82 'RAM' <Latency = 1> <II = 1> <Delay = 0.67> <Storage> <Opcode : 'load' 'store'> <Ports = 2> <Width = 8> <Depth = 60> <RAM>
ST_2 : Operation 81 [2/2] (0.67ns)   --->   "%row_bytes_23_load = load i6 %row_bytes_23_addr" [../src/grayscale.cpp:36]   --->   Operation 81 'load' 'row_bytes_23_load' <Predicate = (trunc_ln32 == 29)> <Delay = 0.67> <CoreInst = "RAM">   --->   Core 82 'RAM' <Latency = 1> <II = 1> <Delay = 0.67> <Storage> <Opcode : 'load' 'store'> <Ports = 2> <Width = 8> <Depth = 60> <RAM>
ST_2 : Operation 82 [2/2] (0.67ns)   --->   "%row_bytes_24_load = load i6 %row_bytes_24_addr" [../src/grayscale.cpp:36]   --->   Operation 82 'load' 'row_bytes_24_load' <Predicate = (trunc_ln32 == 8)> <Delay = 0.67> <CoreInst = "RAM">   --->   Core 82 'RAM' <Latency = 1> <II = 1> <Delay = 0.67> <Storage> <Opcode : 'load' 'store'> <Ports = 2> <Width = 8> <Depth = 60> <RAM>
ST_2 : Operation 83 [2/2] (0.67ns)   --->   "%row_bytes_25_load = load i6 %row_bytes_25_addr" [../src/grayscale.cpp:36]   --->   Operation 83 'load' 'row_bytes_25_load' <Predicate = (trunc_ln32 == 19)> <Delay = 0.67> <CoreInst = "RAM">   --->   Core 82 'RAM' <Latency = 1> <II = 1> <Delay = 0.67> <Storage> <Opcode : 'load' 'store'> <Ports = 2> <Width = 8> <Depth = 60> <RAM>
ST_2 : Operation 84 [2/2] (0.67ns)   --->   "%row_bytes_26_load = load i6 %row_bytes_26_addr" [../src/grayscale.cpp:36]   --->   Operation 84 'load' 'row_bytes_26_load' <Predicate = (trunc_ln32 == 30)> <Delay = 0.67> <CoreInst = "RAM">   --->   Core 82 'RAM' <Latency = 1> <II = 1> <Delay = 0.67> <Storage> <Opcode : 'load' 'store'> <Ports = 2> <Width = 8> <Depth = 60> <RAM>
ST_2 : Operation 85 [2/2] (0.67ns)   --->   "%row_bytes_27_load = load i6 %row_bytes_27_addr" [../src/grayscale.cpp:36]   --->   Operation 85 'load' 'row_bytes_27_load' <Predicate = (trunc_ln32 == 9)> <Delay = 0.67> <CoreInst = "RAM">   --->   Core 82 'RAM' <Latency = 1> <II = 1> <Delay = 0.67> <Storage> <Opcode : 'load' 'store'> <Ports = 2> <Width = 8> <Depth = 60> <RAM>
ST_2 : Operation 86 [2/2] (0.67ns)   --->   "%row_bytes_28_load = load i6 %row_bytes_28_addr" [../src/grayscale.cpp:36]   --->   Operation 86 'load' 'row_bytes_28_load' <Predicate = (trunc_ln32 == 20)> <Delay = 0.67> <CoreInst = "RAM">   --->   Core 82 'RAM' <Latency = 1> <II = 1> <Delay = 0.67> <Storage> <Opcode : 'load' 'store'> <Ports = 2> <Width = 8> <Depth = 60> <RAM>
ST_2 : Operation 87 [2/2] (0.67ns)   --->   "%row_bytes_29_load = load i6 %row_bytes_29_addr" [../src/grayscale.cpp:36]   --->   Operation 87 'load' 'row_bytes_29_load' <Predicate = (trunc_ln32 == 31)> <Delay = 0.67> <CoreInst = "RAM">   --->   Core 82 'RAM' <Latency = 1> <II = 1> <Delay = 0.67> <Storage> <Opcode : 'load' 'store'> <Ports = 2> <Width = 8> <Depth = 60> <RAM>
ST_2 : Operation 88 [2/2] (0.67ns)   --->   "%row_bytes_30_load = load i6 %row_bytes_30_addr" [../src/grayscale.cpp:36]   --->   Operation 88 'load' 'row_bytes_30_load' <Predicate = (trunc_ln32 == 10)> <Delay = 0.67> <CoreInst = "RAM">   --->   Core 82 'RAM' <Latency = 1> <II = 1> <Delay = 0.67> <Storage> <Opcode : 'load' 'store'> <Ports = 2> <Width = 8> <Depth = 60> <RAM>
ST_2 : Operation 89 [2/2] (0.67ns)   --->   "%row_bytes_31_load = load i6 %row_bytes_31_addr" [../src/grayscale.cpp:36]   --->   Operation 89 'load' 'row_bytes_31_load' <Predicate = (trunc_ln32 == 21)> <Delay = 0.67> <CoreInst = "RAM">   --->   Core 82 'RAM' <Latency = 1> <II = 1> <Delay = 0.67> <Storage> <Opcode : 'load' 'store'> <Ports = 2> <Width = 8> <Depth = 60> <RAM>

State 3 <SV = 2> <Delay = 2.46>
ST_3 : Operation 90 [1/2] ( I:0.67ns O:0.67ns )   --->   "%row_bytes_load = load i6 %row_bytes_addr" [../src/grayscale.cpp:36]   --->   Operation 90 'load' 'row_bytes_load' <Predicate = (trunc_ln32 == 0)> <Delay = 0.67> <CoreInst = "RAM">   --->   Core 82 'RAM' <Latency = 1> <II = 1> <Delay = 0.67> <Storage> <Opcode : 'load' 'store'> <Ports = 2> <Width = 8> <Depth = 60> <RAM>
ST_3 : Operation 91 [1/2] ( I:0.67ns O:0.67ns )   --->   "%row_bytes_1_load = load i6 %row_bytes_1_addr" [../src/grayscale.cpp:36]   --->   Operation 91 'load' 'row_bytes_1_load' <Predicate = (trunc_ln32 == 11)> <Delay = 0.67> <CoreInst = "RAM">   --->   Core 82 'RAM' <Latency = 1> <II = 1> <Delay = 0.67> <Storage> <Opcode : 'load' 'store'> <Ports = 2> <Width = 8> <Depth = 60> <RAM>
ST_3 : Operation 92 [1/2] ( I:0.67ns O:0.67ns )   --->   "%row_bytes_2_load = load i6 %row_bytes_2_addr" [../src/grayscale.cpp:36]   --->   Operation 92 'load' 'row_bytes_2_load' <Predicate = (trunc_ln32 == 22)> <Delay = 0.67> <CoreInst = "RAM">   --->   Core 82 'RAM' <Latency = 1> <II = 1> <Delay = 0.67> <Storage> <Opcode : 'load' 'store'> <Ports = 2> <Width = 8> <Depth = 60> <RAM>
ST_3 : Operation 93 [1/2] ( I:0.67ns O:0.67ns )   --->   "%row_bytes_3_load = load i6 %row_bytes_3_addr" [../src/grayscale.cpp:36]   --->   Operation 93 'load' 'row_bytes_3_load' <Predicate = (trunc_ln32 == 1)> <Delay = 0.67> <CoreInst = "RAM">   --->   Core 82 'RAM' <Latency = 1> <II = 1> <Delay = 0.67> <Storage> <Opcode : 'load' 'store'> <Ports = 2> <Width = 8> <Depth = 60> <RAM>
ST_3 : Operation 94 [1/2] ( I:0.67ns O:0.67ns )   --->   "%row_bytes_4_load = load i6 %row_bytes_4_addr" [../src/grayscale.cpp:36]   --->   Operation 94 'load' 'row_bytes_4_load' <Predicate = (trunc_ln32 == 12)> <Delay = 0.67> <CoreInst = "RAM">   --->   Core 82 'RAM' <Latency = 1> <II = 1> <Delay = 0.67> <Storage> <Opcode : 'load' 'store'> <Ports = 2> <Width = 8> <Depth = 60> <RAM>
ST_3 : Operation 95 [1/2] ( I:0.67ns O:0.67ns )   --->   "%row_bytes_5_load = load i6 %row_bytes_5_addr" [../src/grayscale.cpp:36]   --->   Operation 95 'load' 'row_bytes_5_load' <Predicate = (trunc_ln32 == 23)> <Delay = 0.67> <CoreInst = "RAM">   --->   Core 82 'RAM' <Latency = 1> <II = 1> <Delay = 0.67> <Storage> <Opcode : 'load' 'store'> <Ports = 2> <Width = 8> <Depth = 60> <RAM>
ST_3 : Operation 96 [1/2] ( I:0.67ns O:0.67ns )   --->   "%row_bytes_6_load = load i6 %row_bytes_6_addr" [../src/grayscale.cpp:36]   --->   Operation 96 'load' 'row_bytes_6_load' <Predicate = (trunc_ln32 == 2)> <Delay = 0.67> <CoreInst = "RAM">   --->   Core 82 'RAM' <Latency = 1> <II = 1> <Delay = 0.67> <Storage> <Opcode : 'load' 'store'> <Ports = 2> <Width = 8> <Depth = 60> <RAM>
ST_3 : Operation 97 [1/2] ( I:0.67ns O:0.67ns )   --->   "%row_bytes_7_load = load i6 %row_bytes_7_addr" [../src/grayscale.cpp:36]   --->   Operation 97 'load' 'row_bytes_7_load' <Predicate = (trunc_ln32 == 13)> <Delay = 0.67> <CoreInst = "RAM">   --->   Core 82 'RAM' <Latency = 1> <II = 1> <Delay = 0.67> <Storage> <Opcode : 'load' 'store'> <Ports = 2> <Width = 8> <Depth = 60> <RAM>
ST_3 : Operation 98 [1/2] ( I:0.67ns O:0.67ns )   --->   "%row_bytes_8_load = load i6 %row_bytes_8_addr" [../src/grayscale.cpp:36]   --->   Operation 98 'load' 'row_bytes_8_load' <Predicate = (trunc_ln32 == 24)> <Delay = 0.67> <CoreInst = "RAM">   --->   Core 82 'RAM' <Latency = 1> <II = 1> <Delay = 0.67> <Storage> <Opcode : 'load' 'store'> <Ports = 2> <Width = 8> <Depth = 60> <RAM>
ST_3 : Operation 99 [1/2] ( I:0.67ns O:0.67ns )   --->   "%row_bytes_9_load = load i6 %row_bytes_9_addr" [../src/grayscale.cpp:36]   --->   Operation 99 'load' 'row_bytes_9_load' <Predicate = (trunc_ln32 == 3)> <Delay = 0.67> <CoreInst = "RAM">   --->   Core 82 'RAM' <Latency = 1> <II = 1> <Delay = 0.67> <Storage> <Opcode : 'load' 'store'> <Ports = 2> <Width = 8> <Depth = 60> <RAM>
ST_3 : Operation 100 [1/2] ( I:0.67ns O:0.67ns )   --->   "%row_bytes_10_load = load i6 %row_bytes_10_addr" [../src/grayscale.cpp:36]   --->   Operation 100 'load' 'row_bytes_10_load' <Predicate = (trunc_ln32 == 14)> <Delay = 0.67> <CoreInst = "RAM">   --->   Core 82 'RAM' <Latency = 1> <II = 1> <Delay = 0.67> <Storage> <Opcode : 'load' 'store'> <Ports = 2> <Width = 8> <Depth = 60> <RAM>
ST_3 : Operation 101 [1/2] ( I:0.67ns O:0.67ns )   --->   "%row_bytes_11_load = load i6 %row_bytes_11_addr" [../src/grayscale.cpp:36]   --->   Operation 101 'load' 'row_bytes_11_load' <Predicate = (trunc_ln32 == 25)> <Delay = 0.67> <CoreInst = "RAM">   --->   Core 82 'RAM' <Latency = 1> <II = 1> <Delay = 0.67> <Storage> <Opcode : 'load' 'store'> <Ports = 2> <Width = 8> <Depth = 60> <RAM>
ST_3 : Operation 102 [1/2] ( I:0.67ns O:0.67ns )   --->   "%row_bytes_12_load = load i6 %row_bytes_12_addr" [../src/grayscale.cpp:36]   --->   Operation 102 'load' 'row_bytes_12_load' <Predicate = (trunc_ln32 == 4)> <Delay = 0.67> <CoreInst = "RAM">   --->   Core 82 'RAM' <Latency = 1> <II = 1> <Delay = 0.67> <Storage> <Opcode : 'load' 'store'> <Ports = 2> <Width = 8> <Depth = 60> <RAM>
ST_3 : Operation 103 [1/2] ( I:0.67ns O:0.67ns )   --->   "%row_bytes_13_load = load i6 %row_bytes_13_addr" [../src/grayscale.cpp:36]   --->   Operation 103 'load' 'row_bytes_13_load' <Predicate = (trunc_ln32 == 15)> <Delay = 0.67> <CoreInst = "RAM">   --->   Core 82 'RAM' <Latency = 1> <II = 1> <Delay = 0.67> <Storage> <Opcode : 'load' 'store'> <Ports = 2> <Width = 8> <Depth = 60> <RAM>
ST_3 : Operation 104 [1/2] ( I:0.67ns O:0.67ns )   --->   "%row_bytes_14_load = load i6 %row_bytes_14_addr" [../src/grayscale.cpp:36]   --->   Operation 104 'load' 'row_bytes_14_load' <Predicate = (trunc_ln32 == 26)> <Delay = 0.67> <CoreInst = "RAM">   --->   Core 82 'RAM' <Latency = 1> <II = 1> <Delay = 0.67> <Storage> <Opcode : 'load' 'store'> <Ports = 2> <Width = 8> <Depth = 60> <RAM>
ST_3 : Operation 105 [1/2] ( I:0.67ns O:0.67ns )   --->   "%row_bytes_15_load = load i6 %row_bytes_15_addr" [../src/grayscale.cpp:36]   --->   Operation 105 'load' 'row_bytes_15_load' <Predicate = (trunc_ln32 == 5)> <Delay = 0.67> <CoreInst = "RAM">   --->   Core 82 'RAM' <Latency = 1> <II = 1> <Delay = 0.67> <Storage> <Opcode : 'load' 'store'> <Ports = 2> <Width = 8> <Depth = 60> <RAM>
ST_3 : Operation 106 [1/2] ( I:0.67ns O:0.67ns )   --->   "%row_bytes_16_load = load i6 %row_bytes_16_addr" [../src/grayscale.cpp:36]   --->   Operation 106 'load' 'row_bytes_16_load' <Predicate = (trunc_ln32 == 16)> <Delay = 0.67> <CoreInst = "RAM">   --->   Core 82 'RAM' <Latency = 1> <II = 1> <Delay = 0.67> <Storage> <Opcode : 'load' 'store'> <Ports = 2> <Width = 8> <Depth = 60> <RAM>
ST_3 : Operation 107 [1/2] ( I:0.67ns O:0.67ns )   --->   "%row_bytes_17_load = load i6 %row_bytes_17_addr" [../src/grayscale.cpp:36]   --->   Operation 107 'load' 'row_bytes_17_load' <Predicate = (trunc_ln32 == 27)> <Delay = 0.67> <CoreInst = "RAM">   --->   Core 82 'RAM' <Latency = 1> <II = 1> <Delay = 0.67> <Storage> <Opcode : 'load' 'store'> <Ports = 2> <Width = 8> <Depth = 60> <RAM>
ST_3 : Operation 108 [1/2] ( I:0.67ns O:0.67ns )   --->   "%row_bytes_18_load = load i6 %row_bytes_18_addr" [../src/grayscale.cpp:36]   --->   Operation 108 'load' 'row_bytes_18_load' <Predicate = (trunc_ln32 == 6)> <Delay = 0.67> <CoreInst = "RAM">   --->   Core 82 'RAM' <Latency = 1> <II = 1> <Delay = 0.67> <Storage> <Opcode : 'load' 'store'> <Ports = 2> <Width = 8> <Depth = 60> <RAM>
ST_3 : Operation 109 [1/2] ( I:0.67ns O:0.67ns )   --->   "%row_bytes_19_load = load i6 %row_bytes_19_addr" [../src/grayscale.cpp:36]   --->   Operation 109 'load' 'row_bytes_19_load' <Predicate = (trunc_ln32 == 17)> <Delay = 0.67> <CoreInst = "RAM">   --->   Core 82 'RAM' <Latency = 1> <II = 1> <Delay = 0.67> <Storage> <Opcode : 'load' 'store'> <Ports = 2> <Width = 8> <Depth = 60> <RAM>
ST_3 : Operation 110 [1/2] ( I:0.67ns O:0.67ns )   --->   "%row_bytes_20_load = load i6 %row_bytes_20_addr" [../src/grayscale.cpp:36]   --->   Operation 110 'load' 'row_bytes_20_load' <Predicate = (trunc_ln32 == 28)> <Delay = 0.67> <CoreInst = "RAM">   --->   Core 82 'RAM' <Latency = 1> <II = 1> <Delay = 0.67> <Storage> <Opcode : 'load' 'store'> <Ports = 2> <Width = 8> <Depth = 60> <RAM>
ST_3 : Operation 111 [1/2] ( I:0.67ns O:0.67ns )   --->   "%row_bytes_21_load = load i6 %row_bytes_21_addr" [../src/grayscale.cpp:36]   --->   Operation 111 'load' 'row_bytes_21_load' <Predicate = (trunc_ln32 == 7)> <Delay = 0.67> <CoreInst = "RAM">   --->   Core 82 'RAM' <Latency = 1> <II = 1> <Delay = 0.67> <Storage> <Opcode : 'load' 'store'> <Ports = 2> <Width = 8> <Depth = 60> <RAM>
ST_3 : Operation 112 [1/2] ( I:0.67ns O:0.67ns )   --->   "%row_bytes_22_load = load i6 %row_bytes_22_addr" [../src/grayscale.cpp:36]   --->   Operation 112 'load' 'row_bytes_22_load' <Predicate = (trunc_ln32 == 18)> <Delay = 0.67> <CoreInst = "RAM">   --->   Core 82 'RAM' <Latency = 1> <II = 1> <Delay = 0.67> <Storage> <Opcode : 'load' 'store'> <Ports = 2> <Width = 8> <Depth = 60> <RAM>
ST_3 : Operation 113 [1/2] ( I:0.67ns O:0.67ns )   --->   "%row_bytes_23_load = load i6 %row_bytes_23_addr" [../src/grayscale.cpp:36]   --->   Operation 113 'load' 'row_bytes_23_load' <Predicate = (trunc_ln32 == 29)> <Delay = 0.67> <CoreInst = "RAM">   --->   Core 82 'RAM' <Latency = 1> <II = 1> <Delay = 0.67> <Storage> <Opcode : 'load' 'store'> <Ports = 2> <Width = 8> <Depth = 60> <RAM>
ST_3 : Operation 114 [1/2] ( I:0.67ns O:0.67ns )   --->   "%row_bytes_24_load = load i6 %row_bytes_24_addr" [../src/grayscale.cpp:36]   --->   Operation 114 'load' 'row_bytes_24_load' <Predicate = (trunc_ln32 == 8)> <Delay = 0.67> <CoreInst = "RAM">   --->   Core 82 'RAM' <Latency = 1> <II = 1> <Delay = 0.67> <Storage> <Opcode : 'load' 'store'> <Ports = 2> <Width = 8> <Depth = 60> <RAM>
ST_3 : Operation 115 [1/2] ( I:0.67ns O:0.67ns )   --->   "%row_bytes_25_load = load i6 %row_bytes_25_addr" [../src/grayscale.cpp:36]   --->   Operation 115 'load' 'row_bytes_25_load' <Predicate = (trunc_ln32 == 19)> <Delay = 0.67> <CoreInst = "RAM">   --->   Core 82 'RAM' <Latency = 1> <II = 1> <Delay = 0.67> <Storage> <Opcode : 'load' 'store'> <Ports = 2> <Width = 8> <Depth = 60> <RAM>
ST_3 : Operation 116 [1/2] ( I:0.67ns O:0.67ns )   --->   "%row_bytes_26_load = load i6 %row_bytes_26_addr" [../src/grayscale.cpp:36]   --->   Operation 116 'load' 'row_bytes_26_load' <Predicate = (trunc_ln32 == 30)> <Delay = 0.67> <CoreInst = "RAM">   --->   Core 82 'RAM' <Latency = 1> <II = 1> <Delay = 0.67> <Storage> <Opcode : 'load' 'store'> <Ports = 2> <Width = 8> <Depth = 60> <RAM>
ST_3 : Operation 117 [1/2] ( I:0.67ns O:0.67ns )   --->   "%row_bytes_27_load = load i6 %row_bytes_27_addr" [../src/grayscale.cpp:36]   --->   Operation 117 'load' 'row_bytes_27_load' <Predicate = (trunc_ln32 == 9)> <Delay = 0.67> <CoreInst = "RAM">   --->   Core 82 'RAM' <Latency = 1> <II = 1> <Delay = 0.67> <Storage> <Opcode : 'load' 'store'> <Ports = 2> <Width = 8> <Depth = 60> <RAM>
ST_3 : Operation 118 [1/2] ( I:0.67ns O:0.67ns )   --->   "%row_bytes_28_load = load i6 %row_bytes_28_addr" [../src/grayscale.cpp:36]   --->   Operation 118 'load' 'row_bytes_28_load' <Predicate = (trunc_ln32 == 20)> <Delay = 0.67> <CoreInst = "RAM">   --->   Core 82 'RAM' <Latency = 1> <II = 1> <Delay = 0.67> <Storage> <Opcode : 'load' 'store'> <Ports = 2> <Width = 8> <Depth = 60> <RAM>
ST_3 : Operation 119 [1/2] ( I:0.67ns O:0.67ns )   --->   "%row_bytes_29_load = load i6 %row_bytes_29_addr" [../src/grayscale.cpp:36]   --->   Operation 119 'load' 'row_bytes_29_load' <Predicate = (trunc_ln32 == 31)> <Delay = 0.67> <CoreInst = "RAM">   --->   Core 82 'RAM' <Latency = 1> <II = 1> <Delay = 0.67> <Storage> <Opcode : 'load' 'store'> <Ports = 2> <Width = 8> <Depth = 60> <RAM>
ST_3 : Operation 120 [1/2] ( I:0.67ns O:0.67ns )   --->   "%row_bytes_30_load = load i6 %row_bytes_30_addr" [../src/grayscale.cpp:36]   --->   Operation 120 'load' 'row_bytes_30_load' <Predicate = (trunc_ln32 == 10)> <Delay = 0.67> <CoreInst = "RAM">   --->   Core 82 'RAM' <Latency = 1> <II = 1> <Delay = 0.67> <Storage> <Opcode : 'load' 'store'> <Ports = 2> <Width = 8> <Depth = 60> <RAM>
ST_3 : Operation 121 [1/2] ( I:0.67ns O:0.67ns )   --->   "%row_bytes_31_load = load i6 %row_bytes_31_addr" [../src/grayscale.cpp:36]   --->   Operation 121 'load' 'row_bytes_31_load' <Predicate = (trunc_ln32 == 21)> <Delay = 0.67> <CoreInst = "RAM">   --->   Core 82 'RAM' <Latency = 1> <II = 1> <Delay = 0.67> <Storage> <Opcode : 'load' 'store'> <Ports = 2> <Width = 8> <Depth = 60> <RAM>
ST_3 : Operation 122 [1/1] (0.78ns)   --->   "%pixel = sparsemux i8 @_ssdm_op_SparseMux.ap_auto.32i8.i8.i5, i5 0, i8 %row_bytes_load, i5 11, i8 %row_bytes_1_load, i5 22, i8 %row_bytes_2_load, i5 1, i8 %row_bytes_3_load, i5 12, i8 %row_bytes_4_load, i5 23, i8 %row_bytes_5_load, i5 2, i8 %row_bytes_6_load, i5 13, i8 %row_bytes_7_load, i5 24, i8 %row_bytes_8_load, i5 3, i8 %row_bytes_9_load, i5 14, i8 %row_bytes_10_load, i5 25, i8 %row_bytes_11_load, i5 4, i8 %row_bytes_12_load, i5 15, i8 %row_bytes_13_load, i5 26, i8 %row_bytes_14_load, i5 5, i8 %row_bytes_15_load, i5 16, i8 %row_bytes_16_load, i5 27, i8 %row_bytes_17_load, i5 6, i8 %row_bytes_18_load, i5 17, i8 %row_bytes_19_load, i5 28, i8 %row_bytes_20_load, i5 7, i8 %row_bytes_21_load, i5 18, i8 %row_bytes_22_load, i5 29, i8 %row_bytes_23_load, i5 8, i8 %row_bytes_24_load, i5 19, i8 %row_bytes_25_load, i5 30, i8 %row_bytes_26_load, i5 9, i8 %row_bytes_27_load, i5 20, i8 %row_bytes_28_load, i5 31, i8 %row_bytes_29_load, i5 10, i8 %row_bytes_30_load, i5 21, i8 %row_bytes_31_load, i8 0, i5 %trunc_ln32" [../src/grayscale.cpp:36]   --->   Operation 122 'sparsemux' 'pixel' <Predicate = true> <Delay = 0.78> <CoreInst = "BinarySparseMux_DontCare">   --->   Core 149 'BinarySparseMux_DontCare' <Latency = 0> <II = 1> <Delay = 0.78> <FuncUnit> <Opcode : 'sparsemux'> <InPorts = 2> <OutPorts = 1>
ST_3 : Operation 123 [1/1] (0.79ns)   --->   "%add_ln37 = add i11 %sub_ln36, i11 1" [../src/grayscale.cpp:37]   --->   Operation 123 'add' 'add_ln37' <Predicate = true> <Delay = 0.79> <CoreInst = "Adder">   --->   Core 1 'Adder' <Latency = 0> <II = 1> <Delay = 0.79> <FuncUnit> <Opcode : 'add' 'sub'> <InPorts = 2> <OutPorts = 1>
ST_3 : Operation 124 [1/1] (0.00ns)   --->   "%lshr_ln1 = partselect i6 @_ssdm_op_PartSelect.i6.i11.i32.i32, i11 %add_ln37, i32 5, i32 10" [../src/grayscale.cpp:37]   --->   Operation 124 'partselect' 'lshr_ln1' <Predicate = true> <Delay = 0.00>
ST_3 : Operation 125 [1/1] (0.00ns)   --->   "%zext_ln37 = zext i6 %lshr_ln1" [../src/grayscale.cpp:37]   --->   Operation 125 'zext' 'zext_ln37' <Predicate = true> <Delay = 0.00>
ST_3 : Operation 126 [1/1] (0.00ns)   --->   "%row_bytes_addr_1 = getelementptr i8 %row_bytes, i64 0, i64 %zext_ln37" [../src/grayscale.cpp:37]   --->   Operation 126 'getelementptr' 'row_bytes_addr_1' <Predicate = (trunc_ln32 == 21)> <Delay = 0.00>
ST_3 : Operation 127 [1/1] (0.00ns)   --->   "%row_bytes_1_addr_1 = getelementptr i8 %row_bytes_1, i64 0, i64 %zext_ln37" [../src/grayscale.cpp:37]   --->   Operation 127 'getelementptr' 'row_bytes_1_addr_1' <Predicate = (trunc_ln32 == 0)> <Delay = 0.00>
ST_3 : Operation 128 [1/1] (0.00ns)   --->   "%row_bytes_2_addr_1 = getelementptr i8 %row_bytes_2, i64 0, i64 %zext_ln37" [../src/grayscale.cpp:37]   --->   Operation 128 'getelementptr' 'row_bytes_2_addr_1' <Predicate = (trunc_ln32 == 11)> <Delay = 0.00>
ST_3 : Operation 129 [1/1] (0.00ns)   --->   "%row_bytes_3_addr_1 = getelementptr i8 %row_bytes_3, i64 0, i64 %zext_ln37" [../src/grayscale.cpp:37]   --->   Operation 129 'getelementptr' 'row_bytes_3_addr_1' <Predicate = (trunc_ln32 == 22)> <Delay = 0.00>
ST_3 : Operation 130 [1/1] (0.00ns)   --->   "%row_bytes_4_addr_1 = getelementptr i8 %row_bytes_4, i64 0, i64 %zext_ln37" [../src/grayscale.cpp:37]   --->   Operation 130 'getelementptr' 'row_bytes_4_addr_1' <Predicate = (trunc_ln32 == 1)> <Delay = 0.00>
ST_3 : Operation 131 [1/1] (0.00ns)   --->   "%row_bytes_5_addr_1 = getelementptr i8 %row_bytes_5, i64 0, i64 %zext_ln37" [../src/grayscale.cpp:37]   --->   Operation 131 'getelementptr' 'row_bytes_5_addr_1' <Predicate = (trunc_ln32 == 12)> <Delay = 0.00>
ST_3 : Operation 132 [1/1] (0.00ns)   --->   "%row_bytes_6_addr_1 = getelementptr i8 %row_bytes_6, i64 0, i64 %zext_ln37" [../src/grayscale.cpp:37]   --->   Operation 132 'getelementptr' 'row_bytes_6_addr_1' <Predicate = (trunc_ln32 == 23)> <Delay = 0.00>
ST_3 : Operation 133 [1/1] (0.00ns)   --->   "%row_bytes_7_addr_1 = getelementptr i8 %row_bytes_7, i64 0, i64 %zext_ln37" [../src/grayscale.cpp:37]   --->   Operation 133 'getelementptr' 'row_bytes_7_addr_1' <Predicate = (trunc_ln32 == 2)> <Delay = 0.00>
ST_3 : Operation 134 [1/1] (0.00ns)   --->   "%row_bytes_8_addr_1 = getelementptr i8 %row_bytes_8, i64 0, i64 %zext_ln37" [../src/grayscale.cpp:37]   --->   Operation 134 'getelementptr' 'row_bytes_8_addr_1' <Predicate = (trunc_ln32 == 13)> <Delay = 0.00>
ST_3 : Operation 135 [1/1] (0.00ns)   --->   "%row_bytes_9_addr_1 = getelementptr i8 %row_bytes_9, i64 0, i64 %zext_ln37" [../src/grayscale.cpp:37]   --->   Operation 135 'getelementptr' 'row_bytes_9_addr_1' <Predicate = (trunc_ln32 == 24)> <Delay = 0.00>
ST_3 : Operation 136 [1/1] (0.00ns)   --->   "%row_bytes_10_addr_1 = getelementptr i8 %row_bytes_10, i64 0, i64 %zext_ln37" [../src/grayscale.cpp:37]   --->   Operation 136 'getelementptr' 'row_bytes_10_addr_1' <Predicate = (trunc_ln32 == 3)> <Delay = 0.00>
ST_3 : Operation 137 [1/1] (0.00ns)   --->   "%row_bytes_11_addr_1 = getelementptr i8 %row_bytes_11, i64 0, i64 %zext_ln37" [../src/grayscale.cpp:37]   --->   Operation 137 'getelementptr' 'row_bytes_11_addr_1' <Predicate = (trunc_ln32 == 14)> <Delay = 0.00>
ST_3 : Operation 138 [1/1] (0.00ns)   --->   "%row_bytes_12_addr_1 = getelementptr i8 %row_bytes_12, i64 0, i64 %zext_ln37" [../src/grayscale.cpp:37]   --->   Operation 138 'getelementptr' 'row_bytes_12_addr_1' <Predicate = (trunc_ln32 == 25)> <Delay = 0.00>
ST_3 : Operation 139 [1/1] (0.00ns)   --->   "%row_bytes_13_addr_1 = getelementptr i8 %row_bytes_13, i64 0, i64 %zext_ln37" [../src/grayscale.cpp:37]   --->   Operation 139 'getelementptr' 'row_bytes_13_addr_1' <Predicate = (trunc_ln32 == 4)> <Delay = 0.00>
ST_3 : Operation 140 [1/1] (0.00ns)   --->   "%row_bytes_14_addr_1 = getelementptr i8 %row_bytes_14, i64 0, i64 %zext_ln37" [../src/grayscale.cpp:37]   --->   Operation 140 'getelementptr' 'row_bytes_14_addr_1' <Predicate = (trunc_ln32 == 15)> <Delay = 0.00>
ST_3 : Operation 141 [1/1] (0.00ns)   --->   "%row_bytes_15_addr_1 = getelementptr i8 %row_bytes_15, i64 0, i64 %zext_ln37" [../src/grayscale.cpp:37]   --->   Operation 141 'getelementptr' 'row_bytes_15_addr_1' <Predicate = (trunc_ln32 == 26)> <Delay = 0.00>
ST_3 : Operation 142 [1/1] (0.00ns)   --->   "%row_bytes_16_addr_1 = getelementptr i8 %row_bytes_16, i64 0, i64 %zext_ln37" [../src/grayscale.cpp:37]   --->   Operation 142 'getelementptr' 'row_bytes_16_addr_1' <Predicate = (trunc_ln32 == 5)> <Delay = 0.00>
ST_3 : Operation 143 [1/1] (0.00ns)   --->   "%row_bytes_17_addr_1 = getelementptr i8 %row_bytes_17, i64 0, i64 %zext_ln37" [../src/grayscale.cpp:37]   --->   Operation 143 'getelementptr' 'row_bytes_17_addr_1' <Predicate = (trunc_ln32 == 16)> <Delay = 0.00>
ST_3 : Operation 144 [1/1] (0.00ns)   --->   "%row_bytes_18_addr_1 = getelementptr i8 %row_bytes_18, i64 0, i64 %zext_ln37" [../src/grayscale.cpp:37]   --->   Operation 144 'getelementptr' 'row_bytes_18_addr_1' <Predicate = (trunc_ln32 == 27)> <Delay = 0.00>
ST_3 : Operation 145 [1/1] (0.00ns)   --->   "%row_bytes_19_addr_1 = getelementptr i8 %row_bytes_19, i64 0, i64 %zext_ln37" [../src/grayscale.cpp:37]   --->   Operation 145 'getelementptr' 'row_bytes_19_addr_1' <Predicate = (trunc_ln32 == 6)> <Delay = 0.00>
ST_3 : Operation 146 [1/1] (0.00ns)   --->   "%row_bytes_20_addr_1 = getelementptr i8 %row_bytes_20, i64 0, i64 %zext_ln37" [../src/grayscale.cpp:37]   --->   Operation 146 'getelementptr' 'row_bytes_20_addr_1' <Predicate = (trunc_ln32 == 17)> <Delay = 0.00>
ST_3 : Operation 147 [1/1] (0.00ns)   --->   "%row_bytes_21_addr_1 = getelementptr i8 %row_bytes_21, i64 0, i64 %zext_ln37" [../src/grayscale.cpp:37]   --->   Operation 147 'getelementptr' 'row_bytes_21_addr_1' <Predicate = (trunc_ln32 == 28)> <Delay = 0.00>
ST_3 : Operation 148 [1/1] (0.00ns)   --->   "%row_bytes_22_addr_1 = getelementptr i8 %row_bytes_22, i64 0, i64 %zext_ln37" [../src/grayscale.cpp:37]   --->   Operation 148 'getelementptr' 'row_bytes_22_addr_1' <Predicate = (trunc_ln32 == 7)> <Delay = 0.00>
ST_3 : Operation 149 [1/1] (0.00ns)   --->   "%row_bytes_23_addr_1 = getelementptr i8 %row_bytes_23, i64 0, i64 %zext_ln37" [../src/grayscale.cpp:37]   --->   Operation 149 'getelementptr' 'row_bytes_23_addr_1' <Predicate = (trunc_ln32 == 18)> <Delay = 0.00>
ST_3 : Operation 150 [1/1] (0.00ns)   --->   "%row_bytes_24_addr_1 = getelementptr i8 %row_bytes_24, i64 0, i64 %zext_ln37" [../src/grayscale.cpp:37]   --->   Operation 150 'getelementptr' 'row_bytes_24_addr_1' <Predicate = (trunc_ln32 == 29)> <Delay = 0.00>
ST_3 : Operation 151 [1/1] (0.00ns)   --->   "%row_bytes_25_addr_1 = getelementptr i8 %row_bytes_25, i64 0, i64 %zext_ln37" [../src/grayscale.cpp:37]   --->   Operation 151 'getelementptr' 'row_bytes_25_addr_1' <Predicate = (trunc_ln32 == 8)> <Delay = 0.00>
ST_3 : Operation 152 [1/1] (0.00ns)   --->   "%row_bytes_26_addr_1 = getelementptr i8 %row_bytes_26, i64 0, i64 %zext_ln37" [../src/grayscale.cpp:37]   --->   Operation 152 'getelementptr' 'row_bytes_26_addr_1' <Predicate = (trunc_ln32 == 19)> <Delay = 0.00>
ST_3 : Operation 153 [1/1] (0.00ns)   --->   "%row_bytes_27_addr_1 = getelementptr i8 %row_bytes_27, i64 0, i64 %zext_ln37" [../src/grayscale.cpp:37]   --->   Operation 153 'getelementptr' 'row_bytes_27_addr_1' <Predicate = (trunc_ln32 == 30)> <Delay = 0.00>
ST_3 : Operation 154 [1/1] (0.00ns)   --->   "%row_bytes_28_addr_1 = getelementptr i8 %row_bytes_28, i64 0, i64 %zext_ln37" [../src/grayscale.cpp:37]   --->   Operation 154 'getelementptr' 'row_bytes_28_addr_1' <Predicate = (trunc_ln32 == 9)> <Delay = 0.00>
ST_3 : Operation 155 [1/1] (0.00ns)   --->   "%row_bytes_29_addr_1 = getelementptr i8 %row_bytes_29, i64 0, i64 %zext_ln37" [../src/grayscale.cpp:37]   --->   Operation 155 'getelementptr' 'row_bytes_29_addr_1' <Predicate = (trunc_ln32 == 20)> <Delay = 0.00>
ST_3 : Operation 156 [1/1] (0.00ns)   --->   "%row_bytes_30_addr_1 = getelementptr i8 %row_bytes_30, i64 0, i64 %zext_ln37" [../src/grayscale.cpp:37]   --->   Operation 156 'getelementptr' 'row_bytes_30_addr_1' <Predicate = (trunc_ln32 == 31)> <Delay = 0.00>
ST_3 : Operation 157 [1/1] (0.00ns)   --->   "%row_bytes_31_addr_1 = getelementptr i8 %row_bytes_31, i64 0, i64 %zext_ln37" [../src/grayscale.cpp:37]   --->   Operation 157 'getelementptr' 'row_bytes_31_addr_1' <Predicate = (trunc_ln32 == 10)> <Delay = 0.00>
ST_3 : Operation 158 [2/2] (0.67ns)   --->   "%row_bytes_load_1 = load i6 %row_bytes_addr_1" [../src/grayscale.cpp:37]   --->   Operation 158 'load' 'row_bytes_load_1' <Predicate = (trunc_ln32 == 21)> <Delay = 0.67> <CoreInst = "RAM">   --->   Core 82 'RAM' <Latency = 1> <II = 1> <Delay = 0.67> <Storage> <Opcode : 'load' 'store'> <Ports = 2> <Width = 8> <Depth = 60> <RAM>
ST_3 : Operation 159 [2/2] (0.67ns)   --->   "%row_bytes_1_load_1 = load i6 %row_bytes_1_addr_1" [../src/grayscale.cpp:37]   --->   Operation 159 'load' 'row_bytes_1_load_1' <Predicate = (trunc_ln32 == 0)> <Delay = 0.67> <CoreInst = "RAM">   --->   Core 82 'RAM' <Latency = 1> <II = 1> <Delay = 0.67> <Storage> <Opcode : 'load' 'store'> <Ports = 2> <Width = 8> <Depth = 60> <RAM>
ST_3 : Operation 160 [2/2] (0.67ns)   --->   "%row_bytes_2_load_1 = load i6 %row_bytes_2_addr_1" [../src/grayscale.cpp:37]   --->   Operation 160 'load' 'row_bytes_2_load_1' <Predicate = (trunc_ln32 == 11)> <Delay = 0.67> <CoreInst = "RAM">   --->   Core 82 'RAM' <Latency = 1> <II = 1> <Delay = 0.67> <Storage> <Opcode : 'load' 'store'> <Ports = 2> <Width = 8> <Depth = 60> <RAM>
ST_3 : Operation 161 [2/2] (0.67ns)   --->   "%row_bytes_3_load_1 = load i6 %row_bytes_3_addr_1" [../src/grayscale.cpp:37]   --->   Operation 161 'load' 'row_bytes_3_load_1' <Predicate = (trunc_ln32 == 22)> <Delay = 0.67> <CoreInst = "RAM">   --->   Core 82 'RAM' <Latency = 1> <II = 1> <Delay = 0.67> <Storage> <Opcode : 'load' 'store'> <Ports = 2> <Width = 8> <Depth = 60> <RAM>
ST_3 : Operation 162 [2/2] (0.67ns)   --->   "%row_bytes_4_load_1 = load i6 %row_bytes_4_addr_1" [../src/grayscale.cpp:37]   --->   Operation 162 'load' 'row_bytes_4_load_1' <Predicate = (trunc_ln32 == 1)> <Delay = 0.67> <CoreInst = "RAM">   --->   Core 82 'RAM' <Latency = 1> <II = 1> <Delay = 0.67> <Storage> <Opcode : 'load' 'store'> <Ports = 2> <Width = 8> <Depth = 60> <RAM>
ST_3 : Operation 163 [2/2] (0.67ns)   --->   "%row_bytes_5_load_1 = load i6 %row_bytes_5_addr_1" [../src/grayscale.cpp:37]   --->   Operation 163 'load' 'row_bytes_5_load_1' <Predicate = (trunc_ln32 == 12)> <Delay = 0.67> <CoreInst = "RAM">   --->   Core 82 'RAM' <Latency = 1> <II = 1> <Delay = 0.67> <Storage> <Opcode : 'load' 'store'> <Ports = 2> <Width = 8> <Depth = 60> <RAM>
ST_3 : Operation 164 [2/2] (0.67ns)   --->   "%row_bytes_6_load_1 = load i6 %row_bytes_6_addr_1" [../src/grayscale.cpp:37]   --->   Operation 164 'load' 'row_bytes_6_load_1' <Predicate = (trunc_ln32 == 23)> <Delay = 0.67> <CoreInst = "RAM">   --->   Core 82 'RAM' <Latency = 1> <II = 1> <Delay = 0.67> <Storage> <Opcode : 'load' 'store'> <Ports = 2> <Width = 8> <Depth = 60> <RAM>
ST_3 : Operation 165 [2/2] (0.67ns)   --->   "%row_bytes_7_load_1 = load i6 %row_bytes_7_addr_1" [../src/grayscale.cpp:37]   --->   Operation 165 'load' 'row_bytes_7_load_1' <Predicate = (trunc_ln32 == 2)> <Delay = 0.67> <CoreInst = "RAM">   --->   Core 82 'RAM' <Latency = 1> <II = 1> <Delay = 0.67> <Storage> <Opcode : 'load' 'store'> <Ports = 2> <Width = 8> <Depth = 60> <RAM>
ST_3 : Operation 166 [2/2] (0.67ns)   --->   "%row_bytes_8_load_1 = load i6 %row_bytes_8_addr_1" [../src/grayscale.cpp:37]   --->   Operation 166 'load' 'row_bytes_8_load_1' <Predicate = (trunc_ln32 == 13)> <Delay = 0.67> <CoreInst = "RAM">   --->   Core 82 'RAM' <Latency = 1> <II = 1> <Delay = 0.67> <Storage> <Opcode : 'load' 'store'> <Ports = 2> <Width = 8> <Depth = 60> <RAM>
ST_3 : Operation 167 [2/2] (0.67ns)   --->   "%row_bytes_9_load_1 = load i6 %row_bytes_9_addr_1" [../src/grayscale.cpp:37]   --->   Operation 167 'load' 'row_bytes_9_load_1' <Predicate = (trunc_ln32 == 24)> <Delay = 0.67> <CoreInst = "RAM">   --->   Core 82 'RAM' <Latency = 1> <II = 1> <Delay = 0.67> <Storage> <Opcode : 'load' 'store'> <Ports = 2> <Width = 8> <Depth = 60> <RAM>
ST_3 : Operation 168 [2/2] (0.67ns)   --->   "%row_bytes_10_load_1 = load i6 %row_bytes_10_addr_1" [../src/grayscale.cpp:37]   --->   Operation 168 'load' 'row_bytes_10_load_1' <Predicate = (trunc_ln32 == 3)> <Delay = 0.67> <CoreInst = "RAM">   --->   Core 82 'RAM' <Latency = 1> <II = 1> <Delay = 0.67> <Storage> <Opcode : 'load' 'store'> <Ports = 2> <Width = 8> <Depth = 60> <RAM>
ST_3 : Operation 169 [2/2] (0.67ns)   --->   "%row_bytes_11_load_1 = load i6 %row_bytes_11_addr_1" [../src/grayscale.cpp:37]   --->   Operation 169 'load' 'row_bytes_11_load_1' <Predicate = (trunc_ln32 == 14)> <Delay = 0.67> <CoreInst = "RAM">   --->   Core 82 'RAM' <Latency = 1> <II = 1> <Delay = 0.67> <Storage> <Opcode : 'load' 'store'> <Ports = 2> <Width = 8> <Depth = 60> <RAM>
ST_3 : Operation 170 [2/2] (0.67ns)   --->   "%row_bytes_12_load_1 = load i6 %row_bytes_12_addr_1" [../src/grayscale.cpp:37]   --->   Operation 170 'load' 'row_bytes_12_load_1' <Predicate = (trunc_ln32 == 25)> <Delay = 0.67> <CoreInst = "RAM">   --->   Core 82 'RAM' <Latency = 1> <II = 1> <Delay = 0.67> <Storage> <Opcode : 'load' 'store'> <Ports = 2> <Width = 8> <Depth = 60> <RAM>
ST_3 : Operation 171 [2/2] (0.67ns)   --->   "%row_bytes_13_load_1 = load i6 %row_bytes_13_addr_1" [../src/grayscale.cpp:37]   --->   Operation 171 'load' 'row_bytes_13_load_1' <Predicate = (trunc_ln32 == 4)> <Delay = 0.67> <CoreInst = "RAM">   --->   Core 82 'RAM' <Latency = 1> <II = 1> <Delay = 0.67> <Storage> <Opcode : 'load' 'store'> <Ports = 2> <Width = 8> <Depth = 60> <RAM>
ST_3 : Operation 172 [2/2] (0.67ns)   --->   "%row_bytes_14_load_1 = load i6 %row_bytes_14_addr_1" [../src/grayscale.cpp:37]   --->   Operation 172 'load' 'row_bytes_14_load_1' <Predicate = (trunc_ln32 == 15)> <Delay = 0.67> <CoreInst = "RAM">   --->   Core 82 'RAM' <Latency = 1> <II = 1> <Delay = 0.67> <Storage> <Opcode : 'load' 'store'> <Ports = 2> <Width = 8> <Depth = 60> <RAM>
ST_3 : Operation 173 [2/2] (0.67ns)   --->   "%row_bytes_15_load_1 = load i6 %row_bytes_15_addr_1" [../src/grayscale.cpp:37]   --->   Operation 173 'load' 'row_bytes_15_load_1' <Predicate = (trunc_ln32 == 26)> <Delay = 0.67> <CoreInst = "RAM">   --->   Core 82 'RAM' <Latency = 1> <II = 1> <Delay = 0.67> <Storage> <Opcode : 'load' 'store'> <Ports = 2> <Width = 8> <Depth = 60> <RAM>
ST_3 : Operation 174 [2/2] (0.67ns)   --->   "%row_bytes_16_load_1 = load i6 %row_bytes_16_addr_1" [../src/grayscale.cpp:37]   --->   Operation 174 'load' 'row_bytes_16_load_1' <Predicate = (trunc_ln32 == 5)> <Delay = 0.67> <CoreInst = "RAM">   --->   Core 82 'RAM' <Latency = 1> <II = 1> <Delay = 0.67> <Storage> <Opcode : 'load' 'store'> <Ports = 2> <Width = 8> <Depth = 60> <RAM>
ST_3 : Operation 175 [2/2] (0.67ns)   --->   "%row_bytes_17_load_1 = load i6 %row_bytes_17_addr_1" [../src/grayscale.cpp:37]   --->   Operation 175 'load' 'row_bytes_17_load_1' <Predicate = (trunc_ln32 == 16)> <Delay = 0.67> <CoreInst = "RAM">   --->   Core 82 'RAM' <Latency = 1> <II = 1> <Delay = 0.67> <Storage> <Opcode : 'load' 'store'> <Ports = 2> <Width = 8> <Depth = 60> <RAM>
ST_3 : Operation 176 [2/2] (0.67ns)   --->   "%row_bytes_18_load_1 = load i6 %row_bytes_18_addr_1" [../src/grayscale.cpp:37]   --->   Operation 176 'load' 'row_bytes_18_load_1' <Predicate = (trunc_ln32 == 27)> <Delay = 0.67> <CoreInst = "RAM">   --->   Core 82 'RAM' <Latency = 1> <II = 1> <Delay = 0.67> <Storage> <Opcode : 'load' 'store'> <Ports = 2> <Width = 8> <Depth = 60> <RAM>
ST_3 : Operation 177 [2/2] (0.67ns)   --->   "%row_bytes_19_load_1 = load i6 %row_bytes_19_addr_1" [../src/grayscale.cpp:37]   --->   Operation 177 'load' 'row_bytes_19_load_1' <Predicate = (trunc_ln32 == 6)> <Delay = 0.67> <CoreInst = "RAM">   --->   Core 82 'RAM' <Latency = 1> <II = 1> <Delay = 0.67> <Storage> <Opcode : 'load' 'store'> <Ports = 2> <Width = 8> <Depth = 60> <RAM>
ST_3 : Operation 178 [2/2] (0.67ns)   --->   "%row_bytes_20_load_1 = load i6 %row_bytes_20_addr_1" [../src/grayscale.cpp:37]   --->   Operation 178 'load' 'row_bytes_20_load_1' <Predicate = (trunc_ln32 == 17)> <Delay = 0.67> <CoreInst = "RAM">   --->   Core 82 'RAM' <Latency = 1> <II = 1> <Delay = 0.67> <Storage> <Opcode : 'load' 'store'> <Ports = 2> <Width = 8> <Depth = 60> <RAM>
ST_3 : Operation 179 [2/2] (0.67ns)   --->   "%row_bytes_21_load_1 = load i6 %row_bytes_21_addr_1" [../src/grayscale.cpp:37]   --->   Operation 179 'load' 'row_bytes_21_load_1' <Predicate = (trunc_ln32 == 28)> <Delay = 0.67> <CoreInst = "RAM">   --->   Core 82 'RAM' <Latency = 1> <II = 1> <Delay = 0.67> <Storage> <Opcode : 'load' 'store'> <Ports = 2> <Width = 8> <Depth = 60> <RAM>
ST_3 : Operation 180 [2/2] (0.67ns)   --->   "%row_bytes_22_load_1 = load i6 %row_bytes_22_addr_1" [../src/grayscale.cpp:37]   --->   Operation 180 'load' 'row_bytes_22_load_1' <Predicate = (trunc_ln32 == 7)> <Delay = 0.67> <CoreInst = "RAM">   --->   Core 82 'RAM' <Latency = 1> <II = 1> <Delay = 0.67> <Storage> <Opcode : 'load' 'store'> <Ports = 2> <Width = 8> <Depth = 60> <RAM>
ST_3 : Operation 181 [2/2] (0.67ns)   --->   "%row_bytes_23_load_1 = load i6 %row_bytes_23_addr_1" [../src/grayscale.cpp:37]   --->   Operation 181 'load' 'row_bytes_23_load_1' <Predicate = (trunc_ln32 == 18)> <Delay = 0.67> <CoreInst = "RAM">   --->   Core 82 'RAM' <Latency = 1> <II = 1> <Delay = 0.67> <Storage> <Opcode : 'load' 'store'> <Ports = 2> <Width = 8> <Depth = 60> <RAM>
ST_3 : Operation 182 [2/2] (0.67ns)   --->   "%row_bytes_24_load_1 = load i6 %row_bytes_24_addr_1" [../src/grayscale.cpp:37]   --->   Operation 182 'load' 'row_bytes_24_load_1' <Predicate = (trunc_ln32 == 29)> <Delay = 0.67> <CoreInst = "RAM">   --->   Core 82 'RAM' <Latency = 1> <II = 1> <Delay = 0.67> <Storage> <Opcode : 'load' 'store'> <Ports = 2> <Width = 8> <Depth = 60> <RAM>
ST_3 : Operation 183 [2/2] (0.67ns)   --->   "%row_bytes_25_load_1 = load i6 %row_bytes_25_addr_1" [../src/grayscale.cpp:37]   --->   Operation 183 'load' 'row_bytes_25_load_1' <Predicate = (trunc_ln32 == 8)> <Delay = 0.67> <CoreInst = "RAM">   --->   Core 82 'RAM' <Latency = 1> <II = 1> <Delay = 0.67> <Storage> <Opcode : 'load' 'store'> <Ports = 2> <Width = 8> <Depth = 60> <RAM>
ST_3 : Operation 184 [2/2] (0.67ns)   --->   "%row_bytes_26_load_1 = load i6 %row_bytes_26_addr_1" [../src/grayscale.cpp:37]   --->   Operation 184 'load' 'row_bytes_26_load_1' <Predicate = (trunc_ln32 == 19)> <Delay = 0.67> <CoreInst = "RAM">   --->   Core 82 'RAM' <Latency = 1> <II = 1> <Delay = 0.67> <Storage> <Opcode : 'load' 'store'> <Ports = 2> <Width = 8> <Depth = 60> <RAM>
ST_3 : Operation 185 [2/2] (0.67ns)   --->   "%row_bytes_27_load_1 = load i6 %row_bytes_27_addr_1" [../src/grayscale.cpp:37]   --->   Operation 185 'load' 'row_bytes_27_load_1' <Predicate = (trunc_ln32 == 30)> <Delay = 0.67> <CoreInst = "RAM">   --->   Core 82 'RAM' <Latency = 1> <II = 1> <Delay = 0.67> <Storage> <Opcode : 'load' 'store'> <Ports = 2> <Width = 8> <Depth = 60> <RAM>
ST_3 : Operation 186 [2/2] (0.67ns)   --->   "%row_bytes_28_load_1 = load i6 %row_bytes_28_addr_1" [../src/grayscale.cpp:37]   --->   Operation 186 'load' 'row_bytes_28_load_1' <Predicate = (trunc_ln32 == 9)> <Delay = 0.67> <CoreInst = "RAM">   --->   Core 82 'RAM' <Latency = 1> <II = 1> <Delay = 0.67> <Storage> <Opcode : 'load' 'store'> <Ports = 2> <Width = 8> <Depth = 60> <RAM>
ST_3 : Operation 187 [2/2] (0.67ns)   --->   "%row_bytes_29_load_1 = load i6 %row_bytes_29_addr_1" [../src/grayscale.cpp:37]   --->   Operation 187 'load' 'row_bytes_29_load_1' <Predicate = (trunc_ln32 == 20)> <Delay = 0.67> <CoreInst = "RAM">   --->   Core 82 'RAM' <Latency = 1> <II = 1> <Delay = 0.67> <Storage> <Opcode : 'load' 'store'> <Ports = 2> <Width = 8> <Depth = 60> <RAM>
ST_3 : Operation 188 [2/2] (0.67ns)   --->   "%row_bytes_30_load_1 = load i6 %row_bytes_30_addr_1" [../src/grayscale.cpp:37]   --->   Operation 188 'load' 'row_bytes_30_load_1' <Predicate = (trunc_ln32 == 31)> <Delay = 0.67> <CoreInst = "RAM">   --->   Core 82 'RAM' <Latency = 1> <II = 1> <Delay = 0.67> <Storage> <Opcode : 'load' 'store'> <Ports = 2> <Width = 8> <Depth = 60> <RAM>
ST_3 : Operation 189 [2/2] (0.67ns)   --->   "%row_bytes_31_load_1 = load i6 %row_bytes_31_addr_1" [../src/grayscale.cpp:37]   --->   Operation 189 'load' 'row_bytes_31_load_1' <Predicate = (trunc_ln32 == 10)> <Delay = 0.67> <CoreInst = "RAM">   --->   Core 82 'RAM' <Latency = 1> <II = 1> <Delay = 0.67> <Storage> <Opcode : 'load' 'store'> <Ports = 2> <Width = 8> <Depth = 60> <RAM>
ST_3 : Operation 190 [1/1] (0.79ns)   --->   "%add_ln38 = add i11 %sub_ln36, i11 2" [../src/grayscale.cpp:38]   --->   Operation 190 'add' 'add_ln38' <Predicate = true> <Delay = 0.79> <CoreInst = "Adder">   --->   Core 1 'Adder' <Latency = 0> <II = 1> <Delay = 0.79> <FuncUnit> <Opcode : 'add' 'sub'> <InPorts = 2> <OutPorts = 1>
ST_3 : Operation 191 [1/1] (0.00ns)   --->   "%lshr_ln2 = partselect i6 @_ssdm_op_PartSelect.i6.i11.i32.i32, i11 %add_ln38, i32 5, i32 10" [../src/grayscale.cpp:38]   --->   Operation 191 'partselect' 'lshr_ln2' <Predicate = true> <Delay = 0.00>
ST_3 : Operation 192 [1/1] (0.00ns)   --->   "%zext_ln38 = zext i6 %lshr_ln2" [../src/grayscale.cpp:38]   --->   Operation 192 'zext' 'zext_ln38' <Predicate = true> <Delay = 0.00>
ST_3 : Operation 193 [1/1] (0.00ns)   --->   "%row_bytes_addr_2 = getelementptr i8 %row_bytes, i64 0, i64 %zext_ln38" [../src/grayscale.cpp:38]   --->   Operation 193 'getelementptr' 'row_bytes_addr_2' <Predicate = (trunc_ln32 == 10)> <Delay = 0.00>
ST_3 : Operation 194 [1/1] (0.00ns)   --->   "%row_bytes_1_addr_2 = getelementptr i8 %row_bytes_1, i64 0, i64 %zext_ln38" [../src/grayscale.cpp:38]   --->   Operation 194 'getelementptr' 'row_bytes_1_addr_2' <Predicate = (trunc_ln32 == 21)> <Delay = 0.00>
ST_3 : Operation 195 [1/1] (0.00ns)   --->   "%row_bytes_2_addr_2 = getelementptr i8 %row_bytes_2, i64 0, i64 %zext_ln38" [../src/grayscale.cpp:38]   --->   Operation 195 'getelementptr' 'row_bytes_2_addr_2' <Predicate = (trunc_ln32 == 0)> <Delay = 0.00>
ST_3 : Operation 196 [1/1] (0.00ns)   --->   "%row_bytes_3_addr_2 = getelementptr i8 %row_bytes_3, i64 0, i64 %zext_ln38" [../src/grayscale.cpp:38]   --->   Operation 196 'getelementptr' 'row_bytes_3_addr_2' <Predicate = (trunc_ln32 == 11)> <Delay = 0.00>
ST_3 : Operation 197 [1/1] (0.00ns)   --->   "%row_bytes_4_addr_2 = getelementptr i8 %row_bytes_4, i64 0, i64 %zext_ln38" [../src/grayscale.cpp:38]   --->   Operation 197 'getelementptr' 'row_bytes_4_addr_2' <Predicate = (trunc_ln32 == 22)> <Delay = 0.00>
ST_3 : Operation 198 [1/1] (0.00ns)   --->   "%row_bytes_5_addr_2 = getelementptr i8 %row_bytes_5, i64 0, i64 %zext_ln38" [../src/grayscale.cpp:38]   --->   Operation 198 'getelementptr' 'row_bytes_5_addr_2' <Predicate = (trunc_ln32 == 1)> <Delay = 0.00>
ST_3 : Operation 199 [1/1] (0.00ns)   --->   "%row_bytes_6_addr_2 = getelementptr i8 %row_bytes_6, i64 0, i64 %zext_ln38" [../src/grayscale.cpp:38]   --->   Operation 199 'getelementptr' 'row_bytes_6_addr_2' <Predicate = (trunc_ln32 == 12)> <Delay = 0.00>
ST_3 : Operation 200 [1/1] (0.00ns)   --->   "%row_bytes_7_addr_2 = getelementptr i8 %row_bytes_7, i64 0, i64 %zext_ln38" [../src/grayscale.cpp:38]   --->   Operation 200 'getelementptr' 'row_bytes_7_addr_2' <Predicate = (trunc_ln32 == 23)> <Delay = 0.00>
ST_3 : Operation 201 [1/1] (0.00ns)   --->   "%row_bytes_8_addr_2 = getelementptr i8 %row_bytes_8, i64 0, i64 %zext_ln38" [../src/grayscale.cpp:38]   --->   Operation 201 'getelementptr' 'row_bytes_8_addr_2' <Predicate = (trunc_ln32 == 2)> <Delay = 0.00>
ST_3 : Operation 202 [1/1] (0.00ns)   --->   "%row_bytes_9_addr_2 = getelementptr i8 %row_bytes_9, i64 0, i64 %zext_ln38" [../src/grayscale.cpp:38]   --->   Operation 202 'getelementptr' 'row_bytes_9_addr_2' <Predicate = (trunc_ln32 == 13)> <Delay = 0.00>
ST_3 : Operation 203 [1/1] (0.00ns)   --->   "%row_bytes_10_addr_2 = getelementptr i8 %row_bytes_10, i64 0, i64 %zext_ln38" [../src/grayscale.cpp:38]   --->   Operation 203 'getelementptr' 'row_bytes_10_addr_2' <Predicate = (trunc_ln32 == 24)> <Delay = 0.00>
ST_3 : Operation 204 [1/1] (0.00ns)   --->   "%row_bytes_11_addr_2 = getelementptr i8 %row_bytes_11, i64 0, i64 %zext_ln38" [../src/grayscale.cpp:38]   --->   Operation 204 'getelementptr' 'row_bytes_11_addr_2' <Predicate = (trunc_ln32 == 3)> <Delay = 0.00>
ST_3 : Operation 205 [1/1] (0.00ns)   --->   "%row_bytes_12_addr_2 = getelementptr i8 %row_bytes_12, i64 0, i64 %zext_ln38" [../src/grayscale.cpp:38]   --->   Operation 205 'getelementptr' 'row_bytes_12_addr_2' <Predicate = (trunc_ln32 == 14)> <Delay = 0.00>
ST_3 : Operation 206 [1/1] (0.00ns)   --->   "%row_bytes_13_addr_2 = getelementptr i8 %row_bytes_13, i64 0, i64 %zext_ln38" [../src/grayscale.cpp:38]   --->   Operation 206 'getelementptr' 'row_bytes_13_addr_2' <Predicate = (trunc_ln32 == 25)> <Delay = 0.00>
ST_3 : Operation 207 [1/1] (0.00ns)   --->   "%row_bytes_14_addr_2 = getelementptr i8 %row_bytes_14, i64 0, i64 %zext_ln38" [../src/grayscale.cpp:38]   --->   Operation 207 'getelementptr' 'row_bytes_14_addr_2' <Predicate = (trunc_ln32 == 4)> <Delay = 0.00>
ST_3 : Operation 208 [1/1] (0.00ns)   --->   "%row_bytes_15_addr_2 = getelementptr i8 %row_bytes_15, i64 0, i64 %zext_ln38" [../src/grayscale.cpp:38]   --->   Operation 208 'getelementptr' 'row_bytes_15_addr_2' <Predicate = (trunc_ln32 == 15)> <Delay = 0.00>
ST_3 : Operation 209 [1/1] (0.00ns)   --->   "%row_bytes_16_addr_2 = getelementptr i8 %row_bytes_16, i64 0, i64 %zext_ln38" [../src/grayscale.cpp:38]   --->   Operation 209 'getelementptr' 'row_bytes_16_addr_2' <Predicate = (trunc_ln32 == 26)> <Delay = 0.00>
ST_3 : Operation 210 [1/1] (0.00ns)   --->   "%row_bytes_17_addr_2 = getelementptr i8 %row_bytes_17, i64 0, i64 %zext_ln38" [../src/grayscale.cpp:38]   --->   Operation 210 'getelementptr' 'row_bytes_17_addr_2' <Predicate = (trunc_ln32 == 5)> <Delay = 0.00>
ST_3 : Operation 211 [1/1] (0.00ns)   --->   "%row_bytes_18_addr_2 = getelementptr i8 %row_bytes_18, i64 0, i64 %zext_ln38" [../src/grayscale.cpp:38]   --->   Operation 211 'getelementptr' 'row_bytes_18_addr_2' <Predicate = (trunc_ln32 == 16)> <Delay = 0.00>
ST_3 : Operation 212 [1/1] (0.00ns)   --->   "%row_bytes_19_addr_2 = getelementptr i8 %row_bytes_19, i64 0, i64 %zext_ln38" [../src/grayscale.cpp:38]   --->   Operation 212 'getelementptr' 'row_bytes_19_addr_2' <Predicate = (trunc_ln32 == 27)> <Delay = 0.00>
ST_3 : Operation 213 [1/1] (0.00ns)   --->   "%row_bytes_20_addr_2 = getelementptr i8 %row_bytes_20, i64 0, i64 %zext_ln38" [../src/grayscale.cpp:38]   --->   Operation 213 'getelementptr' 'row_bytes_20_addr_2' <Predicate = (trunc_ln32 == 6)> <Delay = 0.00>
ST_3 : Operation 214 [1/1] (0.00ns)   --->   "%row_bytes_21_addr_2 = getelementptr i8 %row_bytes_21, i64 0, i64 %zext_ln38" [../src/grayscale.cpp:38]   --->   Operation 214 'getelementptr' 'row_bytes_21_addr_2' <Predicate = (trunc_ln32 == 17)> <Delay = 0.00>
ST_3 : Operation 215 [1/1] (0.00ns)   --->   "%row_bytes_22_addr_2 = getelementptr i8 %row_bytes_22, i64 0, i64 %zext_ln38" [../src/grayscale.cpp:38]   --->   Operation 215 'getelementptr' 'row_bytes_22_addr_2' <Predicate = (trunc_ln32 == 28)> <Delay = 0.00>
ST_3 : Operation 216 [1/1] (0.00ns)   --->   "%row_bytes_23_addr_2 = getelementptr i8 %row_bytes_23, i64 0, i64 %zext_ln38" [../src/grayscale.cpp:38]   --->   Operation 216 'getelementptr' 'row_bytes_23_addr_2' <Predicate = (trunc_ln32 == 7)> <Delay = 0.00>
ST_3 : Operation 217 [1/1] (0.00ns)   --->   "%row_bytes_24_addr_2 = getelementptr i8 %row_bytes_24, i64 0, i64 %zext_ln38" [../src/grayscale.cpp:38]   --->   Operation 217 'getelementptr' 'row_bytes_24_addr_2' <Predicate = (trunc_ln32 == 18)> <Delay = 0.00>
ST_3 : Operation 218 [1/1] (0.00ns)   --->   "%row_bytes_25_addr_2 = getelementptr i8 %row_bytes_25, i64 0, i64 %zext_ln38" [../src/grayscale.cpp:38]   --->   Operation 218 'getelementptr' 'row_bytes_25_addr_2' <Predicate = (trunc_ln32 == 29)> <Delay = 0.00>
ST_3 : Operation 219 [1/1] (0.00ns)   --->   "%row_bytes_26_addr_2 = getelementptr i8 %row_bytes_26, i64 0, i64 %zext_ln38" [../src/grayscale.cpp:38]   --->   Operation 219 'getelementptr' 'row_bytes_26_addr_2' <Predicate = (trunc_ln32 == 8)> <Delay = 0.00>
ST_3 : Operation 220 [1/1] (0.00ns)   --->   "%row_bytes_27_addr_2 = getelementptr i8 %row_bytes_27, i64 0, i64 %zext_ln38" [../src/grayscale.cpp:38]   --->   Operation 220 'getelementptr' 'row_bytes_27_addr_2' <Predicate = (trunc_ln32 == 19)> <Delay = 0.00>
ST_3 : Operation 221 [1/1] (0.00ns)   --->   "%row_bytes_28_addr_2 = getelementptr i8 %row_bytes_28, i64 0, i64 %zext_ln38" [../src/grayscale.cpp:38]   --->   Operation 221 'getelementptr' 'row_bytes_28_addr_2' <Predicate = (trunc_ln32 == 30)> <Delay = 0.00>
ST_3 : Operation 222 [1/1] (0.00ns)   --->   "%row_bytes_29_addr_2 = getelementptr i8 %row_bytes_29, i64 0, i64 %zext_ln38" [../src/grayscale.cpp:38]   --->   Operation 222 'getelementptr' 'row_bytes_29_addr_2' <Predicate = (trunc_ln32 == 9)> <Delay = 0.00>
ST_3 : Operation 223 [1/1] (0.00ns)   --->   "%row_bytes_30_addr_2 = getelementptr i8 %row_bytes_30, i64 0, i64 %zext_ln38" [../src/grayscale.cpp:38]   --->   Operation 223 'getelementptr' 'row_bytes_30_addr_2' <Predicate = (trunc_ln32 == 20)> <Delay = 0.00>
ST_3 : Operation 224 [1/1] (0.00ns)   --->   "%row_bytes_31_addr_2 = getelementptr i8 %row_bytes_31, i64 0, i64 %zext_ln38" [../src/grayscale.cpp:38]   --->   Operation 224 'getelementptr' 'row_bytes_31_addr_2' <Predicate = (trunc_ln32 == 31)> <Delay = 0.00>
ST_3 : Operation 225 [2/2] (0.67ns)   --->   "%row_bytes_load_2 = load i6 %row_bytes_addr_2" [../src/grayscale.cpp:38]   --->   Operation 225 'load' 'row_bytes_load_2' <Predicate = (trunc_ln32 == 10)> <Delay = 0.67> <CoreInst = "RAM">   --->   Core 82 'RAM' <Latency = 1> <II = 1> <Delay = 0.67> <Storage> <Opcode : 'load' 'store'> <Ports = 2> <Width = 8> <Depth = 60> <RAM>
ST_3 : Operation 226 [2/2] (0.67ns)   --->   "%row_bytes_1_load_2 = load i6 %row_bytes_1_addr_2" [../src/grayscale.cpp:38]   --->   Operation 226 'load' 'row_bytes_1_load_2' <Predicate = (trunc_ln32 == 21)> <Delay = 0.67> <CoreInst = "RAM">   --->   Core 82 'RAM' <Latency = 1> <II = 1> <Delay = 0.67> <Storage> <Opcode : 'load' 'store'> <Ports = 2> <Width = 8> <Depth = 60> <RAM>
ST_3 : Operation 227 [2/2] (0.67ns)   --->   "%row_bytes_2_load_2 = load i6 %row_bytes_2_addr_2" [../src/grayscale.cpp:38]   --->   Operation 227 'load' 'row_bytes_2_load_2' <Predicate = (trunc_ln32 == 0)> <Delay = 0.67> <CoreInst = "RAM">   --->   Core 82 'RAM' <Latency = 1> <II = 1> <Delay = 0.67> <Storage> <Opcode : 'load' 'store'> <Ports = 2> <Width = 8> <Depth = 60> <RAM>
ST_3 : Operation 228 [2/2] (0.67ns)   --->   "%row_bytes_3_load_2 = load i6 %row_bytes_3_addr_2" [../src/grayscale.cpp:38]   --->   Operation 228 'load' 'row_bytes_3_load_2' <Predicate = (trunc_ln32 == 11)> <Delay = 0.67> <CoreInst = "RAM">   --->   Core 82 'RAM' <Latency = 1> <II = 1> <Delay = 0.67> <Storage> <Opcode : 'load' 'store'> <Ports = 2> <Width = 8> <Depth = 60> <RAM>
ST_3 : Operation 229 [2/2] (0.67ns)   --->   "%row_bytes_4_load_2 = load i6 %row_bytes_4_addr_2" [../src/grayscale.cpp:38]   --->   Operation 229 'load' 'row_bytes_4_load_2' <Predicate = (trunc_ln32 == 22)> <Delay = 0.67> <CoreInst = "RAM">   --->   Core 82 'RAM' <Latency = 1> <II = 1> <Delay = 0.67> <Storage> <Opcode : 'load' 'store'> <Ports = 2> <Width = 8> <Depth = 60> <RAM>
ST_3 : Operation 230 [2/2] (0.67ns)   --->   "%row_bytes_5_load_2 = load i6 %row_bytes_5_addr_2" [../src/grayscale.cpp:38]   --->   Operation 230 'load' 'row_bytes_5_load_2' <Predicate = (trunc_ln32 == 1)> <Delay = 0.67> <CoreInst = "RAM">   --->   Core 82 'RAM' <Latency = 1> <II = 1> <Delay = 0.67> <Storage> <Opcode : 'load' 'store'> <Ports = 2> <Width = 8> <Depth = 60> <RAM>
ST_3 : Operation 231 [2/2] (0.67ns)   --->   "%row_bytes_6_load_2 = load i6 %row_bytes_6_addr_2" [../src/grayscale.cpp:38]   --->   Operation 231 'load' 'row_bytes_6_load_2' <Predicate = (trunc_ln32 == 12)> <Delay = 0.67> <CoreInst = "RAM">   --->   Core 82 'RAM' <Latency = 1> <II = 1> <Delay = 0.67> <Storage> <Opcode : 'load' 'store'> <Ports = 2> <Width = 8> <Depth = 60> <RAM>
ST_3 : Operation 232 [2/2] (0.67ns)   --->   "%row_bytes_7_load_2 = load i6 %row_bytes_7_addr_2" [../src/grayscale.cpp:38]   --->   Operation 232 'load' 'row_bytes_7_load_2' <Predicate = (trunc_ln32 == 23)> <Delay = 0.67> <CoreInst = "RAM">   --->   Core 82 'RAM' <Latency = 1> <II = 1> <Delay = 0.67> <Storage> <Opcode : 'load' 'store'> <Ports = 2> <Width = 8> <Depth = 60> <RAM>
ST_3 : Operation 233 [2/2] (0.67ns)   --->   "%row_bytes_8_load_2 = load i6 %row_bytes_8_addr_2" [../src/grayscale.cpp:38]   --->   Operation 233 'load' 'row_bytes_8_load_2' <Predicate = (trunc_ln32 == 2)> <Delay = 0.67> <CoreInst = "RAM">   --->   Core 82 'RAM' <Latency = 1> <II = 1> <Delay = 0.67> <Storage> <Opcode : 'load' 'store'> <Ports = 2> <Width = 8> <Depth = 60> <RAM>
ST_3 : Operation 234 [2/2] (0.67ns)   --->   "%row_bytes_9_load_2 = load i6 %row_bytes_9_addr_2" [../src/grayscale.cpp:38]   --->   Operation 234 'load' 'row_bytes_9_load_2' <Predicate = (trunc_ln32 == 13)> <Delay = 0.67> <CoreInst = "RAM">   --->   Core 82 'RAM' <Latency = 1> <II = 1> <Delay = 0.67> <Storage> <Opcode : 'load' 'store'> <Ports = 2> <Width = 8> <Depth = 60> <RAM>
ST_3 : Operation 235 [2/2] (0.67ns)   --->   "%row_bytes_10_load_2 = load i6 %row_bytes_10_addr_2" [../src/grayscale.cpp:38]   --->   Operation 235 'load' 'row_bytes_10_load_2' <Predicate = (trunc_ln32 == 24)> <Delay = 0.67> <CoreInst = "RAM">   --->   Core 82 'RAM' <Latency = 1> <II = 1> <Delay = 0.67> <Storage> <Opcode : 'load' 'store'> <Ports = 2> <Width = 8> <Depth = 60> <RAM>
ST_3 : Operation 236 [2/2] (0.67ns)   --->   "%row_bytes_11_load_2 = load i6 %row_bytes_11_addr_2" [../src/grayscale.cpp:38]   --->   Operation 236 'load' 'row_bytes_11_load_2' <Predicate = (trunc_ln32 == 3)> <Delay = 0.67> <CoreInst = "RAM">   --->   Core 82 'RAM' <Latency = 1> <II = 1> <Delay = 0.67> <Storage> <Opcode : 'load' 'store'> <Ports = 2> <Width = 8> <Depth = 60> <RAM>
ST_3 : Operation 237 [2/2] (0.67ns)   --->   "%row_bytes_12_load_2 = load i6 %row_bytes_12_addr_2" [../src/grayscale.cpp:38]   --->   Operation 237 'load' 'row_bytes_12_load_2' <Predicate = (trunc_ln32 == 14)> <Delay = 0.67> <CoreInst = "RAM">   --->   Core 82 'RAM' <Latency = 1> <II = 1> <Delay = 0.67> <Storage> <Opcode : 'load' 'store'> <Ports = 2> <Width = 8> <Depth = 60> <RAM>
ST_3 : Operation 238 [2/2] (0.67ns)   --->   "%row_bytes_13_load_2 = load i6 %row_bytes_13_addr_2" [../src/grayscale.cpp:38]   --->   Operation 238 'load' 'row_bytes_13_load_2' <Predicate = (trunc_ln32 == 25)> <Delay = 0.67> <CoreInst = "RAM">   --->   Core 82 'RAM' <Latency = 1> <II = 1> <Delay = 0.67> <Storage> <Opcode : 'load' 'store'> <Ports = 2> <Width = 8> <Depth = 60> <RAM>
ST_3 : Operation 239 [2/2] (0.67ns)   --->   "%row_bytes_14_load_2 = load i6 %row_bytes_14_addr_2" [../src/grayscale.cpp:38]   --->   Operation 239 'load' 'row_bytes_14_load_2' <Predicate = (trunc_ln32 == 4)> <Delay = 0.67> <CoreInst = "RAM">   --->   Core 82 'RAM' <Latency = 1> <II = 1> <Delay = 0.67> <Storage> <Opcode : 'load' 'store'> <Ports = 2> <Width = 8> <Depth = 60> <RAM>
ST_3 : Operation 240 [2/2] (0.67ns)   --->   "%row_bytes_15_load_2 = load i6 %row_bytes_15_addr_2" [../src/grayscale.cpp:38]   --->   Operation 240 'load' 'row_bytes_15_load_2' <Predicate = (trunc_ln32 == 15)> <Delay = 0.67> <CoreInst = "RAM">   --->   Core 82 'RAM' <Latency = 1> <II = 1> <Delay = 0.67> <Storage> <Opcode : 'load' 'store'> <Ports = 2> <Width = 8> <Depth = 60> <RAM>
ST_3 : Operation 241 [2/2] (0.67ns)   --->   "%row_bytes_16_load_2 = load i6 %row_bytes_16_addr_2" [../src/grayscale.cpp:38]   --->   Operation 241 'load' 'row_bytes_16_load_2' <Predicate = (trunc_ln32 == 26)> <Delay = 0.67> <CoreInst = "RAM">   --->   Core 82 'RAM' <Latency = 1> <II = 1> <Delay = 0.67> <Storage> <Opcode : 'load' 'store'> <Ports = 2> <Width = 8> <Depth = 60> <RAM>
ST_3 : Operation 242 [2/2] (0.67ns)   --->   "%row_bytes_17_load_2 = load i6 %row_bytes_17_addr_2" [../src/grayscale.cpp:38]   --->   Operation 242 'load' 'row_bytes_17_load_2' <Predicate = (trunc_ln32 == 5)> <Delay = 0.67> <CoreInst = "RAM">   --->   Core 82 'RAM' <Latency = 1> <II = 1> <Delay = 0.67> <Storage> <Opcode : 'load' 'store'> <Ports = 2> <Width = 8> <Depth = 60> <RAM>
ST_3 : Operation 243 [2/2] (0.67ns)   --->   "%row_bytes_18_load_2 = load i6 %row_bytes_18_addr_2" [../src/grayscale.cpp:38]   --->   Operation 243 'load' 'row_bytes_18_load_2' <Predicate = (trunc_ln32 == 16)> <Delay = 0.67> <CoreInst = "RAM">   --->   Core 82 'RAM' <Latency = 1> <II = 1> <Delay = 0.67> <Storage> <Opcode : 'load' 'store'> <Ports = 2> <Width = 8> <Depth = 60> <RAM>
ST_3 : Operation 244 [2/2] (0.67ns)   --->   "%row_bytes_19_load_2 = load i6 %row_bytes_19_addr_2" [../src/grayscale.cpp:38]   --->   Operation 244 'load' 'row_bytes_19_load_2' <Predicate = (trunc_ln32 == 27)> <Delay = 0.67> <CoreInst = "RAM">   --->   Core 82 'RAM' <Latency = 1> <II = 1> <Delay = 0.67> <Storage> <Opcode : 'load' 'store'> <Ports = 2> <Width = 8> <Depth = 60> <RAM>
ST_3 : Operation 245 [2/2] (0.67ns)   --->   "%row_bytes_20_load_2 = load i6 %row_bytes_20_addr_2" [../src/grayscale.cpp:38]   --->   Operation 245 'load' 'row_bytes_20_load_2' <Predicate = (trunc_ln32 == 6)> <Delay = 0.67> <CoreInst = "RAM">   --->   Core 82 'RAM' <Latency = 1> <II = 1> <Delay = 0.67> <Storage> <Opcode : 'load' 'store'> <Ports = 2> <Width = 8> <Depth = 60> <RAM>
ST_3 : Operation 246 [2/2] (0.67ns)   --->   "%row_bytes_21_load_2 = load i6 %row_bytes_21_addr_2" [../src/grayscale.cpp:38]   --->   Operation 246 'load' 'row_bytes_21_load_2' <Predicate = (trunc_ln32 == 17)> <Delay = 0.67> <CoreInst = "RAM">   --->   Core 82 'RAM' <Latency = 1> <II = 1> <Delay = 0.67> <Storage> <Opcode : 'load' 'store'> <Ports = 2> <Width = 8> <Depth = 60> <RAM>
ST_3 : Operation 247 [2/2] (0.67ns)   --->   "%row_bytes_22_load_2 = load i6 %row_bytes_22_addr_2" [../src/grayscale.cpp:38]   --->   Operation 247 'load' 'row_bytes_22_load_2' <Predicate = (trunc_ln32 == 28)> <Delay = 0.67> <CoreInst = "RAM">   --->   Core 82 'RAM' <Latency = 1> <II = 1> <Delay = 0.67> <Storage> <Opcode : 'load' 'store'> <Ports = 2> <Width = 8> <Depth = 60> <RAM>
ST_3 : Operation 248 [2/2] (0.67ns)   --->   "%row_bytes_23_load_2 = load i6 %row_bytes_23_addr_2" [../src/grayscale.cpp:38]   --->   Operation 248 'load' 'row_bytes_23_load_2' <Predicate = (trunc_ln32 == 7)> <Delay = 0.67> <CoreInst = "RAM">   --->   Core 82 'RAM' <Latency = 1> <II = 1> <Delay = 0.67> <Storage> <Opcode : 'load' 'store'> <Ports = 2> <Width = 8> <Depth = 60> <RAM>
ST_3 : Operation 249 [2/2] (0.67ns)   --->   "%row_bytes_24_load_2 = load i6 %row_bytes_24_addr_2" [../src/grayscale.cpp:38]   --->   Operation 249 'load' 'row_bytes_24_load_2' <Predicate = (trunc_ln32 == 18)> <Delay = 0.67> <CoreInst = "RAM">   --->   Core 82 'RAM' <Latency = 1> <II = 1> <Delay = 0.67> <Storage> <Opcode : 'load' 'store'> <Ports = 2> <Width = 8> <Depth = 60> <RAM>
ST_3 : Operation 250 [2/2] (0.67ns)   --->   "%row_bytes_25_load_2 = load i6 %row_bytes_25_addr_2" [../src/grayscale.cpp:38]   --->   Operation 250 'load' 'row_bytes_25_load_2' <Predicate = (trunc_ln32 == 29)> <Delay = 0.67> <CoreInst = "RAM">   --->   Core 82 'RAM' <Latency = 1> <II = 1> <Delay = 0.67> <Storage> <Opcode : 'load' 'store'> <Ports = 2> <Width = 8> <Depth = 60> <RAM>
ST_3 : Operation 251 [2/2] (0.67ns)   --->   "%row_bytes_26_load_2 = load i6 %row_bytes_26_addr_2" [../src/grayscale.cpp:38]   --->   Operation 251 'load' 'row_bytes_26_load_2' <Predicate = (trunc_ln32 == 8)> <Delay = 0.67> <CoreInst = "RAM">   --->   Core 82 'RAM' <Latency = 1> <II = 1> <Delay = 0.67> <Storage> <Opcode : 'load' 'store'> <Ports = 2> <Width = 8> <Depth = 60> <RAM>
ST_3 : Operation 252 [2/2] (0.67ns)   --->   "%row_bytes_27_load_2 = load i6 %row_bytes_27_addr_2" [../src/grayscale.cpp:38]   --->   Operation 252 'load' 'row_bytes_27_load_2' <Predicate = (trunc_ln32 == 19)> <Delay = 0.67> <CoreInst = "RAM">   --->   Core 82 'RAM' <Latency = 1> <II = 1> <Delay = 0.67> <Storage> <Opcode : 'load' 'store'> <Ports = 2> <Width = 8> <Depth = 60> <RAM>
ST_3 : Operation 253 [2/2] (0.67ns)   --->   "%row_bytes_28_load_2 = load i6 %row_bytes_28_addr_2" [../src/grayscale.cpp:38]   --->   Operation 253 'load' 'row_bytes_28_load_2' <Predicate = (trunc_ln32 == 30)> <Delay = 0.67> <CoreInst = "RAM">   --->   Core 82 'RAM' <Latency = 1> <II = 1> <Delay = 0.67> <Storage> <Opcode : 'load' 'store'> <Ports = 2> <Width = 8> <Depth = 60> <RAM>
ST_3 : Operation 254 [2/2] (0.67ns)   --->   "%row_bytes_29_load_2 = load i6 %row_bytes_29_addr_2" [../src/grayscale.cpp:38]   --->   Operation 254 'load' 'row_bytes_29_load_2' <Predicate = (trunc_ln32 == 9)> <Delay = 0.67> <CoreInst = "RAM">   --->   Core 82 'RAM' <Latency = 1> <II = 1> <Delay = 0.67> <Storage> <Opcode : 'load' 'store'> <Ports = 2> <Width = 8> <Depth = 60> <RAM>
ST_3 : Operation 255 [2/2] (0.67ns)   --->   "%row_bytes_30_load_2 = load i6 %row_bytes_30_addr_2" [../src/grayscale.cpp:38]   --->   Operation 255 'load' 'row_bytes_30_load_2' <Predicate = (trunc_ln32 == 20)> <Delay = 0.67> <CoreInst = "RAM">   --->   Core 82 'RAM' <Latency = 1> <II = 1> <Delay = 0.67> <Storage> <Opcode : 'load' 'store'> <Ports = 2> <Width = 8> <Depth = 60> <RAM>
ST_3 : Operation 256 [2/2] (0.67ns)   --->   "%row_bytes_31_load_2 = load i6 %row_bytes_31_addr_2" [../src/grayscale.cpp:38]   --->   Operation 256 'load' 'row_bytes_31_load_2' <Predicate = (trunc_ln32 == 31)> <Delay = 0.67> <CoreInst = "RAM">   --->   Core 82 'RAM' <Latency = 1> <II = 1> <Delay = 0.67> <Storage> <Opcode : 'load' 'store'> <Ports = 2> <Width = 8> <Depth = 60> <RAM>
ST_3 : Operation 257 [1/1] (0.00ns)   --->   "%zext_ln42_1 = zext i8 %pixel" [../src/grayscale.cpp:42]   --->   Operation 257 'zext' 'zext_ln42_1' <Predicate = true> <Delay = 0.00>
ST_3 : Operation 258 [3/3] (0.99ns) (grouped into DSP with root node add_ln42)   --->   "%mul_ln42_3 = mul i13 %zext_ln42_1, i13 29" [../src/grayscale.cpp:42]   --->   Operation 258 'mul' 'mul_ln42_3' <Predicate = true> <Delay = 0.99> <CoreInst = "DSP48">   --->   Core 124 'DSP48' <Latency = 3> <II = 1> <Delay = 0.53> <IPBlock> <Opcode : 'add' 'sub' 'mul' 'select'> <InPorts = 0> <OutPorts = 1> <Sync> <CReg>

State 4 <SV = 3> <Delay = 2.46>
ST_4 : Operation 259 [1/2] ( I:0.67ns O:0.67ns )   --->   "%row_bytes_load_1 = load i6 %row_bytes_addr_1" [../src/grayscale.cpp:37]   --->   Operation 259 'load' 'row_bytes_load_1' <Predicate = (trunc_ln32 == 21)> <Delay = 0.67> <CoreInst = "RAM">   --->   Core 82 'RAM' <Latency = 1> <II = 1> <Delay = 0.67> <Storage> <Opcode : 'load' 'store'> <Ports = 2> <Width = 8> <Depth = 60> <RAM>
ST_4 : Operation 260 [1/2] ( I:0.67ns O:0.67ns )   --->   "%row_bytes_1_load_1 = load i6 %row_bytes_1_addr_1" [../src/grayscale.cpp:37]   --->   Operation 260 'load' 'row_bytes_1_load_1' <Predicate = (trunc_ln32 == 0)> <Delay = 0.67> <CoreInst = "RAM">   --->   Core 82 'RAM' <Latency = 1> <II = 1> <Delay = 0.67> <Storage> <Opcode : 'load' 'store'> <Ports = 2> <Width = 8> <Depth = 60> <RAM>
ST_4 : Operation 261 [1/2] ( I:0.67ns O:0.67ns )   --->   "%row_bytes_2_load_1 = load i6 %row_bytes_2_addr_1" [../src/grayscale.cpp:37]   --->   Operation 261 'load' 'row_bytes_2_load_1' <Predicate = (trunc_ln32 == 11)> <Delay = 0.67> <CoreInst = "RAM">   --->   Core 82 'RAM' <Latency = 1> <II = 1> <Delay = 0.67> <Storage> <Opcode : 'load' 'store'> <Ports = 2> <Width = 8> <Depth = 60> <RAM>
ST_4 : Operation 262 [1/2] ( I:0.67ns O:0.67ns )   --->   "%row_bytes_3_load_1 = load i6 %row_bytes_3_addr_1" [../src/grayscale.cpp:37]   --->   Operation 262 'load' 'row_bytes_3_load_1' <Predicate = (trunc_ln32 == 22)> <Delay = 0.67> <CoreInst = "RAM">   --->   Core 82 'RAM' <Latency = 1> <II = 1> <Delay = 0.67> <Storage> <Opcode : 'load' 'store'> <Ports = 2> <Width = 8> <Depth = 60> <RAM>
ST_4 : Operation 263 [1/2] ( I:0.67ns O:0.67ns )   --->   "%row_bytes_4_load_1 = load i6 %row_bytes_4_addr_1" [../src/grayscale.cpp:37]   --->   Operation 263 'load' 'row_bytes_4_load_1' <Predicate = (trunc_ln32 == 1)> <Delay = 0.67> <CoreInst = "RAM">   --->   Core 82 'RAM' <Latency = 1> <II = 1> <Delay = 0.67> <Storage> <Opcode : 'load' 'store'> <Ports = 2> <Width = 8> <Depth = 60> <RAM>
ST_4 : Operation 264 [1/2] ( I:0.67ns O:0.67ns )   --->   "%row_bytes_5_load_1 = load i6 %row_bytes_5_addr_1" [../src/grayscale.cpp:37]   --->   Operation 264 'load' 'row_bytes_5_load_1' <Predicate = (trunc_ln32 == 12)> <Delay = 0.67> <CoreInst = "RAM">   --->   Core 82 'RAM' <Latency = 1> <II = 1> <Delay = 0.67> <Storage> <Opcode : 'load' 'store'> <Ports = 2> <Width = 8> <Depth = 60> <RAM>
ST_4 : Operation 265 [1/2] ( I:0.67ns O:0.67ns )   --->   "%row_bytes_6_load_1 = load i6 %row_bytes_6_addr_1" [../src/grayscale.cpp:37]   --->   Operation 265 'load' 'row_bytes_6_load_1' <Predicate = (trunc_ln32 == 23)> <Delay = 0.67> <CoreInst = "RAM">   --->   Core 82 'RAM' <Latency = 1> <II = 1> <Delay = 0.67> <Storage> <Opcode : 'load' 'store'> <Ports = 2> <Width = 8> <Depth = 60> <RAM>
ST_4 : Operation 266 [1/2] ( I:0.67ns O:0.67ns )   --->   "%row_bytes_7_load_1 = load i6 %row_bytes_7_addr_1" [../src/grayscale.cpp:37]   --->   Operation 266 'load' 'row_bytes_7_load_1' <Predicate = (trunc_ln32 == 2)> <Delay = 0.67> <CoreInst = "RAM">   --->   Core 82 'RAM' <Latency = 1> <II = 1> <Delay = 0.67> <Storage> <Opcode : 'load' 'store'> <Ports = 2> <Width = 8> <Depth = 60> <RAM>
ST_4 : Operation 267 [1/2] ( I:0.67ns O:0.67ns )   --->   "%row_bytes_8_load_1 = load i6 %row_bytes_8_addr_1" [../src/grayscale.cpp:37]   --->   Operation 267 'load' 'row_bytes_8_load_1' <Predicate = (trunc_ln32 == 13)> <Delay = 0.67> <CoreInst = "RAM">   --->   Core 82 'RAM' <Latency = 1> <II = 1> <Delay = 0.67> <Storage> <Opcode : 'load' 'store'> <Ports = 2> <Width = 8> <Depth = 60> <RAM>
ST_4 : Operation 268 [1/2] ( I:0.67ns O:0.67ns )   --->   "%row_bytes_9_load_1 = load i6 %row_bytes_9_addr_1" [../src/grayscale.cpp:37]   --->   Operation 268 'load' 'row_bytes_9_load_1' <Predicate = (trunc_ln32 == 24)> <Delay = 0.67> <CoreInst = "RAM">   --->   Core 82 'RAM' <Latency = 1> <II = 1> <Delay = 0.67> <Storage> <Opcode : 'load' 'store'> <Ports = 2> <Width = 8> <Depth = 60> <RAM>
ST_4 : Operation 269 [1/2] ( I:0.67ns O:0.67ns )   --->   "%row_bytes_10_load_1 = load i6 %row_bytes_10_addr_1" [../src/grayscale.cpp:37]   --->   Operation 269 'load' 'row_bytes_10_load_1' <Predicate = (trunc_ln32 == 3)> <Delay = 0.67> <CoreInst = "RAM">   --->   Core 82 'RAM' <Latency = 1> <II = 1> <Delay = 0.67> <Storage> <Opcode : 'load' 'store'> <Ports = 2> <Width = 8> <Depth = 60> <RAM>
ST_4 : Operation 270 [1/2] ( I:0.67ns O:0.67ns )   --->   "%row_bytes_11_load_1 = load i6 %row_bytes_11_addr_1" [../src/grayscale.cpp:37]   --->   Operation 270 'load' 'row_bytes_11_load_1' <Predicate = (trunc_ln32 == 14)> <Delay = 0.67> <CoreInst = "RAM">   --->   Core 82 'RAM' <Latency = 1> <II = 1> <Delay = 0.67> <Storage> <Opcode : 'load' 'store'> <Ports = 2> <Width = 8> <Depth = 60> <RAM>
ST_4 : Operation 271 [1/2] ( I:0.67ns O:0.67ns )   --->   "%row_bytes_12_load_1 = load i6 %row_bytes_12_addr_1" [../src/grayscale.cpp:37]   --->   Operation 271 'load' 'row_bytes_12_load_1' <Predicate = (trunc_ln32 == 25)> <Delay = 0.67> <CoreInst = "RAM">   --->   Core 82 'RAM' <Latency = 1> <II = 1> <Delay = 0.67> <Storage> <Opcode : 'load' 'store'> <Ports = 2> <Width = 8> <Depth = 60> <RAM>
ST_4 : Operation 272 [1/2] ( I:0.67ns O:0.67ns )   --->   "%row_bytes_13_load_1 = load i6 %row_bytes_13_addr_1" [../src/grayscale.cpp:37]   --->   Operation 272 'load' 'row_bytes_13_load_1' <Predicate = (trunc_ln32 == 4)> <Delay = 0.67> <CoreInst = "RAM">   --->   Core 82 'RAM' <Latency = 1> <II = 1> <Delay = 0.67> <Storage> <Opcode : 'load' 'store'> <Ports = 2> <Width = 8> <Depth = 60> <RAM>
ST_4 : Operation 273 [1/2] ( I:0.67ns O:0.67ns )   --->   "%row_bytes_14_load_1 = load i6 %row_bytes_14_addr_1" [../src/grayscale.cpp:37]   --->   Operation 273 'load' 'row_bytes_14_load_1' <Predicate = (trunc_ln32 == 15)> <Delay = 0.67> <CoreInst = "RAM">   --->   Core 82 'RAM' <Latency = 1> <II = 1> <Delay = 0.67> <Storage> <Opcode : 'load' 'store'> <Ports = 2> <Width = 8> <Depth = 60> <RAM>
ST_4 : Operation 274 [1/2] ( I:0.67ns O:0.67ns )   --->   "%row_bytes_15_load_1 = load i6 %row_bytes_15_addr_1" [../src/grayscale.cpp:37]   --->   Operation 274 'load' 'row_bytes_15_load_1' <Predicate = (trunc_ln32 == 26)> <Delay = 0.67> <CoreInst = "RAM">   --->   Core 82 'RAM' <Latency = 1> <II = 1> <Delay = 0.67> <Storage> <Opcode : 'load' 'store'> <Ports = 2> <Width = 8> <Depth = 60> <RAM>
ST_4 : Operation 275 [1/2] ( I:0.67ns O:0.67ns )   --->   "%row_bytes_16_load_1 = load i6 %row_bytes_16_addr_1" [../src/grayscale.cpp:37]   --->   Operation 275 'load' 'row_bytes_16_load_1' <Predicate = (trunc_ln32 == 5)> <Delay = 0.67> <CoreInst = "RAM">   --->   Core 82 'RAM' <Latency = 1> <II = 1> <Delay = 0.67> <Storage> <Opcode : 'load' 'store'> <Ports = 2> <Width = 8> <Depth = 60> <RAM>
ST_4 : Operation 276 [1/2] ( I:0.67ns O:0.67ns )   --->   "%row_bytes_17_load_1 = load i6 %row_bytes_17_addr_1" [../src/grayscale.cpp:37]   --->   Operation 276 'load' 'row_bytes_17_load_1' <Predicate = (trunc_ln32 == 16)> <Delay = 0.67> <CoreInst = "RAM">   --->   Core 82 'RAM' <Latency = 1> <II = 1> <Delay = 0.67> <Storage> <Opcode : 'load' 'store'> <Ports = 2> <Width = 8> <Depth = 60> <RAM>
ST_4 : Operation 277 [1/2] ( I:0.67ns O:0.67ns )   --->   "%row_bytes_18_load_1 = load i6 %row_bytes_18_addr_1" [../src/grayscale.cpp:37]   --->   Operation 277 'load' 'row_bytes_18_load_1' <Predicate = (trunc_ln32 == 27)> <Delay = 0.67> <CoreInst = "RAM">   --->   Core 82 'RAM' <Latency = 1> <II = 1> <Delay = 0.67> <Storage> <Opcode : 'load' 'store'> <Ports = 2> <Width = 8> <Depth = 60> <RAM>
ST_4 : Operation 278 [1/2] ( I:0.67ns O:0.67ns )   --->   "%row_bytes_19_load_1 = load i6 %row_bytes_19_addr_1" [../src/grayscale.cpp:37]   --->   Operation 278 'load' 'row_bytes_19_load_1' <Predicate = (trunc_ln32 == 6)> <Delay = 0.67> <CoreInst = "RAM">   --->   Core 82 'RAM' <Latency = 1> <II = 1> <Delay = 0.67> <Storage> <Opcode : 'load' 'store'> <Ports = 2> <Width = 8> <Depth = 60> <RAM>
ST_4 : Operation 279 [1/2] ( I:0.67ns O:0.67ns )   --->   "%row_bytes_20_load_1 = load i6 %row_bytes_20_addr_1" [../src/grayscale.cpp:37]   --->   Operation 279 'load' 'row_bytes_20_load_1' <Predicate = (trunc_ln32 == 17)> <Delay = 0.67> <CoreInst = "RAM">   --->   Core 82 'RAM' <Latency = 1> <II = 1> <Delay = 0.67> <Storage> <Opcode : 'load' 'store'> <Ports = 2> <Width = 8> <Depth = 60> <RAM>
ST_4 : Operation 280 [1/2] ( I:0.67ns O:0.67ns )   --->   "%row_bytes_21_load_1 = load i6 %row_bytes_21_addr_1" [../src/grayscale.cpp:37]   --->   Operation 280 'load' 'row_bytes_21_load_1' <Predicate = (trunc_ln32 == 28)> <Delay = 0.67> <CoreInst = "RAM">   --->   Core 82 'RAM' <Latency = 1> <II = 1> <Delay = 0.67> <Storage> <Opcode : 'load' 'store'> <Ports = 2> <Width = 8> <Depth = 60> <RAM>
ST_4 : Operation 281 [1/2] ( I:0.67ns O:0.67ns )   --->   "%row_bytes_22_load_1 = load i6 %row_bytes_22_addr_1" [../src/grayscale.cpp:37]   --->   Operation 281 'load' 'row_bytes_22_load_1' <Predicate = (trunc_ln32 == 7)> <Delay = 0.67> <CoreInst = "RAM">   --->   Core 82 'RAM' <Latency = 1> <II = 1> <Delay = 0.67> <Storage> <Opcode : 'load' 'store'> <Ports = 2> <Width = 8> <Depth = 60> <RAM>
ST_4 : Operation 282 [1/2] ( I:0.67ns O:0.67ns )   --->   "%row_bytes_23_load_1 = load i6 %row_bytes_23_addr_1" [../src/grayscale.cpp:37]   --->   Operation 282 'load' 'row_bytes_23_load_1' <Predicate = (trunc_ln32 == 18)> <Delay = 0.67> <CoreInst = "RAM">   --->   Core 82 'RAM' <Latency = 1> <II = 1> <Delay = 0.67> <Storage> <Opcode : 'load' 'store'> <Ports = 2> <Width = 8> <Depth = 60> <RAM>
ST_4 : Operation 283 [1/2] ( I:0.67ns O:0.67ns )   --->   "%row_bytes_24_load_1 = load i6 %row_bytes_24_addr_1" [../src/grayscale.cpp:37]   --->   Operation 283 'load' 'row_bytes_24_load_1' <Predicate = (trunc_ln32 == 29)> <Delay = 0.67> <CoreInst = "RAM">   --->   Core 82 'RAM' <Latency = 1> <II = 1> <Delay = 0.67> <Storage> <Opcode : 'load' 'store'> <Ports = 2> <Width = 8> <Depth = 60> <RAM>
ST_4 : Operation 284 [1/2] ( I:0.67ns O:0.67ns )   --->   "%row_bytes_25_load_1 = load i6 %row_bytes_25_addr_1" [../src/grayscale.cpp:37]   --->   Operation 284 'load' 'row_bytes_25_load_1' <Predicate = (trunc_ln32 == 8)> <Delay = 0.67> <CoreInst = "RAM">   --->   Core 82 'RAM' <Latency = 1> <II = 1> <Delay = 0.67> <Storage> <Opcode : 'load' 'store'> <Ports = 2> <Width = 8> <Depth = 60> <RAM>
ST_4 : Operation 285 [1/2] ( I:0.67ns O:0.67ns )   --->   "%row_bytes_26_load_1 = load i6 %row_bytes_26_addr_1" [../src/grayscale.cpp:37]   --->   Operation 285 'load' 'row_bytes_26_load_1' <Predicate = (trunc_ln32 == 19)> <Delay = 0.67> <CoreInst = "RAM">   --->   Core 82 'RAM' <Latency = 1> <II = 1> <Delay = 0.67> <Storage> <Opcode : 'load' 'store'> <Ports = 2> <Width = 8> <Depth = 60> <RAM>
ST_4 : Operation 286 [1/2] ( I:0.67ns O:0.67ns )   --->   "%row_bytes_27_load_1 = load i6 %row_bytes_27_addr_1" [../src/grayscale.cpp:37]   --->   Operation 286 'load' 'row_bytes_27_load_1' <Predicate = (trunc_ln32 == 30)> <Delay = 0.67> <CoreInst = "RAM">   --->   Core 82 'RAM' <Latency = 1> <II = 1> <Delay = 0.67> <Storage> <Opcode : 'load' 'store'> <Ports = 2> <Width = 8> <Depth = 60> <RAM>
ST_4 : Operation 287 [1/2] ( I:0.67ns O:0.67ns )   --->   "%row_bytes_28_load_1 = load i6 %row_bytes_28_addr_1" [../src/grayscale.cpp:37]   --->   Operation 287 'load' 'row_bytes_28_load_1' <Predicate = (trunc_ln32 == 9)> <Delay = 0.67> <CoreInst = "RAM">   --->   Core 82 'RAM' <Latency = 1> <II = 1> <Delay = 0.67> <Storage> <Opcode : 'load' 'store'> <Ports = 2> <Width = 8> <Depth = 60> <RAM>
ST_4 : Operation 288 [1/2] ( I:0.67ns O:0.67ns )   --->   "%row_bytes_29_load_1 = load i6 %row_bytes_29_addr_1" [../src/grayscale.cpp:37]   --->   Operation 288 'load' 'row_bytes_29_load_1' <Predicate = (trunc_ln32 == 20)> <Delay = 0.67> <CoreInst = "RAM">   --->   Core 82 'RAM' <Latency = 1> <II = 1> <Delay = 0.67> <Storage> <Opcode : 'load' 'store'> <Ports = 2> <Width = 8> <Depth = 60> <RAM>
ST_4 : Operation 289 [1/2] ( I:0.67ns O:0.67ns )   --->   "%row_bytes_30_load_1 = load i6 %row_bytes_30_addr_1" [../src/grayscale.cpp:37]   --->   Operation 289 'load' 'row_bytes_30_load_1' <Predicate = (trunc_ln32 == 31)> <Delay = 0.67> <CoreInst = "RAM">   --->   Core 82 'RAM' <Latency = 1> <II = 1> <Delay = 0.67> <Storage> <Opcode : 'load' 'store'> <Ports = 2> <Width = 8> <Depth = 60> <RAM>
ST_4 : Operation 290 [1/2] ( I:0.67ns O:0.67ns )   --->   "%row_bytes_31_load_1 = load i6 %row_bytes_31_addr_1" [../src/grayscale.cpp:37]   --->   Operation 290 'load' 'row_bytes_31_load_1' <Predicate = (trunc_ln32 == 10)> <Delay = 0.67> <CoreInst = "RAM">   --->   Core 82 'RAM' <Latency = 1> <II = 1> <Delay = 0.67> <Storage> <Opcode : 'load' 'store'> <Ports = 2> <Width = 8> <Depth = 60> <RAM>
ST_4 : Operation 291 [1/1] (0.78ns)   --->   "%pixel_4 = sparsemux i8 @_ssdm_op_SparseMux.ap_auto.32i8.i8.i5, i5 21, i8 %row_bytes_load_1, i5 0, i8 %row_bytes_1_load_1, i5 11, i8 %row_bytes_2_load_1, i5 22, i8 %row_bytes_3_load_1, i5 1, i8 %row_bytes_4_load_1, i5 12, i8 %row_bytes_5_load_1, i5 23, i8 %row_bytes_6_load_1, i5 2, i8 %row_bytes_7_load_1, i5 13, i8 %row_bytes_8_load_1, i5 24, i8 %row_bytes_9_load_1, i5 3, i8 %row_bytes_10_load_1, i5 14, i8 %row_bytes_11_load_1, i5 25, i8 %row_bytes_12_load_1, i5 4, i8 %row_bytes_13_load_1, i5 15, i8 %row_bytes_14_load_1, i5 26, i8 %row_bytes_15_load_1, i5 5, i8 %row_bytes_16_load_1, i5 16, i8 %row_bytes_17_load_1, i5 27, i8 %row_bytes_18_load_1, i5 6, i8 %row_bytes_19_load_1, i5 17, i8 %row_bytes_20_load_1, i5 28, i8 %row_bytes_21_load_1, i5 7, i8 %row_bytes_22_load_1, i5 18, i8 %row_bytes_23_load_1, i5 29, i8 %row_bytes_24_load_1, i5 8, i8 %row_bytes_25_load_1, i5 19, i8 %row_bytes_26_load_1, i5 30, i8 %row_bytes_27_load_1, i5 9, i8 %row_bytes_28_load_1, i5 20, i8 %row_bytes_29_load_1, i5 31, i8 %row_bytes_30_load_1, i5 10, i8 %row_bytes_31_load_1, i8 0, i5 %trunc_ln32" [../src/grayscale.cpp:37]   --->   Operation 291 'sparsemux' 'pixel_4' <Predicate = true> <Delay = 0.78> <CoreInst = "BinarySparseMux_DontCare">   --->   Core 149 'BinarySparseMux_DontCare' <Latency = 0> <II = 1> <Delay = 0.78> <FuncUnit> <Opcode : 'sparsemux'> <InPorts = 2> <OutPorts = 1>
ST_4 : Operation 292 [1/2] ( I:0.67ns O:0.67ns )   --->   "%row_bytes_load_2 = load i6 %row_bytes_addr_2" [../src/grayscale.cpp:38]   --->   Operation 292 'load' 'row_bytes_load_2' <Predicate = (trunc_ln32 == 10)> <Delay = 0.67> <CoreInst = "RAM">   --->   Core 82 'RAM' <Latency = 1> <II = 1> <Delay = 0.67> <Storage> <Opcode : 'load' 'store'> <Ports = 2> <Width = 8> <Depth = 60> <RAM>
ST_4 : Operation 293 [1/2] ( I:0.67ns O:0.67ns )   --->   "%row_bytes_1_load_2 = load i6 %row_bytes_1_addr_2" [../src/grayscale.cpp:38]   --->   Operation 293 'load' 'row_bytes_1_load_2' <Predicate = (trunc_ln32 == 21)> <Delay = 0.67> <CoreInst = "RAM">   --->   Core 82 'RAM' <Latency = 1> <II = 1> <Delay = 0.67> <Storage> <Opcode : 'load' 'store'> <Ports = 2> <Width = 8> <Depth = 60> <RAM>
ST_4 : Operation 294 [1/2] ( I:0.67ns O:0.67ns )   --->   "%row_bytes_2_load_2 = load i6 %row_bytes_2_addr_2" [../src/grayscale.cpp:38]   --->   Operation 294 'load' 'row_bytes_2_load_2' <Predicate = (trunc_ln32 == 0)> <Delay = 0.67> <CoreInst = "RAM">   --->   Core 82 'RAM' <Latency = 1> <II = 1> <Delay = 0.67> <Storage> <Opcode : 'load' 'store'> <Ports = 2> <Width = 8> <Depth = 60> <RAM>
ST_4 : Operation 295 [1/2] ( I:0.67ns O:0.67ns )   --->   "%row_bytes_3_load_2 = load i6 %row_bytes_3_addr_2" [../src/grayscale.cpp:38]   --->   Operation 295 'load' 'row_bytes_3_load_2' <Predicate = (trunc_ln32 == 11)> <Delay = 0.67> <CoreInst = "RAM">   --->   Core 82 'RAM' <Latency = 1> <II = 1> <Delay = 0.67> <Storage> <Opcode : 'load' 'store'> <Ports = 2> <Width = 8> <Depth = 60> <RAM>
ST_4 : Operation 296 [1/2] ( I:0.67ns O:0.67ns )   --->   "%row_bytes_4_load_2 = load i6 %row_bytes_4_addr_2" [../src/grayscale.cpp:38]   --->   Operation 296 'load' 'row_bytes_4_load_2' <Predicate = (trunc_ln32 == 22)> <Delay = 0.67> <CoreInst = "RAM">   --->   Core 82 'RAM' <Latency = 1> <II = 1> <Delay = 0.67> <Storage> <Opcode : 'load' 'store'> <Ports = 2> <Width = 8> <Depth = 60> <RAM>
ST_4 : Operation 297 [1/2] ( I:0.67ns O:0.67ns )   --->   "%row_bytes_5_load_2 = load i6 %row_bytes_5_addr_2" [../src/grayscale.cpp:38]   --->   Operation 297 'load' 'row_bytes_5_load_2' <Predicate = (trunc_ln32 == 1)> <Delay = 0.67> <CoreInst = "RAM">   --->   Core 82 'RAM' <Latency = 1> <II = 1> <Delay = 0.67> <Storage> <Opcode : 'load' 'store'> <Ports = 2> <Width = 8> <Depth = 60> <RAM>
ST_4 : Operation 298 [1/2] ( I:0.67ns O:0.67ns )   --->   "%row_bytes_6_load_2 = load i6 %row_bytes_6_addr_2" [../src/grayscale.cpp:38]   --->   Operation 298 'load' 'row_bytes_6_load_2' <Predicate = (trunc_ln32 == 12)> <Delay = 0.67> <CoreInst = "RAM">   --->   Core 82 'RAM' <Latency = 1> <II = 1> <Delay = 0.67> <Storage> <Opcode : 'load' 'store'> <Ports = 2> <Width = 8> <Depth = 60> <RAM>
ST_4 : Operation 299 [1/2] ( I:0.67ns O:0.67ns )   --->   "%row_bytes_7_load_2 = load i6 %row_bytes_7_addr_2" [../src/grayscale.cpp:38]   --->   Operation 299 'load' 'row_bytes_7_load_2' <Predicate = (trunc_ln32 == 23)> <Delay = 0.67> <CoreInst = "RAM">   --->   Core 82 'RAM' <Latency = 1> <II = 1> <Delay = 0.67> <Storage> <Opcode : 'load' 'store'> <Ports = 2> <Width = 8> <Depth = 60> <RAM>
ST_4 : Operation 300 [1/2] ( I:0.67ns O:0.67ns )   --->   "%row_bytes_8_load_2 = load i6 %row_bytes_8_addr_2" [../src/grayscale.cpp:38]   --->   Operation 300 'load' 'row_bytes_8_load_2' <Predicate = (trunc_ln32 == 2)> <Delay = 0.67> <CoreInst = "RAM">   --->   Core 82 'RAM' <Latency = 1> <II = 1> <Delay = 0.67> <Storage> <Opcode : 'load' 'store'> <Ports = 2> <Width = 8> <Depth = 60> <RAM>
ST_4 : Operation 301 [1/2] ( I:0.67ns O:0.67ns )   --->   "%row_bytes_9_load_2 = load i6 %row_bytes_9_addr_2" [../src/grayscale.cpp:38]   --->   Operation 301 'load' 'row_bytes_9_load_2' <Predicate = (trunc_ln32 == 13)> <Delay = 0.67> <CoreInst = "RAM">   --->   Core 82 'RAM' <Latency = 1> <II = 1> <Delay = 0.67> <Storage> <Opcode : 'load' 'store'> <Ports = 2> <Width = 8> <Depth = 60> <RAM>
ST_4 : Operation 302 [1/2] ( I:0.67ns O:0.67ns )   --->   "%row_bytes_10_load_2 = load i6 %row_bytes_10_addr_2" [../src/grayscale.cpp:38]   --->   Operation 302 'load' 'row_bytes_10_load_2' <Predicate = (trunc_ln32 == 24)> <Delay = 0.67> <CoreInst = "RAM">   --->   Core 82 'RAM' <Latency = 1> <II = 1> <Delay = 0.67> <Storage> <Opcode : 'load' 'store'> <Ports = 2> <Width = 8> <Depth = 60> <RAM>
ST_4 : Operation 303 [1/2] ( I:0.67ns O:0.67ns )   --->   "%row_bytes_11_load_2 = load i6 %row_bytes_11_addr_2" [../src/grayscale.cpp:38]   --->   Operation 303 'load' 'row_bytes_11_load_2' <Predicate = (trunc_ln32 == 3)> <Delay = 0.67> <CoreInst = "RAM">   --->   Core 82 'RAM' <Latency = 1> <II = 1> <Delay = 0.67> <Storage> <Opcode : 'load' 'store'> <Ports = 2> <Width = 8> <Depth = 60> <RAM>
ST_4 : Operation 304 [1/2] ( I:0.67ns O:0.67ns )   --->   "%row_bytes_12_load_2 = load i6 %row_bytes_12_addr_2" [../src/grayscale.cpp:38]   --->   Operation 304 'load' 'row_bytes_12_load_2' <Predicate = (trunc_ln32 == 14)> <Delay = 0.67> <CoreInst = "RAM">   --->   Core 82 'RAM' <Latency = 1> <II = 1> <Delay = 0.67> <Storage> <Opcode : 'load' 'store'> <Ports = 2> <Width = 8> <Depth = 60> <RAM>
ST_4 : Operation 305 [1/2] ( I:0.67ns O:0.67ns )   --->   "%row_bytes_13_load_2 = load i6 %row_bytes_13_addr_2" [../src/grayscale.cpp:38]   --->   Operation 305 'load' 'row_bytes_13_load_2' <Predicate = (trunc_ln32 == 25)> <Delay = 0.67> <CoreInst = "RAM">   --->   Core 82 'RAM' <Latency = 1> <II = 1> <Delay = 0.67> <Storage> <Opcode : 'load' 'store'> <Ports = 2> <Width = 8> <Depth = 60> <RAM>
ST_4 : Operation 306 [1/2] ( I:0.67ns O:0.67ns )   --->   "%row_bytes_14_load_2 = load i6 %row_bytes_14_addr_2" [../src/grayscale.cpp:38]   --->   Operation 306 'load' 'row_bytes_14_load_2' <Predicate = (trunc_ln32 == 4)> <Delay = 0.67> <CoreInst = "RAM">   --->   Core 82 'RAM' <Latency = 1> <II = 1> <Delay = 0.67> <Storage> <Opcode : 'load' 'store'> <Ports = 2> <Width = 8> <Depth = 60> <RAM>
ST_4 : Operation 307 [1/2] ( I:0.67ns O:0.67ns )   --->   "%row_bytes_15_load_2 = load i6 %row_bytes_15_addr_2" [../src/grayscale.cpp:38]   --->   Operation 307 'load' 'row_bytes_15_load_2' <Predicate = (trunc_ln32 == 15)> <Delay = 0.67> <CoreInst = "RAM">   --->   Core 82 'RAM' <Latency = 1> <II = 1> <Delay = 0.67> <Storage> <Opcode : 'load' 'store'> <Ports = 2> <Width = 8> <Depth = 60> <RAM>
ST_4 : Operation 308 [1/2] ( I:0.67ns O:0.67ns )   --->   "%row_bytes_16_load_2 = load i6 %row_bytes_16_addr_2" [../src/grayscale.cpp:38]   --->   Operation 308 'load' 'row_bytes_16_load_2' <Predicate = (trunc_ln32 == 26)> <Delay = 0.67> <CoreInst = "RAM">   --->   Core 82 'RAM' <Latency = 1> <II = 1> <Delay = 0.67> <Storage> <Opcode : 'load' 'store'> <Ports = 2> <Width = 8> <Depth = 60> <RAM>
ST_4 : Operation 309 [1/2] ( I:0.67ns O:0.67ns )   --->   "%row_bytes_17_load_2 = load i6 %row_bytes_17_addr_2" [../src/grayscale.cpp:38]   --->   Operation 309 'load' 'row_bytes_17_load_2' <Predicate = (trunc_ln32 == 5)> <Delay = 0.67> <CoreInst = "RAM">   --->   Core 82 'RAM' <Latency = 1> <II = 1> <Delay = 0.67> <Storage> <Opcode : 'load' 'store'> <Ports = 2> <Width = 8> <Depth = 60> <RAM>
ST_4 : Operation 310 [1/2] ( I:0.67ns O:0.67ns )   --->   "%row_bytes_18_load_2 = load i6 %row_bytes_18_addr_2" [../src/grayscale.cpp:38]   --->   Operation 310 'load' 'row_bytes_18_load_2' <Predicate = (trunc_ln32 == 16)> <Delay = 0.67> <CoreInst = "RAM">   --->   Core 82 'RAM' <Latency = 1> <II = 1> <Delay = 0.67> <Storage> <Opcode : 'load' 'store'> <Ports = 2> <Width = 8> <Depth = 60> <RAM>
ST_4 : Operation 311 [1/2] ( I:0.67ns O:0.67ns )   --->   "%row_bytes_19_load_2 = load i6 %row_bytes_19_addr_2" [../src/grayscale.cpp:38]   --->   Operation 311 'load' 'row_bytes_19_load_2' <Predicate = (trunc_ln32 == 27)> <Delay = 0.67> <CoreInst = "RAM">   --->   Core 82 'RAM' <Latency = 1> <II = 1> <Delay = 0.67> <Storage> <Opcode : 'load' 'store'> <Ports = 2> <Width = 8> <Depth = 60> <RAM>
ST_4 : Operation 312 [1/2] ( I:0.67ns O:0.67ns )   --->   "%row_bytes_20_load_2 = load i6 %row_bytes_20_addr_2" [../src/grayscale.cpp:38]   --->   Operation 312 'load' 'row_bytes_20_load_2' <Predicate = (trunc_ln32 == 6)> <Delay = 0.67> <CoreInst = "RAM">   --->   Core 82 'RAM' <Latency = 1> <II = 1> <Delay = 0.67> <Storage> <Opcode : 'load' 'store'> <Ports = 2> <Width = 8> <Depth = 60> <RAM>
ST_4 : Operation 313 [1/2] ( I:0.67ns O:0.67ns )   --->   "%row_bytes_21_load_2 = load i6 %row_bytes_21_addr_2" [../src/grayscale.cpp:38]   --->   Operation 313 'load' 'row_bytes_21_load_2' <Predicate = (trunc_ln32 == 17)> <Delay = 0.67> <CoreInst = "RAM">   --->   Core 82 'RAM' <Latency = 1> <II = 1> <Delay = 0.67> <Storage> <Opcode : 'load' 'store'> <Ports = 2> <Width = 8> <Depth = 60> <RAM>
ST_4 : Operation 314 [1/2] ( I:0.67ns O:0.67ns )   --->   "%row_bytes_22_load_2 = load i6 %row_bytes_22_addr_2" [../src/grayscale.cpp:38]   --->   Operation 314 'load' 'row_bytes_22_load_2' <Predicate = (trunc_ln32 == 28)> <Delay = 0.67> <CoreInst = "RAM">   --->   Core 82 'RAM' <Latency = 1> <II = 1> <Delay = 0.67> <Storage> <Opcode : 'load' 'store'> <Ports = 2> <Width = 8> <Depth = 60> <RAM>
ST_4 : Operation 315 [1/2] ( I:0.67ns O:0.67ns )   --->   "%row_bytes_23_load_2 = load i6 %row_bytes_23_addr_2" [../src/grayscale.cpp:38]   --->   Operation 315 'load' 'row_bytes_23_load_2' <Predicate = (trunc_ln32 == 7)> <Delay = 0.67> <CoreInst = "RAM">   --->   Core 82 'RAM' <Latency = 1> <II = 1> <Delay = 0.67> <Storage> <Opcode : 'load' 'store'> <Ports = 2> <Width = 8> <Depth = 60> <RAM>
ST_4 : Operation 316 [1/2] ( I:0.67ns O:0.67ns )   --->   "%row_bytes_24_load_2 = load i6 %row_bytes_24_addr_2" [../src/grayscale.cpp:38]   --->   Operation 316 'load' 'row_bytes_24_load_2' <Predicate = (trunc_ln32 == 18)> <Delay = 0.67> <CoreInst = "RAM">   --->   Core 82 'RAM' <Latency = 1> <II = 1> <Delay = 0.67> <Storage> <Opcode : 'load' 'store'> <Ports = 2> <Width = 8> <Depth = 60> <RAM>
ST_4 : Operation 317 [1/2] ( I:0.67ns O:0.67ns )   --->   "%row_bytes_25_load_2 = load i6 %row_bytes_25_addr_2" [../src/grayscale.cpp:38]   --->   Operation 317 'load' 'row_bytes_25_load_2' <Predicate = (trunc_ln32 == 29)> <Delay = 0.67> <CoreInst = "RAM">   --->   Core 82 'RAM' <Latency = 1> <II = 1> <Delay = 0.67> <Storage> <Opcode : 'load' 'store'> <Ports = 2> <Width = 8> <Depth = 60> <RAM>
ST_4 : Operation 318 [1/2] ( I:0.67ns O:0.67ns )   --->   "%row_bytes_26_load_2 = load i6 %row_bytes_26_addr_2" [../src/grayscale.cpp:38]   --->   Operation 318 'load' 'row_bytes_26_load_2' <Predicate = (trunc_ln32 == 8)> <Delay = 0.67> <CoreInst = "RAM">   --->   Core 82 'RAM' <Latency = 1> <II = 1> <Delay = 0.67> <Storage> <Opcode : 'load' 'store'> <Ports = 2> <Width = 8> <Depth = 60> <RAM>
ST_4 : Operation 319 [1/2] ( I:0.67ns O:0.67ns )   --->   "%row_bytes_27_load_2 = load i6 %row_bytes_27_addr_2" [../src/grayscale.cpp:38]   --->   Operation 319 'load' 'row_bytes_27_load_2' <Predicate = (trunc_ln32 == 19)> <Delay = 0.67> <CoreInst = "RAM">   --->   Core 82 'RAM' <Latency = 1> <II = 1> <Delay = 0.67> <Storage> <Opcode : 'load' 'store'> <Ports = 2> <Width = 8> <Depth = 60> <RAM>
ST_4 : Operation 320 [1/2] ( I:0.67ns O:0.67ns )   --->   "%row_bytes_28_load_2 = load i6 %row_bytes_28_addr_2" [../src/grayscale.cpp:38]   --->   Operation 320 'load' 'row_bytes_28_load_2' <Predicate = (trunc_ln32 == 30)> <Delay = 0.67> <CoreInst = "RAM">   --->   Core 82 'RAM' <Latency = 1> <II = 1> <Delay = 0.67> <Storage> <Opcode : 'load' 'store'> <Ports = 2> <Width = 8> <Depth = 60> <RAM>
ST_4 : Operation 321 [1/2] ( I:0.67ns O:0.67ns )   --->   "%row_bytes_29_load_2 = load i6 %row_bytes_29_addr_2" [../src/grayscale.cpp:38]   --->   Operation 321 'load' 'row_bytes_29_load_2' <Predicate = (trunc_ln32 == 9)> <Delay = 0.67> <CoreInst = "RAM">   --->   Core 82 'RAM' <Latency = 1> <II = 1> <Delay = 0.67> <Storage> <Opcode : 'load' 'store'> <Ports = 2> <Width = 8> <Depth = 60> <RAM>
ST_4 : Operation 322 [1/2] ( I:0.67ns O:0.67ns )   --->   "%row_bytes_30_load_2 = load i6 %row_bytes_30_addr_2" [../src/grayscale.cpp:38]   --->   Operation 322 'load' 'row_bytes_30_load_2' <Predicate = (trunc_ln32 == 20)> <Delay = 0.67> <CoreInst = "RAM">   --->   Core 82 'RAM' <Latency = 1> <II = 1> <Delay = 0.67> <Storage> <Opcode : 'load' 'store'> <Ports = 2> <Width = 8> <Depth = 60> <RAM>
ST_4 : Operation 323 [1/2] ( I:0.67ns O:0.67ns )   --->   "%row_bytes_31_load_2 = load i6 %row_bytes_31_addr_2" [../src/grayscale.cpp:38]   --->   Operation 323 'load' 'row_bytes_31_load_2' <Predicate = (trunc_ln32 == 31)> <Delay = 0.67> <CoreInst = "RAM">   --->   Core 82 'RAM' <Latency = 1> <II = 1> <Delay = 0.67> <Storage> <Opcode : 'load' 'store'> <Ports = 2> <Width = 8> <Depth = 60> <RAM>
ST_4 : Operation 324 [1/1] (0.78ns)   --->   "%pixel_5 = sparsemux i8 @_ssdm_op_SparseMux.ap_auto.32i8.i8.i5, i5 10, i8 %row_bytes_load_2, i5 21, i8 %row_bytes_1_load_2, i5 0, i8 %row_bytes_2_load_2, i5 11, i8 %row_bytes_3_load_2, i5 22, i8 %row_bytes_4_load_2, i5 1, i8 %row_bytes_5_load_2, i5 12, i8 %row_bytes_6_load_2, i5 23, i8 %row_bytes_7_load_2, i5 2, i8 %row_bytes_8_load_2, i5 13, i8 %row_bytes_9_load_2, i5 24, i8 %row_bytes_10_load_2, i5 3, i8 %row_bytes_11_load_2, i5 14, i8 %row_bytes_12_load_2, i5 25, i8 %row_bytes_13_load_2, i5 4, i8 %row_bytes_14_load_2, i5 15, i8 %row_bytes_15_load_2, i5 26, i8 %row_bytes_16_load_2, i5 5, i8 %row_bytes_17_load_2, i5 16, i8 %row_bytes_18_load_2, i5 27, i8 %row_bytes_19_load_2, i5 6, i8 %row_bytes_20_load_2, i5 17, i8 %row_bytes_21_load_2, i5 28, i8 %row_bytes_22_load_2, i5 7, i8 %row_bytes_23_load_2, i5 18, i8 %row_bytes_24_load_2, i5 29, i8 %row_bytes_25_load_2, i5 8, i8 %row_bytes_26_load_2, i5 19, i8 %row_bytes_27_load_2, i5 30, i8 %row_bytes_28_load_2, i5 9, i8 %row_bytes_29_load_2, i5 20, i8 %row_bytes_30_load_2, i5 31, i8 %row_bytes_31_load_2, i8 0, i5 %trunc_ln32" [../src/grayscale.cpp:38]   --->   Operation 324 'sparsemux' 'pixel_5' <Predicate = true> <Delay = 0.78> <CoreInst = "BinarySparseMux_DontCare">   --->   Core 149 'BinarySparseMux_DontCare' <Latency = 0> <II = 1> <Delay = 0.78> <FuncUnit> <Opcode : 'sparsemux'> <InPorts = 2> <OutPorts = 1>
ST_4 : Operation 325 [1/1] (0.00ns)   --->   "%zext_ln43 = zext i8 %pixel_4" [../src/grayscale.cpp:43]   --->   Operation 325 'zext' 'zext_ln43' <Predicate = true> <Delay = 0.00>
ST_4 : Operation 326 [3/3] (0.99ns) (grouped into DSP with root node gray)   --->   "%mul_ln42_2 = mul i16 %zext_ln43, i16 150" [../src/grayscale.cpp:42]   --->   Operation 326 'mul' 'mul_ln42_2' <Predicate = true> <Delay = 0.99> <CoreInst = "DSP48">   --->   Core 124 'DSP48' <Latency = 3> <II = 1> <Delay = 0.53> <IPBlock> <Opcode : 'add' 'sub' 'mul' 'select'> <InPorts = 0> <OutPorts = 1> <Sync> <CReg>
ST_4 : Operation 327 [2/3] (0.99ns) (grouped into DSP with root node add_ln42)   --->   "%mul_ln42_3 = mul i13 %zext_ln42_1, i13 29" [../src/grayscale.cpp:42]   --->   Operation 327 'mul' 'mul_ln42_3' <Predicate = true> <Delay = 0.99> <CoreInst = "DSP48">   --->   Core 124 'DSP48' <Latency = 3> <II = 1> <Delay = 0.53> <IPBlock> <Opcode : 'add' 'sub' 'mul' 'select'> <InPorts = 0> <OutPorts = 1> <Sync> <CReg>

State 5 <SV = 4> <Delay = 2.29>
ST_5 : Operation 328 [1/1] (0.00ns)   --->   "%zext_ln42 = zext i8 %pixel_5" [../src/grayscale.cpp:42]   --->   Operation 328 'zext' 'zext_ln42' <Predicate = true> <Delay = 0.00>
ST_5 : Operation 329 [1/1] (1.65ns)   --->   "%mul_ln42 = mul i15 %zext_ln42, i15 77" [../src/grayscale.cpp:42]   --->   Operation 329 'mul' 'mul_ln42' <Predicate = true> <Delay = 1.65> <CoreInst = "Multiplier">   --->   Core 3 'Multiplier' <Latency = 0> <II = 1> <Delay = 1.65> <FuncUnit> <Opcode : 'mul'> <InPorts = 2> <OutPorts = 1>
ST_5 : Operation 330 [2/3] (0.99ns) (grouped into DSP with root node gray)   --->   "%mul_ln42_2 = mul i16 %zext_ln43, i16 150" [../src/grayscale.cpp:42]   --->   Operation 330 'mul' 'mul_ln42_2' <Predicate = true> <Delay = 0.99> <CoreInst = "DSP48">   --->   Core 124 'DSP48' <Latency = 3> <II = 1> <Delay = 0.53> <IPBlock> <Opcode : 'add' 'sub' 'mul' 'select'> <InPorts = 0> <OutPorts = 1> <Sync> <CReg>
ST_5 : Operation 331 [1/3] (0.00ns) (grouped into DSP with root node add_ln42)   --->   "%mul_ln42_3 = mul i13 %zext_ln42_1, i13 29" [../src/grayscale.cpp:42]   --->   Operation 331 'mul' 'mul_ln42_3' <Predicate = true> <Delay = 0.00> <CoreInst = "DSP48">   --->   Core 124 'DSP48' <Latency = 3> <II = 1> <Delay = 0.53> <IPBlock> <Opcode : 'add' 'sub' 'mul' 'select'> <InPorts = 0> <OutPorts = 1> <Sync> <CReg>
ST_5 : Operation 332 [1/1] (0.00ns) (grouped into DSP with root node add_ln42)   --->   "%zext_ln42_2 = zext i13 %mul_ln42_3" [../src/grayscale.cpp:42]   --->   Operation 332 'zext' 'zext_ln42_2' <Predicate = true> <Delay = 0.00>
ST_5 : Operation 333 [2/2] (0.64ns) (root node of the DSP)   --->   "%add_ln42 = add i15 %mul_ln42, i15 %zext_ln42_2" [../src/grayscale.cpp:42]   --->   Operation 333 'add' 'add_ln42' <Predicate = true> <Delay = 0.64> <CoreInst = "DSP48">   --->   Core 124 'DSP48' <Latency = 3> <II = 1> <Delay = 0.53> <IPBlock> <Opcode : 'add' 'sub' 'mul' 'select'> <InPorts = 0> <OutPorts = 1> <Sync> <CReg>

State 6 <SV = 5> <Delay = 1.29>
ST_6 : Operation 334 [1/3] (0.00ns) (grouped into DSP with root node gray)   --->   "%mul_ln42_2 = mul i16 %zext_ln43, i16 150" [../src/grayscale.cpp:42]   --->   Operation 334 'mul' 'mul_ln42_2' <Predicate = true> <Delay = 0.00> <CoreInst = "DSP48">   --->   Core 124 'DSP48' <Latency = 3> <II = 1> <Delay = 0.53> <IPBlock> <Opcode : 'add' 'sub' 'mul' 'select'> <InPorts = 0> <OutPorts = 1> <Sync> <CReg>
ST_6 : Operation 335 [1/2] (0.64ns) (root node of the DSP)   --->   "%add_ln42 = add i15 %mul_ln42, i15 %zext_ln42_2" [../src/grayscale.cpp:42]   --->   Operation 335 'add' 'add_ln42' <Predicate = true> <Delay = 0.64> <CoreInst = "DSP48">   --->   Core 124 'DSP48' <Latency = 3> <II = 1> <Delay = 0.53> <IPBlock> <Opcode : 'add' 'sub' 'mul' 'select'> <InPorts = 0> <OutPorts = 1> <Sync> <CReg>
ST_6 : Operation 336 [1/1] (0.00ns)   --->   "%zext_ln42_3 = zext i15 %add_ln42" [../src/grayscale.cpp:42]   --->   Operation 336 'zext' 'zext_ln42_3' <Predicate = true> <Delay = 0.00>
ST_6 : Operation 337 [2/2] (0.64ns) (root node of the DSP)   --->   "%gray = add i16 %zext_ln42_3, i16 %mul_ln42_2" [../src/grayscale.cpp:42]   --->   Operation 337 'add' 'gray' <Predicate = true> <Delay = 0.64> <CoreInst = "DSP48">   --->   Core 124 'DSP48' <Latency = 3> <II = 1> <Delay = 0.53> <IPBlock> <Opcode : 'add' 'sub' 'mul' 'select'> <InPorts = 0> <OutPorts = 1> <Sync> <CReg>
ST_6 : Operation 345 [1/1] (0.42ns)   --->   "%ret_ln0 = ret"   --->   Operation 345 'ret' 'ret_ln0' <Predicate = (icmp_ln32)> <Delay = 0.42>

State 7 <SV = 6> <Delay = 2.39>
ST_7 : Operation 338 [1/1] (0.00ns)   --->   "%specpipeline_ln33 = specpipeline void @_ssdm_op_SpecPipeline, i32 1, i32 0, i32 0, i32 0, i32 4294967295, void @empty_4" [../src/grayscale.cpp:33]   --->   Operation 338 'specpipeline' 'specpipeline_ln33' <Predicate = true> <Delay = 0.00>
ST_7 : Operation 339 [1/1] (0.00ns)   --->   "%speclooptripcount_ln32 = speclooptripcount void @_ssdm_op_SpecLoopTripCount, i64 640, i64 640, i64 640" [../src/grayscale.cpp:32]   --->   Operation 339 'speclooptripcount' 'speclooptripcount_ln32' <Predicate = true> <Delay = 0.00>
ST_7 : Operation 340 [1/1] (0.00ns)   --->   "%specloopname_ln32 = specloopname void @_ssdm_op_SpecLoopName, void @empty_15" [../src/grayscale.cpp:32]   --->   Operation 340 'specloopname' 'specloopname_ln32' <Predicate = true> <Delay = 0.00>
ST_7 : Operation 341 [1/2] (0.64ns) (root node of the DSP)   --->   "%gray = add i16 %zext_ln42_3, i16 %mul_ln42_2" [../src/grayscale.cpp:42]   --->   Operation 341 'add' 'gray' <Predicate = true> <Delay = 0.64> <CoreInst = "DSP48">   --->   Core 124 'DSP48' <Latency = 3> <II = 1> <Delay = 0.53> <IPBlock> <Opcode : 'add' 'sub' 'mul' 'select'> <InPorts = 0> <OutPorts = 1> <Sync> <CReg>
ST_7 : Operation 342 [1/1] (0.00ns)   --->   "%p_0 = partselect i8 @_ssdm_op_PartSelect.i8.i16.i32.i32, i16 %gray, i32 8, i32 15" [../src/grayscale.cpp:45]   --->   Operation 342 'partselect' 'p_0' <Predicate = true> <Delay = 0.00>
ST_7 : Operation 343 [1/1] ( I:1.75ns O:1.75ns )   --->   "%write_ln45 = write void @_ssdm_op_Write.ap_fifo.volatile.i8P0A, i8 %gray_out, i8 %p_0" [../src/grayscale.cpp:45]   --->   Operation 343 'write' 'write_ln45' <Predicate = true> <Delay = 1.75> <CoreInst = "FIFO">   --->   Core 77 'FIFO' <Latency = 0> <II = 1> <Delay = 1.75> <Storage> <Opcode : 'read' 'write' 'nbread' 'nbwrite'> <Ports = 0> <Width = 8> <Depth = 1280> <FIFO>
ST_7 : Operation 344 [1/1] (0.00ns)   --->   "%br_ln32 = br void %for.inc60" [../src/grayscale.cpp:32]   --->   Operation 344 'br' 'br_ln32' <Predicate = true> <Delay = 0.00>


============================================================
+ Verbose Summary: Timing violations
============================================================
Target clock period: 5.000ns, clock uncertainty: 1.350ns.

 <State 1>: 1.641ns
The critical path consists of the following:
	'store' operation ('store_ln32', ../src/grayscale.cpp:32) of constant 0 10 bit on local variable 'column', ../src/grayscale.cpp:32 [36]  (0.427 ns)
	'load' operation 10 bit ('column', ../src/grayscale.cpp:32) on local variable 'column', ../src/grayscale.cpp:32 [39]  (0.000 ns)
	'icmp' operation 1 bit ('icmp_ln32', ../src/grayscale.cpp:32) [40]  (0.787 ns)
	'store' operation ('store_ln32', ../src/grayscale.cpp:32) of variable 'add_ln32', ../src/grayscale.cpp:32 10 bit on local variable 'column', ../src/grayscale.cpp:32 [267]  (0.427 ns)

 <State 2>: 1.475ns
The critical path consists of the following:
	'sub' operation 11 bit ('sub_ln36', ../src/grayscale.cpp:36) [51]  (0.798 ns)
	'getelementptr' operation 6 bit ('row_bytes_addr', ../src/grayscale.cpp:36) [54]  (0.000 ns)
	'load' operation 8 bit ('row_bytes_load', ../src/grayscale.cpp:36) on array 'row_bytes' [86]  (0.677 ns)

 <State 3>: 2.462ns
The critical path consists of the following:
	'load' operation 8 bit ('row_bytes_load', ../src/grayscale.cpp:36) on array 'row_bytes' [86]  (0.677 ns)
	'sparsemux' operation 8 bit ('pixel', ../src/grayscale.cpp:36) [118]  (0.789 ns)
	'mul' operation 13 bit of DSP[262] ('mul_ln42_3', ../src/grayscale.cpp:42) [260]  (0.996 ns)

 <State 4>: 2.462ns
The critical path consists of the following:
	'load' operation 8 bit ('row_bytes_load_1', ../src/grayscale.cpp:37) on array 'row_bytes' [154]  (0.677 ns)
	'sparsemux' operation 8 bit ('pixel', ../src/grayscale.cpp:37) [186]  (0.789 ns)
	'mul' operation 16 bit of DSP[264] ('mul_ln42_2', ../src/grayscale.cpp:42) [259]  (0.996 ns)

 <State 5>: 2.295ns
The critical path consists of the following:
	'mul' operation 15 bit ('mul_ln42', ../src/grayscale.cpp:42) [258]  (1.650 ns)
	'add' operation 15 bit of DSP[262] ('add_ln42', ../src/grayscale.cpp:42) [262]  (0.645 ns)

 <State 6>: 1.290ns
The critical path consists of the following:
	'add' operation 15 bit of DSP[262] ('add_ln42', ../src/grayscale.cpp:42) [262]  (0.645 ns)
	'add' operation 16 bit of DSP[264] ('gray', ../src/grayscale.cpp:42) [264]  (0.645 ns)

 <State 7>: 2.395ns
The critical path consists of the following:
	'add' operation 16 bit of DSP[264] ('gray', ../src/grayscale.cpp:42) [264]  (0.645 ns)
	fifo write operation ('write_ln45', ../src/grayscale.cpp:45) on port 'gray_out' (../src/grayscale.cpp:45) [266]  (1.750 ns)


============================================================
+ Verbose Summary: Binding
============================================================
N/A
* FSMD analyzer results:
  - Output states:
 - Input state : 
  - Chain level:
	State 1
	State 2
	State 3
	State 4
	State 5
	State 6
	State 7


============================================================
+ Verbose Summary: Datapath Resource usage 
============================================================
N/A
