

================================================================
== Vitis HLS Report for 'grayscale_Pipeline_1'
================================================================
* Date:           Thu Jul 30 19:40:23 2026

* Version:        2025.2 (Build 6295257 on Nov 14 2025)
* Project:        canny_top
* Solution:       hls (Vitis Kernel Flow Target)
* Product family: zynquplus
* Target device:  xck26-sfvc784-2LV-c


================================================================
== Performance Estimates
================================================================
+ Timing: 
    * Summary: 
    +--------+---------+----------+------------+
    |  Clock |  Target | Estimated| Uncertainty|
    +--------+---------+----------+------------+
    |ap_clk  |  5.00 ns|  3.650 ns|     1.35 ns|
    +--------+---------+----------+------------+

+ Latency: 
    * Summary: 
    +---------+---------+----------+----------+-----+-----+-------------------+
    |  Latency (cycles) |  Latency (absolute) |  Interval |      Pipeline     |
    |   min   |   max   |    min   |    max   | min | max |        Type       |
    +---------+---------+----------+----------+-----+-----+-------------------+
    |     1610|     1610|  8.050 us|  8.050 us|    0|    0|  loop pipeline stp|
    +---------+---------+----------+----------+-----+-----+-------------------+

    + Detail: 
        * Instance: 
        N/A

        * Loop: 
        +----------+---------+---------+----------+-----------+-----------+------+----------+
        |          |  Latency (cycles) | Iteration|  Initiation Interval  | Trip |          |
        | Loop Name|   min   |   max   |  Latency |  achieved |   target  | Count| Pipelined|
        +----------+---------+---------+----------+-----------+-----------+------+----------+
        |- Loop 1  |     1608|     1608|        76|          3|          1|   512|       yes|
        +----------+---------+---------+----------+-----------+-----------+------+----------+

============================================================
+ Verbose Summary: Synthesis Manager
============================================================
InlineROM: 1
ExposeGlobal: 0
============================================================
+ Verbose Summary: CDFG Model
============================================================
IsTopModel: 0
ResetActiveHigh: 1
IsCombinational: 0
IsDatapathOnly: 0
HasWiredReturn: 1
HasMFsm: 2
HasVarLatency: 1
IsPipeline: 0
IsRtlPipelined: 0
IsInstanceOverlapped: 0
IsDontTouch: 0
HasImplIP: 0
IsGatedGlobalClock: 0

+ Individual pipeline summary: 
  * Pipeline-0: initiation interval (II) = 3, depth = 76


============================================================
+ Verbose Summary: Schedule
============================================================
* Number of FSM states : 76
* Pipeline : 1
  Pipeline-0 : II = 3, D = 76, States = { 1 2 3 4 5 6 7 8 9 10 11 12 13 14 15 16 17 18 19 20 21 22 23 24 25 26 27 28 29 30 31 32 33 34 35 36 37 38 39 40 41 42 43 44 45 46 47 48 49 50 51 52 53 54 55 56 57 58 59 60 61 62 63 64 65 66 67 68 69 70 71 72 73 74 75 76 }
* Dataflow Pipeline: 0

* FSM state transitions: 
1 --> 2 
2 --> 3 
3 --> 4 
4 --> 5 
5 --> 6 
6 --> 7 
7 --> 8 
8 --> 9 
9 --> 10 
10 --> 11 
11 --> 12 
12 --> 13 
13 --> 14 
14 --> 15 
15 --> 16 
16 --> 17 
17 --> 18 
18 --> 19 
19 --> 20 
20 --> 21 
21 --> 22 
22 --> 23 
23 --> 24 
24 --> 25 
25 --> 26 
26 --> 27 
27 --> 28 
28 --> 29 
29 --> 30 
30 --> 31 
31 --> 32 
32 --> 33 
33 --> 34 
34 --> 35 
35 --> 36 
36 --> 37 
37 --> 38 
38 --> 39 
39 --> 40 
40 --> 41 
41 --> 42 
42 --> 43 
43 --> 44 
44 --> 45 
45 --> 46 
46 --> 47 
47 --> 48 
48 --> 49 
49 --> 50 
50 --> 51 
51 --> 52 
52 --> 53 
53 --> 54 
54 --> 55 
55 --> 56 
56 --> 57 
57 --> 58 
58 --> 59 
59 --> 60 
60 --> 61 
61 --> 62 
62 --> 63 
63 --> 64 
64 --> 65 
65 --> 66 
66 --> 67 
67 --> 68 
68 --> 69 
69 --> 70 
70 --> 71 
71 --> 72 
72 --> 73 
73 --> 74 
74 --> 75 
75 --> 76 
76 --> 

* FSM state operations: 

State 1 <SV = 0> <Delay = 2.31>
ST_1 : Operation 79 [1/1] (0.00ns)   --->   "%loop_index_i = alloca i32 1"   --->   Operation 79 'alloca' 'loop_index_i' <Predicate = true> <Delay = 0.00>
ST_1 : Operation 80 [1/1] (0.00ns)   --->   "%specinterface_ln0 = specinterface void @_ssdm_op_SpecInterface, i512 %gmem, void @empty_17, i32 0, i32 0, void @empty_14, i32 64, i32 0, void @empty_21, void @empty_13, void @empty_14, i32 16, i32 16, i32 16, i32 16, void @empty_14, void @empty_14, i32 4294967295, i32 0, i32 0, i32 64"   --->   Operation 80 'specinterface' 'specinterface_ln0' <Predicate = true> <Delay = 0.00>
ST_1 : Operation 81 [1/1] (0.00ns)   --->   "%tmp_47 = read i64 @_ssdm_op_Read.ap_auto.i64, i64 %empty"   --->   Operation 81 'read' 'tmp_47' <Predicate = true> <Delay = 0.00>
ST_1 : Operation 82 [1/1] (0.42ns)   --->   "%store_ln0 = store i10 0, i10 %loop_index_i"   --->   Operation 82 'store' 'store_ln0' <Predicate = true> <Delay = 0.42>
ST_1 : Operation 83 [1/1] (0.00ns)   --->   "%br_ln0 = br void %load-store-loop.i"   --->   Operation 83 'br' 'br_ln0' <Predicate = true> <Delay = 0.00>
ST_1 : Operation 84 [1/1] (0.00ns)   --->   "%loop_index_i_load = load i10 %loop_index_i"   --->   Operation 84 'load' 'loop_index_i_load' <Predicate = true> <Delay = 0.00>
ST_1 : Operation 85 [1/1] (0.78ns)   --->   "%exitcond201_i = icmp_eq  i10 %loop_index_i_load, i10 512"   --->   Operation 85 'icmp' 'exitcond201_i' <Predicate = true> <Delay = 0.78> <CoreInst = "Cmp">   --->   Core 9 'Cmp' <Latency = 0> <II = 1> <Delay = 0.78> <FuncUnit> <Opcode : 'seteq' 'setne' 'setle' 'setge' 'setlt' 'setgt'> <InPorts = 2> <OutPorts = 1>
ST_1 : Operation 86 [1/1] (0.00ns)   --->   "%br_ln0 = br i1 %exitcond201_i, void %load-store-loop.split.i, void %for.inc.i.preheader.exitStub"   --->   Operation 86 'br' 'br_ln0' <Predicate = true> <Delay = 0.00>
ST_1 : Operation 87 [1/1] (0.00ns)   --->   "%loop_index_i_cast1 = zext i10 %loop_index_i_load"   --->   Operation 87 'zext' 'loop_index_i_cast1' <Predicate = (!exitcond201_i)> <Delay = 0.00>
ST_1 : Operation 88 [1/1] (0.00ns)   --->   "%empty_83 = trunc i10 %loop_index_i_load"   --->   Operation 88 'trunc' 'empty_83' <Predicate = (!exitcond201_i)> <Delay = 0.00>
ST_1 : Operation 89 [1/1] (0.00ns)   --->   "%p_shl = bitconcatenate i11 @_ssdm_op_BitConcatenate.i11.i9.i2, i9 %empty_83, i2 0"   --->   Operation 89 'bitconcatenate' 'p_shl' <Predicate = (!exitcond201_i)> <Delay = 0.00>
ST_1 : Operation 90 [1/1] (0.79ns)   --->   "%empty_84 = sub i11 %p_shl, i11 %loop_index_i_cast1"   --->   Operation 90 'sub' 'empty_84' <Predicate = (!exitcond201_i)> <Delay = 0.79> <CoreInst = "Adder">   --->   Core 1 'Adder' <Latency = 0> <II = 1> <Delay = 0.79> <FuncUnit> <Opcode : 'add' 'sub'> <InPorts = 2> <OutPorts = 1>
ST_1 : Operation 91 [1/1] (0.00ns)   --->   "%p_cast11 = zext i11 %empty_84"   --->   Operation 91 'zext' 'p_cast11' <Predicate = (!exitcond201_i)> <Delay = 0.00>
ST_1 : Operation 92 [1/1] (1.08ns)   --->   "%empty_85 = add i64 %tmp_47, i64 %p_cast11"   --->   Operation 92 'add' 'empty_85' <Predicate = (!exitcond201_i)> <Delay = 1.08> <CoreInst = "Adder">   --->   Core 1 'Adder' <Latency = 0> <II = 1> <Delay = 1.08> <FuncUnit> <Opcode : 'add' 'sub'> <InPorts = 2> <OutPorts = 1>
ST_1 : Operation 93 [1/1] (0.00ns)   --->   "%p_cast = partselect i58 @_ssdm_op_PartSelect.i58.i64.i32.i32, i64 %empty_85, i32 6, i32 63"   --->   Operation 93 'partselect' 'p_cast' <Predicate = (!exitcond201_i)> <Delay = 0.00>
ST_1 : Operation 94 [1/1] (0.00ns)   --->   "%empty_86 = trunc i64 %empty_85"   --->   Operation 94 'trunc' 'empty_86' <Predicate = (!exitcond201_i)> <Delay = 0.00>

State 2 <SV = 1> <Delay = 3.65>
ST_2 : Operation 95 [1/1] (0.00ns)   --->   "%p_cast_cast = sext i58 %p_cast"   --->   Operation 95 'sext' 'p_cast_cast' <Predicate = (!exitcond201_i)> <Delay = 0.00>
ST_2 : Operation 96 [1/1] (0.00ns)   --->   "%gmem_addr = getelementptr i512 %gmem, i64 %p_cast_cast"   --->   Operation 96 'getelementptr' 'gmem_addr' <Predicate = (!exitcond201_i)> <Delay = 0.00>
ST_2 : Operation 97 [71/71] (3.65ns)   --->   "%gmem_load_req = readreq i1 @_ssdm_op_ReadReq.m_axi.i512P1A, i512 %gmem_addr, i64 1"   --->   Operation 97 'readreq' 'gmem_load_req' <Predicate = (!exitcond201_i)> <Delay = 3.65> <CoreInst = "m_axi">   --->   Core 119 'm_axi' <Latency = 6> <II = 1> <Delay = 1.00> <Adapter> <Opcode : 'readrequnaligned' 'writerequnaligned' 'read' 'write' 'readreq' 'writereq' 'writeresp'>
ST_2 : Operation 98 [1/1] (0.79ns)   --->   "%tmp = add i11 %empty_84, i11 1"   --->   Operation 98 'add' 'tmp' <Predicate = (!exitcond201_i)> <Delay = 0.79> <CoreInst = "Adder">   --->   Core 1 'Adder' <Latency = 0> <II = 1> <Delay = 0.79> <FuncUnit> <Opcode : 'add' 'sub'> <InPorts = 2> <OutPorts = 1>
ST_2 : Operation 99 [1/1] (0.00ns)   --->   "%tmp_cast = zext i11 %tmp"   --->   Operation 99 'zext' 'tmp_cast' <Predicate = (!exitcond201_i)> <Delay = 0.00>
ST_2 : Operation 100 [1/1] (1.08ns)   --->   "%empty_89 = add i64 %tmp_cast, i64 %tmp_47"   --->   Operation 100 'add' 'empty_89' <Predicate = (!exitcond201_i)> <Delay = 1.08> <CoreInst = "Adder">   --->   Core 1 'Adder' <Latency = 0> <II = 1> <Delay = 1.08> <FuncUnit> <Opcode : 'add' 'sub'> <InPorts = 2> <OutPorts = 1>
ST_2 : Operation 101 [1/1] (0.00ns)   --->   "%p_cast3 = partselect i58 @_ssdm_op_PartSelect.i58.i64.i32.i32, i64 %empty_89, i32 6, i32 63"   --->   Operation 101 'partselect' 'p_cast3' <Predicate = (!exitcond201_i)> <Delay = 0.00>
ST_2 : Operation 102 [1/1] (0.00ns)   --->   "%empty_90 = trunc i64 %empty_89"   --->   Operation 102 'trunc' 'empty_90' <Predicate = (!exitcond201_i)> <Delay = 0.00>

State 3 <SV = 2> <Delay = 3.65>
ST_3 : Operation 103 [1/1] (0.78ns)   --->   "%empty_82 = add i10 %loop_index_i_load, i10 1"   --->   Operation 103 'add' 'empty_82' <Predicate = true> <Delay = 0.78> <CoreInst = "Adder">   --->   Core 1 'Adder' <Latency = 0> <II = 1> <Delay = 0.78> <FuncUnit> <Opcode : 'add' 'sub'> <InPorts = 2> <OutPorts = 1>
ST_3 : Operation 104 [70/71] (3.65ns)   --->   "%gmem_load_req = readreq i1 @_ssdm_op_ReadReq.m_axi.i512P1A, i512 %gmem_addr, i64 1"   --->   Operation 104 'readreq' 'gmem_load_req' <Predicate = (!exitcond201_i)> <Delay = 3.65> <CoreInst = "m_axi">   --->   Core 119 'm_axi' <Latency = 6> <II = 1> <Delay = 1.00> <Adapter> <Opcode : 'readrequnaligned' 'writerequnaligned' 'read' 'write' 'readreq' 'writereq' 'writeresp'>
ST_3 : Operation 105 [1/1] (0.00ns)   --->   "%p_cast3_cast = sext i58 %p_cast3"   --->   Operation 105 'sext' 'p_cast3_cast' <Predicate = (!exitcond201_i)> <Delay = 0.00>
ST_3 : Operation 106 [1/1] (0.00ns)   --->   "%gmem_addr_1 = getelementptr i512 %gmem, i64 %p_cast3_cast"   --->   Operation 106 'getelementptr' 'gmem_addr_1' <Predicate = (!exitcond201_i)> <Delay = 0.00>
ST_3 : Operation 107 [71/71] (3.65ns)   --->   "%gmem_load_1_req = readreq i1 @_ssdm_op_ReadReq.m_axi.i512P1A, i512 %gmem_addr_1, i64 1"   --->   Operation 107 'readreq' 'gmem_load_1_req' <Predicate = (!exitcond201_i)> <Delay = 3.65> <CoreInst = "m_axi">   --->   Core 119 'm_axi' <Latency = 6> <II = 1> <Delay = 1.00> <Adapter> <Opcode : 'readrequnaligned' 'writerequnaligned' 'read' 'write' 'readreq' 'writereq' 'writeresp'>
ST_3 : Operation 108 [1/1] (0.79ns)   --->   "%tmp1 = add i11 %empty_84, i11 2"   --->   Operation 108 'add' 'tmp1' <Predicate = (!exitcond201_i)> <Delay = 0.79> <CoreInst = "Adder">   --->   Core 1 'Adder' <Latency = 0> <II = 1> <Delay = 0.79> <FuncUnit> <Opcode : 'add' 'sub'> <InPorts = 2> <OutPorts = 1>
ST_3 : Operation 109 [1/1] (0.00ns)   --->   "%tmp1_cast = zext i11 %tmp1"   --->   Operation 109 'zext' 'tmp1_cast' <Predicate = (!exitcond201_i)> <Delay = 0.00>
ST_3 : Operation 110 [1/1] (1.08ns)   --->   "%empty_93 = add i64 %tmp1_cast, i64 %tmp_47"   --->   Operation 110 'add' 'empty_93' <Predicate = (!exitcond201_i)> <Delay = 1.08> <CoreInst = "Adder">   --->   Core 1 'Adder' <Latency = 0> <II = 1> <Delay = 1.08> <FuncUnit> <Opcode : 'add' 'sub'> <InPorts = 2> <OutPorts = 1>
ST_3 : Operation 111 [1/1] (0.00ns)   --->   "%p_cast6 = partselect i58 @_ssdm_op_PartSelect.i58.i64.i32.i32, i64 %empty_93, i32 6, i32 63"   --->   Operation 111 'partselect' 'p_cast6' <Predicate = (!exitcond201_i)> <Delay = 0.00>
ST_3 : Operation 112 [1/1] (0.00ns)   --->   "%empty_94 = trunc i64 %empty_93"   --->   Operation 112 'trunc' 'empty_94' <Predicate = (!exitcond201_i)> <Delay = 0.00>
ST_3 : Operation 113 [1/1] (0.42ns)   --->   "%store_ln0 = store i10 %empty_82, i10 %loop_index_i"   --->   Operation 113 'store' 'store_ln0' <Predicate = (!exitcond201_i)> <Delay = 0.42>

State 4 <SV = 3> <Delay = 3.65>
ST_4 : Operation 114 [69/71] (3.65ns)   --->   "%gmem_load_req = readreq i1 @_ssdm_op_ReadReq.m_axi.i512P1A, i512 %gmem_addr, i64 1"   --->   Operation 114 'readreq' 'gmem_load_req' <Predicate = true> <Delay = 3.65> <CoreInst = "m_axi">   --->   Core 119 'm_axi' <Latency = 6> <II = 1> <Delay = 1.00> <Adapter> <Opcode : 'readrequnaligned' 'writerequnaligned' 'read' 'write' 'readreq' 'writereq' 'writeresp'>
ST_4 : Operation 115 [70/71] (3.65ns)   --->   "%gmem_load_1_req = readreq i1 @_ssdm_op_ReadReq.m_axi.i512P1A, i512 %gmem_addr_1, i64 1"   --->   Operation 115 'readreq' 'gmem_load_1_req' <Predicate = true> <Delay = 3.65> <CoreInst = "m_axi">   --->   Core 119 'm_axi' <Latency = 6> <II = 1> <Delay = 1.00> <Adapter> <Opcode : 'readrequnaligned' 'writerequnaligned' 'read' 'write' 'readreq' 'writereq' 'writeresp'>
ST_4 : Operation 116 [1/1] (0.00ns)   --->   "%p_cast6_cast = sext i58 %p_cast6"   --->   Operation 116 'sext' 'p_cast6_cast' <Predicate = true> <Delay = 0.00>
ST_4 : Operation 117 [1/1] (0.00ns)   --->   "%gmem_addr_2 = getelementptr i512 %gmem, i64 %p_cast6_cast"   --->   Operation 117 'getelementptr' 'gmem_addr_2' <Predicate = true> <Delay = 0.00>
ST_4 : Operation 118 [71/71] (3.65ns)   --->   "%gmem_load_2_req = readreq i1 @_ssdm_op_ReadReq.m_axi.i512P1A, i512 %gmem_addr_2, i64 1"   --->   Operation 118 'readreq' 'gmem_load_2_req' <Predicate = true> <Delay = 3.65> <CoreInst = "m_axi">   --->   Core 119 'm_axi' <Latency = 6> <II = 1> <Delay = 1.00> <Adapter> <Opcode : 'readrequnaligned' 'writerequnaligned' 'read' 'write' 'readreq' 'writereq' 'writeresp'>

State 5 <SV = 4> <Delay = 0.00>
ST_5 : Operation 119 [68/71] (3.65ns)   --->   "%gmem_load_req = readreq i1 @_ssdm_op_ReadReq.m_axi.i512P1A, i512 %gmem_addr, i64 1"   --->   Operation 119 'readreq' 'gmem_load_req' <Predicate = true> <Delay = 3.65> <CoreInst = "m_axi">   --->   Core 119 'm_axi' <Latency = 6> <II = 1> <Delay = 1.00> <Adapter> <Opcode : 'readrequnaligned' 'writerequnaligned' 'read' 'write' 'readreq' 'writereq' 'writeresp'>
ST_5 : Operation 120 [69/71] (3.65ns)   --->   "%gmem_load_1_req = readreq i1 @_ssdm_op_ReadReq.m_axi.i512P1A, i512 %gmem_addr_1, i64 1"   --->   Operation 120 'readreq' 'gmem_load_1_req' <Predicate = true> <Delay = 3.65> <CoreInst = "m_axi">   --->   Core 119 'm_axi' <Latency = 6> <II = 1> <Delay = 1.00> <Adapter> <Opcode : 'readrequnaligned' 'writerequnaligned' 'read' 'write' 'readreq' 'writereq' 'writeresp'>
ST_5 : Operation 121 [70/71] (3.65ns)   --->   "%gmem_load_2_req = readreq i1 @_ssdm_op_ReadReq.m_axi.i512P1A, i512 %gmem_addr_2, i64 1"   --->   Operation 121 'readreq' 'gmem_load_2_req' <Predicate = true> <Delay = 3.65> <CoreInst = "m_axi">   --->   Core 119 'm_axi' <Latency = 6> <II = 1> <Delay = 1.00> <Adapter> <Opcode : 'readrequnaligned' 'writerequnaligned' 'read' 'write' 'readreq' 'writereq' 'writeresp'>

State 6 <SV = 5> <Delay = 0.00>
ST_6 : Operation 122 [67/71] (3.65ns)   --->   "%gmem_load_req = readreq i1 @_ssdm_op_ReadReq.m_axi.i512P1A, i512 %gmem_addr, i64 1"   --->   Operation 122 'readreq' 'gmem_load_req' <Predicate = true> <Delay = 3.65> <CoreInst = "m_axi">   --->   Core 119 'm_axi' <Latency = 6> <II = 1> <Delay = 1.00> <Adapter> <Opcode : 'readrequnaligned' 'writerequnaligned' 'read' 'write' 'readreq' 'writereq' 'writeresp'>
ST_6 : Operation 123 [68/71] (3.65ns)   --->   "%gmem_load_1_req = readreq i1 @_ssdm_op_ReadReq.m_axi.i512P1A, i512 %gmem_addr_1, i64 1"   --->   Operation 123 'readreq' 'gmem_load_1_req' <Predicate = true> <Delay = 3.65> <CoreInst = "m_axi">   --->   Core 119 'm_axi' <Latency = 6> <II = 1> <Delay = 1.00> <Adapter> <Opcode : 'readrequnaligned' 'writerequnaligned' 'read' 'write' 'readreq' 'writereq' 'writeresp'>
ST_6 : Operation 124 [69/71] (3.65ns)   --->   "%gmem_load_2_req = readreq i1 @_ssdm_op_ReadReq.m_axi.i512P1A, i512 %gmem_addr_2, i64 1"   --->   Operation 124 'readreq' 'gmem_load_2_req' <Predicate = true> <Delay = 3.65> <CoreInst = "m_axi">   --->   Core 119 'm_axi' <Latency = 6> <II = 1> <Delay = 1.00> <Adapter> <Opcode : 'readrequnaligned' 'writerequnaligned' 'read' 'write' 'readreq' 'writereq' 'writeresp'>

State 7 <SV = 6> <Delay = 0.00>
ST_7 : Operation 125 [66/71] (3.65ns)   --->   "%gmem_load_req = readreq i1 @_ssdm_op_ReadReq.m_axi.i512P1A, i512 %gmem_addr, i64 1"   --->   Operation 125 'readreq' 'gmem_load_req' <Predicate = true> <Delay = 3.65> <CoreInst = "m_axi">   --->   Core 119 'm_axi' <Latency = 6> <II = 1> <Delay = 1.00> <Adapter> <Opcode : 'readrequnaligned' 'writerequnaligned' 'read' 'write' 'readreq' 'writereq' 'writeresp'>
ST_7 : Operation 126 [67/71] (3.65ns)   --->   "%gmem_load_1_req = readreq i1 @_ssdm_op_ReadReq.m_axi.i512P1A, i512 %gmem_addr_1, i64 1"   --->   Operation 126 'readreq' 'gmem_load_1_req' <Predicate = true> <Delay = 3.65> <CoreInst = "m_axi">   --->   Core 119 'm_axi' <Latency = 6> <II = 1> <Delay = 1.00> <Adapter> <Opcode : 'readrequnaligned' 'writerequnaligned' 'read' 'write' 'readreq' 'writereq' 'writeresp'>
ST_7 : Operation 127 [68/71] (3.65ns)   --->   "%gmem_load_2_req = readreq i1 @_ssdm_op_ReadReq.m_axi.i512P1A, i512 %gmem_addr_2, i64 1"   --->   Operation 127 'readreq' 'gmem_load_2_req' <Predicate = true> <Delay = 3.65> <CoreInst = "m_axi">   --->   Core 119 'm_axi' <Latency = 6> <II = 1> <Delay = 1.00> <Adapter> <Opcode : 'readrequnaligned' 'writerequnaligned' 'read' 'write' 'readreq' 'writereq' 'writeresp'>

State 8 <SV = 7> <Delay = 0.00>
ST_8 : Operation 128 [65/71] (3.65ns)   --->   "%gmem_load_req = readreq i1 @_ssdm_op_ReadReq.m_axi.i512P1A, i512 %gmem_addr, i64 1"   --->   Operation 128 'readreq' 'gmem_load_req' <Predicate = true> <Delay = 3.65> <CoreInst = "m_axi">   --->   Core 119 'm_axi' <Latency = 6> <II = 1> <Delay = 1.00> <Adapter> <Opcode : 'readrequnaligned' 'writerequnaligned' 'read' 'write' 'readreq' 'writereq' 'writeresp'>
ST_8 : Operation 129 [66/71] (3.65ns)   --->   "%gmem_load_1_req = readreq i1 @_ssdm_op_ReadReq.m_axi.i512P1A, i512 %gmem_addr_1, i64 1"   --->   Operation 129 'readreq' 'gmem_load_1_req' <Predicate = true> <Delay = 3.65> <CoreInst = "m_axi">   --->   Core 119 'm_axi' <Latency = 6> <II = 1> <Delay = 1.00> <Adapter> <Opcode : 'readrequnaligned' 'writerequnaligned' 'read' 'write' 'readreq' 'writereq' 'writeresp'>
ST_8 : Operation 130 [67/71] (3.65ns)   --->   "%gmem_load_2_req = readreq i1 @_ssdm_op_ReadReq.m_axi.i512P1A, i512 %gmem_addr_2, i64 1"   --->   Operation 130 'readreq' 'gmem_load_2_req' <Predicate = true> <Delay = 3.65> <CoreInst = "m_axi">   --->   Core 119 'm_axi' <Latency = 6> <II = 1> <Delay = 1.00> <Adapter> <Opcode : 'readrequnaligned' 'writerequnaligned' 'read' 'write' 'readreq' 'writereq' 'writeresp'>

State 9 <SV = 8> <Delay = 0.00>
ST_9 : Operation 131 [64/71] (3.65ns)   --->   "%gmem_load_req = readreq i1 @_ssdm_op_ReadReq.m_axi.i512P1A, i512 %gmem_addr, i64 1"   --->   Operation 131 'readreq' 'gmem_load_req' <Predicate = true> <Delay = 3.65> <CoreInst = "m_axi">   --->   Core 119 'm_axi' <Latency = 6> <II = 1> <Delay = 1.00> <Adapter> <Opcode : 'readrequnaligned' 'writerequnaligned' 'read' 'write' 'readreq' 'writereq' 'writeresp'>
ST_9 : Operation 132 [65/71] (3.65ns)   --->   "%gmem_load_1_req = readreq i1 @_ssdm_op_ReadReq.m_axi.i512P1A, i512 %gmem_addr_1, i64 1"   --->   Operation 132 'readreq' 'gmem_load_1_req' <Predicate = true> <Delay = 3.65> <CoreInst = "m_axi">   --->   Core 119 'm_axi' <Latency = 6> <II = 1> <Delay = 1.00> <Adapter> <Opcode : 'readrequnaligned' 'writerequnaligned' 'read' 'write' 'readreq' 'writereq' 'writeresp'>
ST_9 : Operation 133 [66/71] (3.65ns)   --->   "%gmem_load_2_req = readreq i1 @_ssdm_op_ReadReq.m_axi.i512P1A, i512 %gmem_addr_2, i64 1"   --->   Operation 133 'readreq' 'gmem_load_2_req' <Predicate = true> <Delay = 3.65> <CoreInst = "m_axi">   --->   Core 119 'm_axi' <Latency = 6> <II = 1> <Delay = 1.00> <Adapter> <Opcode : 'readrequnaligned' 'writerequnaligned' 'read' 'write' 'readreq' 'writereq' 'writeresp'>

State 10 <SV = 9> <Delay = 0.00>
ST_10 : Operation 134 [63/71] (3.65ns)   --->   "%gmem_load_req = readreq i1 @_ssdm_op_ReadReq.m_axi.i512P1A, i512 %gmem_addr, i64 1"   --->   Operation 134 'readreq' 'gmem_load_req' <Predicate = true> <Delay = 3.65> <CoreInst = "m_axi">   --->   Core 119 'm_axi' <Latency = 6> <II = 1> <Delay = 1.00> <Adapter> <Opcode : 'readrequnaligned' 'writerequnaligned' 'read' 'write' 'readreq' 'writereq' 'writeresp'>
ST_10 : Operation 135 [64/71] (3.65ns)   --->   "%gmem_load_1_req = readreq i1 @_ssdm_op_ReadReq.m_axi.i512P1A, i512 %gmem_addr_1, i64 1"   --->   Operation 135 'readreq' 'gmem_load_1_req' <Predicate = true> <Delay = 3.65> <CoreInst = "m_axi">   --->   Core 119 'm_axi' <Latency = 6> <II = 1> <Delay = 1.00> <Adapter> <Opcode : 'readrequnaligned' 'writerequnaligned' 'read' 'write' 'readreq' 'writereq' 'writeresp'>
ST_10 : Operation 136 [65/71] (3.65ns)   --->   "%gmem_load_2_req = readreq i1 @_ssdm_op_ReadReq.m_axi.i512P1A, i512 %gmem_addr_2, i64 1"   --->   Operation 136 'readreq' 'gmem_load_2_req' <Predicate = true> <Delay = 3.65> <CoreInst = "m_axi">   --->   Core 119 'm_axi' <Latency = 6> <II = 1> <Delay = 1.00> <Adapter> <Opcode : 'readrequnaligned' 'writerequnaligned' 'read' 'write' 'readreq' 'writereq' 'writeresp'>

State 11 <SV = 10> <Delay = 0.00>
ST_11 : Operation 137 [62/71] (3.65ns)   --->   "%gmem_load_req = readreq i1 @_ssdm_op_ReadReq.m_axi.i512P1A, i512 %gmem_addr, i64 1"   --->   Operation 137 'readreq' 'gmem_load_req' <Predicate = true> <Delay = 3.65> <CoreInst = "m_axi">   --->   Core 119 'm_axi' <Latency = 6> <II = 1> <Delay = 1.00> <Adapter> <Opcode : 'readrequnaligned' 'writerequnaligned' 'read' 'write' 'readreq' 'writereq' 'writeresp'>
ST_11 : Operation 138 [63/71] (3.65ns)   --->   "%gmem_load_1_req = readreq i1 @_ssdm_op_ReadReq.m_axi.i512P1A, i512 %gmem_addr_1, i64 1"   --->   Operation 138 'readreq' 'gmem_load_1_req' <Predicate = true> <Delay = 3.65> <CoreInst = "m_axi">   --->   Core 119 'm_axi' <Latency = 6> <II = 1> <Delay = 1.00> <Adapter> <Opcode : 'readrequnaligned' 'writerequnaligned' 'read' 'write' 'readreq' 'writereq' 'writeresp'>
ST_11 : Operation 139 [64/71] (3.65ns)   --->   "%gmem_load_2_req = readreq i1 @_ssdm_op_ReadReq.m_axi.i512P1A, i512 %gmem_addr_2, i64 1"   --->   Operation 139 'readreq' 'gmem_load_2_req' <Predicate = true> <Delay = 3.65> <CoreInst = "m_axi">   --->   Core 119 'm_axi' <Latency = 6> <II = 1> <Delay = 1.00> <Adapter> <Opcode : 'readrequnaligned' 'writerequnaligned' 'read' 'write' 'readreq' 'writereq' 'writeresp'>

State 12 <SV = 11> <Delay = 0.00>
ST_12 : Operation 140 [61/71] (3.65ns)   --->   "%gmem_load_req = readreq i1 @_ssdm_op_ReadReq.m_axi.i512P1A, i512 %gmem_addr, i64 1"   --->   Operation 140 'readreq' 'gmem_load_req' <Predicate = true> <Delay = 3.65> <CoreInst = "m_axi">   --->   Core 119 'm_axi' <Latency = 6> <II = 1> <Delay = 1.00> <Adapter> <Opcode : 'readrequnaligned' 'writerequnaligned' 'read' 'write' 'readreq' 'writereq' 'writeresp'>
ST_12 : Operation 141 [62/71] (3.65ns)   --->   "%gmem_load_1_req = readreq i1 @_ssdm_op_ReadReq.m_axi.i512P1A, i512 %gmem_addr_1, i64 1"   --->   Operation 141 'readreq' 'gmem_load_1_req' <Predicate = true> <Delay = 3.65> <CoreInst = "m_axi">   --->   Core 119 'm_axi' <Latency = 6> <II = 1> <Delay = 1.00> <Adapter> <Opcode : 'readrequnaligned' 'writerequnaligned' 'read' 'write' 'readreq' 'writereq' 'writeresp'>
ST_12 : Operation 142 [63/71] (3.65ns)   --->   "%gmem_load_2_req = readreq i1 @_ssdm_op_ReadReq.m_axi.i512P1A, i512 %gmem_addr_2, i64 1"   --->   Operation 142 'readreq' 'gmem_load_2_req' <Predicate = true> <Delay = 3.65> <CoreInst = "m_axi">   --->   Core 119 'm_axi' <Latency = 6> <II = 1> <Delay = 1.00> <Adapter> <Opcode : 'readrequnaligned' 'writerequnaligned' 'read' 'write' 'readreq' 'writereq' 'writeresp'>

State 13 <SV = 12> <Delay = 0.00>
ST_13 : Operation 143 [60/71] (3.65ns)   --->   "%gmem_load_req = readreq i1 @_ssdm_op_ReadReq.m_axi.i512P1A, i512 %gmem_addr, i64 1"   --->   Operation 143 'readreq' 'gmem_load_req' <Predicate = true> <Delay = 3.65> <CoreInst = "m_axi">   --->   Core 119 'm_axi' <Latency = 6> <II = 1> <Delay = 1.00> <Adapter> <Opcode : 'readrequnaligned' 'writerequnaligned' 'read' 'write' 'readreq' 'writereq' 'writeresp'>
ST_13 : Operation 144 [61/71] (3.65ns)   --->   "%gmem_load_1_req = readreq i1 @_ssdm_op_ReadReq.m_axi.i512P1A, i512 %gmem_addr_1, i64 1"   --->   Operation 144 'readreq' 'gmem_load_1_req' <Predicate = true> <Delay = 3.65> <CoreInst = "m_axi">   --->   Core 119 'm_axi' <Latency = 6> <II = 1> <Delay = 1.00> <Adapter> <Opcode : 'readrequnaligned' 'writerequnaligned' 'read' 'write' 'readreq' 'writereq' 'writeresp'>
ST_13 : Operation 145 [62/71] (3.65ns)   --->   "%gmem_load_2_req = readreq i1 @_ssdm_op_ReadReq.m_axi.i512P1A, i512 %gmem_addr_2, i64 1"   --->   Operation 145 'readreq' 'gmem_load_2_req' <Predicate = true> <Delay = 3.65> <CoreInst = "m_axi">   --->   Core 119 'm_axi' <Latency = 6> <II = 1> <Delay = 1.00> <Adapter> <Opcode : 'readrequnaligned' 'writerequnaligned' 'read' 'write' 'readreq' 'writereq' 'writeresp'>

State 14 <SV = 13> <Delay = 0.00>
ST_14 : Operation 146 [59/71] (3.65ns)   --->   "%gmem_load_req = readreq i1 @_ssdm_op_ReadReq.m_axi.i512P1A, i512 %gmem_addr, i64 1"   --->   Operation 146 'readreq' 'gmem_load_req' <Predicate = true> <Delay = 3.65> <CoreInst = "m_axi">   --->   Core 119 'm_axi' <Latency = 6> <II = 1> <Delay = 1.00> <Adapter> <Opcode : 'readrequnaligned' 'writerequnaligned' 'read' 'write' 'readreq' 'writereq' 'writeresp'>
ST_14 : Operation 147 [60/71] (3.65ns)   --->   "%gmem_load_1_req = readreq i1 @_ssdm_op_ReadReq.m_axi.i512P1A, i512 %gmem_addr_1, i64 1"   --->   Operation 147 'readreq' 'gmem_load_1_req' <Predicate = true> <Delay = 3.65> <CoreInst = "m_axi">   --->   Core 119 'm_axi' <Latency = 6> <II = 1> <Delay = 1.00> <Adapter> <Opcode : 'readrequnaligned' 'writerequnaligned' 'read' 'write' 'readreq' 'writereq' 'writeresp'>
ST_14 : Operation 148 [61/71] (3.65ns)   --->   "%gmem_load_2_req = readreq i1 @_ssdm_op_ReadReq.m_axi.i512P1A, i512 %gmem_addr_2, i64 1"   --->   Operation 148 'readreq' 'gmem_load_2_req' <Predicate = true> <Delay = 3.65> <CoreInst = "m_axi">   --->   Core 119 'm_axi' <Latency = 6> <II = 1> <Delay = 1.00> <Adapter> <Opcode : 'readrequnaligned' 'writerequnaligned' 'read' 'write' 'readreq' 'writereq' 'writeresp'>

State 15 <SV = 14> <Delay = 0.00>
ST_15 : Operation 149 [58/71] (3.65ns)   --->   "%gmem_load_req = readreq i1 @_ssdm_op_ReadReq.m_axi.i512P1A, i512 %gmem_addr, i64 1"   --->   Operation 149 'readreq' 'gmem_load_req' <Predicate = true> <Delay = 3.65> <CoreInst = "m_axi">   --->   Core 119 'm_axi' <Latency = 6> <II = 1> <Delay = 1.00> <Adapter> <Opcode : 'readrequnaligned' 'writerequnaligned' 'read' 'write' 'readreq' 'writereq' 'writeresp'>
ST_15 : Operation 150 [59/71] (3.65ns)   --->   "%gmem_load_1_req = readreq i1 @_ssdm_op_ReadReq.m_axi.i512P1A, i512 %gmem_addr_1, i64 1"   --->   Operation 150 'readreq' 'gmem_load_1_req' <Predicate = true> <Delay = 3.65> <CoreInst = "m_axi">   --->   Core 119 'm_axi' <Latency = 6> <II = 1> <Delay = 1.00> <Adapter> <Opcode : 'readrequnaligned' 'writerequnaligned' 'read' 'write' 'readreq' 'writereq' 'writeresp'>
ST_15 : Operation 151 [60/71] (3.65ns)   --->   "%gmem_load_2_req = readreq i1 @_ssdm_op_ReadReq.m_axi.i512P1A, i512 %gmem_addr_2, i64 1"   --->   Operation 151 'readreq' 'gmem_load_2_req' <Predicate = true> <Delay = 3.65> <CoreInst = "m_axi">   --->   Core 119 'm_axi' <Latency = 6> <II = 1> <Delay = 1.00> <Adapter> <Opcode : 'readrequnaligned' 'writerequnaligned' 'read' 'write' 'readreq' 'writereq' 'writeresp'>

State 16 <SV = 15> <Delay = 0.00>
ST_16 : Operation 152 [57/71] (3.65ns)   --->   "%gmem_load_req = readreq i1 @_ssdm_op_ReadReq.m_axi.i512P1A, i512 %gmem_addr, i64 1"   --->   Operation 152 'readreq' 'gmem_load_req' <Predicate = true> <Delay = 3.65> <CoreInst = "m_axi">   --->   Core 119 'm_axi' <Latency = 6> <II = 1> <Delay = 1.00> <Adapter> <Opcode : 'readrequnaligned' 'writerequnaligned' 'read' 'write' 'readreq' 'writereq' 'writeresp'>
ST_16 : Operation 153 [58/71] (3.65ns)   --->   "%gmem_load_1_req = readreq i1 @_ssdm_op_ReadReq.m_axi.i512P1A, i512 %gmem_addr_1, i64 1"   --->   Operation 153 'readreq' 'gmem_load_1_req' <Predicate = true> <Delay = 3.65> <CoreInst = "m_axi">   --->   Core 119 'm_axi' <Latency = 6> <II = 1> <Delay = 1.00> <Adapter> <Opcode : 'readrequnaligned' 'writerequnaligned' 'read' 'write' 'readreq' 'writereq' 'writeresp'>
ST_16 : Operation 154 [59/71] (3.65ns)   --->   "%gmem_load_2_req = readreq i1 @_ssdm_op_ReadReq.m_axi.i512P1A, i512 %gmem_addr_2, i64 1"   --->   Operation 154 'readreq' 'gmem_load_2_req' <Predicate = true> <Delay = 3.65> <CoreInst = "m_axi">   --->   Core 119 'm_axi' <Latency = 6> <II = 1> <Delay = 1.00> <Adapter> <Opcode : 'readrequnaligned' 'writerequnaligned' 'read' 'write' 'readreq' 'writereq' 'writeresp'>

State 17 <SV = 16> <Delay = 0.00>
ST_17 : Operation 155 [56/71] (3.65ns)   --->   "%gmem_load_req = readreq i1 @_ssdm_op_ReadReq.m_axi.i512P1A, i512 %gmem_addr, i64 1"   --->   Operation 155 'readreq' 'gmem_load_req' <Predicate = true> <Delay = 3.65> <CoreInst = "m_axi">   --->   Core 119 'm_axi' <Latency = 6> <II = 1> <Delay = 1.00> <Adapter> <Opcode : 'readrequnaligned' 'writerequnaligned' 'read' 'write' 'readreq' 'writereq' 'writeresp'>
ST_17 : Operation 156 [57/71] (3.65ns)   --->   "%gmem_load_1_req = readreq i1 @_ssdm_op_ReadReq.m_axi.i512P1A, i512 %gmem_addr_1, i64 1"   --->   Operation 156 'readreq' 'gmem_load_1_req' <Predicate = true> <Delay = 3.65> <CoreInst = "m_axi">   --->   Core 119 'm_axi' <Latency = 6> <II = 1> <Delay = 1.00> <Adapter> <Opcode : 'readrequnaligned' 'writerequnaligned' 'read' 'write' 'readreq' 'writereq' 'writeresp'>
ST_17 : Operation 157 [58/71] (3.65ns)   --->   "%gmem_load_2_req = readreq i1 @_ssdm_op_ReadReq.m_axi.i512P1A, i512 %gmem_addr_2, i64 1"   --->   Operation 157 'readreq' 'gmem_load_2_req' <Predicate = true> <Delay = 3.65> <CoreInst = "m_axi">   --->   Core 119 'm_axi' <Latency = 6> <II = 1> <Delay = 1.00> <Adapter> <Opcode : 'readrequnaligned' 'writerequnaligned' 'read' 'write' 'readreq' 'writereq' 'writeresp'>

State 18 <SV = 17> <Delay = 0.00>
ST_18 : Operation 158 [55/71] (3.65ns)   --->   "%gmem_load_req = readreq i1 @_ssdm_op_ReadReq.m_axi.i512P1A, i512 %gmem_addr, i64 1"   --->   Operation 158 'readreq' 'gmem_load_req' <Predicate = true> <Delay = 3.65> <CoreInst = "m_axi">   --->   Core 119 'm_axi' <Latency = 6> <II = 1> <Delay = 1.00> <Adapter> <Opcode : 'readrequnaligned' 'writerequnaligned' 'read' 'write' 'readreq' 'writereq' 'writeresp'>
ST_18 : Operation 159 [56/71] (3.65ns)   --->   "%gmem_load_1_req = readreq i1 @_ssdm_op_ReadReq.m_axi.i512P1A, i512 %gmem_addr_1, i64 1"   --->   Operation 159 'readreq' 'gmem_load_1_req' <Predicate = true> <Delay = 3.65> <CoreInst = "m_axi">   --->   Core 119 'm_axi' <Latency = 6> <II = 1> <Delay = 1.00> <Adapter> <Opcode : 'readrequnaligned' 'writerequnaligned' 'read' 'write' 'readreq' 'writereq' 'writeresp'>
ST_18 : Operation 160 [57/71] (3.65ns)   --->   "%gmem_load_2_req = readreq i1 @_ssdm_op_ReadReq.m_axi.i512P1A, i512 %gmem_addr_2, i64 1"   --->   Operation 160 'readreq' 'gmem_load_2_req' <Predicate = true> <Delay = 3.65> <CoreInst = "m_axi">   --->   Core 119 'm_axi' <Latency = 6> <II = 1> <Delay = 1.00> <Adapter> <Opcode : 'readrequnaligned' 'writerequnaligned' 'read' 'write' 'readreq' 'writereq' 'writeresp'>

State 19 <SV = 18> <Delay = 0.00>
ST_19 : Operation 161 [54/71] (3.65ns)   --->   "%gmem_load_req = readreq i1 @_ssdm_op_ReadReq.m_axi.i512P1A, i512 %gmem_addr, i64 1"   --->   Operation 161 'readreq' 'gmem_load_req' <Predicate = true> <Delay = 3.65> <CoreInst = "m_axi">   --->   Core 119 'm_axi' <Latency = 6> <II = 1> <Delay = 1.00> <Adapter> <Opcode : 'readrequnaligned' 'writerequnaligned' 'read' 'write' 'readreq' 'writereq' 'writeresp'>
ST_19 : Operation 162 [55/71] (3.65ns)   --->   "%gmem_load_1_req = readreq i1 @_ssdm_op_ReadReq.m_axi.i512P1A, i512 %gmem_addr_1, i64 1"   --->   Operation 162 'readreq' 'gmem_load_1_req' <Predicate = true> <Delay = 3.65> <CoreInst = "m_axi">   --->   Core 119 'm_axi' <Latency = 6> <II = 1> <Delay = 1.00> <Adapter> <Opcode : 'readrequnaligned' 'writerequnaligned' 'read' 'write' 'readreq' 'writereq' 'writeresp'>
ST_19 : Operation 163 [56/71] (3.65ns)   --->   "%gmem_load_2_req = readreq i1 @_ssdm_op_ReadReq.m_axi.i512P1A, i512 %gmem_addr_2, i64 1"   --->   Operation 163 'readreq' 'gmem_load_2_req' <Predicate = true> <Delay = 3.65> <CoreInst = "m_axi">   --->   Core 119 'm_axi' <Latency = 6> <II = 1> <Delay = 1.00> <Adapter> <Opcode : 'readrequnaligned' 'writerequnaligned' 'read' 'write' 'readreq' 'writereq' 'writeresp'>

State 20 <SV = 19> <Delay = 0.00>
ST_20 : Operation 164 [53/71] (3.65ns)   --->   "%gmem_load_req = readreq i1 @_ssdm_op_ReadReq.m_axi.i512P1A, i512 %gmem_addr, i64 1"   --->   Operation 164 'readreq' 'gmem_load_req' <Predicate = true> <Delay = 3.65> <CoreInst = "m_axi">   --->   Core 119 'm_axi' <Latency = 6> <II = 1> <Delay = 1.00> <Adapter> <Opcode : 'readrequnaligned' 'writerequnaligned' 'read' 'write' 'readreq' 'writereq' 'writeresp'>
ST_20 : Operation 165 [54/71] (3.65ns)   --->   "%gmem_load_1_req = readreq i1 @_ssdm_op_ReadReq.m_axi.i512P1A, i512 %gmem_addr_1, i64 1"   --->   Operation 165 'readreq' 'gmem_load_1_req' <Predicate = true> <Delay = 3.65> <CoreInst = "m_axi">   --->   Core 119 'm_axi' <Latency = 6> <II = 1> <Delay = 1.00> <Adapter> <Opcode : 'readrequnaligned' 'writerequnaligned' 'read' 'write' 'readreq' 'writereq' 'writeresp'>
ST_20 : Operation 166 [55/71] (3.65ns)   --->   "%gmem_load_2_req = readreq i1 @_ssdm_op_ReadReq.m_axi.i512P1A, i512 %gmem_addr_2, i64 1"   --->   Operation 166 'readreq' 'gmem_load_2_req' <Predicate = true> <Delay = 3.65> <CoreInst = "m_axi">   --->   Core 119 'm_axi' <Latency = 6> <II = 1> <Delay = 1.00> <Adapter> <Opcode : 'readrequnaligned' 'writerequnaligned' 'read' 'write' 'readreq' 'writereq' 'writeresp'>

State 21 <SV = 20> <Delay = 0.00>
ST_21 : Operation 167 [52/71] (3.65ns)   --->   "%gmem_load_req = readreq i1 @_ssdm_op_ReadReq.m_axi.i512P1A, i512 %gmem_addr, i64 1"   --->   Operation 167 'readreq' 'gmem_load_req' <Predicate = true> <Delay = 3.65> <CoreInst = "m_axi">   --->   Core 119 'm_axi' <Latency = 6> <II = 1> <Delay = 1.00> <Adapter> <Opcode : 'readrequnaligned' 'writerequnaligned' 'read' 'write' 'readreq' 'writereq' 'writeresp'>
ST_21 : Operation 168 [53/71] (3.65ns)   --->   "%gmem_load_1_req = readreq i1 @_ssdm_op_ReadReq.m_axi.i512P1A, i512 %gmem_addr_1, i64 1"   --->   Operation 168 'readreq' 'gmem_load_1_req' <Predicate = true> <Delay = 3.65> <CoreInst = "m_axi">   --->   Core 119 'm_axi' <Latency = 6> <II = 1> <Delay = 1.00> <Adapter> <Opcode : 'readrequnaligned' 'writerequnaligned' 'read' 'write' 'readreq' 'writereq' 'writeresp'>
ST_21 : Operation 169 [54/71] (3.65ns)   --->   "%gmem_load_2_req = readreq i1 @_ssdm_op_ReadReq.m_axi.i512P1A, i512 %gmem_addr_2, i64 1"   --->   Operation 169 'readreq' 'gmem_load_2_req' <Predicate = true> <Delay = 3.65> <CoreInst = "m_axi">   --->   Core 119 'm_axi' <Latency = 6> <II = 1> <Delay = 1.00> <Adapter> <Opcode : 'readrequnaligned' 'writerequnaligned' 'read' 'write' 'readreq' 'writereq' 'writeresp'>

State 22 <SV = 21> <Delay = 0.00>
ST_22 : Operation 170 [51/71] (3.65ns)   --->   "%gmem_load_req = readreq i1 @_ssdm_op_ReadReq.m_axi.i512P1A, i512 %gmem_addr, i64 1"   --->   Operation 170 'readreq' 'gmem_load_req' <Predicate = true> <Delay = 3.65> <CoreInst = "m_axi">   --->   Core 119 'm_axi' <Latency = 6> <II = 1> <Delay = 1.00> <Adapter> <Opcode : 'readrequnaligned' 'writerequnaligned' 'read' 'write' 'readreq' 'writereq' 'writeresp'>
ST_22 : Operation 171 [52/71] (3.65ns)   --->   "%gmem_load_1_req = readreq i1 @_ssdm_op_ReadReq.m_axi.i512P1A, i512 %gmem_addr_1, i64 1"   --->   Operation 171 'readreq' 'gmem_load_1_req' <Predicate = true> <Delay = 3.65> <CoreInst = "m_axi">   --->   Core 119 'm_axi' <Latency = 6> <II = 1> <Delay = 1.00> <Adapter> <Opcode : 'readrequnaligned' 'writerequnaligned' 'read' 'write' 'readreq' 'writereq' 'writeresp'>
ST_22 : Operation 172 [53/71] (3.65ns)   --->   "%gmem_load_2_req = readreq i1 @_ssdm_op_ReadReq.m_axi.i512P1A, i512 %gmem_addr_2, i64 1"   --->   Operation 172 'readreq' 'gmem_load_2_req' <Predicate = true> <Delay = 3.65> <CoreInst = "m_axi">   --->   Core 119 'm_axi' <Latency = 6> <II = 1> <Delay = 1.00> <Adapter> <Opcode : 'readrequnaligned' 'writerequnaligned' 'read' 'write' 'readreq' 'writereq' 'writeresp'>

State 23 <SV = 22> <Delay = 0.00>
ST_23 : Operation 173 [50/71] (3.65ns)   --->   "%gmem_load_req = readreq i1 @_ssdm_op_ReadReq.m_axi.i512P1A, i512 %gmem_addr, i64 1"   --->   Operation 173 'readreq' 'gmem_load_req' <Predicate = true> <Delay = 3.65> <CoreInst = "m_axi">   --->   Core 119 'm_axi' <Latency = 6> <II = 1> <Delay = 1.00> <Adapter> <Opcode : 'readrequnaligned' 'writerequnaligned' 'read' 'write' 'readreq' 'writereq' 'writeresp'>
ST_23 : Operation 174 [51/71] (3.65ns)   --->   "%gmem_load_1_req = readreq i1 @_ssdm_op_ReadReq.m_axi.i512P1A, i512 %gmem_addr_1, i64 1"   --->   Operation 174 'readreq' 'gmem_load_1_req' <Predicate = true> <Delay = 3.65> <CoreInst = "m_axi">   --->   Core 119 'm_axi' <Latency = 6> <II = 1> <Delay = 1.00> <Adapter> <Opcode : 'readrequnaligned' 'writerequnaligned' 'read' 'write' 'readreq' 'writereq' 'writeresp'>
ST_23 : Operation 175 [52/71] (3.65ns)   --->   "%gmem_load_2_req = readreq i1 @_ssdm_op_ReadReq.m_axi.i512P1A, i512 %gmem_addr_2, i64 1"   --->   Operation 175 'readreq' 'gmem_load_2_req' <Predicate = true> <Delay = 3.65> <CoreInst = "m_axi">   --->   Core 119 'm_axi' <Latency = 6> <II = 1> <Delay = 1.00> <Adapter> <Opcode : 'readrequnaligned' 'writerequnaligned' 'read' 'write' 'readreq' 'writereq' 'writeresp'>

State 24 <SV = 23> <Delay = 0.00>
ST_24 : Operation 176 [49/71] (3.65ns)   --->   "%gmem_load_req = readreq i1 @_ssdm_op_ReadReq.m_axi.i512P1A, i512 %gmem_addr, i64 1"   --->   Operation 176 'readreq' 'gmem_load_req' <Predicate = true> <Delay = 3.65> <CoreInst = "m_axi">   --->   Core 119 'm_axi' <Latency = 6> <II = 1> <Delay = 1.00> <Adapter> <Opcode : 'readrequnaligned' 'writerequnaligned' 'read' 'write' 'readreq' 'writereq' 'writeresp'>
ST_24 : Operation 177 [50/71] (3.65ns)   --->   "%gmem_load_1_req = readreq i1 @_ssdm_op_ReadReq.m_axi.i512P1A, i512 %gmem_addr_1, i64 1"   --->   Operation 177 'readreq' 'gmem_load_1_req' <Predicate = true> <Delay = 3.65> <CoreInst = "m_axi">   --->   Core 119 'm_axi' <Latency = 6> <II = 1> <Delay = 1.00> <Adapter> <Opcode : 'readrequnaligned' 'writerequnaligned' 'read' 'write' 'readreq' 'writereq' 'writeresp'>
ST_24 : Operation 178 [51/71] (3.65ns)   --->   "%gmem_load_2_req = readreq i1 @_ssdm_op_ReadReq.m_axi.i512P1A, i512 %gmem_addr_2, i64 1"   --->   Operation 178 'readreq' 'gmem_load_2_req' <Predicate = true> <Delay = 3.65> <CoreInst = "m_axi">   --->   Core 119 'm_axi' <Latency = 6> <II = 1> <Delay = 1.00> <Adapter> <Opcode : 'readrequnaligned' 'writerequnaligned' 'read' 'write' 'readreq' 'writereq' 'writeresp'>

State 25 <SV = 24> <Delay = 0.00>
ST_25 : Operation 179 [48/71] (3.65ns)   --->   "%gmem_load_req = readreq i1 @_ssdm_op_ReadReq.m_axi.i512P1A, i512 %gmem_addr, i64 1"   --->   Operation 179 'readreq' 'gmem_load_req' <Predicate = true> <Delay = 3.65> <CoreInst = "m_axi">   --->   Core 119 'm_axi' <Latency = 6> <II = 1> <Delay = 1.00> <Adapter> <Opcode : 'readrequnaligned' 'writerequnaligned' 'read' 'write' 'readreq' 'writereq' 'writeresp'>
ST_25 : Operation 180 [49/71] (3.65ns)   --->   "%gmem_load_1_req = readreq i1 @_ssdm_op_ReadReq.m_axi.i512P1A, i512 %gmem_addr_1, i64 1"   --->   Operation 180 'readreq' 'gmem_load_1_req' <Predicate = true> <Delay = 3.65> <CoreInst = "m_axi">   --->   Core 119 'm_axi' <Latency = 6> <II = 1> <Delay = 1.00> <Adapter> <Opcode : 'readrequnaligned' 'writerequnaligned' 'read' 'write' 'readreq' 'writereq' 'writeresp'>
ST_25 : Operation 181 [50/71] (3.65ns)   --->   "%gmem_load_2_req = readreq i1 @_ssdm_op_ReadReq.m_axi.i512P1A, i512 %gmem_addr_2, i64 1"   --->   Operation 181 'readreq' 'gmem_load_2_req' <Predicate = true> <Delay = 3.65> <CoreInst = "m_axi">   --->   Core 119 'm_axi' <Latency = 6> <II = 1> <Delay = 1.00> <Adapter> <Opcode : 'readrequnaligned' 'writerequnaligned' 'read' 'write' 'readreq' 'writereq' 'writeresp'>

State 26 <SV = 25> <Delay = 0.00>
ST_26 : Operation 182 [47/71] (3.65ns)   --->   "%gmem_load_req = readreq i1 @_ssdm_op_ReadReq.m_axi.i512P1A, i512 %gmem_addr, i64 1"   --->   Operation 182 'readreq' 'gmem_load_req' <Predicate = true> <Delay = 3.65> <CoreInst = "m_axi">   --->   Core 119 'm_axi' <Latency = 6> <II = 1> <Delay = 1.00> <Adapter> <Opcode : 'readrequnaligned' 'writerequnaligned' 'read' 'write' 'readreq' 'writereq' 'writeresp'>
ST_26 : Operation 183 [48/71] (3.65ns)   --->   "%gmem_load_1_req = readreq i1 @_ssdm_op_ReadReq.m_axi.i512P1A, i512 %gmem_addr_1, i64 1"   --->   Operation 183 'readreq' 'gmem_load_1_req' <Predicate = true> <Delay = 3.65> <CoreInst = "m_axi">   --->   Core 119 'm_axi' <Latency = 6> <II = 1> <Delay = 1.00> <Adapter> <Opcode : 'readrequnaligned' 'writerequnaligned' 'read' 'write' 'readreq' 'writereq' 'writeresp'>
ST_26 : Operation 184 [49/71] (3.65ns)   --->   "%gmem_load_2_req = readreq i1 @_ssdm_op_ReadReq.m_axi.i512P1A, i512 %gmem_addr_2, i64 1"   --->   Operation 184 'readreq' 'gmem_load_2_req' <Predicate = true> <Delay = 3.65> <CoreInst = "m_axi">   --->   Core 119 'm_axi' <Latency = 6> <II = 1> <Delay = 1.00> <Adapter> <Opcode : 'readrequnaligned' 'writerequnaligned' 'read' 'write' 'readreq' 'writereq' 'writeresp'>

State 27 <SV = 26> <Delay = 0.00>
ST_27 : Operation 185 [46/71] (3.65ns)   --->   "%gmem_load_req = readreq i1 @_ssdm_op_ReadReq.m_axi.i512P1A, i512 %gmem_addr, i64 1"   --->   Operation 185 'readreq' 'gmem_load_req' <Predicate = true> <Delay = 3.65> <CoreInst = "m_axi">   --->   Core 119 'm_axi' <Latency = 6> <II = 1> <Delay = 1.00> <Adapter> <Opcode : 'readrequnaligned' 'writerequnaligned' 'read' 'write' 'readreq' 'writereq' 'writeresp'>
ST_27 : Operation 186 [47/71] (3.65ns)   --->   "%gmem_load_1_req = readreq i1 @_ssdm_op_ReadReq.m_axi.i512P1A, i512 %gmem_addr_1, i64 1"   --->   Operation 186 'readreq' 'gmem_load_1_req' <Predicate = true> <Delay = 3.65> <CoreInst = "m_axi">   --->   Core 119 'm_axi' <Latency = 6> <II = 1> <Delay = 1.00> <Adapter> <Opcode : 'readrequnaligned' 'writerequnaligned' 'read' 'write' 'readreq' 'writereq' 'writeresp'>
ST_27 : Operation 187 [48/71] (3.65ns)   --->   "%gmem_load_2_req = readreq i1 @_ssdm_op_ReadReq.m_axi.i512P1A, i512 %gmem_addr_2, i64 1"   --->   Operation 187 'readreq' 'gmem_load_2_req' <Predicate = true> <Delay = 3.65> <CoreInst = "m_axi">   --->   Core 119 'm_axi' <Latency = 6> <II = 1> <Delay = 1.00> <Adapter> <Opcode : 'readrequnaligned' 'writerequnaligned' 'read' 'write' 'readreq' 'writereq' 'writeresp'>

State 28 <SV = 27> <Delay = 0.00>
ST_28 : Operation 188 [45/71] (3.65ns)   --->   "%gmem_load_req = readreq i1 @_ssdm_op_ReadReq.m_axi.i512P1A, i512 %gmem_addr, i64 1"   --->   Operation 188 'readreq' 'gmem_load_req' <Predicate = true> <Delay = 3.65> <CoreInst = "m_axi">   --->   Core 119 'm_axi' <Latency = 6> <II = 1> <Delay = 1.00> <Adapter> <Opcode : 'readrequnaligned' 'writerequnaligned' 'read' 'write' 'readreq' 'writereq' 'writeresp'>
ST_28 : Operation 189 [46/71] (3.65ns)   --->   "%gmem_load_1_req = readreq i1 @_ssdm_op_ReadReq.m_axi.i512P1A, i512 %gmem_addr_1, i64 1"   --->   Operation 189 'readreq' 'gmem_load_1_req' <Predicate = true> <Delay = 3.65> <CoreInst = "m_axi">   --->   Core 119 'm_axi' <Latency = 6> <II = 1> <Delay = 1.00> <Adapter> <Opcode : 'readrequnaligned' 'writerequnaligned' 'read' 'write' 'readreq' 'writereq' 'writeresp'>
ST_28 : Operation 190 [47/71] (3.65ns)   --->   "%gmem_load_2_req = readreq i1 @_ssdm_op_ReadReq.m_axi.i512P1A, i512 %gmem_addr_2, i64 1"   --->   Operation 190 'readreq' 'gmem_load_2_req' <Predicate = true> <Delay = 3.65> <CoreInst = "m_axi">   --->   Core 119 'm_axi' <Latency = 6> <II = 1> <Delay = 1.00> <Adapter> <Opcode : 'readrequnaligned' 'writerequnaligned' 'read' 'write' 'readreq' 'writereq' 'writeresp'>

State 29 <SV = 28> <Delay = 0.00>
ST_29 : Operation 191 [44/71] (3.65ns)   --->   "%gmem_load_req = readreq i1 @_ssdm_op_ReadReq.m_axi.i512P1A, i512 %gmem_addr, i64 1"   --->   Operation 191 'readreq' 'gmem_load_req' <Predicate = true> <Delay = 3.65> <CoreInst = "m_axi">   --->   Core 119 'm_axi' <Latency = 6> <II = 1> <Delay = 1.00> <Adapter> <Opcode : 'readrequnaligned' 'writerequnaligned' 'read' 'write' 'readreq' 'writereq' 'writeresp'>
ST_29 : Operation 192 [45/71] (3.65ns)   --->   "%gmem_load_1_req = readreq i1 @_ssdm_op_ReadReq.m_axi.i512P1A, i512 %gmem_addr_1, i64 1"   --->   Operation 192 'readreq' 'gmem_load_1_req' <Predicate = true> <Delay = 3.65> <CoreInst = "m_axi">   --->   Core 119 'm_axi' <Latency = 6> <II = 1> <Delay = 1.00> <Adapter> <Opcode : 'readrequnaligned' 'writerequnaligned' 'read' 'write' 'readreq' 'writereq' 'writeresp'>
ST_29 : Operation 193 [46/71] (3.65ns)   --->   "%gmem_load_2_req = readreq i1 @_ssdm_op_ReadReq.m_axi.i512P1A, i512 %gmem_addr_2, i64 1"   --->   Operation 193 'readreq' 'gmem_load_2_req' <Predicate = true> <Delay = 3.65> <CoreInst = "m_axi">   --->   Core 119 'm_axi' <Latency = 6> <II = 1> <Delay = 1.00> <Adapter> <Opcode : 'readrequnaligned' 'writerequnaligned' 'read' 'write' 'readreq' 'writereq' 'writeresp'>

State 30 <SV = 29> <Delay = 0.00>
ST_30 : Operation 194 [43/71] (3.65ns)   --->   "%gmem_load_req = readreq i1 @_ssdm_op_ReadReq.m_axi.i512P1A, i512 %gmem_addr, i64 1"   --->   Operation 194 'readreq' 'gmem_load_req' <Predicate = true> <Delay = 3.65> <CoreInst = "m_axi">   --->   Core 119 'm_axi' <Latency = 6> <II = 1> <Delay = 1.00> <Adapter> <Opcode : 'readrequnaligned' 'writerequnaligned' 'read' 'write' 'readreq' 'writereq' 'writeresp'>
ST_30 : Operation 195 [44/71] (3.65ns)   --->   "%gmem_load_1_req = readreq i1 @_ssdm_op_ReadReq.m_axi.i512P1A, i512 %gmem_addr_1, i64 1"   --->   Operation 195 'readreq' 'gmem_load_1_req' <Predicate = true> <Delay = 3.65> <CoreInst = "m_axi">   --->   Core 119 'm_axi' <Latency = 6> <II = 1> <Delay = 1.00> <Adapter> <Opcode : 'readrequnaligned' 'writerequnaligned' 'read' 'write' 'readreq' 'writereq' 'writeresp'>
ST_30 : Operation 196 [45/71] (3.65ns)   --->   "%gmem_load_2_req = readreq i1 @_ssdm_op_ReadReq.m_axi.i512P1A, i512 %gmem_addr_2, i64 1"   --->   Operation 196 'readreq' 'gmem_load_2_req' <Predicate = true> <Delay = 3.65> <CoreInst = "m_axi">   --->   Core 119 'm_axi' <Latency = 6> <II = 1> <Delay = 1.00> <Adapter> <Opcode : 'readrequnaligned' 'writerequnaligned' 'read' 'write' 'readreq' 'writereq' 'writeresp'>

State 31 <SV = 30> <Delay = 0.00>
ST_31 : Operation 197 [42/71] (3.65ns)   --->   "%gmem_load_req = readreq i1 @_ssdm_op_ReadReq.m_axi.i512P1A, i512 %gmem_addr, i64 1"   --->   Operation 197 'readreq' 'gmem_load_req' <Predicate = true> <Delay = 3.65> <CoreInst = "m_axi">   --->   Core 119 'm_axi' <Latency = 6> <II = 1> <Delay = 1.00> <Adapter> <Opcode : 'readrequnaligned' 'writerequnaligned' 'read' 'write' 'readreq' 'writereq' 'writeresp'>
ST_31 : Operation 198 [43/71] (3.65ns)   --->   "%gmem_load_1_req = readreq i1 @_ssdm_op_ReadReq.m_axi.i512P1A, i512 %gmem_addr_1, i64 1"   --->   Operation 198 'readreq' 'gmem_load_1_req' <Predicate = true> <Delay = 3.65> <CoreInst = "m_axi">   --->   Core 119 'm_axi' <Latency = 6> <II = 1> <Delay = 1.00> <Adapter> <Opcode : 'readrequnaligned' 'writerequnaligned' 'read' 'write' 'readreq' 'writereq' 'writeresp'>
ST_31 : Operation 199 [44/71] (3.65ns)   --->   "%gmem_load_2_req = readreq i1 @_ssdm_op_ReadReq.m_axi.i512P1A, i512 %gmem_addr_2, i64 1"   --->   Operation 199 'readreq' 'gmem_load_2_req' <Predicate = true> <Delay = 3.65> <CoreInst = "m_axi">   --->   Core 119 'm_axi' <Latency = 6> <II = 1> <Delay = 1.00> <Adapter> <Opcode : 'readrequnaligned' 'writerequnaligned' 'read' 'write' 'readreq' 'writereq' 'writeresp'>

State 32 <SV = 31> <Delay = 0.00>
ST_32 : Operation 200 [41/71] (3.65ns)   --->   "%gmem_load_req = readreq i1 @_ssdm_op_ReadReq.m_axi.i512P1A, i512 %gmem_addr, i64 1"   --->   Operation 200 'readreq' 'gmem_load_req' <Predicate = true> <Delay = 3.65> <CoreInst = "m_axi">   --->   Core 119 'm_axi' <Latency = 6> <II = 1> <Delay = 1.00> <Adapter> <Opcode : 'readrequnaligned' 'writerequnaligned' 'read' 'write' 'readreq' 'writereq' 'writeresp'>
ST_32 : Operation 201 [42/71] (3.65ns)   --->   "%gmem_load_1_req = readreq i1 @_ssdm_op_ReadReq.m_axi.i512P1A, i512 %gmem_addr_1, i64 1"   --->   Operation 201 'readreq' 'gmem_load_1_req' <Predicate = true> <Delay = 3.65> <CoreInst = "m_axi">   --->   Core 119 'm_axi' <Latency = 6> <II = 1> <Delay = 1.00> <Adapter> <Opcode : 'readrequnaligned' 'writerequnaligned' 'read' 'write' 'readreq' 'writereq' 'writeresp'>
ST_32 : Operation 202 [43/71] (3.65ns)   --->   "%gmem_load_2_req = readreq i1 @_ssdm_op_ReadReq.m_axi.i512P1A, i512 %gmem_addr_2, i64 1"   --->   Operation 202 'readreq' 'gmem_load_2_req' <Predicate = true> <Delay = 3.65> <CoreInst = "m_axi">   --->   Core 119 'm_axi' <Latency = 6> <II = 1> <Delay = 1.00> <Adapter> <Opcode : 'readrequnaligned' 'writerequnaligned' 'read' 'write' 'readreq' 'writereq' 'writeresp'>

State 33 <SV = 32> <Delay = 0.00>
ST_33 : Operation 203 [40/71] (3.65ns)   --->   "%gmem_load_req = readreq i1 @_ssdm_op_ReadReq.m_axi.i512P1A, i512 %gmem_addr, i64 1"   --->   Operation 203 'readreq' 'gmem_load_req' <Predicate = true> <Delay = 3.65> <CoreInst = "m_axi">   --->   Core 119 'm_axi' <Latency = 6> <II = 1> <Delay = 1.00> <Adapter> <Opcode : 'readrequnaligned' 'writerequnaligned' 'read' 'write' 'readreq' 'writereq' 'writeresp'>
ST_33 : Operation 204 [41/71] (3.65ns)   --->   "%gmem_load_1_req = readreq i1 @_ssdm_op_ReadReq.m_axi.i512P1A, i512 %gmem_addr_1, i64 1"   --->   Operation 204 'readreq' 'gmem_load_1_req' <Predicate = true> <Delay = 3.65> <CoreInst = "m_axi">   --->   Core 119 'm_axi' <Latency = 6> <II = 1> <Delay = 1.00> <Adapter> <Opcode : 'readrequnaligned' 'writerequnaligned' 'read' 'write' 'readreq' 'writereq' 'writeresp'>
ST_33 : Operation 205 [42/71] (3.65ns)   --->   "%gmem_load_2_req = readreq i1 @_ssdm_op_ReadReq.m_axi.i512P1A, i512 %gmem_addr_2, i64 1"   --->   Operation 205 'readreq' 'gmem_load_2_req' <Predicate = true> <Delay = 3.65> <CoreInst = "m_axi">   --->   Core 119 'm_axi' <Latency = 6> <II = 1> <Delay = 1.00> <Adapter> <Opcode : 'readrequnaligned' 'writerequnaligned' 'read' 'write' 'readreq' 'writereq' 'writeresp'>

State 34 <SV = 33> <Delay = 0.00>
ST_34 : Operation 206 [39/71] (3.65ns)   --->   "%gmem_load_req = readreq i1 @_ssdm_op_ReadReq.m_axi.i512P1A, i512 %gmem_addr, i64 1"   --->   Operation 206 'readreq' 'gmem_load_req' <Predicate = true> <Delay = 3.65> <CoreInst = "m_axi">   --->   Core 119 'm_axi' <Latency = 6> <II = 1> <Delay = 1.00> <Adapter> <Opcode : 'readrequnaligned' 'writerequnaligned' 'read' 'write' 'readreq' 'writereq' 'writeresp'>
ST_34 : Operation 207 [40/71] (3.65ns)   --->   "%gmem_load_1_req = readreq i1 @_ssdm_op_ReadReq.m_axi.i512P1A, i512 %gmem_addr_1, i64 1"   --->   Operation 207 'readreq' 'gmem_load_1_req' <Predicate = true> <Delay = 3.65> <CoreInst = "m_axi">   --->   Core 119 'm_axi' <Latency = 6> <II = 1> <Delay = 1.00> <Adapter> <Opcode : 'readrequnaligned' 'writerequnaligned' 'read' 'write' 'readreq' 'writereq' 'writeresp'>
ST_34 : Operation 208 [41/71] (3.65ns)   --->   "%gmem_load_2_req = readreq i1 @_ssdm_op_ReadReq.m_axi.i512P1A, i512 %gmem_addr_2, i64 1"   --->   Operation 208 'readreq' 'gmem_load_2_req' <Predicate = true> <Delay = 3.65> <CoreInst = "m_axi">   --->   Core 119 'm_axi' <Latency = 6> <II = 1> <Delay = 1.00> <Adapter> <Opcode : 'readrequnaligned' 'writerequnaligned' 'read' 'write' 'readreq' 'writereq' 'writeresp'>

State 35 <SV = 34> <Delay = 0.00>
ST_35 : Operation 209 [38/71] (3.65ns)   --->   "%gmem_load_req = readreq i1 @_ssdm_op_ReadReq.m_axi.i512P1A, i512 %gmem_addr, i64 1"   --->   Operation 209 'readreq' 'gmem_load_req' <Predicate = true> <Delay = 3.65> <CoreInst = "m_axi">   --->   Core 119 'm_axi' <Latency = 6> <II = 1> <Delay = 1.00> <Adapter> <Opcode : 'readrequnaligned' 'writerequnaligned' 'read' 'write' 'readreq' 'writereq' 'writeresp'>
ST_35 : Operation 210 [39/71] (3.65ns)   --->   "%gmem_load_1_req = readreq i1 @_ssdm_op_ReadReq.m_axi.i512P1A, i512 %gmem_addr_1, i64 1"   --->   Operation 210 'readreq' 'gmem_load_1_req' <Predicate = true> <Delay = 3.65> <CoreInst = "m_axi">   --->   Core 119 'm_axi' <Latency = 6> <II = 1> <Delay = 1.00> <Adapter> <Opcode : 'readrequnaligned' 'writerequnaligned' 'read' 'write' 'readreq' 'writereq' 'writeresp'>
ST_35 : Operation 211 [40/71] (3.65ns)   --->   "%gmem_load_2_req = readreq i1 @_ssdm_op_ReadReq.m_axi.i512P1A, i512 %gmem_addr_2, i64 1"   --->   Operation 211 'readreq' 'gmem_load_2_req' <Predicate = true> <Delay = 3.65> <CoreInst = "m_axi">   --->   Core 119 'm_axi' <Latency = 6> <II = 1> <Delay = 1.00> <Adapter> <Opcode : 'readrequnaligned' 'writerequnaligned' 'read' 'write' 'readreq' 'writereq' 'writeresp'>

State 36 <SV = 35> <Delay = 0.00>
ST_36 : Operation 212 [37/71] (3.65ns)   --->   "%gmem_load_req = readreq i1 @_ssdm_op_ReadReq.m_axi.i512P1A, i512 %gmem_addr, i64 1"   --->   Operation 212 'readreq' 'gmem_load_req' <Predicate = true> <Delay = 3.65> <CoreInst = "m_axi">   --->   Core 119 'm_axi' <Latency = 6> <II = 1> <Delay = 1.00> <Adapter> <Opcode : 'readrequnaligned' 'writerequnaligned' 'read' 'write' 'readreq' 'writereq' 'writeresp'>
ST_36 : Operation 213 [38/71] (3.65ns)   --->   "%gmem_load_1_req = readreq i1 @_ssdm_op_ReadReq.m_axi.i512P1A, i512 %gmem_addr_1, i64 1"   --->   Operation 213 'readreq' 'gmem_load_1_req' <Predicate = true> <Delay = 3.65> <CoreInst = "m_axi">   --->   Core 119 'm_axi' <Latency = 6> <II = 1> <Delay = 1.00> <Adapter> <Opcode : 'readrequnaligned' 'writerequnaligned' 'read' 'write' 'readreq' 'writereq' 'writeresp'>
ST_36 : Operation 214 [39/71] (3.65ns)   --->   "%gmem_load_2_req = readreq i1 @_ssdm_op_ReadReq.m_axi.i512P1A, i512 %gmem_addr_2, i64 1"   --->   Operation 214 'readreq' 'gmem_load_2_req' <Predicate = true> <Delay = 3.65> <CoreInst = "m_axi">   --->   Core 119 'm_axi' <Latency = 6> <II = 1> <Delay = 1.00> <Adapter> <Opcode : 'readrequnaligned' 'writerequnaligned' 'read' 'write' 'readreq' 'writereq' 'writeresp'>

State 37 <SV = 36> <Delay = 0.00>
ST_37 : Operation 215 [36/71] (3.65ns)   --->   "%gmem_load_req = readreq i1 @_ssdm_op_ReadReq.m_axi.i512P1A, i512 %gmem_addr, i64 1"   --->   Operation 215 'readreq' 'gmem_load_req' <Predicate = true> <Delay = 3.65> <CoreInst = "m_axi">   --->   Core 119 'm_axi' <Latency = 6> <II = 1> <Delay = 1.00> <Adapter> <Opcode : 'readrequnaligned' 'writerequnaligned' 'read' 'write' 'readreq' 'writereq' 'writeresp'>
ST_37 : Operation 216 [37/71] (3.65ns)   --->   "%gmem_load_1_req = readreq i1 @_ssdm_op_ReadReq.m_axi.i512P1A, i512 %gmem_addr_1, i64 1"   --->   Operation 216 'readreq' 'gmem_load_1_req' <Predicate = true> <Delay = 3.65> <CoreInst = "m_axi">   --->   Core 119 'm_axi' <Latency = 6> <II = 1> <Delay = 1.00> <Adapter> <Opcode : 'readrequnaligned' 'writerequnaligned' 'read' 'write' 'readreq' 'writereq' 'writeresp'>
ST_37 : Operation 217 [38/71] (3.65ns)   --->   "%gmem_load_2_req = readreq i1 @_ssdm_op_ReadReq.m_axi.i512P1A, i512 %gmem_addr_2, i64 1"   --->   Operation 217 'readreq' 'gmem_load_2_req' <Predicate = true> <Delay = 3.65> <CoreInst = "m_axi">   --->   Core 119 'm_axi' <Latency = 6> <II = 1> <Delay = 1.00> <Adapter> <Opcode : 'readrequnaligned' 'writerequnaligned' 'read' 'write' 'readreq' 'writereq' 'writeresp'>

State 38 <SV = 37> <Delay = 0.00>
ST_38 : Operation 218 [35/71] (3.65ns)   --->   "%gmem_load_req = readreq i1 @_ssdm_op_ReadReq.m_axi.i512P1A, i512 %gmem_addr, i64 1"   --->   Operation 218 'readreq' 'gmem_load_req' <Predicate = true> <Delay = 3.65> <CoreInst = "m_axi">   --->   Core 119 'm_axi' <Latency = 6> <II = 1> <Delay = 1.00> <Adapter> <Opcode : 'readrequnaligned' 'writerequnaligned' 'read' 'write' 'readreq' 'writereq' 'writeresp'>
ST_38 : Operation 219 [36/71] (3.65ns)   --->   "%gmem_load_1_req = readreq i1 @_ssdm_op_ReadReq.m_axi.i512P1A, i512 %gmem_addr_1, i64 1"   --->   Operation 219 'readreq' 'gmem_load_1_req' <Predicate = true> <Delay = 3.65> <CoreInst = "m_axi">   --->   Core 119 'm_axi' <Latency = 6> <II = 1> <Delay = 1.00> <Adapter> <Opcode : 'readrequnaligned' 'writerequnaligned' 'read' 'write' 'readreq' 'writereq' 'writeresp'>
ST_38 : Operation 220 [37/71] (3.65ns)   --->   "%gmem_load_2_req = readreq i1 @_ssdm_op_ReadReq.m_axi.i512P1A, i512 %gmem_addr_2, i64 1"   --->   Operation 220 'readreq' 'gmem_load_2_req' <Predicate = true> <Delay = 3.65> <CoreInst = "m_axi">   --->   Core 119 'm_axi' <Latency = 6> <II = 1> <Delay = 1.00> <Adapter> <Opcode : 'readrequnaligned' 'writerequnaligned' 'read' 'write' 'readreq' 'writereq' 'writeresp'>

State 39 <SV = 38> <Delay = 0.00>
ST_39 : Operation 221 [34/71] (3.65ns)   --->   "%gmem_load_req = readreq i1 @_ssdm_op_ReadReq.m_axi.i512P1A, i512 %gmem_addr, i64 1"   --->   Operation 221 'readreq' 'gmem_load_req' <Predicate = true> <Delay = 3.65> <CoreInst = "m_axi">   --->   Core 119 'm_axi' <Latency = 6> <II = 1> <Delay = 1.00> <Adapter> <Opcode : 'readrequnaligned' 'writerequnaligned' 'read' 'write' 'readreq' 'writereq' 'writeresp'>
ST_39 : Operation 222 [35/71] (3.65ns)   --->   "%gmem_load_1_req = readreq i1 @_ssdm_op_ReadReq.m_axi.i512P1A, i512 %gmem_addr_1, i64 1"   --->   Operation 222 'readreq' 'gmem_load_1_req' <Predicate = true> <Delay = 3.65> <CoreInst = "m_axi">   --->   Core 119 'm_axi' <Latency = 6> <II = 1> <Delay = 1.00> <Adapter> <Opcode : 'readrequnaligned' 'writerequnaligned' 'read' 'write' 'readreq' 'writereq' 'writeresp'>
ST_39 : Operation 223 [36/71] (3.65ns)   --->   "%gmem_load_2_req = readreq i1 @_ssdm_op_ReadReq.m_axi.i512P1A, i512 %gmem_addr_2, i64 1"   --->   Operation 223 'readreq' 'gmem_load_2_req' <Predicate = true> <Delay = 3.65> <CoreInst = "m_axi">   --->   Core 119 'm_axi' <Latency = 6> <II = 1> <Delay = 1.00> <Adapter> <Opcode : 'readrequnaligned' 'writerequnaligned' 'read' 'write' 'readreq' 'writereq' 'writeresp'>

State 40 <SV = 39> <Delay = 0.00>
ST_40 : Operation 224 [33/71] (3.65ns)   --->   "%gmem_load_req = readreq i1 @_ssdm_op_ReadReq.m_axi.i512P1A, i512 %gmem_addr, i64 1"   --->   Operation 224 'readreq' 'gmem_load_req' <Predicate = true> <Delay = 3.65> <CoreInst = "m_axi">   --->   Core 119 'm_axi' <Latency = 6> <II = 1> <Delay = 1.00> <Adapter> <Opcode : 'readrequnaligned' 'writerequnaligned' 'read' 'write' 'readreq' 'writereq' 'writeresp'>
ST_40 : Operation 225 [34/71] (3.65ns)   --->   "%gmem_load_1_req = readreq i1 @_ssdm_op_ReadReq.m_axi.i512P1A, i512 %gmem_addr_1, i64 1"   --->   Operation 225 'readreq' 'gmem_load_1_req' <Predicate = true> <Delay = 3.65> <CoreInst = "m_axi">   --->   Core 119 'm_axi' <Latency = 6> <II = 1> <Delay = 1.00> <Adapter> <Opcode : 'readrequnaligned' 'writerequnaligned' 'read' 'write' 'readreq' 'writereq' 'writeresp'>
ST_40 : Operation 226 [35/71] (3.65ns)   --->   "%gmem_load_2_req = readreq i1 @_ssdm_op_ReadReq.m_axi.i512P1A, i512 %gmem_addr_2, i64 1"   --->   Operation 226 'readreq' 'gmem_load_2_req' <Predicate = true> <Delay = 3.65> <CoreInst = "m_axi">   --->   Core 119 'm_axi' <Latency = 6> <II = 1> <Delay = 1.00> <Adapter> <Opcode : 'readrequnaligned' 'writerequnaligned' 'read' 'write' 'readreq' 'writereq' 'writeresp'>

State 41 <SV = 40> <Delay = 0.00>
ST_41 : Operation 227 [32/71] (3.65ns)   --->   "%gmem_load_req = readreq i1 @_ssdm_op_ReadReq.m_axi.i512P1A, i512 %gmem_addr, i64 1"   --->   Operation 227 'readreq' 'gmem_load_req' <Predicate = true> <Delay = 3.65> <CoreInst = "m_axi">   --->   Core 119 'm_axi' <Latency = 6> <II = 1> <Delay = 1.00> <Adapter> <Opcode : 'readrequnaligned' 'writerequnaligned' 'read' 'write' 'readreq' 'writereq' 'writeresp'>
ST_41 : Operation 228 [33/71] (3.65ns)   --->   "%gmem_load_1_req = readreq i1 @_ssdm_op_ReadReq.m_axi.i512P1A, i512 %gmem_addr_1, i64 1"   --->   Operation 228 'readreq' 'gmem_load_1_req' <Predicate = true> <Delay = 3.65> <CoreInst = "m_axi">   --->   Core 119 'm_axi' <Latency = 6> <II = 1> <Delay = 1.00> <Adapter> <Opcode : 'readrequnaligned' 'writerequnaligned' 'read' 'write' 'readreq' 'writereq' 'writeresp'>
ST_41 : Operation 229 [34/71] (3.65ns)   --->   "%gmem_load_2_req = readreq i1 @_ssdm_op_ReadReq.m_axi.i512P1A, i512 %gmem_addr_2, i64 1"   --->   Operation 229 'readreq' 'gmem_load_2_req' <Predicate = true> <Delay = 3.65> <CoreInst = "m_axi">   --->   Core 119 'm_axi' <Latency = 6> <II = 1> <Delay = 1.00> <Adapter> <Opcode : 'readrequnaligned' 'writerequnaligned' 'read' 'write' 'readreq' 'writereq' 'writeresp'>

State 42 <SV = 41> <Delay = 0.00>
ST_42 : Operation 230 [31/71] (3.65ns)   --->   "%gmem_load_req = readreq i1 @_ssdm_op_ReadReq.m_axi.i512P1A, i512 %gmem_addr, i64 1"   --->   Operation 230 'readreq' 'gmem_load_req' <Predicate = true> <Delay = 3.65> <CoreInst = "m_axi">   --->   Core 119 'm_axi' <Latency = 6> <II = 1> <Delay = 1.00> <Adapter> <Opcode : 'readrequnaligned' 'writerequnaligned' 'read' 'write' 'readreq' 'writereq' 'writeresp'>
ST_42 : Operation 231 [32/71] (3.65ns)   --->   "%gmem_load_1_req = readreq i1 @_ssdm_op_ReadReq.m_axi.i512P1A, i512 %gmem_addr_1, i64 1"   --->   Operation 231 'readreq' 'gmem_load_1_req' <Predicate = true> <Delay = 3.65> <CoreInst = "m_axi">   --->   Core 119 'm_axi' <Latency = 6> <II = 1> <Delay = 1.00> <Adapter> <Opcode : 'readrequnaligned' 'writerequnaligned' 'read' 'write' 'readreq' 'writereq' 'writeresp'>
ST_42 : Operation 232 [33/71] (3.65ns)   --->   "%gmem_load_2_req = readreq i1 @_ssdm_op_ReadReq.m_axi.i512P1A, i512 %gmem_addr_2, i64 1"   --->   Operation 232 'readreq' 'gmem_load_2_req' <Predicate = true> <Delay = 3.65> <CoreInst = "m_axi">   --->   Core 119 'm_axi' <Latency = 6> <II = 1> <Delay = 1.00> <Adapter> <Opcode : 'readrequnaligned' 'writerequnaligned' 'read' 'write' 'readreq' 'writereq' 'writeresp'>

State 43 <SV = 42> <Delay = 0.00>
ST_43 : Operation 233 [30/71] (3.65ns)   --->   "%gmem_load_req = readreq i1 @_ssdm_op_ReadReq.m_axi.i512P1A, i512 %gmem_addr, i64 1"   --->   Operation 233 'readreq' 'gmem_load_req' <Predicate = true> <Delay = 3.65> <CoreInst = "m_axi">   --->   Core 119 'm_axi' <Latency = 6> <II = 1> <Delay = 1.00> <Adapter> <Opcode : 'readrequnaligned' 'writerequnaligned' 'read' 'write' 'readreq' 'writereq' 'writeresp'>
ST_43 : Operation 234 [31/71] (3.65ns)   --->   "%gmem_load_1_req = readreq i1 @_ssdm_op_ReadReq.m_axi.i512P1A, i512 %gmem_addr_1, i64 1"   --->   Operation 234 'readreq' 'gmem_load_1_req' <Predicate = true> <Delay = 3.65> <CoreInst = "m_axi">   --->   Core 119 'm_axi' <Latency = 6> <II = 1> <Delay = 1.00> <Adapter> <Opcode : 'readrequnaligned' 'writerequnaligned' 'read' 'write' 'readreq' 'writereq' 'writeresp'>
ST_43 : Operation 235 [32/71] (3.65ns)   --->   "%gmem_load_2_req = readreq i1 @_ssdm_op_ReadReq.m_axi.i512P1A, i512 %gmem_addr_2, i64 1"   --->   Operation 235 'readreq' 'gmem_load_2_req' <Predicate = true> <Delay = 3.65> <CoreInst = "m_axi">   --->   Core 119 'm_axi' <Latency = 6> <II = 1> <Delay = 1.00> <Adapter> <Opcode : 'readrequnaligned' 'writerequnaligned' 'read' 'write' 'readreq' 'writereq' 'writeresp'>

State 44 <SV = 43> <Delay = 0.00>
ST_44 : Operation 236 [29/71] (3.65ns)   --->   "%gmem_load_req = readreq i1 @_ssdm_op_ReadReq.m_axi.i512P1A, i512 %gmem_addr, i64 1"   --->   Operation 236 'readreq' 'gmem_load_req' <Predicate = true> <Delay = 3.65> <CoreInst = "m_axi">   --->   Core 119 'm_axi' <Latency = 6> <II = 1> <Delay = 1.00> <Adapter> <Opcode : 'readrequnaligned' 'writerequnaligned' 'read' 'write' 'readreq' 'writereq' 'writeresp'>
ST_44 : Operation 237 [30/71] (3.65ns)   --->   "%gmem_load_1_req = readreq i1 @_ssdm_op_ReadReq.m_axi.i512P1A, i512 %gmem_addr_1, i64 1"   --->   Operation 237 'readreq' 'gmem_load_1_req' <Predicate = true> <Delay = 3.65> <CoreInst = "m_axi">   --->   Core 119 'm_axi' <Latency = 6> <II = 1> <Delay = 1.00> <Adapter> <Opcode : 'readrequnaligned' 'writerequnaligned' 'read' 'write' 'readreq' 'writereq' 'writeresp'>
ST_44 : Operation 238 [31/71] (3.65ns)   --->   "%gmem_load_2_req = readreq i1 @_ssdm_op_ReadReq.m_axi.i512P1A, i512 %gmem_addr_2, i64 1"   --->   Operation 238 'readreq' 'gmem_load_2_req' <Predicate = true> <Delay = 3.65> <CoreInst = "m_axi">   --->   Core 119 'm_axi' <Latency = 6> <II = 1> <Delay = 1.00> <Adapter> <Opcode : 'readrequnaligned' 'writerequnaligned' 'read' 'write' 'readreq' 'writereq' 'writeresp'>

State 45 <SV = 44> <Delay = 0.00>
ST_45 : Operation 239 [28/71] (3.65ns)   --->   "%gmem_load_req = readreq i1 @_ssdm_op_ReadReq.m_axi.i512P1A, i512 %gmem_addr, i64 1"   --->   Operation 239 'readreq' 'gmem_load_req' <Predicate = true> <Delay = 3.65> <CoreInst = "m_axi">   --->   Core 119 'm_axi' <Latency = 6> <II = 1> <Delay = 1.00> <Adapter> <Opcode : 'readrequnaligned' 'writerequnaligned' 'read' 'write' 'readreq' 'writereq' 'writeresp'>
ST_45 : Operation 240 [29/71] (3.65ns)   --->   "%gmem_load_1_req = readreq i1 @_ssdm_op_ReadReq.m_axi.i512P1A, i512 %gmem_addr_1, i64 1"   --->   Operation 240 'readreq' 'gmem_load_1_req' <Predicate = true> <Delay = 3.65> <CoreInst = "m_axi">   --->   Core 119 'm_axi' <Latency = 6> <II = 1> <Delay = 1.00> <Adapter> <Opcode : 'readrequnaligned' 'writerequnaligned' 'read' 'write' 'readreq' 'writereq' 'writeresp'>
ST_45 : Operation 241 [30/71] (3.65ns)   --->   "%gmem_load_2_req = readreq i1 @_ssdm_op_ReadReq.m_axi.i512P1A, i512 %gmem_addr_2, i64 1"   --->   Operation 241 'readreq' 'gmem_load_2_req' <Predicate = true> <Delay = 3.65> <CoreInst = "m_axi">   --->   Core 119 'm_axi' <Latency = 6> <II = 1> <Delay = 1.00> <Adapter> <Opcode : 'readrequnaligned' 'writerequnaligned' 'read' 'write' 'readreq' 'writereq' 'writeresp'>

State 46 <SV = 45> <Delay = 0.00>
ST_46 : Operation 242 [27/71] (3.65ns)   --->   "%gmem_load_req = readreq i1 @_ssdm_op_ReadReq.m_axi.i512P1A, i512 %gmem_addr, i64 1"   --->   Operation 242 'readreq' 'gmem_load_req' <Predicate = true> <Delay = 3.65> <CoreInst = "m_axi">   --->   Core 119 'm_axi' <Latency = 6> <II = 1> <Delay = 1.00> <Adapter> <Opcode : 'readrequnaligned' 'writerequnaligned' 'read' 'write' 'readreq' 'writereq' 'writeresp'>
ST_46 : Operation 243 [28/71] (3.65ns)   --->   "%gmem_load_1_req = readreq i1 @_ssdm_op_ReadReq.m_axi.i512P1A, i512 %gmem_addr_1, i64 1"   --->   Operation 243 'readreq' 'gmem_load_1_req' <Predicate = true> <Delay = 3.65> <CoreInst = "m_axi">   --->   Core 119 'm_axi' <Latency = 6> <II = 1> <Delay = 1.00> <Adapter> <Opcode : 'readrequnaligned' 'writerequnaligned' 'read' 'write' 'readreq' 'writereq' 'writeresp'>
ST_46 : Operation 244 [29/71] (3.65ns)   --->   "%gmem_load_2_req = readreq i1 @_ssdm_op_ReadReq.m_axi.i512P1A, i512 %gmem_addr_2, i64 1"   --->   Operation 244 'readreq' 'gmem_load_2_req' <Predicate = true> <Delay = 3.65> <CoreInst = "m_axi">   --->   Core 119 'm_axi' <Latency = 6> <II = 1> <Delay = 1.00> <Adapter> <Opcode : 'readrequnaligned' 'writerequnaligned' 'read' 'write' 'readreq' 'writereq' 'writeresp'>

State 47 <SV = 46> <Delay = 0.00>
ST_47 : Operation 245 [26/71] (3.65ns)   --->   "%gmem_load_req = readreq i1 @_ssdm_op_ReadReq.m_axi.i512P1A, i512 %gmem_addr, i64 1"   --->   Operation 245 'readreq' 'gmem_load_req' <Predicate = true> <Delay = 3.65> <CoreInst = "m_axi">   --->   Core 119 'm_axi' <Latency = 6> <II = 1> <Delay = 1.00> <Adapter> <Opcode : 'readrequnaligned' 'writerequnaligned' 'read' 'write' 'readreq' 'writereq' 'writeresp'>
ST_47 : Operation 246 [27/71] (3.65ns)   --->   "%gmem_load_1_req = readreq i1 @_ssdm_op_ReadReq.m_axi.i512P1A, i512 %gmem_addr_1, i64 1"   --->   Operation 246 'readreq' 'gmem_load_1_req' <Predicate = true> <Delay = 3.65> <CoreInst = "m_axi">   --->   Core 119 'm_axi' <Latency = 6> <II = 1> <Delay = 1.00> <Adapter> <Opcode : 'readrequnaligned' 'writerequnaligned' 'read' 'write' 'readreq' 'writereq' 'writeresp'>
ST_47 : Operation 247 [28/71] (3.65ns)   --->   "%gmem_load_2_req = readreq i1 @_ssdm_op_ReadReq.m_axi.i512P1A, i512 %gmem_addr_2, i64 1"   --->   Operation 247 'readreq' 'gmem_load_2_req' <Predicate = true> <Delay = 3.65> <CoreInst = "m_axi">   --->   Core 119 'm_axi' <Latency = 6> <II = 1> <Delay = 1.00> <Adapter> <Opcode : 'readrequnaligned' 'writerequnaligned' 'read' 'write' 'readreq' 'writereq' 'writeresp'>

State 48 <SV = 47> <Delay = 0.00>
ST_48 : Operation 248 [25/71] (3.65ns)   --->   "%gmem_load_req = readreq i1 @_ssdm_op_ReadReq.m_axi.i512P1A, i512 %gmem_addr, i64 1"   --->   Operation 248 'readreq' 'gmem_load_req' <Predicate = true> <Delay = 3.65> <CoreInst = "m_axi">   --->   Core 119 'm_axi' <Latency = 6> <II = 1> <Delay = 1.00> <Adapter> <Opcode : 'readrequnaligned' 'writerequnaligned' 'read' 'write' 'readreq' 'writereq' 'writeresp'>
ST_48 : Operation 249 [26/71] (3.65ns)   --->   "%gmem_load_1_req = readreq i1 @_ssdm_op_ReadReq.m_axi.i512P1A, i512 %gmem_addr_1, i64 1"   --->   Operation 249 'readreq' 'gmem_load_1_req' <Predicate = true> <Delay = 3.65> <CoreInst = "m_axi">   --->   Core 119 'm_axi' <Latency = 6> <II = 1> <Delay = 1.00> <Adapter> <Opcode : 'readrequnaligned' 'writerequnaligned' 'read' 'write' 'readreq' 'writereq' 'writeresp'>
ST_48 : Operation 250 [27/71] (3.65ns)   --->   "%gmem_load_2_req = readreq i1 @_ssdm_op_ReadReq.m_axi.i512P1A, i512 %gmem_addr_2, i64 1"   --->   Operation 250 'readreq' 'gmem_load_2_req' <Predicate = true> <Delay = 3.65> <CoreInst = "m_axi">   --->   Core 119 'm_axi' <Latency = 6> <II = 1> <Delay = 1.00> <Adapter> <Opcode : 'readrequnaligned' 'writerequnaligned' 'read' 'write' 'readreq' 'writereq' 'writeresp'>

State 49 <SV = 48> <Delay = 0.00>
ST_49 : Operation 251 [24/71] (3.65ns)   --->   "%gmem_load_req = readreq i1 @_ssdm_op_ReadReq.m_axi.i512P1A, i512 %gmem_addr, i64 1"   --->   Operation 251 'readreq' 'gmem_load_req' <Predicate = true> <Delay = 3.65> <CoreInst = "m_axi">   --->   Core 119 'm_axi' <Latency = 6> <II = 1> <Delay = 1.00> <Adapter> <Opcode : 'readrequnaligned' 'writerequnaligned' 'read' 'write' 'readreq' 'writereq' 'writeresp'>
ST_49 : Operation 252 [25/71] (3.65ns)   --->   "%gmem_load_1_req = readreq i1 @_ssdm_op_ReadReq.m_axi.i512P1A, i512 %gmem_addr_1, i64 1"   --->   Operation 252 'readreq' 'gmem_load_1_req' <Predicate = true> <Delay = 3.65> <CoreInst = "m_axi">   --->   Core 119 'm_axi' <Latency = 6> <II = 1> <Delay = 1.00> <Adapter> <Opcode : 'readrequnaligned' 'writerequnaligned' 'read' 'write' 'readreq' 'writereq' 'writeresp'>
ST_49 : Operation 253 [26/71] (3.65ns)   --->   "%gmem_load_2_req = readreq i1 @_ssdm_op_ReadReq.m_axi.i512P1A, i512 %gmem_addr_2, i64 1"   --->   Operation 253 'readreq' 'gmem_load_2_req' <Predicate = true> <Delay = 3.65> <CoreInst = "m_axi">   --->   Core 119 'm_axi' <Latency = 6> <II = 1> <Delay = 1.00> <Adapter> <Opcode : 'readrequnaligned' 'writerequnaligned' 'read' 'write' 'readreq' 'writereq' 'writeresp'>

State 50 <SV = 49> <Delay = 0.00>
ST_50 : Operation 254 [23/71] (3.65ns)   --->   "%gmem_load_req = readreq i1 @_ssdm_op_ReadReq.m_axi.i512P1A, i512 %gmem_addr, i64 1"   --->   Operation 254 'readreq' 'gmem_load_req' <Predicate = true> <Delay = 3.65> <CoreInst = "m_axi">   --->   Core 119 'm_axi' <Latency = 6> <II = 1> <Delay = 1.00> <Adapter> <Opcode : 'readrequnaligned' 'writerequnaligned' 'read' 'write' 'readreq' 'writereq' 'writeresp'>
ST_50 : Operation 255 [24/71] (3.65ns)   --->   "%gmem_load_1_req = readreq i1 @_ssdm_op_ReadReq.m_axi.i512P1A, i512 %gmem_addr_1, i64 1"   --->   Operation 255 'readreq' 'gmem_load_1_req' <Predicate = true> <Delay = 3.65> <CoreInst = "m_axi">   --->   Core 119 'm_axi' <Latency = 6> <II = 1> <Delay = 1.00> <Adapter> <Opcode : 'readrequnaligned' 'writerequnaligned' 'read' 'write' 'readreq' 'writereq' 'writeresp'>
ST_50 : Operation 256 [25/71] (3.65ns)   --->   "%gmem_load_2_req = readreq i1 @_ssdm_op_ReadReq.m_axi.i512P1A, i512 %gmem_addr_2, i64 1"   --->   Operation 256 'readreq' 'gmem_load_2_req' <Predicate = true> <Delay = 3.65> <CoreInst = "m_axi">   --->   Core 119 'm_axi' <Latency = 6> <II = 1> <Delay = 1.00> <Adapter> <Opcode : 'readrequnaligned' 'writerequnaligned' 'read' 'write' 'readreq' 'writereq' 'writeresp'>

State 51 <SV = 50> <Delay = 0.00>
ST_51 : Operation 257 [22/71] (3.65ns)   --->   "%gmem_load_req = readreq i1 @_ssdm_op_ReadReq.m_axi.i512P1A, i512 %gmem_addr, i64 1"   --->   Operation 257 'readreq' 'gmem_load_req' <Predicate = true> <Delay = 3.65> <CoreInst = "m_axi">   --->   Core 119 'm_axi' <Latency = 6> <II = 1> <Delay = 1.00> <Adapter> <Opcode : 'readrequnaligned' 'writerequnaligned' 'read' 'write' 'readreq' 'writereq' 'writeresp'>
ST_51 : Operation 258 [23/71] (3.65ns)   --->   "%gmem_load_1_req = readreq i1 @_ssdm_op_ReadReq.m_axi.i512P1A, i512 %gmem_addr_1, i64 1"   --->   Operation 258 'readreq' 'gmem_load_1_req' <Predicate = true> <Delay = 3.65> <CoreInst = "m_axi">   --->   Core 119 'm_axi' <Latency = 6> <II = 1> <Delay = 1.00> <Adapter> <Opcode : 'readrequnaligned' 'writerequnaligned' 'read' 'write' 'readreq' 'writereq' 'writeresp'>
ST_51 : Operation 259 [24/71] (3.65ns)   --->   "%gmem_load_2_req = readreq i1 @_ssdm_op_ReadReq.m_axi.i512P1A, i512 %gmem_addr_2, i64 1"   --->   Operation 259 'readreq' 'gmem_load_2_req' <Predicate = true> <Delay = 3.65> <CoreInst = "m_axi">   --->   Core 119 'm_axi' <Latency = 6> <II = 1> <Delay = 1.00> <Adapter> <Opcode : 'readrequnaligned' 'writerequnaligned' 'read' 'write' 'readreq' 'writereq' 'writeresp'>

State 52 <SV = 51> <Delay = 0.00>
ST_52 : Operation 260 [21/71] (3.65ns)   --->   "%gmem_load_req = readreq i1 @_ssdm_op_ReadReq.m_axi.i512P1A, i512 %gmem_addr, i64 1"   --->   Operation 260 'readreq' 'gmem_load_req' <Predicate = true> <Delay = 3.65> <CoreInst = "m_axi">   --->   Core 119 'm_axi' <Latency = 6> <II = 1> <Delay = 1.00> <Adapter> <Opcode : 'readrequnaligned' 'writerequnaligned' 'read' 'write' 'readreq' 'writereq' 'writeresp'>
ST_52 : Operation 261 [22/71] (3.65ns)   --->   "%gmem_load_1_req = readreq i1 @_ssdm_op_ReadReq.m_axi.i512P1A, i512 %gmem_addr_1, i64 1"   --->   Operation 261 'readreq' 'gmem_load_1_req' <Predicate = true> <Delay = 3.65> <CoreInst = "m_axi">   --->   Core 119 'm_axi' <Latency = 6> <II = 1> <Delay = 1.00> <Adapter> <Opcode : 'readrequnaligned' 'writerequnaligned' 'read' 'write' 'readreq' 'writereq' 'writeresp'>
ST_52 : Operation 262 [23/71] (3.65ns)   --->   "%gmem_load_2_req = readreq i1 @_ssdm_op_ReadReq.m_axi.i512P1A, i512 %gmem_addr_2, i64 1"   --->   Operation 262 'readreq' 'gmem_load_2_req' <Predicate = true> <Delay = 3.65> <CoreInst = "m_axi">   --->   Core 119 'm_axi' <Latency = 6> <II = 1> <Delay = 1.00> <Adapter> <Opcode : 'readrequnaligned' 'writerequnaligned' 'read' 'write' 'readreq' 'writereq' 'writeresp'>

State 53 <SV = 52> <Delay = 0.00>
ST_53 : Operation 263 [20/71] (3.65ns)   --->   "%gmem_load_req = readreq i1 @_ssdm_op_ReadReq.m_axi.i512P1A, i512 %gmem_addr, i64 1"   --->   Operation 263 'readreq' 'gmem_load_req' <Predicate = true> <Delay = 3.65> <CoreInst = "m_axi">   --->   Core 119 'm_axi' <Latency = 6> <II = 1> <Delay = 1.00> <Adapter> <Opcode : 'readrequnaligned' 'writerequnaligned' 'read' 'write' 'readreq' 'writereq' 'writeresp'>
ST_53 : Operation 264 [21/71] (3.65ns)   --->   "%gmem_load_1_req = readreq i1 @_ssdm_op_ReadReq.m_axi.i512P1A, i512 %gmem_addr_1, i64 1"   --->   Operation 264 'readreq' 'gmem_load_1_req' <Predicate = true> <Delay = 3.65> <CoreInst = "m_axi">   --->   Core 119 'm_axi' <Latency = 6> <II = 1> <Delay = 1.00> <Adapter> <Opcode : 'readrequnaligned' 'writerequnaligned' 'read' 'write' 'readreq' 'writereq' 'writeresp'>
ST_53 : Operation 265 [22/71] (3.65ns)   --->   "%gmem_load_2_req = readreq i1 @_ssdm_op_ReadReq.m_axi.i512P1A, i512 %gmem_addr_2, i64 1"   --->   Operation 265 'readreq' 'gmem_load_2_req' <Predicate = true> <Delay = 3.65> <CoreInst = "m_axi">   --->   Core 119 'm_axi' <Latency = 6> <II = 1> <Delay = 1.00> <Adapter> <Opcode : 'readrequnaligned' 'writerequnaligned' 'read' 'write' 'readreq' 'writereq' 'writeresp'>

State 54 <SV = 53> <Delay = 0.00>
ST_54 : Operation 266 [19/71] (3.65ns)   --->   "%gmem_load_req = readreq i1 @_ssdm_op_ReadReq.m_axi.i512P1A, i512 %gmem_addr, i64 1"   --->   Operation 266 'readreq' 'gmem_load_req' <Predicate = true> <Delay = 3.65> <CoreInst = "m_axi">   --->   Core 119 'm_axi' <Latency = 6> <II = 1> <Delay = 1.00> <Adapter> <Opcode : 'readrequnaligned' 'writerequnaligned' 'read' 'write' 'readreq' 'writereq' 'writeresp'>
ST_54 : Operation 267 [20/71] (3.65ns)   --->   "%gmem_load_1_req = readreq i1 @_ssdm_op_ReadReq.m_axi.i512P1A, i512 %gmem_addr_1, i64 1"   --->   Operation 267 'readreq' 'gmem_load_1_req' <Predicate = true> <Delay = 3.65> <CoreInst = "m_axi">   --->   Core 119 'm_axi' <Latency = 6> <II = 1> <Delay = 1.00> <Adapter> <Opcode : 'readrequnaligned' 'writerequnaligned' 'read' 'write' 'readreq' 'writereq' 'writeresp'>
ST_54 : Operation 268 [21/71] (3.65ns)   --->   "%gmem_load_2_req = readreq i1 @_ssdm_op_ReadReq.m_axi.i512P1A, i512 %gmem_addr_2, i64 1"   --->   Operation 268 'readreq' 'gmem_load_2_req' <Predicate = true> <Delay = 3.65> <CoreInst = "m_axi">   --->   Core 119 'm_axi' <Latency = 6> <II = 1> <Delay = 1.00> <Adapter> <Opcode : 'readrequnaligned' 'writerequnaligned' 'read' 'write' 'readreq' 'writereq' 'writeresp'>

State 55 <SV = 54> <Delay = 0.00>
ST_55 : Operation 269 [18/71] (3.65ns)   --->   "%gmem_load_req = readreq i1 @_ssdm_op_ReadReq.m_axi.i512P1A, i512 %gmem_addr, i64 1"   --->   Operation 269 'readreq' 'gmem_load_req' <Predicate = true> <Delay = 3.65> <CoreInst = "m_axi">   --->   Core 119 'm_axi' <Latency = 6> <II = 1> <Delay = 1.00> <Adapter> <Opcode : 'readrequnaligned' 'writerequnaligned' 'read' 'write' 'readreq' 'writereq' 'writeresp'>
ST_55 : Operation 270 [19/71] (3.65ns)   --->   "%gmem_load_1_req = readreq i1 @_ssdm_op_ReadReq.m_axi.i512P1A, i512 %gmem_addr_1, i64 1"   --->   Operation 270 'readreq' 'gmem_load_1_req' <Predicate = true> <Delay = 3.65> <CoreInst = "m_axi">   --->   Core 119 'm_axi' <Latency = 6> <II = 1> <Delay = 1.00> <Adapter> <Opcode : 'readrequnaligned' 'writerequnaligned' 'read' 'write' 'readreq' 'writereq' 'writeresp'>
ST_55 : Operation 271 [20/71] (3.65ns)   --->   "%gmem_load_2_req = readreq i1 @_ssdm_op_ReadReq.m_axi.i512P1A, i512 %gmem_addr_2, i64 1"   --->   Operation 271 'readreq' 'gmem_load_2_req' <Predicate = true> <Delay = 3.65> <CoreInst = "m_axi">   --->   Core 119 'm_axi' <Latency = 6> <II = 1> <Delay = 1.00> <Adapter> <Opcode : 'readrequnaligned' 'writerequnaligned' 'read' 'write' 'readreq' 'writereq' 'writeresp'>

State 56 <SV = 55> <Delay = 0.00>
ST_56 : Operation 272 [17/71] (3.65ns)   --->   "%gmem_load_req = readreq i1 @_ssdm_op_ReadReq.m_axi.i512P1A, i512 %gmem_addr, i64 1"   --->   Operation 272 'readreq' 'gmem_load_req' <Predicate = true> <Delay = 3.65> <CoreInst = "m_axi">   --->   Core 119 'm_axi' <Latency = 6> <II = 1> <Delay = 1.00> <Adapter> <Opcode : 'readrequnaligned' 'writerequnaligned' 'read' 'write' 'readreq' 'writereq' 'writeresp'>
ST_56 : Operation 273 [18/71] (3.65ns)   --->   "%gmem_load_1_req = readreq i1 @_ssdm_op_ReadReq.m_axi.i512P1A, i512 %gmem_addr_1, i64 1"   --->   Operation 273 'readreq' 'gmem_load_1_req' <Predicate = true> <Delay = 3.65> <CoreInst = "m_axi">   --->   Core 119 'm_axi' <Latency = 6> <II = 1> <Delay = 1.00> <Adapter> <Opcode : 'readrequnaligned' 'writerequnaligned' 'read' 'write' 'readreq' 'writereq' 'writeresp'>
ST_56 : Operation 274 [19/71] (3.65ns)   --->   "%gmem_load_2_req = readreq i1 @_ssdm_op_ReadReq.m_axi.i512P1A, i512 %gmem_addr_2, i64 1"   --->   Operation 274 'readreq' 'gmem_load_2_req' <Predicate = true> <Delay = 3.65> <CoreInst = "m_axi">   --->   Core 119 'm_axi' <Latency = 6> <II = 1> <Delay = 1.00> <Adapter> <Opcode : 'readrequnaligned' 'writerequnaligned' 'read' 'write' 'readreq' 'writereq' 'writeresp'>

State 57 <SV = 56> <Delay = 0.00>
ST_57 : Operation 275 [16/71] (3.65ns)   --->   "%gmem_load_req = readreq i1 @_ssdm_op_ReadReq.m_axi.i512P1A, i512 %gmem_addr, i64 1"   --->   Operation 275 'readreq' 'gmem_load_req' <Predicate = true> <Delay = 3.65> <CoreInst = "m_axi">   --->   Core 119 'm_axi' <Latency = 6> <II = 1> <Delay = 1.00> <Adapter> <Opcode : 'readrequnaligned' 'writerequnaligned' 'read' 'write' 'readreq' 'writereq' 'writeresp'>
ST_57 : Operation 276 [17/71] (3.65ns)   --->   "%gmem_load_1_req = readreq i1 @_ssdm_op_ReadReq.m_axi.i512P1A, i512 %gmem_addr_1, i64 1"   --->   Operation 276 'readreq' 'gmem_load_1_req' <Predicate = true> <Delay = 3.65> <CoreInst = "m_axi">   --->   Core 119 'm_axi' <Latency = 6> <II = 1> <Delay = 1.00> <Adapter> <Opcode : 'readrequnaligned' 'writerequnaligned' 'read' 'write' 'readreq' 'writereq' 'writeresp'>
ST_57 : Operation 277 [18/71] (3.65ns)   --->   "%gmem_load_2_req = readreq i1 @_ssdm_op_ReadReq.m_axi.i512P1A, i512 %gmem_addr_2, i64 1"   --->   Operation 277 'readreq' 'gmem_load_2_req' <Predicate = true> <Delay = 3.65> <CoreInst = "m_axi">   --->   Core 119 'm_axi' <Latency = 6> <II = 1> <Delay = 1.00> <Adapter> <Opcode : 'readrequnaligned' 'writerequnaligned' 'read' 'write' 'readreq' 'writereq' 'writeresp'>

State 58 <SV = 57> <Delay = 0.00>
ST_58 : Operation 278 [15/71] (3.65ns)   --->   "%gmem_load_req = readreq i1 @_ssdm_op_ReadReq.m_axi.i512P1A, i512 %gmem_addr, i64 1"   --->   Operation 278 'readreq' 'gmem_load_req' <Predicate = true> <Delay = 3.65> <CoreInst = "m_axi">   --->   Core 119 'm_axi' <Latency = 6> <II = 1> <Delay = 1.00> <Adapter> <Opcode : 'readrequnaligned' 'writerequnaligned' 'read' 'write' 'readreq' 'writereq' 'writeresp'>
ST_58 : Operation 279 [16/71] (3.65ns)   --->   "%gmem_load_1_req = readreq i1 @_ssdm_op_ReadReq.m_axi.i512P1A, i512 %gmem_addr_1, i64 1"   --->   Operation 279 'readreq' 'gmem_load_1_req' <Predicate = true> <Delay = 3.65> <CoreInst = "m_axi">   --->   Core 119 'm_axi' <Latency = 6> <II = 1> <Delay = 1.00> <Adapter> <Opcode : 'readrequnaligned' 'writerequnaligned' 'read' 'write' 'readreq' 'writereq' 'writeresp'>
ST_58 : Operation 280 [17/71] (3.65ns)   --->   "%gmem_load_2_req = readreq i1 @_ssdm_op_ReadReq.m_axi.i512P1A, i512 %gmem_addr_2, i64 1"   --->   Operation 280 'readreq' 'gmem_load_2_req' <Predicate = true> <Delay = 3.65> <CoreInst = "m_axi">   --->   Core 119 'm_axi' <Latency = 6> <II = 1> <Delay = 1.00> <Adapter> <Opcode : 'readrequnaligned' 'writerequnaligned' 'read' 'write' 'readreq' 'writereq' 'writeresp'>

State 59 <SV = 58> <Delay = 0.00>
ST_59 : Operation 281 [14/71] (3.65ns)   --->   "%gmem_load_req = readreq i1 @_ssdm_op_ReadReq.m_axi.i512P1A, i512 %gmem_addr, i64 1"   --->   Operation 281 'readreq' 'gmem_load_req' <Predicate = true> <Delay = 3.65> <CoreInst = "m_axi">   --->   Core 119 'm_axi' <Latency = 6> <II = 1> <Delay = 1.00> <Adapter> <Opcode : 'readrequnaligned' 'writerequnaligned' 'read' 'write' 'readreq' 'writereq' 'writeresp'>
ST_59 : Operation 282 [15/71] (3.65ns)   --->   "%gmem_load_1_req = readreq i1 @_ssdm_op_ReadReq.m_axi.i512P1A, i512 %gmem_addr_1, i64 1"   --->   Operation 282 'readreq' 'gmem_load_1_req' <Predicate = true> <Delay = 3.65> <CoreInst = "m_axi">   --->   Core 119 'm_axi' <Latency = 6> <II = 1> <Delay = 1.00> <Adapter> <Opcode : 'readrequnaligned' 'writerequnaligned' 'read' 'write' 'readreq' 'writereq' 'writeresp'>
ST_59 : Operation 283 [16/71] (3.65ns)   --->   "%gmem_load_2_req = readreq i1 @_ssdm_op_ReadReq.m_axi.i512P1A, i512 %gmem_addr_2, i64 1"   --->   Operation 283 'readreq' 'gmem_load_2_req' <Predicate = true> <Delay = 3.65> <CoreInst = "m_axi">   --->   Core 119 'm_axi' <Latency = 6> <II = 1> <Delay = 1.00> <Adapter> <Opcode : 'readrequnaligned' 'writerequnaligned' 'read' 'write' 'readreq' 'writereq' 'writeresp'>

State 60 <SV = 59> <Delay = 0.00>
ST_60 : Operation 284 [13/71] (3.65ns)   --->   "%gmem_load_req = readreq i1 @_ssdm_op_ReadReq.m_axi.i512P1A, i512 %gmem_addr, i64 1"   --->   Operation 284 'readreq' 'gmem_load_req' <Predicate = true> <Delay = 3.65> <CoreInst = "m_axi">   --->   Core 119 'm_axi' <Latency = 6> <II = 1> <Delay = 1.00> <Adapter> <Opcode : 'readrequnaligned' 'writerequnaligned' 'read' 'write' 'readreq' 'writereq' 'writeresp'>
ST_60 : Operation 285 [14/71] (3.65ns)   --->   "%gmem_load_1_req = readreq i1 @_ssdm_op_ReadReq.m_axi.i512P1A, i512 %gmem_addr_1, i64 1"   --->   Operation 285 'readreq' 'gmem_load_1_req' <Predicate = true> <Delay = 3.65> <CoreInst = "m_axi">   --->   Core 119 'm_axi' <Latency = 6> <II = 1> <Delay = 1.00> <Adapter> <Opcode : 'readrequnaligned' 'writerequnaligned' 'read' 'write' 'readreq' 'writereq' 'writeresp'>
ST_60 : Operation 286 [15/71] (3.65ns)   --->   "%gmem_load_2_req = readreq i1 @_ssdm_op_ReadReq.m_axi.i512P1A, i512 %gmem_addr_2, i64 1"   --->   Operation 286 'readreq' 'gmem_load_2_req' <Predicate = true> <Delay = 3.65> <CoreInst = "m_axi">   --->   Core 119 'm_axi' <Latency = 6> <II = 1> <Delay = 1.00> <Adapter> <Opcode : 'readrequnaligned' 'writerequnaligned' 'read' 'write' 'readreq' 'writereq' 'writeresp'>

State 61 <SV = 60> <Delay = 0.00>
ST_61 : Operation 287 [12/71] (3.65ns)   --->   "%gmem_load_req = readreq i1 @_ssdm_op_ReadReq.m_axi.i512P1A, i512 %gmem_addr, i64 1"   --->   Operation 287 'readreq' 'gmem_load_req' <Predicate = true> <Delay = 3.65> <CoreInst = "m_axi">   --->   Core 119 'm_axi' <Latency = 6> <II = 1> <Delay = 1.00> <Adapter> <Opcode : 'readrequnaligned' 'writerequnaligned' 'read' 'write' 'readreq' 'writereq' 'writeresp'>
ST_61 : Operation 288 [13/71] (3.65ns)   --->   "%gmem_load_1_req = readreq i1 @_ssdm_op_ReadReq.m_axi.i512P1A, i512 %gmem_addr_1, i64 1"   --->   Operation 288 'readreq' 'gmem_load_1_req' <Predicate = true> <Delay = 3.65> <CoreInst = "m_axi">   --->   Core 119 'm_axi' <Latency = 6> <II = 1> <Delay = 1.00> <Adapter> <Opcode : 'readrequnaligned' 'writerequnaligned' 'read' 'write' 'readreq' 'writereq' 'writeresp'>
ST_61 : Operation 289 [14/71] (3.65ns)   --->   "%gmem_load_2_req = readreq i1 @_ssdm_op_ReadReq.m_axi.i512P1A, i512 %gmem_addr_2, i64 1"   --->   Operation 289 'readreq' 'gmem_load_2_req' <Predicate = true> <Delay = 3.65> <CoreInst = "m_axi">   --->   Core 119 'm_axi' <Latency = 6> <II = 1> <Delay = 1.00> <Adapter> <Opcode : 'readrequnaligned' 'writerequnaligned' 'read' 'write' 'readreq' 'writereq' 'writeresp'>

State 62 <SV = 61> <Delay = 0.00>
ST_62 : Operation 290 [11/71] (3.65ns)   --->   "%gmem_load_req = readreq i1 @_ssdm_op_ReadReq.m_axi.i512P1A, i512 %gmem_addr, i64 1"   --->   Operation 290 'readreq' 'gmem_load_req' <Predicate = true> <Delay = 3.65> <CoreInst = "m_axi">   --->   Core 119 'm_axi' <Latency = 6> <II = 1> <Delay = 1.00> <Adapter> <Opcode : 'readrequnaligned' 'writerequnaligned' 'read' 'write' 'readreq' 'writereq' 'writeresp'>
ST_62 : Operation 291 [12/71] (3.65ns)   --->   "%gmem_load_1_req = readreq i1 @_ssdm_op_ReadReq.m_axi.i512P1A, i512 %gmem_addr_1, i64 1"   --->   Operation 291 'readreq' 'gmem_load_1_req' <Predicate = true> <Delay = 3.65> <CoreInst = "m_axi">   --->   Core 119 'm_axi' <Latency = 6> <II = 1> <Delay = 1.00> <Adapter> <Opcode : 'readrequnaligned' 'writerequnaligned' 'read' 'write' 'readreq' 'writereq' 'writeresp'>
ST_62 : Operation 292 [13/71] (3.65ns)   --->   "%gmem_load_2_req = readreq i1 @_ssdm_op_ReadReq.m_axi.i512P1A, i512 %gmem_addr_2, i64 1"   --->   Operation 292 'readreq' 'gmem_load_2_req' <Predicate = true> <Delay = 3.65> <CoreInst = "m_axi">   --->   Core 119 'm_axi' <Latency = 6> <II = 1> <Delay = 1.00> <Adapter> <Opcode : 'readrequnaligned' 'writerequnaligned' 'read' 'write' 'readreq' 'writereq' 'writeresp'>

State 63 <SV = 62> <Delay = 0.00>
ST_63 : Operation 293 [10/71] (3.65ns)   --->   "%gmem_load_req = readreq i1 @_ssdm_op_ReadReq.m_axi.i512P1A, i512 %gmem_addr, i64 1"   --->   Operation 293 'readreq' 'gmem_load_req' <Predicate = true> <Delay = 3.65> <CoreInst = "m_axi">   --->   Core 119 'm_axi' <Latency = 6> <II = 1> <Delay = 1.00> <Adapter> <Opcode : 'readrequnaligned' 'writerequnaligned' 'read' 'write' 'readreq' 'writereq' 'writeresp'>
ST_63 : Operation 294 [11/71] (3.65ns)   --->   "%gmem_load_1_req = readreq i1 @_ssdm_op_ReadReq.m_axi.i512P1A, i512 %gmem_addr_1, i64 1"   --->   Operation 294 'readreq' 'gmem_load_1_req' <Predicate = true> <Delay = 3.65> <CoreInst = "m_axi">   --->   Core 119 'm_axi' <Latency = 6> <II = 1> <Delay = 1.00> <Adapter> <Opcode : 'readrequnaligned' 'writerequnaligned' 'read' 'write' 'readreq' 'writereq' 'writeresp'>
ST_63 : Operation 295 [12/71] (3.65ns)   --->   "%gmem_load_2_req = readreq i1 @_ssdm_op_ReadReq.m_axi.i512P1A, i512 %gmem_addr_2, i64 1"   --->   Operation 295 'readreq' 'gmem_load_2_req' <Predicate = true> <Delay = 3.65> <CoreInst = "m_axi">   --->   Core 119 'm_axi' <Latency = 6> <II = 1> <Delay = 1.00> <Adapter> <Opcode : 'readrequnaligned' 'writerequnaligned' 'read' 'write' 'readreq' 'writereq' 'writeresp'>

State 64 <SV = 63> <Delay = 0.00>
ST_64 : Operation 296 [9/71] (3.65ns)   --->   "%gmem_load_req = readreq i1 @_ssdm_op_ReadReq.m_axi.i512P1A, i512 %gmem_addr, i64 1"   --->   Operation 296 'readreq' 'gmem_load_req' <Predicate = true> <Delay = 3.65> <CoreInst = "m_axi">   --->   Core 119 'm_axi' <Latency = 6> <II = 1> <Delay = 1.00> <Adapter> <Opcode : 'readrequnaligned' 'writerequnaligned' 'read' 'write' 'readreq' 'writereq' 'writeresp'>
ST_64 : Operation 297 [10/71] (3.65ns)   --->   "%gmem_load_1_req = readreq i1 @_ssdm_op_ReadReq.m_axi.i512P1A, i512 %gmem_addr_1, i64 1"   --->   Operation 297 'readreq' 'gmem_load_1_req' <Predicate = true> <Delay = 3.65> <CoreInst = "m_axi">   --->   Core 119 'm_axi' <Latency = 6> <II = 1> <Delay = 1.00> <Adapter> <Opcode : 'readrequnaligned' 'writerequnaligned' 'read' 'write' 'readreq' 'writereq' 'writeresp'>
ST_64 : Operation 298 [11/71] (3.65ns)   --->   "%gmem_load_2_req = readreq i1 @_ssdm_op_ReadReq.m_axi.i512P1A, i512 %gmem_addr_2, i64 1"   --->   Operation 298 'readreq' 'gmem_load_2_req' <Predicate = true> <Delay = 3.65> <CoreInst = "m_axi">   --->   Core 119 'm_axi' <Latency = 6> <II = 1> <Delay = 1.00> <Adapter> <Opcode : 'readrequnaligned' 'writerequnaligned' 'read' 'write' 'readreq' 'writereq' 'writeresp'>

State 65 <SV = 64> <Delay = 0.00>
ST_65 : Operation 299 [8/71] (3.65ns)   --->   "%gmem_load_req = readreq i1 @_ssdm_op_ReadReq.m_axi.i512P1A, i512 %gmem_addr, i64 1"   --->   Operation 299 'readreq' 'gmem_load_req' <Predicate = true> <Delay = 3.65> <CoreInst = "m_axi">   --->   Core 119 'm_axi' <Latency = 6> <II = 1> <Delay = 1.00> <Adapter> <Opcode : 'readrequnaligned' 'writerequnaligned' 'read' 'write' 'readreq' 'writereq' 'writeresp'>
ST_65 : Operation 300 [9/71] (3.65ns)   --->   "%gmem_load_1_req = readreq i1 @_ssdm_op_ReadReq.m_axi.i512P1A, i512 %gmem_addr_1, i64 1"   --->   Operation 300 'readreq' 'gmem_load_1_req' <Predicate = true> <Delay = 3.65> <CoreInst = "m_axi">   --->   Core 119 'm_axi' <Latency = 6> <II = 1> <Delay = 1.00> <Adapter> <Opcode : 'readrequnaligned' 'writerequnaligned' 'read' 'write' 'readreq' 'writereq' 'writeresp'>
ST_65 : Operation 301 [10/71] (3.65ns)   --->   "%gmem_load_2_req = readreq i1 @_ssdm_op_ReadReq.m_axi.i512P1A, i512 %gmem_addr_2, i64 1"   --->   Operation 301 'readreq' 'gmem_load_2_req' <Predicate = true> <Delay = 3.65> <CoreInst = "m_axi">   --->   Core 119 'm_axi' <Latency = 6> <II = 1> <Delay = 1.00> <Adapter> <Opcode : 'readrequnaligned' 'writerequnaligned' 'read' 'write' 'readreq' 'writereq' 'writeresp'>

State 66 <SV = 65> <Delay = 0.00>
ST_66 : Operation 302 [7/71] (3.65ns)   --->   "%gmem_load_req = readreq i1 @_ssdm_op_ReadReq.m_axi.i512P1A, i512 %gmem_addr, i64 1"   --->   Operation 302 'readreq' 'gmem_load_req' <Predicate = true> <Delay = 3.65> <CoreInst = "m_axi">   --->   Core 119 'm_axi' <Latency = 6> <II = 1> <Delay = 1.00> <Adapter> <Opcode : 'readrequnaligned' 'writerequnaligned' 'read' 'write' 'readreq' 'writereq' 'writeresp'>
ST_66 : Operation 303 [8/71] (3.65ns)   --->   "%gmem_load_1_req = readreq i1 @_ssdm_op_ReadReq.m_axi.i512P1A, i512 %gmem_addr_1, i64 1"   --->   Operation 303 'readreq' 'gmem_load_1_req' <Predicate = true> <Delay = 3.65> <CoreInst = "m_axi">   --->   Core 119 'm_axi' <Latency = 6> <II = 1> <Delay = 1.00> <Adapter> <Opcode : 'readrequnaligned' 'writerequnaligned' 'read' 'write' 'readreq' 'writereq' 'writeresp'>
ST_66 : Operation 304 [9/71] (3.65ns)   --->   "%gmem_load_2_req = readreq i1 @_ssdm_op_ReadReq.m_axi.i512P1A, i512 %gmem_addr_2, i64 1"   --->   Operation 304 'readreq' 'gmem_load_2_req' <Predicate = true> <Delay = 3.65> <CoreInst = "m_axi">   --->   Core 119 'm_axi' <Latency = 6> <II = 1> <Delay = 1.00> <Adapter> <Opcode : 'readrequnaligned' 'writerequnaligned' 'read' 'write' 'readreq' 'writereq' 'writeresp'>

State 67 <SV = 66> <Delay = 0.00>
ST_67 : Operation 305 [6/71] (3.65ns)   --->   "%gmem_load_req = readreq i1 @_ssdm_op_ReadReq.m_axi.i512P1A, i512 %gmem_addr, i64 1"   --->   Operation 305 'readreq' 'gmem_load_req' <Predicate = true> <Delay = 3.65> <CoreInst = "m_axi">   --->   Core 119 'm_axi' <Latency = 6> <II = 1> <Delay = 1.00> <Adapter> <Opcode : 'readrequnaligned' 'writerequnaligned' 'read' 'write' 'readreq' 'writereq' 'writeresp'>
ST_67 : Operation 306 [7/71] (3.65ns)   --->   "%gmem_load_1_req = readreq i1 @_ssdm_op_ReadReq.m_axi.i512P1A, i512 %gmem_addr_1, i64 1"   --->   Operation 306 'readreq' 'gmem_load_1_req' <Predicate = true> <Delay = 3.65> <CoreInst = "m_axi">   --->   Core 119 'm_axi' <Latency = 6> <II = 1> <Delay = 1.00> <Adapter> <Opcode : 'readrequnaligned' 'writerequnaligned' 'read' 'write' 'readreq' 'writereq' 'writeresp'>
ST_67 : Operation 307 [8/71] (3.65ns)   --->   "%gmem_load_2_req = readreq i1 @_ssdm_op_ReadReq.m_axi.i512P1A, i512 %gmem_addr_2, i64 1"   --->   Operation 307 'readreq' 'gmem_load_2_req' <Predicate = true> <Delay = 3.65> <CoreInst = "m_axi">   --->   Core 119 'm_axi' <Latency = 6> <II = 1> <Delay = 1.00> <Adapter> <Opcode : 'readrequnaligned' 'writerequnaligned' 'read' 'write' 'readreq' 'writereq' 'writeresp'>

State 68 <SV = 67> <Delay = 0.00>
ST_68 : Operation 308 [5/71] (3.65ns)   --->   "%gmem_load_req = readreq i1 @_ssdm_op_ReadReq.m_axi.i512P1A, i512 %gmem_addr, i64 1"   --->   Operation 308 'readreq' 'gmem_load_req' <Predicate = true> <Delay = 3.65> <CoreInst = "m_axi">   --->   Core 119 'm_axi' <Latency = 6> <II = 1> <Delay = 1.00> <Adapter> <Opcode : 'readrequnaligned' 'writerequnaligned' 'read' 'write' 'readreq' 'writereq' 'writeresp'>
ST_68 : Operation 309 [6/71] (3.65ns)   --->   "%gmem_load_1_req = readreq i1 @_ssdm_op_ReadReq.m_axi.i512P1A, i512 %gmem_addr_1, i64 1"   --->   Operation 309 'readreq' 'gmem_load_1_req' <Predicate = true> <Delay = 3.65> <CoreInst = "m_axi">   --->   Core 119 'm_axi' <Latency = 6> <II = 1> <Delay = 1.00> <Adapter> <Opcode : 'readrequnaligned' 'writerequnaligned' 'read' 'write' 'readreq' 'writereq' 'writeresp'>
ST_68 : Operation 310 [7/71] (3.65ns)   --->   "%gmem_load_2_req = readreq i1 @_ssdm_op_ReadReq.m_axi.i512P1A, i512 %gmem_addr_2, i64 1"   --->   Operation 310 'readreq' 'gmem_load_2_req' <Predicate = true> <Delay = 3.65> <CoreInst = "m_axi">   --->   Core 119 'm_axi' <Latency = 6> <II = 1> <Delay = 1.00> <Adapter> <Opcode : 'readrequnaligned' 'writerequnaligned' 'read' 'write' 'readreq' 'writereq' 'writeresp'>

State 69 <SV = 68> <Delay = 0.00>
ST_69 : Operation 311 [4/71] (3.65ns)   --->   "%gmem_load_req = readreq i1 @_ssdm_op_ReadReq.m_axi.i512P1A, i512 %gmem_addr, i64 1"   --->   Operation 311 'readreq' 'gmem_load_req' <Predicate = true> <Delay = 3.65> <CoreInst = "m_axi">   --->   Core 119 'm_axi' <Latency = 6> <II = 1> <Delay = 1.00> <Adapter> <Opcode : 'readrequnaligned' 'writerequnaligned' 'read' 'write' 'readreq' 'writereq' 'writeresp'>
ST_69 : Operation 312 [5/71] (3.65ns)   --->   "%gmem_load_1_req = readreq i1 @_ssdm_op_ReadReq.m_axi.i512P1A, i512 %gmem_addr_1, i64 1"   --->   Operation 312 'readreq' 'gmem_load_1_req' <Predicate = true> <Delay = 3.65> <CoreInst = "m_axi">   --->   Core 119 'm_axi' <Latency = 6> <II = 1> <Delay = 1.00> <Adapter> <Opcode : 'readrequnaligned' 'writerequnaligned' 'read' 'write' 'readreq' 'writereq' 'writeresp'>
ST_69 : Operation 313 [6/71] (3.65ns)   --->   "%gmem_load_2_req = readreq i1 @_ssdm_op_ReadReq.m_axi.i512P1A, i512 %gmem_addr_2, i64 1"   --->   Operation 313 'readreq' 'gmem_load_2_req' <Predicate = true> <Delay = 3.65> <CoreInst = "m_axi">   --->   Core 119 'm_axi' <Latency = 6> <II = 1> <Delay = 1.00> <Adapter> <Opcode : 'readrequnaligned' 'writerequnaligned' 'read' 'write' 'readreq' 'writereq' 'writeresp'>

State 70 <SV = 69> <Delay = 0.00>
ST_70 : Operation 314 [3/71] (3.65ns)   --->   "%gmem_load_req = readreq i1 @_ssdm_op_ReadReq.m_axi.i512P1A, i512 %gmem_addr, i64 1"   --->   Operation 314 'readreq' 'gmem_load_req' <Predicate = true> <Delay = 3.65> <CoreInst = "m_axi">   --->   Core 119 'm_axi' <Latency = 6> <II = 1> <Delay = 1.00> <Adapter> <Opcode : 'readrequnaligned' 'writerequnaligned' 'read' 'write' 'readreq' 'writereq' 'writeresp'>
ST_70 : Operation 315 [4/71] (3.65ns)   --->   "%gmem_load_1_req = readreq i1 @_ssdm_op_ReadReq.m_axi.i512P1A, i512 %gmem_addr_1, i64 1"   --->   Operation 315 'readreq' 'gmem_load_1_req' <Predicate = true> <Delay = 3.65> <CoreInst = "m_axi">   --->   Core 119 'm_axi' <Latency = 6> <II = 1> <Delay = 1.00> <Adapter> <Opcode : 'readrequnaligned' 'writerequnaligned' 'read' 'write' 'readreq' 'writereq' 'writeresp'>
ST_70 : Operation 316 [5/71] (3.65ns)   --->   "%gmem_load_2_req = readreq i1 @_ssdm_op_ReadReq.m_axi.i512P1A, i512 %gmem_addr_2, i64 1"   --->   Operation 316 'readreq' 'gmem_load_2_req' <Predicate = true> <Delay = 3.65> <CoreInst = "m_axi">   --->   Core 119 'm_axi' <Latency = 6> <II = 1> <Delay = 1.00> <Adapter> <Opcode : 'readrequnaligned' 'writerequnaligned' 'read' 'write' 'readreq' 'writereq' 'writeresp'>

State 71 <SV = 70> <Delay = 0.00>
ST_71 : Operation 317 [2/71] (3.65ns)   --->   "%gmem_load_req = readreq i1 @_ssdm_op_ReadReq.m_axi.i512P1A, i512 %gmem_addr, i64 1"   --->   Operation 317 'readreq' 'gmem_load_req' <Predicate = true> <Delay = 3.65> <CoreInst = "m_axi">   --->   Core 119 'm_axi' <Latency = 6> <II = 1> <Delay = 1.00> <Adapter> <Opcode : 'readrequnaligned' 'writerequnaligned' 'read' 'write' 'readreq' 'writereq' 'writeresp'>
ST_71 : Operation 318 [3/71] (3.65ns)   --->   "%gmem_load_1_req = readreq i1 @_ssdm_op_ReadReq.m_axi.i512P1A, i512 %gmem_addr_1, i64 1"   --->   Operation 318 'readreq' 'gmem_load_1_req' <Predicate = true> <Delay = 3.65> <CoreInst = "m_axi">   --->   Core 119 'm_axi' <Latency = 6> <II = 1> <Delay = 1.00> <Adapter> <Opcode : 'readrequnaligned' 'writerequnaligned' 'read' 'write' 'readreq' 'writereq' 'writeresp'>
ST_71 : Operation 319 [4/71] (3.65ns)   --->   "%gmem_load_2_req = readreq i1 @_ssdm_op_ReadReq.m_axi.i512P1A, i512 %gmem_addr_2, i64 1"   --->   Operation 319 'readreq' 'gmem_load_2_req' <Predicate = true> <Delay = 3.65> <CoreInst = "m_axi">   --->   Core 119 'm_axi' <Latency = 6> <II = 1> <Delay = 1.00> <Adapter> <Opcode : 'readrequnaligned' 'writerequnaligned' 'read' 'write' 'readreq' 'writereq' 'writeresp'>

State 72 <SV = 71> <Delay = 3.65>
ST_72 : Operation 320 [1/71] ( I:3.65ns O:3.65ns )   --->   "%gmem_load_req = readreq i1 @_ssdm_op_ReadReq.m_axi.i512P1A, i512 %gmem_addr, i64 1"   --->   Operation 320 'readreq' 'gmem_load_req' <Predicate = true> <Delay = 3.65> <CoreInst = "m_axi">   --->   Core 119 'm_axi' <Latency = 6> <II = 1> <Delay = 1.00> <Adapter> <Opcode : 'readrequnaligned' 'writerequnaligned' 'read' 'write' 'readreq' 'writereq' 'writeresp'>
ST_72 : Operation 321 [2/71] (3.65ns)   --->   "%gmem_load_1_req = readreq i1 @_ssdm_op_ReadReq.m_axi.i512P1A, i512 %gmem_addr_1, i64 1"   --->   Operation 321 'readreq' 'gmem_load_1_req' <Predicate = true> <Delay = 3.65> <CoreInst = "m_axi">   --->   Core 119 'm_axi' <Latency = 6> <II = 1> <Delay = 1.00> <Adapter> <Opcode : 'readrequnaligned' 'writerequnaligned' 'read' 'write' 'readreq' 'writereq' 'writeresp'>
ST_72 : Operation 322 [3/71] (3.65ns)   --->   "%gmem_load_2_req = readreq i1 @_ssdm_op_ReadReq.m_axi.i512P1A, i512 %gmem_addr_2, i64 1"   --->   Operation 322 'readreq' 'gmem_load_2_req' <Predicate = true> <Delay = 3.65> <CoreInst = "m_axi">   --->   Core 119 'm_axi' <Latency = 6> <II = 1> <Delay = 1.00> <Adapter> <Opcode : 'readrequnaligned' 'writerequnaligned' 'read' 'write' 'readreq' 'writereq' 'writeresp'>

State 73 <SV = 72> <Delay = 3.65>
ST_73 : Operation 323 [1/1] ( I:3.65ns O:3.65ns )   --->   "%gmem_addr_read = read i512 @_ssdm_op_Read.m_axi.i512P1A, i512 %gmem_addr"   --->   Operation 323 'read' 'gmem_addr_read' <Predicate = true> <Delay = 3.65> <CoreInst = "m_axi">   --->   Core 119 'm_axi' <Latency = 3> <II = 1> <Delay = 1.00> <Adapter> <Opcode : 'readrequnaligned' 'writerequnaligned' 'read' 'write' 'readreq' 'writereq' 'writeresp'>
ST_73 : Operation 324 [1/71] ( I:3.65ns O:3.65ns )   --->   "%gmem_load_1_req = readreq i1 @_ssdm_op_ReadReq.m_axi.i512P1A, i512 %gmem_addr_1, i64 1"   --->   Operation 324 'readreq' 'gmem_load_1_req' <Predicate = true> <Delay = 3.65> <CoreInst = "m_axi">   --->   Core 119 'm_axi' <Latency = 6> <II = 1> <Delay = 1.00> <Adapter> <Opcode : 'readrequnaligned' 'writerequnaligned' 'read' 'write' 'readreq' 'writereq' 'writeresp'>
ST_73 : Operation 325 [2/71] (3.65ns)   --->   "%gmem_load_2_req = readreq i1 @_ssdm_op_ReadReq.m_axi.i512P1A, i512 %gmem_addr_2, i64 1"   --->   Operation 325 'readreq' 'gmem_load_2_req' <Predicate = true> <Delay = 3.65> <CoreInst = "m_axi">   --->   Core 119 'm_axi' <Latency = 6> <II = 1> <Delay = 1.00> <Adapter> <Opcode : 'readrequnaligned' 'writerequnaligned' 'read' 'write' 'readreq' 'writereq' 'writeresp'>
ST_73 : Operation 351 [1/1] (0.42ns)   --->   "%ret_ln0 = ret"   --->   Operation 351 'ret' 'ret_ln0' <Predicate = (exitcond201_i)> <Delay = 0.42>

State 74 <SV = 73> <Delay = 3.65>
ST_74 : Operation 326 [1/1] (0.00ns)   --->   "%loop_index_i_cast10 = zext i10 %loop_index_i_load"   --->   Operation 326 'zext' 'loop_index_i_cast10' <Predicate = true> <Delay = 0.00>
ST_74 : Operation 327 [1/1] (0.00ns)   --->   "%tmp_16 = bitconcatenate i9 @_ssdm_op_BitConcatenate.i9.i6.i3, i6 %empty_86, i3 0"   --->   Operation 327 'bitconcatenate' 'tmp_16' <Predicate = true> <Delay = 0.00>
ST_74 : Operation 328 [1/1] (0.00ns)   --->   "%p_cast12 = zext i9 %tmp_16"   --->   Operation 328 'zext' 'p_cast12' <Predicate = true> <Delay = 0.00>
ST_74 : Operation 329 [1/1] (1.88ns)   --->   "%empty_87 = lshr i512 %gmem_addr_read, i512 %p_cast12"   --->   Operation 329 'lshr' 'empty_87' <Predicate = true> <Delay = 1.88> <CoreInst = "Shifter">   --->   Core 75 'Shifter' <Latency = 0> <II = 1> <Delay = 1.88> <FuncUnit> <Opcode : 'shl' 'lshr' 'ashr'> <InPorts = 2> <OutPorts = 1>
ST_74 : Operation 330 [1/1] (0.00ns)   --->   "%empty_88 = trunc i512 %empty_87"   --->   Operation 330 'trunc' 'empty_88' <Predicate = true> <Delay = 0.00>
ST_74 : Operation 331 [1/1] ( I:3.65ns O:3.65ns )   --->   "%gmem_addr_1_read = read i512 @_ssdm_op_Read.m_axi.i512P1A, i512 %gmem_addr_1"   --->   Operation 331 'read' 'gmem_addr_1_read' <Predicate = true> <Delay = 3.65> <CoreInst = "m_axi">   --->   Core 119 'm_axi' <Latency = 3> <II = 1> <Delay = 1.00> <Adapter> <Opcode : 'readrequnaligned' 'writerequnaligned' 'read' 'write' 'readreq' 'writereq' 'writeresp'>
ST_74 : Operation 332 [1/71] ( I:3.65ns O:3.65ns )   --->   "%gmem_load_2_req = readreq i1 @_ssdm_op_ReadReq.m_axi.i512P1A, i512 %gmem_addr_2, i64 1"   --->   Operation 332 'readreq' 'gmem_load_2_req' <Predicate = true> <Delay = 3.65> <CoreInst = "m_axi">   --->   Core 119 'm_axi' <Latency = 6> <II = 1> <Delay = 1.00> <Adapter> <Opcode : 'readrequnaligned' 'writerequnaligned' 'read' 'write' 'readreq' 'writereq' 'writeresp'>
ST_74 : Operation 333 [1/1] (0.00ns)   --->   "%local_blue_addr = getelementptr i8 %local_blue, i64 0, i64 %loop_index_i_cast10"   --->   Operation 333 'getelementptr' 'local_blue_addr' <Predicate = true> <Delay = 0.00>
ST_74 : Operation 334 [1/1] ( I:1.23ns O:1.23ns )   --->   "%store_ln0 = store i8 %empty_88, i9 %local_blue_addr"   --->   Operation 334 'store' 'store_ln0' <Predicate = true> <Delay = 1.23> <CoreInst = "RAM">   --->   Core 82 'RAM' <Latency = 1> <II = 1> <Delay = 1.23> <Storage> <Opcode : 'load' 'store'> <Ports = 2> <Width = 8> <Depth = 512> <RAM>

State 75 <SV = 74> <Delay = 3.65>
ST_75 : Operation 335 [1/1] (0.00ns)   --->   "%tmp_18 = bitconcatenate i9 @_ssdm_op_BitConcatenate.i9.i6.i3, i6 %empty_90, i3 0"   --->   Operation 335 'bitconcatenate' 'tmp_18' <Predicate = true> <Delay = 0.00>
ST_75 : Operation 336 [1/1] (0.00ns)   --->   "%p_cast13 = zext i9 %tmp_18"   --->   Operation 336 'zext' 'p_cast13' <Predicate = true> <Delay = 0.00>
ST_75 : Operation 337 [1/1] (1.88ns)   --->   "%empty_91 = lshr i512 %gmem_addr_1_read, i512 %p_cast13"   --->   Operation 337 'lshr' 'empty_91' <Predicate = true> <Delay = 1.88> <CoreInst = "Shifter">   --->   Core 75 'Shifter' <Latency = 0> <II = 1> <Delay = 1.88> <FuncUnit> <Opcode : 'shl' 'lshr' 'ashr'> <InPorts = 2> <OutPorts = 1>
ST_75 : Operation 338 [1/1] (0.00ns)   --->   "%empty_92 = trunc i512 %empty_91"   --->   Operation 338 'trunc' 'empty_92' <Predicate = true> <Delay = 0.00>
ST_75 : Operation 339 [1/1] ( I:3.65ns O:3.65ns )   --->   "%gmem_addr_2_read = read i512 @_ssdm_op_Read.m_axi.i512P1A, i512 %gmem_addr_2"   --->   Operation 339 'read' 'gmem_addr_2_read' <Predicate = true> <Delay = 3.65> <CoreInst = "m_axi">   --->   Core 119 'm_axi' <Latency = 3> <II = 1> <Delay = 1.00> <Adapter> <Opcode : 'readrequnaligned' 'writerequnaligned' 'read' 'write' 'readreq' 'writereq' 'writeresp'>
ST_75 : Operation 340 [1/1] (0.00ns)   --->   "%local_green_addr = getelementptr i8 %local_green, i64 0, i64 %loop_index_i_cast10"   --->   Operation 340 'getelementptr' 'local_green_addr' <Predicate = true> <Delay = 0.00>
ST_75 : Operation 341 [1/1] ( I:1.23ns O:1.23ns )   --->   "%store_ln0 = store i8 %empty_92, i9 %local_green_addr"   --->   Operation 341 'store' 'store_ln0' <Predicate = true> <Delay = 1.23> <CoreInst = "RAM">   --->   Core 82 'RAM' <Latency = 1> <II = 1> <Delay = 1.23> <Storage> <Opcode : 'load' 'store'> <Ports = 2> <Width = 8> <Depth = 512> <RAM>

State 76 <SV = 75> <Delay = 3.12>
ST_76 : Operation 342 [1/1] (0.00ns)   --->   "%specpipeline_ln0 = specpipeline void @_ssdm_op_SpecPipeline, i32 4294967295, i32 0, i32 0, i32 0, i32 4294967295, void @empty_14"   --->   Operation 342 'specpipeline' 'specpipeline_ln0' <Predicate = true> <Delay = 0.00>
ST_76 : Operation 343 [1/1] (0.00ns)   --->   "%speclooptripcount_ln0 = speclooptripcount void @_ssdm_op_SpecLoopTripCount, i64 512, i64 512, i64 512"   --->   Operation 343 'speclooptripcount' 'speclooptripcount_ln0' <Predicate = true> <Delay = 0.00>
ST_76 : Operation 344 [1/1] (0.00ns)   --->   "%tmp_20 = bitconcatenate i9 @_ssdm_op_BitConcatenate.i9.i6.i3, i6 %empty_94, i3 0"   --->   Operation 344 'bitconcatenate' 'tmp_20' <Predicate = true> <Delay = 0.00>
ST_76 : Operation 345 [1/1] (0.00ns)   --->   "%p_cast14 = zext i9 %tmp_20"   --->   Operation 345 'zext' 'p_cast14' <Predicate = true> <Delay = 0.00>
ST_76 : Operation 346 [1/1] (1.88ns)   --->   "%empty_95 = lshr i512 %gmem_addr_2_read, i512 %p_cast14"   --->   Operation 346 'lshr' 'empty_95' <Predicate = true> <Delay = 1.88> <CoreInst = "Shifter">   --->   Core 75 'Shifter' <Latency = 0> <II = 1> <Delay = 1.88> <FuncUnit> <Opcode : 'shl' 'lshr' 'ashr'> <InPorts = 2> <OutPorts = 1>
ST_76 : Operation 347 [1/1] (0.00ns)   --->   "%empty_96 = trunc i512 %empty_95"   --->   Operation 347 'trunc' 'empty_96' <Predicate = true> <Delay = 0.00>
ST_76 : Operation 348 [1/1] (0.00ns)   --->   "%local_red_addr = getelementptr i8 %local_red, i64 0, i64 %loop_index_i_cast10"   --->   Operation 348 'getelementptr' 'local_red_addr' <Predicate = true> <Delay = 0.00>
ST_76 : Operation 349 [1/1] ( I:1.23ns O:1.23ns )   --->   "%store_ln0 = store i8 %empty_96, i9 %local_red_addr"   --->   Operation 349 'store' 'store_ln0' <Predicate = true> <Delay = 1.23> <CoreInst = "RAM">   --->   Core 82 'RAM' <Latency = 1> <II = 1> <Delay = 1.23> <Storage> <Opcode : 'load' 'store'> <Ports = 2> <Width = 8> <Depth = 512> <RAM>
ST_76 : Operation 350 [1/1] (0.00ns)   --->   "%br_ln0 = br void %load-store-loop.i"   --->   Operation 350 'br' 'br_ln0' <Predicate = true> <Delay = 0.00>


============================================================
+ Verbose Summary: Timing violations
============================================================
Target clock period: 5.000ns, clock uncertainty: 1.350ns.

 <State 1>: 2.310ns
The critical path consists of the following:
	'store' operation ('store_ln0') of constant 0 10 bit on local variable 'loop_index_i' [9]  (0.427 ns)
	'load' operation 10 bit ('loop_index_i_load') on local variable 'loop_index_i' [12]  (0.000 ns)
	'sub' operation 11 bit ('empty_84') [23]  (0.798 ns)
	'add' operation 64 bit ('empty_85') [25]  (1.085 ns)

 <State 2>: 3.650ns
The critical path consists of the following:
	'getelementptr' operation 512 bit ('gmem_addr') [28]  (0.000 ns)
	bus request operation ('gmem_load_req') on port 'gmem' [29]  (0.000 ns)
	blocking operation 3.65 ns on control path)

 <State 3>: 3.650ns
The critical path consists of the following:
	'getelementptr' operation 512 bit ('gmem_addr_1') [41]  (0.000 ns)
	bus request operation ('gmem_load_1_req') on port 'gmem' [42]  (0.000 ns)
	blocking operation 3.65 ns on control path)

 <State 4>: 3.650ns
The critical path consists of the following:
	'getelementptr' operation 512 bit ('gmem_addr_2') [54]  (0.000 ns)
	bus request operation ('gmem_load_2_req') on port 'gmem' [55]  (0.000 ns)
	blocking operation 3.65 ns on control path)

 <State 5>: 0.000ns
The critical path consists of the following:

 <State 6>: 0.000ns
The critical path consists of the following:

 <State 7>: 0.000ns
The critical path consists of the following:

 <State 8>: 0.000ns
The critical path consists of the following:

 <State 9>: 0.000ns
The critical path consists of the following:

 <State 10>: 0.000ns
The critical path consists of the following:

 <State 11>: 0.000ns
The critical path consists of the following:

 <State 12>: 0.000ns
The critical path consists of the following:

 <State 13>: 0.000ns
The critical path consists of the following:

 <State 14>: 0.000ns
The critical path consists of the following:

 <State 15>: 0.000ns
The critical path consists of the following:

 <State 16>: 0.000ns
The critical path consists of the following:

 <State 17>: 0.000ns
The critical path consists of the following:

 <State 18>: 0.000ns
The critical path consists of the following:

 <State 19>: 0.000ns
The critical path consists of the following:

 <State 20>: 0.000ns
The critical path consists of the following:

 <State 21>: 0.000ns
The critical path consists of the following:

 <State 22>: 0.000ns
The critical path consists of the following:

 <State 23>: 0.000ns
The critical path consists of the following:

 <State 24>: 0.000ns
The critical path consists of the following:

 <State 25>: 0.000ns
The critical path consists of the following:

 <State 26>: 0.000ns
The critical path consists of the following:

 <State 27>: 0.000ns
The critical path consists of the following:

 <State 28>: 0.000ns
The critical path consists of the following:

 <State 29>: 0.000ns
The critical path consists of the following:

 <State 30>: 0.000ns
The critical path consists of the following:

 <State 31>: 0.000ns
The critical path consists of the following:

 <State 32>: 0.000ns
The critical path consists of the following:

 <State 33>: 0.000ns
The critical path consists of the following:

 <State 34>: 0.000ns
The critical path consists of the following:

 <State 35>: 0.000ns
The critical path consists of the following:

 <State 36>: 0.000ns
The critical path consists of the following:

 <State 37>: 0.000ns
The critical path consists of the following:

 <State 38>: 0.000ns
The critical path consists of the following:

 <State 39>: 0.000ns
The critical path consists of the following:

 <State 40>: 0.000ns
The critical path consists of the following:

 <State 41>: 0.000ns
The critical path consists of the following:

 <State 42>: 0.000ns
The critical path consists of the following:

 <State 43>: 0.000ns
The critical path consists of the following:

 <State 44>: 0.000ns
The critical path consists of the following:

 <State 45>: 0.000ns
The critical path consists of the following:

 <State 46>: 0.000ns
The critical path consists of the following:

 <State 47>: 0.000ns
The critical path consists of the following:

 <State 48>: 0.000ns
The critical path consists of the following:

 <State 49>: 0.000ns
The critical path consists of the following:

 <State 50>: 0.000ns
The critical path consists of the following:

 <State 51>: 0.000ns
The critical path consists of the following:

 <State 52>: 0.000ns
The critical path consists of the following:

 <State 53>: 0.000ns
The critical path consists of the following:

 <State 54>: 0.000ns
The critical path consists of the following:

 <State 55>: 0.000ns
The critical path consists of the following:

 <State 56>: 0.000ns
The critical path consists of the following:

 <State 57>: 0.000ns
The critical path consists of the following:

 <State 58>: 0.000ns
The critical path consists of the following:

 <State 59>: 0.000ns
The critical path consists of the following:

 <State 60>: 0.000ns
The critical path consists of the following:

 <State 61>: 0.000ns
The critical path consists of the following:

 <State 62>: 0.000ns
The critical path consists of the following:

 <State 63>: 0.000ns
The critical path consists of the following:

 <State 64>: 0.000ns
The critical path consists of the following:

 <State 65>: 0.000ns
The critical path consists of the following:

 <State 66>: 0.000ns
The critical path consists of the following:

 <State 67>: 0.000ns
The critical path consists of the following:

 <State 68>: 0.000ns
The critical path consists of the following:

 <State 69>: 0.000ns
The critical path consists of the following:

 <State 70>: 0.000ns
The critical path consists of the following:

 <State 71>: 0.000ns
The critical path consists of the following:

 <State 72>: 3.650ns
The critical path consists of the following:
	bus request operation ('gmem_load_req') on port 'gmem' [29]  (3.650 ns)

 <State 73>: 3.650ns
The critical path consists of the following:
	bus read operation ('gmem_addr_read') on port 'gmem' [30]  (3.650 ns)

 <State 74>: 3.650ns
The critical path consists of the following:
	bus read operation ('gmem_addr_1_read') on port 'gmem' [43]  (3.650 ns)

 <State 75>: 3.650ns
The critical path consists of the following:
	bus read operation ('gmem_addr_2_read') on port 'gmem' [56]  (3.650 ns)

 <State 76>: 3.124ns
The critical path consists of the following:
	'lshr' operation 512 bit ('empty_95') [60]  (1.887 ns)
	'store' operation ('store_ln0') of variable 'empty_96' 8 bit on array 'local_red' [67]  (1.237 ns)


============================================================
+ Verbose Summary: Binding
============================================================
N/A
* FSMD analyzer results:
  - Output states:
 - Input state : 
  - Chain level:
	State 1
	State 2
	State 3
	State 4
	State 5
	State 6
	State 7
	State 8
	State 9
	State 10
	State 11
	State 12
	State 13
	State 14
	State 15
	State 16
	State 17
	State 18
	State 19
	State 20
	State 21
	State 22
	State 23
	State 24
	State 25
	State 26
	State 27
	State 28
	State 29
	State 30
	State 31
	State 32
	State 33
	State 34
	State 35
	State 36
	State 37
	State 38
	State 39
	State 40
	State 41
	State 42
	State 43
	State 44
	State 45
	State 46
	State 47
	State 48
	State 49
	State 50
	State 51
	State 52
	State 53
	State 54
	State 55
	State 56
	State 57
	State 58
	State 59
	State 60
	State 61
	State 62
	State 63
	State 64
	State 65
	State 66
	State 67
	State 68
	State 69
	State 70
	State 71
	State 72
	State 73
	State 74
	State 75
	State 76


============================================================
+ Verbose Summary: Datapath Resource usage 
============================================================
N/A
