

================================================================
== Vitis HLS Report for 'grayscale_Pipeline_VITIS_LOOP_7_1'
================================================================
* Date:           Sat Jul 25 12:05:03 2026

* Version:        2025.2 (Build 6295257 on Nov 14 2025)
* Project:        canny_top
* Solution:       hls (Vitis Kernel Flow Target)
* Product family: zynquplus
* Target device:  xck26-sfvc784-2LV-c


================================================================
== Performance Estimates
================================================================
+ Timing: 
    * Summary: 
    +--------+---------+----------+------------+
    |  Clock |  Target | Estimated| Uncertainty|
    +--------+---------+----------+------------+
    |ap_clk  |  5.00 ns|  3.650 ns|     1.35 ns|
    +--------+---------+----------+------------+

+ Latency: 
    * Summary: 
    +---------+---------+----------+----------+-----+-----+-------------------+
    |  Latency (cycles) |  Latency (absolute) |  Interval |      Pipeline     |
    |   min   |   max   |    min   |    max   | min | max |        Type       |
    +---------+---------+----------+----------+-----+-----+-------------------+
    |     1613|     1613|  8.065 us|  8.065 us|    0|    0|  loop pipeline stp|
    +---------+---------+----------+----------+-----+-----+-------------------+

    + Detail: 
        * Instance: 
        N/A

        * Loop: 
        +------------------+---------+---------+----------+-----------+-----------+------+----------+
        |                  |  Latency (cycles) | Iteration|  Initiation Interval  | Trip |          |
        |     Loop Name    |   min   |   max   |  Latency |  achieved |   target  | Count| Pipelined|
        +------------------+---------+---------+----------+-----------+-----------+------+----------+
        |- VITIS_LOOP_7_1  |     1611|     1611|        79|          3|          1|   512|       yes|
        +------------------+---------+---------+----------+-----------+-----------+------+----------+



================================================================
== Utilization Estimates
================================================================
* Summary: 
+-----------------+---------+------+--------+--------+-----+
|       Name      | BRAM_18K|  DSP |   FF   |   LUT  | URAM|
+-----------------+---------+------+--------+--------+-----+
|DSP              |        -|     2|       -|       -|    -|
|Expression       |        -|     -|       0|    6832|    -|
|FIFO             |        -|     -|       -|       -|    -|
|Instance         |        -|     0|       0|      40|    -|
|Memory           |        -|     -|       -|       -|    -|
|Multiplexer      |        -|     -|       0|     337|    -|
|Register         |        -|     -|    1144|     160|    -|
+-----------------+---------+------+--------+--------+-----+
|Total            |        0|     2|    1144|    7369|    0|
+-----------------+---------+------+--------+--------+-----+
|Available        |      288|  1248|  234240|  117120|   64|
+-----------------+---------+------+--------+--------+-----+
|Utilization (%)  |        0|    ~0|      ~0|       6|    0|
+-----------------+---------+------+--------+--------+-----+

+ Detail: 
    * Instance: 
    +------------------------+--------------------+---------+----+---+----+-----+
    |        Instance        |       Module       | BRAM_18K| DSP| FF| LUT| URAM|
    +------------------------+--------------------+---------+----+---+----+-----+
    |mul_8ns_8ns_15_1_1_U15  |mul_8ns_8ns_15_1_1  |        0|   0|  0|  40|    0|
    +------------------------+--------------------+---------+----+---+----+-----+
    |Total                   |                    |        0|   0|  0|  40|    0|
    +------------------------+--------------------+---------+----+---+----+-----+

    * DSP: 
    +------------------------------------+--------------------------------+--------------+
    |              Instance              |             Module             |  Expression  |
    +------------------------------------+--------------------------------+--------------+
    |mac_muladd_8ns_5ns_15s_15_4_1_U16   |mac_muladd_8ns_5ns_15s_15_4_1   |  i0 + i1 * i2|
    |mac_muladd_8ns_8ns_15ns_16_4_1_U17  |mac_muladd_8ns_8ns_15ns_16_4_1  |  i0 + i1 * i2|
    +------------------------------------+--------------------------------+--------------+

    * Memory: 
    N/A

    * FIFO: 
    N/A

    * Expression: 
    +--------------------------------+----------+----+---+------+------------+------------+
    |          Variable Name         | Operation| DSP| FF|  LUT | Bitwidth P0| Bitwidth P1|
    +--------------------------------+----------+----+---+------+------------+------------+
    |add_ln9_1_fu_187_p2             |         +|   0|  0|    18|          11|           1|
    |add_ln9_2_fu_196_p2             |         +|   0|  0|    71|          64|          64|
    |add_ln9_3_fu_225_p2             |         +|   0|  0|    18|          11|           2|
    |add_ln9_4_fu_234_p2             |         +|   0|  0|    71|          64|          64|
    |add_ln9_fu_151_p2               |         +|   0|  0|    71|          64|          64|
    |column_9_fu_253_p2              |         +|   0|  0|    16|           9|           1|
    |sub_ln9_fu_141_p2               |         -|   0|  0|    18|          11|          11|
    |ap_block_pp0_stage0_11001_grp3  |       and|   0|  0|     2|           1|           1|
    |ap_block_pp0_stage0_11001_grp4  |       and|   0|  0|     2|           1|           1|
    |ap_block_pp0_stage1_11001_grp1  |       and|   0|  0|     2|           1|           1|
    |ap_block_pp0_stage1_11001_grp5  |       and|   0|  0|     2|           1|           1|
    |ap_block_pp0_stage2_11001_grp2  |       and|   0|  0|     2|           1|           1|
    |ap_block_pp0_stage2_11001_grp6  |       and|   0|  0|     2|           1|           1|
    |icmp_ln7_fu_171_p2              |      icmp|   0|  0|    16|           9|           2|
    |lshr_ln9_1_fu_305_p2            |      lshr|   0|  0|  2171|         512|         512|
    |lshr_ln9_2_fu_329_p2            |      lshr|   0|  0|  2171|         512|         512|
    |lshr_ln9_fu_284_p2              |      lshr|   0|  0|  2171|         512|         512|
    |ap_block_pp0_stage0_11001       |        or|   0|  0|     2|           1|           1|
    |ap_block_pp0_stage1_11001       |        or|   0|  0|     2|           1|           1|
    |ap_block_pp0_stage2_11001       |        or|   0|  0|     2|           1|           1|
    |ap_enable_pp0                   |       xor|   0|  0|     2|           1|           2|
    +--------------------------------+----------+----+---+------+------------+------------+
    |Total                           |          |   0|  0|  6832|        1789|        1756|
    +--------------------------------+----------+----+---+------+------------+------------+

    * Multiplexer: 
    +-----------------------------------+----+-----------+-----+-----------+
    |                Name               | LUT| Input Size| Bits| Total Bits|
    +-----------------------------------+----+-----------+-----+-----------+
    |ap_NS_fsm                          |  20|          4|    1|          4|
    |ap_done_int                        |   9|          2|    1|          2|
    |ap_enable_reg_pp0_iter0            |   9|          2|    1|          2|
    |ap_enable_reg_pp0_iter26           |   9|          2|    1|          2|
    |ap_loop_exit_ready_pp0_iter10_reg  |   9|          2|    1|          2|
    |ap_loop_exit_ready_pp0_iter11_reg  |   9|          2|    1|          2|
    |ap_loop_exit_ready_pp0_iter12_reg  |   9|          2|    1|          2|
    |ap_loop_exit_ready_pp0_iter13_reg  |   9|          2|    1|          2|
    |ap_loop_exit_ready_pp0_iter14_reg  |   9|          2|    1|          2|
    |ap_loop_exit_ready_pp0_iter15_reg  |   9|          2|    1|          2|
    |ap_loop_exit_ready_pp0_iter16_reg  |   9|          2|    1|          2|
    |ap_loop_exit_ready_pp0_iter17_reg  |   9|          2|    1|          2|
    |ap_loop_exit_ready_pp0_iter18_reg  |   9|          2|    1|          2|
    |ap_loop_exit_ready_pp0_iter19_reg  |   9|          2|    1|          2|
    |ap_loop_exit_ready_pp0_iter1_reg   |   9|          2|    1|          2|
    |ap_loop_exit_ready_pp0_iter20_reg  |   9|          2|    1|          2|
    |ap_loop_exit_ready_pp0_iter21_reg  |   9|          2|    1|          2|
    |ap_loop_exit_ready_pp0_iter22_reg  |   9|          2|    1|          2|
    |ap_loop_exit_ready_pp0_iter23_reg  |   9|          2|    1|          2|
    |ap_loop_exit_ready_pp0_iter24_reg  |   9|          2|    1|          2|
    |ap_loop_exit_ready_pp0_iter25_reg  |   9|          2|    1|          2|
    |ap_loop_exit_ready_pp0_iter26_reg  |   9|          2|    1|          2|
    |ap_loop_exit_ready_pp0_iter2_reg   |   9|          2|    1|          2|
    |ap_loop_exit_ready_pp0_iter3_reg   |   9|          2|    1|          2|
    |ap_loop_exit_ready_pp0_iter4_reg   |   9|          2|    1|          2|
    |ap_loop_exit_ready_pp0_iter5_reg   |   9|          2|    1|          2|
    |ap_loop_exit_ready_pp0_iter6_reg   |   9|          2|    1|          2|
    |ap_loop_exit_ready_pp0_iter7_reg   |   9|          2|    1|          2|
    |ap_loop_exit_ready_pp0_iter8_reg   |   9|          2|    1|          2|
    |ap_loop_exit_ready_pp0_iter9_reg   |   9|          2|    1|          2|
    |ap_sig_allocacmp_column            |   9|          2|    9|         18|
    |column12_fu_82                     |   9|          2|    9|         18|
    |gmem_blk_n_AR                      |   9|          2|    1|          2|
    |gmem_blk_n_R                       |   9|          2|    1|          2|
    |m_axi_gmem_0_ARADDR                |  20|          4|   64|        256|
    +-----------------------------------+----+-----------+-----+-----------+
    |Total                              | 337|         74|  114|        358|
    +-----------------------------------+----+-----------+-----+-----------+

    * Register: 
    +-------------------------------------------+-----+----+-----+-----------+
    |                    Name                   |  FF | LUT| Bits| Const Bits|
    +-------------------------------------------+-----+----+-----+-----------+
    |ap_CS_fsm                                  |    3|   0|    3|          0|
    |ap_block_pp0_stage0_subdone_grp0_done_reg  |    1|   0|    1|          0|
    |ap_block_pp0_stage0_subdone_grp3_done_reg  |    1|   0|    1|          0|
    |ap_block_pp0_stage0_subdone_grp4_done_reg  |    1|   0|    1|          0|
    |ap_block_pp0_stage1_subdone_grp0_done_reg  |    1|   0|    1|          0|
    |ap_block_pp0_stage1_subdone_grp1_done_reg  |    1|   0|    1|          0|
    |ap_block_pp0_stage1_subdone_grp5_done_reg  |    1|   0|    1|          0|
    |ap_block_pp0_stage2_subdone_grp0_done_reg  |    1|   0|    1|          0|
    |ap_block_pp0_stage2_subdone_grp2_done_reg  |    1|   0|    1|          0|
    |ap_block_pp0_stage2_subdone_grp6_done_reg  |    1|   0|    1|          0|
    |ap_done_reg                                |    1|   0|    1|          0|
    |ap_enable_reg_pp0_iter0_reg                |    1|   0|    1|          0|
    |ap_enable_reg_pp0_iter1                    |    1|   0|    1|          0|
    |ap_enable_reg_pp0_iter10                   |    1|   0|    1|          0|
    |ap_enable_reg_pp0_iter11                   |    1|   0|    1|          0|
    |ap_enable_reg_pp0_iter12                   |    1|   0|    1|          0|
    |ap_enable_reg_pp0_iter13                   |    1|   0|    1|          0|
    |ap_enable_reg_pp0_iter14                   |    1|   0|    1|          0|
    |ap_enable_reg_pp0_iter15                   |    1|   0|    1|          0|
    |ap_enable_reg_pp0_iter16                   |    1|   0|    1|          0|
    |ap_enable_reg_pp0_iter17                   |    1|   0|    1|          0|
    |ap_enable_reg_pp0_iter18                   |    1|   0|    1|          0|
    |ap_enable_reg_pp0_iter19                   |    1|   0|    1|          0|
    |ap_enable_reg_pp0_iter2                    |    1|   0|    1|          0|
    |ap_enable_reg_pp0_iter20                   |    1|   0|    1|          0|
    |ap_enable_reg_pp0_iter21                   |    1|   0|    1|          0|
    |ap_enable_reg_pp0_iter22                   |    1|   0|    1|          0|
    |ap_enable_reg_pp0_iter23                   |    1|   0|    1|          0|
    |ap_enable_reg_pp0_iter24                   |    1|   0|    1|          0|
    |ap_enable_reg_pp0_iter25                   |    1|   0|    1|          0|
    |ap_enable_reg_pp0_iter26                   |    1|   0|    1|          0|
    |ap_enable_reg_pp0_iter3                    |    1|   0|    1|          0|
    |ap_enable_reg_pp0_iter4                    |    1|   0|    1|          0|
    |ap_enable_reg_pp0_iter5                    |    1|   0|    1|          0|
    |ap_enable_reg_pp0_iter6                    |    1|   0|    1|          0|
    |ap_enable_reg_pp0_iter7                    |    1|   0|    1|          0|
    |ap_enable_reg_pp0_iter8                    |    1|   0|    1|          0|
    |ap_enable_reg_pp0_iter9                    |    1|   0|    1|          0|
    |ap_loop_exit_ready_pp0_iter10_reg          |    1|   0|    1|          0|
    |ap_loop_exit_ready_pp0_iter11_reg          |    1|   0|    1|          0|
    |ap_loop_exit_ready_pp0_iter12_reg          |    1|   0|    1|          0|
    |ap_loop_exit_ready_pp0_iter13_reg          |    1|   0|    1|          0|
    |ap_loop_exit_ready_pp0_iter14_reg          |    1|   0|    1|          0|
    |ap_loop_exit_ready_pp0_iter15_reg          |    1|   0|    1|          0|
    |ap_loop_exit_ready_pp0_iter16_reg          |    1|   0|    1|          0|
    |ap_loop_exit_ready_pp0_iter17_reg          |    1|   0|    1|          0|
    |ap_loop_exit_ready_pp0_iter18_reg          |    1|   0|    1|          0|
    |ap_loop_exit_ready_pp0_iter19_reg          |    1|   0|    1|          0|
    |ap_loop_exit_ready_pp0_iter1_reg           |    1|   0|    1|          0|
    |ap_loop_exit_ready_pp0_iter20_reg          |    1|   0|    1|          0|
    |ap_loop_exit_ready_pp0_iter21_reg          |    1|   0|    1|          0|
    |ap_loop_exit_ready_pp0_iter22_reg          |    1|   0|    1|          0|
    |ap_loop_exit_ready_pp0_iter23_reg          |    1|   0|    1|          0|
    |ap_loop_exit_ready_pp0_iter24_reg          |    1|   0|    1|          0|
    |ap_loop_exit_ready_pp0_iter25_reg          |    1|   0|    1|          0|
    |ap_loop_exit_ready_pp0_iter26_reg          |    1|   0|    1|          0|
    |ap_loop_exit_ready_pp0_iter2_reg           |    1|   0|    1|          0|
    |ap_loop_exit_ready_pp0_iter3_reg           |    1|   0|    1|          0|
    |ap_loop_exit_ready_pp0_iter4_reg           |    1|   0|    1|          0|
    |ap_loop_exit_ready_pp0_iter5_reg           |    1|   0|    1|          0|
    |ap_loop_exit_ready_pp0_iter6_reg           |    1|   0|    1|          0|
    |ap_loop_exit_ready_pp0_iter7_reg           |    1|   0|    1|          0|
    |ap_loop_exit_ready_pp0_iter8_reg           |    1|   0|    1|          0|
    |ap_loop_exit_ready_pp0_iter9_reg           |    1|   0|    1|          0|
    |column12_fu_82                             |    9|   0|    9|          0|
    |column_reg_399                             |    9|   0|    9|          0|
    |icmp_ln7_reg_421                           |    1|   0|    1|          0|
    |reg_117                                    |  512|   0|  512|          0|
    |sub_ln9_reg_405                            |   11|   0|   11|          0|
    |trunc_ln9_1_reg_463                        |    8|   0|    8|          0|
    |trunc_ln9_2_reg_436                        |    6|   0|    6|          0|
    |trunc_ln9_3_reg_468                        |    8|   0|    8|          0|
    |trunc_ln9_4_reg_452                        |    6|   0|    6|          0|
    |trunc_ln9_5_reg_478                        |    8|   0|    8|          0|
    |trunc_ln9_6_reg_411                        |   58|   0|   58|          0|
    |trunc_ln9_7_reg_431                        |   58|   0|   58|          0|
    |trunc_ln9_8_reg_447                        |   58|   0|   58|          0|
    |trunc_ln9_reg_416                          |    6|   0|    6|          0|
    |column_reg_399                             |   64|  32|    9|          0|
    |icmp_ln7_reg_421                           |   64|  32|    1|          0|
    |trunc_ln9_2_reg_436                        |   64|  32|    6|          0|
    |trunc_ln9_4_reg_452                        |   64|  32|    6|          0|
    |trunc_ln9_reg_416                          |   64|  32|    6|          0|
    +-------------------------------------------+-----+----+-----+-----------+
    |Total                                      | 1144| 160|  852|          0|
    +-------------------------------------------+-----+----+-----+-----------+



================================================================
== Interface
================================================================
* Summary: 
+------------------------+-----+-----+------------+-----------------------------------+--------------+
|        RTL Ports       | Dir | Bits|  Protocol  |           Source Object           |    C Type    |
+------------------------+-----+-----+------------+-----------------------------------+--------------+
|ap_clk                  |   in|    1|  ap_ctrl_hs|  grayscale_Pipeline_VITIS_LOOP_7_1|  return value|
|ap_rst                  |   in|    1|  ap_ctrl_hs|  grayscale_Pipeline_VITIS_LOOP_7_1|  return value|
|ap_start                |   in|    1|  ap_ctrl_hs|  grayscale_Pipeline_VITIS_LOOP_7_1|  return value|
|ap_done                 |  out|    1|  ap_ctrl_hs|  grayscale_Pipeline_VITIS_LOOP_7_1|  return value|
|ap_idle                 |  out|    1|  ap_ctrl_hs|  grayscale_Pipeline_VITIS_LOOP_7_1|  return value|
|ap_ready                |  out|    1|  ap_ctrl_hs|  grayscale_Pipeline_VITIS_LOOP_7_1|  return value|
|m_axi_gmem_0_AWVALID    |  out|    1|       m_axi|                               gmem|       pointer|
|m_axi_gmem_0_AWREADY    |   in|    1|       m_axi|                               gmem|       pointer|
|m_axi_gmem_0_AWADDR     |  out|   64|       m_axi|                               gmem|       pointer|
|m_axi_gmem_0_AWID       |  out|    1|       m_axi|                               gmem|       pointer|
|m_axi_gmem_0_AWLEN      |  out|   32|       m_axi|                               gmem|       pointer|
|m_axi_gmem_0_AWSIZE     |  out|    3|       m_axi|                               gmem|       pointer|
|m_axi_gmem_0_AWBURST    |  out|    2|       m_axi|                               gmem|       pointer|
|m_axi_gmem_0_AWLOCK     |  out|    2|       m_axi|                               gmem|       pointer|
|m_axi_gmem_0_AWCACHE    |  out|    4|       m_axi|                               gmem|       pointer|
|m_axi_gmem_0_AWPROT     |  out|    3|       m_axi|                               gmem|       pointer|
|m_axi_gmem_0_AWQOS      |  out|    4|       m_axi|                               gmem|       pointer|
|m_axi_gmem_0_AWREGION   |  out|    4|       m_axi|                               gmem|       pointer|
|m_axi_gmem_0_AWUSER     |  out|    1|       m_axi|                               gmem|       pointer|
|m_axi_gmem_0_WVALID     |  out|    1|       m_axi|                               gmem|       pointer|
|m_axi_gmem_0_WREADY     |   in|    1|       m_axi|                               gmem|       pointer|
|m_axi_gmem_0_WDATA      |  out|  512|       m_axi|                               gmem|       pointer|
|m_axi_gmem_0_WSTRB      |  out|   64|       m_axi|                               gmem|       pointer|
|m_axi_gmem_0_WLAST      |  out|    1|       m_axi|                               gmem|       pointer|
|m_axi_gmem_0_WID        |  out|    1|       m_axi|                               gmem|       pointer|
|m_axi_gmem_0_WUSER      |  out|    1|       m_axi|                               gmem|       pointer|
|m_axi_gmem_0_ARVALID    |  out|    1|       m_axi|                               gmem|       pointer|
|m_axi_gmem_0_ARREADY    |   in|    1|       m_axi|                               gmem|       pointer|
|m_axi_gmem_0_ARADDR     |  out|   64|       m_axi|                               gmem|       pointer|
|m_axi_gmem_0_ARID       |  out|    1|       m_axi|                               gmem|       pointer|
|m_axi_gmem_0_ARLEN      |  out|   32|       m_axi|                               gmem|       pointer|
|m_axi_gmem_0_ARSIZE     |  out|    3|       m_axi|                               gmem|       pointer|
|m_axi_gmem_0_ARBURST    |  out|    2|       m_axi|                               gmem|       pointer|
|m_axi_gmem_0_ARLOCK     |  out|    2|       m_axi|                               gmem|       pointer|
|m_axi_gmem_0_ARCACHE    |  out|    4|       m_axi|                               gmem|       pointer|
|m_axi_gmem_0_ARPROT     |  out|    3|       m_axi|                               gmem|       pointer|
|m_axi_gmem_0_ARQOS      |  out|    4|       m_axi|                               gmem|       pointer|
|m_axi_gmem_0_ARREGION   |  out|    4|       m_axi|                               gmem|       pointer|
|m_axi_gmem_0_ARUSER     |  out|    1|       m_axi|                               gmem|       pointer|
|m_axi_gmem_0_RVALID     |   in|    1|       m_axi|                               gmem|       pointer|
|m_axi_gmem_0_RREADY     |  out|    1|       m_axi|                               gmem|       pointer|
|m_axi_gmem_0_RDATA      |   in|  512|       m_axi|                               gmem|       pointer|
|m_axi_gmem_0_RLAST      |   in|    1|       m_axi|                               gmem|       pointer|
|m_axi_gmem_0_RID        |   in|    1|       m_axi|                               gmem|       pointer|
|m_axi_gmem_0_RFIFONUM   |   in|    9|       m_axi|                               gmem|       pointer|
|m_axi_gmem_0_RUSER      |   in|    1|       m_axi|                               gmem|       pointer|
|m_axi_gmem_0_RRESP      |   in|    2|       m_axi|                               gmem|       pointer|
|m_axi_gmem_0_BVALID     |   in|    1|       m_axi|                               gmem|       pointer|
|m_axi_gmem_0_BREADY     |  out|    1|       m_axi|                               gmem|       pointer|
|m_axi_gmem_0_BRESP      |   in|    2|       m_axi|                               gmem|       pointer|
|m_axi_gmem_0_BID        |   in|    1|       m_axi|                               gmem|       pointer|
|m_axi_gmem_0_BUSER      |   in|    1|       m_axi|                               gmem|       pointer|
|empty                   |   in|   64|     ap_none|                              empty|        scalar|
|out_grayscale_address0  |  out|    9|   ap_memory|                      out_grayscale|         array|
|out_grayscale_ce0       |  out|    1|   ap_memory|                      out_grayscale|         array|
|out_grayscale_we0       |  out|    1|   ap_memory|                      out_grayscale|         array|
|out_grayscale_d0        |  out|    8|   ap_memory|                      out_grayscale|         array|
+------------------------+-----+-----+------------+-----------------------------------+--------------+

============================================================
+ Verbose Summary: Synthesis Manager
============================================================
InlineROM: 1
ExposeGlobal: 0
============================================================
+ Verbose Summary: CDFG Model
============================================================
IsTopModel: 0
ResetActiveHigh: 1
IsCombinational: 2
IsDatapathOnly: 2
HasWiredReturn: 1
HasMFsm: 2
HasVarLatency: 1
IsPipeline: 0
IsRtlPipelined: 0
IsInstanceOverlapped: 0
IsDontTouch: 0
HasImplIP: 0
IsGatedGlobalClock: 0

+ Individual pipeline summary: 
  * Pipeline-0: initiation interval (II) = 3, depth = 79


============================================================
+ Verbose Summary: Schedule
============================================================
* Number of FSM states : 79
* Pipeline : 1
  Pipeline-0 : II = 3, D = 79, States = { 1 2 3 4 5 6 7 8 9 10 11 12 13 14 15 16 17 18 19 20 21 22 23 24 25 26 27 28 29 30 31 32 33 34 35 36 37 38 39 40 41 42 43 44 45 46 47 48 49 50 51 52 53 54 55 56 57 58 59 60 61 62 63 64 65 66 67 68 69 70 71 72 73 74 75 76 77 78 79 }
* Dataflow Pipeline: 0

* FSM state transitions: 
1 --> 2 
2 --> 3 
3 --> 4 
4 --> 5 
5 --> 6 
6 --> 7 
7 --> 8 
8 --> 9 
9 --> 10 
10 --> 11 
11 --> 12 
12 --> 13 
13 --> 14 
14 --> 15 
15 --> 16 
16 --> 17 
17 --> 18 
18 --> 19 
19 --> 20 
20 --> 21 
21 --> 22 
22 --> 23 
23 --> 24 
24 --> 25 
25 --> 26 
26 --> 27 
27 --> 28 
28 --> 29 
29 --> 30 
30 --> 31 
31 --> 32 
32 --> 33 
33 --> 34 
34 --> 35 
35 --> 36 
36 --> 37 
37 --> 38 
38 --> 39 
39 --> 40 
40 --> 41 
41 --> 42 
42 --> 43 
43 --> 44 
44 --> 45 
45 --> 46 
46 --> 47 
47 --> 48 
48 --> 49 
49 --> 50 
50 --> 51 
51 --> 52 
52 --> 53 
53 --> 54 
54 --> 55 
55 --> 56 
56 --> 57 
57 --> 58 
58 --> 59 
59 --> 60 
60 --> 61 
61 --> 62 
62 --> 63 
63 --> 64 
64 --> 65 
65 --> 66 
66 --> 67 
67 --> 68 
68 --> 69 
69 --> 70 
70 --> 71 
71 --> 72 
72 --> 73 
73 --> 74 
74 --> 75 
75 --> 76 
76 --> 77 
77 --> 78 
78 --> 79 
79 --> 

* FSM state operations: 

State 1 <SV = 0> <Delay = 2.31>
ST_1 : Operation 82 [1/1] (0.00ns)   --->   "%column12 = alloca i32 1" [../src/grayscale.cpp:7->../src/canny_top.cpp:28]   --->   Operation 82 'alloca' 'column12' <Predicate = true> <Delay = 0.00>
ST_1 : Operation 83 [1/1] (0.00ns)   --->   "%specinterface_ln0 = specinterface void @_ssdm_op_SpecInterface, i512 %gmem, void @empty_16, i32 0, i32 0, void @empty, i32 64, i32 0, void @empty_21, void @empty_8, void @empty, i32 16, i32 16, i32 16, i32 16, void @empty, void @empty, i32 4294967295, i32 0, i32 0, i32 64"   --->   Operation 83 'specinterface' 'specinterface_ln0' <Predicate = true> <Delay = 0.00>
ST_1 : Operation 84 [1/1] (0.00ns)   --->   "%tmp = read i64 @_ssdm_op_Read.ap_auto.i64, i64 %empty"   --->   Operation 84 'read' 'tmp' <Predicate = true> <Delay = 0.00>
ST_1 : Operation 85 [1/1] (0.42ns)   --->   "%store_ln7 = store i9 0, i9 %column12" [../src/grayscale.cpp:7->../src/canny_top.cpp:28]   --->   Operation 85 'store' 'store_ln7' <Predicate = true> <Delay = 0.42>
ST_1 : Operation 86 [1/1] (0.00ns)   --->   "%br_ln0 = br void %for.inc.split.i"   --->   Operation 86 'br' 'br_ln0' <Predicate = true> <Delay = 0.00>
ST_1 : Operation 87 [1/1] (0.00ns)   --->   "%column = load i9 %column12" [../src/grayscale.cpp:7->../src/canny_top.cpp:28]   --->   Operation 87 'load' 'column' <Predicate = true> <Delay = 0.00>
ST_1 : Operation 88 [1/1] (0.00ns)   --->   "%zext_ln7_1 = zext i9 %column" [../src/grayscale.cpp:7->../src/canny_top.cpp:28]   --->   Operation 88 'zext' 'zext_ln7_1' <Predicate = true> <Delay = 0.00>
ST_1 : Operation 89 [1/1] (0.00ns)   --->   "%p_shl = bitconcatenate i11 @_ssdm_op_BitConcatenate.i11.i9.i2, i9 %column, i2 0" [../src/grayscale.cpp:9->../src/canny_top.cpp:28]   --->   Operation 89 'bitconcatenate' 'p_shl' <Predicate = true> <Delay = 0.00>
ST_1 : Operation 90 [1/1] (0.79ns)   --->   "%sub_ln9 = sub i11 %p_shl, i11 %zext_ln7_1" [../src/grayscale.cpp:9->../src/canny_top.cpp:28]   --->   Operation 90 'sub' 'sub_ln9' <Predicate = true> <Delay = 0.79> <CoreInst = "Adder">   --->   Core 1 'Adder' <Latency = 0> <II = 1> <Delay = 0.79> <FuncUnit> <Opcode : 'add' 'sub'> <InPorts = 2> <OutPorts = 1>
ST_1 : Operation 91 [1/1] (0.00ns)   --->   "%zext_ln9 = zext i11 %sub_ln9" [../src/grayscale.cpp:9->../src/canny_top.cpp:28]   --->   Operation 91 'zext' 'zext_ln9' <Predicate = true> <Delay = 0.00>
ST_1 : Operation 92 [1/1] (1.08ns)   --->   "%add_ln9 = add i64 %tmp, i64 %zext_ln9" [../src/grayscale.cpp:9->../src/canny_top.cpp:28]   --->   Operation 92 'add' 'add_ln9' <Predicate = true> <Delay = 1.08> <CoreInst = "Adder">   --->   Core 1 'Adder' <Latency = 0> <II = 1> <Delay = 1.08> <FuncUnit> <Opcode : 'add' 'sub'> <InPorts = 2> <OutPorts = 1>
ST_1 : Operation 93 [1/1] (0.00ns)   --->   "%trunc_ln9_6 = partselect i58 @_ssdm_op_PartSelect.i58.i64.i32.i32, i64 %add_ln9, i32 6, i32 63" [../src/grayscale.cpp:9->../src/canny_top.cpp:28]   --->   Operation 93 'partselect' 'trunc_ln9_6' <Predicate = true> <Delay = 0.00>
ST_1 : Operation 94 [1/1] (0.00ns)   --->   "%trunc_ln9 = trunc i64 %add_ln9" [../src/grayscale.cpp:9->../src/canny_top.cpp:28]   --->   Operation 94 'trunc' 'trunc_ln9' <Predicate = true> <Delay = 0.00>
ST_1 : Operation 95 [1/1] (0.77ns)   --->   "%icmp_ln7 = icmp_eq  i9 %column, i9 511" [../src/grayscale.cpp:7->../src/canny_top.cpp:28]   --->   Operation 95 'icmp' 'icmp_ln7' <Predicate = true> <Delay = 0.77> <CoreInst = "Cmp">   --->   Core 9 'Cmp' <Latency = 0> <II = 1> <Delay = 0.77> <FuncUnit> <Opcode : 'seteq' 'setne' 'setle' 'setge' 'setlt' 'setgt'> <InPorts = 2> <OutPorts = 1>
ST_1 : Operation 96 [1/1] (0.00ns)   --->   "%br_ln7 = br i1 %icmp_ln7, void %for.inc.split.i, void %newFuncRoot.aft.aft.exitStub.exitStub" [../src/grayscale.cpp:7->../src/canny_top.cpp:28]   --->   Operation 96 'br' 'br_ln7' <Predicate = true> <Delay = 0.00>

State 2 <SV = 1> <Delay = 3.65>
ST_2 : Operation 97 [1/1] (0.00ns)   --->   "%sext_ln9 = sext i58 %trunc_ln9_6" [../src/grayscale.cpp:9->../src/canny_top.cpp:28]   --->   Operation 97 'sext' 'sext_ln9' <Predicate = true> <Delay = 0.00>
ST_2 : Operation 98 [1/1] (0.00ns)   --->   "%gmem_addr = getelementptr i512 %gmem, i64 %sext_ln9" [../src/grayscale.cpp:9->../src/canny_top.cpp:28]   --->   Operation 98 'getelementptr' 'gmem_addr' <Predicate = true> <Delay = 0.00>
ST_2 : Operation 99 [71/71] (3.65ns)   --->   "%gmem_load_req = readreq i1 @_ssdm_op_ReadReq.m_axi.i512P1A, i64 %gmem_addr, i64 1" [../src/grayscale.cpp:9->../src/canny_top.cpp:28]   --->   Operation 99 'readreq' 'gmem_load_req' <Predicate = true> <Delay = 3.65> <CoreInst = "m_axi">   --->   Core 119 'm_axi' <Latency = 6> <II = 1> <Delay = 1.00> <Adapter> <Opcode : 'readrequnaligned' 'writerequnaligned' 'read' 'write' 'readreq' 'writereq' 'writeresp'>
ST_2 : Operation 100 [1/1] (0.79ns)   --->   "%add_ln9_1 = add i11 %sub_ln9, i11 1" [../src/grayscale.cpp:9->../src/canny_top.cpp:28]   --->   Operation 100 'add' 'add_ln9_1' <Predicate = true> <Delay = 0.79> <CoreInst = "Adder">   --->   Core 1 'Adder' <Latency = 0> <II = 1> <Delay = 0.79> <FuncUnit> <Opcode : 'add' 'sub'> <InPorts = 2> <OutPorts = 1>
ST_2 : Operation 101 [1/1] (0.00ns)   --->   "%zext_ln9_2 = zext i11 %add_ln9_1" [../src/grayscale.cpp:9->../src/canny_top.cpp:28]   --->   Operation 101 'zext' 'zext_ln9_2' <Predicate = true> <Delay = 0.00>
ST_2 : Operation 102 [1/1] (1.08ns)   --->   "%add_ln9_2 = add i64 %zext_ln9_2, i64 %tmp" [../src/grayscale.cpp:9->../src/canny_top.cpp:28]   --->   Operation 102 'add' 'add_ln9_2' <Predicate = true> <Delay = 1.08> <CoreInst = "Adder">   --->   Core 1 'Adder' <Latency = 0> <II = 1> <Delay = 1.08> <FuncUnit> <Opcode : 'add' 'sub'> <InPorts = 2> <OutPorts = 1>
ST_2 : Operation 103 [1/1] (0.00ns)   --->   "%trunc_ln9_7 = partselect i58 @_ssdm_op_PartSelect.i58.i64.i32.i32, i64 %add_ln9_2, i32 6, i32 63" [../src/grayscale.cpp:9->../src/canny_top.cpp:28]   --->   Operation 103 'partselect' 'trunc_ln9_7' <Predicate = true> <Delay = 0.00>
ST_2 : Operation 104 [1/1] (0.00ns)   --->   "%trunc_ln9_2 = trunc i64 %add_ln9_2" [../src/grayscale.cpp:9->../src/canny_top.cpp:28]   --->   Operation 104 'trunc' 'trunc_ln9_2' <Predicate = true> <Delay = 0.00>

State 3 <SV = 2> <Delay = 3.65>
ST_3 : Operation 105 [70/71] (3.65ns)   --->   "%gmem_load_req = readreq i1 @_ssdm_op_ReadReq.m_axi.i512P1A, i64 %gmem_addr, i64 1" [../src/grayscale.cpp:9->../src/canny_top.cpp:28]   --->   Operation 105 'readreq' 'gmem_load_req' <Predicate = true> <Delay = 3.65> <CoreInst = "m_axi">   --->   Core 119 'm_axi' <Latency = 6> <II = 1> <Delay = 1.00> <Adapter> <Opcode : 'readrequnaligned' 'writerequnaligned' 'read' 'write' 'readreq' 'writereq' 'writeresp'>
ST_3 : Operation 106 [1/1] (0.00ns)   --->   "%sext_ln9_1 = sext i58 %trunc_ln9_7" [../src/grayscale.cpp:9->../src/canny_top.cpp:28]   --->   Operation 106 'sext' 'sext_ln9_1' <Predicate = true> <Delay = 0.00>
ST_3 : Operation 107 [1/1] (0.00ns)   --->   "%gmem_addr_1 = getelementptr i512 %gmem, i64 %sext_ln9_1" [../src/grayscale.cpp:9->../src/canny_top.cpp:28]   --->   Operation 107 'getelementptr' 'gmem_addr_1' <Predicate = true> <Delay = 0.00>
ST_3 : Operation 108 [71/71] (3.65ns)   --->   "%gmem_load_1_req = readreq i1 @_ssdm_op_ReadReq.m_axi.i512P1A, i64 %gmem_addr_1, i64 1" [../src/grayscale.cpp:9->../src/canny_top.cpp:28]   --->   Operation 108 'readreq' 'gmem_load_1_req' <Predicate = true> <Delay = 3.65> <CoreInst = "m_axi">   --->   Core 119 'm_axi' <Latency = 6> <II = 1> <Delay = 1.00> <Adapter> <Opcode : 'readrequnaligned' 'writerequnaligned' 'read' 'write' 'readreq' 'writereq' 'writeresp'>
ST_3 : Operation 109 [1/1] (0.79ns)   --->   "%add_ln9_3 = add i11 %sub_ln9, i11 2" [../src/grayscale.cpp:9->../src/canny_top.cpp:28]   --->   Operation 109 'add' 'add_ln9_3' <Predicate = true> <Delay = 0.79> <CoreInst = "Adder">   --->   Core 1 'Adder' <Latency = 0> <II = 1> <Delay = 0.79> <FuncUnit> <Opcode : 'add' 'sub'> <InPorts = 2> <OutPorts = 1>
ST_3 : Operation 110 [1/1] (0.00ns)   --->   "%zext_ln9_4 = zext i11 %add_ln9_3" [../src/grayscale.cpp:9->../src/canny_top.cpp:28]   --->   Operation 110 'zext' 'zext_ln9_4' <Predicate = true> <Delay = 0.00>
ST_3 : Operation 111 [1/1] (1.08ns)   --->   "%add_ln9_4 = add i64 %zext_ln9_4, i64 %tmp" [../src/grayscale.cpp:9->../src/canny_top.cpp:28]   --->   Operation 111 'add' 'add_ln9_4' <Predicate = true> <Delay = 1.08> <CoreInst = "Adder">   --->   Core 1 'Adder' <Latency = 0> <II = 1> <Delay = 1.08> <FuncUnit> <Opcode : 'add' 'sub'> <InPorts = 2> <OutPorts = 1>
ST_3 : Operation 112 [1/1] (0.00ns)   --->   "%trunc_ln9_8 = partselect i58 @_ssdm_op_PartSelect.i58.i64.i32.i32, i64 %add_ln9_4, i32 6, i32 63" [../src/grayscale.cpp:9->../src/canny_top.cpp:28]   --->   Operation 112 'partselect' 'trunc_ln9_8' <Predicate = true> <Delay = 0.00>
ST_3 : Operation 113 [1/1] (0.00ns)   --->   "%trunc_ln9_4 = trunc i64 %add_ln9_4" [../src/grayscale.cpp:9->../src/canny_top.cpp:28]   --->   Operation 113 'trunc' 'trunc_ln9_4' <Predicate = true> <Delay = 0.00>
ST_3 : Operation 114 [1/1] (0.77ns)   --->   "%column_9 = add i9 %column, i9 1" [../src/grayscale.cpp:7->../src/canny_top.cpp:28]   --->   Operation 114 'add' 'column_9' <Predicate = true> <Delay = 0.77> <CoreInst = "Adder">   --->   Core 1 'Adder' <Latency = 0> <II = 1> <Delay = 0.77> <FuncUnit> <Opcode : 'add' 'sub'> <InPorts = 2> <OutPorts = 1>
ST_3 : Operation 115 [1/1] (0.42ns)   --->   "%store_ln7 = store i9 %column_9, i9 %column12" [../src/grayscale.cpp:7->../src/canny_top.cpp:28]   --->   Operation 115 'store' 'store_ln7' <Predicate = true> <Delay = 0.42>

State 4 <SV = 3> <Delay = 3.65>
ST_4 : Operation 116 [69/71] (3.65ns)   --->   "%gmem_load_req = readreq i1 @_ssdm_op_ReadReq.m_axi.i512P1A, i64 %gmem_addr, i64 1" [../src/grayscale.cpp:9->../src/canny_top.cpp:28]   --->   Operation 116 'readreq' 'gmem_load_req' <Predicate = true> <Delay = 3.65> <CoreInst = "m_axi">   --->   Core 119 'm_axi' <Latency = 6> <II = 1> <Delay = 1.00> <Adapter> <Opcode : 'readrequnaligned' 'writerequnaligned' 'read' 'write' 'readreq' 'writereq' 'writeresp'>
ST_4 : Operation 117 [70/71] (3.65ns)   --->   "%gmem_load_1_req = readreq i1 @_ssdm_op_ReadReq.m_axi.i512P1A, i64 %gmem_addr_1, i64 1" [../src/grayscale.cpp:9->../src/canny_top.cpp:28]   --->   Operation 117 'readreq' 'gmem_load_1_req' <Predicate = true> <Delay = 3.65> <CoreInst = "m_axi">   --->   Core 119 'm_axi' <Latency = 6> <II = 1> <Delay = 1.00> <Adapter> <Opcode : 'readrequnaligned' 'writerequnaligned' 'read' 'write' 'readreq' 'writereq' 'writeresp'>
ST_4 : Operation 118 [1/1] (0.00ns)   --->   "%sext_ln9_2 = sext i58 %trunc_ln9_8" [../src/grayscale.cpp:9->../src/canny_top.cpp:28]   --->   Operation 118 'sext' 'sext_ln9_2' <Predicate = true> <Delay = 0.00>
ST_4 : Operation 119 [1/1] (0.00ns)   --->   "%gmem_addr_2 = getelementptr i512 %gmem, i64 %sext_ln9_2" [../src/grayscale.cpp:9->../src/canny_top.cpp:28]   --->   Operation 119 'getelementptr' 'gmem_addr_2' <Predicate = true> <Delay = 0.00>
ST_4 : Operation 120 [71/71] (3.65ns)   --->   "%gmem_load_2_req = readreq i1 @_ssdm_op_ReadReq.m_axi.i512P1A, i64 %gmem_addr_2, i64 1" [../src/grayscale.cpp:9->../src/canny_top.cpp:28]   --->   Operation 120 'readreq' 'gmem_load_2_req' <Predicate = true> <Delay = 3.65> <CoreInst = "m_axi">   --->   Core 119 'm_axi' <Latency = 6> <II = 1> <Delay = 1.00> <Adapter> <Opcode : 'readrequnaligned' 'writerequnaligned' 'read' 'write' 'readreq' 'writereq' 'writeresp'>

State 5 <SV = 4> <Delay = 0.00>
ST_5 : Operation 121 [68/71] (3.65ns)   --->   "%gmem_load_req = readreq i1 @_ssdm_op_ReadReq.m_axi.i512P1A, i64 %gmem_addr, i64 1" [../src/grayscale.cpp:9->../src/canny_top.cpp:28]   --->   Operation 121 'readreq' 'gmem_load_req' <Predicate = true> <Delay = 3.65> <CoreInst = "m_axi">   --->   Core 119 'm_axi' <Latency = 6> <II = 1> <Delay = 1.00> <Adapter> <Opcode : 'readrequnaligned' 'writerequnaligned' 'read' 'write' 'readreq' 'writereq' 'writeresp'>
ST_5 : Operation 122 [69/71] (3.65ns)   --->   "%gmem_load_1_req = readreq i1 @_ssdm_op_ReadReq.m_axi.i512P1A, i64 %gmem_addr_1, i64 1" [../src/grayscale.cpp:9->../src/canny_top.cpp:28]   --->   Operation 122 'readreq' 'gmem_load_1_req' <Predicate = true> <Delay = 3.65> <CoreInst = "m_axi">   --->   Core 119 'm_axi' <Latency = 6> <II = 1> <Delay = 1.00> <Adapter> <Opcode : 'readrequnaligned' 'writerequnaligned' 'read' 'write' 'readreq' 'writereq' 'writeresp'>
ST_5 : Operation 123 [70/71] (3.65ns)   --->   "%gmem_load_2_req = readreq i1 @_ssdm_op_ReadReq.m_axi.i512P1A, i64 %gmem_addr_2, i64 1" [../src/grayscale.cpp:9->../src/canny_top.cpp:28]   --->   Operation 123 'readreq' 'gmem_load_2_req' <Predicate = true> <Delay = 3.65> <CoreInst = "m_axi">   --->   Core 119 'm_axi' <Latency = 6> <II = 1> <Delay = 1.00> <Adapter> <Opcode : 'readrequnaligned' 'writerequnaligned' 'read' 'write' 'readreq' 'writereq' 'writeresp'>

State 6 <SV = 5> <Delay = 0.00>
ST_6 : Operation 124 [67/71] (3.65ns)   --->   "%gmem_load_req = readreq i1 @_ssdm_op_ReadReq.m_axi.i512P1A, i64 %gmem_addr, i64 1" [../src/grayscale.cpp:9->../src/canny_top.cpp:28]   --->   Operation 124 'readreq' 'gmem_load_req' <Predicate = true> <Delay = 3.65> <CoreInst = "m_axi">   --->   Core 119 'm_axi' <Latency = 6> <II = 1> <Delay = 1.00> <Adapter> <Opcode : 'readrequnaligned' 'writerequnaligned' 'read' 'write' 'readreq' 'writereq' 'writeresp'>
ST_6 : Operation 125 [68/71] (3.65ns)   --->   "%gmem_load_1_req = readreq i1 @_ssdm_op_ReadReq.m_axi.i512P1A, i64 %gmem_addr_1, i64 1" [../src/grayscale.cpp:9->../src/canny_top.cpp:28]   --->   Operation 125 'readreq' 'gmem_load_1_req' <Predicate = true> <Delay = 3.65> <CoreInst = "m_axi">   --->   Core 119 'm_axi' <Latency = 6> <II = 1> <Delay = 1.00> <Adapter> <Opcode : 'readrequnaligned' 'writerequnaligned' 'read' 'write' 'readreq' 'writereq' 'writeresp'>
ST_6 : Operation 126 [69/71] (3.65ns)   --->   "%gmem_load_2_req = readreq i1 @_ssdm_op_ReadReq.m_axi.i512P1A, i64 %gmem_addr_2, i64 1" [../src/grayscale.cpp:9->../src/canny_top.cpp:28]   --->   Operation 126 'readreq' 'gmem_load_2_req' <Predicate = true> <Delay = 3.65> <CoreInst = "m_axi">   --->   Core 119 'm_axi' <Latency = 6> <II = 1> <Delay = 1.00> <Adapter> <Opcode : 'readrequnaligned' 'writerequnaligned' 'read' 'write' 'readreq' 'writereq' 'writeresp'>

State 7 <SV = 6> <Delay = 0.00>
ST_7 : Operation 127 [66/71] (3.65ns)   --->   "%gmem_load_req = readreq i1 @_ssdm_op_ReadReq.m_axi.i512P1A, i64 %gmem_addr, i64 1" [../src/grayscale.cpp:9->../src/canny_top.cpp:28]   --->   Operation 127 'readreq' 'gmem_load_req' <Predicate = true> <Delay = 3.65> <CoreInst = "m_axi">   --->   Core 119 'm_axi' <Latency = 6> <II = 1> <Delay = 1.00> <Adapter> <Opcode : 'readrequnaligned' 'writerequnaligned' 'read' 'write' 'readreq' 'writereq' 'writeresp'>
ST_7 : Operation 128 [67/71] (3.65ns)   --->   "%gmem_load_1_req = readreq i1 @_ssdm_op_ReadReq.m_axi.i512P1A, i64 %gmem_addr_1, i64 1" [../src/grayscale.cpp:9->../src/canny_top.cpp:28]   --->   Operation 128 'readreq' 'gmem_load_1_req' <Predicate = true> <Delay = 3.65> <CoreInst = "m_axi">   --->   Core 119 'm_axi' <Latency = 6> <II = 1> <Delay = 1.00> <Adapter> <Opcode : 'readrequnaligned' 'writerequnaligned' 'read' 'write' 'readreq' 'writereq' 'writeresp'>
ST_7 : Operation 129 [68/71] (3.65ns)   --->   "%gmem_load_2_req = readreq i1 @_ssdm_op_ReadReq.m_axi.i512P1A, i64 %gmem_addr_2, i64 1" [../src/grayscale.cpp:9->../src/canny_top.cpp:28]   --->   Operation 129 'readreq' 'gmem_load_2_req' <Predicate = true> <Delay = 3.65> <CoreInst = "m_axi">   --->   Core 119 'm_axi' <Latency = 6> <II = 1> <Delay = 1.00> <Adapter> <Opcode : 'readrequnaligned' 'writerequnaligned' 'read' 'write' 'readreq' 'writereq' 'writeresp'>

State 8 <SV = 7> <Delay = 0.00>
ST_8 : Operation 130 [65/71] (3.65ns)   --->   "%gmem_load_req = readreq i1 @_ssdm_op_ReadReq.m_axi.i512P1A, i64 %gmem_addr, i64 1" [../src/grayscale.cpp:9->../src/canny_top.cpp:28]   --->   Operation 130 'readreq' 'gmem_load_req' <Predicate = true> <Delay = 3.65> <CoreInst = "m_axi">   --->   Core 119 'm_axi' <Latency = 6> <II = 1> <Delay = 1.00> <Adapter> <Opcode : 'readrequnaligned' 'writerequnaligned' 'read' 'write' 'readreq' 'writereq' 'writeresp'>
ST_8 : Operation 131 [66/71] (3.65ns)   --->   "%gmem_load_1_req = readreq i1 @_ssdm_op_ReadReq.m_axi.i512P1A, i64 %gmem_addr_1, i64 1" [../src/grayscale.cpp:9->../src/canny_top.cpp:28]   --->   Operation 131 'readreq' 'gmem_load_1_req' <Predicate = true> <Delay = 3.65> <CoreInst = "m_axi">   --->   Core 119 'm_axi' <Latency = 6> <II = 1> <Delay = 1.00> <Adapter> <Opcode : 'readrequnaligned' 'writerequnaligned' 'read' 'write' 'readreq' 'writereq' 'writeresp'>
ST_8 : Operation 132 [67/71] (3.65ns)   --->   "%gmem_load_2_req = readreq i1 @_ssdm_op_ReadReq.m_axi.i512P1A, i64 %gmem_addr_2, i64 1" [../src/grayscale.cpp:9->../src/canny_top.cpp:28]   --->   Operation 132 'readreq' 'gmem_load_2_req' <Predicate = true> <Delay = 3.65> <CoreInst = "m_axi">   --->   Core 119 'm_axi' <Latency = 6> <II = 1> <Delay = 1.00> <Adapter> <Opcode : 'readrequnaligned' 'writerequnaligned' 'read' 'write' 'readreq' 'writereq' 'writeresp'>

State 9 <SV = 8> <Delay = 0.00>
ST_9 : Operation 133 [64/71] (3.65ns)   --->   "%gmem_load_req = readreq i1 @_ssdm_op_ReadReq.m_axi.i512P1A, i64 %gmem_addr, i64 1" [../src/grayscale.cpp:9->../src/canny_top.cpp:28]   --->   Operation 133 'readreq' 'gmem_load_req' <Predicate = true> <Delay = 3.65> <CoreInst = "m_axi">   --->   Core 119 'm_axi' <Latency = 6> <II = 1> <Delay = 1.00> <Adapter> <Opcode : 'readrequnaligned' 'writerequnaligned' 'read' 'write' 'readreq' 'writereq' 'writeresp'>
ST_9 : Operation 134 [65/71] (3.65ns)   --->   "%gmem_load_1_req = readreq i1 @_ssdm_op_ReadReq.m_axi.i512P1A, i64 %gmem_addr_1, i64 1" [../src/grayscale.cpp:9->../src/canny_top.cpp:28]   --->   Operation 134 'readreq' 'gmem_load_1_req' <Predicate = true> <Delay = 3.65> <CoreInst = "m_axi">   --->   Core 119 'm_axi' <Latency = 6> <II = 1> <Delay = 1.00> <Adapter> <Opcode : 'readrequnaligned' 'writerequnaligned' 'read' 'write' 'readreq' 'writereq' 'writeresp'>
ST_9 : Operation 135 [66/71] (3.65ns)   --->   "%gmem_load_2_req = readreq i1 @_ssdm_op_ReadReq.m_axi.i512P1A, i64 %gmem_addr_2, i64 1" [../src/grayscale.cpp:9->../src/canny_top.cpp:28]   --->   Operation 135 'readreq' 'gmem_load_2_req' <Predicate = true> <Delay = 3.65> <CoreInst = "m_axi">   --->   Core 119 'm_axi' <Latency = 6> <II = 1> <Delay = 1.00> <Adapter> <Opcode : 'readrequnaligned' 'writerequnaligned' 'read' 'write' 'readreq' 'writereq' 'writeresp'>

State 10 <SV = 9> <Delay = 0.00>
ST_10 : Operation 136 [63/71] (3.65ns)   --->   "%gmem_load_req = readreq i1 @_ssdm_op_ReadReq.m_axi.i512P1A, i64 %gmem_addr, i64 1" [../src/grayscale.cpp:9->../src/canny_top.cpp:28]   --->   Operation 136 'readreq' 'gmem_load_req' <Predicate = true> <Delay = 3.65> <CoreInst = "m_axi">   --->   Core 119 'm_axi' <Latency = 6> <II = 1> <Delay = 1.00> <Adapter> <Opcode : 'readrequnaligned' 'writerequnaligned' 'read' 'write' 'readreq' 'writereq' 'writeresp'>
ST_10 : Operation 137 [64/71] (3.65ns)   --->   "%gmem_load_1_req = readreq i1 @_ssdm_op_ReadReq.m_axi.i512P1A, i64 %gmem_addr_1, i64 1" [../src/grayscale.cpp:9->../src/canny_top.cpp:28]   --->   Operation 137 'readreq' 'gmem_load_1_req' <Predicate = true> <Delay = 3.65> <CoreInst = "m_axi">   --->   Core 119 'm_axi' <Latency = 6> <II = 1> <Delay = 1.00> <Adapter> <Opcode : 'readrequnaligned' 'writerequnaligned' 'read' 'write' 'readreq' 'writereq' 'writeresp'>
ST_10 : Operation 138 [65/71] (3.65ns)   --->   "%gmem_load_2_req = readreq i1 @_ssdm_op_ReadReq.m_axi.i512P1A, i64 %gmem_addr_2, i64 1" [../src/grayscale.cpp:9->../src/canny_top.cpp:28]   --->   Operation 138 'readreq' 'gmem_load_2_req' <Predicate = true> <Delay = 3.65> <CoreInst = "m_axi">   --->   Core 119 'm_axi' <Latency = 6> <II = 1> <Delay = 1.00> <Adapter> <Opcode : 'readrequnaligned' 'writerequnaligned' 'read' 'write' 'readreq' 'writereq' 'writeresp'>

State 11 <SV = 10> <Delay = 0.00>
ST_11 : Operation 139 [62/71] (3.65ns)   --->   "%gmem_load_req = readreq i1 @_ssdm_op_ReadReq.m_axi.i512P1A, i64 %gmem_addr, i64 1" [../src/grayscale.cpp:9->../src/canny_top.cpp:28]   --->   Operation 139 'readreq' 'gmem_load_req' <Predicate = true> <Delay = 3.65> <CoreInst = "m_axi">   --->   Core 119 'm_axi' <Latency = 6> <II = 1> <Delay = 1.00> <Adapter> <Opcode : 'readrequnaligned' 'writerequnaligned' 'read' 'write' 'readreq' 'writereq' 'writeresp'>
ST_11 : Operation 140 [63/71] (3.65ns)   --->   "%gmem_load_1_req = readreq i1 @_ssdm_op_ReadReq.m_axi.i512P1A, i64 %gmem_addr_1, i64 1" [../src/grayscale.cpp:9->../src/canny_top.cpp:28]   --->   Operation 140 'readreq' 'gmem_load_1_req' <Predicate = true> <Delay = 3.65> <CoreInst = "m_axi">   --->   Core 119 'm_axi' <Latency = 6> <II = 1> <Delay = 1.00> <Adapter> <Opcode : 'readrequnaligned' 'writerequnaligned' 'read' 'write' 'readreq' 'writereq' 'writeresp'>
ST_11 : Operation 141 [64/71] (3.65ns)   --->   "%gmem_load_2_req = readreq i1 @_ssdm_op_ReadReq.m_axi.i512P1A, i64 %gmem_addr_2, i64 1" [../src/grayscale.cpp:9->../src/canny_top.cpp:28]   --->   Operation 141 'readreq' 'gmem_load_2_req' <Predicate = true> <Delay = 3.65> <CoreInst = "m_axi">   --->   Core 119 'm_axi' <Latency = 6> <II = 1> <Delay = 1.00> <Adapter> <Opcode : 'readrequnaligned' 'writerequnaligned' 'read' 'write' 'readreq' 'writereq' 'writeresp'>

State 12 <SV = 11> <Delay = 0.00>
ST_12 : Operation 142 [61/71] (3.65ns)   --->   "%gmem_load_req = readreq i1 @_ssdm_op_ReadReq.m_axi.i512P1A, i64 %gmem_addr, i64 1" [../src/grayscale.cpp:9->../src/canny_top.cpp:28]   --->   Operation 142 'readreq' 'gmem_load_req' <Predicate = true> <Delay = 3.65> <CoreInst = "m_axi">   --->   Core 119 'm_axi' <Latency = 6> <II = 1> <Delay = 1.00> <Adapter> <Opcode : 'readrequnaligned' 'writerequnaligned' 'read' 'write' 'readreq' 'writereq' 'writeresp'>
ST_12 : Operation 143 [62/71] (3.65ns)   --->   "%gmem_load_1_req = readreq i1 @_ssdm_op_ReadReq.m_axi.i512P1A, i64 %gmem_addr_1, i64 1" [../src/grayscale.cpp:9->../src/canny_top.cpp:28]   --->   Operation 143 'readreq' 'gmem_load_1_req' <Predicate = true> <Delay = 3.65> <CoreInst = "m_axi">   --->   Core 119 'm_axi' <Latency = 6> <II = 1> <Delay = 1.00> <Adapter> <Opcode : 'readrequnaligned' 'writerequnaligned' 'read' 'write' 'readreq' 'writereq' 'writeresp'>
ST_12 : Operation 144 [63/71] (3.65ns)   --->   "%gmem_load_2_req = readreq i1 @_ssdm_op_ReadReq.m_axi.i512P1A, i64 %gmem_addr_2, i64 1" [../src/grayscale.cpp:9->../src/canny_top.cpp:28]   --->   Operation 144 'readreq' 'gmem_load_2_req' <Predicate = true> <Delay = 3.65> <CoreInst = "m_axi">   --->   Core 119 'm_axi' <Latency = 6> <II = 1> <Delay = 1.00> <Adapter> <Opcode : 'readrequnaligned' 'writerequnaligned' 'read' 'write' 'readreq' 'writereq' 'writeresp'>

State 13 <SV = 12> <Delay = 0.00>
ST_13 : Operation 145 [60/71] (3.65ns)   --->   "%gmem_load_req = readreq i1 @_ssdm_op_ReadReq.m_axi.i512P1A, i64 %gmem_addr, i64 1" [../src/grayscale.cpp:9->../src/canny_top.cpp:28]   --->   Operation 145 'readreq' 'gmem_load_req' <Predicate = true> <Delay = 3.65> <CoreInst = "m_axi">   --->   Core 119 'm_axi' <Latency = 6> <II = 1> <Delay = 1.00> <Adapter> <Opcode : 'readrequnaligned' 'writerequnaligned' 'read' 'write' 'readreq' 'writereq' 'writeresp'>
ST_13 : Operation 146 [61/71] (3.65ns)   --->   "%gmem_load_1_req = readreq i1 @_ssdm_op_ReadReq.m_axi.i512P1A, i64 %gmem_addr_1, i64 1" [../src/grayscale.cpp:9->../src/canny_top.cpp:28]   --->   Operation 146 'readreq' 'gmem_load_1_req' <Predicate = true> <Delay = 3.65> <CoreInst = "m_axi">   --->   Core 119 'm_axi' <Latency = 6> <II = 1> <Delay = 1.00> <Adapter> <Opcode : 'readrequnaligned' 'writerequnaligned' 'read' 'write' 'readreq' 'writereq' 'writeresp'>
ST_13 : Operation 147 [62/71] (3.65ns)   --->   "%gmem_load_2_req = readreq i1 @_ssdm_op_ReadReq.m_axi.i512P1A, i64 %gmem_addr_2, i64 1" [../src/grayscale.cpp:9->../src/canny_top.cpp:28]   --->   Operation 147 'readreq' 'gmem_load_2_req' <Predicate = true> <Delay = 3.65> <CoreInst = "m_axi">   --->   Core 119 'm_axi' <Latency = 6> <II = 1> <Delay = 1.00> <Adapter> <Opcode : 'readrequnaligned' 'writerequnaligned' 'read' 'write' 'readreq' 'writereq' 'writeresp'>

State 14 <SV = 13> <Delay = 0.00>
ST_14 : Operation 148 [59/71] (3.65ns)   --->   "%gmem_load_req = readreq i1 @_ssdm_op_ReadReq.m_axi.i512P1A, i64 %gmem_addr, i64 1" [../src/grayscale.cpp:9->../src/canny_top.cpp:28]   --->   Operation 148 'readreq' 'gmem_load_req' <Predicate = true> <Delay = 3.65> <CoreInst = "m_axi">   --->   Core 119 'm_axi' <Latency = 6> <II = 1> <Delay = 1.00> <Adapter> <Opcode : 'readrequnaligned' 'writerequnaligned' 'read' 'write' 'readreq' 'writereq' 'writeresp'>
ST_14 : Operation 149 [60/71] (3.65ns)   --->   "%gmem_load_1_req = readreq i1 @_ssdm_op_ReadReq.m_axi.i512P1A, i64 %gmem_addr_1, i64 1" [../src/grayscale.cpp:9->../src/canny_top.cpp:28]   --->   Operation 149 'readreq' 'gmem_load_1_req' <Predicate = true> <Delay = 3.65> <CoreInst = "m_axi">   --->   Core 119 'm_axi' <Latency = 6> <II = 1> <Delay = 1.00> <Adapter> <Opcode : 'readrequnaligned' 'writerequnaligned' 'read' 'write' 'readreq' 'writereq' 'writeresp'>
ST_14 : Operation 150 [61/71] (3.65ns)   --->   "%gmem_load_2_req = readreq i1 @_ssdm_op_ReadReq.m_axi.i512P1A, i64 %gmem_addr_2, i64 1" [../src/grayscale.cpp:9->../src/canny_top.cpp:28]   --->   Operation 150 'readreq' 'gmem_load_2_req' <Predicate = true> <Delay = 3.65> <CoreInst = "m_axi">   --->   Core 119 'm_axi' <Latency = 6> <II = 1> <Delay = 1.00> <Adapter> <Opcode : 'readrequnaligned' 'writerequnaligned' 'read' 'write' 'readreq' 'writereq' 'writeresp'>

State 15 <SV = 14> <Delay = 0.00>
ST_15 : Operation 151 [58/71] (3.65ns)   --->   "%gmem_load_req = readreq i1 @_ssdm_op_ReadReq.m_axi.i512P1A, i64 %gmem_addr, i64 1" [../src/grayscale.cpp:9->../src/canny_top.cpp:28]   --->   Operation 151 'readreq' 'gmem_load_req' <Predicate = true> <Delay = 3.65> <CoreInst = "m_axi">   --->   Core 119 'm_axi' <Latency = 6> <II = 1> <Delay = 1.00> <Adapter> <Opcode : 'readrequnaligned' 'writerequnaligned' 'read' 'write' 'readreq' 'writereq' 'writeresp'>
ST_15 : Operation 152 [59/71] (3.65ns)   --->   "%gmem_load_1_req = readreq i1 @_ssdm_op_ReadReq.m_axi.i512P1A, i64 %gmem_addr_1, i64 1" [../src/grayscale.cpp:9->../src/canny_top.cpp:28]   --->   Operation 152 'readreq' 'gmem_load_1_req' <Predicate = true> <Delay = 3.65> <CoreInst = "m_axi">   --->   Core 119 'm_axi' <Latency = 6> <II = 1> <Delay = 1.00> <Adapter> <Opcode : 'readrequnaligned' 'writerequnaligned' 'read' 'write' 'readreq' 'writereq' 'writeresp'>
ST_15 : Operation 153 [60/71] (3.65ns)   --->   "%gmem_load_2_req = readreq i1 @_ssdm_op_ReadReq.m_axi.i512P1A, i64 %gmem_addr_2, i64 1" [../src/grayscale.cpp:9->../src/canny_top.cpp:28]   --->   Operation 153 'readreq' 'gmem_load_2_req' <Predicate = true> <Delay = 3.65> <CoreInst = "m_axi">   --->   Core 119 'm_axi' <Latency = 6> <II = 1> <Delay = 1.00> <Adapter> <Opcode : 'readrequnaligned' 'writerequnaligned' 'read' 'write' 'readreq' 'writereq' 'writeresp'>

State 16 <SV = 15> <Delay = 0.00>
ST_16 : Operation 154 [57/71] (3.65ns)   --->   "%gmem_load_req = readreq i1 @_ssdm_op_ReadReq.m_axi.i512P1A, i64 %gmem_addr, i64 1" [../src/grayscale.cpp:9->../src/canny_top.cpp:28]   --->   Operation 154 'readreq' 'gmem_load_req' <Predicate = true> <Delay = 3.65> <CoreInst = "m_axi">   --->   Core 119 'm_axi' <Latency = 6> <II = 1> <Delay = 1.00> <Adapter> <Opcode : 'readrequnaligned' 'writerequnaligned' 'read' 'write' 'readreq' 'writereq' 'writeresp'>
ST_16 : Operation 155 [58/71] (3.65ns)   --->   "%gmem_load_1_req = readreq i1 @_ssdm_op_ReadReq.m_axi.i512P1A, i64 %gmem_addr_1, i64 1" [../src/grayscale.cpp:9->../src/canny_top.cpp:28]   --->   Operation 155 'readreq' 'gmem_load_1_req' <Predicate = true> <Delay = 3.65> <CoreInst = "m_axi">   --->   Core 119 'm_axi' <Latency = 6> <II = 1> <Delay = 1.00> <Adapter> <Opcode : 'readrequnaligned' 'writerequnaligned' 'read' 'write' 'readreq' 'writereq' 'writeresp'>
ST_16 : Operation 156 [59/71] (3.65ns)   --->   "%gmem_load_2_req = readreq i1 @_ssdm_op_ReadReq.m_axi.i512P1A, i64 %gmem_addr_2, i64 1" [../src/grayscale.cpp:9->../src/canny_top.cpp:28]   --->   Operation 156 'readreq' 'gmem_load_2_req' <Predicate = true> <Delay = 3.65> <CoreInst = "m_axi">   --->   Core 119 'm_axi' <Latency = 6> <II = 1> <Delay = 1.00> <Adapter> <Opcode : 'readrequnaligned' 'writerequnaligned' 'read' 'write' 'readreq' 'writereq' 'writeresp'>

State 17 <SV = 16> <Delay = 0.00>
ST_17 : Operation 157 [56/71] (3.65ns)   --->   "%gmem_load_req = readreq i1 @_ssdm_op_ReadReq.m_axi.i512P1A, i64 %gmem_addr, i64 1" [../src/grayscale.cpp:9->../src/canny_top.cpp:28]   --->   Operation 157 'readreq' 'gmem_load_req' <Predicate = true> <Delay = 3.65> <CoreInst = "m_axi">   --->   Core 119 'm_axi' <Latency = 6> <II = 1> <Delay = 1.00> <Adapter> <Opcode : 'readrequnaligned' 'writerequnaligned' 'read' 'write' 'readreq' 'writereq' 'writeresp'>
ST_17 : Operation 158 [57/71] (3.65ns)   --->   "%gmem_load_1_req = readreq i1 @_ssdm_op_ReadReq.m_axi.i512P1A, i64 %gmem_addr_1, i64 1" [../src/grayscale.cpp:9->../src/canny_top.cpp:28]   --->   Operation 158 'readreq' 'gmem_load_1_req' <Predicate = true> <Delay = 3.65> <CoreInst = "m_axi">   --->   Core 119 'm_axi' <Latency = 6> <II = 1> <Delay = 1.00> <Adapter> <Opcode : 'readrequnaligned' 'writerequnaligned' 'read' 'write' 'readreq' 'writereq' 'writeresp'>
ST_17 : Operation 159 [58/71] (3.65ns)   --->   "%gmem_load_2_req = readreq i1 @_ssdm_op_ReadReq.m_axi.i512P1A, i64 %gmem_addr_2, i64 1" [../src/grayscale.cpp:9->../src/canny_top.cpp:28]   --->   Operation 159 'readreq' 'gmem_load_2_req' <Predicate = true> <Delay = 3.65> <CoreInst = "m_axi">   --->   Core 119 'm_axi' <Latency = 6> <II = 1> <Delay = 1.00> <Adapter> <Opcode : 'readrequnaligned' 'writerequnaligned' 'read' 'write' 'readreq' 'writereq' 'writeresp'>

State 18 <SV = 17> <Delay = 0.00>
ST_18 : Operation 160 [55/71] (3.65ns)   --->   "%gmem_load_req = readreq i1 @_ssdm_op_ReadReq.m_axi.i512P1A, i64 %gmem_addr, i64 1" [../src/grayscale.cpp:9->../src/canny_top.cpp:28]   --->   Operation 160 'readreq' 'gmem_load_req' <Predicate = true> <Delay = 3.65> <CoreInst = "m_axi">   --->   Core 119 'm_axi' <Latency = 6> <II = 1> <Delay = 1.00> <Adapter> <Opcode : 'readrequnaligned' 'writerequnaligned' 'read' 'write' 'readreq' 'writereq' 'writeresp'>
ST_18 : Operation 161 [56/71] (3.65ns)   --->   "%gmem_load_1_req = readreq i1 @_ssdm_op_ReadReq.m_axi.i512P1A, i64 %gmem_addr_1, i64 1" [../src/grayscale.cpp:9->../src/canny_top.cpp:28]   --->   Operation 161 'readreq' 'gmem_load_1_req' <Predicate = true> <Delay = 3.65> <CoreInst = "m_axi">   --->   Core 119 'm_axi' <Latency = 6> <II = 1> <Delay = 1.00> <Adapter> <Opcode : 'readrequnaligned' 'writerequnaligned' 'read' 'write' 'readreq' 'writereq' 'writeresp'>
ST_18 : Operation 162 [57/71] (3.65ns)   --->   "%gmem_load_2_req = readreq i1 @_ssdm_op_ReadReq.m_axi.i512P1A, i64 %gmem_addr_2, i64 1" [../src/grayscale.cpp:9->../src/canny_top.cpp:28]   --->   Operation 162 'readreq' 'gmem_load_2_req' <Predicate = true> <Delay = 3.65> <CoreInst = "m_axi">   --->   Core 119 'm_axi' <Latency = 6> <II = 1> <Delay = 1.00> <Adapter> <Opcode : 'readrequnaligned' 'writerequnaligned' 'read' 'write' 'readreq' 'writereq' 'writeresp'>

State 19 <SV = 18> <Delay = 0.00>
ST_19 : Operation 163 [54/71] (3.65ns)   --->   "%gmem_load_req = readreq i1 @_ssdm_op_ReadReq.m_axi.i512P1A, i64 %gmem_addr, i64 1" [../src/grayscale.cpp:9->../src/canny_top.cpp:28]   --->   Operation 163 'readreq' 'gmem_load_req' <Predicate = true> <Delay = 3.65> <CoreInst = "m_axi">   --->   Core 119 'm_axi' <Latency = 6> <II = 1> <Delay = 1.00> <Adapter> <Opcode : 'readrequnaligned' 'writerequnaligned' 'read' 'write' 'readreq' 'writereq' 'writeresp'>
ST_19 : Operation 164 [55/71] (3.65ns)   --->   "%gmem_load_1_req = readreq i1 @_ssdm_op_ReadReq.m_axi.i512P1A, i64 %gmem_addr_1, i64 1" [../src/grayscale.cpp:9->../src/canny_top.cpp:28]   --->   Operation 164 'readreq' 'gmem_load_1_req' <Predicate = true> <Delay = 3.65> <CoreInst = "m_axi">   --->   Core 119 'm_axi' <Latency = 6> <II = 1> <Delay = 1.00> <Adapter> <Opcode : 'readrequnaligned' 'writerequnaligned' 'read' 'write' 'readreq' 'writereq' 'writeresp'>
ST_19 : Operation 165 [56/71] (3.65ns)   --->   "%gmem_load_2_req = readreq i1 @_ssdm_op_ReadReq.m_axi.i512P1A, i64 %gmem_addr_2, i64 1" [../src/grayscale.cpp:9->../src/canny_top.cpp:28]   --->   Operation 165 'readreq' 'gmem_load_2_req' <Predicate = true> <Delay = 3.65> <CoreInst = "m_axi">   --->   Core 119 'm_axi' <Latency = 6> <II = 1> <Delay = 1.00> <Adapter> <Opcode : 'readrequnaligned' 'writerequnaligned' 'read' 'write' 'readreq' 'writereq' 'writeresp'>

State 20 <SV = 19> <Delay = 0.00>
ST_20 : Operation 166 [53/71] (3.65ns)   --->   "%gmem_load_req = readreq i1 @_ssdm_op_ReadReq.m_axi.i512P1A, i64 %gmem_addr, i64 1" [../src/grayscale.cpp:9->../src/canny_top.cpp:28]   --->   Operation 166 'readreq' 'gmem_load_req' <Predicate = true> <Delay = 3.65> <CoreInst = "m_axi">   --->   Core 119 'm_axi' <Latency = 6> <II = 1> <Delay = 1.00> <Adapter> <Opcode : 'readrequnaligned' 'writerequnaligned' 'read' 'write' 'readreq' 'writereq' 'writeresp'>
ST_20 : Operation 167 [54/71] (3.65ns)   --->   "%gmem_load_1_req = readreq i1 @_ssdm_op_ReadReq.m_axi.i512P1A, i64 %gmem_addr_1, i64 1" [../src/grayscale.cpp:9->../src/canny_top.cpp:28]   --->   Operation 167 'readreq' 'gmem_load_1_req' <Predicate = true> <Delay = 3.65> <CoreInst = "m_axi">   --->   Core 119 'm_axi' <Latency = 6> <II = 1> <Delay = 1.00> <Adapter> <Opcode : 'readrequnaligned' 'writerequnaligned' 'read' 'write' 'readreq' 'writereq' 'writeresp'>
ST_20 : Operation 168 [55/71] (3.65ns)   --->   "%gmem_load_2_req = readreq i1 @_ssdm_op_ReadReq.m_axi.i512P1A, i64 %gmem_addr_2, i64 1" [../src/grayscale.cpp:9->../src/canny_top.cpp:28]   --->   Operation 168 'readreq' 'gmem_load_2_req' <Predicate = true> <Delay = 3.65> <CoreInst = "m_axi">   --->   Core 119 'm_axi' <Latency = 6> <II = 1> <Delay = 1.00> <Adapter> <Opcode : 'readrequnaligned' 'writerequnaligned' 'read' 'write' 'readreq' 'writereq' 'writeresp'>

State 21 <SV = 20> <Delay = 0.00>
ST_21 : Operation 169 [52/71] (3.65ns)   --->   "%gmem_load_req = readreq i1 @_ssdm_op_ReadReq.m_axi.i512P1A, i64 %gmem_addr, i64 1" [../src/grayscale.cpp:9->../src/canny_top.cpp:28]   --->   Operation 169 'readreq' 'gmem_load_req' <Predicate = true> <Delay = 3.65> <CoreInst = "m_axi">   --->   Core 119 'm_axi' <Latency = 6> <II = 1> <Delay = 1.00> <Adapter> <Opcode : 'readrequnaligned' 'writerequnaligned' 'read' 'write' 'readreq' 'writereq' 'writeresp'>
ST_21 : Operation 170 [53/71] (3.65ns)   --->   "%gmem_load_1_req = readreq i1 @_ssdm_op_ReadReq.m_axi.i512P1A, i64 %gmem_addr_1, i64 1" [../src/grayscale.cpp:9->../src/canny_top.cpp:28]   --->   Operation 170 'readreq' 'gmem_load_1_req' <Predicate = true> <Delay = 3.65> <CoreInst = "m_axi">   --->   Core 119 'm_axi' <Latency = 6> <II = 1> <Delay = 1.00> <Adapter> <Opcode : 'readrequnaligned' 'writerequnaligned' 'read' 'write' 'readreq' 'writereq' 'writeresp'>
ST_21 : Operation 171 [54/71] (3.65ns)   --->   "%gmem_load_2_req = readreq i1 @_ssdm_op_ReadReq.m_axi.i512P1A, i64 %gmem_addr_2, i64 1" [../src/grayscale.cpp:9->../src/canny_top.cpp:28]   --->   Operation 171 'readreq' 'gmem_load_2_req' <Predicate = true> <Delay = 3.65> <CoreInst = "m_axi">   --->   Core 119 'm_axi' <Latency = 6> <II = 1> <Delay = 1.00> <Adapter> <Opcode : 'readrequnaligned' 'writerequnaligned' 'read' 'write' 'readreq' 'writereq' 'writeresp'>

State 22 <SV = 21> <Delay = 0.00>
ST_22 : Operation 172 [51/71] (3.65ns)   --->   "%gmem_load_req = readreq i1 @_ssdm_op_ReadReq.m_axi.i512P1A, i64 %gmem_addr, i64 1" [../src/grayscale.cpp:9->../src/canny_top.cpp:28]   --->   Operation 172 'readreq' 'gmem_load_req' <Predicate = true> <Delay = 3.65> <CoreInst = "m_axi">   --->   Core 119 'm_axi' <Latency = 6> <II = 1> <Delay = 1.00> <Adapter> <Opcode : 'readrequnaligned' 'writerequnaligned' 'read' 'write' 'readreq' 'writereq' 'writeresp'>
ST_22 : Operation 173 [52/71] (3.65ns)   --->   "%gmem_load_1_req = readreq i1 @_ssdm_op_ReadReq.m_axi.i512P1A, i64 %gmem_addr_1, i64 1" [../src/grayscale.cpp:9->../src/canny_top.cpp:28]   --->   Operation 173 'readreq' 'gmem_load_1_req' <Predicate = true> <Delay = 3.65> <CoreInst = "m_axi">   --->   Core 119 'm_axi' <Latency = 6> <II = 1> <Delay = 1.00> <Adapter> <Opcode : 'readrequnaligned' 'writerequnaligned' 'read' 'write' 'readreq' 'writereq' 'writeresp'>
ST_22 : Operation 174 [53/71] (3.65ns)   --->   "%gmem_load_2_req = readreq i1 @_ssdm_op_ReadReq.m_axi.i512P1A, i64 %gmem_addr_2, i64 1" [../src/grayscale.cpp:9->../src/canny_top.cpp:28]   --->   Operation 174 'readreq' 'gmem_load_2_req' <Predicate = true> <Delay = 3.65> <CoreInst = "m_axi">   --->   Core 119 'm_axi' <Latency = 6> <II = 1> <Delay = 1.00> <Adapter> <Opcode : 'readrequnaligned' 'writerequnaligned' 'read' 'write' 'readreq' 'writereq' 'writeresp'>

State 23 <SV = 22> <Delay = 0.00>
ST_23 : Operation 175 [50/71] (3.65ns)   --->   "%gmem_load_req = readreq i1 @_ssdm_op_ReadReq.m_axi.i512P1A, i64 %gmem_addr, i64 1" [../src/grayscale.cpp:9->../src/canny_top.cpp:28]   --->   Operation 175 'readreq' 'gmem_load_req' <Predicate = true> <Delay = 3.65> <CoreInst = "m_axi">   --->   Core 119 'm_axi' <Latency = 6> <II = 1> <Delay = 1.00> <Adapter> <Opcode : 'readrequnaligned' 'writerequnaligned' 'read' 'write' 'readreq' 'writereq' 'writeresp'>
ST_23 : Operation 176 [51/71] (3.65ns)   --->   "%gmem_load_1_req = readreq i1 @_ssdm_op_ReadReq.m_axi.i512P1A, i64 %gmem_addr_1, i64 1" [../src/grayscale.cpp:9->../src/canny_top.cpp:28]   --->   Operation 176 'readreq' 'gmem_load_1_req' <Predicate = true> <Delay = 3.65> <CoreInst = "m_axi">   --->   Core 119 'm_axi' <Latency = 6> <II = 1> <Delay = 1.00> <Adapter> <Opcode : 'readrequnaligned' 'writerequnaligned' 'read' 'write' 'readreq' 'writereq' 'writeresp'>
ST_23 : Operation 177 [52/71] (3.65ns)   --->   "%gmem_load_2_req = readreq i1 @_ssdm_op_ReadReq.m_axi.i512P1A, i64 %gmem_addr_2, i64 1" [../src/grayscale.cpp:9->../src/canny_top.cpp:28]   --->   Operation 177 'readreq' 'gmem_load_2_req' <Predicate = true> <Delay = 3.65> <CoreInst = "m_axi">   --->   Core 119 'm_axi' <Latency = 6> <II = 1> <Delay = 1.00> <Adapter> <Opcode : 'readrequnaligned' 'writerequnaligned' 'read' 'write' 'readreq' 'writereq' 'writeresp'>

State 24 <SV = 23> <Delay = 0.00>
ST_24 : Operation 178 [49/71] (3.65ns)   --->   "%gmem_load_req = readreq i1 @_ssdm_op_ReadReq.m_axi.i512P1A, i64 %gmem_addr, i64 1" [../src/grayscale.cpp:9->../src/canny_top.cpp:28]   --->   Operation 178 'readreq' 'gmem_load_req' <Predicate = true> <Delay = 3.65> <CoreInst = "m_axi">   --->   Core 119 'm_axi' <Latency = 6> <II = 1> <Delay = 1.00> <Adapter> <Opcode : 'readrequnaligned' 'writerequnaligned' 'read' 'write' 'readreq' 'writereq' 'writeresp'>
ST_24 : Operation 179 [50/71] (3.65ns)   --->   "%gmem_load_1_req = readreq i1 @_ssdm_op_ReadReq.m_axi.i512P1A, i64 %gmem_addr_1, i64 1" [../src/grayscale.cpp:9->../src/canny_top.cpp:28]   --->   Operation 179 'readreq' 'gmem_load_1_req' <Predicate = true> <Delay = 3.65> <CoreInst = "m_axi">   --->   Core 119 'm_axi' <Latency = 6> <II = 1> <Delay = 1.00> <Adapter> <Opcode : 'readrequnaligned' 'writerequnaligned' 'read' 'write' 'readreq' 'writereq' 'writeresp'>
ST_24 : Operation 180 [51/71] (3.65ns)   --->   "%gmem_load_2_req = readreq i1 @_ssdm_op_ReadReq.m_axi.i512P1A, i64 %gmem_addr_2, i64 1" [../src/grayscale.cpp:9->../src/canny_top.cpp:28]   --->   Operation 180 'readreq' 'gmem_load_2_req' <Predicate = true> <Delay = 3.65> <CoreInst = "m_axi">   --->   Core 119 'm_axi' <Latency = 6> <II = 1> <Delay = 1.00> <Adapter> <Opcode : 'readrequnaligned' 'writerequnaligned' 'read' 'write' 'readreq' 'writereq' 'writeresp'>

State 25 <SV = 24> <Delay = 0.00>
ST_25 : Operation 181 [48/71] (3.65ns)   --->   "%gmem_load_req = readreq i1 @_ssdm_op_ReadReq.m_axi.i512P1A, i64 %gmem_addr, i64 1" [../src/grayscale.cpp:9->../src/canny_top.cpp:28]   --->   Operation 181 'readreq' 'gmem_load_req' <Predicate = true> <Delay = 3.65> <CoreInst = "m_axi">   --->   Core 119 'm_axi' <Latency = 6> <II = 1> <Delay = 1.00> <Adapter> <Opcode : 'readrequnaligned' 'writerequnaligned' 'read' 'write' 'readreq' 'writereq' 'writeresp'>
ST_25 : Operation 182 [49/71] (3.65ns)   --->   "%gmem_load_1_req = readreq i1 @_ssdm_op_ReadReq.m_axi.i512P1A, i64 %gmem_addr_1, i64 1" [../src/grayscale.cpp:9->../src/canny_top.cpp:28]   --->   Operation 182 'readreq' 'gmem_load_1_req' <Predicate = true> <Delay = 3.65> <CoreInst = "m_axi">   --->   Core 119 'm_axi' <Latency = 6> <II = 1> <Delay = 1.00> <Adapter> <Opcode : 'readrequnaligned' 'writerequnaligned' 'read' 'write' 'readreq' 'writereq' 'writeresp'>
ST_25 : Operation 183 [50/71] (3.65ns)   --->   "%gmem_load_2_req = readreq i1 @_ssdm_op_ReadReq.m_axi.i512P1A, i64 %gmem_addr_2, i64 1" [../src/grayscale.cpp:9->../src/canny_top.cpp:28]   --->   Operation 183 'readreq' 'gmem_load_2_req' <Predicate = true> <Delay = 3.65> <CoreInst = "m_axi">   --->   Core 119 'm_axi' <Latency = 6> <II = 1> <Delay = 1.00> <Adapter> <Opcode : 'readrequnaligned' 'writerequnaligned' 'read' 'write' 'readreq' 'writereq' 'writeresp'>

State 26 <SV = 25> <Delay = 0.00>
ST_26 : Operation 184 [47/71] (3.65ns)   --->   "%gmem_load_req = readreq i1 @_ssdm_op_ReadReq.m_axi.i512P1A, i64 %gmem_addr, i64 1" [../src/grayscale.cpp:9->../src/canny_top.cpp:28]   --->   Operation 184 'readreq' 'gmem_load_req' <Predicate = true> <Delay = 3.65> <CoreInst = "m_axi">   --->   Core 119 'm_axi' <Latency = 6> <II = 1> <Delay = 1.00> <Adapter> <Opcode : 'readrequnaligned' 'writerequnaligned' 'read' 'write' 'readreq' 'writereq' 'writeresp'>
ST_26 : Operation 185 [48/71] (3.65ns)   --->   "%gmem_load_1_req = readreq i1 @_ssdm_op_ReadReq.m_axi.i512P1A, i64 %gmem_addr_1, i64 1" [../src/grayscale.cpp:9->../src/canny_top.cpp:28]   --->   Operation 185 'readreq' 'gmem_load_1_req' <Predicate = true> <Delay = 3.65> <CoreInst = "m_axi">   --->   Core 119 'm_axi' <Latency = 6> <II = 1> <Delay = 1.00> <Adapter> <Opcode : 'readrequnaligned' 'writerequnaligned' 'read' 'write' 'readreq' 'writereq' 'writeresp'>
ST_26 : Operation 186 [49/71] (3.65ns)   --->   "%gmem_load_2_req = readreq i1 @_ssdm_op_ReadReq.m_axi.i512P1A, i64 %gmem_addr_2, i64 1" [../src/grayscale.cpp:9->../src/canny_top.cpp:28]   --->   Operation 186 'readreq' 'gmem_load_2_req' <Predicate = true> <Delay = 3.65> <CoreInst = "m_axi">   --->   Core 119 'm_axi' <Latency = 6> <II = 1> <Delay = 1.00> <Adapter> <Opcode : 'readrequnaligned' 'writerequnaligned' 'read' 'write' 'readreq' 'writereq' 'writeresp'>

State 27 <SV = 26> <Delay = 0.00>
ST_27 : Operation 187 [46/71] (3.65ns)   --->   "%gmem_load_req = readreq i1 @_ssdm_op_ReadReq.m_axi.i512P1A, i64 %gmem_addr, i64 1" [../src/grayscale.cpp:9->../src/canny_top.cpp:28]   --->   Operation 187 'readreq' 'gmem_load_req' <Predicate = true> <Delay = 3.65> <CoreInst = "m_axi">   --->   Core 119 'm_axi' <Latency = 6> <II = 1> <Delay = 1.00> <Adapter> <Opcode : 'readrequnaligned' 'writerequnaligned' 'read' 'write' 'readreq' 'writereq' 'writeresp'>
ST_27 : Operation 188 [47/71] (3.65ns)   --->   "%gmem_load_1_req = readreq i1 @_ssdm_op_ReadReq.m_axi.i512P1A, i64 %gmem_addr_1, i64 1" [../src/grayscale.cpp:9->../src/canny_top.cpp:28]   --->   Operation 188 'readreq' 'gmem_load_1_req' <Predicate = true> <Delay = 3.65> <CoreInst = "m_axi">   --->   Core 119 'm_axi' <Latency = 6> <II = 1> <Delay = 1.00> <Adapter> <Opcode : 'readrequnaligned' 'writerequnaligned' 'read' 'write' 'readreq' 'writereq' 'writeresp'>
ST_27 : Operation 189 [48/71] (3.65ns)   --->   "%gmem_load_2_req = readreq i1 @_ssdm_op_ReadReq.m_axi.i512P1A, i64 %gmem_addr_2, i64 1" [../src/grayscale.cpp:9->../src/canny_top.cpp:28]   --->   Operation 189 'readreq' 'gmem_load_2_req' <Predicate = true> <Delay = 3.65> <CoreInst = "m_axi">   --->   Core 119 'm_axi' <Latency = 6> <II = 1> <Delay = 1.00> <Adapter> <Opcode : 'readrequnaligned' 'writerequnaligned' 'read' 'write' 'readreq' 'writereq' 'writeresp'>

State 28 <SV = 27> <Delay = 0.00>
ST_28 : Operation 190 [45/71] (3.65ns)   --->   "%gmem_load_req = readreq i1 @_ssdm_op_ReadReq.m_axi.i512P1A, i64 %gmem_addr, i64 1" [../src/grayscale.cpp:9->../src/canny_top.cpp:28]   --->   Operation 190 'readreq' 'gmem_load_req' <Predicate = true> <Delay = 3.65> <CoreInst = "m_axi">   --->   Core 119 'm_axi' <Latency = 6> <II = 1> <Delay = 1.00> <Adapter> <Opcode : 'readrequnaligned' 'writerequnaligned' 'read' 'write' 'readreq' 'writereq' 'writeresp'>
ST_28 : Operation 191 [46/71] (3.65ns)   --->   "%gmem_load_1_req = readreq i1 @_ssdm_op_ReadReq.m_axi.i512P1A, i64 %gmem_addr_1, i64 1" [../src/grayscale.cpp:9->../src/canny_top.cpp:28]   --->   Operation 191 'readreq' 'gmem_load_1_req' <Predicate = true> <Delay = 3.65> <CoreInst = "m_axi">   --->   Core 119 'm_axi' <Latency = 6> <II = 1> <Delay = 1.00> <Adapter> <Opcode : 'readrequnaligned' 'writerequnaligned' 'read' 'write' 'readreq' 'writereq' 'writeresp'>
ST_28 : Operation 192 [47/71] (3.65ns)   --->   "%gmem_load_2_req = readreq i1 @_ssdm_op_ReadReq.m_axi.i512P1A, i64 %gmem_addr_2, i64 1" [../src/grayscale.cpp:9->../src/canny_top.cpp:28]   --->   Operation 192 'readreq' 'gmem_load_2_req' <Predicate = true> <Delay = 3.65> <CoreInst = "m_axi">   --->   Core 119 'm_axi' <Latency = 6> <II = 1> <Delay = 1.00> <Adapter> <Opcode : 'readrequnaligned' 'writerequnaligned' 'read' 'write' 'readreq' 'writereq' 'writeresp'>

State 29 <SV = 28> <Delay = 0.00>
ST_29 : Operation 193 [44/71] (3.65ns)   --->   "%gmem_load_req = readreq i1 @_ssdm_op_ReadReq.m_axi.i512P1A, i64 %gmem_addr, i64 1" [../src/grayscale.cpp:9->../src/canny_top.cpp:28]   --->   Operation 193 'readreq' 'gmem_load_req' <Predicate = true> <Delay = 3.65> <CoreInst = "m_axi">   --->   Core 119 'm_axi' <Latency = 6> <II = 1> <Delay = 1.00> <Adapter> <Opcode : 'readrequnaligned' 'writerequnaligned' 'read' 'write' 'readreq' 'writereq' 'writeresp'>
ST_29 : Operation 194 [45/71] (3.65ns)   --->   "%gmem_load_1_req = readreq i1 @_ssdm_op_ReadReq.m_axi.i512P1A, i64 %gmem_addr_1, i64 1" [../src/grayscale.cpp:9->../src/canny_top.cpp:28]   --->   Operation 194 'readreq' 'gmem_load_1_req' <Predicate = true> <Delay = 3.65> <CoreInst = "m_axi">   --->   Core 119 'm_axi' <Latency = 6> <II = 1> <Delay = 1.00> <Adapter> <Opcode : 'readrequnaligned' 'writerequnaligned' 'read' 'write' 'readreq' 'writereq' 'writeresp'>
ST_29 : Operation 195 [46/71] (3.65ns)   --->   "%gmem_load_2_req = readreq i1 @_ssdm_op_ReadReq.m_axi.i512P1A, i64 %gmem_addr_2, i64 1" [../src/grayscale.cpp:9->../src/canny_top.cpp:28]   --->   Operation 195 'readreq' 'gmem_load_2_req' <Predicate = true> <Delay = 3.65> <CoreInst = "m_axi">   --->   Core 119 'm_axi' <Latency = 6> <II = 1> <Delay = 1.00> <Adapter> <Opcode : 'readrequnaligned' 'writerequnaligned' 'read' 'write' 'readreq' 'writereq' 'writeresp'>

State 30 <SV = 29> <Delay = 0.00>
ST_30 : Operation 196 [43/71] (3.65ns)   --->   "%gmem_load_req = readreq i1 @_ssdm_op_ReadReq.m_axi.i512P1A, i64 %gmem_addr, i64 1" [../src/grayscale.cpp:9->../src/canny_top.cpp:28]   --->   Operation 196 'readreq' 'gmem_load_req' <Predicate = true> <Delay = 3.65> <CoreInst = "m_axi">   --->   Core 119 'm_axi' <Latency = 6> <II = 1> <Delay = 1.00> <Adapter> <Opcode : 'readrequnaligned' 'writerequnaligned' 'read' 'write' 'readreq' 'writereq' 'writeresp'>
ST_30 : Operation 197 [44/71] (3.65ns)   --->   "%gmem_load_1_req = readreq i1 @_ssdm_op_ReadReq.m_axi.i512P1A, i64 %gmem_addr_1, i64 1" [../src/grayscale.cpp:9->../src/canny_top.cpp:28]   --->   Operation 197 'readreq' 'gmem_load_1_req' <Predicate = true> <Delay = 3.65> <CoreInst = "m_axi">   --->   Core 119 'm_axi' <Latency = 6> <II = 1> <Delay = 1.00> <Adapter> <Opcode : 'readrequnaligned' 'writerequnaligned' 'read' 'write' 'readreq' 'writereq' 'writeresp'>
ST_30 : Operation 198 [45/71] (3.65ns)   --->   "%gmem_load_2_req = readreq i1 @_ssdm_op_ReadReq.m_axi.i512P1A, i64 %gmem_addr_2, i64 1" [../src/grayscale.cpp:9->../src/canny_top.cpp:28]   --->   Operation 198 'readreq' 'gmem_load_2_req' <Predicate = true> <Delay = 3.65> <CoreInst = "m_axi">   --->   Core 119 'm_axi' <Latency = 6> <II = 1> <Delay = 1.00> <Adapter> <Opcode : 'readrequnaligned' 'writerequnaligned' 'read' 'write' 'readreq' 'writereq' 'writeresp'>

State 31 <SV = 30> <Delay = 0.00>
ST_31 : Operation 199 [42/71] (3.65ns)   --->   "%gmem_load_req = readreq i1 @_ssdm_op_ReadReq.m_axi.i512P1A, i64 %gmem_addr, i64 1" [../src/grayscale.cpp:9->../src/canny_top.cpp:28]   --->   Operation 199 'readreq' 'gmem_load_req' <Predicate = true> <Delay = 3.65> <CoreInst = "m_axi">   --->   Core 119 'm_axi' <Latency = 6> <II = 1> <Delay = 1.00> <Adapter> <Opcode : 'readrequnaligned' 'writerequnaligned' 'read' 'write' 'readreq' 'writereq' 'writeresp'>
ST_31 : Operation 200 [43/71] (3.65ns)   --->   "%gmem_load_1_req = readreq i1 @_ssdm_op_ReadReq.m_axi.i512P1A, i64 %gmem_addr_1, i64 1" [../src/grayscale.cpp:9->../src/canny_top.cpp:28]   --->   Operation 200 'readreq' 'gmem_load_1_req' <Predicate = true> <Delay = 3.65> <CoreInst = "m_axi">   --->   Core 119 'm_axi' <Latency = 6> <II = 1> <Delay = 1.00> <Adapter> <Opcode : 'readrequnaligned' 'writerequnaligned' 'read' 'write' 'readreq' 'writereq' 'writeresp'>
ST_31 : Operation 201 [44/71] (3.65ns)   --->   "%gmem_load_2_req = readreq i1 @_ssdm_op_ReadReq.m_axi.i512P1A, i64 %gmem_addr_2, i64 1" [../src/grayscale.cpp:9->../src/canny_top.cpp:28]   --->   Operation 201 'readreq' 'gmem_load_2_req' <Predicate = true> <Delay = 3.65> <CoreInst = "m_axi">   --->   Core 119 'm_axi' <Latency = 6> <II = 1> <Delay = 1.00> <Adapter> <Opcode : 'readrequnaligned' 'writerequnaligned' 'read' 'write' 'readreq' 'writereq' 'writeresp'>

State 32 <SV = 31> <Delay = 0.00>
ST_32 : Operation 202 [41/71] (3.65ns)   --->   "%gmem_load_req = readreq i1 @_ssdm_op_ReadReq.m_axi.i512P1A, i64 %gmem_addr, i64 1" [../src/grayscale.cpp:9->../src/canny_top.cpp:28]   --->   Operation 202 'readreq' 'gmem_load_req' <Predicate = true> <Delay = 3.65> <CoreInst = "m_axi">   --->   Core 119 'm_axi' <Latency = 6> <II = 1> <Delay = 1.00> <Adapter> <Opcode : 'readrequnaligned' 'writerequnaligned' 'read' 'write' 'readreq' 'writereq' 'writeresp'>
ST_32 : Operation 203 [42/71] (3.65ns)   --->   "%gmem_load_1_req = readreq i1 @_ssdm_op_ReadReq.m_axi.i512P1A, i64 %gmem_addr_1, i64 1" [../src/grayscale.cpp:9->../src/canny_top.cpp:28]   --->   Operation 203 'readreq' 'gmem_load_1_req' <Predicate = true> <Delay = 3.65> <CoreInst = "m_axi">   --->   Core 119 'm_axi' <Latency = 6> <II = 1> <Delay = 1.00> <Adapter> <Opcode : 'readrequnaligned' 'writerequnaligned' 'read' 'write' 'readreq' 'writereq' 'writeresp'>
ST_32 : Operation 204 [43/71] (3.65ns)   --->   "%gmem_load_2_req = readreq i1 @_ssdm_op_ReadReq.m_axi.i512P1A, i64 %gmem_addr_2, i64 1" [../src/grayscale.cpp:9->../src/canny_top.cpp:28]   --->   Operation 204 'readreq' 'gmem_load_2_req' <Predicate = true> <Delay = 3.65> <CoreInst = "m_axi">   --->   Core 119 'm_axi' <Latency = 6> <II = 1> <Delay = 1.00> <Adapter> <Opcode : 'readrequnaligned' 'writerequnaligned' 'read' 'write' 'readreq' 'writereq' 'writeresp'>

State 33 <SV = 32> <Delay = 0.00>
ST_33 : Operation 205 [40/71] (3.65ns)   --->   "%gmem_load_req = readreq i1 @_ssdm_op_ReadReq.m_axi.i512P1A, i64 %gmem_addr, i64 1" [../src/grayscale.cpp:9->../src/canny_top.cpp:28]   --->   Operation 205 'readreq' 'gmem_load_req' <Predicate = true> <Delay = 3.65> <CoreInst = "m_axi">   --->   Core 119 'm_axi' <Latency = 6> <II = 1> <Delay = 1.00> <Adapter> <Opcode : 'readrequnaligned' 'writerequnaligned' 'read' 'write' 'readreq' 'writereq' 'writeresp'>
ST_33 : Operation 206 [41/71] (3.65ns)   --->   "%gmem_load_1_req = readreq i1 @_ssdm_op_ReadReq.m_axi.i512P1A, i64 %gmem_addr_1, i64 1" [../src/grayscale.cpp:9->../src/canny_top.cpp:28]   --->   Operation 206 'readreq' 'gmem_load_1_req' <Predicate = true> <Delay = 3.65> <CoreInst = "m_axi">   --->   Core 119 'm_axi' <Latency = 6> <II = 1> <Delay = 1.00> <Adapter> <Opcode : 'readrequnaligned' 'writerequnaligned' 'read' 'write' 'readreq' 'writereq' 'writeresp'>
ST_33 : Operation 207 [42/71] (3.65ns)   --->   "%gmem_load_2_req = readreq i1 @_ssdm_op_ReadReq.m_axi.i512P1A, i64 %gmem_addr_2, i64 1" [../src/grayscale.cpp:9->../src/canny_top.cpp:28]   --->   Operation 207 'readreq' 'gmem_load_2_req' <Predicate = true> <Delay = 3.65> <CoreInst = "m_axi">   --->   Core 119 'm_axi' <Latency = 6> <II = 1> <Delay = 1.00> <Adapter> <Opcode : 'readrequnaligned' 'writerequnaligned' 'read' 'write' 'readreq' 'writereq' 'writeresp'>

State 34 <SV = 33> <Delay = 0.00>
ST_34 : Operation 208 [39/71] (3.65ns)   --->   "%gmem_load_req = readreq i1 @_ssdm_op_ReadReq.m_axi.i512P1A, i64 %gmem_addr, i64 1" [../src/grayscale.cpp:9->../src/canny_top.cpp:28]   --->   Operation 208 'readreq' 'gmem_load_req' <Predicate = true> <Delay = 3.65> <CoreInst = "m_axi">   --->   Core 119 'm_axi' <Latency = 6> <II = 1> <Delay = 1.00> <Adapter> <Opcode : 'readrequnaligned' 'writerequnaligned' 'read' 'write' 'readreq' 'writereq' 'writeresp'>
ST_34 : Operation 209 [40/71] (3.65ns)   --->   "%gmem_load_1_req = readreq i1 @_ssdm_op_ReadReq.m_axi.i512P1A, i64 %gmem_addr_1, i64 1" [../src/grayscale.cpp:9->../src/canny_top.cpp:28]   --->   Operation 209 'readreq' 'gmem_load_1_req' <Predicate = true> <Delay = 3.65> <CoreInst = "m_axi">   --->   Core 119 'm_axi' <Latency = 6> <II = 1> <Delay = 1.00> <Adapter> <Opcode : 'readrequnaligned' 'writerequnaligned' 'read' 'write' 'readreq' 'writereq' 'writeresp'>
ST_34 : Operation 210 [41/71] (3.65ns)   --->   "%gmem_load_2_req = readreq i1 @_ssdm_op_ReadReq.m_axi.i512P1A, i64 %gmem_addr_2, i64 1" [../src/grayscale.cpp:9->../src/canny_top.cpp:28]   --->   Operation 210 'readreq' 'gmem_load_2_req' <Predicate = true> <Delay = 3.65> <CoreInst = "m_axi">   --->   Core 119 'm_axi' <Latency = 6> <II = 1> <Delay = 1.00> <Adapter> <Opcode : 'readrequnaligned' 'writerequnaligned' 'read' 'write' 'readreq' 'writereq' 'writeresp'>

State 35 <SV = 34> <Delay = 0.00>
ST_35 : Operation 211 [38/71] (3.65ns)   --->   "%gmem_load_req = readreq i1 @_ssdm_op_ReadReq.m_axi.i512P1A, i64 %gmem_addr, i64 1" [../src/grayscale.cpp:9->../src/canny_top.cpp:28]   --->   Operation 211 'readreq' 'gmem_load_req' <Predicate = true> <Delay = 3.65> <CoreInst = "m_axi">   --->   Core 119 'm_axi' <Latency = 6> <II = 1> <Delay = 1.00> <Adapter> <Opcode : 'readrequnaligned' 'writerequnaligned' 'read' 'write' 'readreq' 'writereq' 'writeresp'>
ST_35 : Operation 212 [39/71] (3.65ns)   --->   "%gmem_load_1_req = readreq i1 @_ssdm_op_ReadReq.m_axi.i512P1A, i64 %gmem_addr_1, i64 1" [../src/grayscale.cpp:9->../src/canny_top.cpp:28]   --->   Operation 212 'readreq' 'gmem_load_1_req' <Predicate = true> <Delay = 3.65> <CoreInst = "m_axi">   --->   Core 119 'm_axi' <Latency = 6> <II = 1> <Delay = 1.00> <Adapter> <Opcode : 'readrequnaligned' 'writerequnaligned' 'read' 'write' 'readreq' 'writereq' 'writeresp'>
ST_35 : Operation 213 [40/71] (3.65ns)   --->   "%gmem_load_2_req = readreq i1 @_ssdm_op_ReadReq.m_axi.i512P1A, i64 %gmem_addr_2, i64 1" [../src/grayscale.cpp:9->../src/canny_top.cpp:28]   --->   Operation 213 'readreq' 'gmem_load_2_req' <Predicate = true> <Delay = 3.65> <CoreInst = "m_axi">   --->   Core 119 'm_axi' <Latency = 6> <II = 1> <Delay = 1.00> <Adapter> <Opcode : 'readrequnaligned' 'writerequnaligned' 'read' 'write' 'readreq' 'writereq' 'writeresp'>

State 36 <SV = 35> <Delay = 0.00>
ST_36 : Operation 214 [37/71] (3.65ns)   --->   "%gmem_load_req = readreq i1 @_ssdm_op_ReadReq.m_axi.i512P1A, i64 %gmem_addr, i64 1" [../src/grayscale.cpp:9->../src/canny_top.cpp:28]   --->   Operation 214 'readreq' 'gmem_load_req' <Predicate = true> <Delay = 3.65> <CoreInst = "m_axi">   --->   Core 119 'm_axi' <Latency = 6> <II = 1> <Delay = 1.00> <Adapter> <Opcode : 'readrequnaligned' 'writerequnaligned' 'read' 'write' 'readreq' 'writereq' 'writeresp'>
ST_36 : Operation 215 [38/71] (3.65ns)   --->   "%gmem_load_1_req = readreq i1 @_ssdm_op_ReadReq.m_axi.i512P1A, i64 %gmem_addr_1, i64 1" [../src/grayscale.cpp:9->../src/canny_top.cpp:28]   --->   Operation 215 'readreq' 'gmem_load_1_req' <Predicate = true> <Delay = 3.65> <CoreInst = "m_axi">   --->   Core 119 'm_axi' <Latency = 6> <II = 1> <Delay = 1.00> <Adapter> <Opcode : 'readrequnaligned' 'writerequnaligned' 'read' 'write' 'readreq' 'writereq' 'writeresp'>
ST_36 : Operation 216 [39/71] (3.65ns)   --->   "%gmem_load_2_req = readreq i1 @_ssdm_op_ReadReq.m_axi.i512P1A, i64 %gmem_addr_2, i64 1" [../src/grayscale.cpp:9->../src/canny_top.cpp:28]   --->   Operation 216 'readreq' 'gmem_load_2_req' <Predicate = true> <Delay = 3.65> <CoreInst = "m_axi">   --->   Core 119 'm_axi' <Latency = 6> <II = 1> <Delay = 1.00> <Adapter> <Opcode : 'readrequnaligned' 'writerequnaligned' 'read' 'write' 'readreq' 'writereq' 'writeresp'>

State 37 <SV = 36> <Delay = 0.00>
ST_37 : Operation 217 [36/71] (3.65ns)   --->   "%gmem_load_req = readreq i1 @_ssdm_op_ReadReq.m_axi.i512P1A, i64 %gmem_addr, i64 1" [../src/grayscale.cpp:9->../src/canny_top.cpp:28]   --->   Operation 217 'readreq' 'gmem_load_req' <Predicate = true> <Delay = 3.65> <CoreInst = "m_axi">   --->   Core 119 'm_axi' <Latency = 6> <II = 1> <Delay = 1.00> <Adapter> <Opcode : 'readrequnaligned' 'writerequnaligned' 'read' 'write' 'readreq' 'writereq' 'writeresp'>
ST_37 : Operation 218 [37/71] (3.65ns)   --->   "%gmem_load_1_req = readreq i1 @_ssdm_op_ReadReq.m_axi.i512P1A, i64 %gmem_addr_1, i64 1" [../src/grayscale.cpp:9->../src/canny_top.cpp:28]   --->   Operation 218 'readreq' 'gmem_load_1_req' <Predicate = true> <Delay = 3.65> <CoreInst = "m_axi">   --->   Core 119 'm_axi' <Latency = 6> <II = 1> <Delay = 1.00> <Adapter> <Opcode : 'readrequnaligned' 'writerequnaligned' 'read' 'write' 'readreq' 'writereq' 'writeresp'>
ST_37 : Operation 219 [38/71] (3.65ns)   --->   "%gmem_load_2_req = readreq i1 @_ssdm_op_ReadReq.m_axi.i512P1A, i64 %gmem_addr_2, i64 1" [../src/grayscale.cpp:9->../src/canny_top.cpp:28]   --->   Operation 219 'readreq' 'gmem_load_2_req' <Predicate = true> <Delay = 3.65> <CoreInst = "m_axi">   --->   Core 119 'm_axi' <Latency = 6> <II = 1> <Delay = 1.00> <Adapter> <Opcode : 'readrequnaligned' 'writerequnaligned' 'read' 'write' 'readreq' 'writereq' 'writeresp'>

State 38 <SV = 37> <Delay = 0.00>
ST_38 : Operation 220 [35/71] (3.65ns)   --->   "%gmem_load_req = readreq i1 @_ssdm_op_ReadReq.m_axi.i512P1A, i64 %gmem_addr, i64 1" [../src/grayscale.cpp:9->../src/canny_top.cpp:28]   --->   Operation 220 'readreq' 'gmem_load_req' <Predicate = true> <Delay = 3.65> <CoreInst = "m_axi">   --->   Core 119 'm_axi' <Latency = 6> <II = 1> <Delay = 1.00> <Adapter> <Opcode : 'readrequnaligned' 'writerequnaligned' 'read' 'write' 'readreq' 'writereq' 'writeresp'>
ST_38 : Operation 221 [36/71] (3.65ns)   --->   "%gmem_load_1_req = readreq i1 @_ssdm_op_ReadReq.m_axi.i512P1A, i64 %gmem_addr_1, i64 1" [../src/grayscale.cpp:9->../src/canny_top.cpp:28]   --->   Operation 221 'readreq' 'gmem_load_1_req' <Predicate = true> <Delay = 3.65> <CoreInst = "m_axi">   --->   Core 119 'm_axi' <Latency = 6> <II = 1> <Delay = 1.00> <Adapter> <Opcode : 'readrequnaligned' 'writerequnaligned' 'read' 'write' 'readreq' 'writereq' 'writeresp'>
ST_38 : Operation 222 [37/71] (3.65ns)   --->   "%gmem_load_2_req = readreq i1 @_ssdm_op_ReadReq.m_axi.i512P1A, i64 %gmem_addr_2, i64 1" [../src/grayscale.cpp:9->../src/canny_top.cpp:28]   --->   Operation 222 'readreq' 'gmem_load_2_req' <Predicate = true> <Delay = 3.65> <CoreInst = "m_axi">   --->   Core 119 'm_axi' <Latency = 6> <II = 1> <Delay = 1.00> <Adapter> <Opcode : 'readrequnaligned' 'writerequnaligned' 'read' 'write' 'readreq' 'writereq' 'writeresp'>

State 39 <SV = 38> <Delay = 0.00>
ST_39 : Operation 223 [34/71] (3.65ns)   --->   "%gmem_load_req = readreq i1 @_ssdm_op_ReadReq.m_axi.i512P1A, i64 %gmem_addr, i64 1" [../src/grayscale.cpp:9->../src/canny_top.cpp:28]   --->   Operation 223 'readreq' 'gmem_load_req' <Predicate = true> <Delay = 3.65> <CoreInst = "m_axi">   --->   Core 119 'm_axi' <Latency = 6> <II = 1> <Delay = 1.00> <Adapter> <Opcode : 'readrequnaligned' 'writerequnaligned' 'read' 'write' 'readreq' 'writereq' 'writeresp'>
ST_39 : Operation 224 [35/71] (3.65ns)   --->   "%gmem_load_1_req = readreq i1 @_ssdm_op_ReadReq.m_axi.i512P1A, i64 %gmem_addr_1, i64 1" [../src/grayscale.cpp:9->../src/canny_top.cpp:28]   --->   Operation 224 'readreq' 'gmem_load_1_req' <Predicate = true> <Delay = 3.65> <CoreInst = "m_axi">   --->   Core 119 'm_axi' <Latency = 6> <II = 1> <Delay = 1.00> <Adapter> <Opcode : 'readrequnaligned' 'writerequnaligned' 'read' 'write' 'readreq' 'writereq' 'writeresp'>
ST_39 : Operation 225 [36/71] (3.65ns)   --->   "%gmem_load_2_req = readreq i1 @_ssdm_op_ReadReq.m_axi.i512P1A, i64 %gmem_addr_2, i64 1" [../src/grayscale.cpp:9->../src/canny_top.cpp:28]   --->   Operation 225 'readreq' 'gmem_load_2_req' <Predicate = true> <Delay = 3.65> <CoreInst = "m_axi">   --->   Core 119 'm_axi' <Latency = 6> <II = 1> <Delay = 1.00> <Adapter> <Opcode : 'readrequnaligned' 'writerequnaligned' 'read' 'write' 'readreq' 'writereq' 'writeresp'>

State 40 <SV = 39> <Delay = 0.00>
ST_40 : Operation 226 [33/71] (3.65ns)   --->   "%gmem_load_req = readreq i1 @_ssdm_op_ReadReq.m_axi.i512P1A, i64 %gmem_addr, i64 1" [../src/grayscale.cpp:9->../src/canny_top.cpp:28]   --->   Operation 226 'readreq' 'gmem_load_req' <Predicate = true> <Delay = 3.65> <CoreInst = "m_axi">   --->   Core 119 'm_axi' <Latency = 6> <II = 1> <Delay = 1.00> <Adapter> <Opcode : 'readrequnaligned' 'writerequnaligned' 'read' 'write' 'readreq' 'writereq' 'writeresp'>
ST_40 : Operation 227 [34/71] (3.65ns)   --->   "%gmem_load_1_req = readreq i1 @_ssdm_op_ReadReq.m_axi.i512P1A, i64 %gmem_addr_1, i64 1" [../src/grayscale.cpp:9->../src/canny_top.cpp:28]   --->   Operation 227 'readreq' 'gmem_load_1_req' <Predicate = true> <Delay = 3.65> <CoreInst = "m_axi">   --->   Core 119 'm_axi' <Latency = 6> <II = 1> <Delay = 1.00> <Adapter> <Opcode : 'readrequnaligned' 'writerequnaligned' 'read' 'write' 'readreq' 'writereq' 'writeresp'>
ST_40 : Operation 228 [35/71] (3.65ns)   --->   "%gmem_load_2_req = readreq i1 @_ssdm_op_ReadReq.m_axi.i512P1A, i64 %gmem_addr_2, i64 1" [../src/grayscale.cpp:9->../src/canny_top.cpp:28]   --->   Operation 228 'readreq' 'gmem_load_2_req' <Predicate = true> <Delay = 3.65> <CoreInst = "m_axi">   --->   Core 119 'm_axi' <Latency = 6> <II = 1> <Delay = 1.00> <Adapter> <Opcode : 'readrequnaligned' 'writerequnaligned' 'read' 'write' 'readreq' 'writereq' 'writeresp'>

State 41 <SV = 40> <Delay = 0.00>
ST_41 : Operation 229 [32/71] (3.65ns)   --->   "%gmem_load_req = readreq i1 @_ssdm_op_ReadReq.m_axi.i512P1A, i64 %gmem_addr, i64 1" [../src/grayscale.cpp:9->../src/canny_top.cpp:28]   --->   Operation 229 'readreq' 'gmem_load_req' <Predicate = true> <Delay = 3.65> <CoreInst = "m_axi">   --->   Core 119 'm_axi' <Latency = 6> <II = 1> <Delay = 1.00> <Adapter> <Opcode : 'readrequnaligned' 'writerequnaligned' 'read' 'write' 'readreq' 'writereq' 'writeresp'>
ST_41 : Operation 230 [33/71] (3.65ns)   --->   "%gmem_load_1_req = readreq i1 @_ssdm_op_ReadReq.m_axi.i512P1A, i64 %gmem_addr_1, i64 1" [../src/grayscale.cpp:9->../src/canny_top.cpp:28]   --->   Operation 230 'readreq' 'gmem_load_1_req' <Predicate = true> <Delay = 3.65> <CoreInst = "m_axi">   --->   Core 119 'm_axi' <Latency = 6> <II = 1> <Delay = 1.00> <Adapter> <Opcode : 'readrequnaligned' 'writerequnaligned' 'read' 'write' 'readreq' 'writereq' 'writeresp'>
ST_41 : Operation 231 [34/71] (3.65ns)   --->   "%gmem_load_2_req = readreq i1 @_ssdm_op_ReadReq.m_axi.i512P1A, i64 %gmem_addr_2, i64 1" [../src/grayscale.cpp:9->../src/canny_top.cpp:28]   --->   Operation 231 'readreq' 'gmem_load_2_req' <Predicate = true> <Delay = 3.65> <CoreInst = "m_axi">   --->   Core 119 'm_axi' <Latency = 6> <II = 1> <Delay = 1.00> <Adapter> <Opcode : 'readrequnaligned' 'writerequnaligned' 'read' 'write' 'readreq' 'writereq' 'writeresp'>

State 42 <SV = 41> <Delay = 0.00>
ST_42 : Operation 232 [31/71] (3.65ns)   --->   "%gmem_load_req = readreq i1 @_ssdm_op_ReadReq.m_axi.i512P1A, i64 %gmem_addr, i64 1" [../src/grayscale.cpp:9->../src/canny_top.cpp:28]   --->   Operation 232 'readreq' 'gmem_load_req' <Predicate = true> <Delay = 3.65> <CoreInst = "m_axi">   --->   Core 119 'm_axi' <Latency = 6> <II = 1> <Delay = 1.00> <Adapter> <Opcode : 'readrequnaligned' 'writerequnaligned' 'read' 'write' 'readreq' 'writereq' 'writeresp'>
ST_42 : Operation 233 [32/71] (3.65ns)   --->   "%gmem_load_1_req = readreq i1 @_ssdm_op_ReadReq.m_axi.i512P1A, i64 %gmem_addr_1, i64 1" [../src/grayscale.cpp:9->../src/canny_top.cpp:28]   --->   Operation 233 'readreq' 'gmem_load_1_req' <Predicate = true> <Delay = 3.65> <CoreInst = "m_axi">   --->   Core 119 'm_axi' <Latency = 6> <II = 1> <Delay = 1.00> <Adapter> <Opcode : 'readrequnaligned' 'writerequnaligned' 'read' 'write' 'readreq' 'writereq' 'writeresp'>
ST_42 : Operation 234 [33/71] (3.65ns)   --->   "%gmem_load_2_req = readreq i1 @_ssdm_op_ReadReq.m_axi.i512P1A, i64 %gmem_addr_2, i64 1" [../src/grayscale.cpp:9->../src/canny_top.cpp:28]   --->   Operation 234 'readreq' 'gmem_load_2_req' <Predicate = true> <Delay = 3.65> <CoreInst = "m_axi">   --->   Core 119 'm_axi' <Latency = 6> <II = 1> <Delay = 1.00> <Adapter> <Opcode : 'readrequnaligned' 'writerequnaligned' 'read' 'write' 'readreq' 'writereq' 'writeresp'>

State 43 <SV = 42> <Delay = 0.00>
ST_43 : Operation 235 [30/71] (3.65ns)   --->   "%gmem_load_req = readreq i1 @_ssdm_op_ReadReq.m_axi.i512P1A, i64 %gmem_addr, i64 1" [../src/grayscale.cpp:9->../src/canny_top.cpp:28]   --->   Operation 235 'readreq' 'gmem_load_req' <Predicate = true> <Delay = 3.65> <CoreInst = "m_axi">   --->   Core 119 'm_axi' <Latency = 6> <II = 1> <Delay = 1.00> <Adapter> <Opcode : 'readrequnaligned' 'writerequnaligned' 'read' 'write' 'readreq' 'writereq' 'writeresp'>
ST_43 : Operation 236 [31/71] (3.65ns)   --->   "%gmem_load_1_req = readreq i1 @_ssdm_op_ReadReq.m_axi.i512P1A, i64 %gmem_addr_1, i64 1" [../src/grayscale.cpp:9->../src/canny_top.cpp:28]   --->   Operation 236 'readreq' 'gmem_load_1_req' <Predicate = true> <Delay = 3.65> <CoreInst = "m_axi">   --->   Core 119 'm_axi' <Latency = 6> <II = 1> <Delay = 1.00> <Adapter> <Opcode : 'readrequnaligned' 'writerequnaligned' 'read' 'write' 'readreq' 'writereq' 'writeresp'>
ST_43 : Operation 237 [32/71] (3.65ns)   --->   "%gmem_load_2_req = readreq i1 @_ssdm_op_ReadReq.m_axi.i512P1A, i64 %gmem_addr_2, i64 1" [../src/grayscale.cpp:9->../src/canny_top.cpp:28]   --->   Operation 237 'readreq' 'gmem_load_2_req' <Predicate = true> <Delay = 3.65> <CoreInst = "m_axi">   --->   Core 119 'm_axi' <Latency = 6> <II = 1> <Delay = 1.00> <Adapter> <Opcode : 'readrequnaligned' 'writerequnaligned' 'read' 'write' 'readreq' 'writereq' 'writeresp'>

State 44 <SV = 43> <Delay = 0.00>
ST_44 : Operation 238 [29/71] (3.65ns)   --->   "%gmem_load_req = readreq i1 @_ssdm_op_ReadReq.m_axi.i512P1A, i64 %gmem_addr, i64 1" [../src/grayscale.cpp:9->../src/canny_top.cpp:28]   --->   Operation 238 'readreq' 'gmem_load_req' <Predicate = true> <Delay = 3.65> <CoreInst = "m_axi">   --->   Core 119 'm_axi' <Latency = 6> <II = 1> <Delay = 1.00> <Adapter> <Opcode : 'readrequnaligned' 'writerequnaligned' 'read' 'write' 'readreq' 'writereq' 'writeresp'>
ST_44 : Operation 239 [30/71] (3.65ns)   --->   "%gmem_load_1_req = readreq i1 @_ssdm_op_ReadReq.m_axi.i512P1A, i64 %gmem_addr_1, i64 1" [../src/grayscale.cpp:9->../src/canny_top.cpp:28]   --->   Operation 239 'readreq' 'gmem_load_1_req' <Predicate = true> <Delay = 3.65> <CoreInst = "m_axi">   --->   Core 119 'm_axi' <Latency = 6> <II = 1> <Delay = 1.00> <Adapter> <Opcode : 'readrequnaligned' 'writerequnaligned' 'read' 'write' 'readreq' 'writereq' 'writeresp'>
ST_44 : Operation 240 [31/71] (3.65ns)   --->   "%gmem_load_2_req = readreq i1 @_ssdm_op_ReadReq.m_axi.i512P1A, i64 %gmem_addr_2, i64 1" [../src/grayscale.cpp:9->../src/canny_top.cpp:28]   --->   Operation 240 'readreq' 'gmem_load_2_req' <Predicate = true> <Delay = 3.65> <CoreInst = "m_axi">   --->   Core 119 'm_axi' <Latency = 6> <II = 1> <Delay = 1.00> <Adapter> <Opcode : 'readrequnaligned' 'writerequnaligned' 'read' 'write' 'readreq' 'writereq' 'writeresp'>

State 45 <SV = 44> <Delay = 0.00>
ST_45 : Operation 241 [28/71] (3.65ns)   --->   "%gmem_load_req = readreq i1 @_ssdm_op_ReadReq.m_axi.i512P1A, i64 %gmem_addr, i64 1" [../src/grayscale.cpp:9->../src/canny_top.cpp:28]   --->   Operation 241 'readreq' 'gmem_load_req' <Predicate = true> <Delay = 3.65> <CoreInst = "m_axi">   --->   Core 119 'm_axi' <Latency = 6> <II = 1> <Delay = 1.00> <Adapter> <Opcode : 'readrequnaligned' 'writerequnaligned' 'read' 'write' 'readreq' 'writereq' 'writeresp'>
ST_45 : Operation 242 [29/71] (3.65ns)   --->   "%gmem_load_1_req = readreq i1 @_ssdm_op_ReadReq.m_axi.i512P1A, i64 %gmem_addr_1, i64 1" [../src/grayscale.cpp:9->../src/canny_top.cpp:28]   --->   Operation 242 'readreq' 'gmem_load_1_req' <Predicate = true> <Delay = 3.65> <CoreInst = "m_axi">   --->   Core 119 'm_axi' <Latency = 6> <II = 1> <Delay = 1.00> <Adapter> <Opcode : 'readrequnaligned' 'writerequnaligned' 'read' 'write' 'readreq' 'writereq' 'writeresp'>
ST_45 : Operation 243 [30/71] (3.65ns)   --->   "%gmem_load_2_req = readreq i1 @_ssdm_op_ReadReq.m_axi.i512P1A, i64 %gmem_addr_2, i64 1" [../src/grayscale.cpp:9->../src/canny_top.cpp:28]   --->   Operation 243 'readreq' 'gmem_load_2_req' <Predicate = true> <Delay = 3.65> <CoreInst = "m_axi">   --->   Core 119 'm_axi' <Latency = 6> <II = 1> <Delay = 1.00> <Adapter> <Opcode : 'readrequnaligned' 'writerequnaligned' 'read' 'write' 'readreq' 'writereq' 'writeresp'>

State 46 <SV = 45> <Delay = 0.00>
ST_46 : Operation 244 [27/71] (3.65ns)   --->   "%gmem_load_req = readreq i1 @_ssdm_op_ReadReq.m_axi.i512P1A, i64 %gmem_addr, i64 1" [../src/grayscale.cpp:9->../src/canny_top.cpp:28]   --->   Operation 244 'readreq' 'gmem_load_req' <Predicate = true> <Delay = 3.65> <CoreInst = "m_axi">   --->   Core 119 'm_axi' <Latency = 6> <II = 1> <Delay = 1.00> <Adapter> <Opcode : 'readrequnaligned' 'writerequnaligned' 'read' 'write' 'readreq' 'writereq' 'writeresp'>
ST_46 : Operation 245 [28/71] (3.65ns)   --->   "%gmem_load_1_req = readreq i1 @_ssdm_op_ReadReq.m_axi.i512P1A, i64 %gmem_addr_1, i64 1" [../src/grayscale.cpp:9->../src/canny_top.cpp:28]   --->   Operation 245 'readreq' 'gmem_load_1_req' <Predicate = true> <Delay = 3.65> <CoreInst = "m_axi">   --->   Core 119 'm_axi' <Latency = 6> <II = 1> <Delay = 1.00> <Adapter> <Opcode : 'readrequnaligned' 'writerequnaligned' 'read' 'write' 'readreq' 'writereq' 'writeresp'>
ST_46 : Operation 246 [29/71] (3.65ns)   --->   "%gmem_load_2_req = readreq i1 @_ssdm_op_ReadReq.m_axi.i512P1A, i64 %gmem_addr_2, i64 1" [../src/grayscale.cpp:9->../src/canny_top.cpp:28]   --->   Operation 246 'readreq' 'gmem_load_2_req' <Predicate = true> <Delay = 3.65> <CoreInst = "m_axi">   --->   Core 119 'm_axi' <Latency = 6> <II = 1> <Delay = 1.00> <Adapter> <Opcode : 'readrequnaligned' 'writerequnaligned' 'read' 'write' 'readreq' 'writereq' 'writeresp'>

State 47 <SV = 46> <Delay = 0.00>
ST_47 : Operation 247 [26/71] (3.65ns)   --->   "%gmem_load_req = readreq i1 @_ssdm_op_ReadReq.m_axi.i512P1A, i64 %gmem_addr, i64 1" [../src/grayscale.cpp:9->../src/canny_top.cpp:28]   --->   Operation 247 'readreq' 'gmem_load_req' <Predicate = true> <Delay = 3.65> <CoreInst = "m_axi">   --->   Core 119 'm_axi' <Latency = 6> <II = 1> <Delay = 1.00> <Adapter> <Opcode : 'readrequnaligned' 'writerequnaligned' 'read' 'write' 'readreq' 'writereq' 'writeresp'>
ST_47 : Operation 248 [27/71] (3.65ns)   --->   "%gmem_load_1_req = readreq i1 @_ssdm_op_ReadReq.m_axi.i512P1A, i64 %gmem_addr_1, i64 1" [../src/grayscale.cpp:9->../src/canny_top.cpp:28]   --->   Operation 248 'readreq' 'gmem_load_1_req' <Predicate = true> <Delay = 3.65> <CoreInst = "m_axi">   --->   Core 119 'm_axi' <Latency = 6> <II = 1> <Delay = 1.00> <Adapter> <Opcode : 'readrequnaligned' 'writerequnaligned' 'read' 'write' 'readreq' 'writereq' 'writeresp'>
ST_47 : Operation 249 [28/71] (3.65ns)   --->   "%gmem_load_2_req = readreq i1 @_ssdm_op_ReadReq.m_axi.i512P1A, i64 %gmem_addr_2, i64 1" [../src/grayscale.cpp:9->../src/canny_top.cpp:28]   --->   Operation 249 'readreq' 'gmem_load_2_req' <Predicate = true> <Delay = 3.65> <CoreInst = "m_axi">   --->   Core 119 'm_axi' <Latency = 6> <II = 1> <Delay = 1.00> <Adapter> <Opcode : 'readrequnaligned' 'writerequnaligned' 'read' 'write' 'readreq' 'writereq' 'writeresp'>

State 48 <SV = 47> <Delay = 0.00>
ST_48 : Operation 250 [25/71] (3.65ns)   --->   "%gmem_load_req = readreq i1 @_ssdm_op_ReadReq.m_axi.i512P1A, i64 %gmem_addr, i64 1" [../src/grayscale.cpp:9->../src/canny_top.cpp:28]   --->   Operation 250 'readreq' 'gmem_load_req' <Predicate = true> <Delay = 3.65> <CoreInst = "m_axi">   --->   Core 119 'm_axi' <Latency = 6> <II = 1> <Delay = 1.00> <Adapter> <Opcode : 'readrequnaligned' 'writerequnaligned' 'read' 'write' 'readreq' 'writereq' 'writeresp'>
ST_48 : Operation 251 [26/71] (3.65ns)   --->   "%gmem_load_1_req = readreq i1 @_ssdm_op_ReadReq.m_axi.i512P1A, i64 %gmem_addr_1, i64 1" [../src/grayscale.cpp:9->../src/canny_top.cpp:28]   --->   Operation 251 'readreq' 'gmem_load_1_req' <Predicate = true> <Delay = 3.65> <CoreInst = "m_axi">   --->   Core 119 'm_axi' <Latency = 6> <II = 1> <Delay = 1.00> <Adapter> <Opcode : 'readrequnaligned' 'writerequnaligned' 'read' 'write' 'readreq' 'writereq' 'writeresp'>
ST_48 : Operation 252 [27/71] (3.65ns)   --->   "%gmem_load_2_req = readreq i1 @_ssdm_op_ReadReq.m_axi.i512P1A, i64 %gmem_addr_2, i64 1" [../src/grayscale.cpp:9->../src/canny_top.cpp:28]   --->   Operation 252 'readreq' 'gmem_load_2_req' <Predicate = true> <Delay = 3.65> <CoreInst = "m_axi">   --->   Core 119 'm_axi' <Latency = 6> <II = 1> <Delay = 1.00> <Adapter> <Opcode : 'readrequnaligned' 'writerequnaligned' 'read' 'write' 'readreq' 'writereq' 'writeresp'>

State 49 <SV = 48> <Delay = 0.00>
ST_49 : Operation 253 [24/71] (3.65ns)   --->   "%gmem_load_req = readreq i1 @_ssdm_op_ReadReq.m_axi.i512P1A, i64 %gmem_addr, i64 1" [../src/grayscale.cpp:9->../src/canny_top.cpp:28]   --->   Operation 253 'readreq' 'gmem_load_req' <Predicate = true> <Delay = 3.65> <CoreInst = "m_axi">   --->   Core 119 'm_axi' <Latency = 6> <II = 1> <Delay = 1.00> <Adapter> <Opcode : 'readrequnaligned' 'writerequnaligned' 'read' 'write' 'readreq' 'writereq' 'writeresp'>
ST_49 : Operation 254 [25/71] (3.65ns)   --->   "%gmem_load_1_req = readreq i1 @_ssdm_op_ReadReq.m_axi.i512P1A, i64 %gmem_addr_1, i64 1" [../src/grayscale.cpp:9->../src/canny_top.cpp:28]   --->   Operation 254 'readreq' 'gmem_load_1_req' <Predicate = true> <Delay = 3.65> <CoreInst = "m_axi">   --->   Core 119 'm_axi' <Latency = 6> <II = 1> <Delay = 1.00> <Adapter> <Opcode : 'readrequnaligned' 'writerequnaligned' 'read' 'write' 'readreq' 'writereq' 'writeresp'>
ST_49 : Operation 255 [26/71] (3.65ns)   --->   "%gmem_load_2_req = readreq i1 @_ssdm_op_ReadReq.m_axi.i512P1A, i64 %gmem_addr_2, i64 1" [../src/grayscale.cpp:9->../src/canny_top.cpp:28]   --->   Operation 255 'readreq' 'gmem_load_2_req' <Predicate = true> <Delay = 3.65> <CoreInst = "m_axi">   --->   Core 119 'm_axi' <Latency = 6> <II = 1> <Delay = 1.00> <Adapter> <Opcode : 'readrequnaligned' 'writerequnaligned' 'read' 'write' 'readreq' 'writereq' 'writeresp'>

State 50 <SV = 49> <Delay = 0.00>
ST_50 : Operation 256 [23/71] (3.65ns)   --->   "%gmem_load_req = readreq i1 @_ssdm_op_ReadReq.m_axi.i512P1A, i64 %gmem_addr, i64 1" [../src/grayscale.cpp:9->../src/canny_top.cpp:28]   --->   Operation 256 'readreq' 'gmem_load_req' <Predicate = true> <Delay = 3.65> <CoreInst = "m_axi">   --->   Core 119 'm_axi' <Latency = 6> <II = 1> <Delay = 1.00> <Adapter> <Opcode : 'readrequnaligned' 'writerequnaligned' 'read' 'write' 'readreq' 'writereq' 'writeresp'>
ST_50 : Operation 257 [24/71] (3.65ns)   --->   "%gmem_load_1_req = readreq i1 @_ssdm_op_ReadReq.m_axi.i512P1A, i64 %gmem_addr_1, i64 1" [../src/grayscale.cpp:9->../src/canny_top.cpp:28]   --->   Operation 257 'readreq' 'gmem_load_1_req' <Predicate = true> <Delay = 3.65> <CoreInst = "m_axi">   --->   Core 119 'm_axi' <Latency = 6> <II = 1> <Delay = 1.00> <Adapter> <Opcode : 'readrequnaligned' 'writerequnaligned' 'read' 'write' 'readreq' 'writereq' 'writeresp'>
ST_50 : Operation 258 [25/71] (3.65ns)   --->   "%gmem_load_2_req = readreq i1 @_ssdm_op_ReadReq.m_axi.i512P1A, i64 %gmem_addr_2, i64 1" [../src/grayscale.cpp:9->../src/canny_top.cpp:28]   --->   Operation 258 'readreq' 'gmem_load_2_req' <Predicate = true> <Delay = 3.65> <CoreInst = "m_axi">   --->   Core 119 'm_axi' <Latency = 6> <II = 1> <Delay = 1.00> <Adapter> <Opcode : 'readrequnaligned' 'writerequnaligned' 'read' 'write' 'readreq' 'writereq' 'writeresp'>

State 51 <SV = 50> <Delay = 0.00>
ST_51 : Operation 259 [22/71] (3.65ns)   --->   "%gmem_load_req = readreq i1 @_ssdm_op_ReadReq.m_axi.i512P1A, i64 %gmem_addr, i64 1" [../src/grayscale.cpp:9->../src/canny_top.cpp:28]   --->   Operation 259 'readreq' 'gmem_load_req' <Predicate = true> <Delay = 3.65> <CoreInst = "m_axi">   --->   Core 119 'm_axi' <Latency = 6> <II = 1> <Delay = 1.00> <Adapter> <Opcode : 'readrequnaligned' 'writerequnaligned' 'read' 'write' 'readreq' 'writereq' 'writeresp'>
ST_51 : Operation 260 [23/71] (3.65ns)   --->   "%gmem_load_1_req = readreq i1 @_ssdm_op_ReadReq.m_axi.i512P1A, i64 %gmem_addr_1, i64 1" [../src/grayscale.cpp:9->../src/canny_top.cpp:28]   --->   Operation 260 'readreq' 'gmem_load_1_req' <Predicate = true> <Delay = 3.65> <CoreInst = "m_axi">   --->   Core 119 'm_axi' <Latency = 6> <II = 1> <Delay = 1.00> <Adapter> <Opcode : 'readrequnaligned' 'writerequnaligned' 'read' 'write' 'readreq' 'writereq' 'writeresp'>
ST_51 : Operation 261 [24/71] (3.65ns)   --->   "%gmem_load_2_req = readreq i1 @_ssdm_op_ReadReq.m_axi.i512P1A, i64 %gmem_addr_2, i64 1" [../src/grayscale.cpp:9->../src/canny_top.cpp:28]   --->   Operation 261 'readreq' 'gmem_load_2_req' <Predicate = true> <Delay = 3.65> <CoreInst = "m_axi">   --->   Core 119 'm_axi' <Latency = 6> <II = 1> <Delay = 1.00> <Adapter> <Opcode : 'readrequnaligned' 'writerequnaligned' 'read' 'write' 'readreq' 'writereq' 'writeresp'>

State 52 <SV = 51> <Delay = 0.00>
ST_52 : Operation 262 [21/71] (3.65ns)   --->   "%gmem_load_req = readreq i1 @_ssdm_op_ReadReq.m_axi.i512P1A, i64 %gmem_addr, i64 1" [../src/grayscale.cpp:9->../src/canny_top.cpp:28]   --->   Operation 262 'readreq' 'gmem_load_req' <Predicate = true> <Delay = 3.65> <CoreInst = "m_axi">   --->   Core 119 'm_axi' <Latency = 6> <II = 1> <Delay = 1.00> <Adapter> <Opcode : 'readrequnaligned' 'writerequnaligned' 'read' 'write' 'readreq' 'writereq' 'writeresp'>
ST_52 : Operation 263 [22/71] (3.65ns)   --->   "%gmem_load_1_req = readreq i1 @_ssdm_op_ReadReq.m_axi.i512P1A, i64 %gmem_addr_1, i64 1" [../src/grayscale.cpp:9->../src/canny_top.cpp:28]   --->   Operation 263 'readreq' 'gmem_load_1_req' <Predicate = true> <Delay = 3.65> <CoreInst = "m_axi">   --->   Core 119 'm_axi' <Latency = 6> <II = 1> <Delay = 1.00> <Adapter> <Opcode : 'readrequnaligned' 'writerequnaligned' 'read' 'write' 'readreq' 'writereq' 'writeresp'>
ST_52 : Operation 264 [23/71] (3.65ns)   --->   "%gmem_load_2_req = readreq i1 @_ssdm_op_ReadReq.m_axi.i512P1A, i64 %gmem_addr_2, i64 1" [../src/grayscale.cpp:9->../src/canny_top.cpp:28]   --->   Operation 264 'readreq' 'gmem_load_2_req' <Predicate = true> <Delay = 3.65> <CoreInst = "m_axi">   --->   Core 119 'm_axi' <Latency = 6> <II = 1> <Delay = 1.00> <Adapter> <Opcode : 'readrequnaligned' 'writerequnaligned' 'read' 'write' 'readreq' 'writereq' 'writeresp'>

State 53 <SV = 52> <Delay = 0.00>
ST_53 : Operation 265 [20/71] (3.65ns)   --->   "%gmem_load_req = readreq i1 @_ssdm_op_ReadReq.m_axi.i512P1A, i64 %gmem_addr, i64 1" [../src/grayscale.cpp:9->../src/canny_top.cpp:28]   --->   Operation 265 'readreq' 'gmem_load_req' <Predicate = true> <Delay = 3.65> <CoreInst = "m_axi">   --->   Core 119 'm_axi' <Latency = 6> <II = 1> <Delay = 1.00> <Adapter> <Opcode : 'readrequnaligned' 'writerequnaligned' 'read' 'write' 'readreq' 'writereq' 'writeresp'>
ST_53 : Operation 266 [21/71] (3.65ns)   --->   "%gmem_load_1_req = readreq i1 @_ssdm_op_ReadReq.m_axi.i512P1A, i64 %gmem_addr_1, i64 1" [../src/grayscale.cpp:9->../src/canny_top.cpp:28]   --->   Operation 266 'readreq' 'gmem_load_1_req' <Predicate = true> <Delay = 3.65> <CoreInst = "m_axi">   --->   Core 119 'm_axi' <Latency = 6> <II = 1> <Delay = 1.00> <Adapter> <Opcode : 'readrequnaligned' 'writerequnaligned' 'read' 'write' 'readreq' 'writereq' 'writeresp'>
ST_53 : Operation 267 [22/71] (3.65ns)   --->   "%gmem_load_2_req = readreq i1 @_ssdm_op_ReadReq.m_axi.i512P1A, i64 %gmem_addr_2, i64 1" [../src/grayscale.cpp:9->../src/canny_top.cpp:28]   --->   Operation 267 'readreq' 'gmem_load_2_req' <Predicate = true> <Delay = 3.65> <CoreInst = "m_axi">   --->   Core 119 'm_axi' <Latency = 6> <II = 1> <Delay = 1.00> <Adapter> <Opcode : 'readrequnaligned' 'writerequnaligned' 'read' 'write' 'readreq' 'writereq' 'writeresp'>

State 54 <SV = 53> <Delay = 0.00>
ST_54 : Operation 268 [19/71] (3.65ns)   --->   "%gmem_load_req = readreq i1 @_ssdm_op_ReadReq.m_axi.i512P1A, i64 %gmem_addr, i64 1" [../src/grayscale.cpp:9->../src/canny_top.cpp:28]   --->   Operation 268 'readreq' 'gmem_load_req' <Predicate = true> <Delay = 3.65> <CoreInst = "m_axi">   --->   Core 119 'm_axi' <Latency = 6> <II = 1> <Delay = 1.00> <Adapter> <Opcode : 'readrequnaligned' 'writerequnaligned' 'read' 'write' 'readreq' 'writereq' 'writeresp'>
ST_54 : Operation 269 [20/71] (3.65ns)   --->   "%gmem_load_1_req = readreq i1 @_ssdm_op_ReadReq.m_axi.i512P1A, i64 %gmem_addr_1, i64 1" [../src/grayscale.cpp:9->../src/canny_top.cpp:28]   --->   Operation 269 'readreq' 'gmem_load_1_req' <Predicate = true> <Delay = 3.65> <CoreInst = "m_axi">   --->   Core 119 'm_axi' <Latency = 6> <II = 1> <Delay = 1.00> <Adapter> <Opcode : 'readrequnaligned' 'writerequnaligned' 'read' 'write' 'readreq' 'writereq' 'writeresp'>
ST_54 : Operation 270 [21/71] (3.65ns)   --->   "%gmem_load_2_req = readreq i1 @_ssdm_op_ReadReq.m_axi.i512P1A, i64 %gmem_addr_2, i64 1" [../src/grayscale.cpp:9->../src/canny_top.cpp:28]   --->   Operation 270 'readreq' 'gmem_load_2_req' <Predicate = true> <Delay = 3.65> <CoreInst = "m_axi">   --->   Core 119 'm_axi' <Latency = 6> <II = 1> <Delay = 1.00> <Adapter> <Opcode : 'readrequnaligned' 'writerequnaligned' 'read' 'write' 'readreq' 'writereq' 'writeresp'>

State 55 <SV = 54> <Delay = 0.00>
ST_55 : Operation 271 [18/71] (3.65ns)   --->   "%gmem_load_req = readreq i1 @_ssdm_op_ReadReq.m_axi.i512P1A, i64 %gmem_addr, i64 1" [../src/grayscale.cpp:9->../src/canny_top.cpp:28]   --->   Operation 271 'readreq' 'gmem_load_req' <Predicate = true> <Delay = 3.65> <CoreInst = "m_axi">   --->   Core 119 'm_axi' <Latency = 6> <II = 1> <Delay = 1.00> <Adapter> <Opcode : 'readrequnaligned' 'writerequnaligned' 'read' 'write' 'readreq' 'writereq' 'writeresp'>
ST_55 : Operation 272 [19/71] (3.65ns)   --->   "%gmem_load_1_req = readreq i1 @_ssdm_op_ReadReq.m_axi.i512P1A, i64 %gmem_addr_1, i64 1" [../src/grayscale.cpp:9->../src/canny_top.cpp:28]   --->   Operation 272 'readreq' 'gmem_load_1_req' <Predicate = true> <Delay = 3.65> <CoreInst = "m_axi">   --->   Core 119 'm_axi' <Latency = 6> <II = 1> <Delay = 1.00> <Adapter> <Opcode : 'readrequnaligned' 'writerequnaligned' 'read' 'write' 'readreq' 'writereq' 'writeresp'>
ST_55 : Operation 273 [20/71] (3.65ns)   --->   "%gmem_load_2_req = readreq i1 @_ssdm_op_ReadReq.m_axi.i512P1A, i64 %gmem_addr_2, i64 1" [../src/grayscale.cpp:9->../src/canny_top.cpp:28]   --->   Operation 273 'readreq' 'gmem_load_2_req' <Predicate = true> <Delay = 3.65> <CoreInst = "m_axi">   --->   Core 119 'm_axi' <Latency = 6> <II = 1> <Delay = 1.00> <Adapter> <Opcode : 'readrequnaligned' 'writerequnaligned' 'read' 'write' 'readreq' 'writereq' 'writeresp'>

State 56 <SV = 55> <Delay = 0.00>
ST_56 : Operation 274 [17/71] (3.65ns)   --->   "%gmem_load_req = readreq i1 @_ssdm_op_ReadReq.m_axi.i512P1A, i64 %gmem_addr, i64 1" [../src/grayscale.cpp:9->../src/canny_top.cpp:28]   --->   Operation 274 'readreq' 'gmem_load_req' <Predicate = true> <Delay = 3.65> <CoreInst = "m_axi">   --->   Core 119 'm_axi' <Latency = 6> <II = 1> <Delay = 1.00> <Adapter> <Opcode : 'readrequnaligned' 'writerequnaligned' 'read' 'write' 'readreq' 'writereq' 'writeresp'>
ST_56 : Operation 275 [18/71] (3.65ns)   --->   "%gmem_load_1_req = readreq i1 @_ssdm_op_ReadReq.m_axi.i512P1A, i64 %gmem_addr_1, i64 1" [../src/grayscale.cpp:9->../src/canny_top.cpp:28]   --->   Operation 275 'readreq' 'gmem_load_1_req' <Predicate = true> <Delay = 3.65> <CoreInst = "m_axi">   --->   Core 119 'm_axi' <Latency = 6> <II = 1> <Delay = 1.00> <Adapter> <Opcode : 'readrequnaligned' 'writerequnaligned' 'read' 'write' 'readreq' 'writereq' 'writeresp'>
ST_56 : Operation 276 [19/71] (3.65ns)   --->   "%gmem_load_2_req = readreq i1 @_ssdm_op_ReadReq.m_axi.i512P1A, i64 %gmem_addr_2, i64 1" [../src/grayscale.cpp:9->../src/canny_top.cpp:28]   --->   Operation 276 'readreq' 'gmem_load_2_req' <Predicate = true> <Delay = 3.65> <CoreInst = "m_axi">   --->   Core 119 'm_axi' <Latency = 6> <II = 1> <Delay = 1.00> <Adapter> <Opcode : 'readrequnaligned' 'writerequnaligned' 'read' 'write' 'readreq' 'writereq' 'writeresp'>

State 57 <SV = 56> <Delay = 0.00>
ST_57 : Operation 277 [16/71] (3.65ns)   --->   "%gmem_load_req = readreq i1 @_ssdm_op_ReadReq.m_axi.i512P1A, i64 %gmem_addr, i64 1" [../src/grayscale.cpp:9->../src/canny_top.cpp:28]   --->   Operation 277 'readreq' 'gmem_load_req' <Predicate = true> <Delay = 3.65> <CoreInst = "m_axi">   --->   Core 119 'm_axi' <Latency = 6> <II = 1> <Delay = 1.00> <Adapter> <Opcode : 'readrequnaligned' 'writerequnaligned' 'read' 'write' 'readreq' 'writereq' 'writeresp'>
ST_57 : Operation 278 [17/71] (3.65ns)   --->   "%gmem_load_1_req = readreq i1 @_ssdm_op_ReadReq.m_axi.i512P1A, i64 %gmem_addr_1, i64 1" [../src/grayscale.cpp:9->../src/canny_top.cpp:28]   --->   Operation 278 'readreq' 'gmem_load_1_req' <Predicate = true> <Delay = 3.65> <CoreInst = "m_axi">   --->   Core 119 'm_axi' <Latency = 6> <II = 1> <Delay = 1.00> <Adapter> <Opcode : 'readrequnaligned' 'writerequnaligned' 'read' 'write' 'readreq' 'writereq' 'writeresp'>
ST_57 : Operation 279 [18/71] (3.65ns)   --->   "%gmem_load_2_req = readreq i1 @_ssdm_op_ReadReq.m_axi.i512P1A, i64 %gmem_addr_2, i64 1" [../src/grayscale.cpp:9->../src/canny_top.cpp:28]   --->   Operation 279 'readreq' 'gmem_load_2_req' <Predicate = true> <Delay = 3.65> <CoreInst = "m_axi">   --->   Core 119 'm_axi' <Latency = 6> <II = 1> <Delay = 1.00> <Adapter> <Opcode : 'readrequnaligned' 'writerequnaligned' 'read' 'write' 'readreq' 'writereq' 'writeresp'>

State 58 <SV = 57> <Delay = 0.00>
ST_58 : Operation 280 [15/71] (3.65ns)   --->   "%gmem_load_req = readreq i1 @_ssdm_op_ReadReq.m_axi.i512P1A, i64 %gmem_addr, i64 1" [../src/grayscale.cpp:9->../src/canny_top.cpp:28]   --->   Operation 280 'readreq' 'gmem_load_req' <Predicate = true> <Delay = 3.65> <CoreInst = "m_axi">   --->   Core 119 'm_axi' <Latency = 6> <II = 1> <Delay = 1.00> <Adapter> <Opcode : 'readrequnaligned' 'writerequnaligned' 'read' 'write' 'readreq' 'writereq' 'writeresp'>
ST_58 : Operation 281 [16/71] (3.65ns)   --->   "%gmem_load_1_req = readreq i1 @_ssdm_op_ReadReq.m_axi.i512P1A, i64 %gmem_addr_1, i64 1" [../src/grayscale.cpp:9->../src/canny_top.cpp:28]   --->   Operation 281 'readreq' 'gmem_load_1_req' <Predicate = true> <Delay = 3.65> <CoreInst = "m_axi">   --->   Core 119 'm_axi' <Latency = 6> <II = 1> <Delay = 1.00> <Adapter> <Opcode : 'readrequnaligned' 'writerequnaligned' 'read' 'write' 'readreq' 'writereq' 'writeresp'>
ST_58 : Operation 282 [17/71] (3.65ns)   --->   "%gmem_load_2_req = readreq i1 @_ssdm_op_ReadReq.m_axi.i512P1A, i64 %gmem_addr_2, i64 1" [../src/grayscale.cpp:9->../src/canny_top.cpp:28]   --->   Operation 282 'readreq' 'gmem_load_2_req' <Predicate = true> <Delay = 3.65> <CoreInst = "m_axi">   --->   Core 119 'm_axi' <Latency = 6> <II = 1> <Delay = 1.00> <Adapter> <Opcode : 'readrequnaligned' 'writerequnaligned' 'read' 'write' 'readreq' 'writereq' 'writeresp'>

State 59 <SV = 58> <Delay = 0.00>
ST_59 : Operation 283 [14/71] (3.65ns)   --->   "%gmem_load_req = readreq i1 @_ssdm_op_ReadReq.m_axi.i512P1A, i64 %gmem_addr, i64 1" [../src/grayscale.cpp:9->../src/canny_top.cpp:28]   --->   Operation 283 'readreq' 'gmem_load_req' <Predicate = true> <Delay = 3.65> <CoreInst = "m_axi">   --->   Core 119 'm_axi' <Latency = 6> <II = 1> <Delay = 1.00> <Adapter> <Opcode : 'readrequnaligned' 'writerequnaligned' 'read' 'write' 'readreq' 'writereq' 'writeresp'>
ST_59 : Operation 284 [15/71] (3.65ns)   --->   "%gmem_load_1_req = readreq i1 @_ssdm_op_ReadReq.m_axi.i512P1A, i64 %gmem_addr_1, i64 1" [../src/grayscale.cpp:9->../src/canny_top.cpp:28]   --->   Operation 284 'readreq' 'gmem_load_1_req' <Predicate = true> <Delay = 3.65> <CoreInst = "m_axi">   --->   Core 119 'm_axi' <Latency = 6> <II = 1> <Delay = 1.00> <Adapter> <Opcode : 'readrequnaligned' 'writerequnaligned' 'read' 'write' 'readreq' 'writereq' 'writeresp'>
ST_59 : Operation 285 [16/71] (3.65ns)   --->   "%gmem_load_2_req = readreq i1 @_ssdm_op_ReadReq.m_axi.i512P1A, i64 %gmem_addr_2, i64 1" [../src/grayscale.cpp:9->../src/canny_top.cpp:28]   --->   Operation 285 'readreq' 'gmem_load_2_req' <Predicate = true> <Delay = 3.65> <CoreInst = "m_axi">   --->   Core 119 'm_axi' <Latency = 6> <II = 1> <Delay = 1.00> <Adapter> <Opcode : 'readrequnaligned' 'writerequnaligned' 'read' 'write' 'readreq' 'writereq' 'writeresp'>

State 60 <SV = 59> <Delay = 0.00>
ST_60 : Operation 286 [13/71] (3.65ns)   --->   "%gmem_load_req = readreq i1 @_ssdm_op_ReadReq.m_axi.i512P1A, i64 %gmem_addr, i64 1" [../src/grayscale.cpp:9->../src/canny_top.cpp:28]   --->   Operation 286 'readreq' 'gmem_load_req' <Predicate = true> <Delay = 3.65> <CoreInst = "m_axi">   --->   Core 119 'm_axi' <Latency = 6> <II = 1> <Delay = 1.00> <Adapter> <Opcode : 'readrequnaligned' 'writerequnaligned' 'read' 'write' 'readreq' 'writereq' 'writeresp'>
ST_60 : Operation 287 [14/71] (3.65ns)   --->   "%gmem_load_1_req = readreq i1 @_ssdm_op_ReadReq.m_axi.i512P1A, i64 %gmem_addr_1, i64 1" [../src/grayscale.cpp:9->../src/canny_top.cpp:28]   --->   Operation 287 'readreq' 'gmem_load_1_req' <Predicate = true> <Delay = 3.65> <CoreInst = "m_axi">   --->   Core 119 'm_axi' <Latency = 6> <II = 1> <Delay = 1.00> <Adapter> <Opcode : 'readrequnaligned' 'writerequnaligned' 'read' 'write' 'readreq' 'writereq' 'writeresp'>
ST_60 : Operation 288 [15/71] (3.65ns)   --->   "%gmem_load_2_req = readreq i1 @_ssdm_op_ReadReq.m_axi.i512P1A, i64 %gmem_addr_2, i64 1" [../src/grayscale.cpp:9->../src/canny_top.cpp:28]   --->   Operation 288 'readreq' 'gmem_load_2_req' <Predicate = true> <Delay = 3.65> <CoreInst = "m_axi">   --->   Core 119 'm_axi' <Latency = 6> <II = 1> <Delay = 1.00> <Adapter> <Opcode : 'readrequnaligned' 'writerequnaligned' 'read' 'write' 'readreq' 'writereq' 'writeresp'>

State 61 <SV = 60> <Delay = 0.00>
ST_61 : Operation 289 [12/71] (3.65ns)   --->   "%gmem_load_req = readreq i1 @_ssdm_op_ReadReq.m_axi.i512P1A, i64 %gmem_addr, i64 1" [../src/grayscale.cpp:9->../src/canny_top.cpp:28]   --->   Operation 289 'readreq' 'gmem_load_req' <Predicate = true> <Delay = 3.65> <CoreInst = "m_axi">   --->   Core 119 'm_axi' <Latency = 6> <II = 1> <Delay = 1.00> <Adapter> <Opcode : 'readrequnaligned' 'writerequnaligned' 'read' 'write' 'readreq' 'writereq' 'writeresp'>
ST_61 : Operation 290 [13/71] (3.65ns)   --->   "%gmem_load_1_req = readreq i1 @_ssdm_op_ReadReq.m_axi.i512P1A, i64 %gmem_addr_1, i64 1" [../src/grayscale.cpp:9->../src/canny_top.cpp:28]   --->   Operation 290 'readreq' 'gmem_load_1_req' <Predicate = true> <Delay = 3.65> <CoreInst = "m_axi">   --->   Core 119 'm_axi' <Latency = 6> <II = 1> <Delay = 1.00> <Adapter> <Opcode : 'readrequnaligned' 'writerequnaligned' 'read' 'write' 'readreq' 'writereq' 'writeresp'>
ST_61 : Operation 291 [14/71] (3.65ns)   --->   "%gmem_load_2_req = readreq i1 @_ssdm_op_ReadReq.m_axi.i512P1A, i64 %gmem_addr_2, i64 1" [../src/grayscale.cpp:9->../src/canny_top.cpp:28]   --->   Operation 291 'readreq' 'gmem_load_2_req' <Predicate = true> <Delay = 3.65> <CoreInst = "m_axi">   --->   Core 119 'm_axi' <Latency = 6> <II = 1> <Delay = 1.00> <Adapter> <Opcode : 'readrequnaligned' 'writerequnaligned' 'read' 'write' 'readreq' 'writereq' 'writeresp'>

State 62 <SV = 61> <Delay = 0.00>
ST_62 : Operation 292 [11/71] (3.65ns)   --->   "%gmem_load_req = readreq i1 @_ssdm_op_ReadReq.m_axi.i512P1A, i64 %gmem_addr, i64 1" [../src/grayscale.cpp:9->../src/canny_top.cpp:28]   --->   Operation 292 'readreq' 'gmem_load_req' <Predicate = true> <Delay = 3.65> <CoreInst = "m_axi">   --->   Core 119 'm_axi' <Latency = 6> <II = 1> <Delay = 1.00> <Adapter> <Opcode : 'readrequnaligned' 'writerequnaligned' 'read' 'write' 'readreq' 'writereq' 'writeresp'>
ST_62 : Operation 293 [12/71] (3.65ns)   --->   "%gmem_load_1_req = readreq i1 @_ssdm_op_ReadReq.m_axi.i512P1A, i64 %gmem_addr_1, i64 1" [../src/grayscale.cpp:9->../src/canny_top.cpp:28]   --->   Operation 293 'readreq' 'gmem_load_1_req' <Predicate = true> <Delay = 3.65> <CoreInst = "m_axi">   --->   Core 119 'm_axi' <Latency = 6> <II = 1> <Delay = 1.00> <Adapter> <Opcode : 'readrequnaligned' 'writerequnaligned' 'read' 'write' 'readreq' 'writereq' 'writeresp'>
ST_62 : Operation 294 [13/71] (3.65ns)   --->   "%gmem_load_2_req = readreq i1 @_ssdm_op_ReadReq.m_axi.i512P1A, i64 %gmem_addr_2, i64 1" [../src/grayscale.cpp:9->../src/canny_top.cpp:28]   --->   Operation 294 'readreq' 'gmem_load_2_req' <Predicate = true> <Delay = 3.65> <CoreInst = "m_axi">   --->   Core 119 'm_axi' <Latency = 6> <II = 1> <Delay = 1.00> <Adapter> <Opcode : 'readrequnaligned' 'writerequnaligned' 'read' 'write' 'readreq' 'writereq' 'writeresp'>

State 63 <SV = 62> <Delay = 0.00>
ST_63 : Operation 295 [10/71] (3.65ns)   --->   "%gmem_load_req = readreq i1 @_ssdm_op_ReadReq.m_axi.i512P1A, i64 %gmem_addr, i64 1" [../src/grayscale.cpp:9->../src/canny_top.cpp:28]   --->   Operation 295 'readreq' 'gmem_load_req' <Predicate = true> <Delay = 3.65> <CoreInst = "m_axi">   --->   Core 119 'm_axi' <Latency = 6> <II = 1> <Delay = 1.00> <Adapter> <Opcode : 'readrequnaligned' 'writerequnaligned' 'read' 'write' 'readreq' 'writereq' 'writeresp'>
ST_63 : Operation 296 [11/71] (3.65ns)   --->   "%gmem_load_1_req = readreq i1 @_ssdm_op_ReadReq.m_axi.i512P1A, i64 %gmem_addr_1, i64 1" [../src/grayscale.cpp:9->../src/canny_top.cpp:28]   --->   Operation 296 'readreq' 'gmem_load_1_req' <Predicate = true> <Delay = 3.65> <CoreInst = "m_axi">   --->   Core 119 'm_axi' <Latency = 6> <II = 1> <Delay = 1.00> <Adapter> <Opcode : 'readrequnaligned' 'writerequnaligned' 'read' 'write' 'readreq' 'writereq' 'writeresp'>
ST_63 : Operation 297 [12/71] (3.65ns)   --->   "%gmem_load_2_req = readreq i1 @_ssdm_op_ReadReq.m_axi.i512P1A, i64 %gmem_addr_2, i64 1" [../src/grayscale.cpp:9->../src/canny_top.cpp:28]   --->   Operation 297 'readreq' 'gmem_load_2_req' <Predicate = true> <Delay = 3.65> <CoreInst = "m_axi">   --->   Core 119 'm_axi' <Latency = 6> <II = 1> <Delay = 1.00> <Adapter> <Opcode : 'readrequnaligned' 'writerequnaligned' 'read' 'write' 'readreq' 'writereq' 'writeresp'>

State 64 <SV = 63> <Delay = 0.00>
ST_64 : Operation 298 [9/71] (3.65ns)   --->   "%gmem_load_req = readreq i1 @_ssdm_op_ReadReq.m_axi.i512P1A, i64 %gmem_addr, i64 1" [../src/grayscale.cpp:9->../src/canny_top.cpp:28]   --->   Operation 298 'readreq' 'gmem_load_req' <Predicate = true> <Delay = 3.65> <CoreInst = "m_axi">   --->   Core 119 'm_axi' <Latency = 6> <II = 1> <Delay = 1.00> <Adapter> <Opcode : 'readrequnaligned' 'writerequnaligned' 'read' 'write' 'readreq' 'writereq' 'writeresp'>
ST_64 : Operation 299 [10/71] (3.65ns)   --->   "%gmem_load_1_req = readreq i1 @_ssdm_op_ReadReq.m_axi.i512P1A, i64 %gmem_addr_1, i64 1" [../src/grayscale.cpp:9->../src/canny_top.cpp:28]   --->   Operation 299 'readreq' 'gmem_load_1_req' <Predicate = true> <Delay = 3.65> <CoreInst = "m_axi">   --->   Core 119 'm_axi' <Latency = 6> <II = 1> <Delay = 1.00> <Adapter> <Opcode : 'readrequnaligned' 'writerequnaligned' 'read' 'write' 'readreq' 'writereq' 'writeresp'>
ST_64 : Operation 300 [11/71] (3.65ns)   --->   "%gmem_load_2_req = readreq i1 @_ssdm_op_ReadReq.m_axi.i512P1A, i64 %gmem_addr_2, i64 1" [../src/grayscale.cpp:9->../src/canny_top.cpp:28]   --->   Operation 300 'readreq' 'gmem_load_2_req' <Predicate = true> <Delay = 3.65> <CoreInst = "m_axi">   --->   Core 119 'm_axi' <Latency = 6> <II = 1> <Delay = 1.00> <Adapter> <Opcode : 'readrequnaligned' 'writerequnaligned' 'read' 'write' 'readreq' 'writereq' 'writeresp'>

State 65 <SV = 64> <Delay = 0.00>
ST_65 : Operation 301 [8/71] (3.65ns)   --->   "%gmem_load_req = readreq i1 @_ssdm_op_ReadReq.m_axi.i512P1A, i64 %gmem_addr, i64 1" [../src/grayscale.cpp:9->../src/canny_top.cpp:28]   --->   Operation 301 'readreq' 'gmem_load_req' <Predicate = true> <Delay = 3.65> <CoreInst = "m_axi">   --->   Core 119 'm_axi' <Latency = 6> <II = 1> <Delay = 1.00> <Adapter> <Opcode : 'readrequnaligned' 'writerequnaligned' 'read' 'write' 'readreq' 'writereq' 'writeresp'>
ST_65 : Operation 302 [9/71] (3.65ns)   --->   "%gmem_load_1_req = readreq i1 @_ssdm_op_ReadReq.m_axi.i512P1A, i64 %gmem_addr_1, i64 1" [../src/grayscale.cpp:9->../src/canny_top.cpp:28]   --->   Operation 302 'readreq' 'gmem_load_1_req' <Predicate = true> <Delay = 3.65> <CoreInst = "m_axi">   --->   Core 119 'm_axi' <Latency = 6> <II = 1> <Delay = 1.00> <Adapter> <Opcode : 'readrequnaligned' 'writerequnaligned' 'read' 'write' 'readreq' 'writereq' 'writeresp'>
ST_65 : Operation 303 [10/71] (3.65ns)   --->   "%gmem_load_2_req = readreq i1 @_ssdm_op_ReadReq.m_axi.i512P1A, i64 %gmem_addr_2, i64 1" [../src/grayscale.cpp:9->../src/canny_top.cpp:28]   --->   Operation 303 'readreq' 'gmem_load_2_req' <Predicate = true> <Delay = 3.65> <CoreInst = "m_axi">   --->   Core 119 'm_axi' <Latency = 6> <II = 1> <Delay = 1.00> <Adapter> <Opcode : 'readrequnaligned' 'writerequnaligned' 'read' 'write' 'readreq' 'writereq' 'writeresp'>

State 66 <SV = 65> <Delay = 0.00>
ST_66 : Operation 304 [7/71] (3.65ns)   --->   "%gmem_load_req = readreq i1 @_ssdm_op_ReadReq.m_axi.i512P1A, i64 %gmem_addr, i64 1" [../src/grayscale.cpp:9->../src/canny_top.cpp:28]   --->   Operation 304 'readreq' 'gmem_load_req' <Predicate = true> <Delay = 3.65> <CoreInst = "m_axi">   --->   Core 119 'm_axi' <Latency = 6> <II = 1> <Delay = 1.00> <Adapter> <Opcode : 'readrequnaligned' 'writerequnaligned' 'read' 'write' 'readreq' 'writereq' 'writeresp'>
ST_66 : Operation 305 [8/71] (3.65ns)   --->   "%gmem_load_1_req = readreq i1 @_ssdm_op_ReadReq.m_axi.i512P1A, i64 %gmem_addr_1, i64 1" [../src/grayscale.cpp:9->../src/canny_top.cpp:28]   --->   Operation 305 'readreq' 'gmem_load_1_req' <Predicate = true> <Delay = 3.65> <CoreInst = "m_axi">   --->   Core 119 'm_axi' <Latency = 6> <II = 1> <Delay = 1.00> <Adapter> <Opcode : 'readrequnaligned' 'writerequnaligned' 'read' 'write' 'readreq' 'writereq' 'writeresp'>
ST_66 : Operation 306 [9/71] (3.65ns)   --->   "%gmem_load_2_req = readreq i1 @_ssdm_op_ReadReq.m_axi.i512P1A, i64 %gmem_addr_2, i64 1" [../src/grayscale.cpp:9->../src/canny_top.cpp:28]   --->   Operation 306 'readreq' 'gmem_load_2_req' <Predicate = true> <Delay = 3.65> <CoreInst = "m_axi">   --->   Core 119 'm_axi' <Latency = 6> <II = 1> <Delay = 1.00> <Adapter> <Opcode : 'readrequnaligned' 'writerequnaligned' 'read' 'write' 'readreq' 'writereq' 'writeresp'>

State 67 <SV = 66> <Delay = 0.00>
ST_67 : Operation 307 [6/71] (3.65ns)   --->   "%gmem_load_req = readreq i1 @_ssdm_op_ReadReq.m_axi.i512P1A, i64 %gmem_addr, i64 1" [../src/grayscale.cpp:9->../src/canny_top.cpp:28]   --->   Operation 307 'readreq' 'gmem_load_req' <Predicate = true> <Delay = 3.65> <CoreInst = "m_axi">   --->   Core 119 'm_axi' <Latency = 6> <II = 1> <Delay = 1.00> <Adapter> <Opcode : 'readrequnaligned' 'writerequnaligned' 'read' 'write' 'readreq' 'writereq' 'writeresp'>
ST_67 : Operation 308 [7/71] (3.65ns)   --->   "%gmem_load_1_req = readreq i1 @_ssdm_op_ReadReq.m_axi.i512P1A, i64 %gmem_addr_1, i64 1" [../src/grayscale.cpp:9->../src/canny_top.cpp:28]   --->   Operation 308 'readreq' 'gmem_load_1_req' <Predicate = true> <Delay = 3.65> <CoreInst = "m_axi">   --->   Core 119 'm_axi' <Latency = 6> <II = 1> <Delay = 1.00> <Adapter> <Opcode : 'readrequnaligned' 'writerequnaligned' 'read' 'write' 'readreq' 'writereq' 'writeresp'>
ST_67 : Operation 309 [8/71] (3.65ns)   --->   "%gmem_load_2_req = readreq i1 @_ssdm_op_ReadReq.m_axi.i512P1A, i64 %gmem_addr_2, i64 1" [../src/grayscale.cpp:9->../src/canny_top.cpp:28]   --->   Operation 309 'readreq' 'gmem_load_2_req' <Predicate = true> <Delay = 3.65> <CoreInst = "m_axi">   --->   Core 119 'm_axi' <Latency = 6> <II = 1> <Delay = 1.00> <Adapter> <Opcode : 'readrequnaligned' 'writerequnaligned' 'read' 'write' 'readreq' 'writereq' 'writeresp'>

State 68 <SV = 67> <Delay = 0.00>
ST_68 : Operation 310 [5/71] (3.65ns)   --->   "%gmem_load_req = readreq i1 @_ssdm_op_ReadReq.m_axi.i512P1A, i64 %gmem_addr, i64 1" [../src/grayscale.cpp:9->../src/canny_top.cpp:28]   --->   Operation 310 'readreq' 'gmem_load_req' <Predicate = true> <Delay = 3.65> <CoreInst = "m_axi">   --->   Core 119 'm_axi' <Latency = 6> <II = 1> <Delay = 1.00> <Adapter> <Opcode : 'readrequnaligned' 'writerequnaligned' 'read' 'write' 'readreq' 'writereq' 'writeresp'>
ST_68 : Operation 311 [6/71] (3.65ns)   --->   "%gmem_load_1_req = readreq i1 @_ssdm_op_ReadReq.m_axi.i512P1A, i64 %gmem_addr_1, i64 1" [../src/grayscale.cpp:9->../src/canny_top.cpp:28]   --->   Operation 311 'readreq' 'gmem_load_1_req' <Predicate = true> <Delay = 3.65> <CoreInst = "m_axi">   --->   Core 119 'm_axi' <Latency = 6> <II = 1> <Delay = 1.00> <Adapter> <Opcode : 'readrequnaligned' 'writerequnaligned' 'read' 'write' 'readreq' 'writereq' 'writeresp'>
ST_68 : Operation 312 [7/71] (3.65ns)   --->   "%gmem_load_2_req = readreq i1 @_ssdm_op_ReadReq.m_axi.i512P1A, i64 %gmem_addr_2, i64 1" [../src/grayscale.cpp:9->../src/canny_top.cpp:28]   --->   Operation 312 'readreq' 'gmem_load_2_req' <Predicate = true> <Delay = 3.65> <CoreInst = "m_axi">   --->   Core 119 'm_axi' <Latency = 6> <II = 1> <Delay = 1.00> <Adapter> <Opcode : 'readrequnaligned' 'writerequnaligned' 'read' 'write' 'readreq' 'writereq' 'writeresp'>

State 69 <SV = 68> <Delay = 0.00>
ST_69 : Operation 313 [4/71] (3.65ns)   --->   "%gmem_load_req = readreq i1 @_ssdm_op_ReadReq.m_axi.i512P1A, i64 %gmem_addr, i64 1" [../src/grayscale.cpp:9->../src/canny_top.cpp:28]   --->   Operation 313 'readreq' 'gmem_load_req' <Predicate = true> <Delay = 3.65> <CoreInst = "m_axi">   --->   Core 119 'm_axi' <Latency = 6> <II = 1> <Delay = 1.00> <Adapter> <Opcode : 'readrequnaligned' 'writerequnaligned' 'read' 'write' 'readreq' 'writereq' 'writeresp'>
ST_69 : Operation 314 [5/71] (3.65ns)   --->   "%gmem_load_1_req = readreq i1 @_ssdm_op_ReadReq.m_axi.i512P1A, i64 %gmem_addr_1, i64 1" [../src/grayscale.cpp:9->../src/canny_top.cpp:28]   --->   Operation 314 'readreq' 'gmem_load_1_req' <Predicate = true> <Delay = 3.65> <CoreInst = "m_axi">   --->   Core 119 'm_axi' <Latency = 6> <II = 1> <Delay = 1.00> <Adapter> <Opcode : 'readrequnaligned' 'writerequnaligned' 'read' 'write' 'readreq' 'writereq' 'writeresp'>
ST_69 : Operation 315 [6/71] (3.65ns)   --->   "%gmem_load_2_req = readreq i1 @_ssdm_op_ReadReq.m_axi.i512P1A, i64 %gmem_addr_2, i64 1" [../src/grayscale.cpp:9->../src/canny_top.cpp:28]   --->   Operation 315 'readreq' 'gmem_load_2_req' <Predicate = true> <Delay = 3.65> <CoreInst = "m_axi">   --->   Core 119 'm_axi' <Latency = 6> <II = 1> <Delay = 1.00> <Adapter> <Opcode : 'readrequnaligned' 'writerequnaligned' 'read' 'write' 'readreq' 'writereq' 'writeresp'>

State 70 <SV = 69> <Delay = 0.00>
ST_70 : Operation 316 [3/71] (3.65ns)   --->   "%gmem_load_req = readreq i1 @_ssdm_op_ReadReq.m_axi.i512P1A, i64 %gmem_addr, i64 1" [../src/grayscale.cpp:9->../src/canny_top.cpp:28]   --->   Operation 316 'readreq' 'gmem_load_req' <Predicate = true> <Delay = 3.65> <CoreInst = "m_axi">   --->   Core 119 'm_axi' <Latency = 6> <II = 1> <Delay = 1.00> <Adapter> <Opcode : 'readrequnaligned' 'writerequnaligned' 'read' 'write' 'readreq' 'writereq' 'writeresp'>
ST_70 : Operation 317 [4/71] (3.65ns)   --->   "%gmem_load_1_req = readreq i1 @_ssdm_op_ReadReq.m_axi.i512P1A, i64 %gmem_addr_1, i64 1" [../src/grayscale.cpp:9->../src/canny_top.cpp:28]   --->   Operation 317 'readreq' 'gmem_load_1_req' <Predicate = true> <Delay = 3.65> <CoreInst = "m_axi">   --->   Core 119 'm_axi' <Latency = 6> <II = 1> <Delay = 1.00> <Adapter> <Opcode : 'readrequnaligned' 'writerequnaligned' 'read' 'write' 'readreq' 'writereq' 'writeresp'>
ST_70 : Operation 318 [5/71] (3.65ns)   --->   "%gmem_load_2_req = readreq i1 @_ssdm_op_ReadReq.m_axi.i512P1A, i64 %gmem_addr_2, i64 1" [../src/grayscale.cpp:9->../src/canny_top.cpp:28]   --->   Operation 318 'readreq' 'gmem_load_2_req' <Predicate = true> <Delay = 3.65> <CoreInst = "m_axi">   --->   Core 119 'm_axi' <Latency = 6> <II = 1> <Delay = 1.00> <Adapter> <Opcode : 'readrequnaligned' 'writerequnaligned' 'read' 'write' 'readreq' 'writereq' 'writeresp'>

State 71 <SV = 70> <Delay = 0.00>
ST_71 : Operation 319 [2/71] (3.65ns)   --->   "%gmem_load_req = readreq i1 @_ssdm_op_ReadReq.m_axi.i512P1A, i64 %gmem_addr, i64 1" [../src/grayscale.cpp:9->../src/canny_top.cpp:28]   --->   Operation 319 'readreq' 'gmem_load_req' <Predicate = true> <Delay = 3.65> <CoreInst = "m_axi">   --->   Core 119 'm_axi' <Latency = 6> <II = 1> <Delay = 1.00> <Adapter> <Opcode : 'readrequnaligned' 'writerequnaligned' 'read' 'write' 'readreq' 'writereq' 'writeresp'>
ST_71 : Operation 320 [3/71] (3.65ns)   --->   "%gmem_load_1_req = readreq i1 @_ssdm_op_ReadReq.m_axi.i512P1A, i64 %gmem_addr_1, i64 1" [../src/grayscale.cpp:9->../src/canny_top.cpp:28]   --->   Operation 320 'readreq' 'gmem_load_1_req' <Predicate = true> <Delay = 3.65> <CoreInst = "m_axi">   --->   Core 119 'm_axi' <Latency = 6> <II = 1> <Delay = 1.00> <Adapter> <Opcode : 'readrequnaligned' 'writerequnaligned' 'read' 'write' 'readreq' 'writereq' 'writeresp'>
ST_71 : Operation 321 [4/71] (3.65ns)   --->   "%gmem_load_2_req = readreq i1 @_ssdm_op_ReadReq.m_axi.i512P1A, i64 %gmem_addr_2, i64 1" [../src/grayscale.cpp:9->../src/canny_top.cpp:28]   --->   Operation 321 'readreq' 'gmem_load_2_req' <Predicate = true> <Delay = 3.65> <CoreInst = "m_axi">   --->   Core 119 'm_axi' <Latency = 6> <II = 1> <Delay = 1.00> <Adapter> <Opcode : 'readrequnaligned' 'writerequnaligned' 'read' 'write' 'readreq' 'writereq' 'writeresp'>

State 72 <SV = 71> <Delay = 3.65>
ST_72 : Operation 322 [1/71] ( I:3.65ns O:3.65ns )   --->   "%gmem_load_req = readreq i1 @_ssdm_op_ReadReq.m_axi.i512P1A, i64 %gmem_addr, i64 1" [../src/grayscale.cpp:9->../src/canny_top.cpp:28]   --->   Operation 322 'readreq' 'gmem_load_req' <Predicate = true> <Delay = 3.65> <CoreInst = "m_axi">   --->   Core 119 'm_axi' <Latency = 6> <II = 1> <Delay = 1.00> <Adapter> <Opcode : 'readrequnaligned' 'writerequnaligned' 'read' 'write' 'readreq' 'writereq' 'writeresp'>
ST_72 : Operation 323 [2/71] (3.65ns)   --->   "%gmem_load_1_req = readreq i1 @_ssdm_op_ReadReq.m_axi.i512P1A, i64 %gmem_addr_1, i64 1" [../src/grayscale.cpp:9->../src/canny_top.cpp:28]   --->   Operation 323 'readreq' 'gmem_load_1_req' <Predicate = true> <Delay = 3.65> <CoreInst = "m_axi">   --->   Core 119 'm_axi' <Latency = 6> <II = 1> <Delay = 1.00> <Adapter> <Opcode : 'readrequnaligned' 'writerequnaligned' 'read' 'write' 'readreq' 'writereq' 'writeresp'>
ST_72 : Operation 324 [3/71] (3.65ns)   --->   "%gmem_load_2_req = readreq i1 @_ssdm_op_ReadReq.m_axi.i512P1A, i64 %gmem_addr_2, i64 1" [../src/grayscale.cpp:9->../src/canny_top.cpp:28]   --->   Operation 324 'readreq' 'gmem_load_2_req' <Predicate = true> <Delay = 3.65> <CoreInst = "m_axi">   --->   Core 119 'm_axi' <Latency = 6> <II = 1> <Delay = 1.00> <Adapter> <Opcode : 'readrequnaligned' 'writerequnaligned' 'read' 'write' 'readreq' 'writereq' 'writeresp'>

State 73 <SV = 72> <Delay = 3.65>
ST_73 : Operation 325 [1/1] ( I:3.65ns O:3.65ns )   --->   "%gmem_addr_read = read i512 @_ssdm_op_Read.m_axi.i512P1A, i64 %gmem_addr" [../src/grayscale.cpp:9->../src/canny_top.cpp:28]   --->   Operation 325 'read' 'gmem_addr_read' <Predicate = true> <Delay = 3.65> <CoreInst = "m_axi">   --->   Core 119 'm_axi' <Latency = 3> <II = 1> <Delay = 1.00> <Adapter> <Opcode : 'readrequnaligned' 'writerequnaligned' 'read' 'write' 'readreq' 'writereq' 'writeresp'>
ST_73 : Operation 326 [1/71] ( I:3.65ns O:3.65ns )   --->   "%gmem_load_1_req = readreq i1 @_ssdm_op_ReadReq.m_axi.i512P1A, i64 %gmem_addr_1, i64 1" [../src/grayscale.cpp:9->../src/canny_top.cpp:28]   --->   Operation 326 'readreq' 'gmem_load_1_req' <Predicate = true> <Delay = 3.65> <CoreInst = "m_axi">   --->   Core 119 'm_axi' <Latency = 6> <II = 1> <Delay = 1.00> <Adapter> <Opcode : 'readrequnaligned' 'writerequnaligned' 'read' 'write' 'readreq' 'writereq' 'writeresp'>
ST_73 : Operation 327 [2/71] (3.65ns)   --->   "%gmem_load_2_req = readreq i1 @_ssdm_op_ReadReq.m_axi.i512P1A, i64 %gmem_addr_2, i64 1" [../src/grayscale.cpp:9->../src/canny_top.cpp:28]   --->   Operation 327 'readreq' 'gmem_load_2_req' <Predicate = true> <Delay = 3.65> <CoreInst = "m_axi">   --->   Core 119 'm_axi' <Latency = 6> <II = 1> <Delay = 1.00> <Adapter> <Opcode : 'readrequnaligned' 'writerequnaligned' 'read' 'write' 'readreq' 'writereq' 'writeresp'>

State 74 <SV = 73> <Delay = 3.65>
ST_74 : Operation 328 [1/1] (0.00ns)   --->   "%shl_ln9 = bitconcatenate i9 @_ssdm_op_BitConcatenate.i9.i6.i3, i6 %trunc_ln9, i3 0" [../src/grayscale.cpp:9->../src/canny_top.cpp:28]   --->   Operation 328 'bitconcatenate' 'shl_ln9' <Predicate = true> <Delay = 0.00>
ST_74 : Operation 329 [1/1] (0.00ns)   --->   "%zext_ln9_1 = zext i9 %shl_ln9" [../src/grayscale.cpp:9->../src/canny_top.cpp:28]   --->   Operation 329 'zext' 'zext_ln9_1' <Predicate = true> <Delay = 0.00>
ST_74 : Operation 330 [1/1] (1.88ns)   --->   "%lshr_ln9 = lshr i512 %gmem_addr_read, i512 %zext_ln9_1" [../src/grayscale.cpp:9->../src/canny_top.cpp:28]   --->   Operation 330 'lshr' 'lshr_ln9' <Predicate = true> <Delay = 1.88> <CoreInst = "Shifter">   --->   Core 75 'Shifter' <Latency = 0> <II = 1> <Delay = 1.88> <FuncUnit> <Opcode : 'shl' 'lshr' 'ashr'> <InPorts = 2> <OutPorts = 1>
ST_74 : Operation 331 [1/1] (0.00ns)   --->   "%trunc_ln9_1 = trunc i512 %lshr_ln9" [../src/grayscale.cpp:9->../src/canny_top.cpp:28]   --->   Operation 331 'trunc' 'trunc_ln9_1' <Predicate = true> <Delay = 0.00>
ST_74 : Operation 332 [1/1] ( I:3.65ns O:3.65ns )   --->   "%gmem_addr_1_read = read i512 @_ssdm_op_Read.m_axi.i512P1A, i64 %gmem_addr_1" [../src/grayscale.cpp:9->../src/canny_top.cpp:28]   --->   Operation 332 'read' 'gmem_addr_1_read' <Predicate = true> <Delay = 3.65> <CoreInst = "m_axi">   --->   Core 119 'm_axi' <Latency = 3> <II = 1> <Delay = 1.00> <Adapter> <Opcode : 'readrequnaligned' 'writerequnaligned' 'read' 'write' 'readreq' 'writereq' 'writeresp'>
ST_74 : Operation 333 [1/71] ( I:3.65ns O:3.65ns )   --->   "%gmem_load_2_req = readreq i1 @_ssdm_op_ReadReq.m_axi.i512P1A, i64 %gmem_addr_2, i64 1" [../src/grayscale.cpp:9->../src/canny_top.cpp:28]   --->   Operation 333 'readreq' 'gmem_load_2_req' <Predicate = true> <Delay = 3.65> <CoreInst = "m_axi">   --->   Core 119 'm_axi' <Latency = 6> <II = 1> <Delay = 1.00> <Adapter> <Opcode : 'readrequnaligned' 'writerequnaligned' 'read' 'write' 'readreq' 'writereq' 'writeresp'>

State 75 <SV = 74> <Delay = 3.65>
ST_75 : Operation 334 [1/1] (0.00ns)   --->   "%shl_ln9_1 = bitconcatenate i9 @_ssdm_op_BitConcatenate.i9.i6.i3, i6 %trunc_ln9_2, i3 0" [../src/grayscale.cpp:9->../src/canny_top.cpp:28]   --->   Operation 334 'bitconcatenate' 'shl_ln9_1' <Predicate = true> <Delay = 0.00>
ST_75 : Operation 335 [1/1] (0.00ns)   --->   "%zext_ln9_3 = zext i9 %shl_ln9_1" [../src/grayscale.cpp:9->../src/canny_top.cpp:28]   --->   Operation 335 'zext' 'zext_ln9_3' <Predicate = true> <Delay = 0.00>
ST_75 : Operation 336 [1/1] (1.88ns)   --->   "%lshr_ln9_1 = lshr i512 %gmem_addr_1_read, i512 %zext_ln9_3" [../src/grayscale.cpp:9->../src/canny_top.cpp:28]   --->   Operation 336 'lshr' 'lshr_ln9_1' <Predicate = true> <Delay = 1.88> <CoreInst = "Shifter">   --->   Core 75 'Shifter' <Latency = 0> <II = 1> <Delay = 1.88> <FuncUnit> <Opcode : 'shl' 'lshr' 'ashr'> <InPorts = 2> <OutPorts = 1>
ST_75 : Operation 337 [1/1] (0.00ns)   --->   "%trunc_ln9_3 = trunc i512 %lshr_ln9_1" [../src/grayscale.cpp:9->../src/canny_top.cpp:28]   --->   Operation 337 'trunc' 'trunc_ln9_3' <Predicate = true> <Delay = 0.00>
ST_75 : Operation 338 [1/1] ( I:3.65ns O:3.65ns )   --->   "%gmem_addr_2_read = read i512 @_ssdm_op_Read.m_axi.i512P1A, i64 %gmem_addr_2" [../src/grayscale.cpp:9->../src/canny_top.cpp:28]   --->   Operation 338 'read' 'gmem_addr_2_read' <Predicate = true> <Delay = 3.65> <CoreInst = "m_axi">   --->   Core 119 'm_axi' <Latency = 3> <II = 1> <Delay = 1.00> <Adapter> <Opcode : 'readrequnaligned' 'writerequnaligned' 'read' 'write' 'readreq' 'writereq' 'writeresp'>
ST_75 : Operation 339 [1/1] (0.00ns)   --->   "%zext_ln10_1 = zext i8 %trunc_ln9_1" [../src/grayscale.cpp:10->../src/canny_top.cpp:28]   --->   Operation 339 'zext' 'zext_ln10_1' <Predicate = true> <Delay = 0.00>
ST_75 : Operation 340 [3/3] (0.99ns) (grouped into DSP with root node add_ln10)   --->   "%mul_ln10_2 = mul i13 %zext_ln10_1, i13 29" [../src/grayscale.cpp:10->../src/canny_top.cpp:28]   --->   Operation 340 'mul' 'mul_ln10_2' <Predicate = true> <Delay = 0.99> <CoreInst = "DSP48">   --->   Core 124 'DSP48' <Latency = 3> <II = 1> <Delay = 0.53> <IPBlock> <Opcode : 'add' 'sub' 'mul' 'select'> <InPorts = 0> <OutPorts = 1> <Sync> <CReg>

State 76 <SV = 75> <Delay = 1.88>
ST_76 : Operation 341 [1/1] (0.00ns)   --->   "%shl_ln9_2 = bitconcatenate i9 @_ssdm_op_BitConcatenate.i9.i6.i3, i6 %trunc_ln9_4, i3 0" [../src/grayscale.cpp:9->../src/canny_top.cpp:28]   --->   Operation 341 'bitconcatenate' 'shl_ln9_2' <Predicate = true> <Delay = 0.00>
ST_76 : Operation 342 [1/1] (0.00ns)   --->   "%zext_ln9_5 = zext i9 %shl_ln9_2" [../src/grayscale.cpp:9->../src/canny_top.cpp:28]   --->   Operation 342 'zext' 'zext_ln9_5' <Predicate = true> <Delay = 0.00>
ST_76 : Operation 343 [1/1] (1.88ns)   --->   "%lshr_ln9_2 = lshr i512 %gmem_addr_2_read, i512 %zext_ln9_5" [../src/grayscale.cpp:9->../src/canny_top.cpp:28]   --->   Operation 343 'lshr' 'lshr_ln9_2' <Predicate = true> <Delay = 1.88> <CoreInst = "Shifter">   --->   Core 75 'Shifter' <Latency = 0> <II = 1> <Delay = 1.88> <FuncUnit> <Opcode : 'shl' 'lshr' 'ashr'> <InPorts = 2> <OutPorts = 1>
ST_76 : Operation 344 [1/1] (0.00ns)   --->   "%trunc_ln9_5 = trunc i512 %lshr_ln9_2" [../src/grayscale.cpp:9->../src/canny_top.cpp:28]   --->   Operation 344 'trunc' 'trunc_ln9_5' <Predicate = true> <Delay = 0.00>
ST_76 : Operation 345 [1/1] (0.00ns)   --->   "%zext_ln11 = zext i8 %trunc_ln9_3" [../src/grayscale.cpp:11->../src/canny_top.cpp:28]   --->   Operation 345 'zext' 'zext_ln11' <Predicate = true> <Delay = 0.00>
ST_76 : Operation 346 [3/3] (0.99ns) (grouped into DSP with root node gray)   --->   "%mul_ln10_1 = mul i16 %zext_ln11, i16 150" [../src/grayscale.cpp:10->../src/canny_top.cpp:28]   --->   Operation 346 'mul' 'mul_ln10_1' <Predicate = true> <Delay = 0.99> <CoreInst = "DSP48">   --->   Core 124 'DSP48' <Latency = 3> <II = 1> <Delay = 0.53> <IPBlock> <Opcode : 'add' 'sub' 'mul' 'select'> <InPorts = 0> <OutPorts = 1> <Sync> <CReg>
ST_76 : Operation 347 [2/3] (0.99ns) (grouped into DSP with root node add_ln10)   --->   "%mul_ln10_2 = mul i13 %zext_ln10_1, i13 29" [../src/grayscale.cpp:10->../src/canny_top.cpp:28]   --->   Operation 347 'mul' 'mul_ln10_2' <Predicate = true> <Delay = 0.99> <CoreInst = "DSP48">   --->   Core 124 'DSP48' <Latency = 3> <II = 1> <Delay = 0.53> <IPBlock> <Opcode : 'add' 'sub' 'mul' 'select'> <InPorts = 0> <OutPorts = 1> <Sync> <CReg>

State 77 <SV = 76> <Delay = 2.29>
ST_77 : Operation 348 [1/1] (0.00ns)   --->   "%zext_ln10 = zext i8 %trunc_ln9_5" [../src/grayscale.cpp:10->../src/canny_top.cpp:28]   --->   Operation 348 'zext' 'zext_ln10' <Predicate = true> <Delay = 0.00>
ST_77 : Operation 349 [1/1] (1.65ns)   --->   "%mul_ln10 = mul i15 %zext_ln10, i15 77" [../src/grayscale.cpp:10->../src/canny_top.cpp:28]   --->   Operation 349 'mul' 'mul_ln10' <Predicate = true> <Delay = 1.65> <CoreInst = "Multiplier">   --->   Core 3 'Multiplier' <Latency = 0> <II = 1> <Delay = 1.65> <FuncUnit> <Opcode : 'mul'> <InPorts = 2> <OutPorts = 1>
ST_77 : Operation 350 [2/3] (0.99ns) (grouped into DSP with root node gray)   --->   "%mul_ln10_1 = mul i16 %zext_ln11, i16 150" [../src/grayscale.cpp:10->../src/canny_top.cpp:28]   --->   Operation 350 'mul' 'mul_ln10_1' <Predicate = true> <Delay = 0.99> <CoreInst = "DSP48">   --->   Core 124 'DSP48' <Latency = 3> <II = 1> <Delay = 0.53> <IPBlock> <Opcode : 'add' 'sub' 'mul' 'select'> <InPorts = 0> <OutPorts = 1> <Sync> <CReg>
ST_77 : Operation 351 [1/3] (0.00ns) (grouped into DSP with root node add_ln10)   --->   "%mul_ln10_2 = mul i13 %zext_ln10_1, i13 29" [../src/grayscale.cpp:10->../src/canny_top.cpp:28]   --->   Operation 351 'mul' 'mul_ln10_2' <Predicate = true> <Delay = 0.00> <CoreInst = "DSP48">   --->   Core 124 'DSP48' <Latency = 3> <II = 1> <Delay = 0.53> <IPBlock> <Opcode : 'add' 'sub' 'mul' 'select'> <InPorts = 0> <OutPorts = 1> <Sync> <CReg>
ST_77 : Operation 352 [1/1] (0.00ns) (grouped into DSP with root node add_ln10)   --->   "%zext_ln10_2 = zext i13 %mul_ln10_2" [../src/grayscale.cpp:10->../src/canny_top.cpp:28]   --->   Operation 352 'zext' 'zext_ln10_2' <Predicate = true> <Delay = 0.00>
ST_77 : Operation 353 [2/2] (0.64ns) (root node of the DSP)   --->   "%add_ln10 = add i15 %mul_ln10, i15 %zext_ln10_2" [../src/grayscale.cpp:10->../src/canny_top.cpp:28]   --->   Operation 353 'add' 'add_ln10' <Predicate = true> <Delay = 0.64> <CoreInst = "DSP48">   --->   Core 124 'DSP48' <Latency = 3> <II = 1> <Delay = 0.53> <IPBlock> <Opcode : 'add' 'sub' 'mul' 'select'> <InPorts = 0> <OutPorts = 1> <Sync> <CReg>

State 78 <SV = 77> <Delay = 1.29>
ST_78 : Operation 354 [1/3] (0.00ns) (grouped into DSP with root node gray)   --->   "%mul_ln10_1 = mul i16 %zext_ln11, i16 150" [../src/grayscale.cpp:10->../src/canny_top.cpp:28]   --->   Operation 354 'mul' 'mul_ln10_1' <Predicate = true> <Delay = 0.00> <CoreInst = "DSP48">   --->   Core 124 'DSP48' <Latency = 3> <II = 1> <Delay = 0.53> <IPBlock> <Opcode : 'add' 'sub' 'mul' 'select'> <InPorts = 0> <OutPorts = 1> <Sync> <CReg>
ST_78 : Operation 355 [1/2] (0.64ns) (root node of the DSP)   --->   "%add_ln10 = add i15 %mul_ln10, i15 %zext_ln10_2" [../src/grayscale.cpp:10->../src/canny_top.cpp:28]   --->   Operation 355 'add' 'add_ln10' <Predicate = true> <Delay = 0.64> <CoreInst = "DSP48">   --->   Core 124 'DSP48' <Latency = 3> <II = 1> <Delay = 0.53> <IPBlock> <Opcode : 'add' 'sub' 'mul' 'select'> <InPorts = 0> <OutPorts = 1> <Sync> <CReg>
ST_78 : Operation 356 [1/1] (0.00ns)   --->   "%zext_ln10_3 = zext i15 %add_ln10" [../src/grayscale.cpp:10->../src/canny_top.cpp:28]   --->   Operation 356 'zext' 'zext_ln10_3' <Predicate = true> <Delay = 0.00>
ST_78 : Operation 357 [2/2] (0.64ns) (root node of the DSP)   --->   "%gray = add i16 %zext_ln10_3, i16 %mul_ln10_1" [../src/grayscale.cpp:10->../src/canny_top.cpp:28]   --->   Operation 357 'add' 'gray' <Predicate = true> <Delay = 0.64> <CoreInst = "DSP48">   --->   Core 124 'DSP48' <Latency = 3> <II = 1> <Delay = 0.53> <IPBlock> <Opcode : 'add' 'sub' 'mul' 'select'> <InPorts = 0> <OutPorts = 1> <Sync> <CReg>

State 79 <SV = 78> <Delay = 1.88>
ST_79 : Operation 358 [1/1] (0.00ns)   --->   "%zext_ln7 = zext i9 %column" [../src/grayscale.cpp:7->../src/canny_top.cpp:28]   --->   Operation 358 'zext' 'zext_ln7' <Predicate = true> <Delay = 0.00>
ST_79 : Operation 359 [1/1] (0.00ns)   --->   "%specpipeline_ln7 = specpipeline void @_ssdm_op_SpecPipeline, i32 4294967295, i32 0, i32 0, i32 0, i32 4294967295, void @empty" [../src/grayscale.cpp:7->../src/canny_top.cpp:28]   --->   Operation 359 'specpipeline' 'specpipeline_ln7' <Predicate = true> <Delay = 0.00>
ST_79 : Operation 360 [1/1] (0.00ns)   --->   "%speclooptripcount_ln7 = speclooptripcount void @_ssdm_op_SpecLoopTripCount, i64 512, i64 512, i64 512" [../src/grayscale.cpp:7->../src/canny_top.cpp:28]   --->   Operation 360 'speclooptripcount' 'speclooptripcount_ln7' <Predicate = true> <Delay = 0.00>
ST_79 : Operation 361 [1/1] (0.00ns)   --->   "%specloopname_ln7 = specloopname void @_ssdm_op_SpecLoopName, void @empty_15" [../src/grayscale.cpp:7->../src/canny_top.cpp:28]   --->   Operation 361 'specloopname' 'specloopname_ln7' <Predicate = true> <Delay = 0.00>
ST_79 : Operation 362 [1/2] (0.64ns) (root node of the DSP)   --->   "%gray = add i16 %zext_ln10_3, i16 %mul_ln10_1" [../src/grayscale.cpp:10->../src/canny_top.cpp:28]   --->   Operation 362 'add' 'gray' <Predicate = true> <Delay = 0.64> <CoreInst = "DSP48">   --->   Core 124 'DSP48' <Latency = 3> <II = 1> <Delay = 0.53> <IPBlock> <Opcode : 'add' 'sub' 'mul' 'select'> <InPorts = 0> <OutPorts = 1> <Sync> <CReg>
ST_79 : Operation 363 [1/1] (0.00ns)   --->   "%trunc_ln = partselect i8 @_ssdm_op_PartSelect.i8.i16.i32.i32, i16 %gray, i32 8, i32 15" [../src/grayscale.cpp:14->../src/canny_top.cpp:28]   --->   Operation 363 'partselect' 'trunc_ln' <Predicate = true> <Delay = 0.00>
ST_79 : Operation 364 [1/1] (0.00ns)   --->   "%out_grayscale_addr = getelementptr i8 %out_grayscale, i64 0, i64 %zext_ln7" [../src/grayscale.cpp:13->../src/canny_top.cpp:28]   --->   Operation 364 'getelementptr' 'out_grayscale_addr' <Predicate = true> <Delay = 0.00>
ST_79 : Operation 365 [1/1] ( I:1.23ns O:1.23ns )   --->   "%store_ln13 = store i8 %trunc_ln, i9 %out_grayscale_addr" [../src/grayscale.cpp:13->../src/canny_top.cpp:28]   --->   Operation 365 'store' 'store_ln13' <Predicate = true> <Delay = 1.23> <CoreInst = "RAM">   --->   Core 82 'RAM' <Latency = 1> <II = 1> <Delay = 1.23> <Storage> <Opcode : 'load' 'store'> <Ports = 2> <Width = 8> <Depth = 512> <RAM>
ST_79 : Operation 366 [1/1] (0.42ns)   --->   "%ret_ln0 = ret"   --->   Operation 366 'ret' 'ret_ln0' <Predicate = (icmp_ln7)> <Delay = 0.42>


============================================================
+ Verbose Summary: Binding
============================================================
STG Binding: 
---------------- STG Properties BEGIN ----------------
- Is combinational: 0
- Is one-state seq: 0
- Is datapath-only: 0
- Is pipelined: 0
- Is top level: 0
Port [ Return ] is wired: 1; IO mode=ap_ctrl_hs:ce=0
Port [ empty]:  wired=1; compound=0; hidden=0; nouse=0; global=0; static=0; extern=0; dir=0; type=0; pingpong=0; private_global=0; IO mode=ap_none:ce=0
Port [ gmem]:  wired=1; compound=1; hidden=0; nouse=0; global=0; static=0; extern=0; dir=0; type=4; pingpong=0; private_global=0; IO mode=m_axi:ce=0
Port [ out_grayscale]:  wired=1; compound=1; hidden=0; nouse=0; global=0; static=0; extern=0; dir=1; type=1; pingpong=1; private_global=0; MemPort=[03]; IO mode=ap_memory:ce=0
---------------- STG Properties END ------------------

---------------- Datapath Model BEGIN ----------------

<LifeTime>
<method=bitvector/>
column12              (alloca           ) [ 01110000000000000000000000000000000000000000000000000000000000000000000000000000]
specinterface_ln0     (specinterface    ) [ 00000000000000000000000000000000000000000000000000000000000000000000000000000000]
tmp                   (read             ) [ 00110000000000000000000000000000000000000000000000000000000000000000000000000000]
store_ln7             (store            ) [ 00000000000000000000000000000000000000000000000000000000000000000000000000000000]
br_ln0                (br               ) [ 00000000000000000000000000000000000000000000000000000000000000000000000000000000]
column                (load             ) [ 01111111111111111111111111111111111111111111111111111111111111111111111111111111]
zext_ln7_1            (zext             ) [ 00000000000000000000000000000000000000000000000000000000000000000000000000000000]
p_shl                 (bitconcatenate   ) [ 00000000000000000000000000000000000000000000000000000000000000000000000000000000]
sub_ln9               (sub              ) [ 00110000000000000000000000000000000000000000000000000000000000000000000000000000]
zext_ln9              (zext             ) [ 00000000000000000000000000000000000000000000000000000000000000000000000000000000]
add_ln9               (add              ) [ 00000000000000000000000000000000000000000000000000000000000000000000000000000000]
trunc_ln9_6           (partselect       ) [ 00100000000000000000000000000000000000000000000000000000000000000000000000000000]
trunc_ln9             (trunc            ) [ 01111111111111111111111111111111111111111111111111111111111111111111111111100000]
icmp_ln7              (icmp             ) [ 01111111111111111111111111111111111111111111111111111111111111111111111111111111]
br_ln7                (br               ) [ 00000000000000000000000000000000000000000000000000000000000000000000000000000000]
sext_ln9              (sext             ) [ 00000000000000000000000000000000000000000000000000000000000000000000000000000000]
gmem_addr             (getelementptr    ) [ 01111111111111111111111111111111111111111111111111111111111111111111111111000000]
add_ln9_1             (add              ) [ 00000000000000000000000000000000000000000000000000000000000000000000000000000000]
zext_ln9_2            (zext             ) [ 00000000000000000000000000000000000000000000000000000000000000000000000000000000]
add_ln9_2             (add              ) [ 00000000000000000000000000000000000000000000000000000000000000000000000000000000]
trunc_ln9_7           (partselect       ) [ 00010000000000000000000000000000000000000000000000000000000000000000000000000000]
trunc_ln9_2           (trunc            ) [ 01111111111111111111111111111111111111111111111111111111111111111111111111110000]
sext_ln9_1            (sext             ) [ 00000000000000000000000000000000000000000000000000000000000000000000000000000000]
gmem_addr_1           (getelementptr    ) [ 01111111111111111111111111111111111111111111111111111111111111111111111111100000]
add_ln9_3             (add              ) [ 00000000000000000000000000000000000000000000000000000000000000000000000000000000]
zext_ln9_4            (zext             ) [ 00000000000000000000000000000000000000000000000000000000000000000000000000000000]
add_ln9_4             (add              ) [ 00000000000000000000000000000000000000000000000000000000000000000000000000000000]
trunc_ln9_8           (partselect       ) [ 01001000000000000000000000000000000000000000000000000000000000000000000000000000]
trunc_ln9_4           (trunc            ) [ 01111111111111111111111111111111111111111111111111111111111111111111111111111000]
column_9              (add              ) [ 00000000000000000000000000000000000000000000000000000000000000000000000000000000]
store_ln7             (store            ) [ 00000000000000000000000000000000000000000000000000000000000000000000000000000000]
sext_ln9_2            (sext             ) [ 00000000000000000000000000000000000000000000000000000000000000000000000000000000]
gmem_addr_2           (getelementptr    ) [ 01110111111111111111111111111111111111111111111111111111111111111111111111110000]
gmem_load_req         (readreq          ) [ 00000000000000000000000000000000000000000000000000000000000000000000000000000000]
gmem_addr_read        (read             ) [ 00100000000000000000000000000000000000000000000000000000000000000000000000100000]
gmem_load_1_req       (readreq          ) [ 00000000000000000000000000000000000000000000000000000000000000000000000000000000]
shl_ln9               (bitconcatenate   ) [ 00000000000000000000000000000000000000000000000000000000000000000000000000000000]
zext_ln9_1            (zext             ) [ 00000000000000000000000000000000000000000000000000000000000000000000000000000000]
lshr_ln9              (lshr             ) [ 00000000000000000000000000000000000000000000000000000000000000000000000000000000]
trunc_ln9_1           (trunc            ) [ 00010000000000000000000000000000000000000000000000000000000000000000000000010000]
gmem_addr_1_read      (read             ) [ 00010000000000000000000000000000000000000000000000000000000000000000000000010000]
gmem_load_2_req       (readreq          ) [ 00000000000000000000000000000000000000000000000000000000000000000000000000000000]
shl_ln9_1             (bitconcatenate   ) [ 00000000000000000000000000000000000000000000000000000000000000000000000000000000]
zext_ln9_3            (zext             ) [ 00000000000000000000000000000000000000000000000000000000000000000000000000000000]
lshr_ln9_1            (lshr             ) [ 00000000000000000000000000000000000000000000000000000000000000000000000000000000]
trunc_ln9_3           (trunc            ) [ 01000000000000000000000000000000000000000000000000000000000000000000000000001000]
gmem_addr_2_read      (read             ) [ 01000000000000000000000000000000000000000000000000000000000000000000000000001000]
zext_ln10_1           (zext             ) [ 01100000000000000000000000000000000000000000000000000000000000000000000000001100]
shl_ln9_2             (bitconcatenate   ) [ 00000000000000000000000000000000000000000000000000000000000000000000000000000000]
zext_ln9_5            (zext             ) [ 00000000000000000000000000000000000000000000000000000000000000000000000000000000]
lshr_ln9_2            (lshr             ) [ 00000000000000000000000000000000000000000000000000000000000000000000000000000000]
trunc_ln9_5           (trunc            ) [ 00100000000000000000000000000000000000000000000000000000000000000000000000000100]
zext_ln11             (zext             ) [ 00110000000000000000000000000000000000000000000000000000000000000000000000000110]
zext_ln10             (zext             ) [ 00000000000000000000000000000000000000000000000000000000000000000000000000000000]
mul_ln10              (mul              ) [ 00010000000000000000000000000000000000000000000000000000000000000000000000000010]
mul_ln10_2            (mul              ) [ 00000000000000000000000000000000000000000000000000000000000000000000000000000000]
zext_ln10_2           (zext             ) [ 00010000000000000000000000000000000000000000000000000000000000000000000000000010]
mul_ln10_1            (mul              ) [ 01000000000000000000000000000000000000000000000000000000000000000000000000000001]
add_ln10              (add              ) [ 00000000000000000000000000000000000000000000000000000000000000000000000000000000]
zext_ln10_3           (zext             ) [ 01000000000000000000000000000000000000000000000000000000000000000000000000000001]
zext_ln7              (zext             ) [ 00000000000000000000000000000000000000000000000000000000000000000000000000000000]
specpipeline_ln7      (specpipeline     ) [ 00000000000000000000000000000000000000000000000000000000000000000000000000000000]
speclooptripcount_ln7 (speclooptripcount) [ 00000000000000000000000000000000000000000000000000000000000000000000000000000000]
specloopname_ln7      (specloopname     ) [ 00000000000000000000000000000000000000000000000000000000000000000000000000000000]
gray                  (add              ) [ 00000000000000000000000000000000000000000000000000000000000000000000000000000000]
trunc_ln              (partselect       ) [ 00000000000000000000000000000000000000000000000000000000000000000000000000000000]
out_grayscale_addr    (getelementptr    ) [ 00000000000000000000000000000000000000000000000000000000000000000000000000000000]
store_ln13            (store            ) [ 00000000000000000000000000000000000000000000000000000000000000000000000000000000]
ret_ln0               (ret              ) [ 00000000000000000000000000000000000000000000000000000000000000000000000000000000]
</LifeTime>

<model>

<comp_list>
<comp id="0" class="1000" name="empty">
<pin_list>
<pin id="1" dir="1" index="0" bw="1" slack="0"/>
</pin_list>
<bind>
<StgValue><ssdm name="empty"/></StgValue>
</bind>
</comp>

<comp id="2" class="1000" name="gmem">
<pin_list>
<pin id="3" dir="1" index="0" bw="1" slack="0"/>
</pin_list>
<bind>
<StgValue><ssdm name="gmem"/><MemPortTyVec>0 </MemPortTyVec>
</StgValue>
</bind>
</comp>

<comp id="4" class="1000" name="out_grayscale">
<pin_list>
<pin id="5" dir="1" index="0" bw="1" slack="0"/>
</pin_list>
<bind>
<StgValue><ssdm name="out_grayscale"/><MemPortTyVec>0 3 </MemPortTyVec>
</StgValue>
</bind>
</comp>

<comp id="6" class="1001" name="const_6">
<pin_list>
<pin id="7" dir="1" index="0" bw="1" slack="0"/>
</pin_list>
<bind>
<StgValue><ssdm name=""/></StgValue>
</bind>
</comp>

<comp id="8" class="1001" name="const_8">
<pin_list>
<pin id="9" dir="1" index="0" bw="1" slack="2147483647"/>
</pin_list>
<bind>
<StgValue><ssdm name="_ssdm_op_SpecInterface"/></StgValue>
</bind>
</comp>

<comp id="10" class="1001" name="const_10">
<pin_list>
<pin id="11" dir="1" index="0" bw="1" slack="2147483647"/>
</pin_list>
<bind>
<StgValue><ssdm name="empty_16"/></StgValue>
</bind>
</comp>

<comp id="12" class="1001" name="const_12">
<pin_list>
<pin id="13" dir="1" index="0" bw="1" slack="2147483647"/>
</pin_list>
<bind>
<StgValue><ssdm name=""/></StgValue>
</bind>
</comp>

<comp id="14" class="1001" name="const_14">
<pin_list>
<pin id="15" dir="1" index="0" bw="1" slack="2147483647"/>
</pin_list>
<bind>
<StgValue><ssdm name="empty"/></StgValue>
</bind>
</comp>

<comp id="16" class="1001" name="const_16">
<pin_list>
<pin id="17" dir="1" index="0" bw="1" slack="2147483647"/>
</pin_list>
<bind>
<StgValue><ssdm name=""/></StgValue>
</bind>
</comp>

<comp id="18" class="1001" name="const_18">
<pin_list>
<pin id="19" dir="1" index="0" bw="1" slack="2147483647"/>
</pin_list>
<bind>
<StgValue><ssdm name="empty_21"/></StgValue>
</bind>
</comp>

<comp id="20" class="1001" name="const_20">
<pin_list>
<pin id="21" dir="1" index="0" bw="1" slack="2147483647"/>
</pin_list>
<bind>
<StgValue><ssdm name="empty_8"/></StgValue>
</bind>
</comp>

<comp id="22" class="1001" name="const_22">
<pin_list>
<pin id="23" dir="1" index="0" bw="1" slack="2147483647"/>
</pin_list>
<bind>
<StgValue><ssdm name=""/></StgValue>
</bind>
</comp>

<comp id="24" class="1001" name="const_24">
<pin_list>
<pin id="25" dir="1" index="0" bw="1" slack="2147483647"/>
</pin_list>
<bind>
<StgValue><ssdm name=""/></StgValue>
</bind>
</comp>

<comp id="26" class="1001" name="const_26">
<pin_list>
<pin id="27" dir="1" index="0" bw="1" slack="0"/>
</pin_list>
<bind>
<StgValue><ssdm name="_ssdm_op_Read.ap_auto.i64"/></StgValue>
</bind>
</comp>

<comp id="28" class="1001" name="const_28">
<pin_list>
<pin id="29" dir="1" index="0" bw="1" slack="0"/>
</pin_list>
<bind>
<StgValue><ssdm name=""/></StgValue>
</bind>
</comp>

<comp id="30" class="1001" name="const_30">
<pin_list>
<pin id="31" dir="1" index="0" bw="1" slack="0"/>
</pin_list>
<bind>
<StgValue><ssdm name="_ssdm_op_BitConcatenate.i11.i9.i2"/></StgValue>
</bind>
</comp>

<comp id="32" class="1001" name="const_32">
<pin_list>
<pin id="33" dir="1" index="0" bw="1" slack="0"/>
</pin_list>
<bind>
<StgValue><ssdm name=""/></StgValue>
</bind>
</comp>

<comp id="34" class="1001" name="const_34">
<pin_list>
<pin id="35" dir="1" index="0" bw="1" slack="0"/>
</pin_list>
<bind>
<StgValue><ssdm name="_ssdm_op_PartSelect.i58.i64.i32.i32"/></StgValue>
</bind>
</comp>

<comp id="36" class="1001" name="const_36">
<pin_list>
<pin id="37" dir="1" index="0" bw="1" slack="0"/>
</pin_list>
<bind>
<StgValue><ssdm name=""/></StgValue>
</bind>
</comp>

<comp id="38" class="1001" name="const_38">
<pin_list>
<pin id="39" dir="1" index="0" bw="1" slack="0"/>
</pin_list>
<bind>
<StgValue><ssdm name=""/></StgValue>
</bind>
</comp>

<comp id="40" class="1001" name="const_40">
<pin_list>
<pin id="41" dir="1" index="0" bw="1" slack="0"/>
</pin_list>
<bind>
<StgValue><ssdm name=""/></StgValue>
</bind>
</comp>

<comp id="42" class="1001" name="const_42">
<pin_list>
<pin id="43" dir="1" index="0" bw="1" slack="0"/>
</pin_list>
<bind>
<StgValue><ssdm name="_ssdm_op_ReadReq.m_axi.i512P1A"/></StgValue>
</bind>
</comp>

<comp id="44" class="1001" name="const_44">
<pin_list>
<pin id="45" dir="1" index="0" bw="1" slack="0"/>
</pin_list>
<bind>
<StgValue><ssdm name=""/></StgValue>
</bind>
</comp>

<comp id="46" class="1001" name="const_46">
<pin_list>
<pin id="47" dir="1" index="0" bw="1" slack="0"/>
</pin_list>
<bind>
<StgValue><ssdm name=""/></StgValue>
</bind>
</comp>

<comp id="48" class="1001" name="const_48">
<pin_list>
<pin id="49" dir="1" index="0" bw="1" slack="0"/>
</pin_list>
<bind>
<StgValue><ssdm name=""/></StgValue>
</bind>
</comp>

<comp id="50" class="1001" name="const_50">
<pin_list>
<pin id="51" dir="1" index="0" bw="1" slack="0"/>
</pin_list>
<bind>
<StgValue><ssdm name=""/></StgValue>
</bind>
</comp>

<comp id="52" class="1001" name="const_52">
<pin_list>
<pin id="53" dir="1" index="0" bw="1" slack="0"/>
</pin_list>
<bind>
<StgValue><ssdm name="_ssdm_op_Read.m_axi.i512P1A"/></StgValue>
</bind>
</comp>

<comp id="54" class="1001" name="const_54">
<pin_list>
<pin id="55" dir="1" index="0" bw="1" slack="0"/>
</pin_list>
<bind>
<StgValue><ssdm name="_ssdm_op_BitConcatenate.i9.i6.i3"/></StgValue>
</bind>
</comp>

<comp id="56" class="1001" name="const_56">
<pin_list>
<pin id="57" dir="1" index="0" bw="1" slack="0"/>
</pin_list>
<bind>
<StgValue><ssdm name=""/></StgValue>
</bind>
</comp>

<comp id="58" class="1001" name="const_58">
<pin_list>
<pin id="59" dir="1" index="0" bw="1" slack="0"/>
</pin_list>
<bind>
<StgValue><ssdm name=""/></StgValue>
</bind>
</comp>

<comp id="60" class="1001" name="const_60">
<pin_list>
<pin id="61" dir="1" index="0" bw="1" slack="0"/>
</pin_list>
<bind>
<StgValue><ssdm name=""/></StgValue>
</bind>
</comp>

<comp id="62" class="1001" name="const_62">
<pin_list>
<pin id="63" dir="1" index="0" bw="1" slack="0"/>
</pin_list>
<bind>
<StgValue><ssdm name=""/></StgValue>
</bind>
</comp>

<comp id="64" class="1001" name="const_64">
<pin_list>
<pin id="65" dir="1" index="0" bw="1" slack="2147483647"/>
</pin_list>
<bind>
<StgValue><ssdm name="_ssdm_op_SpecPipeline"/></StgValue>
</bind>
</comp>

<comp id="66" class="1001" name="const_66">
<pin_list>
<pin id="67" dir="1" index="0" bw="1" slack="2147483647"/>
</pin_list>
<bind>
<StgValue><ssdm name="_ssdm_op_SpecLoopTripCount"/></StgValue>
</bind>
</comp>

<comp id="68" class="1001" name="const_68">
<pin_list>
<pin id="69" dir="1" index="0" bw="1" slack="2147483647"/>
</pin_list>
<bind>
<StgValue><ssdm name=""/></StgValue>
</bind>
</comp>

<comp id="70" class="1001" name="const_70">
<pin_list>
<pin id="71" dir="1" index="0" bw="1" slack="2147483647"/>
</pin_list>
<bind>
<StgValue><ssdm name="_ssdm_op_SpecLoopName"/></StgValue>
</bind>
</comp>

<comp id="72" class="1001" name="const_72">
<pin_list>
<pin id="73" dir="1" index="0" bw="1" slack="2147483647"/>
</pin_list>
<bind>
<StgValue><ssdm name="empty_15"/></StgValue>
</bind>
</comp>

<comp id="74" class="1001" name="const_74">
<pin_list>
<pin id="75" dir="1" index="0" bw="1" slack="0"/>
</pin_list>
<bind>
<StgValue><ssdm name="_ssdm_op_PartSelect.i8.i16.i32.i32"/></StgValue>
</bind>
</comp>

<comp id="76" class="1001" name="const_76">
<pin_list>
<pin id="77" dir="1" index="0" bw="1" slack="0"/>
</pin_list>
<bind>
<StgValue><ssdm name=""/></StgValue>
</bind>
</comp>

<comp id="78" class="1001" name="const_78">
<pin_list>
<pin id="79" dir="1" index="0" bw="1" slack="0"/>
</pin_list>
<bind>
<StgValue><ssdm name=""/></StgValue>
</bind>
</comp>

<comp id="80" class="1001" name="const_80">
<pin_list>
<pin id="81" dir="1" index="0" bw="1" slack="0"/>
</pin_list>
<bind>
<StgValue><ssdm name=""/></StgValue>
</bind>
</comp>

<comp id="82" class="1004" name="column12_fu_82">
<pin_list>
<pin id="83" dir="0" index="0" bw="1" slack="0"/>
<pin id="84" dir="1" index="1" bw="9" slack="0"/>
</pin_list>
<bind>
<opcode="alloca(26) " fcode="alloca"/>
<opset="column12/1 "/>
</bind>
</comp>

<comp id="86" class="1004" name="tmp_read_fu_86">
<pin_list>
<pin id="87" dir="0" index="0" bw="64" slack="0"/>
<pin id="88" dir="0" index="1" bw="64" slack="0"/>
<pin id="89" dir="1" index="2" bw="64" slack="0"/>
</pin_list>
<bind>
<opcode="read(1150) " fcode="read"/>
<opset="tmp/1 "/>
</bind>
</comp>

<comp id="92" class="1004" name="out_grayscale_addr_gep_fu_92">
<pin_list>
<pin id="93" dir="0" index="0" bw="8" slack="0"/>
<pin id="94" dir="0" index="1" bw="1" slack="0"/>
<pin id="95" dir="0" index="2" bw="9" slack="0"/>
<pin id="96" dir="1" index="3" bw="9" slack="0"/>
</pin_list>
<bind>
<opcode="getelementptr(29) " fcode="getelementptr"/>
<opset="out_grayscale_addr/79 "/>
</bind>
</comp>

<comp id="99" class="1004" name="store_ln13_access_fu_99">
<pin_list>
<pin id="100" dir="0" index="0" bw="9" slack="0"/>
<pin id="101" dir="0" index="1" bw="8" slack="0"/>
<pin id="102" dir="0" index="2" bw="0" slack="2147483647"/>
<pin id="103" dir="1" index="3" bw="8" slack="2147483647"/>
</pin_list>
<bind>
<opcode="store(28) " fcode="store"/>
<opset="store_ln13/79 "/>
</bind>
</comp>

<comp id="105" class="1004" name="grp_readreq_fu_105">
<pin_list>
<pin id="106" dir="0" index="0" bw="1" slack="0"/>
<pin id="107" dir="0" index="1" bw="512" slack="0"/>
<pin id="108" dir="0" index="2" bw="1" slack="0"/>
<pin id="109" dir="1" index="3" bw="1" slack="2147483647"/>
</pin_list>
<bind>
<opcode="readreq(1154) " fcode="readreq"/>
<opset="gmem_load_req/2 gmem_load_1_req/3 gmem_load_2_req/4 "/>
</bind>
</comp>

<comp id="112" class="1004" name="grp_read_fu_112">
<pin_list>
<pin id="113" dir="0" index="0" bw="512" slack="0"/>
<pin id="114" dir="0" index="1" bw="512" slack="71"/>
<pin id="115" dir="1" index="2" bw="512" slack="1"/>
</pin_list>
<bind>
<opcode="read(1150) " fcode="read"/>
<opset="gmem_addr_read/73 gmem_addr_1_read/74 gmem_addr_2_read/75 "/>
</bind>
</comp>

<comp id="117" class="1005" name="reg_117">
<pin_list>
<pin id="118" dir="0" index="0" bw="512" slack="1"/>
<pin id="119" dir="1" index="1" bw="512" slack="1"/>
</pin_list>
<bind>
<opset="gmem_addr_read gmem_addr_1_read gmem_addr_2_read "/>
</bind>
</comp>

<comp id="121" class="1004" name="store_ln7_store_fu_121">
<pin_list>
<pin id="122" dir="0" index="0" bw="1" slack="0"/>
<pin id="123" dir="0" index="1" bw="9" slack="0"/>
<pin id="124" dir="1" index="2" bw="0" slack="2147483647"/>
</pin_list>
<bind>
<opcode="store(28) " fcode="store"/>
<opset="store_ln7/1 "/>
</bind>
</comp>

<comp id="126" class="1004" name="column_load_fu_126">
<pin_list>
<pin id="127" dir="0" index="0" bw="9" slack="0"/>
<pin id="128" dir="1" index="1" bw="9" slack="0"/>
</pin_list>
<bind>
<opcode="load(27) " fcode="load"/>
<opset="column/1 "/>
</bind>
</comp>

<comp id="129" class="1004" name="zext_ln7_1_fu_129">
<pin_list>
<pin id="130" dir="0" index="0" bw="9" slack="0"/>
<pin id="131" dir="1" index="1" bw="11" slack="0"/>
</pin_list>
<bind>
<opcode="zext(34) " fcode="zext"/>
<opset="zext_ln7_1/1 "/>
</bind>
</comp>

<comp id="133" class="1004" name="p_shl_fu_133">
<pin_list>
<pin id="134" dir="0" index="0" bw="11" slack="0"/>
<pin id="135" dir="0" index="1" bw="9" slack="0"/>
<pin id="136" dir="0" index="2" bw="1" slack="0"/>
<pin id="137" dir="1" index="3" bw="11" slack="0"/>
</pin_list>
<bind>
<opcode="bitconcatenate(1004) " fcode="bitconcatenate"/>
<opset="p_shl/1 "/>
</bind>
</comp>

<comp id="141" class="1004" name="sub_ln9_fu_141">
<pin_list>
<pin id="142" dir="0" index="0" bw="11" slack="0"/>
<pin id="143" dir="0" index="1" bw="9" slack="0"/>
<pin id="144" dir="1" index="2" bw="11" slack="0"/>
</pin_list>
<bind>
<opcode="sub(10) " fcode="sub"/>
<opset="sub_ln9/1 "/>
</bind>
</comp>

<comp id="147" class="1004" name="zext_ln9_fu_147">
<pin_list>
<pin id="148" dir="0" index="0" bw="11" slack="0"/>
<pin id="149" dir="1" index="1" bw="64" slack="0"/>
</pin_list>
<bind>
<opcode="zext(34) " fcode="zext"/>
<opset="zext_ln9/1 "/>
</bind>
</comp>

<comp id="151" class="1004" name="add_ln9_fu_151">
<pin_list>
<pin id="152" dir="0" index="0" bw="64" slack="0"/>
<pin id="153" dir="0" index="1" bw="11" slack="0"/>
<pin id="154" dir="1" index="2" bw="64" slack="0"/>
</pin_list>
<bind>
<opcode="add(8) " fcode="add"/>
<opset="add_ln9/1 "/>
</bind>
</comp>

<comp id="157" class="1004" name="trunc_ln9_6_fu_157">
<pin_list>
<pin id="158" dir="0" index="0" bw="58" slack="0"/>
<pin id="159" dir="0" index="1" bw="64" slack="0"/>
<pin id="160" dir="0" index="2" bw="4" slack="0"/>
<pin id="161" dir="0" index="3" bw="7" slack="0"/>
<pin id="162" dir="1" index="4" bw="58" slack="1"/>
</pin_list>
<bind>
<opcode="partselect(1002) " fcode="partselect"/>
<opset="trunc_ln9_6/1 "/>
</bind>
</comp>

<comp id="167" class="1004" name="trunc_ln9_fu_167">
<pin_list>
<pin id="168" dir="0" index="0" bw="64" slack="0"/>
<pin id="169" dir="1" index="1" bw="6" slack="73"/>
</pin_list>
<bind>
<opcode="trunc(33) " fcode="trunc"/>
<opset="trunc_ln9/1 "/>
</bind>
</comp>

<comp id="171" class="1004" name="icmp_ln7_fu_171">
<pin_list>
<pin id="172" dir="0" index="0" bw="9" slack="0"/>
<pin id="173" dir="0" index="1" bw="9" slack="0"/>
<pin id="174" dir="1" index="2" bw="1" slack="78"/>
</pin_list>
<bind>
<opcode="icmp(45) " fcode="icmp"/>
<opset="icmp_ln7/1 "/>
</bind>
</comp>

<comp id="177" class="1004" name="sext_ln9_fu_177">
<pin_list>
<pin id="178" dir="0" index="0" bw="58" slack="1"/>
<pin id="179" dir="1" index="1" bw="64" slack="0"/>
</pin_list>
<bind>
<opcode="sext(35) " fcode="sext"/>
<opset="sext_ln9/2 "/>
</bind>
</comp>

<comp id="180" class="1004" name="gmem_addr_fu_180">
<pin_list>
<pin id="181" dir="0" index="0" bw="64" slack="0"/>
<pin id="182" dir="0" index="1" bw="64" slack="0"/>
<pin id="183" dir="1" index="2" bw="64" slack="0"/>
</pin_list>
<bind>
<opcode="getelementptr(29) " fcode="getelementptr"/>
<opset="gmem_addr/2 "/>
</bind>
</comp>

<comp id="187" class="1004" name="add_ln9_1_fu_187">
<pin_list>
<pin id="188" dir="0" index="0" bw="11" slack="1"/>
<pin id="189" dir="0" index="1" bw="1" slack="0"/>
<pin id="190" dir="1" index="2" bw="11" slack="0"/>
</pin_list>
<bind>
<opcode="add(8) " fcode="add"/>
<opset="add_ln9_1/2 "/>
</bind>
</comp>

<comp id="192" class="1004" name="zext_ln9_2_fu_192">
<pin_list>
<pin id="193" dir="0" index="0" bw="11" slack="0"/>
<pin id="194" dir="1" index="1" bw="64" slack="0"/>
</pin_list>
<bind>
<opcode="zext(34) " fcode="zext"/>
<opset="zext_ln9_2/2 "/>
</bind>
</comp>

<comp id="196" class="1004" name="add_ln9_2_fu_196">
<pin_list>
<pin id="197" dir="0" index="0" bw="11" slack="0"/>
<pin id="198" dir="0" index="1" bw="64" slack="1"/>
<pin id="199" dir="1" index="2" bw="64" slack="0"/>
</pin_list>
<bind>
<opcode="add(8) " fcode="add"/>
<opset="add_ln9_2/2 "/>
</bind>
</comp>

<comp id="201" class="1004" name="trunc_ln9_7_fu_201">
<pin_list>
<pin id="202" dir="0" index="0" bw="58" slack="0"/>
<pin id="203" dir="0" index="1" bw="64" slack="0"/>
<pin id="204" dir="0" index="2" bw="4" slack="0"/>
<pin id="205" dir="0" index="3" bw="7" slack="0"/>
<pin id="206" dir="1" index="4" bw="58" slack="1"/>
</pin_list>
<bind>
<opcode="partselect(1002) " fcode="partselect"/>
<opset="trunc_ln9_7/2 "/>
</bind>
</comp>

<comp id="211" class="1004" name="trunc_ln9_2_fu_211">
<pin_list>
<pin id="212" dir="0" index="0" bw="64" slack="0"/>
<pin id="213" dir="1" index="1" bw="6" slack="73"/>
</pin_list>
<bind>
<opcode="trunc(33) " fcode="trunc"/>
<opset="trunc_ln9_2/2 "/>
</bind>
</comp>

<comp id="215" class="1004" name="sext_ln9_1_fu_215">
<pin_list>
<pin id="216" dir="0" index="0" bw="58" slack="1"/>
<pin id="217" dir="1" index="1" bw="64" slack="0"/>
</pin_list>
<bind>
<opcode="sext(35) " fcode="sext"/>
<opset="sext_ln9_1/3 "/>
</bind>
</comp>

<comp id="218" class="1004" name="gmem_addr_1_fu_218">
<pin_list>
<pin id="219" dir="0" index="0" bw="64" slack="0"/>
<pin id="220" dir="0" index="1" bw="64" slack="0"/>
<pin id="221" dir="1" index="2" bw="64" slack="0"/>
</pin_list>
<bind>
<opcode="getelementptr(29) " fcode="getelementptr"/>
<opset="gmem_addr_1/3 "/>
</bind>
</comp>

<comp id="225" class="1004" name="add_ln9_3_fu_225">
<pin_list>
<pin id="226" dir="0" index="0" bw="11" slack="2"/>
<pin id="227" dir="0" index="1" bw="3" slack="0"/>
<pin id="228" dir="1" index="2" bw="11" slack="0"/>
</pin_list>
<bind>
<opcode="add(8) " fcode="add"/>
<opset="add_ln9_3/3 "/>
</bind>
</comp>

<comp id="230" class="1004" name="zext_ln9_4_fu_230">
<pin_list>
<pin id="231" dir="0" index="0" bw="11" slack="0"/>
<pin id="232" dir="1" index="1" bw="64" slack="0"/>
</pin_list>
<bind>
<opcode="zext(34) " fcode="zext"/>
<opset="zext_ln9_4/3 "/>
</bind>
</comp>

<comp id="234" class="1004" name="add_ln9_4_fu_234">
<pin_list>
<pin id="235" dir="0" index="0" bw="11" slack="0"/>
<pin id="236" dir="0" index="1" bw="64" slack="2"/>
<pin id="237" dir="1" index="2" bw="64" slack="0"/>
</pin_list>
<bind>
<opcode="add(8) " fcode="add"/>
<opset="add_ln9_4/3 "/>
</bind>
</comp>

<comp id="239" class="1004" name="trunc_ln9_8_fu_239">
<pin_list>
<pin id="240" dir="0" index="0" bw="58" slack="0"/>
<pin id="241" dir="0" index="1" bw="64" slack="0"/>
<pin id="242" dir="0" index="2" bw="4" slack="0"/>
<pin id="243" dir="0" index="3" bw="7" slack="0"/>
<pin id="244" dir="1" index="4" bw="58" slack="1"/>
</pin_list>
<bind>
<opcode="partselect(1002) " fcode="partselect"/>
<opset="trunc_ln9_8/3 "/>
</bind>
</comp>

<comp id="249" class="1004" name="trunc_ln9_4_fu_249">
<pin_list>
<pin id="250" dir="0" index="0" bw="64" slack="0"/>
<pin id="251" dir="1" index="1" bw="6" slack="73"/>
</pin_list>
<bind>
<opcode="trunc(33) " fcode="trunc"/>
<opset="trunc_ln9_4/3 "/>
</bind>
</comp>

<comp id="253" class="1004" name="column_9_fu_253">
<pin_list>
<pin id="254" dir="0" index="0" bw="9" slack="2"/>
<pin id="255" dir="0" index="1" bw="1" slack="0"/>
<pin id="256" dir="1" index="2" bw="9" slack="0"/>
</pin_list>
<bind>
<opcode="add(8) " fcode="add"/>
<opset="column_9/3 "/>
</bind>
</comp>

<comp id="258" class="1004" name="store_ln7_store_fu_258">
<pin_list>
<pin id="259" dir="0" index="0" bw="9" slack="0"/>
<pin id="260" dir="0" index="1" bw="9" slack="2"/>
<pin id="261" dir="1" index="2" bw="0" slack="2147483647"/>
</pin_list>
<bind>
<opcode="store(28) " fcode="store"/>
<opset="store_ln7/3 "/>
</bind>
</comp>

<comp id="263" class="1004" name="sext_ln9_2_fu_263">
<pin_list>
<pin id="264" dir="0" index="0" bw="58" slack="1"/>
<pin id="265" dir="1" index="1" bw="64" slack="0"/>
</pin_list>
<bind>
<opcode="sext(35) " fcode="sext"/>
<opset="sext_ln9_2/4 "/>
</bind>
</comp>

<comp id="266" class="1004" name="gmem_addr_2_fu_266">
<pin_list>
<pin id="267" dir="0" index="0" bw="64" slack="0"/>
<pin id="268" dir="0" index="1" bw="64" slack="0"/>
<pin id="269" dir="1" index="2" bw="64" slack="0"/>
</pin_list>
<bind>
<opcode="getelementptr(29) " fcode="getelementptr"/>
<opset="gmem_addr_2/4 "/>
</bind>
</comp>

<comp id="273" class="1004" name="shl_ln9_fu_273">
<pin_list>
<pin id="274" dir="0" index="0" bw="9" slack="0"/>
<pin id="275" dir="0" index="1" bw="6" slack="73"/>
<pin id="276" dir="0" index="2" bw="1" slack="0"/>
<pin id="277" dir="1" index="3" bw="9" slack="0"/>
</pin_list>
<bind>
<opcode="bitconcatenate(1004) " fcode="bitconcatenate"/>
<opset="shl_ln9/74 "/>
</bind>
</comp>

<comp id="280" class="1004" name="zext_ln9_1_fu_280">
<pin_list>
<pin id="281" dir="0" index="0" bw="9" slack="0"/>
<pin id="282" dir="1" index="1" bw="512" slack="0"/>
</pin_list>
<bind>
<opcode="zext(34) " fcode="zext"/>
<opset="zext_ln9_1/74 "/>
</bind>
</comp>

<comp id="284" class="1004" name="lshr_ln9_fu_284">
<pin_list>
<pin id="285" dir="0" index="0" bw="512" slack="1"/>
<pin id="286" dir="0" index="1" bw="9" slack="0"/>
<pin id="287" dir="1" index="2" bw="512" slack="0"/>
</pin_list>
<bind>
<opcode="lshr(21) " fcode="lshr"/>
<opset="lshr_ln9/74 "/>
</bind>
</comp>

<comp id="290" class="1004" name="trunc_ln9_1_fu_290">
<pin_list>
<pin id="291" dir="0" index="0" bw="512" slack="0"/>
<pin id="292" dir="1" index="1" bw="8" slack="1"/>
</pin_list>
<bind>
<opcode="trunc(33) " fcode="trunc"/>
<opset="trunc_ln9_1/74 "/>
</bind>
</comp>

<comp id="294" class="1004" name="shl_ln9_1_fu_294">
<pin_list>
<pin id="295" dir="0" index="0" bw="9" slack="0"/>
<pin id="296" dir="0" index="1" bw="6" slack="73"/>
<pin id="297" dir="0" index="2" bw="1" slack="0"/>
<pin id="298" dir="1" index="3" bw="9" slack="0"/>
</pin_list>
<bind>
<opcode="bitconcatenate(1004) " fcode="bitconcatenate"/>
<opset="shl_ln9_1/75 "/>
</bind>
</comp>

<comp id="301" class="1004" name="zext_ln9_3_fu_301">
<pin_list>
<pin id="302" dir="0" index="0" bw="9" slack="0"/>
<pin id="303" dir="1" index="1" bw="512" slack="0"/>
</pin_list>
<bind>
<opcode="zext(34) " fcode="zext"/>
<opset="zext_ln9_3/75 "/>
</bind>
</comp>

<comp id="305" class="1004" name="lshr_ln9_1_fu_305">
<pin_list>
<pin id="306" dir="0" index="0" bw="512" slack="1"/>
<pin id="307" dir="0" index="1" bw="9" slack="0"/>
<pin id="308" dir="1" index="2" bw="512" slack="0"/>
</pin_list>
<bind>
<opcode="lshr(21) " fcode="lshr"/>
<opset="lshr_ln9_1/75 "/>
</bind>
</comp>

<comp id="311" class="1004" name="trunc_ln9_3_fu_311">
<pin_list>
<pin id="312" dir="0" index="0" bw="512" slack="0"/>
<pin id="313" dir="1" index="1" bw="8" slack="1"/>
</pin_list>
<bind>
<opcode="trunc(33) " fcode="trunc"/>
<opset="trunc_ln9_3/75 "/>
</bind>
</comp>

<comp id="315" class="1004" name="zext_ln10_1_fu_315">
<pin_list>
<pin id="316" dir="0" index="0" bw="8" slack="1"/>
<pin id="317" dir="1" index="1" bw="13" slack="0"/>
</pin_list>
<bind>
<opcode="zext(34) " fcode="zext"/>
<opset="zext_ln10_1/75 "/>
</bind>
</comp>

<comp id="318" class="1004" name="shl_ln9_2_fu_318">
<pin_list>
<pin id="319" dir="0" index="0" bw="9" slack="0"/>
<pin id="320" dir="0" index="1" bw="6" slack="73"/>
<pin id="321" dir="0" index="2" bw="1" slack="0"/>
<pin id="322" dir="1" index="3" bw="9" slack="0"/>
</pin_list>
<bind>
<opcode="bitconcatenate(1004) " fcode="bitconcatenate"/>
<opset="shl_ln9_2/76 "/>
</bind>
</comp>

<comp id="325" class="1004" name="zext_ln9_5_fu_325">
<pin_list>
<pin id="326" dir="0" index="0" bw="9" slack="0"/>
<pin id="327" dir="1" index="1" bw="512" slack="0"/>
</pin_list>
<bind>
<opcode="zext(34) " fcode="zext"/>
<opset="zext_ln9_5/76 "/>
</bind>
</comp>

<comp id="329" class="1004" name="lshr_ln9_2_fu_329">
<pin_list>
<pin id="330" dir="0" index="0" bw="512" slack="1"/>
<pin id="331" dir="0" index="1" bw="9" slack="0"/>
<pin id="332" dir="1" index="2" bw="512" slack="0"/>
</pin_list>
<bind>
<opcode="lshr(21) " fcode="lshr"/>
<opset="lshr_ln9_2/76 "/>
</bind>
</comp>

<comp id="335" class="1004" name="trunc_ln9_5_fu_335">
<pin_list>
<pin id="336" dir="0" index="0" bw="512" slack="0"/>
<pin id="337" dir="1" index="1" bw="8" slack="1"/>
</pin_list>
<bind>
<opcode="trunc(33) " fcode="trunc"/>
<opset="trunc_ln9_5/76 "/>
</bind>
</comp>

<comp id="339" class="1004" name="zext_ln11_fu_339">
<pin_list>
<pin id="340" dir="0" index="0" bw="8" slack="1"/>
<pin id="341" dir="1" index="1" bw="16" slack="0"/>
</pin_list>
<bind>
<opcode="zext(34) " fcode="zext"/>
<opset="zext_ln11/76 "/>
</bind>
</comp>

<comp id="342" class="1004" name="zext_ln10_fu_342">
<pin_list>
<pin id="343" dir="0" index="0" bw="8" slack="1"/>
<pin id="344" dir="1" index="1" bw="15" slack="0"/>
</pin_list>
<bind>
<opcode="zext(34) " fcode="zext"/>
<opset="zext_ln10/77 "/>
</bind>
</comp>

<comp id="345" class="1004" name="mul_ln10_fu_345">
<pin_list>
<pin id="346" dir="0" index="0" bw="8" slack="0"/>
<pin id="347" dir="0" index="1" bw="8" slack="0"/>
<pin id="348" dir="1" index="2" bw="15" slack="0"/>
</pin_list>
<bind>
<opcode="mul(12) " fcode="mul"/>
<opset="mul_ln10/77 "/>
</bind>
</comp>

<comp id="351" class="1004" name="zext_ln10_3_fu_351">
<pin_list>
<pin id="352" dir="0" index="0" bw="15" slack="0"/>
<pin id="353" dir="1" index="1" bw="16" slack="0"/>
</pin_list>
<bind>
<opcode="zext(34) " fcode="zext"/>
<opset="zext_ln10_3/78 "/>
</bind>
</comp>

<comp id="354" class="1004" name="zext_ln7_fu_354">
<pin_list>
<pin id="355" dir="0" index="0" bw="9" slack="78"/>
<pin id="356" dir="1" index="1" bw="64" slack="0"/>
</pin_list>
<bind>
<opcode="zext(34) " fcode="zext"/>
<opset="zext_ln7/79 "/>
</bind>
</comp>

<comp id="358" class="1004" name="trunc_ln_fu_358">
<pin_list>
<pin id="359" dir="0" index="0" bw="8" slack="0"/>
<pin id="360" dir="0" index="1" bw="16" slack="0"/>
<pin id="361" dir="0" index="2" bw="5" slack="0"/>
<pin id="362" dir="0" index="3" bw="5" slack="0"/>
<pin id="363" dir="1" index="4" bw="8" slack="0"/>
</pin_list>
<bind>
<opcode="partselect(1002) " fcode="partselect"/>
<opset="trunc_ln/79 "/>
</bind>
</comp>

<comp id="368" class="1007" name="grp_fu_368">
<pin_list>
<pin id="369" dir="0" index="0" bw="8" slack="0"/>
<pin id="370" dir="0" index="1" bw="5" slack="0"/>
<pin id="371" dir="0" index="2" bw="15" slack="0"/>
<pin id="372" dir="1" index="3" bw="15" slack="0"/>
</pin_list>
<bind>
<opcode="muladd(1172) " fcode="muladd"/>
<opset="mul_ln10_2/75 zext_ln10_2/77 add_ln10/77 "/>
</bind>
</comp>

<comp id="377" class="1007" name="grp_fu_377">
<pin_list>
<pin id="378" dir="0" index="0" bw="8" slack="0"/>
<pin id="379" dir="0" index="1" bw="8" slack="0"/>
<pin id="380" dir="0" index="2" bw="15" slack="0"/>
<pin id="381" dir="1" index="3" bw="16" slack="0"/>
</pin_list>
<bind>
<opcode="muladd(1172) " fcode="muladd"/>
<opset="mul_ln10_1/76 gray/78 "/>
</bind>
</comp>

<comp id="386" class="1005" name="column12_reg_386">
<pin_list>
<pin id="387" dir="0" index="0" bw="9" slack="0"/>
<pin id="388" dir="1" index="1" bw="9" slack="0"/>
</pin_list>
<bind>
<opset="column12 "/>
</bind>
</comp>

<comp id="393" class="1005" name="tmp_reg_393">
<pin_list>
<pin id="394" dir="0" index="0" bw="64" slack="1"/>
<pin id="395" dir="1" index="1" bw="64" slack="1"/>
</pin_list>
<bind>
<opset="tmp "/>
</bind>
</comp>

<comp id="399" class="1005" name="column_reg_399">
<pin_list>
<pin id="400" dir="0" index="0" bw="9" slack="2"/>
<pin id="401" dir="1" index="1" bw="9" slack="2"/>
</pin_list>
<bind>
<opset="column "/>
</bind>
</comp>

<comp id="405" class="1005" name="sub_ln9_reg_405">
<pin_list>
<pin id="406" dir="0" index="0" bw="11" slack="1"/>
<pin id="407" dir="1" index="1" bw="11" slack="1"/>
</pin_list>
<bind>
<opset="sub_ln9 "/>
</bind>
</comp>

<comp id="411" class="1005" name="trunc_ln9_6_reg_411">
<pin_list>
<pin id="412" dir="0" index="0" bw="58" slack="1"/>
<pin id="413" dir="1" index="1" bw="58" slack="1"/>
</pin_list>
<bind>
<opset="trunc_ln9_6 "/>
</bind>
</comp>

<comp id="416" class="1005" name="trunc_ln9_reg_416">
<pin_list>
<pin id="417" dir="0" index="0" bw="6" slack="73"/>
<pin id="418" dir="1" index="1" bw="6" slack="73"/>
</pin_list>
<bind>
<opset="trunc_ln9 "/>
</bind>
</comp>

<comp id="421" class="1005" name="icmp_ln7_reg_421">
<pin_list>
<pin id="422" dir="0" index="0" bw="1" slack="78"/>
<pin id="423" dir="1" index="1" bw="1" slack="2147483647"/>
</pin_list>
<bind>
<opset="icmp_ln7 "/>
</bind>
</comp>

<comp id="425" class="1005" name="gmem_addr_reg_425">
<pin_list>
<pin id="426" dir="0" index="0" bw="512" slack="1"/>
<pin id="427" dir="1" index="1" bw="512" slack="1"/>
</pin_list>
<bind>
<opset="gmem_addr "/>
</bind>
</comp>

<comp id="431" class="1005" name="trunc_ln9_7_reg_431">
<pin_list>
<pin id="432" dir="0" index="0" bw="58" slack="1"/>
<pin id="433" dir="1" index="1" bw="58" slack="1"/>
</pin_list>
<bind>
<opset="trunc_ln9_7 "/>
</bind>
</comp>

<comp id="436" class="1005" name="trunc_ln9_2_reg_436">
<pin_list>
<pin id="437" dir="0" index="0" bw="6" slack="73"/>
<pin id="438" dir="1" index="1" bw="6" slack="73"/>
</pin_list>
<bind>
<opset="trunc_ln9_2 "/>
</bind>
</comp>

<comp id="441" class="1005" name="gmem_addr_1_reg_441">
<pin_list>
<pin id="442" dir="0" index="0" bw="512" slack="1"/>
<pin id="443" dir="1" index="1" bw="512" slack="1"/>
</pin_list>
<bind>
<opset="gmem_addr_1 "/>
</bind>
</comp>

<comp id="447" class="1005" name="trunc_ln9_8_reg_447">
<pin_list>
<pin id="448" dir="0" index="0" bw="58" slack="1"/>
<pin id="449" dir="1" index="1" bw="58" slack="1"/>
</pin_list>
<bind>
<opset="trunc_ln9_8 "/>
</bind>
</comp>

<comp id="452" class="1005" name="trunc_ln9_4_reg_452">
<pin_list>
<pin id="453" dir="0" index="0" bw="6" slack="73"/>
<pin id="454" dir="1" index="1" bw="6" slack="73"/>
</pin_list>
<bind>
<opset="trunc_ln9_4 "/>
</bind>
</comp>

<comp id="457" class="1005" name="gmem_addr_2_reg_457">
<pin_list>
<pin id="458" dir="0" index="0" bw="512" slack="1"/>
<pin id="459" dir="1" index="1" bw="512" slack="1"/>
</pin_list>
<bind>
<opset="gmem_addr_2 "/>
</bind>
</comp>

<comp id="463" class="1005" name="trunc_ln9_1_reg_463">
<pin_list>
<pin id="464" dir="0" index="0" bw="8" slack="1"/>
<pin id="465" dir="1" index="1" bw="8" slack="1"/>
</pin_list>
<bind>
<opset="trunc_ln9_1 "/>
</bind>
</comp>

<comp id="468" class="1005" name="trunc_ln9_3_reg_468">
<pin_list>
<pin id="469" dir="0" index="0" bw="8" slack="1"/>
<pin id="470" dir="1" index="1" bw="8" slack="1"/>
</pin_list>
<bind>
<opset="trunc_ln9_3 "/>
</bind>
</comp>

<comp id="473" class="1005" name="zext_ln10_1_reg_473">
<pin_list>
<pin id="474" dir="0" index="0" bw="13" slack="1"/>
<pin id="475" dir="1" index="1" bw="13" slack="1"/>
</pin_list>
<bind>
<opset="zext_ln10_1 "/>
</bind>
</comp>

<comp id="478" class="1005" name="trunc_ln9_5_reg_478">
<pin_list>
<pin id="479" dir="0" index="0" bw="8" slack="1"/>
<pin id="480" dir="1" index="1" bw="8" slack="1"/>
</pin_list>
<bind>
<opset="trunc_ln9_5 "/>
</bind>
</comp>

<comp id="483" class="1005" name="zext_ln11_reg_483">
<pin_list>
<pin id="484" dir="0" index="0" bw="16" slack="1"/>
<pin id="485" dir="1" index="1" bw="16" slack="1"/>
</pin_list>
<bind>
<opset="zext_ln11 "/>
</bind>
</comp>

<comp id="488" class="1005" name="mul_ln10_reg_488">
<pin_list>
<pin id="489" dir="0" index="0" bw="15" slack="1"/>
<pin id="490" dir="1" index="1" bw="15" slack="1"/>
</pin_list>
<bind>
<opset="mul_ln10 "/>
</bind>
</comp>

<comp id="493" class="1005" name="zext_ln10_3_reg_493">
<pin_list>
<pin id="494" dir="0" index="0" bw="16" slack="1"/>
<pin id="495" dir="1" index="1" bw="16" slack="1"/>
</pin_list>
<bind>
<opset="zext_ln10_3 "/>
</bind>
</comp>

</comp_list>

<net_list>
<net id="85"><net_src comp="6" pin="0"/><net_sink comp="82" pin=0"/></net>

<net id="90"><net_src comp="26" pin="0"/><net_sink comp="86" pin=0"/></net>

<net id="91"><net_src comp="0" pin="0"/><net_sink comp="86" pin=1"/></net>

<net id="97"><net_src comp="4" pin="0"/><net_sink comp="92" pin=0"/></net>

<net id="98"><net_src comp="80" pin="0"/><net_sink comp="92" pin=1"/></net>

<net id="104"><net_src comp="92" pin="3"/><net_sink comp="99" pin=0"/></net>

<net id="110"><net_src comp="42" pin="0"/><net_sink comp="105" pin=0"/></net>

<net id="111"><net_src comp="44" pin="0"/><net_sink comp="105" pin=2"/></net>

<net id="116"><net_src comp="52" pin="0"/><net_sink comp="112" pin=0"/></net>

<net id="120"><net_src comp="112" pin="2"/><net_sink comp="117" pin=0"/></net>

<net id="125"><net_src comp="28" pin="0"/><net_sink comp="121" pin=0"/></net>

<net id="132"><net_src comp="126" pin="1"/><net_sink comp="129" pin=0"/></net>

<net id="138"><net_src comp="30" pin="0"/><net_sink comp="133" pin=0"/></net>

<net id="139"><net_src comp="126" pin="1"/><net_sink comp="133" pin=1"/></net>

<net id="140"><net_src comp="32" pin="0"/><net_sink comp="133" pin=2"/></net>

<net id="145"><net_src comp="133" pin="3"/><net_sink comp="141" pin=0"/></net>

<net id="146"><net_src comp="129" pin="1"/><net_sink comp="141" pin=1"/></net>

<net id="150"><net_src comp="141" pin="2"/><net_sink comp="147" pin=0"/></net>

<net id="155"><net_src comp="86" pin="2"/><net_sink comp="151" pin=0"/></net>

<net id="156"><net_src comp="147" pin="1"/><net_sink comp="151" pin=1"/></net>

<net id="163"><net_src comp="34" pin="0"/><net_sink comp="157" pin=0"/></net>

<net id="164"><net_src comp="151" pin="2"/><net_sink comp="157" pin=1"/></net>

<net id="165"><net_src comp="36" pin="0"/><net_sink comp="157" pin=2"/></net>

<net id="166"><net_src comp="38" pin="0"/><net_sink comp="157" pin=3"/></net>

<net id="170"><net_src comp="151" pin="2"/><net_sink comp="167" pin=0"/></net>

<net id="175"><net_src comp="126" pin="1"/><net_sink comp="171" pin=0"/></net>

<net id="176"><net_src comp="40" pin="0"/><net_sink comp="171" pin=1"/></net>

<net id="184"><net_src comp="2" pin="0"/><net_sink comp="180" pin=0"/></net>

<net id="185"><net_src comp="177" pin="1"/><net_sink comp="180" pin=1"/></net>

<net id="186"><net_src comp="180" pin="2"/><net_sink comp="105" pin=1"/></net>

<net id="191"><net_src comp="46" pin="0"/><net_sink comp="187" pin=1"/></net>

<net id="195"><net_src comp="187" pin="2"/><net_sink comp="192" pin=0"/></net>

<net id="200"><net_src comp="192" pin="1"/><net_sink comp="196" pin=0"/></net>

<net id="207"><net_src comp="34" pin="0"/><net_sink comp="201" pin=0"/></net>

<net id="208"><net_src comp="196" pin="2"/><net_sink comp="201" pin=1"/></net>

<net id="209"><net_src comp="36" pin="0"/><net_sink comp="201" pin=2"/></net>

<net id="210"><net_src comp="38" pin="0"/><net_sink comp="201" pin=3"/></net>

<net id="214"><net_src comp="196" pin="2"/><net_sink comp="211" pin=0"/></net>

<net id="222"><net_src comp="2" pin="0"/><net_sink comp="218" pin=0"/></net>

<net id="223"><net_src comp="215" pin="1"/><net_sink comp="218" pin=1"/></net>

<net id="224"><net_src comp="218" pin="2"/><net_sink comp="105" pin=1"/></net>

<net id="229"><net_src comp="48" pin="0"/><net_sink comp="225" pin=1"/></net>

<net id="233"><net_src comp="225" pin="2"/><net_sink comp="230" pin=0"/></net>

<net id="238"><net_src comp="230" pin="1"/><net_sink comp="234" pin=0"/></net>

<net id="245"><net_src comp="34" pin="0"/><net_sink comp="239" pin=0"/></net>

<net id="246"><net_src comp="234" pin="2"/><net_sink comp="239" pin=1"/></net>

<net id="247"><net_src comp="36" pin="0"/><net_sink comp="239" pin=2"/></net>

<net id="248"><net_src comp="38" pin="0"/><net_sink comp="239" pin=3"/></net>

<net id="252"><net_src comp="234" pin="2"/><net_sink comp="249" pin=0"/></net>

<net id="257"><net_src comp="50" pin="0"/><net_sink comp="253" pin=1"/></net>

<net id="262"><net_src comp="253" pin="2"/><net_sink comp="258" pin=0"/></net>

<net id="270"><net_src comp="2" pin="0"/><net_sink comp="266" pin=0"/></net>

<net id="271"><net_src comp="263" pin="1"/><net_sink comp="266" pin=1"/></net>

<net id="272"><net_src comp="266" pin="2"/><net_sink comp="105" pin=1"/></net>

<net id="278"><net_src comp="54" pin="0"/><net_sink comp="273" pin=0"/></net>

<net id="279"><net_src comp="56" pin="0"/><net_sink comp="273" pin=2"/></net>

<net id="283"><net_src comp="273" pin="3"/><net_sink comp="280" pin=0"/></net>

<net id="288"><net_src comp="117" pin="1"/><net_sink comp="284" pin=0"/></net>

<net id="289"><net_src comp="280" pin="1"/><net_sink comp="284" pin=1"/></net>

<net id="293"><net_src comp="284" pin="2"/><net_sink comp="290" pin=0"/></net>

<net id="299"><net_src comp="54" pin="0"/><net_sink comp="294" pin=0"/></net>

<net id="300"><net_src comp="56" pin="0"/><net_sink comp="294" pin=2"/></net>

<net id="304"><net_src comp="294" pin="3"/><net_sink comp="301" pin=0"/></net>

<net id="309"><net_src comp="117" pin="1"/><net_sink comp="305" pin=0"/></net>

<net id="310"><net_src comp="301" pin="1"/><net_sink comp="305" pin=1"/></net>

<net id="314"><net_src comp="305" pin="2"/><net_sink comp="311" pin=0"/></net>

<net id="323"><net_src comp="54" pin="0"/><net_sink comp="318" pin=0"/></net>

<net id="324"><net_src comp="56" pin="0"/><net_sink comp="318" pin=2"/></net>

<net id="328"><net_src comp="318" pin="3"/><net_sink comp="325" pin=0"/></net>

<net id="333"><net_src comp="117" pin="1"/><net_sink comp="329" pin=0"/></net>

<net id="334"><net_src comp="325" pin="1"/><net_sink comp="329" pin=1"/></net>

<net id="338"><net_src comp="329" pin="2"/><net_sink comp="335" pin=0"/></net>

<net id="349"><net_src comp="342" pin="1"/><net_sink comp="345" pin=0"/></net>

<net id="350"><net_src comp="62" pin="0"/><net_sink comp="345" pin=1"/></net>

<net id="357"><net_src comp="354" pin="1"/><net_sink comp="92" pin=2"/></net>

<net id="364"><net_src comp="74" pin="0"/><net_sink comp="358" pin=0"/></net>

<net id="365"><net_src comp="76" pin="0"/><net_sink comp="358" pin=2"/></net>

<net id="366"><net_src comp="78" pin="0"/><net_sink comp="358" pin=3"/></net>

<net id="367"><net_src comp="358" pin="4"/><net_sink comp="99" pin=1"/></net>

<net id="373"><net_src comp="315" pin="1"/><net_sink comp="368" pin=0"/></net>

<net id="374"><net_src comp="58" pin="0"/><net_sink comp="368" pin=1"/></net>

<net id="375"><net_src comp="345" pin="2"/><net_sink comp="368" pin=2"/></net>

<net id="376"><net_src comp="368" pin="3"/><net_sink comp="351" pin=0"/></net>

<net id="382"><net_src comp="339" pin="1"/><net_sink comp="377" pin=0"/></net>

<net id="383"><net_src comp="60" pin="0"/><net_sink comp="377" pin=1"/></net>

<net id="384"><net_src comp="351" pin="1"/><net_sink comp="377" pin=2"/></net>

<net id="385"><net_src comp="377" pin="3"/><net_sink comp="358" pin=1"/></net>

<net id="389"><net_src comp="82" pin="1"/><net_sink comp="386" pin=0"/></net>

<net id="390"><net_src comp="386" pin="1"/><net_sink comp="121" pin=1"/></net>

<net id="391"><net_src comp="386" pin="1"/><net_sink comp="126" pin=0"/></net>

<net id="392"><net_src comp="386" pin="1"/><net_sink comp="258" pin=1"/></net>

<net id="396"><net_src comp="86" pin="2"/><net_sink comp="393" pin=0"/></net>

<net id="397"><net_src comp="393" pin="1"/><net_sink comp="196" pin=1"/></net>

<net id="398"><net_src comp="393" pin="1"/><net_sink comp="234" pin=1"/></net>

<net id="402"><net_src comp="126" pin="1"/><net_sink comp="399" pin=0"/></net>

<net id="403"><net_src comp="399" pin="1"/><net_sink comp="253" pin=0"/></net>

<net id="404"><net_src comp="399" pin="1"/><net_sink comp="354" pin=0"/></net>

<net id="408"><net_src comp="141" pin="2"/><net_sink comp="405" pin=0"/></net>

<net id="409"><net_src comp="405" pin="1"/><net_sink comp="187" pin=0"/></net>

<net id="410"><net_src comp="405" pin="1"/><net_sink comp="225" pin=0"/></net>

<net id="414"><net_src comp="157" pin="4"/><net_sink comp="411" pin=0"/></net>

<net id="415"><net_src comp="411" pin="1"/><net_sink comp="177" pin=0"/></net>

<net id="419"><net_src comp="167" pin="1"/><net_sink comp="416" pin=0"/></net>

<net id="420"><net_src comp="416" pin="1"/><net_sink comp="273" pin=1"/></net>

<net id="424"><net_src comp="171" pin="2"/><net_sink comp="421" pin=0"/></net>

<net id="428"><net_src comp="180" pin="2"/><net_sink comp="425" pin=0"/></net>

<net id="429"><net_src comp="425" pin="1"/><net_sink comp="105" pin=1"/></net>

<net id="430"><net_src comp="425" pin="1"/><net_sink comp="112" pin=1"/></net>

<net id="434"><net_src comp="201" pin="4"/><net_sink comp="431" pin=0"/></net>

<net id="435"><net_src comp="431" pin="1"/><net_sink comp="215" pin=0"/></net>

<net id="439"><net_src comp="211" pin="1"/><net_sink comp="436" pin=0"/></net>

<net id="440"><net_src comp="436" pin="1"/><net_sink comp="294" pin=1"/></net>

<net id="444"><net_src comp="218" pin="2"/><net_sink comp="441" pin=0"/></net>

<net id="445"><net_src comp="441" pin="1"/><net_sink comp="105" pin=1"/></net>

<net id="446"><net_src comp="441" pin="1"/><net_sink comp="112" pin=1"/></net>

<net id="450"><net_src comp="239" pin="4"/><net_sink comp="447" pin=0"/></net>

<net id="451"><net_src comp="447" pin="1"/><net_sink comp="263" pin=0"/></net>

<net id="455"><net_src comp="249" pin="1"/><net_sink comp="452" pin=0"/></net>

<net id="456"><net_src comp="452" pin="1"/><net_sink comp="318" pin=1"/></net>

<net id="460"><net_src comp="266" pin="2"/><net_sink comp="457" pin=0"/></net>

<net id="461"><net_src comp="457" pin="1"/><net_sink comp="105" pin=1"/></net>

<net id="462"><net_src comp="457" pin="1"/><net_sink comp="112" pin=1"/></net>

<net id="466"><net_src comp="290" pin="1"/><net_sink comp="463" pin=0"/></net>

<net id="467"><net_src comp="463" pin="1"/><net_sink comp="315" pin=0"/></net>

<net id="471"><net_src comp="311" pin="1"/><net_sink comp="468" pin=0"/></net>

<net id="472"><net_src comp="468" pin="1"/><net_sink comp="339" pin=0"/></net>

<net id="476"><net_src comp="315" pin="1"/><net_sink comp="473" pin=0"/></net>

<net id="477"><net_src comp="473" pin="1"/><net_sink comp="368" pin=0"/></net>

<net id="481"><net_src comp="335" pin="1"/><net_sink comp="478" pin=0"/></net>

<net id="482"><net_src comp="478" pin="1"/><net_sink comp="342" pin=0"/></net>

<net id="486"><net_src comp="339" pin="1"/><net_sink comp="483" pin=0"/></net>

<net id="487"><net_src comp="483" pin="1"/><net_sink comp="377" pin=0"/></net>

<net id="491"><net_src comp="345" pin="2"/><net_sink comp="488" pin=0"/></net>

<net id="492"><net_src comp="488" pin="1"/><net_sink comp="368" pin=0"/></net>

<net id="496"><net_src comp="351" pin="1"/><net_sink comp="493" pin=0"/></net>

<net id="497"><net_src comp="493" pin="1"/><net_sink comp="377" pin=0"/></net>

</net_list>

</model> 
---------------- Datapath Model END ------------------

* FSMD analyzer results:
  - Output states:
	Port: gmem | {}
	Port: out_grayscale | {79 }
 - Input state : 
	Port: grayscale_Pipeline_VITIS_LOOP_7_1 : empty | {1 }
	Port: grayscale_Pipeline_VITIS_LOOP_7_1 : gmem | {2 3 4 5 6 7 8 9 10 11 12 13 14 15 16 17 18 19 20 21 22 23 24 25 26 27 28 29 30 31 32 33 34 35 36 37 38 39 40 41 42 43 44 45 46 47 48 49 50 51 52 53 54 55 56 57 58 59 60 61 62 63 64 65 66 67 68 69 70 71 72 73 74 75 }
	Port: grayscale_Pipeline_VITIS_LOOP_7_1 : out_grayscale | {}
  - Chain level:
	State 1
		store_ln7 : 1
		column : 1
		zext_ln7_1 : 2
		p_shl : 2
		sub_ln9 : 3
		zext_ln9 : 4
		add_ln9 : 5
		trunc_ln9_6 : 6
		trunc_ln9 : 6
		icmp_ln7 : 2
		br_ln7 : 3
	State 2
		gmem_addr : 1
		gmem_load_req : 2
		zext_ln9_2 : 1
		add_ln9_2 : 2
		trunc_ln9_7 : 3
		trunc_ln9_2 : 3
	State 3
		gmem_addr_1 : 1
		gmem_load_1_req : 2
		zext_ln9_4 : 1
		add_ln9_4 : 2
		trunc_ln9_8 : 3
		trunc_ln9_4 : 3
		store_ln7 : 1
	State 4
		gmem_addr_2 : 1
		gmem_load_2_req : 2
	State 5
	State 6
	State 7
	State 8
	State 9
	State 10
	State 11
	State 12
	State 13
	State 14
	State 15
	State 16
	State 17
	State 18
	State 19
	State 20
	State 21
	State 22
	State 23
	State 24
	State 25
	State 26
	State 27
	State 28
	State 29
	State 30
	State 31
	State 32
	State 33
	State 34
	State 35
	State 36
	State 37
	State 38
	State 39
	State 40
	State 41
	State 42
	State 43
	State 44
	State 45
	State 46
	State 47
	State 48
	State 49
	State 50
	State 51
	State 52
	State 53
	State 54
	State 55
	State 56
	State 57
	State 58
	State 59
	State 60
	State 61
	State 62
	State 63
	State 64
	State 65
	State 66
	State 67
	State 68
	State 69
	State 70
	State 71
	State 72
	State 73
	State 74
		zext_ln9_1 : 1
		lshr_ln9 : 2
		trunc_ln9_1 : 3
	State 75
		zext_ln9_3 : 1
		lshr_ln9_1 : 2
		trunc_ln9_3 : 3
		mul_ln10_2 : 1
	State 76
		zext_ln9_5 : 1
		lshr_ln9_2 : 2
		trunc_ln9_5 : 3
		mul_ln10_1 : 1
	State 77
		mul_ln10 : 1
		zext_ln10_2 : 1
		add_ln10 : 2
	State 78
		zext_ln10_3 : 1
		gray : 2
	State 79
		trunc_ln : 1
		out_grayscale_addr : 1
		store_ln13 : 2


============================================================
+ Verbose Summary: Datapath Resource usage 
============================================================

* Functional unit list:
|----------|--------------------|---------|---------|---------|
| Operation|   Functional Unit  |   DSP   |    FF   |   LUT   |
|----------|--------------------|---------|---------|---------|
|          |   lshr_ln9_fu_284  |    0    |    0    |   2171  |
|   lshr   |  lshr_ln9_1_fu_305 |    0    |    0    |   2171  |
|          |  lshr_ln9_2_fu_329 |    0    |    0    |   2171  |
|----------|--------------------|---------|---------|---------|
|          |   add_ln9_fu_151   |    0    |    0    |    71   |
|          |  add_ln9_1_fu_187  |    0    |    0    |    18   |
|    add   |  add_ln9_2_fu_196  |    0    |    0    |    71   |
|          |  add_ln9_3_fu_225  |    0    |    0    |    18   |
|          |  add_ln9_4_fu_234  |    0    |    0    |    71   |
|          |   column_9_fu_253  |    0    |    0    |    16   |
|----------|--------------------|---------|---------|---------|
|    mul   |   mul_ln10_fu_345  |    0    |    0    |    40   |
|----------|--------------------|---------|---------|---------|
|    sub   |   sub_ln9_fu_141   |    0    |    0    |    18   |
|----------|--------------------|---------|---------|---------|
|   icmp   |   icmp_ln7_fu_171  |    0    |    0    |    16   |
|----------|--------------------|---------|---------|---------|
|  muladd  |     grp_fu_368     |    1    |    0    |    0    |
|          |     grp_fu_377     |    1    |    0    |    0    |
|----------|--------------------|---------|---------|---------|
|   read   |   tmp_read_fu_86   |    0    |    0    |    0    |
|          |   grp_read_fu_112  |    0    |    0    |    0    |
|----------|--------------------|---------|---------|---------|
|  readreq | grp_readreq_fu_105 |    0    |    0    |    0    |
|----------|--------------------|---------|---------|---------|
|          |  zext_ln7_1_fu_129 |    0    |    0    |    0    |
|          |   zext_ln9_fu_147  |    0    |    0    |    0    |
|          |  zext_ln9_2_fu_192 |    0    |    0    |    0    |
|          |  zext_ln9_4_fu_230 |    0    |    0    |    0    |
|          |  zext_ln9_1_fu_280 |    0    |    0    |    0    |
|   zext   |  zext_ln9_3_fu_301 |    0    |    0    |    0    |
|          | zext_ln10_1_fu_315 |    0    |    0    |    0    |
|          |  zext_ln9_5_fu_325 |    0    |    0    |    0    |
|          |  zext_ln11_fu_339  |    0    |    0    |    0    |
|          |  zext_ln10_fu_342  |    0    |    0    |    0    |
|          | zext_ln10_3_fu_351 |    0    |    0    |    0    |
|          |   zext_ln7_fu_354  |    0    |    0    |    0    |
|----------|--------------------|---------|---------|---------|
|          |    p_shl_fu_133    |    0    |    0    |    0    |
|bitconcatenate|   shl_ln9_fu_273   |    0    |    0    |    0    |
|          |  shl_ln9_1_fu_294  |    0    |    0    |    0    |
|          |  shl_ln9_2_fu_318  |    0    |    0    |    0    |
|----------|--------------------|---------|---------|---------|
|          | trunc_ln9_6_fu_157 |    0    |    0    |    0    |
|partselect| trunc_ln9_7_fu_201 |    0    |    0    |    0    |
|          | trunc_ln9_8_fu_239 |    0    |    0    |    0    |
|          |   trunc_ln_fu_358  |    0    |    0    |    0    |
|----------|--------------------|---------|---------|---------|
|          |  trunc_ln9_fu_167  |    0    |    0    |    0    |
|          | trunc_ln9_2_fu_211 |    0    |    0    |    0    |
|   trunc  | trunc_ln9_4_fu_249 |    0    |    0    |    0    |
|          | trunc_ln9_1_fu_290 |    0    |    0    |    0    |
|          | trunc_ln9_3_fu_311 |    0    |    0    |    0    |
|          | trunc_ln9_5_fu_335 |    0    |    0    |    0    |
|----------|--------------------|---------|---------|---------|
|          |   sext_ln9_fu_177  |    0    |    0    |    0    |
|   sext   |  sext_ln9_1_fu_215 |    0    |    0    |    0    |
|          |  sext_ln9_2_fu_263 |    0    |    0    |    0    |
|----------|--------------------|---------|---------|---------|
|   Total  |                    |    2    |    0    |   6852  |
|----------|--------------------|---------|---------|---------|

Memories:
N/A

* Register list:
+-------------------+--------+
|                   |   FF   |
+-------------------+--------+
|  column12_reg_386 |    9   |
|   column_reg_399  |    9   |
|gmem_addr_1_reg_441|   512  |
|gmem_addr_2_reg_457|   512  |
| gmem_addr_reg_425 |   512  |
|  icmp_ln7_reg_421 |    1   |
|  mul_ln10_reg_488 |   15   |
|      reg_117      |   512  |
|  sub_ln9_reg_405  |   11   |
|    tmp_reg_393    |   64   |
|trunc_ln9_1_reg_463|    8   |
|trunc_ln9_2_reg_436|    6   |
|trunc_ln9_3_reg_468|    8   |
|trunc_ln9_4_reg_452|    6   |
|trunc_ln9_5_reg_478|    8   |
|trunc_ln9_6_reg_411|   58   |
|trunc_ln9_7_reg_431|   58   |
|trunc_ln9_8_reg_447|   58   |
| trunc_ln9_reg_416 |    6   |
|zext_ln10_1_reg_473|   13   |
|zext_ln10_3_reg_493|   16   |
| zext_ln11_reg_483 |   16   |
+-------------------+--------+
|       Total       |  2418  |
+-------------------+--------+

* Multiplexer (MUX) list: 
|--------------------|------|------|------|--------||---------||---------||---------|
|        Comp        |  Pin | Size |  BW  | S x BW ||  Delay  ||    FF   ||   LUT   |
|--------------------|------|------|------|--------||---------||---------||---------|
| grp_readreq_fu_105 |  p1  |   6  |  512 |  3072  ||    0    ||    31   |
|   grp_read_fu_112  |  p1  |   3  |  512 |  1536  ||    0    ||    14   |
|     grp_fu_368     |  p0  |   3  |   8  |   24   ||    0    ||    14   |
|     grp_fu_377     |  p0  |   3  |   8  |   24   ||    0    ||    14   |
|--------------------|------|------|------|--------||---------||---------||---------|
|        Total       |      |      |      |  4656  ||  2.051  ||    0    ||    73   |
|--------------------|------|------|------|--------||---------||---------||---------|



* Summary:
+-----------+--------+--------+--------+--------+
|           |   DSP  |  Delay |   FF   |   LUT  |
+-----------+--------+--------+--------+--------+
|  Function |    2   |    -   |    0   |  6852  |
|   Memory  |    -   |    -   |    -   |    -   |
|Multiplexer|    -   |    2   |    0   |   73   |
|  Register |    -   |    -   |  2418  |    -   |
+-----------+--------+--------+--------+--------+
|   Total   |    2   |    2   |  2418  |  6925  |
+-----------+--------+--------+--------+--------+
