

================================================================
== Vitis HLS Report for 'grayscale_Pipeline_VITIS_LOOP_7_1'
================================================================
* Date:           Thu Jul 23 23:06:14 2026

* Version:        2025.2 (Build 6295257 on Nov 14 2025)
* Project:        canny_top
* Solution:       hls (Vitis Kernel Flow Target)
* Product family: zynquplus
* Target device:  xck26-sfvc784-2LV-c


================================================================
== Performance Estimates
================================================================
+ Timing: 
    * Summary: 
    +--------+---------+----------+------------+
    |  Clock |  Target | Estimated| Uncertainty|
    +--------+---------+----------+------------+
    |ap_clk  |  5.00 ns|  3.650 ns|     1.35 ns|
    +--------+---------+----------+------------+

+ Latency: 
    * Summary: 
    +---------+---------+----------+----------+-----+-----+-------------------+
    |  Latency (cycles) |  Latency (absolute) |  Interval |      Pipeline     |
    |   min   |   max   |    min   |    max   | min | max |        Type       |
    +---------+---------+----------+----------+-----+-----+-------------------+
    |     1614|     1614|  8.070 us|  8.070 us|    0|    0|  loop pipeline stp|
    +---------+---------+----------+----------+-----+-----+-------------------+

    + Detail: 
        * Instance: 
        N/A

        * Loop: 
        +------------------+---------+---------+----------+-----------+-----------+------+----------+
        |                  |  Latency (cycles) | Iteration|  Initiation Interval  | Trip |          |
        |     Loop Name    |   min   |   max   |  Latency |  achieved |   target  | Count| Pipelined|
        +------------------+---------+---------+----------+-----------+-----------+------+----------+
        |- VITIS_LOOP_7_1  |     1612|     1612|        80|          3|          1|   512|       yes|
        +------------------+---------+---------+----------+-----------+-----------+------+----------+

============================================================
+ Verbose Summary: Synthesis Manager
============================================================
InlineROM: 1
ExposeGlobal: 0
============================================================
+ Verbose Summary: CDFG Model
============================================================
IsTopModel: 0
ResetActiveHigh: 1
IsCombinational: 0
IsDatapathOnly: 0
HasWiredReturn: 1
HasMFsm: 2
HasVarLatency: 1
IsPipeline: 0
IsRtlPipelined: 0
IsInstanceOverlapped: 0
IsDontTouch: 0
HasImplIP: 0
IsGatedGlobalClock: 0

+ Individual pipeline summary: 
  * Pipeline-0: initiation interval (II) = 3, depth = 80


============================================================
+ Verbose Summary: Schedule
============================================================
* Number of FSM states : 80
* Pipeline : 1
  Pipeline-0 : II = 3, D = 80, States = { 1 2 3 4 5 6 7 8 9 10 11 12 13 14 15 16 17 18 19 20 21 22 23 24 25 26 27 28 29 30 31 32 33 34 35 36 37 38 39 40 41 42 43 44 45 46 47 48 49 50 51 52 53 54 55 56 57 58 59 60 61 62 63 64 65 66 67 68 69 70 71 72 73 74 75 76 77 78 79 80 }
* Dataflow Pipeline: 0

* FSM state transitions: 
1 --> 2 
2 --> 3 
3 --> 4 
4 --> 5 
5 --> 6 
6 --> 7 
7 --> 8 
8 --> 9 
9 --> 10 
10 --> 11 
11 --> 12 
12 --> 13 
13 --> 14 
14 --> 15 
15 --> 16 
16 --> 17 
17 --> 18 
18 --> 19 
19 --> 20 
20 --> 21 
21 --> 22 
22 --> 23 
23 --> 24 
24 --> 25 
25 --> 26 
26 --> 27 
27 --> 28 
28 --> 29 
29 --> 30 
30 --> 31 
31 --> 32 
32 --> 33 
33 --> 34 
34 --> 35 
35 --> 36 
36 --> 37 
37 --> 38 
38 --> 39 
39 --> 40 
40 --> 41 
41 --> 42 
42 --> 43 
43 --> 44 
44 --> 45 
45 --> 46 
46 --> 47 
47 --> 48 
48 --> 49 
49 --> 50 
50 --> 51 
51 --> 52 
52 --> 53 
53 --> 54 
54 --> 55 
55 --> 56 
56 --> 57 
57 --> 58 
58 --> 59 
59 --> 60 
60 --> 61 
61 --> 62 
62 --> 63 
63 --> 64 
64 --> 65 
65 --> 66 
66 --> 67 
67 --> 68 
68 --> 69 
69 --> 70 
70 --> 71 
71 --> 72 
72 --> 73 
73 --> 74 
74 --> 75 
75 --> 76 
76 --> 77 
77 --> 78 
78 --> 79 
79 --> 80 
80 --> 

* FSM state operations: 

State 1 <SV = 0> <Delay = 2.31>
ST_1 : Operation 83 [1/1] (0.00ns)   --->   "%column12 = alloca i32 1" [../src/grayscale.cpp:7->../src/canny_top.cpp:23]   --->   Operation 83 'alloca' 'column12' <Predicate = true> <Delay = 0.00>
ST_1 : Operation 84 [1/1] (0.00ns)   --->   "%specinterface_ln0 = specinterface void @_ssdm_op_SpecInterface, i32 %gmem_in, void @empty, i32 0, i32 0, void @empty_0, i32 64, i32 0, void @empty_17, void @empty_14, void @empty_0, i32 16, i32 16, i32 16, i32 16, void @empty_0, void @empty_0, i32 4294967295, i32 0, i32 0, i32 4"   --->   Operation 84 'specinterface' 'specinterface_ln0' <Predicate = true> <Delay = 0.00>
ST_1 : Operation 85 [1/1] (0.00ns)   --->   "%tmp = read i64 @_ssdm_op_Read.ap_auto.i64, i64 %empty"   --->   Operation 85 'read' 'tmp' <Predicate = true> <Delay = 0.00>
ST_1 : Operation 86 [1/1] (0.42ns)   --->   "%store_ln7 = store i9 0, i9 %column12" [../src/grayscale.cpp:7->../src/canny_top.cpp:23]   --->   Operation 86 'store' 'store_ln7' <Predicate = true> <Delay = 0.42>
ST_1 : Operation 87 [1/1] (0.00ns)   --->   "%br_ln0 = br void %for.inc.split.i"   --->   Operation 87 'br' 'br_ln0' <Predicate = true> <Delay = 0.00>
ST_1 : Operation 88 [1/1] (0.00ns)   --->   "%column = load i9 %column12" [../src/grayscale.cpp:7->../src/canny_top.cpp:23]   --->   Operation 88 'load' 'column' <Predicate = true> <Delay = 0.00>
ST_1 : Operation 89 [1/1] (0.00ns)   --->   "%zext_ln7_1 = zext i9 %column" [../src/grayscale.cpp:7->../src/canny_top.cpp:23]   --->   Operation 89 'zext' 'zext_ln7_1' <Predicate = true> <Delay = 0.00>
ST_1 : Operation 90 [1/1] (0.00ns)   --->   "%p_shl = bitconcatenate i11 @_ssdm_op_BitConcatenate.i11.i9.i2, i9 %column, i2 0" [../src/grayscale.cpp:9->../src/canny_top.cpp:23]   --->   Operation 90 'bitconcatenate' 'p_shl' <Predicate = true> <Delay = 0.00>
ST_1 : Operation 91 [1/1] (0.79ns)   --->   "%sub_ln9 = sub i11 %p_shl, i11 %zext_ln7_1" [../src/grayscale.cpp:9->../src/canny_top.cpp:23]   --->   Operation 91 'sub' 'sub_ln9' <Predicate = true> <Delay = 0.79> <CoreInst = "Adder">   --->   Core 1 'Adder' <Latency = 0> <II = 1> <Delay = 0.79> <FuncUnit> <Opcode : 'add' 'sub'> <InPorts = 2> <OutPorts = 1>
ST_1 : Operation 92 [1/1] (0.00ns)   --->   "%zext_ln9 = zext i11 %sub_ln9" [../src/grayscale.cpp:9->../src/canny_top.cpp:23]   --->   Operation 92 'zext' 'zext_ln9' <Predicate = true> <Delay = 0.00>
ST_1 : Operation 93 [1/1] (1.08ns)   --->   "%add_ln9 = add i64 %tmp, i64 %zext_ln9" [../src/grayscale.cpp:9->../src/canny_top.cpp:23]   --->   Operation 93 'add' 'add_ln9' <Predicate = true> <Delay = 1.08> <CoreInst = "Adder">   --->   Core 1 'Adder' <Latency = 0> <II = 1> <Delay = 1.08> <FuncUnit> <Opcode : 'add' 'sub'> <InPorts = 2> <OutPorts = 1>
ST_1 : Operation 94 [1/1] (0.00ns)   --->   "%trunc_ln9_6 = partselect i62 @_ssdm_op_PartSelect.i62.i64.i32.i32, i64 %add_ln9, i32 2, i32 63" [../src/grayscale.cpp:9->../src/canny_top.cpp:23]   --->   Operation 94 'partselect' 'trunc_ln9_6' <Predicate = true> <Delay = 0.00>
ST_1 : Operation 95 [1/1] (0.00ns)   --->   "%sext_ln9 = sext i62 %trunc_ln9_6" [../src/grayscale.cpp:9->../src/canny_top.cpp:23]   --->   Operation 95 'sext' 'sext_ln9' <Predicate = true> <Delay = 0.00>
ST_1 : Operation 96 [1/1] (0.00ns)   --->   "%gmem_in_addr = getelementptr i32 %gmem_in, i64 %sext_ln9" [../src/grayscale.cpp:9->../src/canny_top.cpp:23]   --->   Operation 96 'getelementptr' 'gmem_in_addr' <Predicate = true> <Delay = 0.00>
ST_1 : Operation 97 [1/1] (0.00ns)   --->   "%trunc_ln9 = trunc i64 %add_ln9" [../src/grayscale.cpp:9->../src/canny_top.cpp:23]   --->   Operation 97 'trunc' 'trunc_ln9' <Predicate = true> <Delay = 0.00>
ST_1 : Operation 98 [1/1] (0.77ns)   --->   "%icmp_ln7 = icmp_eq  i9 %column, i9 511" [../src/grayscale.cpp:7->../src/canny_top.cpp:23]   --->   Operation 98 'icmp' 'icmp_ln7' <Predicate = true> <Delay = 0.77> <CoreInst = "Cmp">   --->   Core 9 'Cmp' <Latency = 0> <II = 1> <Delay = 0.77> <FuncUnit> <Opcode : 'seteq' 'setne' 'setle' 'setge' 'setlt' 'setgt'> <InPorts = 2> <OutPorts = 1>
ST_1 : Operation 99 [1/1] (0.00ns)   --->   "%br_ln7 = br i1 %icmp_ln7, void %for.inc.split.i, void %newFuncRoot.aft.aft.exitStub.exitStub" [../src/grayscale.cpp:7->../src/canny_top.cpp:23]   --->   Operation 99 'br' 'br_ln7' <Predicate = true> <Delay = 0.00>

State 2 <SV = 1> <Delay = 1.88>
ST_2 : Operation 100 [71/71] (3.65ns)   --->   "%gmem_in_load_req = readreq i1 @_ssdm_op_ReadReq.m_axi.i32P1A, i32 %gmem_in_addr, i64 1" [../src/grayscale.cpp:9->../src/canny_top.cpp:23]   --->   Operation 100 'readreq' 'gmem_in_load_req' <Predicate = true> <Delay = 3.65> <CoreInst = "m_axi">   --->   Core 119 'm_axi' <Latency = 6> <II = 1> <Delay = 1.00> <Adapter> <Opcode : 'readrequnaligned' 'writerequnaligned' 'read' 'write' 'readreq' 'writereq' 'writeresp'>
ST_2 : Operation 101 [1/1] (0.79ns)   --->   "%add_ln9_1 = add i11 %sub_ln9, i11 1" [../src/grayscale.cpp:9->../src/canny_top.cpp:23]   --->   Operation 101 'add' 'add_ln9_1' <Predicate = true> <Delay = 0.79> <CoreInst = "Adder">   --->   Core 1 'Adder' <Latency = 0> <II = 1> <Delay = 0.79> <FuncUnit> <Opcode : 'add' 'sub'> <InPorts = 2> <OutPorts = 1>
ST_2 : Operation 102 [1/1] (0.00ns)   --->   "%zext_ln9_2 = zext i11 %add_ln9_1" [../src/grayscale.cpp:9->../src/canny_top.cpp:23]   --->   Operation 102 'zext' 'zext_ln9_2' <Predicate = true> <Delay = 0.00>
ST_2 : Operation 103 [1/1] (1.08ns)   --->   "%add_ln9_2 = add i64 %zext_ln9_2, i64 %tmp" [../src/grayscale.cpp:9->../src/canny_top.cpp:23]   --->   Operation 103 'add' 'add_ln9_2' <Predicate = true> <Delay = 1.08> <CoreInst = "Adder">   --->   Core 1 'Adder' <Latency = 0> <II = 1> <Delay = 1.08> <FuncUnit> <Opcode : 'add' 'sub'> <InPorts = 2> <OutPorts = 1>
ST_2 : Operation 104 [1/1] (0.00ns)   --->   "%trunc_ln9_7 = partselect i62 @_ssdm_op_PartSelect.i62.i64.i32.i32, i64 %add_ln9_2, i32 2, i32 63" [../src/grayscale.cpp:9->../src/canny_top.cpp:23]   --->   Operation 104 'partselect' 'trunc_ln9_7' <Predicate = true> <Delay = 0.00>
ST_2 : Operation 105 [1/1] (0.00ns)   --->   "%sext_ln9_1 = sext i62 %trunc_ln9_7" [../src/grayscale.cpp:9->../src/canny_top.cpp:23]   --->   Operation 105 'sext' 'sext_ln9_1' <Predicate = true> <Delay = 0.00>
ST_2 : Operation 106 [1/1] (0.00ns)   --->   "%gmem_in_addr_1 = getelementptr i32 %gmem_in, i64 %sext_ln9_1" [../src/grayscale.cpp:9->../src/canny_top.cpp:23]   --->   Operation 106 'getelementptr' 'gmem_in_addr_1' <Predicate = true> <Delay = 0.00>
ST_2 : Operation 107 [1/1] (0.00ns)   --->   "%trunc_ln9_2 = trunc i64 %add_ln9_2" [../src/grayscale.cpp:9->../src/canny_top.cpp:23]   --->   Operation 107 'trunc' 'trunc_ln9_2' <Predicate = true> <Delay = 0.00>

State 3 <SV = 2> <Delay = 1.88>
ST_3 : Operation 108 [70/71] (3.65ns)   --->   "%gmem_in_load_req = readreq i1 @_ssdm_op_ReadReq.m_axi.i32P1A, i32 %gmem_in_addr, i64 1" [../src/grayscale.cpp:9->../src/canny_top.cpp:23]   --->   Operation 108 'readreq' 'gmem_in_load_req' <Predicate = true> <Delay = 3.65> <CoreInst = "m_axi">   --->   Core 119 'm_axi' <Latency = 6> <II = 1> <Delay = 1.00> <Adapter> <Opcode : 'readrequnaligned' 'writerequnaligned' 'read' 'write' 'readreq' 'writereq' 'writeresp'>
ST_3 : Operation 109 [71/71] (3.65ns)   --->   "%gmem_in_load_1_req = readreq i1 @_ssdm_op_ReadReq.m_axi.i32P1A, i32 %gmem_in_addr_1, i64 1" [../src/grayscale.cpp:9->../src/canny_top.cpp:23]   --->   Operation 109 'readreq' 'gmem_in_load_1_req' <Predicate = true> <Delay = 3.65> <CoreInst = "m_axi">   --->   Core 119 'm_axi' <Latency = 6> <II = 1> <Delay = 1.00> <Adapter> <Opcode : 'readrequnaligned' 'writerequnaligned' 'read' 'write' 'readreq' 'writereq' 'writeresp'>
ST_3 : Operation 110 [1/1] (0.79ns)   --->   "%add_ln9_3 = add i11 %sub_ln9, i11 2" [../src/grayscale.cpp:9->../src/canny_top.cpp:23]   --->   Operation 110 'add' 'add_ln9_3' <Predicate = true> <Delay = 0.79> <CoreInst = "Adder">   --->   Core 1 'Adder' <Latency = 0> <II = 1> <Delay = 0.79> <FuncUnit> <Opcode : 'add' 'sub'> <InPorts = 2> <OutPorts = 1>
ST_3 : Operation 111 [1/1] (0.00ns)   --->   "%zext_ln9_4 = zext i11 %add_ln9_3" [../src/grayscale.cpp:9->../src/canny_top.cpp:23]   --->   Operation 111 'zext' 'zext_ln9_4' <Predicate = true> <Delay = 0.00>
ST_3 : Operation 112 [1/1] (1.08ns)   --->   "%add_ln9_4 = add i64 %zext_ln9_4, i64 %tmp" [../src/grayscale.cpp:9->../src/canny_top.cpp:23]   --->   Operation 112 'add' 'add_ln9_4' <Predicate = true> <Delay = 1.08> <CoreInst = "Adder">   --->   Core 1 'Adder' <Latency = 0> <II = 1> <Delay = 1.08> <FuncUnit> <Opcode : 'add' 'sub'> <InPorts = 2> <OutPorts = 1>
ST_3 : Operation 113 [1/1] (0.00ns)   --->   "%trunc_ln9_8 = partselect i62 @_ssdm_op_PartSelect.i62.i64.i32.i32, i64 %add_ln9_4, i32 2, i32 63" [../src/grayscale.cpp:9->../src/canny_top.cpp:23]   --->   Operation 113 'partselect' 'trunc_ln9_8' <Predicate = true> <Delay = 0.00>
ST_3 : Operation 114 [1/1] (0.00ns)   --->   "%sext_ln9_2 = sext i62 %trunc_ln9_8" [../src/grayscale.cpp:9->../src/canny_top.cpp:23]   --->   Operation 114 'sext' 'sext_ln9_2' <Predicate = true> <Delay = 0.00>
ST_3 : Operation 115 [1/1] (0.00ns)   --->   "%gmem_in_addr_2 = getelementptr i32 %gmem_in, i64 %sext_ln9_2" [../src/grayscale.cpp:9->../src/canny_top.cpp:23]   --->   Operation 115 'getelementptr' 'gmem_in_addr_2' <Predicate = true> <Delay = 0.00>
ST_3 : Operation 116 [1/1] (0.00ns)   --->   "%trunc_ln9_4 = trunc i64 %add_ln9_4" [../src/grayscale.cpp:9->../src/canny_top.cpp:23]   --->   Operation 116 'trunc' 'trunc_ln9_4' <Predicate = true> <Delay = 0.00>
ST_3 : Operation 117 [1/1] (0.77ns)   --->   "%column_6 = add i9 %column, i9 1" [../src/grayscale.cpp:7->../src/canny_top.cpp:23]   --->   Operation 117 'add' 'column_6' <Predicate = true> <Delay = 0.77> <CoreInst = "Adder">   --->   Core 1 'Adder' <Latency = 0> <II = 1> <Delay = 0.77> <FuncUnit> <Opcode : 'add' 'sub'> <InPorts = 2> <OutPorts = 1>
ST_3 : Operation 118 [1/1] (0.42ns)   --->   "%store_ln7 = store i9 %column_6, i9 %column12" [../src/grayscale.cpp:7->../src/canny_top.cpp:23]   --->   Operation 118 'store' 'store_ln7' <Predicate = true> <Delay = 0.42>

State 4 <SV = 3> <Delay = 0.00>
ST_4 : Operation 119 [69/71] (3.65ns)   --->   "%gmem_in_load_req = readreq i1 @_ssdm_op_ReadReq.m_axi.i32P1A, i32 %gmem_in_addr, i64 1" [../src/grayscale.cpp:9->../src/canny_top.cpp:23]   --->   Operation 119 'readreq' 'gmem_in_load_req' <Predicate = true> <Delay = 3.65> <CoreInst = "m_axi">   --->   Core 119 'm_axi' <Latency = 6> <II = 1> <Delay = 1.00> <Adapter> <Opcode : 'readrequnaligned' 'writerequnaligned' 'read' 'write' 'readreq' 'writereq' 'writeresp'>
ST_4 : Operation 120 [70/71] (3.65ns)   --->   "%gmem_in_load_1_req = readreq i1 @_ssdm_op_ReadReq.m_axi.i32P1A, i32 %gmem_in_addr_1, i64 1" [../src/grayscale.cpp:9->../src/canny_top.cpp:23]   --->   Operation 120 'readreq' 'gmem_in_load_1_req' <Predicate = true> <Delay = 3.65> <CoreInst = "m_axi">   --->   Core 119 'm_axi' <Latency = 6> <II = 1> <Delay = 1.00> <Adapter> <Opcode : 'readrequnaligned' 'writerequnaligned' 'read' 'write' 'readreq' 'writereq' 'writeresp'>
ST_4 : Operation 121 [71/71] (3.65ns)   --->   "%gmem_in_load_2_req = readreq i1 @_ssdm_op_ReadReq.m_axi.i32P1A, i32 %gmem_in_addr_2, i64 1" [../src/grayscale.cpp:9->../src/canny_top.cpp:23]   --->   Operation 121 'readreq' 'gmem_in_load_2_req' <Predicate = true> <Delay = 3.65> <CoreInst = "m_axi">   --->   Core 119 'm_axi' <Latency = 6> <II = 1> <Delay = 1.00> <Adapter> <Opcode : 'readrequnaligned' 'writerequnaligned' 'read' 'write' 'readreq' 'writereq' 'writeresp'>

State 5 <SV = 4> <Delay = 0.00>
ST_5 : Operation 122 [68/71] (3.65ns)   --->   "%gmem_in_load_req = readreq i1 @_ssdm_op_ReadReq.m_axi.i32P1A, i32 %gmem_in_addr, i64 1" [../src/grayscale.cpp:9->../src/canny_top.cpp:23]   --->   Operation 122 'readreq' 'gmem_in_load_req' <Predicate = true> <Delay = 3.65> <CoreInst = "m_axi">   --->   Core 119 'm_axi' <Latency = 6> <II = 1> <Delay = 1.00> <Adapter> <Opcode : 'readrequnaligned' 'writerequnaligned' 'read' 'write' 'readreq' 'writereq' 'writeresp'>
ST_5 : Operation 123 [69/71] (3.65ns)   --->   "%gmem_in_load_1_req = readreq i1 @_ssdm_op_ReadReq.m_axi.i32P1A, i32 %gmem_in_addr_1, i64 1" [../src/grayscale.cpp:9->../src/canny_top.cpp:23]   --->   Operation 123 'readreq' 'gmem_in_load_1_req' <Predicate = true> <Delay = 3.65> <CoreInst = "m_axi">   --->   Core 119 'm_axi' <Latency = 6> <II = 1> <Delay = 1.00> <Adapter> <Opcode : 'readrequnaligned' 'writerequnaligned' 'read' 'write' 'readreq' 'writereq' 'writeresp'>
ST_5 : Operation 124 [70/71] (3.65ns)   --->   "%gmem_in_load_2_req = readreq i1 @_ssdm_op_ReadReq.m_axi.i32P1A, i32 %gmem_in_addr_2, i64 1" [../src/grayscale.cpp:9->../src/canny_top.cpp:23]   --->   Operation 124 'readreq' 'gmem_in_load_2_req' <Predicate = true> <Delay = 3.65> <CoreInst = "m_axi">   --->   Core 119 'm_axi' <Latency = 6> <II = 1> <Delay = 1.00> <Adapter> <Opcode : 'readrequnaligned' 'writerequnaligned' 'read' 'write' 'readreq' 'writereq' 'writeresp'>

State 6 <SV = 5> <Delay = 0.00>
ST_6 : Operation 125 [67/71] (3.65ns)   --->   "%gmem_in_load_req = readreq i1 @_ssdm_op_ReadReq.m_axi.i32P1A, i32 %gmem_in_addr, i64 1" [../src/grayscale.cpp:9->../src/canny_top.cpp:23]   --->   Operation 125 'readreq' 'gmem_in_load_req' <Predicate = true> <Delay = 3.65> <CoreInst = "m_axi">   --->   Core 119 'm_axi' <Latency = 6> <II = 1> <Delay = 1.00> <Adapter> <Opcode : 'readrequnaligned' 'writerequnaligned' 'read' 'write' 'readreq' 'writereq' 'writeresp'>
ST_6 : Operation 126 [68/71] (3.65ns)   --->   "%gmem_in_load_1_req = readreq i1 @_ssdm_op_ReadReq.m_axi.i32P1A, i32 %gmem_in_addr_1, i64 1" [../src/grayscale.cpp:9->../src/canny_top.cpp:23]   --->   Operation 126 'readreq' 'gmem_in_load_1_req' <Predicate = true> <Delay = 3.65> <CoreInst = "m_axi">   --->   Core 119 'm_axi' <Latency = 6> <II = 1> <Delay = 1.00> <Adapter> <Opcode : 'readrequnaligned' 'writerequnaligned' 'read' 'write' 'readreq' 'writereq' 'writeresp'>
ST_6 : Operation 127 [69/71] (3.65ns)   --->   "%gmem_in_load_2_req = readreq i1 @_ssdm_op_ReadReq.m_axi.i32P1A, i32 %gmem_in_addr_2, i64 1" [../src/grayscale.cpp:9->../src/canny_top.cpp:23]   --->   Operation 127 'readreq' 'gmem_in_load_2_req' <Predicate = true> <Delay = 3.65> <CoreInst = "m_axi">   --->   Core 119 'm_axi' <Latency = 6> <II = 1> <Delay = 1.00> <Adapter> <Opcode : 'readrequnaligned' 'writerequnaligned' 'read' 'write' 'readreq' 'writereq' 'writeresp'>

State 7 <SV = 6> <Delay = 0.00>
ST_7 : Operation 128 [66/71] (3.65ns)   --->   "%gmem_in_load_req = readreq i1 @_ssdm_op_ReadReq.m_axi.i32P1A, i32 %gmem_in_addr, i64 1" [../src/grayscale.cpp:9->../src/canny_top.cpp:23]   --->   Operation 128 'readreq' 'gmem_in_load_req' <Predicate = true> <Delay = 3.65> <CoreInst = "m_axi">   --->   Core 119 'm_axi' <Latency = 6> <II = 1> <Delay = 1.00> <Adapter> <Opcode : 'readrequnaligned' 'writerequnaligned' 'read' 'write' 'readreq' 'writereq' 'writeresp'>
ST_7 : Operation 129 [67/71] (3.65ns)   --->   "%gmem_in_load_1_req = readreq i1 @_ssdm_op_ReadReq.m_axi.i32P1A, i32 %gmem_in_addr_1, i64 1" [../src/grayscale.cpp:9->../src/canny_top.cpp:23]   --->   Operation 129 'readreq' 'gmem_in_load_1_req' <Predicate = true> <Delay = 3.65> <CoreInst = "m_axi">   --->   Core 119 'm_axi' <Latency = 6> <II = 1> <Delay = 1.00> <Adapter> <Opcode : 'readrequnaligned' 'writerequnaligned' 'read' 'write' 'readreq' 'writereq' 'writeresp'>
ST_7 : Operation 130 [68/71] (3.65ns)   --->   "%gmem_in_load_2_req = readreq i1 @_ssdm_op_ReadReq.m_axi.i32P1A, i32 %gmem_in_addr_2, i64 1" [../src/grayscale.cpp:9->../src/canny_top.cpp:23]   --->   Operation 130 'readreq' 'gmem_in_load_2_req' <Predicate = true> <Delay = 3.65> <CoreInst = "m_axi">   --->   Core 119 'm_axi' <Latency = 6> <II = 1> <Delay = 1.00> <Adapter> <Opcode : 'readrequnaligned' 'writerequnaligned' 'read' 'write' 'readreq' 'writereq' 'writeresp'>

State 8 <SV = 7> <Delay = 0.00>
ST_8 : Operation 131 [65/71] (3.65ns)   --->   "%gmem_in_load_req = readreq i1 @_ssdm_op_ReadReq.m_axi.i32P1A, i32 %gmem_in_addr, i64 1" [../src/grayscale.cpp:9->../src/canny_top.cpp:23]   --->   Operation 131 'readreq' 'gmem_in_load_req' <Predicate = true> <Delay = 3.65> <CoreInst = "m_axi">   --->   Core 119 'm_axi' <Latency = 6> <II = 1> <Delay = 1.00> <Adapter> <Opcode : 'readrequnaligned' 'writerequnaligned' 'read' 'write' 'readreq' 'writereq' 'writeresp'>
ST_8 : Operation 132 [66/71] (3.65ns)   --->   "%gmem_in_load_1_req = readreq i1 @_ssdm_op_ReadReq.m_axi.i32P1A, i32 %gmem_in_addr_1, i64 1" [../src/grayscale.cpp:9->../src/canny_top.cpp:23]   --->   Operation 132 'readreq' 'gmem_in_load_1_req' <Predicate = true> <Delay = 3.65> <CoreInst = "m_axi">   --->   Core 119 'm_axi' <Latency = 6> <II = 1> <Delay = 1.00> <Adapter> <Opcode : 'readrequnaligned' 'writerequnaligned' 'read' 'write' 'readreq' 'writereq' 'writeresp'>
ST_8 : Operation 133 [67/71] (3.65ns)   --->   "%gmem_in_load_2_req = readreq i1 @_ssdm_op_ReadReq.m_axi.i32P1A, i32 %gmem_in_addr_2, i64 1" [../src/grayscale.cpp:9->../src/canny_top.cpp:23]   --->   Operation 133 'readreq' 'gmem_in_load_2_req' <Predicate = true> <Delay = 3.65> <CoreInst = "m_axi">   --->   Core 119 'm_axi' <Latency = 6> <II = 1> <Delay = 1.00> <Adapter> <Opcode : 'readrequnaligned' 'writerequnaligned' 'read' 'write' 'readreq' 'writereq' 'writeresp'>

State 9 <SV = 8> <Delay = 0.00>
ST_9 : Operation 134 [64/71] (3.65ns)   --->   "%gmem_in_load_req = readreq i1 @_ssdm_op_ReadReq.m_axi.i32P1A, i32 %gmem_in_addr, i64 1" [../src/grayscale.cpp:9->../src/canny_top.cpp:23]   --->   Operation 134 'readreq' 'gmem_in_load_req' <Predicate = true> <Delay = 3.65> <CoreInst = "m_axi">   --->   Core 119 'm_axi' <Latency = 6> <II = 1> <Delay = 1.00> <Adapter> <Opcode : 'readrequnaligned' 'writerequnaligned' 'read' 'write' 'readreq' 'writereq' 'writeresp'>
ST_9 : Operation 135 [65/71] (3.65ns)   --->   "%gmem_in_load_1_req = readreq i1 @_ssdm_op_ReadReq.m_axi.i32P1A, i32 %gmem_in_addr_1, i64 1" [../src/grayscale.cpp:9->../src/canny_top.cpp:23]   --->   Operation 135 'readreq' 'gmem_in_load_1_req' <Predicate = true> <Delay = 3.65> <CoreInst = "m_axi">   --->   Core 119 'm_axi' <Latency = 6> <II = 1> <Delay = 1.00> <Adapter> <Opcode : 'readrequnaligned' 'writerequnaligned' 'read' 'write' 'readreq' 'writereq' 'writeresp'>
ST_9 : Operation 136 [66/71] (3.65ns)   --->   "%gmem_in_load_2_req = readreq i1 @_ssdm_op_ReadReq.m_axi.i32P1A, i32 %gmem_in_addr_2, i64 1" [../src/grayscale.cpp:9->../src/canny_top.cpp:23]   --->   Operation 136 'readreq' 'gmem_in_load_2_req' <Predicate = true> <Delay = 3.65> <CoreInst = "m_axi">   --->   Core 119 'm_axi' <Latency = 6> <II = 1> <Delay = 1.00> <Adapter> <Opcode : 'readrequnaligned' 'writerequnaligned' 'read' 'write' 'readreq' 'writereq' 'writeresp'>

State 10 <SV = 9> <Delay = 0.00>
ST_10 : Operation 137 [63/71] (3.65ns)   --->   "%gmem_in_load_req = readreq i1 @_ssdm_op_ReadReq.m_axi.i32P1A, i32 %gmem_in_addr, i64 1" [../src/grayscale.cpp:9->../src/canny_top.cpp:23]   --->   Operation 137 'readreq' 'gmem_in_load_req' <Predicate = true> <Delay = 3.65> <CoreInst = "m_axi">   --->   Core 119 'm_axi' <Latency = 6> <II = 1> <Delay = 1.00> <Adapter> <Opcode : 'readrequnaligned' 'writerequnaligned' 'read' 'write' 'readreq' 'writereq' 'writeresp'>
ST_10 : Operation 138 [64/71] (3.65ns)   --->   "%gmem_in_load_1_req = readreq i1 @_ssdm_op_ReadReq.m_axi.i32P1A, i32 %gmem_in_addr_1, i64 1" [../src/grayscale.cpp:9->../src/canny_top.cpp:23]   --->   Operation 138 'readreq' 'gmem_in_load_1_req' <Predicate = true> <Delay = 3.65> <CoreInst = "m_axi">   --->   Core 119 'm_axi' <Latency = 6> <II = 1> <Delay = 1.00> <Adapter> <Opcode : 'readrequnaligned' 'writerequnaligned' 'read' 'write' 'readreq' 'writereq' 'writeresp'>
ST_10 : Operation 139 [65/71] (3.65ns)   --->   "%gmem_in_load_2_req = readreq i1 @_ssdm_op_ReadReq.m_axi.i32P1A, i32 %gmem_in_addr_2, i64 1" [../src/grayscale.cpp:9->../src/canny_top.cpp:23]   --->   Operation 139 'readreq' 'gmem_in_load_2_req' <Predicate = true> <Delay = 3.65> <CoreInst = "m_axi">   --->   Core 119 'm_axi' <Latency = 6> <II = 1> <Delay = 1.00> <Adapter> <Opcode : 'readrequnaligned' 'writerequnaligned' 'read' 'write' 'readreq' 'writereq' 'writeresp'>

State 11 <SV = 10> <Delay = 0.00>
ST_11 : Operation 140 [62/71] (3.65ns)   --->   "%gmem_in_load_req = readreq i1 @_ssdm_op_ReadReq.m_axi.i32P1A, i32 %gmem_in_addr, i64 1" [../src/grayscale.cpp:9->../src/canny_top.cpp:23]   --->   Operation 140 'readreq' 'gmem_in_load_req' <Predicate = true> <Delay = 3.65> <CoreInst = "m_axi">   --->   Core 119 'm_axi' <Latency = 6> <II = 1> <Delay = 1.00> <Adapter> <Opcode : 'readrequnaligned' 'writerequnaligned' 'read' 'write' 'readreq' 'writereq' 'writeresp'>
ST_11 : Operation 141 [63/71] (3.65ns)   --->   "%gmem_in_load_1_req = readreq i1 @_ssdm_op_ReadReq.m_axi.i32P1A, i32 %gmem_in_addr_1, i64 1" [../src/grayscale.cpp:9->../src/canny_top.cpp:23]   --->   Operation 141 'readreq' 'gmem_in_load_1_req' <Predicate = true> <Delay = 3.65> <CoreInst = "m_axi">   --->   Core 119 'm_axi' <Latency = 6> <II = 1> <Delay = 1.00> <Adapter> <Opcode : 'readrequnaligned' 'writerequnaligned' 'read' 'write' 'readreq' 'writereq' 'writeresp'>
ST_11 : Operation 142 [64/71] (3.65ns)   --->   "%gmem_in_load_2_req = readreq i1 @_ssdm_op_ReadReq.m_axi.i32P1A, i32 %gmem_in_addr_2, i64 1" [../src/grayscale.cpp:9->../src/canny_top.cpp:23]   --->   Operation 142 'readreq' 'gmem_in_load_2_req' <Predicate = true> <Delay = 3.65> <CoreInst = "m_axi">   --->   Core 119 'm_axi' <Latency = 6> <II = 1> <Delay = 1.00> <Adapter> <Opcode : 'readrequnaligned' 'writerequnaligned' 'read' 'write' 'readreq' 'writereq' 'writeresp'>

State 12 <SV = 11> <Delay = 0.00>
ST_12 : Operation 143 [61/71] (3.65ns)   --->   "%gmem_in_load_req = readreq i1 @_ssdm_op_ReadReq.m_axi.i32P1A, i32 %gmem_in_addr, i64 1" [../src/grayscale.cpp:9->../src/canny_top.cpp:23]   --->   Operation 143 'readreq' 'gmem_in_load_req' <Predicate = true> <Delay = 3.65> <CoreInst = "m_axi">   --->   Core 119 'm_axi' <Latency = 6> <II = 1> <Delay = 1.00> <Adapter> <Opcode : 'readrequnaligned' 'writerequnaligned' 'read' 'write' 'readreq' 'writereq' 'writeresp'>
ST_12 : Operation 144 [62/71] (3.65ns)   --->   "%gmem_in_load_1_req = readreq i1 @_ssdm_op_ReadReq.m_axi.i32P1A, i32 %gmem_in_addr_1, i64 1" [../src/grayscale.cpp:9->../src/canny_top.cpp:23]   --->   Operation 144 'readreq' 'gmem_in_load_1_req' <Predicate = true> <Delay = 3.65> <CoreInst = "m_axi">   --->   Core 119 'm_axi' <Latency = 6> <II = 1> <Delay = 1.00> <Adapter> <Opcode : 'readrequnaligned' 'writerequnaligned' 'read' 'write' 'readreq' 'writereq' 'writeresp'>
ST_12 : Operation 145 [63/71] (3.65ns)   --->   "%gmem_in_load_2_req = readreq i1 @_ssdm_op_ReadReq.m_axi.i32P1A, i32 %gmem_in_addr_2, i64 1" [../src/grayscale.cpp:9->../src/canny_top.cpp:23]   --->   Operation 145 'readreq' 'gmem_in_load_2_req' <Predicate = true> <Delay = 3.65> <CoreInst = "m_axi">   --->   Core 119 'm_axi' <Latency = 6> <II = 1> <Delay = 1.00> <Adapter> <Opcode : 'readrequnaligned' 'writerequnaligned' 'read' 'write' 'readreq' 'writereq' 'writeresp'>

State 13 <SV = 12> <Delay = 0.00>
ST_13 : Operation 146 [60/71] (3.65ns)   --->   "%gmem_in_load_req = readreq i1 @_ssdm_op_ReadReq.m_axi.i32P1A, i32 %gmem_in_addr, i64 1" [../src/grayscale.cpp:9->../src/canny_top.cpp:23]   --->   Operation 146 'readreq' 'gmem_in_load_req' <Predicate = true> <Delay = 3.65> <CoreInst = "m_axi">   --->   Core 119 'm_axi' <Latency = 6> <II = 1> <Delay = 1.00> <Adapter> <Opcode : 'readrequnaligned' 'writerequnaligned' 'read' 'write' 'readreq' 'writereq' 'writeresp'>
ST_13 : Operation 147 [61/71] (3.65ns)   --->   "%gmem_in_load_1_req = readreq i1 @_ssdm_op_ReadReq.m_axi.i32P1A, i32 %gmem_in_addr_1, i64 1" [../src/grayscale.cpp:9->../src/canny_top.cpp:23]   --->   Operation 147 'readreq' 'gmem_in_load_1_req' <Predicate = true> <Delay = 3.65> <CoreInst = "m_axi">   --->   Core 119 'm_axi' <Latency = 6> <II = 1> <Delay = 1.00> <Adapter> <Opcode : 'readrequnaligned' 'writerequnaligned' 'read' 'write' 'readreq' 'writereq' 'writeresp'>
ST_13 : Operation 148 [62/71] (3.65ns)   --->   "%gmem_in_load_2_req = readreq i1 @_ssdm_op_ReadReq.m_axi.i32P1A, i32 %gmem_in_addr_2, i64 1" [../src/grayscale.cpp:9->../src/canny_top.cpp:23]   --->   Operation 148 'readreq' 'gmem_in_load_2_req' <Predicate = true> <Delay = 3.65> <CoreInst = "m_axi">   --->   Core 119 'm_axi' <Latency = 6> <II = 1> <Delay = 1.00> <Adapter> <Opcode : 'readrequnaligned' 'writerequnaligned' 'read' 'write' 'readreq' 'writereq' 'writeresp'>

State 14 <SV = 13> <Delay = 0.00>
ST_14 : Operation 149 [59/71] (3.65ns)   --->   "%gmem_in_load_req = readreq i1 @_ssdm_op_ReadReq.m_axi.i32P1A, i32 %gmem_in_addr, i64 1" [../src/grayscale.cpp:9->../src/canny_top.cpp:23]   --->   Operation 149 'readreq' 'gmem_in_load_req' <Predicate = true> <Delay = 3.65> <CoreInst = "m_axi">   --->   Core 119 'm_axi' <Latency = 6> <II = 1> <Delay = 1.00> <Adapter> <Opcode : 'readrequnaligned' 'writerequnaligned' 'read' 'write' 'readreq' 'writereq' 'writeresp'>
ST_14 : Operation 150 [60/71] (3.65ns)   --->   "%gmem_in_load_1_req = readreq i1 @_ssdm_op_ReadReq.m_axi.i32P1A, i32 %gmem_in_addr_1, i64 1" [../src/grayscale.cpp:9->../src/canny_top.cpp:23]   --->   Operation 150 'readreq' 'gmem_in_load_1_req' <Predicate = true> <Delay = 3.65> <CoreInst = "m_axi">   --->   Core 119 'm_axi' <Latency = 6> <II = 1> <Delay = 1.00> <Adapter> <Opcode : 'readrequnaligned' 'writerequnaligned' 'read' 'write' 'readreq' 'writereq' 'writeresp'>
ST_14 : Operation 151 [61/71] (3.65ns)   --->   "%gmem_in_load_2_req = readreq i1 @_ssdm_op_ReadReq.m_axi.i32P1A, i32 %gmem_in_addr_2, i64 1" [../src/grayscale.cpp:9->../src/canny_top.cpp:23]   --->   Operation 151 'readreq' 'gmem_in_load_2_req' <Predicate = true> <Delay = 3.65> <CoreInst = "m_axi">   --->   Core 119 'm_axi' <Latency = 6> <II = 1> <Delay = 1.00> <Adapter> <Opcode : 'readrequnaligned' 'writerequnaligned' 'read' 'write' 'readreq' 'writereq' 'writeresp'>

State 15 <SV = 14> <Delay = 0.00>
ST_15 : Operation 152 [58/71] (3.65ns)   --->   "%gmem_in_load_req = readreq i1 @_ssdm_op_ReadReq.m_axi.i32P1A, i32 %gmem_in_addr, i64 1" [../src/grayscale.cpp:9->../src/canny_top.cpp:23]   --->   Operation 152 'readreq' 'gmem_in_load_req' <Predicate = true> <Delay = 3.65> <CoreInst = "m_axi">   --->   Core 119 'm_axi' <Latency = 6> <II = 1> <Delay = 1.00> <Adapter> <Opcode : 'readrequnaligned' 'writerequnaligned' 'read' 'write' 'readreq' 'writereq' 'writeresp'>
ST_15 : Operation 153 [59/71] (3.65ns)   --->   "%gmem_in_load_1_req = readreq i1 @_ssdm_op_ReadReq.m_axi.i32P1A, i32 %gmem_in_addr_1, i64 1" [../src/grayscale.cpp:9->../src/canny_top.cpp:23]   --->   Operation 153 'readreq' 'gmem_in_load_1_req' <Predicate = true> <Delay = 3.65> <CoreInst = "m_axi">   --->   Core 119 'm_axi' <Latency = 6> <II = 1> <Delay = 1.00> <Adapter> <Opcode : 'readrequnaligned' 'writerequnaligned' 'read' 'write' 'readreq' 'writereq' 'writeresp'>
ST_15 : Operation 154 [60/71] (3.65ns)   --->   "%gmem_in_load_2_req = readreq i1 @_ssdm_op_ReadReq.m_axi.i32P1A, i32 %gmem_in_addr_2, i64 1" [../src/grayscale.cpp:9->../src/canny_top.cpp:23]   --->   Operation 154 'readreq' 'gmem_in_load_2_req' <Predicate = true> <Delay = 3.65> <CoreInst = "m_axi">   --->   Core 119 'm_axi' <Latency = 6> <II = 1> <Delay = 1.00> <Adapter> <Opcode : 'readrequnaligned' 'writerequnaligned' 'read' 'write' 'readreq' 'writereq' 'writeresp'>

State 16 <SV = 15> <Delay = 0.00>
ST_16 : Operation 155 [57/71] (3.65ns)   --->   "%gmem_in_load_req = readreq i1 @_ssdm_op_ReadReq.m_axi.i32P1A, i32 %gmem_in_addr, i64 1" [../src/grayscale.cpp:9->../src/canny_top.cpp:23]   --->   Operation 155 'readreq' 'gmem_in_load_req' <Predicate = true> <Delay = 3.65> <CoreInst = "m_axi">   --->   Core 119 'm_axi' <Latency = 6> <II = 1> <Delay = 1.00> <Adapter> <Opcode : 'readrequnaligned' 'writerequnaligned' 'read' 'write' 'readreq' 'writereq' 'writeresp'>
ST_16 : Operation 156 [58/71] (3.65ns)   --->   "%gmem_in_load_1_req = readreq i1 @_ssdm_op_ReadReq.m_axi.i32P1A, i32 %gmem_in_addr_1, i64 1" [../src/grayscale.cpp:9->../src/canny_top.cpp:23]   --->   Operation 156 'readreq' 'gmem_in_load_1_req' <Predicate = true> <Delay = 3.65> <CoreInst = "m_axi">   --->   Core 119 'm_axi' <Latency = 6> <II = 1> <Delay = 1.00> <Adapter> <Opcode : 'readrequnaligned' 'writerequnaligned' 'read' 'write' 'readreq' 'writereq' 'writeresp'>
ST_16 : Operation 157 [59/71] (3.65ns)   --->   "%gmem_in_load_2_req = readreq i1 @_ssdm_op_ReadReq.m_axi.i32P1A, i32 %gmem_in_addr_2, i64 1" [../src/grayscale.cpp:9->../src/canny_top.cpp:23]   --->   Operation 157 'readreq' 'gmem_in_load_2_req' <Predicate = true> <Delay = 3.65> <CoreInst = "m_axi">   --->   Core 119 'm_axi' <Latency = 6> <II = 1> <Delay = 1.00> <Adapter> <Opcode : 'readrequnaligned' 'writerequnaligned' 'read' 'write' 'readreq' 'writereq' 'writeresp'>

State 17 <SV = 16> <Delay = 0.00>
ST_17 : Operation 158 [56/71] (3.65ns)   --->   "%gmem_in_load_req = readreq i1 @_ssdm_op_ReadReq.m_axi.i32P1A, i32 %gmem_in_addr, i64 1" [../src/grayscale.cpp:9->../src/canny_top.cpp:23]   --->   Operation 158 'readreq' 'gmem_in_load_req' <Predicate = true> <Delay = 3.65> <CoreInst = "m_axi">   --->   Core 119 'm_axi' <Latency = 6> <II = 1> <Delay = 1.00> <Adapter> <Opcode : 'readrequnaligned' 'writerequnaligned' 'read' 'write' 'readreq' 'writereq' 'writeresp'>
ST_17 : Operation 159 [57/71] (3.65ns)   --->   "%gmem_in_load_1_req = readreq i1 @_ssdm_op_ReadReq.m_axi.i32P1A, i32 %gmem_in_addr_1, i64 1" [../src/grayscale.cpp:9->../src/canny_top.cpp:23]   --->   Operation 159 'readreq' 'gmem_in_load_1_req' <Predicate = true> <Delay = 3.65> <CoreInst = "m_axi">   --->   Core 119 'm_axi' <Latency = 6> <II = 1> <Delay = 1.00> <Adapter> <Opcode : 'readrequnaligned' 'writerequnaligned' 'read' 'write' 'readreq' 'writereq' 'writeresp'>
ST_17 : Operation 160 [58/71] (3.65ns)   --->   "%gmem_in_load_2_req = readreq i1 @_ssdm_op_ReadReq.m_axi.i32P1A, i32 %gmem_in_addr_2, i64 1" [../src/grayscale.cpp:9->../src/canny_top.cpp:23]   --->   Operation 160 'readreq' 'gmem_in_load_2_req' <Predicate = true> <Delay = 3.65> <CoreInst = "m_axi">   --->   Core 119 'm_axi' <Latency = 6> <II = 1> <Delay = 1.00> <Adapter> <Opcode : 'readrequnaligned' 'writerequnaligned' 'read' 'write' 'readreq' 'writereq' 'writeresp'>

State 18 <SV = 17> <Delay = 0.00>
ST_18 : Operation 161 [55/71] (3.65ns)   --->   "%gmem_in_load_req = readreq i1 @_ssdm_op_ReadReq.m_axi.i32P1A, i32 %gmem_in_addr, i64 1" [../src/grayscale.cpp:9->../src/canny_top.cpp:23]   --->   Operation 161 'readreq' 'gmem_in_load_req' <Predicate = true> <Delay = 3.65> <CoreInst = "m_axi">   --->   Core 119 'm_axi' <Latency = 6> <II = 1> <Delay = 1.00> <Adapter> <Opcode : 'readrequnaligned' 'writerequnaligned' 'read' 'write' 'readreq' 'writereq' 'writeresp'>
ST_18 : Operation 162 [56/71] (3.65ns)   --->   "%gmem_in_load_1_req = readreq i1 @_ssdm_op_ReadReq.m_axi.i32P1A, i32 %gmem_in_addr_1, i64 1" [../src/grayscale.cpp:9->../src/canny_top.cpp:23]   --->   Operation 162 'readreq' 'gmem_in_load_1_req' <Predicate = true> <Delay = 3.65> <CoreInst = "m_axi">   --->   Core 119 'm_axi' <Latency = 6> <II = 1> <Delay = 1.00> <Adapter> <Opcode : 'readrequnaligned' 'writerequnaligned' 'read' 'write' 'readreq' 'writereq' 'writeresp'>
ST_18 : Operation 163 [57/71] (3.65ns)   --->   "%gmem_in_load_2_req = readreq i1 @_ssdm_op_ReadReq.m_axi.i32P1A, i32 %gmem_in_addr_2, i64 1" [../src/grayscale.cpp:9->../src/canny_top.cpp:23]   --->   Operation 163 'readreq' 'gmem_in_load_2_req' <Predicate = true> <Delay = 3.65> <CoreInst = "m_axi">   --->   Core 119 'm_axi' <Latency = 6> <II = 1> <Delay = 1.00> <Adapter> <Opcode : 'readrequnaligned' 'writerequnaligned' 'read' 'write' 'readreq' 'writereq' 'writeresp'>

State 19 <SV = 18> <Delay = 0.00>
ST_19 : Operation 164 [54/71] (3.65ns)   --->   "%gmem_in_load_req = readreq i1 @_ssdm_op_ReadReq.m_axi.i32P1A, i32 %gmem_in_addr, i64 1" [../src/grayscale.cpp:9->../src/canny_top.cpp:23]   --->   Operation 164 'readreq' 'gmem_in_load_req' <Predicate = true> <Delay = 3.65> <CoreInst = "m_axi">   --->   Core 119 'm_axi' <Latency = 6> <II = 1> <Delay = 1.00> <Adapter> <Opcode : 'readrequnaligned' 'writerequnaligned' 'read' 'write' 'readreq' 'writereq' 'writeresp'>
ST_19 : Operation 165 [55/71] (3.65ns)   --->   "%gmem_in_load_1_req = readreq i1 @_ssdm_op_ReadReq.m_axi.i32P1A, i32 %gmem_in_addr_1, i64 1" [../src/grayscale.cpp:9->../src/canny_top.cpp:23]   --->   Operation 165 'readreq' 'gmem_in_load_1_req' <Predicate = true> <Delay = 3.65> <CoreInst = "m_axi">   --->   Core 119 'm_axi' <Latency = 6> <II = 1> <Delay = 1.00> <Adapter> <Opcode : 'readrequnaligned' 'writerequnaligned' 'read' 'write' 'readreq' 'writereq' 'writeresp'>
ST_19 : Operation 166 [56/71] (3.65ns)   --->   "%gmem_in_load_2_req = readreq i1 @_ssdm_op_ReadReq.m_axi.i32P1A, i32 %gmem_in_addr_2, i64 1" [../src/grayscale.cpp:9->../src/canny_top.cpp:23]   --->   Operation 166 'readreq' 'gmem_in_load_2_req' <Predicate = true> <Delay = 3.65> <CoreInst = "m_axi">   --->   Core 119 'm_axi' <Latency = 6> <II = 1> <Delay = 1.00> <Adapter> <Opcode : 'readrequnaligned' 'writerequnaligned' 'read' 'write' 'readreq' 'writereq' 'writeresp'>

State 20 <SV = 19> <Delay = 0.00>
ST_20 : Operation 167 [53/71] (3.65ns)   --->   "%gmem_in_load_req = readreq i1 @_ssdm_op_ReadReq.m_axi.i32P1A, i32 %gmem_in_addr, i64 1" [../src/grayscale.cpp:9->../src/canny_top.cpp:23]   --->   Operation 167 'readreq' 'gmem_in_load_req' <Predicate = true> <Delay = 3.65> <CoreInst = "m_axi">   --->   Core 119 'm_axi' <Latency = 6> <II = 1> <Delay = 1.00> <Adapter> <Opcode : 'readrequnaligned' 'writerequnaligned' 'read' 'write' 'readreq' 'writereq' 'writeresp'>
ST_20 : Operation 168 [54/71] (3.65ns)   --->   "%gmem_in_load_1_req = readreq i1 @_ssdm_op_ReadReq.m_axi.i32P1A, i32 %gmem_in_addr_1, i64 1" [../src/grayscale.cpp:9->../src/canny_top.cpp:23]   --->   Operation 168 'readreq' 'gmem_in_load_1_req' <Predicate = true> <Delay = 3.65> <CoreInst = "m_axi">   --->   Core 119 'm_axi' <Latency = 6> <II = 1> <Delay = 1.00> <Adapter> <Opcode : 'readrequnaligned' 'writerequnaligned' 'read' 'write' 'readreq' 'writereq' 'writeresp'>
ST_20 : Operation 169 [55/71] (3.65ns)   --->   "%gmem_in_load_2_req = readreq i1 @_ssdm_op_ReadReq.m_axi.i32P1A, i32 %gmem_in_addr_2, i64 1" [../src/grayscale.cpp:9->../src/canny_top.cpp:23]   --->   Operation 169 'readreq' 'gmem_in_load_2_req' <Predicate = true> <Delay = 3.65> <CoreInst = "m_axi">   --->   Core 119 'm_axi' <Latency = 6> <II = 1> <Delay = 1.00> <Adapter> <Opcode : 'readrequnaligned' 'writerequnaligned' 'read' 'write' 'readreq' 'writereq' 'writeresp'>

State 21 <SV = 20> <Delay = 0.00>
ST_21 : Operation 170 [52/71] (3.65ns)   --->   "%gmem_in_load_req = readreq i1 @_ssdm_op_ReadReq.m_axi.i32P1A, i32 %gmem_in_addr, i64 1" [../src/grayscale.cpp:9->../src/canny_top.cpp:23]   --->   Operation 170 'readreq' 'gmem_in_load_req' <Predicate = true> <Delay = 3.65> <CoreInst = "m_axi">   --->   Core 119 'm_axi' <Latency = 6> <II = 1> <Delay = 1.00> <Adapter> <Opcode : 'readrequnaligned' 'writerequnaligned' 'read' 'write' 'readreq' 'writereq' 'writeresp'>
ST_21 : Operation 171 [53/71] (3.65ns)   --->   "%gmem_in_load_1_req = readreq i1 @_ssdm_op_ReadReq.m_axi.i32P1A, i32 %gmem_in_addr_1, i64 1" [../src/grayscale.cpp:9->../src/canny_top.cpp:23]   --->   Operation 171 'readreq' 'gmem_in_load_1_req' <Predicate = true> <Delay = 3.65> <CoreInst = "m_axi">   --->   Core 119 'm_axi' <Latency = 6> <II = 1> <Delay = 1.00> <Adapter> <Opcode : 'readrequnaligned' 'writerequnaligned' 'read' 'write' 'readreq' 'writereq' 'writeresp'>
ST_21 : Operation 172 [54/71] (3.65ns)   --->   "%gmem_in_load_2_req = readreq i1 @_ssdm_op_ReadReq.m_axi.i32P1A, i32 %gmem_in_addr_2, i64 1" [../src/grayscale.cpp:9->../src/canny_top.cpp:23]   --->   Operation 172 'readreq' 'gmem_in_load_2_req' <Predicate = true> <Delay = 3.65> <CoreInst = "m_axi">   --->   Core 119 'm_axi' <Latency = 6> <II = 1> <Delay = 1.00> <Adapter> <Opcode : 'readrequnaligned' 'writerequnaligned' 'read' 'write' 'readreq' 'writereq' 'writeresp'>

State 22 <SV = 21> <Delay = 0.00>
ST_22 : Operation 173 [51/71] (3.65ns)   --->   "%gmem_in_load_req = readreq i1 @_ssdm_op_ReadReq.m_axi.i32P1A, i32 %gmem_in_addr, i64 1" [../src/grayscale.cpp:9->../src/canny_top.cpp:23]   --->   Operation 173 'readreq' 'gmem_in_load_req' <Predicate = true> <Delay = 3.65> <CoreInst = "m_axi">   --->   Core 119 'm_axi' <Latency = 6> <II = 1> <Delay = 1.00> <Adapter> <Opcode : 'readrequnaligned' 'writerequnaligned' 'read' 'write' 'readreq' 'writereq' 'writeresp'>
ST_22 : Operation 174 [52/71] (3.65ns)   --->   "%gmem_in_load_1_req = readreq i1 @_ssdm_op_ReadReq.m_axi.i32P1A, i32 %gmem_in_addr_1, i64 1" [../src/grayscale.cpp:9->../src/canny_top.cpp:23]   --->   Operation 174 'readreq' 'gmem_in_load_1_req' <Predicate = true> <Delay = 3.65> <CoreInst = "m_axi">   --->   Core 119 'm_axi' <Latency = 6> <II = 1> <Delay = 1.00> <Adapter> <Opcode : 'readrequnaligned' 'writerequnaligned' 'read' 'write' 'readreq' 'writereq' 'writeresp'>
ST_22 : Operation 175 [53/71] (3.65ns)   --->   "%gmem_in_load_2_req = readreq i1 @_ssdm_op_ReadReq.m_axi.i32P1A, i32 %gmem_in_addr_2, i64 1" [../src/grayscale.cpp:9->../src/canny_top.cpp:23]   --->   Operation 175 'readreq' 'gmem_in_load_2_req' <Predicate = true> <Delay = 3.65> <CoreInst = "m_axi">   --->   Core 119 'm_axi' <Latency = 6> <II = 1> <Delay = 1.00> <Adapter> <Opcode : 'readrequnaligned' 'writerequnaligned' 'read' 'write' 'readreq' 'writereq' 'writeresp'>

State 23 <SV = 22> <Delay = 0.00>
ST_23 : Operation 176 [50/71] (3.65ns)   --->   "%gmem_in_load_req = readreq i1 @_ssdm_op_ReadReq.m_axi.i32P1A, i32 %gmem_in_addr, i64 1" [../src/grayscale.cpp:9->../src/canny_top.cpp:23]   --->   Operation 176 'readreq' 'gmem_in_load_req' <Predicate = true> <Delay = 3.65> <CoreInst = "m_axi">   --->   Core 119 'm_axi' <Latency = 6> <II = 1> <Delay = 1.00> <Adapter> <Opcode : 'readrequnaligned' 'writerequnaligned' 'read' 'write' 'readreq' 'writereq' 'writeresp'>
ST_23 : Operation 177 [51/71] (3.65ns)   --->   "%gmem_in_load_1_req = readreq i1 @_ssdm_op_ReadReq.m_axi.i32P1A, i32 %gmem_in_addr_1, i64 1" [../src/grayscale.cpp:9->../src/canny_top.cpp:23]   --->   Operation 177 'readreq' 'gmem_in_load_1_req' <Predicate = true> <Delay = 3.65> <CoreInst = "m_axi">   --->   Core 119 'm_axi' <Latency = 6> <II = 1> <Delay = 1.00> <Adapter> <Opcode : 'readrequnaligned' 'writerequnaligned' 'read' 'write' 'readreq' 'writereq' 'writeresp'>
ST_23 : Operation 178 [52/71] (3.65ns)   --->   "%gmem_in_load_2_req = readreq i1 @_ssdm_op_ReadReq.m_axi.i32P1A, i32 %gmem_in_addr_2, i64 1" [../src/grayscale.cpp:9->../src/canny_top.cpp:23]   --->   Operation 178 'readreq' 'gmem_in_load_2_req' <Predicate = true> <Delay = 3.65> <CoreInst = "m_axi">   --->   Core 119 'm_axi' <Latency = 6> <II = 1> <Delay = 1.00> <Adapter> <Opcode : 'readrequnaligned' 'writerequnaligned' 'read' 'write' 'readreq' 'writereq' 'writeresp'>

State 24 <SV = 23> <Delay = 0.00>
ST_24 : Operation 179 [49/71] (3.65ns)   --->   "%gmem_in_load_req = readreq i1 @_ssdm_op_ReadReq.m_axi.i32P1A, i32 %gmem_in_addr, i64 1" [../src/grayscale.cpp:9->../src/canny_top.cpp:23]   --->   Operation 179 'readreq' 'gmem_in_load_req' <Predicate = true> <Delay = 3.65> <CoreInst = "m_axi">   --->   Core 119 'm_axi' <Latency = 6> <II = 1> <Delay = 1.00> <Adapter> <Opcode : 'readrequnaligned' 'writerequnaligned' 'read' 'write' 'readreq' 'writereq' 'writeresp'>
ST_24 : Operation 180 [50/71] (3.65ns)   --->   "%gmem_in_load_1_req = readreq i1 @_ssdm_op_ReadReq.m_axi.i32P1A, i32 %gmem_in_addr_1, i64 1" [../src/grayscale.cpp:9->../src/canny_top.cpp:23]   --->   Operation 180 'readreq' 'gmem_in_load_1_req' <Predicate = true> <Delay = 3.65> <CoreInst = "m_axi">   --->   Core 119 'm_axi' <Latency = 6> <II = 1> <Delay = 1.00> <Adapter> <Opcode : 'readrequnaligned' 'writerequnaligned' 'read' 'write' 'readreq' 'writereq' 'writeresp'>
ST_24 : Operation 181 [51/71] (3.65ns)   --->   "%gmem_in_load_2_req = readreq i1 @_ssdm_op_ReadReq.m_axi.i32P1A, i32 %gmem_in_addr_2, i64 1" [../src/grayscale.cpp:9->../src/canny_top.cpp:23]   --->   Operation 181 'readreq' 'gmem_in_load_2_req' <Predicate = true> <Delay = 3.65> <CoreInst = "m_axi">   --->   Core 119 'm_axi' <Latency = 6> <II = 1> <Delay = 1.00> <Adapter> <Opcode : 'readrequnaligned' 'writerequnaligned' 'read' 'write' 'readreq' 'writereq' 'writeresp'>

State 25 <SV = 24> <Delay = 0.00>
ST_25 : Operation 182 [48/71] (3.65ns)   --->   "%gmem_in_load_req = readreq i1 @_ssdm_op_ReadReq.m_axi.i32P1A, i32 %gmem_in_addr, i64 1" [../src/grayscale.cpp:9->../src/canny_top.cpp:23]   --->   Operation 182 'readreq' 'gmem_in_load_req' <Predicate = true> <Delay = 3.65> <CoreInst = "m_axi">   --->   Core 119 'm_axi' <Latency = 6> <II = 1> <Delay = 1.00> <Adapter> <Opcode : 'readrequnaligned' 'writerequnaligned' 'read' 'write' 'readreq' 'writereq' 'writeresp'>
ST_25 : Operation 183 [49/71] (3.65ns)   --->   "%gmem_in_load_1_req = readreq i1 @_ssdm_op_ReadReq.m_axi.i32P1A, i32 %gmem_in_addr_1, i64 1" [../src/grayscale.cpp:9->../src/canny_top.cpp:23]   --->   Operation 183 'readreq' 'gmem_in_load_1_req' <Predicate = true> <Delay = 3.65> <CoreInst = "m_axi">   --->   Core 119 'm_axi' <Latency = 6> <II = 1> <Delay = 1.00> <Adapter> <Opcode : 'readrequnaligned' 'writerequnaligned' 'read' 'write' 'readreq' 'writereq' 'writeresp'>
ST_25 : Operation 184 [50/71] (3.65ns)   --->   "%gmem_in_load_2_req = readreq i1 @_ssdm_op_ReadReq.m_axi.i32P1A, i32 %gmem_in_addr_2, i64 1" [../src/grayscale.cpp:9->../src/canny_top.cpp:23]   --->   Operation 184 'readreq' 'gmem_in_load_2_req' <Predicate = true> <Delay = 3.65> <CoreInst = "m_axi">   --->   Core 119 'm_axi' <Latency = 6> <II = 1> <Delay = 1.00> <Adapter> <Opcode : 'readrequnaligned' 'writerequnaligned' 'read' 'write' 'readreq' 'writereq' 'writeresp'>

State 26 <SV = 25> <Delay = 0.00>
ST_26 : Operation 185 [47/71] (3.65ns)   --->   "%gmem_in_load_req = readreq i1 @_ssdm_op_ReadReq.m_axi.i32P1A, i32 %gmem_in_addr, i64 1" [../src/grayscale.cpp:9->../src/canny_top.cpp:23]   --->   Operation 185 'readreq' 'gmem_in_load_req' <Predicate = true> <Delay = 3.65> <CoreInst = "m_axi">   --->   Core 119 'm_axi' <Latency = 6> <II = 1> <Delay = 1.00> <Adapter> <Opcode : 'readrequnaligned' 'writerequnaligned' 'read' 'write' 'readreq' 'writereq' 'writeresp'>
ST_26 : Operation 186 [48/71] (3.65ns)   --->   "%gmem_in_load_1_req = readreq i1 @_ssdm_op_ReadReq.m_axi.i32P1A, i32 %gmem_in_addr_1, i64 1" [../src/grayscale.cpp:9->../src/canny_top.cpp:23]   --->   Operation 186 'readreq' 'gmem_in_load_1_req' <Predicate = true> <Delay = 3.65> <CoreInst = "m_axi">   --->   Core 119 'm_axi' <Latency = 6> <II = 1> <Delay = 1.00> <Adapter> <Opcode : 'readrequnaligned' 'writerequnaligned' 'read' 'write' 'readreq' 'writereq' 'writeresp'>
ST_26 : Operation 187 [49/71] (3.65ns)   --->   "%gmem_in_load_2_req = readreq i1 @_ssdm_op_ReadReq.m_axi.i32P1A, i32 %gmem_in_addr_2, i64 1" [../src/grayscale.cpp:9->../src/canny_top.cpp:23]   --->   Operation 187 'readreq' 'gmem_in_load_2_req' <Predicate = true> <Delay = 3.65> <CoreInst = "m_axi">   --->   Core 119 'm_axi' <Latency = 6> <II = 1> <Delay = 1.00> <Adapter> <Opcode : 'readrequnaligned' 'writerequnaligned' 'read' 'write' 'readreq' 'writereq' 'writeresp'>

State 27 <SV = 26> <Delay = 0.00>
ST_27 : Operation 188 [46/71] (3.65ns)   --->   "%gmem_in_load_req = readreq i1 @_ssdm_op_ReadReq.m_axi.i32P1A, i32 %gmem_in_addr, i64 1" [../src/grayscale.cpp:9->../src/canny_top.cpp:23]   --->   Operation 188 'readreq' 'gmem_in_load_req' <Predicate = true> <Delay = 3.65> <CoreInst = "m_axi">   --->   Core 119 'm_axi' <Latency = 6> <II = 1> <Delay = 1.00> <Adapter> <Opcode : 'readrequnaligned' 'writerequnaligned' 'read' 'write' 'readreq' 'writereq' 'writeresp'>
ST_27 : Operation 189 [47/71] (3.65ns)   --->   "%gmem_in_load_1_req = readreq i1 @_ssdm_op_ReadReq.m_axi.i32P1A, i32 %gmem_in_addr_1, i64 1" [../src/grayscale.cpp:9->../src/canny_top.cpp:23]   --->   Operation 189 'readreq' 'gmem_in_load_1_req' <Predicate = true> <Delay = 3.65> <CoreInst = "m_axi">   --->   Core 119 'm_axi' <Latency = 6> <II = 1> <Delay = 1.00> <Adapter> <Opcode : 'readrequnaligned' 'writerequnaligned' 'read' 'write' 'readreq' 'writereq' 'writeresp'>
ST_27 : Operation 190 [48/71] (3.65ns)   --->   "%gmem_in_load_2_req = readreq i1 @_ssdm_op_ReadReq.m_axi.i32P1A, i32 %gmem_in_addr_2, i64 1" [../src/grayscale.cpp:9->../src/canny_top.cpp:23]   --->   Operation 190 'readreq' 'gmem_in_load_2_req' <Predicate = true> <Delay = 3.65> <CoreInst = "m_axi">   --->   Core 119 'm_axi' <Latency = 6> <II = 1> <Delay = 1.00> <Adapter> <Opcode : 'readrequnaligned' 'writerequnaligned' 'read' 'write' 'readreq' 'writereq' 'writeresp'>

State 28 <SV = 27> <Delay = 0.00>
ST_28 : Operation 191 [45/71] (3.65ns)   --->   "%gmem_in_load_req = readreq i1 @_ssdm_op_ReadReq.m_axi.i32P1A, i32 %gmem_in_addr, i64 1" [../src/grayscale.cpp:9->../src/canny_top.cpp:23]   --->   Operation 191 'readreq' 'gmem_in_load_req' <Predicate = true> <Delay = 3.65> <CoreInst = "m_axi">   --->   Core 119 'm_axi' <Latency = 6> <II = 1> <Delay = 1.00> <Adapter> <Opcode : 'readrequnaligned' 'writerequnaligned' 'read' 'write' 'readreq' 'writereq' 'writeresp'>
ST_28 : Operation 192 [46/71] (3.65ns)   --->   "%gmem_in_load_1_req = readreq i1 @_ssdm_op_ReadReq.m_axi.i32P1A, i32 %gmem_in_addr_1, i64 1" [../src/grayscale.cpp:9->../src/canny_top.cpp:23]   --->   Operation 192 'readreq' 'gmem_in_load_1_req' <Predicate = true> <Delay = 3.65> <CoreInst = "m_axi">   --->   Core 119 'm_axi' <Latency = 6> <II = 1> <Delay = 1.00> <Adapter> <Opcode : 'readrequnaligned' 'writerequnaligned' 'read' 'write' 'readreq' 'writereq' 'writeresp'>
ST_28 : Operation 193 [47/71] (3.65ns)   --->   "%gmem_in_load_2_req = readreq i1 @_ssdm_op_ReadReq.m_axi.i32P1A, i32 %gmem_in_addr_2, i64 1" [../src/grayscale.cpp:9->../src/canny_top.cpp:23]   --->   Operation 193 'readreq' 'gmem_in_load_2_req' <Predicate = true> <Delay = 3.65> <CoreInst = "m_axi">   --->   Core 119 'm_axi' <Latency = 6> <II = 1> <Delay = 1.00> <Adapter> <Opcode : 'readrequnaligned' 'writerequnaligned' 'read' 'write' 'readreq' 'writereq' 'writeresp'>

State 29 <SV = 28> <Delay = 0.00>
ST_29 : Operation 194 [44/71] (3.65ns)   --->   "%gmem_in_load_req = readreq i1 @_ssdm_op_ReadReq.m_axi.i32P1A, i32 %gmem_in_addr, i64 1" [../src/grayscale.cpp:9->../src/canny_top.cpp:23]   --->   Operation 194 'readreq' 'gmem_in_load_req' <Predicate = true> <Delay = 3.65> <CoreInst = "m_axi">   --->   Core 119 'm_axi' <Latency = 6> <II = 1> <Delay = 1.00> <Adapter> <Opcode : 'readrequnaligned' 'writerequnaligned' 'read' 'write' 'readreq' 'writereq' 'writeresp'>
ST_29 : Operation 195 [45/71] (3.65ns)   --->   "%gmem_in_load_1_req = readreq i1 @_ssdm_op_ReadReq.m_axi.i32P1A, i32 %gmem_in_addr_1, i64 1" [../src/grayscale.cpp:9->../src/canny_top.cpp:23]   --->   Operation 195 'readreq' 'gmem_in_load_1_req' <Predicate = true> <Delay = 3.65> <CoreInst = "m_axi">   --->   Core 119 'm_axi' <Latency = 6> <II = 1> <Delay = 1.00> <Adapter> <Opcode : 'readrequnaligned' 'writerequnaligned' 'read' 'write' 'readreq' 'writereq' 'writeresp'>
ST_29 : Operation 196 [46/71] (3.65ns)   --->   "%gmem_in_load_2_req = readreq i1 @_ssdm_op_ReadReq.m_axi.i32P1A, i32 %gmem_in_addr_2, i64 1" [../src/grayscale.cpp:9->../src/canny_top.cpp:23]   --->   Operation 196 'readreq' 'gmem_in_load_2_req' <Predicate = true> <Delay = 3.65> <CoreInst = "m_axi">   --->   Core 119 'm_axi' <Latency = 6> <II = 1> <Delay = 1.00> <Adapter> <Opcode : 'readrequnaligned' 'writerequnaligned' 'read' 'write' 'readreq' 'writereq' 'writeresp'>

State 30 <SV = 29> <Delay = 0.00>
ST_30 : Operation 197 [43/71] (3.65ns)   --->   "%gmem_in_load_req = readreq i1 @_ssdm_op_ReadReq.m_axi.i32P1A, i32 %gmem_in_addr, i64 1" [../src/grayscale.cpp:9->../src/canny_top.cpp:23]   --->   Operation 197 'readreq' 'gmem_in_load_req' <Predicate = true> <Delay = 3.65> <CoreInst = "m_axi">   --->   Core 119 'm_axi' <Latency = 6> <II = 1> <Delay = 1.00> <Adapter> <Opcode : 'readrequnaligned' 'writerequnaligned' 'read' 'write' 'readreq' 'writereq' 'writeresp'>
ST_30 : Operation 198 [44/71] (3.65ns)   --->   "%gmem_in_load_1_req = readreq i1 @_ssdm_op_ReadReq.m_axi.i32P1A, i32 %gmem_in_addr_1, i64 1" [../src/grayscale.cpp:9->../src/canny_top.cpp:23]   --->   Operation 198 'readreq' 'gmem_in_load_1_req' <Predicate = true> <Delay = 3.65> <CoreInst = "m_axi">   --->   Core 119 'm_axi' <Latency = 6> <II = 1> <Delay = 1.00> <Adapter> <Opcode : 'readrequnaligned' 'writerequnaligned' 'read' 'write' 'readreq' 'writereq' 'writeresp'>
ST_30 : Operation 199 [45/71] (3.65ns)   --->   "%gmem_in_load_2_req = readreq i1 @_ssdm_op_ReadReq.m_axi.i32P1A, i32 %gmem_in_addr_2, i64 1" [../src/grayscale.cpp:9->../src/canny_top.cpp:23]   --->   Operation 199 'readreq' 'gmem_in_load_2_req' <Predicate = true> <Delay = 3.65> <CoreInst = "m_axi">   --->   Core 119 'm_axi' <Latency = 6> <II = 1> <Delay = 1.00> <Adapter> <Opcode : 'readrequnaligned' 'writerequnaligned' 'read' 'write' 'readreq' 'writereq' 'writeresp'>

State 31 <SV = 30> <Delay = 0.00>
ST_31 : Operation 200 [42/71] (3.65ns)   --->   "%gmem_in_load_req = readreq i1 @_ssdm_op_ReadReq.m_axi.i32P1A, i32 %gmem_in_addr, i64 1" [../src/grayscale.cpp:9->../src/canny_top.cpp:23]   --->   Operation 200 'readreq' 'gmem_in_load_req' <Predicate = true> <Delay = 3.65> <CoreInst = "m_axi">   --->   Core 119 'm_axi' <Latency = 6> <II = 1> <Delay = 1.00> <Adapter> <Opcode : 'readrequnaligned' 'writerequnaligned' 'read' 'write' 'readreq' 'writereq' 'writeresp'>
ST_31 : Operation 201 [43/71] (3.65ns)   --->   "%gmem_in_load_1_req = readreq i1 @_ssdm_op_ReadReq.m_axi.i32P1A, i32 %gmem_in_addr_1, i64 1" [../src/grayscale.cpp:9->../src/canny_top.cpp:23]   --->   Operation 201 'readreq' 'gmem_in_load_1_req' <Predicate = true> <Delay = 3.65> <CoreInst = "m_axi">   --->   Core 119 'm_axi' <Latency = 6> <II = 1> <Delay = 1.00> <Adapter> <Opcode : 'readrequnaligned' 'writerequnaligned' 'read' 'write' 'readreq' 'writereq' 'writeresp'>
ST_31 : Operation 202 [44/71] (3.65ns)   --->   "%gmem_in_load_2_req = readreq i1 @_ssdm_op_ReadReq.m_axi.i32P1A, i32 %gmem_in_addr_2, i64 1" [../src/grayscale.cpp:9->../src/canny_top.cpp:23]   --->   Operation 202 'readreq' 'gmem_in_load_2_req' <Predicate = true> <Delay = 3.65> <CoreInst = "m_axi">   --->   Core 119 'm_axi' <Latency = 6> <II = 1> <Delay = 1.00> <Adapter> <Opcode : 'readrequnaligned' 'writerequnaligned' 'read' 'write' 'readreq' 'writereq' 'writeresp'>

State 32 <SV = 31> <Delay = 0.00>
ST_32 : Operation 203 [41/71] (3.65ns)   --->   "%gmem_in_load_req = readreq i1 @_ssdm_op_ReadReq.m_axi.i32P1A, i32 %gmem_in_addr, i64 1" [../src/grayscale.cpp:9->../src/canny_top.cpp:23]   --->   Operation 203 'readreq' 'gmem_in_load_req' <Predicate = true> <Delay = 3.65> <CoreInst = "m_axi">   --->   Core 119 'm_axi' <Latency = 6> <II = 1> <Delay = 1.00> <Adapter> <Opcode : 'readrequnaligned' 'writerequnaligned' 'read' 'write' 'readreq' 'writereq' 'writeresp'>
ST_32 : Operation 204 [42/71] (3.65ns)   --->   "%gmem_in_load_1_req = readreq i1 @_ssdm_op_ReadReq.m_axi.i32P1A, i32 %gmem_in_addr_1, i64 1" [../src/grayscale.cpp:9->../src/canny_top.cpp:23]   --->   Operation 204 'readreq' 'gmem_in_load_1_req' <Predicate = true> <Delay = 3.65> <CoreInst = "m_axi">   --->   Core 119 'm_axi' <Latency = 6> <II = 1> <Delay = 1.00> <Adapter> <Opcode : 'readrequnaligned' 'writerequnaligned' 'read' 'write' 'readreq' 'writereq' 'writeresp'>
ST_32 : Operation 205 [43/71] (3.65ns)   --->   "%gmem_in_load_2_req = readreq i1 @_ssdm_op_ReadReq.m_axi.i32P1A, i32 %gmem_in_addr_2, i64 1" [../src/grayscale.cpp:9->../src/canny_top.cpp:23]   --->   Operation 205 'readreq' 'gmem_in_load_2_req' <Predicate = true> <Delay = 3.65> <CoreInst = "m_axi">   --->   Core 119 'm_axi' <Latency = 6> <II = 1> <Delay = 1.00> <Adapter> <Opcode : 'readrequnaligned' 'writerequnaligned' 'read' 'write' 'readreq' 'writereq' 'writeresp'>

State 33 <SV = 32> <Delay = 0.00>
ST_33 : Operation 206 [40/71] (3.65ns)   --->   "%gmem_in_load_req = readreq i1 @_ssdm_op_ReadReq.m_axi.i32P1A, i32 %gmem_in_addr, i64 1" [../src/grayscale.cpp:9->../src/canny_top.cpp:23]   --->   Operation 206 'readreq' 'gmem_in_load_req' <Predicate = true> <Delay = 3.65> <CoreInst = "m_axi">   --->   Core 119 'm_axi' <Latency = 6> <II = 1> <Delay = 1.00> <Adapter> <Opcode : 'readrequnaligned' 'writerequnaligned' 'read' 'write' 'readreq' 'writereq' 'writeresp'>
ST_33 : Operation 207 [41/71] (3.65ns)   --->   "%gmem_in_load_1_req = readreq i1 @_ssdm_op_ReadReq.m_axi.i32P1A, i32 %gmem_in_addr_1, i64 1" [../src/grayscale.cpp:9->../src/canny_top.cpp:23]   --->   Operation 207 'readreq' 'gmem_in_load_1_req' <Predicate = true> <Delay = 3.65> <CoreInst = "m_axi">   --->   Core 119 'm_axi' <Latency = 6> <II = 1> <Delay = 1.00> <Adapter> <Opcode : 'readrequnaligned' 'writerequnaligned' 'read' 'write' 'readreq' 'writereq' 'writeresp'>
ST_33 : Operation 208 [42/71] (3.65ns)   --->   "%gmem_in_load_2_req = readreq i1 @_ssdm_op_ReadReq.m_axi.i32P1A, i32 %gmem_in_addr_2, i64 1" [../src/grayscale.cpp:9->../src/canny_top.cpp:23]   --->   Operation 208 'readreq' 'gmem_in_load_2_req' <Predicate = true> <Delay = 3.65> <CoreInst = "m_axi">   --->   Core 119 'm_axi' <Latency = 6> <II = 1> <Delay = 1.00> <Adapter> <Opcode : 'readrequnaligned' 'writerequnaligned' 'read' 'write' 'readreq' 'writereq' 'writeresp'>

State 34 <SV = 33> <Delay = 0.00>
ST_34 : Operation 209 [39/71] (3.65ns)   --->   "%gmem_in_load_req = readreq i1 @_ssdm_op_ReadReq.m_axi.i32P1A, i32 %gmem_in_addr, i64 1" [../src/grayscale.cpp:9->../src/canny_top.cpp:23]   --->   Operation 209 'readreq' 'gmem_in_load_req' <Predicate = true> <Delay = 3.65> <CoreInst = "m_axi">   --->   Core 119 'm_axi' <Latency = 6> <II = 1> <Delay = 1.00> <Adapter> <Opcode : 'readrequnaligned' 'writerequnaligned' 'read' 'write' 'readreq' 'writereq' 'writeresp'>
ST_34 : Operation 210 [40/71] (3.65ns)   --->   "%gmem_in_load_1_req = readreq i1 @_ssdm_op_ReadReq.m_axi.i32P1A, i32 %gmem_in_addr_1, i64 1" [../src/grayscale.cpp:9->../src/canny_top.cpp:23]   --->   Operation 210 'readreq' 'gmem_in_load_1_req' <Predicate = true> <Delay = 3.65> <CoreInst = "m_axi">   --->   Core 119 'm_axi' <Latency = 6> <II = 1> <Delay = 1.00> <Adapter> <Opcode : 'readrequnaligned' 'writerequnaligned' 'read' 'write' 'readreq' 'writereq' 'writeresp'>
ST_34 : Operation 211 [41/71] (3.65ns)   --->   "%gmem_in_load_2_req = readreq i1 @_ssdm_op_ReadReq.m_axi.i32P1A, i32 %gmem_in_addr_2, i64 1" [../src/grayscale.cpp:9->../src/canny_top.cpp:23]   --->   Operation 211 'readreq' 'gmem_in_load_2_req' <Predicate = true> <Delay = 3.65> <CoreInst = "m_axi">   --->   Core 119 'm_axi' <Latency = 6> <II = 1> <Delay = 1.00> <Adapter> <Opcode : 'readrequnaligned' 'writerequnaligned' 'read' 'write' 'readreq' 'writereq' 'writeresp'>

State 35 <SV = 34> <Delay = 0.00>
ST_35 : Operation 212 [38/71] (3.65ns)   --->   "%gmem_in_load_req = readreq i1 @_ssdm_op_ReadReq.m_axi.i32P1A, i32 %gmem_in_addr, i64 1" [../src/grayscale.cpp:9->../src/canny_top.cpp:23]   --->   Operation 212 'readreq' 'gmem_in_load_req' <Predicate = true> <Delay = 3.65> <CoreInst = "m_axi">   --->   Core 119 'm_axi' <Latency = 6> <II = 1> <Delay = 1.00> <Adapter> <Opcode : 'readrequnaligned' 'writerequnaligned' 'read' 'write' 'readreq' 'writereq' 'writeresp'>
ST_35 : Operation 213 [39/71] (3.65ns)   --->   "%gmem_in_load_1_req = readreq i1 @_ssdm_op_ReadReq.m_axi.i32P1A, i32 %gmem_in_addr_1, i64 1" [../src/grayscale.cpp:9->../src/canny_top.cpp:23]   --->   Operation 213 'readreq' 'gmem_in_load_1_req' <Predicate = true> <Delay = 3.65> <CoreInst = "m_axi">   --->   Core 119 'm_axi' <Latency = 6> <II = 1> <Delay = 1.00> <Adapter> <Opcode : 'readrequnaligned' 'writerequnaligned' 'read' 'write' 'readreq' 'writereq' 'writeresp'>
ST_35 : Operation 214 [40/71] (3.65ns)   --->   "%gmem_in_load_2_req = readreq i1 @_ssdm_op_ReadReq.m_axi.i32P1A, i32 %gmem_in_addr_2, i64 1" [../src/grayscale.cpp:9->../src/canny_top.cpp:23]   --->   Operation 214 'readreq' 'gmem_in_load_2_req' <Predicate = true> <Delay = 3.65> <CoreInst = "m_axi">   --->   Core 119 'm_axi' <Latency = 6> <II = 1> <Delay = 1.00> <Adapter> <Opcode : 'readrequnaligned' 'writerequnaligned' 'read' 'write' 'readreq' 'writereq' 'writeresp'>

State 36 <SV = 35> <Delay = 0.00>
ST_36 : Operation 215 [37/71] (3.65ns)   --->   "%gmem_in_load_req = readreq i1 @_ssdm_op_ReadReq.m_axi.i32P1A, i32 %gmem_in_addr, i64 1" [../src/grayscale.cpp:9->../src/canny_top.cpp:23]   --->   Operation 215 'readreq' 'gmem_in_load_req' <Predicate = true> <Delay = 3.65> <CoreInst = "m_axi">   --->   Core 119 'm_axi' <Latency = 6> <II = 1> <Delay = 1.00> <Adapter> <Opcode : 'readrequnaligned' 'writerequnaligned' 'read' 'write' 'readreq' 'writereq' 'writeresp'>
ST_36 : Operation 216 [38/71] (3.65ns)   --->   "%gmem_in_load_1_req = readreq i1 @_ssdm_op_ReadReq.m_axi.i32P1A, i32 %gmem_in_addr_1, i64 1" [../src/grayscale.cpp:9->../src/canny_top.cpp:23]   --->   Operation 216 'readreq' 'gmem_in_load_1_req' <Predicate = true> <Delay = 3.65> <CoreInst = "m_axi">   --->   Core 119 'm_axi' <Latency = 6> <II = 1> <Delay = 1.00> <Adapter> <Opcode : 'readrequnaligned' 'writerequnaligned' 'read' 'write' 'readreq' 'writereq' 'writeresp'>
ST_36 : Operation 217 [39/71] (3.65ns)   --->   "%gmem_in_load_2_req = readreq i1 @_ssdm_op_ReadReq.m_axi.i32P1A, i32 %gmem_in_addr_2, i64 1" [../src/grayscale.cpp:9->../src/canny_top.cpp:23]   --->   Operation 217 'readreq' 'gmem_in_load_2_req' <Predicate = true> <Delay = 3.65> <CoreInst = "m_axi">   --->   Core 119 'm_axi' <Latency = 6> <II = 1> <Delay = 1.00> <Adapter> <Opcode : 'readrequnaligned' 'writerequnaligned' 'read' 'write' 'readreq' 'writereq' 'writeresp'>

State 37 <SV = 36> <Delay = 0.00>
ST_37 : Operation 218 [36/71] (3.65ns)   --->   "%gmem_in_load_req = readreq i1 @_ssdm_op_ReadReq.m_axi.i32P1A, i32 %gmem_in_addr, i64 1" [../src/grayscale.cpp:9->../src/canny_top.cpp:23]   --->   Operation 218 'readreq' 'gmem_in_load_req' <Predicate = true> <Delay = 3.65> <CoreInst = "m_axi">   --->   Core 119 'm_axi' <Latency = 6> <II = 1> <Delay = 1.00> <Adapter> <Opcode : 'readrequnaligned' 'writerequnaligned' 'read' 'write' 'readreq' 'writereq' 'writeresp'>
ST_37 : Operation 219 [37/71] (3.65ns)   --->   "%gmem_in_load_1_req = readreq i1 @_ssdm_op_ReadReq.m_axi.i32P1A, i32 %gmem_in_addr_1, i64 1" [../src/grayscale.cpp:9->../src/canny_top.cpp:23]   --->   Operation 219 'readreq' 'gmem_in_load_1_req' <Predicate = true> <Delay = 3.65> <CoreInst = "m_axi">   --->   Core 119 'm_axi' <Latency = 6> <II = 1> <Delay = 1.00> <Adapter> <Opcode : 'readrequnaligned' 'writerequnaligned' 'read' 'write' 'readreq' 'writereq' 'writeresp'>
ST_37 : Operation 220 [38/71] (3.65ns)   --->   "%gmem_in_load_2_req = readreq i1 @_ssdm_op_ReadReq.m_axi.i32P1A, i32 %gmem_in_addr_2, i64 1" [../src/grayscale.cpp:9->../src/canny_top.cpp:23]   --->   Operation 220 'readreq' 'gmem_in_load_2_req' <Predicate = true> <Delay = 3.65> <CoreInst = "m_axi">   --->   Core 119 'm_axi' <Latency = 6> <II = 1> <Delay = 1.00> <Adapter> <Opcode : 'readrequnaligned' 'writerequnaligned' 'read' 'write' 'readreq' 'writereq' 'writeresp'>

State 38 <SV = 37> <Delay = 0.00>
ST_38 : Operation 221 [35/71] (3.65ns)   --->   "%gmem_in_load_req = readreq i1 @_ssdm_op_ReadReq.m_axi.i32P1A, i32 %gmem_in_addr, i64 1" [../src/grayscale.cpp:9->../src/canny_top.cpp:23]   --->   Operation 221 'readreq' 'gmem_in_load_req' <Predicate = true> <Delay = 3.65> <CoreInst = "m_axi">   --->   Core 119 'm_axi' <Latency = 6> <II = 1> <Delay = 1.00> <Adapter> <Opcode : 'readrequnaligned' 'writerequnaligned' 'read' 'write' 'readreq' 'writereq' 'writeresp'>
ST_38 : Operation 222 [36/71] (3.65ns)   --->   "%gmem_in_load_1_req = readreq i1 @_ssdm_op_ReadReq.m_axi.i32P1A, i32 %gmem_in_addr_1, i64 1" [../src/grayscale.cpp:9->../src/canny_top.cpp:23]   --->   Operation 222 'readreq' 'gmem_in_load_1_req' <Predicate = true> <Delay = 3.65> <CoreInst = "m_axi">   --->   Core 119 'm_axi' <Latency = 6> <II = 1> <Delay = 1.00> <Adapter> <Opcode : 'readrequnaligned' 'writerequnaligned' 'read' 'write' 'readreq' 'writereq' 'writeresp'>
ST_38 : Operation 223 [37/71] (3.65ns)   --->   "%gmem_in_load_2_req = readreq i1 @_ssdm_op_ReadReq.m_axi.i32P1A, i32 %gmem_in_addr_2, i64 1" [../src/grayscale.cpp:9->../src/canny_top.cpp:23]   --->   Operation 223 'readreq' 'gmem_in_load_2_req' <Predicate = true> <Delay = 3.65> <CoreInst = "m_axi">   --->   Core 119 'm_axi' <Latency = 6> <II = 1> <Delay = 1.00> <Adapter> <Opcode : 'readrequnaligned' 'writerequnaligned' 'read' 'write' 'readreq' 'writereq' 'writeresp'>

State 39 <SV = 38> <Delay = 0.00>
ST_39 : Operation 224 [34/71] (3.65ns)   --->   "%gmem_in_load_req = readreq i1 @_ssdm_op_ReadReq.m_axi.i32P1A, i32 %gmem_in_addr, i64 1" [../src/grayscale.cpp:9->../src/canny_top.cpp:23]   --->   Operation 224 'readreq' 'gmem_in_load_req' <Predicate = true> <Delay = 3.65> <CoreInst = "m_axi">   --->   Core 119 'm_axi' <Latency = 6> <II = 1> <Delay = 1.00> <Adapter> <Opcode : 'readrequnaligned' 'writerequnaligned' 'read' 'write' 'readreq' 'writereq' 'writeresp'>
ST_39 : Operation 225 [35/71] (3.65ns)   --->   "%gmem_in_load_1_req = readreq i1 @_ssdm_op_ReadReq.m_axi.i32P1A, i32 %gmem_in_addr_1, i64 1" [../src/grayscale.cpp:9->../src/canny_top.cpp:23]   --->   Operation 225 'readreq' 'gmem_in_load_1_req' <Predicate = true> <Delay = 3.65> <CoreInst = "m_axi">   --->   Core 119 'm_axi' <Latency = 6> <II = 1> <Delay = 1.00> <Adapter> <Opcode : 'readrequnaligned' 'writerequnaligned' 'read' 'write' 'readreq' 'writereq' 'writeresp'>
ST_39 : Operation 226 [36/71] (3.65ns)   --->   "%gmem_in_load_2_req = readreq i1 @_ssdm_op_ReadReq.m_axi.i32P1A, i32 %gmem_in_addr_2, i64 1" [../src/grayscale.cpp:9->../src/canny_top.cpp:23]   --->   Operation 226 'readreq' 'gmem_in_load_2_req' <Predicate = true> <Delay = 3.65> <CoreInst = "m_axi">   --->   Core 119 'm_axi' <Latency = 6> <II = 1> <Delay = 1.00> <Adapter> <Opcode : 'readrequnaligned' 'writerequnaligned' 'read' 'write' 'readreq' 'writereq' 'writeresp'>

State 40 <SV = 39> <Delay = 0.00>
ST_40 : Operation 227 [33/71] (3.65ns)   --->   "%gmem_in_load_req = readreq i1 @_ssdm_op_ReadReq.m_axi.i32P1A, i32 %gmem_in_addr, i64 1" [../src/grayscale.cpp:9->../src/canny_top.cpp:23]   --->   Operation 227 'readreq' 'gmem_in_load_req' <Predicate = true> <Delay = 3.65> <CoreInst = "m_axi">   --->   Core 119 'm_axi' <Latency = 6> <II = 1> <Delay = 1.00> <Adapter> <Opcode : 'readrequnaligned' 'writerequnaligned' 'read' 'write' 'readreq' 'writereq' 'writeresp'>
ST_40 : Operation 228 [34/71] (3.65ns)   --->   "%gmem_in_load_1_req = readreq i1 @_ssdm_op_ReadReq.m_axi.i32P1A, i32 %gmem_in_addr_1, i64 1" [../src/grayscale.cpp:9->../src/canny_top.cpp:23]   --->   Operation 228 'readreq' 'gmem_in_load_1_req' <Predicate = true> <Delay = 3.65> <CoreInst = "m_axi">   --->   Core 119 'm_axi' <Latency = 6> <II = 1> <Delay = 1.00> <Adapter> <Opcode : 'readrequnaligned' 'writerequnaligned' 'read' 'write' 'readreq' 'writereq' 'writeresp'>
ST_40 : Operation 229 [35/71] (3.65ns)   --->   "%gmem_in_load_2_req = readreq i1 @_ssdm_op_ReadReq.m_axi.i32P1A, i32 %gmem_in_addr_2, i64 1" [../src/grayscale.cpp:9->../src/canny_top.cpp:23]   --->   Operation 229 'readreq' 'gmem_in_load_2_req' <Predicate = true> <Delay = 3.65> <CoreInst = "m_axi">   --->   Core 119 'm_axi' <Latency = 6> <II = 1> <Delay = 1.00> <Adapter> <Opcode : 'readrequnaligned' 'writerequnaligned' 'read' 'write' 'readreq' 'writereq' 'writeresp'>

State 41 <SV = 40> <Delay = 0.00>
ST_41 : Operation 230 [32/71] (3.65ns)   --->   "%gmem_in_load_req = readreq i1 @_ssdm_op_ReadReq.m_axi.i32P1A, i32 %gmem_in_addr, i64 1" [../src/grayscale.cpp:9->../src/canny_top.cpp:23]   --->   Operation 230 'readreq' 'gmem_in_load_req' <Predicate = true> <Delay = 3.65> <CoreInst = "m_axi">   --->   Core 119 'm_axi' <Latency = 6> <II = 1> <Delay = 1.00> <Adapter> <Opcode : 'readrequnaligned' 'writerequnaligned' 'read' 'write' 'readreq' 'writereq' 'writeresp'>
ST_41 : Operation 231 [33/71] (3.65ns)   --->   "%gmem_in_load_1_req = readreq i1 @_ssdm_op_ReadReq.m_axi.i32P1A, i32 %gmem_in_addr_1, i64 1" [../src/grayscale.cpp:9->../src/canny_top.cpp:23]   --->   Operation 231 'readreq' 'gmem_in_load_1_req' <Predicate = true> <Delay = 3.65> <CoreInst = "m_axi">   --->   Core 119 'm_axi' <Latency = 6> <II = 1> <Delay = 1.00> <Adapter> <Opcode : 'readrequnaligned' 'writerequnaligned' 'read' 'write' 'readreq' 'writereq' 'writeresp'>
ST_41 : Operation 232 [34/71] (3.65ns)   --->   "%gmem_in_load_2_req = readreq i1 @_ssdm_op_ReadReq.m_axi.i32P1A, i32 %gmem_in_addr_2, i64 1" [../src/grayscale.cpp:9->../src/canny_top.cpp:23]   --->   Operation 232 'readreq' 'gmem_in_load_2_req' <Predicate = true> <Delay = 3.65> <CoreInst = "m_axi">   --->   Core 119 'm_axi' <Latency = 6> <II = 1> <Delay = 1.00> <Adapter> <Opcode : 'readrequnaligned' 'writerequnaligned' 'read' 'write' 'readreq' 'writereq' 'writeresp'>

State 42 <SV = 41> <Delay = 0.00>
ST_42 : Operation 233 [31/71] (3.65ns)   --->   "%gmem_in_load_req = readreq i1 @_ssdm_op_ReadReq.m_axi.i32P1A, i32 %gmem_in_addr, i64 1" [../src/grayscale.cpp:9->../src/canny_top.cpp:23]   --->   Operation 233 'readreq' 'gmem_in_load_req' <Predicate = true> <Delay = 3.65> <CoreInst = "m_axi">   --->   Core 119 'm_axi' <Latency = 6> <II = 1> <Delay = 1.00> <Adapter> <Opcode : 'readrequnaligned' 'writerequnaligned' 'read' 'write' 'readreq' 'writereq' 'writeresp'>
ST_42 : Operation 234 [32/71] (3.65ns)   --->   "%gmem_in_load_1_req = readreq i1 @_ssdm_op_ReadReq.m_axi.i32P1A, i32 %gmem_in_addr_1, i64 1" [../src/grayscale.cpp:9->../src/canny_top.cpp:23]   --->   Operation 234 'readreq' 'gmem_in_load_1_req' <Predicate = true> <Delay = 3.65> <CoreInst = "m_axi">   --->   Core 119 'm_axi' <Latency = 6> <II = 1> <Delay = 1.00> <Adapter> <Opcode : 'readrequnaligned' 'writerequnaligned' 'read' 'write' 'readreq' 'writereq' 'writeresp'>
ST_42 : Operation 235 [33/71] (3.65ns)   --->   "%gmem_in_load_2_req = readreq i1 @_ssdm_op_ReadReq.m_axi.i32P1A, i32 %gmem_in_addr_2, i64 1" [../src/grayscale.cpp:9->../src/canny_top.cpp:23]   --->   Operation 235 'readreq' 'gmem_in_load_2_req' <Predicate = true> <Delay = 3.65> <CoreInst = "m_axi">   --->   Core 119 'm_axi' <Latency = 6> <II = 1> <Delay = 1.00> <Adapter> <Opcode : 'readrequnaligned' 'writerequnaligned' 'read' 'write' 'readreq' 'writereq' 'writeresp'>

State 43 <SV = 42> <Delay = 0.00>
ST_43 : Operation 236 [30/71] (3.65ns)   --->   "%gmem_in_load_req = readreq i1 @_ssdm_op_ReadReq.m_axi.i32P1A, i32 %gmem_in_addr, i64 1" [../src/grayscale.cpp:9->../src/canny_top.cpp:23]   --->   Operation 236 'readreq' 'gmem_in_load_req' <Predicate = true> <Delay = 3.65> <CoreInst = "m_axi">   --->   Core 119 'm_axi' <Latency = 6> <II = 1> <Delay = 1.00> <Adapter> <Opcode : 'readrequnaligned' 'writerequnaligned' 'read' 'write' 'readreq' 'writereq' 'writeresp'>
ST_43 : Operation 237 [31/71] (3.65ns)   --->   "%gmem_in_load_1_req = readreq i1 @_ssdm_op_ReadReq.m_axi.i32P1A, i32 %gmem_in_addr_1, i64 1" [../src/grayscale.cpp:9->../src/canny_top.cpp:23]   --->   Operation 237 'readreq' 'gmem_in_load_1_req' <Predicate = true> <Delay = 3.65> <CoreInst = "m_axi">   --->   Core 119 'm_axi' <Latency = 6> <II = 1> <Delay = 1.00> <Adapter> <Opcode : 'readrequnaligned' 'writerequnaligned' 'read' 'write' 'readreq' 'writereq' 'writeresp'>
ST_43 : Operation 238 [32/71] (3.65ns)   --->   "%gmem_in_load_2_req = readreq i1 @_ssdm_op_ReadReq.m_axi.i32P1A, i32 %gmem_in_addr_2, i64 1" [../src/grayscale.cpp:9->../src/canny_top.cpp:23]   --->   Operation 238 'readreq' 'gmem_in_load_2_req' <Predicate = true> <Delay = 3.65> <CoreInst = "m_axi">   --->   Core 119 'm_axi' <Latency = 6> <II = 1> <Delay = 1.00> <Adapter> <Opcode : 'readrequnaligned' 'writerequnaligned' 'read' 'write' 'readreq' 'writereq' 'writeresp'>

State 44 <SV = 43> <Delay = 0.00>
ST_44 : Operation 239 [29/71] (3.65ns)   --->   "%gmem_in_load_req = readreq i1 @_ssdm_op_ReadReq.m_axi.i32P1A, i32 %gmem_in_addr, i64 1" [../src/grayscale.cpp:9->../src/canny_top.cpp:23]   --->   Operation 239 'readreq' 'gmem_in_load_req' <Predicate = true> <Delay = 3.65> <CoreInst = "m_axi">   --->   Core 119 'm_axi' <Latency = 6> <II = 1> <Delay = 1.00> <Adapter> <Opcode : 'readrequnaligned' 'writerequnaligned' 'read' 'write' 'readreq' 'writereq' 'writeresp'>
ST_44 : Operation 240 [30/71] (3.65ns)   --->   "%gmem_in_load_1_req = readreq i1 @_ssdm_op_ReadReq.m_axi.i32P1A, i32 %gmem_in_addr_1, i64 1" [../src/grayscale.cpp:9->../src/canny_top.cpp:23]   --->   Operation 240 'readreq' 'gmem_in_load_1_req' <Predicate = true> <Delay = 3.65> <CoreInst = "m_axi">   --->   Core 119 'm_axi' <Latency = 6> <II = 1> <Delay = 1.00> <Adapter> <Opcode : 'readrequnaligned' 'writerequnaligned' 'read' 'write' 'readreq' 'writereq' 'writeresp'>
ST_44 : Operation 241 [31/71] (3.65ns)   --->   "%gmem_in_load_2_req = readreq i1 @_ssdm_op_ReadReq.m_axi.i32P1A, i32 %gmem_in_addr_2, i64 1" [../src/grayscale.cpp:9->../src/canny_top.cpp:23]   --->   Operation 241 'readreq' 'gmem_in_load_2_req' <Predicate = true> <Delay = 3.65> <CoreInst = "m_axi">   --->   Core 119 'm_axi' <Latency = 6> <II = 1> <Delay = 1.00> <Adapter> <Opcode : 'readrequnaligned' 'writerequnaligned' 'read' 'write' 'readreq' 'writereq' 'writeresp'>

State 45 <SV = 44> <Delay = 0.00>
ST_45 : Operation 242 [28/71] (3.65ns)   --->   "%gmem_in_load_req = readreq i1 @_ssdm_op_ReadReq.m_axi.i32P1A, i32 %gmem_in_addr, i64 1" [../src/grayscale.cpp:9->../src/canny_top.cpp:23]   --->   Operation 242 'readreq' 'gmem_in_load_req' <Predicate = true> <Delay = 3.65> <CoreInst = "m_axi">   --->   Core 119 'm_axi' <Latency = 6> <II = 1> <Delay = 1.00> <Adapter> <Opcode : 'readrequnaligned' 'writerequnaligned' 'read' 'write' 'readreq' 'writereq' 'writeresp'>
ST_45 : Operation 243 [29/71] (3.65ns)   --->   "%gmem_in_load_1_req = readreq i1 @_ssdm_op_ReadReq.m_axi.i32P1A, i32 %gmem_in_addr_1, i64 1" [../src/grayscale.cpp:9->../src/canny_top.cpp:23]   --->   Operation 243 'readreq' 'gmem_in_load_1_req' <Predicate = true> <Delay = 3.65> <CoreInst = "m_axi">   --->   Core 119 'm_axi' <Latency = 6> <II = 1> <Delay = 1.00> <Adapter> <Opcode : 'readrequnaligned' 'writerequnaligned' 'read' 'write' 'readreq' 'writereq' 'writeresp'>
ST_45 : Operation 244 [30/71] (3.65ns)   --->   "%gmem_in_load_2_req = readreq i1 @_ssdm_op_ReadReq.m_axi.i32P1A, i32 %gmem_in_addr_2, i64 1" [../src/grayscale.cpp:9->../src/canny_top.cpp:23]   --->   Operation 244 'readreq' 'gmem_in_load_2_req' <Predicate = true> <Delay = 3.65> <CoreInst = "m_axi">   --->   Core 119 'm_axi' <Latency = 6> <II = 1> <Delay = 1.00> <Adapter> <Opcode : 'readrequnaligned' 'writerequnaligned' 'read' 'write' 'readreq' 'writereq' 'writeresp'>

State 46 <SV = 45> <Delay = 0.00>
ST_46 : Operation 245 [27/71] (3.65ns)   --->   "%gmem_in_load_req = readreq i1 @_ssdm_op_ReadReq.m_axi.i32P1A, i32 %gmem_in_addr, i64 1" [../src/grayscale.cpp:9->../src/canny_top.cpp:23]   --->   Operation 245 'readreq' 'gmem_in_load_req' <Predicate = true> <Delay = 3.65> <CoreInst = "m_axi">   --->   Core 119 'm_axi' <Latency = 6> <II = 1> <Delay = 1.00> <Adapter> <Opcode : 'readrequnaligned' 'writerequnaligned' 'read' 'write' 'readreq' 'writereq' 'writeresp'>
ST_46 : Operation 246 [28/71] (3.65ns)   --->   "%gmem_in_load_1_req = readreq i1 @_ssdm_op_ReadReq.m_axi.i32P1A, i32 %gmem_in_addr_1, i64 1" [../src/grayscale.cpp:9->../src/canny_top.cpp:23]   --->   Operation 246 'readreq' 'gmem_in_load_1_req' <Predicate = true> <Delay = 3.65> <CoreInst = "m_axi">   --->   Core 119 'm_axi' <Latency = 6> <II = 1> <Delay = 1.00> <Adapter> <Opcode : 'readrequnaligned' 'writerequnaligned' 'read' 'write' 'readreq' 'writereq' 'writeresp'>
ST_46 : Operation 247 [29/71] (3.65ns)   --->   "%gmem_in_load_2_req = readreq i1 @_ssdm_op_ReadReq.m_axi.i32P1A, i32 %gmem_in_addr_2, i64 1" [../src/grayscale.cpp:9->../src/canny_top.cpp:23]   --->   Operation 247 'readreq' 'gmem_in_load_2_req' <Predicate = true> <Delay = 3.65> <CoreInst = "m_axi">   --->   Core 119 'm_axi' <Latency = 6> <II = 1> <Delay = 1.00> <Adapter> <Opcode : 'readrequnaligned' 'writerequnaligned' 'read' 'write' 'readreq' 'writereq' 'writeresp'>

State 47 <SV = 46> <Delay = 0.00>
ST_47 : Operation 248 [26/71] (3.65ns)   --->   "%gmem_in_load_req = readreq i1 @_ssdm_op_ReadReq.m_axi.i32P1A, i32 %gmem_in_addr, i64 1" [../src/grayscale.cpp:9->../src/canny_top.cpp:23]   --->   Operation 248 'readreq' 'gmem_in_load_req' <Predicate = true> <Delay = 3.65> <CoreInst = "m_axi">   --->   Core 119 'm_axi' <Latency = 6> <II = 1> <Delay = 1.00> <Adapter> <Opcode : 'readrequnaligned' 'writerequnaligned' 'read' 'write' 'readreq' 'writereq' 'writeresp'>
ST_47 : Operation 249 [27/71] (3.65ns)   --->   "%gmem_in_load_1_req = readreq i1 @_ssdm_op_ReadReq.m_axi.i32P1A, i32 %gmem_in_addr_1, i64 1" [../src/grayscale.cpp:9->../src/canny_top.cpp:23]   --->   Operation 249 'readreq' 'gmem_in_load_1_req' <Predicate = true> <Delay = 3.65> <CoreInst = "m_axi">   --->   Core 119 'm_axi' <Latency = 6> <II = 1> <Delay = 1.00> <Adapter> <Opcode : 'readrequnaligned' 'writerequnaligned' 'read' 'write' 'readreq' 'writereq' 'writeresp'>
ST_47 : Operation 250 [28/71] (3.65ns)   --->   "%gmem_in_load_2_req = readreq i1 @_ssdm_op_ReadReq.m_axi.i32P1A, i32 %gmem_in_addr_2, i64 1" [../src/grayscale.cpp:9->../src/canny_top.cpp:23]   --->   Operation 250 'readreq' 'gmem_in_load_2_req' <Predicate = true> <Delay = 3.65> <CoreInst = "m_axi">   --->   Core 119 'm_axi' <Latency = 6> <II = 1> <Delay = 1.00> <Adapter> <Opcode : 'readrequnaligned' 'writerequnaligned' 'read' 'write' 'readreq' 'writereq' 'writeresp'>

State 48 <SV = 47> <Delay = 0.00>
ST_48 : Operation 251 [25/71] (3.65ns)   --->   "%gmem_in_load_req = readreq i1 @_ssdm_op_ReadReq.m_axi.i32P1A, i32 %gmem_in_addr, i64 1" [../src/grayscale.cpp:9->../src/canny_top.cpp:23]   --->   Operation 251 'readreq' 'gmem_in_load_req' <Predicate = true> <Delay = 3.65> <CoreInst = "m_axi">   --->   Core 119 'm_axi' <Latency = 6> <II = 1> <Delay = 1.00> <Adapter> <Opcode : 'readrequnaligned' 'writerequnaligned' 'read' 'write' 'readreq' 'writereq' 'writeresp'>
ST_48 : Operation 252 [26/71] (3.65ns)   --->   "%gmem_in_load_1_req = readreq i1 @_ssdm_op_ReadReq.m_axi.i32P1A, i32 %gmem_in_addr_1, i64 1" [../src/grayscale.cpp:9->../src/canny_top.cpp:23]   --->   Operation 252 'readreq' 'gmem_in_load_1_req' <Predicate = true> <Delay = 3.65> <CoreInst = "m_axi">   --->   Core 119 'm_axi' <Latency = 6> <II = 1> <Delay = 1.00> <Adapter> <Opcode : 'readrequnaligned' 'writerequnaligned' 'read' 'write' 'readreq' 'writereq' 'writeresp'>
ST_48 : Operation 253 [27/71] (3.65ns)   --->   "%gmem_in_load_2_req = readreq i1 @_ssdm_op_ReadReq.m_axi.i32P1A, i32 %gmem_in_addr_2, i64 1" [../src/grayscale.cpp:9->../src/canny_top.cpp:23]   --->   Operation 253 'readreq' 'gmem_in_load_2_req' <Predicate = true> <Delay = 3.65> <CoreInst = "m_axi">   --->   Core 119 'm_axi' <Latency = 6> <II = 1> <Delay = 1.00> <Adapter> <Opcode : 'readrequnaligned' 'writerequnaligned' 'read' 'write' 'readreq' 'writereq' 'writeresp'>

State 49 <SV = 48> <Delay = 0.00>
ST_49 : Operation 254 [24/71] (3.65ns)   --->   "%gmem_in_load_req = readreq i1 @_ssdm_op_ReadReq.m_axi.i32P1A, i32 %gmem_in_addr, i64 1" [../src/grayscale.cpp:9->../src/canny_top.cpp:23]   --->   Operation 254 'readreq' 'gmem_in_load_req' <Predicate = true> <Delay = 3.65> <CoreInst = "m_axi">   --->   Core 119 'm_axi' <Latency = 6> <II = 1> <Delay = 1.00> <Adapter> <Opcode : 'readrequnaligned' 'writerequnaligned' 'read' 'write' 'readreq' 'writereq' 'writeresp'>
ST_49 : Operation 255 [25/71] (3.65ns)   --->   "%gmem_in_load_1_req = readreq i1 @_ssdm_op_ReadReq.m_axi.i32P1A, i32 %gmem_in_addr_1, i64 1" [../src/grayscale.cpp:9->../src/canny_top.cpp:23]   --->   Operation 255 'readreq' 'gmem_in_load_1_req' <Predicate = true> <Delay = 3.65> <CoreInst = "m_axi">   --->   Core 119 'm_axi' <Latency = 6> <II = 1> <Delay = 1.00> <Adapter> <Opcode : 'readrequnaligned' 'writerequnaligned' 'read' 'write' 'readreq' 'writereq' 'writeresp'>
ST_49 : Operation 256 [26/71] (3.65ns)   --->   "%gmem_in_load_2_req = readreq i1 @_ssdm_op_ReadReq.m_axi.i32P1A, i32 %gmem_in_addr_2, i64 1" [../src/grayscale.cpp:9->../src/canny_top.cpp:23]   --->   Operation 256 'readreq' 'gmem_in_load_2_req' <Predicate = true> <Delay = 3.65> <CoreInst = "m_axi">   --->   Core 119 'm_axi' <Latency = 6> <II = 1> <Delay = 1.00> <Adapter> <Opcode : 'readrequnaligned' 'writerequnaligned' 'read' 'write' 'readreq' 'writereq' 'writeresp'>

State 50 <SV = 49> <Delay = 0.00>
ST_50 : Operation 257 [23/71] (3.65ns)   --->   "%gmem_in_load_req = readreq i1 @_ssdm_op_ReadReq.m_axi.i32P1A, i32 %gmem_in_addr, i64 1" [../src/grayscale.cpp:9->../src/canny_top.cpp:23]   --->   Operation 257 'readreq' 'gmem_in_load_req' <Predicate = true> <Delay = 3.65> <CoreInst = "m_axi">   --->   Core 119 'm_axi' <Latency = 6> <II = 1> <Delay = 1.00> <Adapter> <Opcode : 'readrequnaligned' 'writerequnaligned' 'read' 'write' 'readreq' 'writereq' 'writeresp'>
ST_50 : Operation 258 [24/71] (3.65ns)   --->   "%gmem_in_load_1_req = readreq i1 @_ssdm_op_ReadReq.m_axi.i32P1A, i32 %gmem_in_addr_1, i64 1" [../src/grayscale.cpp:9->../src/canny_top.cpp:23]   --->   Operation 258 'readreq' 'gmem_in_load_1_req' <Predicate = true> <Delay = 3.65> <CoreInst = "m_axi">   --->   Core 119 'm_axi' <Latency = 6> <II = 1> <Delay = 1.00> <Adapter> <Opcode : 'readrequnaligned' 'writerequnaligned' 'read' 'write' 'readreq' 'writereq' 'writeresp'>
ST_50 : Operation 259 [25/71] (3.65ns)   --->   "%gmem_in_load_2_req = readreq i1 @_ssdm_op_ReadReq.m_axi.i32P1A, i32 %gmem_in_addr_2, i64 1" [../src/grayscale.cpp:9->../src/canny_top.cpp:23]   --->   Operation 259 'readreq' 'gmem_in_load_2_req' <Predicate = true> <Delay = 3.65> <CoreInst = "m_axi">   --->   Core 119 'm_axi' <Latency = 6> <II = 1> <Delay = 1.00> <Adapter> <Opcode : 'readrequnaligned' 'writerequnaligned' 'read' 'write' 'readreq' 'writereq' 'writeresp'>

State 51 <SV = 50> <Delay = 0.00>
ST_51 : Operation 260 [22/71] (3.65ns)   --->   "%gmem_in_load_req = readreq i1 @_ssdm_op_ReadReq.m_axi.i32P1A, i32 %gmem_in_addr, i64 1" [../src/grayscale.cpp:9->../src/canny_top.cpp:23]   --->   Operation 260 'readreq' 'gmem_in_load_req' <Predicate = true> <Delay = 3.65> <CoreInst = "m_axi">   --->   Core 119 'm_axi' <Latency = 6> <II = 1> <Delay = 1.00> <Adapter> <Opcode : 'readrequnaligned' 'writerequnaligned' 'read' 'write' 'readreq' 'writereq' 'writeresp'>
ST_51 : Operation 261 [23/71] (3.65ns)   --->   "%gmem_in_load_1_req = readreq i1 @_ssdm_op_ReadReq.m_axi.i32P1A, i32 %gmem_in_addr_1, i64 1" [../src/grayscale.cpp:9->../src/canny_top.cpp:23]   --->   Operation 261 'readreq' 'gmem_in_load_1_req' <Predicate = true> <Delay = 3.65> <CoreInst = "m_axi">   --->   Core 119 'm_axi' <Latency = 6> <II = 1> <Delay = 1.00> <Adapter> <Opcode : 'readrequnaligned' 'writerequnaligned' 'read' 'write' 'readreq' 'writereq' 'writeresp'>
ST_51 : Operation 262 [24/71] (3.65ns)   --->   "%gmem_in_load_2_req = readreq i1 @_ssdm_op_ReadReq.m_axi.i32P1A, i32 %gmem_in_addr_2, i64 1" [../src/grayscale.cpp:9->../src/canny_top.cpp:23]   --->   Operation 262 'readreq' 'gmem_in_load_2_req' <Predicate = true> <Delay = 3.65> <CoreInst = "m_axi">   --->   Core 119 'm_axi' <Latency = 6> <II = 1> <Delay = 1.00> <Adapter> <Opcode : 'readrequnaligned' 'writerequnaligned' 'read' 'write' 'readreq' 'writereq' 'writeresp'>

State 52 <SV = 51> <Delay = 0.00>
ST_52 : Operation 263 [21/71] (3.65ns)   --->   "%gmem_in_load_req = readreq i1 @_ssdm_op_ReadReq.m_axi.i32P1A, i32 %gmem_in_addr, i64 1" [../src/grayscale.cpp:9->../src/canny_top.cpp:23]   --->   Operation 263 'readreq' 'gmem_in_load_req' <Predicate = true> <Delay = 3.65> <CoreInst = "m_axi">   --->   Core 119 'm_axi' <Latency = 6> <II = 1> <Delay = 1.00> <Adapter> <Opcode : 'readrequnaligned' 'writerequnaligned' 'read' 'write' 'readreq' 'writereq' 'writeresp'>
ST_52 : Operation 264 [22/71] (3.65ns)   --->   "%gmem_in_load_1_req = readreq i1 @_ssdm_op_ReadReq.m_axi.i32P1A, i32 %gmem_in_addr_1, i64 1" [../src/grayscale.cpp:9->../src/canny_top.cpp:23]   --->   Operation 264 'readreq' 'gmem_in_load_1_req' <Predicate = true> <Delay = 3.65> <CoreInst = "m_axi">   --->   Core 119 'm_axi' <Latency = 6> <II = 1> <Delay = 1.00> <Adapter> <Opcode : 'readrequnaligned' 'writerequnaligned' 'read' 'write' 'readreq' 'writereq' 'writeresp'>
ST_52 : Operation 265 [23/71] (3.65ns)   --->   "%gmem_in_load_2_req = readreq i1 @_ssdm_op_ReadReq.m_axi.i32P1A, i32 %gmem_in_addr_2, i64 1" [../src/grayscale.cpp:9->../src/canny_top.cpp:23]   --->   Operation 265 'readreq' 'gmem_in_load_2_req' <Predicate = true> <Delay = 3.65> <CoreInst = "m_axi">   --->   Core 119 'm_axi' <Latency = 6> <II = 1> <Delay = 1.00> <Adapter> <Opcode : 'readrequnaligned' 'writerequnaligned' 'read' 'write' 'readreq' 'writereq' 'writeresp'>

State 53 <SV = 52> <Delay = 0.00>
ST_53 : Operation 266 [20/71] (3.65ns)   --->   "%gmem_in_load_req = readreq i1 @_ssdm_op_ReadReq.m_axi.i32P1A, i32 %gmem_in_addr, i64 1" [../src/grayscale.cpp:9->../src/canny_top.cpp:23]   --->   Operation 266 'readreq' 'gmem_in_load_req' <Predicate = true> <Delay = 3.65> <CoreInst = "m_axi">   --->   Core 119 'm_axi' <Latency = 6> <II = 1> <Delay = 1.00> <Adapter> <Opcode : 'readrequnaligned' 'writerequnaligned' 'read' 'write' 'readreq' 'writereq' 'writeresp'>
ST_53 : Operation 267 [21/71] (3.65ns)   --->   "%gmem_in_load_1_req = readreq i1 @_ssdm_op_ReadReq.m_axi.i32P1A, i32 %gmem_in_addr_1, i64 1" [../src/grayscale.cpp:9->../src/canny_top.cpp:23]   --->   Operation 267 'readreq' 'gmem_in_load_1_req' <Predicate = true> <Delay = 3.65> <CoreInst = "m_axi">   --->   Core 119 'm_axi' <Latency = 6> <II = 1> <Delay = 1.00> <Adapter> <Opcode : 'readrequnaligned' 'writerequnaligned' 'read' 'write' 'readreq' 'writereq' 'writeresp'>
ST_53 : Operation 268 [22/71] (3.65ns)   --->   "%gmem_in_load_2_req = readreq i1 @_ssdm_op_ReadReq.m_axi.i32P1A, i32 %gmem_in_addr_2, i64 1" [../src/grayscale.cpp:9->../src/canny_top.cpp:23]   --->   Operation 268 'readreq' 'gmem_in_load_2_req' <Predicate = true> <Delay = 3.65> <CoreInst = "m_axi">   --->   Core 119 'm_axi' <Latency = 6> <II = 1> <Delay = 1.00> <Adapter> <Opcode : 'readrequnaligned' 'writerequnaligned' 'read' 'write' 'readreq' 'writereq' 'writeresp'>

State 54 <SV = 53> <Delay = 0.00>
ST_54 : Operation 269 [19/71] (3.65ns)   --->   "%gmem_in_load_req = readreq i1 @_ssdm_op_ReadReq.m_axi.i32P1A, i32 %gmem_in_addr, i64 1" [../src/grayscale.cpp:9->../src/canny_top.cpp:23]   --->   Operation 269 'readreq' 'gmem_in_load_req' <Predicate = true> <Delay = 3.65> <CoreInst = "m_axi">   --->   Core 119 'm_axi' <Latency = 6> <II = 1> <Delay = 1.00> <Adapter> <Opcode : 'readrequnaligned' 'writerequnaligned' 'read' 'write' 'readreq' 'writereq' 'writeresp'>
ST_54 : Operation 270 [20/71] (3.65ns)   --->   "%gmem_in_load_1_req = readreq i1 @_ssdm_op_ReadReq.m_axi.i32P1A, i32 %gmem_in_addr_1, i64 1" [../src/grayscale.cpp:9->../src/canny_top.cpp:23]   --->   Operation 270 'readreq' 'gmem_in_load_1_req' <Predicate = true> <Delay = 3.65> <CoreInst = "m_axi">   --->   Core 119 'm_axi' <Latency = 6> <II = 1> <Delay = 1.00> <Adapter> <Opcode : 'readrequnaligned' 'writerequnaligned' 'read' 'write' 'readreq' 'writereq' 'writeresp'>
ST_54 : Operation 271 [21/71] (3.65ns)   --->   "%gmem_in_load_2_req = readreq i1 @_ssdm_op_ReadReq.m_axi.i32P1A, i32 %gmem_in_addr_2, i64 1" [../src/grayscale.cpp:9->../src/canny_top.cpp:23]   --->   Operation 271 'readreq' 'gmem_in_load_2_req' <Predicate = true> <Delay = 3.65> <CoreInst = "m_axi">   --->   Core 119 'm_axi' <Latency = 6> <II = 1> <Delay = 1.00> <Adapter> <Opcode : 'readrequnaligned' 'writerequnaligned' 'read' 'write' 'readreq' 'writereq' 'writeresp'>

State 55 <SV = 54> <Delay = 0.00>
ST_55 : Operation 272 [18/71] (3.65ns)   --->   "%gmem_in_load_req = readreq i1 @_ssdm_op_ReadReq.m_axi.i32P1A, i32 %gmem_in_addr, i64 1" [../src/grayscale.cpp:9->../src/canny_top.cpp:23]   --->   Operation 272 'readreq' 'gmem_in_load_req' <Predicate = true> <Delay = 3.65> <CoreInst = "m_axi">   --->   Core 119 'm_axi' <Latency = 6> <II = 1> <Delay = 1.00> <Adapter> <Opcode : 'readrequnaligned' 'writerequnaligned' 'read' 'write' 'readreq' 'writereq' 'writeresp'>
ST_55 : Operation 273 [19/71] (3.65ns)   --->   "%gmem_in_load_1_req = readreq i1 @_ssdm_op_ReadReq.m_axi.i32P1A, i32 %gmem_in_addr_1, i64 1" [../src/grayscale.cpp:9->../src/canny_top.cpp:23]   --->   Operation 273 'readreq' 'gmem_in_load_1_req' <Predicate = true> <Delay = 3.65> <CoreInst = "m_axi">   --->   Core 119 'm_axi' <Latency = 6> <II = 1> <Delay = 1.00> <Adapter> <Opcode : 'readrequnaligned' 'writerequnaligned' 'read' 'write' 'readreq' 'writereq' 'writeresp'>
ST_55 : Operation 274 [20/71] (3.65ns)   --->   "%gmem_in_load_2_req = readreq i1 @_ssdm_op_ReadReq.m_axi.i32P1A, i32 %gmem_in_addr_2, i64 1" [../src/grayscale.cpp:9->../src/canny_top.cpp:23]   --->   Operation 274 'readreq' 'gmem_in_load_2_req' <Predicate = true> <Delay = 3.65> <CoreInst = "m_axi">   --->   Core 119 'm_axi' <Latency = 6> <II = 1> <Delay = 1.00> <Adapter> <Opcode : 'readrequnaligned' 'writerequnaligned' 'read' 'write' 'readreq' 'writereq' 'writeresp'>

State 56 <SV = 55> <Delay = 0.00>
ST_56 : Operation 275 [17/71] (3.65ns)   --->   "%gmem_in_load_req = readreq i1 @_ssdm_op_ReadReq.m_axi.i32P1A, i32 %gmem_in_addr, i64 1" [../src/grayscale.cpp:9->../src/canny_top.cpp:23]   --->   Operation 275 'readreq' 'gmem_in_load_req' <Predicate = true> <Delay = 3.65> <CoreInst = "m_axi">   --->   Core 119 'm_axi' <Latency = 6> <II = 1> <Delay = 1.00> <Adapter> <Opcode : 'readrequnaligned' 'writerequnaligned' 'read' 'write' 'readreq' 'writereq' 'writeresp'>
ST_56 : Operation 276 [18/71] (3.65ns)   --->   "%gmem_in_load_1_req = readreq i1 @_ssdm_op_ReadReq.m_axi.i32P1A, i32 %gmem_in_addr_1, i64 1" [../src/grayscale.cpp:9->../src/canny_top.cpp:23]   --->   Operation 276 'readreq' 'gmem_in_load_1_req' <Predicate = true> <Delay = 3.65> <CoreInst = "m_axi">   --->   Core 119 'm_axi' <Latency = 6> <II = 1> <Delay = 1.00> <Adapter> <Opcode : 'readrequnaligned' 'writerequnaligned' 'read' 'write' 'readreq' 'writereq' 'writeresp'>
ST_56 : Operation 277 [19/71] (3.65ns)   --->   "%gmem_in_load_2_req = readreq i1 @_ssdm_op_ReadReq.m_axi.i32P1A, i32 %gmem_in_addr_2, i64 1" [../src/grayscale.cpp:9->../src/canny_top.cpp:23]   --->   Operation 277 'readreq' 'gmem_in_load_2_req' <Predicate = true> <Delay = 3.65> <CoreInst = "m_axi">   --->   Core 119 'm_axi' <Latency = 6> <II = 1> <Delay = 1.00> <Adapter> <Opcode : 'readrequnaligned' 'writerequnaligned' 'read' 'write' 'readreq' 'writereq' 'writeresp'>

State 57 <SV = 56> <Delay = 0.00>
ST_57 : Operation 278 [16/71] (3.65ns)   --->   "%gmem_in_load_req = readreq i1 @_ssdm_op_ReadReq.m_axi.i32P1A, i32 %gmem_in_addr, i64 1" [../src/grayscale.cpp:9->../src/canny_top.cpp:23]   --->   Operation 278 'readreq' 'gmem_in_load_req' <Predicate = true> <Delay = 3.65> <CoreInst = "m_axi">   --->   Core 119 'm_axi' <Latency = 6> <II = 1> <Delay = 1.00> <Adapter> <Opcode : 'readrequnaligned' 'writerequnaligned' 'read' 'write' 'readreq' 'writereq' 'writeresp'>
ST_57 : Operation 279 [17/71] (3.65ns)   --->   "%gmem_in_load_1_req = readreq i1 @_ssdm_op_ReadReq.m_axi.i32P1A, i32 %gmem_in_addr_1, i64 1" [../src/grayscale.cpp:9->../src/canny_top.cpp:23]   --->   Operation 279 'readreq' 'gmem_in_load_1_req' <Predicate = true> <Delay = 3.65> <CoreInst = "m_axi">   --->   Core 119 'm_axi' <Latency = 6> <II = 1> <Delay = 1.00> <Adapter> <Opcode : 'readrequnaligned' 'writerequnaligned' 'read' 'write' 'readreq' 'writereq' 'writeresp'>
ST_57 : Operation 280 [18/71] (3.65ns)   --->   "%gmem_in_load_2_req = readreq i1 @_ssdm_op_ReadReq.m_axi.i32P1A, i32 %gmem_in_addr_2, i64 1" [../src/grayscale.cpp:9->../src/canny_top.cpp:23]   --->   Operation 280 'readreq' 'gmem_in_load_2_req' <Predicate = true> <Delay = 3.65> <CoreInst = "m_axi">   --->   Core 119 'm_axi' <Latency = 6> <II = 1> <Delay = 1.00> <Adapter> <Opcode : 'readrequnaligned' 'writerequnaligned' 'read' 'write' 'readreq' 'writereq' 'writeresp'>

State 58 <SV = 57> <Delay = 0.00>
ST_58 : Operation 281 [15/71] (3.65ns)   --->   "%gmem_in_load_req = readreq i1 @_ssdm_op_ReadReq.m_axi.i32P1A, i32 %gmem_in_addr, i64 1" [../src/grayscale.cpp:9->../src/canny_top.cpp:23]   --->   Operation 281 'readreq' 'gmem_in_load_req' <Predicate = true> <Delay = 3.65> <CoreInst = "m_axi">   --->   Core 119 'm_axi' <Latency = 6> <II = 1> <Delay = 1.00> <Adapter> <Opcode : 'readrequnaligned' 'writerequnaligned' 'read' 'write' 'readreq' 'writereq' 'writeresp'>
ST_58 : Operation 282 [16/71] (3.65ns)   --->   "%gmem_in_load_1_req = readreq i1 @_ssdm_op_ReadReq.m_axi.i32P1A, i32 %gmem_in_addr_1, i64 1" [../src/grayscale.cpp:9->../src/canny_top.cpp:23]   --->   Operation 282 'readreq' 'gmem_in_load_1_req' <Predicate = true> <Delay = 3.65> <CoreInst = "m_axi">   --->   Core 119 'm_axi' <Latency = 6> <II = 1> <Delay = 1.00> <Adapter> <Opcode : 'readrequnaligned' 'writerequnaligned' 'read' 'write' 'readreq' 'writereq' 'writeresp'>
ST_58 : Operation 283 [17/71] (3.65ns)   --->   "%gmem_in_load_2_req = readreq i1 @_ssdm_op_ReadReq.m_axi.i32P1A, i32 %gmem_in_addr_2, i64 1" [../src/grayscale.cpp:9->../src/canny_top.cpp:23]   --->   Operation 283 'readreq' 'gmem_in_load_2_req' <Predicate = true> <Delay = 3.65> <CoreInst = "m_axi">   --->   Core 119 'm_axi' <Latency = 6> <II = 1> <Delay = 1.00> <Adapter> <Opcode : 'readrequnaligned' 'writerequnaligned' 'read' 'write' 'readreq' 'writereq' 'writeresp'>

State 59 <SV = 58> <Delay = 0.00>
ST_59 : Operation 284 [14/71] (3.65ns)   --->   "%gmem_in_load_req = readreq i1 @_ssdm_op_ReadReq.m_axi.i32P1A, i32 %gmem_in_addr, i64 1" [../src/grayscale.cpp:9->../src/canny_top.cpp:23]   --->   Operation 284 'readreq' 'gmem_in_load_req' <Predicate = true> <Delay = 3.65> <CoreInst = "m_axi">   --->   Core 119 'm_axi' <Latency = 6> <II = 1> <Delay = 1.00> <Adapter> <Opcode : 'readrequnaligned' 'writerequnaligned' 'read' 'write' 'readreq' 'writereq' 'writeresp'>
ST_59 : Operation 285 [15/71] (3.65ns)   --->   "%gmem_in_load_1_req = readreq i1 @_ssdm_op_ReadReq.m_axi.i32P1A, i32 %gmem_in_addr_1, i64 1" [../src/grayscale.cpp:9->../src/canny_top.cpp:23]   --->   Operation 285 'readreq' 'gmem_in_load_1_req' <Predicate = true> <Delay = 3.65> <CoreInst = "m_axi">   --->   Core 119 'm_axi' <Latency = 6> <II = 1> <Delay = 1.00> <Adapter> <Opcode : 'readrequnaligned' 'writerequnaligned' 'read' 'write' 'readreq' 'writereq' 'writeresp'>
ST_59 : Operation 286 [16/71] (3.65ns)   --->   "%gmem_in_load_2_req = readreq i1 @_ssdm_op_ReadReq.m_axi.i32P1A, i32 %gmem_in_addr_2, i64 1" [../src/grayscale.cpp:9->../src/canny_top.cpp:23]   --->   Operation 286 'readreq' 'gmem_in_load_2_req' <Predicate = true> <Delay = 3.65> <CoreInst = "m_axi">   --->   Core 119 'm_axi' <Latency = 6> <II = 1> <Delay = 1.00> <Adapter> <Opcode : 'readrequnaligned' 'writerequnaligned' 'read' 'write' 'readreq' 'writereq' 'writeresp'>

State 60 <SV = 59> <Delay = 0.00>
ST_60 : Operation 287 [13/71] (3.65ns)   --->   "%gmem_in_load_req = readreq i1 @_ssdm_op_ReadReq.m_axi.i32P1A, i32 %gmem_in_addr, i64 1" [../src/grayscale.cpp:9->../src/canny_top.cpp:23]   --->   Operation 287 'readreq' 'gmem_in_load_req' <Predicate = true> <Delay = 3.65> <CoreInst = "m_axi">   --->   Core 119 'm_axi' <Latency = 6> <II = 1> <Delay = 1.00> <Adapter> <Opcode : 'readrequnaligned' 'writerequnaligned' 'read' 'write' 'readreq' 'writereq' 'writeresp'>
ST_60 : Operation 288 [14/71] (3.65ns)   --->   "%gmem_in_load_1_req = readreq i1 @_ssdm_op_ReadReq.m_axi.i32P1A, i32 %gmem_in_addr_1, i64 1" [../src/grayscale.cpp:9->../src/canny_top.cpp:23]   --->   Operation 288 'readreq' 'gmem_in_load_1_req' <Predicate = true> <Delay = 3.65> <CoreInst = "m_axi">   --->   Core 119 'm_axi' <Latency = 6> <II = 1> <Delay = 1.00> <Adapter> <Opcode : 'readrequnaligned' 'writerequnaligned' 'read' 'write' 'readreq' 'writereq' 'writeresp'>
ST_60 : Operation 289 [15/71] (3.65ns)   --->   "%gmem_in_load_2_req = readreq i1 @_ssdm_op_ReadReq.m_axi.i32P1A, i32 %gmem_in_addr_2, i64 1" [../src/grayscale.cpp:9->../src/canny_top.cpp:23]   --->   Operation 289 'readreq' 'gmem_in_load_2_req' <Predicate = true> <Delay = 3.65> <CoreInst = "m_axi">   --->   Core 119 'm_axi' <Latency = 6> <II = 1> <Delay = 1.00> <Adapter> <Opcode : 'readrequnaligned' 'writerequnaligned' 'read' 'write' 'readreq' 'writereq' 'writeresp'>

State 61 <SV = 60> <Delay = 0.00>
ST_61 : Operation 290 [12/71] (3.65ns)   --->   "%gmem_in_load_req = readreq i1 @_ssdm_op_ReadReq.m_axi.i32P1A, i32 %gmem_in_addr, i64 1" [../src/grayscale.cpp:9->../src/canny_top.cpp:23]   --->   Operation 290 'readreq' 'gmem_in_load_req' <Predicate = true> <Delay = 3.65> <CoreInst = "m_axi">   --->   Core 119 'm_axi' <Latency = 6> <II = 1> <Delay = 1.00> <Adapter> <Opcode : 'readrequnaligned' 'writerequnaligned' 'read' 'write' 'readreq' 'writereq' 'writeresp'>
ST_61 : Operation 291 [13/71] (3.65ns)   --->   "%gmem_in_load_1_req = readreq i1 @_ssdm_op_ReadReq.m_axi.i32P1A, i32 %gmem_in_addr_1, i64 1" [../src/grayscale.cpp:9->../src/canny_top.cpp:23]   --->   Operation 291 'readreq' 'gmem_in_load_1_req' <Predicate = true> <Delay = 3.65> <CoreInst = "m_axi">   --->   Core 119 'm_axi' <Latency = 6> <II = 1> <Delay = 1.00> <Adapter> <Opcode : 'readrequnaligned' 'writerequnaligned' 'read' 'write' 'readreq' 'writereq' 'writeresp'>
ST_61 : Operation 292 [14/71] (3.65ns)   --->   "%gmem_in_load_2_req = readreq i1 @_ssdm_op_ReadReq.m_axi.i32P1A, i32 %gmem_in_addr_2, i64 1" [../src/grayscale.cpp:9->../src/canny_top.cpp:23]   --->   Operation 292 'readreq' 'gmem_in_load_2_req' <Predicate = true> <Delay = 3.65> <CoreInst = "m_axi">   --->   Core 119 'm_axi' <Latency = 6> <II = 1> <Delay = 1.00> <Adapter> <Opcode : 'readrequnaligned' 'writerequnaligned' 'read' 'write' 'readreq' 'writereq' 'writeresp'>

State 62 <SV = 61> <Delay = 0.00>
ST_62 : Operation 293 [11/71] (3.65ns)   --->   "%gmem_in_load_req = readreq i1 @_ssdm_op_ReadReq.m_axi.i32P1A, i32 %gmem_in_addr, i64 1" [../src/grayscale.cpp:9->../src/canny_top.cpp:23]   --->   Operation 293 'readreq' 'gmem_in_load_req' <Predicate = true> <Delay = 3.65> <CoreInst = "m_axi">   --->   Core 119 'm_axi' <Latency = 6> <II = 1> <Delay = 1.00> <Adapter> <Opcode : 'readrequnaligned' 'writerequnaligned' 'read' 'write' 'readreq' 'writereq' 'writeresp'>
ST_62 : Operation 294 [12/71] (3.65ns)   --->   "%gmem_in_load_1_req = readreq i1 @_ssdm_op_ReadReq.m_axi.i32P1A, i32 %gmem_in_addr_1, i64 1" [../src/grayscale.cpp:9->../src/canny_top.cpp:23]   --->   Operation 294 'readreq' 'gmem_in_load_1_req' <Predicate = true> <Delay = 3.65> <CoreInst = "m_axi">   --->   Core 119 'm_axi' <Latency = 6> <II = 1> <Delay = 1.00> <Adapter> <Opcode : 'readrequnaligned' 'writerequnaligned' 'read' 'write' 'readreq' 'writereq' 'writeresp'>
ST_62 : Operation 295 [13/71] (3.65ns)   --->   "%gmem_in_load_2_req = readreq i1 @_ssdm_op_ReadReq.m_axi.i32P1A, i32 %gmem_in_addr_2, i64 1" [../src/grayscale.cpp:9->../src/canny_top.cpp:23]   --->   Operation 295 'readreq' 'gmem_in_load_2_req' <Predicate = true> <Delay = 3.65> <CoreInst = "m_axi">   --->   Core 119 'm_axi' <Latency = 6> <II = 1> <Delay = 1.00> <Adapter> <Opcode : 'readrequnaligned' 'writerequnaligned' 'read' 'write' 'readreq' 'writereq' 'writeresp'>

State 63 <SV = 62> <Delay = 0.00>
ST_63 : Operation 296 [10/71] (3.65ns)   --->   "%gmem_in_load_req = readreq i1 @_ssdm_op_ReadReq.m_axi.i32P1A, i32 %gmem_in_addr, i64 1" [../src/grayscale.cpp:9->../src/canny_top.cpp:23]   --->   Operation 296 'readreq' 'gmem_in_load_req' <Predicate = true> <Delay = 3.65> <CoreInst = "m_axi">   --->   Core 119 'm_axi' <Latency = 6> <II = 1> <Delay = 1.00> <Adapter> <Opcode : 'readrequnaligned' 'writerequnaligned' 'read' 'write' 'readreq' 'writereq' 'writeresp'>
ST_63 : Operation 297 [11/71] (3.65ns)   --->   "%gmem_in_load_1_req = readreq i1 @_ssdm_op_ReadReq.m_axi.i32P1A, i32 %gmem_in_addr_1, i64 1" [../src/grayscale.cpp:9->../src/canny_top.cpp:23]   --->   Operation 297 'readreq' 'gmem_in_load_1_req' <Predicate = true> <Delay = 3.65> <CoreInst = "m_axi">   --->   Core 119 'm_axi' <Latency = 6> <II = 1> <Delay = 1.00> <Adapter> <Opcode : 'readrequnaligned' 'writerequnaligned' 'read' 'write' 'readreq' 'writereq' 'writeresp'>
ST_63 : Operation 298 [12/71] (3.65ns)   --->   "%gmem_in_load_2_req = readreq i1 @_ssdm_op_ReadReq.m_axi.i32P1A, i32 %gmem_in_addr_2, i64 1" [../src/grayscale.cpp:9->../src/canny_top.cpp:23]   --->   Operation 298 'readreq' 'gmem_in_load_2_req' <Predicate = true> <Delay = 3.65> <CoreInst = "m_axi">   --->   Core 119 'm_axi' <Latency = 6> <II = 1> <Delay = 1.00> <Adapter> <Opcode : 'readrequnaligned' 'writerequnaligned' 'read' 'write' 'readreq' 'writereq' 'writeresp'>

State 64 <SV = 63> <Delay = 0.00>
ST_64 : Operation 299 [9/71] (3.65ns)   --->   "%gmem_in_load_req = readreq i1 @_ssdm_op_ReadReq.m_axi.i32P1A, i32 %gmem_in_addr, i64 1" [../src/grayscale.cpp:9->../src/canny_top.cpp:23]   --->   Operation 299 'readreq' 'gmem_in_load_req' <Predicate = true> <Delay = 3.65> <CoreInst = "m_axi">   --->   Core 119 'm_axi' <Latency = 6> <II = 1> <Delay = 1.00> <Adapter> <Opcode : 'readrequnaligned' 'writerequnaligned' 'read' 'write' 'readreq' 'writereq' 'writeresp'>
ST_64 : Operation 300 [10/71] (3.65ns)   --->   "%gmem_in_load_1_req = readreq i1 @_ssdm_op_ReadReq.m_axi.i32P1A, i32 %gmem_in_addr_1, i64 1" [../src/grayscale.cpp:9->../src/canny_top.cpp:23]   --->   Operation 300 'readreq' 'gmem_in_load_1_req' <Predicate = true> <Delay = 3.65> <CoreInst = "m_axi">   --->   Core 119 'm_axi' <Latency = 6> <II = 1> <Delay = 1.00> <Adapter> <Opcode : 'readrequnaligned' 'writerequnaligned' 'read' 'write' 'readreq' 'writereq' 'writeresp'>
ST_64 : Operation 301 [11/71] (3.65ns)   --->   "%gmem_in_load_2_req = readreq i1 @_ssdm_op_ReadReq.m_axi.i32P1A, i32 %gmem_in_addr_2, i64 1" [../src/grayscale.cpp:9->../src/canny_top.cpp:23]   --->   Operation 301 'readreq' 'gmem_in_load_2_req' <Predicate = true> <Delay = 3.65> <CoreInst = "m_axi">   --->   Core 119 'm_axi' <Latency = 6> <II = 1> <Delay = 1.00> <Adapter> <Opcode : 'readrequnaligned' 'writerequnaligned' 'read' 'write' 'readreq' 'writereq' 'writeresp'>

State 65 <SV = 64> <Delay = 0.00>
ST_65 : Operation 302 [8/71] (3.65ns)   --->   "%gmem_in_load_req = readreq i1 @_ssdm_op_ReadReq.m_axi.i32P1A, i32 %gmem_in_addr, i64 1" [../src/grayscale.cpp:9->../src/canny_top.cpp:23]   --->   Operation 302 'readreq' 'gmem_in_load_req' <Predicate = true> <Delay = 3.65> <CoreInst = "m_axi">   --->   Core 119 'm_axi' <Latency = 6> <II = 1> <Delay = 1.00> <Adapter> <Opcode : 'readrequnaligned' 'writerequnaligned' 'read' 'write' 'readreq' 'writereq' 'writeresp'>
ST_65 : Operation 303 [9/71] (3.65ns)   --->   "%gmem_in_load_1_req = readreq i1 @_ssdm_op_ReadReq.m_axi.i32P1A, i32 %gmem_in_addr_1, i64 1" [../src/grayscale.cpp:9->../src/canny_top.cpp:23]   --->   Operation 303 'readreq' 'gmem_in_load_1_req' <Predicate = true> <Delay = 3.65> <CoreInst = "m_axi">   --->   Core 119 'm_axi' <Latency = 6> <II = 1> <Delay = 1.00> <Adapter> <Opcode : 'readrequnaligned' 'writerequnaligned' 'read' 'write' 'readreq' 'writereq' 'writeresp'>
ST_65 : Operation 304 [10/71] (3.65ns)   --->   "%gmem_in_load_2_req = readreq i1 @_ssdm_op_ReadReq.m_axi.i32P1A, i32 %gmem_in_addr_2, i64 1" [../src/grayscale.cpp:9->../src/canny_top.cpp:23]   --->   Operation 304 'readreq' 'gmem_in_load_2_req' <Predicate = true> <Delay = 3.65> <CoreInst = "m_axi">   --->   Core 119 'm_axi' <Latency = 6> <II = 1> <Delay = 1.00> <Adapter> <Opcode : 'readrequnaligned' 'writerequnaligned' 'read' 'write' 'readreq' 'writereq' 'writeresp'>

State 66 <SV = 65> <Delay = 0.00>
ST_66 : Operation 305 [7/71] (3.65ns)   --->   "%gmem_in_load_req = readreq i1 @_ssdm_op_ReadReq.m_axi.i32P1A, i32 %gmem_in_addr, i64 1" [../src/grayscale.cpp:9->../src/canny_top.cpp:23]   --->   Operation 305 'readreq' 'gmem_in_load_req' <Predicate = true> <Delay = 3.65> <CoreInst = "m_axi">   --->   Core 119 'm_axi' <Latency = 6> <II = 1> <Delay = 1.00> <Adapter> <Opcode : 'readrequnaligned' 'writerequnaligned' 'read' 'write' 'readreq' 'writereq' 'writeresp'>
ST_66 : Operation 306 [8/71] (3.65ns)   --->   "%gmem_in_load_1_req = readreq i1 @_ssdm_op_ReadReq.m_axi.i32P1A, i32 %gmem_in_addr_1, i64 1" [../src/grayscale.cpp:9->../src/canny_top.cpp:23]   --->   Operation 306 'readreq' 'gmem_in_load_1_req' <Predicate = true> <Delay = 3.65> <CoreInst = "m_axi">   --->   Core 119 'm_axi' <Latency = 6> <II = 1> <Delay = 1.00> <Adapter> <Opcode : 'readrequnaligned' 'writerequnaligned' 'read' 'write' 'readreq' 'writereq' 'writeresp'>
ST_66 : Operation 307 [9/71] (3.65ns)   --->   "%gmem_in_load_2_req = readreq i1 @_ssdm_op_ReadReq.m_axi.i32P1A, i32 %gmem_in_addr_2, i64 1" [../src/grayscale.cpp:9->../src/canny_top.cpp:23]   --->   Operation 307 'readreq' 'gmem_in_load_2_req' <Predicate = true> <Delay = 3.65> <CoreInst = "m_axi">   --->   Core 119 'm_axi' <Latency = 6> <II = 1> <Delay = 1.00> <Adapter> <Opcode : 'readrequnaligned' 'writerequnaligned' 'read' 'write' 'readreq' 'writereq' 'writeresp'>

State 67 <SV = 66> <Delay = 0.00>
ST_67 : Operation 308 [6/71] (3.65ns)   --->   "%gmem_in_load_req = readreq i1 @_ssdm_op_ReadReq.m_axi.i32P1A, i32 %gmem_in_addr, i64 1" [../src/grayscale.cpp:9->../src/canny_top.cpp:23]   --->   Operation 308 'readreq' 'gmem_in_load_req' <Predicate = true> <Delay = 3.65> <CoreInst = "m_axi">   --->   Core 119 'm_axi' <Latency = 6> <II = 1> <Delay = 1.00> <Adapter> <Opcode : 'readrequnaligned' 'writerequnaligned' 'read' 'write' 'readreq' 'writereq' 'writeresp'>
ST_67 : Operation 309 [7/71] (3.65ns)   --->   "%gmem_in_load_1_req = readreq i1 @_ssdm_op_ReadReq.m_axi.i32P1A, i32 %gmem_in_addr_1, i64 1" [../src/grayscale.cpp:9->../src/canny_top.cpp:23]   --->   Operation 309 'readreq' 'gmem_in_load_1_req' <Predicate = true> <Delay = 3.65> <CoreInst = "m_axi">   --->   Core 119 'm_axi' <Latency = 6> <II = 1> <Delay = 1.00> <Adapter> <Opcode : 'readrequnaligned' 'writerequnaligned' 'read' 'write' 'readreq' 'writereq' 'writeresp'>
ST_67 : Operation 310 [8/71] (3.65ns)   --->   "%gmem_in_load_2_req = readreq i1 @_ssdm_op_ReadReq.m_axi.i32P1A, i32 %gmem_in_addr_2, i64 1" [../src/grayscale.cpp:9->../src/canny_top.cpp:23]   --->   Operation 310 'readreq' 'gmem_in_load_2_req' <Predicate = true> <Delay = 3.65> <CoreInst = "m_axi">   --->   Core 119 'm_axi' <Latency = 6> <II = 1> <Delay = 1.00> <Adapter> <Opcode : 'readrequnaligned' 'writerequnaligned' 'read' 'write' 'readreq' 'writereq' 'writeresp'>

State 68 <SV = 67> <Delay = 0.00>
ST_68 : Operation 311 [5/71] (3.65ns)   --->   "%gmem_in_load_req = readreq i1 @_ssdm_op_ReadReq.m_axi.i32P1A, i32 %gmem_in_addr, i64 1" [../src/grayscale.cpp:9->../src/canny_top.cpp:23]   --->   Operation 311 'readreq' 'gmem_in_load_req' <Predicate = true> <Delay = 3.65> <CoreInst = "m_axi">   --->   Core 119 'm_axi' <Latency = 6> <II = 1> <Delay = 1.00> <Adapter> <Opcode : 'readrequnaligned' 'writerequnaligned' 'read' 'write' 'readreq' 'writereq' 'writeresp'>
ST_68 : Operation 312 [6/71] (3.65ns)   --->   "%gmem_in_load_1_req = readreq i1 @_ssdm_op_ReadReq.m_axi.i32P1A, i32 %gmem_in_addr_1, i64 1" [../src/grayscale.cpp:9->../src/canny_top.cpp:23]   --->   Operation 312 'readreq' 'gmem_in_load_1_req' <Predicate = true> <Delay = 3.65> <CoreInst = "m_axi">   --->   Core 119 'm_axi' <Latency = 6> <II = 1> <Delay = 1.00> <Adapter> <Opcode : 'readrequnaligned' 'writerequnaligned' 'read' 'write' 'readreq' 'writereq' 'writeresp'>
ST_68 : Operation 313 [7/71] (3.65ns)   --->   "%gmem_in_load_2_req = readreq i1 @_ssdm_op_ReadReq.m_axi.i32P1A, i32 %gmem_in_addr_2, i64 1" [../src/grayscale.cpp:9->../src/canny_top.cpp:23]   --->   Operation 313 'readreq' 'gmem_in_load_2_req' <Predicate = true> <Delay = 3.65> <CoreInst = "m_axi">   --->   Core 119 'm_axi' <Latency = 6> <II = 1> <Delay = 1.00> <Adapter> <Opcode : 'readrequnaligned' 'writerequnaligned' 'read' 'write' 'readreq' 'writereq' 'writeresp'>

State 69 <SV = 68> <Delay = 0.00>
ST_69 : Operation 314 [4/71] (3.65ns)   --->   "%gmem_in_load_req = readreq i1 @_ssdm_op_ReadReq.m_axi.i32P1A, i32 %gmem_in_addr, i64 1" [../src/grayscale.cpp:9->../src/canny_top.cpp:23]   --->   Operation 314 'readreq' 'gmem_in_load_req' <Predicate = true> <Delay = 3.65> <CoreInst = "m_axi">   --->   Core 119 'm_axi' <Latency = 6> <II = 1> <Delay = 1.00> <Adapter> <Opcode : 'readrequnaligned' 'writerequnaligned' 'read' 'write' 'readreq' 'writereq' 'writeresp'>
ST_69 : Operation 315 [5/71] (3.65ns)   --->   "%gmem_in_load_1_req = readreq i1 @_ssdm_op_ReadReq.m_axi.i32P1A, i32 %gmem_in_addr_1, i64 1" [../src/grayscale.cpp:9->../src/canny_top.cpp:23]   --->   Operation 315 'readreq' 'gmem_in_load_1_req' <Predicate = true> <Delay = 3.65> <CoreInst = "m_axi">   --->   Core 119 'm_axi' <Latency = 6> <II = 1> <Delay = 1.00> <Adapter> <Opcode : 'readrequnaligned' 'writerequnaligned' 'read' 'write' 'readreq' 'writereq' 'writeresp'>
ST_69 : Operation 316 [6/71] (3.65ns)   --->   "%gmem_in_load_2_req = readreq i1 @_ssdm_op_ReadReq.m_axi.i32P1A, i32 %gmem_in_addr_2, i64 1" [../src/grayscale.cpp:9->../src/canny_top.cpp:23]   --->   Operation 316 'readreq' 'gmem_in_load_2_req' <Predicate = true> <Delay = 3.65> <CoreInst = "m_axi">   --->   Core 119 'm_axi' <Latency = 6> <II = 1> <Delay = 1.00> <Adapter> <Opcode : 'readrequnaligned' 'writerequnaligned' 'read' 'write' 'readreq' 'writereq' 'writeresp'>

State 70 <SV = 69> <Delay = 0.00>
ST_70 : Operation 317 [3/71] (3.65ns)   --->   "%gmem_in_load_req = readreq i1 @_ssdm_op_ReadReq.m_axi.i32P1A, i32 %gmem_in_addr, i64 1" [../src/grayscale.cpp:9->../src/canny_top.cpp:23]   --->   Operation 317 'readreq' 'gmem_in_load_req' <Predicate = true> <Delay = 3.65> <CoreInst = "m_axi">   --->   Core 119 'm_axi' <Latency = 6> <II = 1> <Delay = 1.00> <Adapter> <Opcode : 'readrequnaligned' 'writerequnaligned' 'read' 'write' 'readreq' 'writereq' 'writeresp'>
ST_70 : Operation 318 [4/71] (3.65ns)   --->   "%gmem_in_load_1_req = readreq i1 @_ssdm_op_ReadReq.m_axi.i32P1A, i32 %gmem_in_addr_1, i64 1" [../src/grayscale.cpp:9->../src/canny_top.cpp:23]   --->   Operation 318 'readreq' 'gmem_in_load_1_req' <Predicate = true> <Delay = 3.65> <CoreInst = "m_axi">   --->   Core 119 'm_axi' <Latency = 6> <II = 1> <Delay = 1.00> <Adapter> <Opcode : 'readrequnaligned' 'writerequnaligned' 'read' 'write' 'readreq' 'writereq' 'writeresp'>
ST_70 : Operation 319 [5/71] (3.65ns)   --->   "%gmem_in_load_2_req = readreq i1 @_ssdm_op_ReadReq.m_axi.i32P1A, i32 %gmem_in_addr_2, i64 1" [../src/grayscale.cpp:9->../src/canny_top.cpp:23]   --->   Operation 319 'readreq' 'gmem_in_load_2_req' <Predicate = true> <Delay = 3.65> <CoreInst = "m_axi">   --->   Core 119 'm_axi' <Latency = 6> <II = 1> <Delay = 1.00> <Adapter> <Opcode : 'readrequnaligned' 'writerequnaligned' 'read' 'write' 'readreq' 'writereq' 'writeresp'>

State 71 <SV = 70> <Delay = 0.00>
ST_71 : Operation 320 [2/71] (3.65ns)   --->   "%gmem_in_load_req = readreq i1 @_ssdm_op_ReadReq.m_axi.i32P1A, i32 %gmem_in_addr, i64 1" [../src/grayscale.cpp:9->../src/canny_top.cpp:23]   --->   Operation 320 'readreq' 'gmem_in_load_req' <Predicate = true> <Delay = 3.65> <CoreInst = "m_axi">   --->   Core 119 'm_axi' <Latency = 6> <II = 1> <Delay = 1.00> <Adapter> <Opcode : 'readrequnaligned' 'writerequnaligned' 'read' 'write' 'readreq' 'writereq' 'writeresp'>
ST_71 : Operation 321 [3/71] (3.65ns)   --->   "%gmem_in_load_1_req = readreq i1 @_ssdm_op_ReadReq.m_axi.i32P1A, i32 %gmem_in_addr_1, i64 1" [../src/grayscale.cpp:9->../src/canny_top.cpp:23]   --->   Operation 321 'readreq' 'gmem_in_load_1_req' <Predicate = true> <Delay = 3.65> <CoreInst = "m_axi">   --->   Core 119 'm_axi' <Latency = 6> <II = 1> <Delay = 1.00> <Adapter> <Opcode : 'readrequnaligned' 'writerequnaligned' 'read' 'write' 'readreq' 'writereq' 'writeresp'>
ST_71 : Operation 322 [4/71] (3.65ns)   --->   "%gmem_in_load_2_req = readreq i1 @_ssdm_op_ReadReq.m_axi.i32P1A, i32 %gmem_in_addr_2, i64 1" [../src/grayscale.cpp:9->../src/canny_top.cpp:23]   --->   Operation 322 'readreq' 'gmem_in_load_2_req' <Predicate = true> <Delay = 3.65> <CoreInst = "m_axi">   --->   Core 119 'm_axi' <Latency = 6> <II = 1> <Delay = 1.00> <Adapter> <Opcode : 'readrequnaligned' 'writerequnaligned' 'read' 'write' 'readreq' 'writereq' 'writeresp'>

State 72 <SV = 71> <Delay = 3.65>
ST_72 : Operation 323 [1/71] ( I:3.65ns O:3.65ns )   --->   "%gmem_in_load_req = readreq i1 @_ssdm_op_ReadReq.m_axi.i32P1A, i32 %gmem_in_addr, i64 1" [../src/grayscale.cpp:9->../src/canny_top.cpp:23]   --->   Operation 323 'readreq' 'gmem_in_load_req' <Predicate = true> <Delay = 3.65> <CoreInst = "m_axi">   --->   Core 119 'm_axi' <Latency = 6> <II = 1> <Delay = 1.00> <Adapter> <Opcode : 'readrequnaligned' 'writerequnaligned' 'read' 'write' 'readreq' 'writereq' 'writeresp'>
ST_72 : Operation 324 [2/71] (3.65ns)   --->   "%gmem_in_load_1_req = readreq i1 @_ssdm_op_ReadReq.m_axi.i32P1A, i32 %gmem_in_addr_1, i64 1" [../src/grayscale.cpp:9->../src/canny_top.cpp:23]   --->   Operation 324 'readreq' 'gmem_in_load_1_req' <Predicate = true> <Delay = 3.65> <CoreInst = "m_axi">   --->   Core 119 'm_axi' <Latency = 6> <II = 1> <Delay = 1.00> <Adapter> <Opcode : 'readrequnaligned' 'writerequnaligned' 'read' 'write' 'readreq' 'writereq' 'writeresp'>
ST_72 : Operation 325 [3/71] (3.65ns)   --->   "%gmem_in_load_2_req = readreq i1 @_ssdm_op_ReadReq.m_axi.i32P1A, i32 %gmem_in_addr_2, i64 1" [../src/grayscale.cpp:9->../src/canny_top.cpp:23]   --->   Operation 325 'readreq' 'gmem_in_load_2_req' <Predicate = true> <Delay = 3.65> <CoreInst = "m_axi">   --->   Core 119 'm_axi' <Latency = 6> <II = 1> <Delay = 1.00> <Adapter> <Opcode : 'readrequnaligned' 'writerequnaligned' 'read' 'write' 'readreq' 'writereq' 'writeresp'>

State 73 <SV = 72> <Delay = 3.65>
ST_73 : Operation 326 [1/1] ( I:3.65ns O:3.65ns )   --->   "%gmem_in_addr_read = read i32 @_ssdm_op_Read.m_axi.i32P1A, i32 %gmem_in_addr" [../src/grayscale.cpp:9->../src/canny_top.cpp:23]   --->   Operation 326 'read' 'gmem_in_addr_read' <Predicate = true> <Delay = 3.65> <CoreInst = "m_axi">   --->   Core 119 'm_axi' <Latency = 3> <II = 1> <Delay = 1.00> <Adapter> <Opcode : 'readrequnaligned' 'writerequnaligned' 'read' 'write' 'readreq' 'writereq' 'writeresp'>
ST_73 : Operation 327 [1/71] ( I:3.65ns O:3.65ns )   --->   "%gmem_in_load_1_req = readreq i1 @_ssdm_op_ReadReq.m_axi.i32P1A, i32 %gmem_in_addr_1, i64 1" [../src/grayscale.cpp:9->../src/canny_top.cpp:23]   --->   Operation 327 'readreq' 'gmem_in_load_1_req' <Predicate = true> <Delay = 3.65> <CoreInst = "m_axi">   --->   Core 119 'm_axi' <Latency = 6> <II = 1> <Delay = 1.00> <Adapter> <Opcode : 'readrequnaligned' 'writerequnaligned' 'read' 'write' 'readreq' 'writereq' 'writeresp'>
ST_73 : Operation 328 [2/71] (3.65ns)   --->   "%gmem_in_load_2_req = readreq i1 @_ssdm_op_ReadReq.m_axi.i32P1A, i32 %gmem_in_addr_2, i64 1" [../src/grayscale.cpp:9->../src/canny_top.cpp:23]   --->   Operation 328 'readreq' 'gmem_in_load_2_req' <Predicate = true> <Delay = 3.65> <CoreInst = "m_axi">   --->   Core 119 'm_axi' <Latency = 6> <II = 1> <Delay = 1.00> <Adapter> <Opcode : 'readrequnaligned' 'writerequnaligned' 'read' 'write' 'readreq' 'writereq' 'writeresp'>

State 74 <SV = 73> <Delay = 3.65>
ST_74 : Operation 329 [1/1] (0.00ns)   --->   "%shl_ln9 = bitconcatenate i5 @_ssdm_op_BitConcatenate.i5.i2.i3, i2 %trunc_ln9, i3 0" [../src/grayscale.cpp:9->../src/canny_top.cpp:23]   --->   Operation 329 'bitconcatenate' 'shl_ln9' <Predicate = true> <Delay = 0.00>
ST_74 : Operation 330 [1/1] (0.00ns)   --->   "%zext_ln9_1 = zext i5 %shl_ln9" [../src/grayscale.cpp:9->../src/canny_top.cpp:23]   --->   Operation 330 'zext' 'zext_ln9_1' <Predicate = true> <Delay = 0.00>
ST_74 : Operation 331 [1/1] (1.38ns)   --->   "%lshr_ln9 = lshr i32 %gmem_in_addr_read, i32 %zext_ln9_1" [../src/grayscale.cpp:9->../src/canny_top.cpp:23]   --->   Operation 331 'lshr' 'lshr_ln9' <Predicate = true> <Delay = 1.38> <CoreInst = "Shifter">   --->   Core 75 'Shifter' <Latency = 0> <II = 1> <Delay = 1.38> <FuncUnit> <Opcode : 'shl' 'lshr' 'ashr'> <InPorts = 2> <OutPorts = 1>
ST_74 : Operation 332 [1/1] (0.00ns)   --->   "%trunc_ln9_1 = trunc i32 %lshr_ln9" [../src/grayscale.cpp:9->../src/canny_top.cpp:23]   --->   Operation 332 'trunc' 'trunc_ln9_1' <Predicate = true> <Delay = 0.00>
ST_74 : Operation 333 [1/1] ( I:3.65ns O:3.65ns )   --->   "%gmem_in_addr_1_read = read i32 @_ssdm_op_Read.m_axi.i32P1A, i32 %gmem_in_addr_1" [../src/grayscale.cpp:9->../src/canny_top.cpp:23]   --->   Operation 333 'read' 'gmem_in_addr_1_read' <Predicate = true> <Delay = 3.65> <CoreInst = "m_axi">   --->   Core 119 'm_axi' <Latency = 3> <II = 1> <Delay = 1.00> <Adapter> <Opcode : 'readrequnaligned' 'writerequnaligned' 'read' 'write' 'readreq' 'writereq' 'writeresp'>
ST_74 : Operation 334 [1/71] ( I:3.65ns O:3.65ns )   --->   "%gmem_in_load_2_req = readreq i1 @_ssdm_op_ReadReq.m_axi.i32P1A, i32 %gmem_in_addr_2, i64 1" [../src/grayscale.cpp:9->../src/canny_top.cpp:23]   --->   Operation 334 'readreq' 'gmem_in_load_2_req' <Predicate = true> <Delay = 3.65> <CoreInst = "m_axi">   --->   Core 119 'm_axi' <Latency = 6> <II = 1> <Delay = 1.00> <Adapter> <Opcode : 'readrequnaligned' 'writerequnaligned' 'read' 'write' 'readreq' 'writereq' 'writeresp'>

State 75 <SV = 74> <Delay = 3.65>
ST_75 : Operation 335 [1/1] (0.00ns)   --->   "%shl_ln9_1 = bitconcatenate i5 @_ssdm_op_BitConcatenate.i5.i2.i3, i2 %trunc_ln9_2, i3 0" [../src/grayscale.cpp:9->../src/canny_top.cpp:23]   --->   Operation 335 'bitconcatenate' 'shl_ln9_1' <Predicate = true> <Delay = 0.00>
ST_75 : Operation 336 [1/1] (0.00ns)   --->   "%zext_ln9_3 = zext i5 %shl_ln9_1" [../src/grayscale.cpp:9->../src/canny_top.cpp:23]   --->   Operation 336 'zext' 'zext_ln9_3' <Predicate = true> <Delay = 0.00>
ST_75 : Operation 337 [1/1] (1.38ns)   --->   "%lshr_ln9_1 = lshr i32 %gmem_in_addr_1_read, i32 %zext_ln9_3" [../src/grayscale.cpp:9->../src/canny_top.cpp:23]   --->   Operation 337 'lshr' 'lshr_ln9_1' <Predicate = true> <Delay = 1.38> <CoreInst = "Shifter">   --->   Core 75 'Shifter' <Latency = 0> <II = 1> <Delay = 1.38> <FuncUnit> <Opcode : 'shl' 'lshr' 'ashr'> <InPorts = 2> <OutPorts = 1>
ST_75 : Operation 338 [1/1] (0.00ns)   --->   "%trunc_ln9_3 = trunc i32 %lshr_ln9_1" [../src/grayscale.cpp:9->../src/canny_top.cpp:23]   --->   Operation 338 'trunc' 'trunc_ln9_3' <Predicate = true> <Delay = 0.00>
ST_75 : Operation 339 [1/1] ( I:3.65ns O:3.65ns )   --->   "%gmem_in_addr_2_read = read i32 @_ssdm_op_Read.m_axi.i32P1A, i32 %gmem_in_addr_2" [../src/grayscale.cpp:9->../src/canny_top.cpp:23]   --->   Operation 339 'read' 'gmem_in_addr_2_read' <Predicate = true> <Delay = 3.65> <CoreInst = "m_axi">   --->   Core 119 'm_axi' <Latency = 3> <II = 1> <Delay = 1.00> <Adapter> <Opcode : 'readrequnaligned' 'writerequnaligned' 'read' 'write' 'readreq' 'writereq' 'writeresp'>

State 76 <SV = 75> <Delay = 2.38>
ST_76 : Operation 340 [1/1] (0.00ns)   --->   "%shl_ln9_2 = bitconcatenate i5 @_ssdm_op_BitConcatenate.i5.i2.i3, i2 %trunc_ln9_4, i3 0" [../src/grayscale.cpp:9->../src/canny_top.cpp:23]   --->   Operation 340 'bitconcatenate' 'shl_ln9_2' <Predicate = true> <Delay = 0.00>
ST_76 : Operation 341 [1/1] (0.00ns)   --->   "%zext_ln9_5 = zext i5 %shl_ln9_2" [../src/grayscale.cpp:9->../src/canny_top.cpp:23]   --->   Operation 341 'zext' 'zext_ln9_5' <Predicate = true> <Delay = 0.00>
ST_76 : Operation 342 [1/1] (1.38ns)   --->   "%lshr_ln9_2 = lshr i32 %gmem_in_addr_2_read, i32 %zext_ln9_5" [../src/grayscale.cpp:9->../src/canny_top.cpp:23]   --->   Operation 342 'lshr' 'lshr_ln9_2' <Predicate = true> <Delay = 1.38> <CoreInst = "Shifter">   --->   Core 75 'Shifter' <Latency = 0> <II = 1> <Delay = 1.38> <FuncUnit> <Opcode : 'shl' 'lshr' 'ashr'> <InPorts = 2> <OutPorts = 1>
ST_76 : Operation 343 [1/1] (0.00ns)   --->   "%trunc_ln9_5 = trunc i32 %lshr_ln9_2" [../src/grayscale.cpp:9->../src/canny_top.cpp:23]   --->   Operation 343 'trunc' 'trunc_ln9_5' <Predicate = true> <Delay = 0.00>
ST_76 : Operation 344 [1/1] (0.00ns)   --->   "%zext_ln10_1 = zext i8 %trunc_ln9_5" [../src/grayscale.cpp:10->../src/canny_top.cpp:23]   --->   Operation 344 'zext' 'zext_ln10_1' <Predicate = true> <Delay = 0.00>
ST_76 : Operation 345 [3/3] (0.99ns) (grouped into DSP with root node add_ln10)   --->   "%mul_ln10_2 = mul i13 %zext_ln10_1, i13 29" [../src/grayscale.cpp:10->../src/canny_top.cpp:23]   --->   Operation 345 'mul' 'mul_ln10_2' <Predicate = true> <Delay = 0.99> <CoreInst = "DSP48">   --->   Core 124 'DSP48' <Latency = 3> <II = 1> <Delay = 0.53> <IPBlock> <Opcode : 'add' 'sub' 'mul' 'select'> <InPorts = 0> <OutPorts = 1> <Sync> <CReg>

State 77 <SV = 76> <Delay = 0.99>
ST_77 : Operation 346 [1/1] (0.00ns)   --->   "%zext_ln11 = zext i8 %trunc_ln9_3" [../src/grayscale.cpp:11->../src/canny_top.cpp:23]   --->   Operation 346 'zext' 'zext_ln11' <Predicate = true> <Delay = 0.00>
ST_77 : Operation 347 [3/3] (0.99ns) (grouped into DSP with root node gray)   --->   "%mul_ln10_1 = mul i16 %zext_ln11, i16 150" [../src/grayscale.cpp:10->../src/canny_top.cpp:23]   --->   Operation 347 'mul' 'mul_ln10_1' <Predicate = true> <Delay = 0.99> <CoreInst = "DSP48">   --->   Core 124 'DSP48' <Latency = 3> <II = 1> <Delay = 0.53> <IPBlock> <Opcode : 'add' 'sub' 'mul' 'select'> <InPorts = 0> <OutPorts = 1> <Sync> <CReg>
ST_77 : Operation 348 [2/3] (0.99ns) (grouped into DSP with root node add_ln10)   --->   "%mul_ln10_2 = mul i13 %zext_ln10_1, i13 29" [../src/grayscale.cpp:10->../src/canny_top.cpp:23]   --->   Operation 348 'mul' 'mul_ln10_2' <Predicate = true> <Delay = 0.99> <CoreInst = "DSP48">   --->   Core 124 'DSP48' <Latency = 3> <II = 1> <Delay = 0.53> <IPBlock> <Opcode : 'add' 'sub' 'mul' 'select'> <InPorts = 0> <OutPorts = 1> <Sync> <CReg>

State 78 <SV = 77> <Delay = 2.29>
ST_78 : Operation 349 [1/1] (0.00ns)   --->   "%zext_ln10 = zext i8 %trunc_ln9_1" [../src/grayscale.cpp:10->../src/canny_top.cpp:23]   --->   Operation 349 'zext' 'zext_ln10' <Predicate = true> <Delay = 0.00>
ST_78 : Operation 350 [1/1] (1.65ns)   --->   "%mul_ln10 = mul i15 %zext_ln10, i15 77" [../src/grayscale.cpp:10->../src/canny_top.cpp:23]   --->   Operation 350 'mul' 'mul_ln10' <Predicate = true> <Delay = 1.65> <CoreInst = "Multiplier">   --->   Core 3 'Multiplier' <Latency = 0> <II = 1> <Delay = 1.65> <FuncUnit> <Opcode : 'mul'> <InPorts = 2> <OutPorts = 1>
ST_78 : Operation 351 [2/3] (0.99ns) (grouped into DSP with root node gray)   --->   "%mul_ln10_1 = mul i16 %zext_ln11, i16 150" [../src/grayscale.cpp:10->../src/canny_top.cpp:23]   --->   Operation 351 'mul' 'mul_ln10_1' <Predicate = true> <Delay = 0.99> <CoreInst = "DSP48">   --->   Core 124 'DSP48' <Latency = 3> <II = 1> <Delay = 0.53> <IPBlock> <Opcode : 'add' 'sub' 'mul' 'select'> <InPorts = 0> <OutPorts = 1> <Sync> <CReg>
ST_78 : Operation 352 [1/3] (0.00ns) (grouped into DSP with root node add_ln10)   --->   "%mul_ln10_2 = mul i13 %zext_ln10_1, i13 29" [../src/grayscale.cpp:10->../src/canny_top.cpp:23]   --->   Operation 352 'mul' 'mul_ln10_2' <Predicate = true> <Delay = 0.00> <CoreInst = "DSP48">   --->   Core 124 'DSP48' <Latency = 3> <II = 1> <Delay = 0.53> <IPBlock> <Opcode : 'add' 'sub' 'mul' 'select'> <InPorts = 0> <OutPorts = 1> <Sync> <CReg>
ST_78 : Operation 353 [1/1] (0.00ns) (grouped into DSP with root node add_ln10)   --->   "%zext_ln10_2 = zext i13 %mul_ln10_2" [../src/grayscale.cpp:10->../src/canny_top.cpp:23]   --->   Operation 353 'zext' 'zext_ln10_2' <Predicate = true> <Delay = 0.00>
ST_78 : Operation 354 [2/2] (0.64ns) (root node of the DSP)   --->   "%add_ln10 = add i15 %mul_ln10, i15 %zext_ln10_2" [../src/grayscale.cpp:10->../src/canny_top.cpp:23]   --->   Operation 354 'add' 'add_ln10' <Predicate = true> <Delay = 0.64> <CoreInst = "DSP48">   --->   Core 124 'DSP48' <Latency = 3> <II = 1> <Delay = 0.53> <IPBlock> <Opcode : 'add' 'sub' 'mul' 'select'> <InPorts = 0> <OutPorts = 1> <Sync> <CReg>

State 79 <SV = 78> <Delay = 1.29>
ST_79 : Operation 355 [1/3] (0.00ns) (grouped into DSP with root node gray)   --->   "%mul_ln10_1 = mul i16 %zext_ln11, i16 150" [../src/grayscale.cpp:10->../src/canny_top.cpp:23]   --->   Operation 355 'mul' 'mul_ln10_1' <Predicate = true> <Delay = 0.00> <CoreInst = "DSP48">   --->   Core 124 'DSP48' <Latency = 3> <II = 1> <Delay = 0.53> <IPBlock> <Opcode : 'add' 'sub' 'mul' 'select'> <InPorts = 0> <OutPorts = 1> <Sync> <CReg>
ST_79 : Operation 356 [1/2] (0.64ns) (root node of the DSP)   --->   "%add_ln10 = add i15 %mul_ln10, i15 %zext_ln10_2" [../src/grayscale.cpp:10->../src/canny_top.cpp:23]   --->   Operation 356 'add' 'add_ln10' <Predicate = true> <Delay = 0.64> <CoreInst = "DSP48">   --->   Core 124 'DSP48' <Latency = 3> <II = 1> <Delay = 0.53> <IPBlock> <Opcode : 'add' 'sub' 'mul' 'select'> <InPorts = 0> <OutPorts = 1> <Sync> <CReg>
ST_79 : Operation 357 [1/1] (0.00ns)   --->   "%zext_ln10_3 = zext i15 %add_ln10" [../src/grayscale.cpp:10->../src/canny_top.cpp:23]   --->   Operation 357 'zext' 'zext_ln10_3' <Predicate = true> <Delay = 0.00>
ST_79 : Operation 358 [2/2] (0.64ns) (root node of the DSP)   --->   "%gray = add i16 %zext_ln10_3, i16 %mul_ln10_1" [../src/grayscale.cpp:10->../src/canny_top.cpp:23]   --->   Operation 358 'add' 'gray' <Predicate = true> <Delay = 0.64> <CoreInst = "DSP48">   --->   Core 124 'DSP48' <Latency = 3> <II = 1> <Delay = 0.53> <IPBlock> <Opcode : 'add' 'sub' 'mul' 'select'> <InPorts = 0> <OutPorts = 1> <Sync> <CReg>

State 80 <SV = 79> <Delay = 1.88>
ST_80 : Operation 359 [1/1] (0.00ns)   --->   "%zext_ln7 = zext i9 %column" [../src/grayscale.cpp:7->../src/canny_top.cpp:23]   --->   Operation 359 'zext' 'zext_ln7' <Predicate = true> <Delay = 0.00>
ST_80 : Operation 360 [1/1] (0.00ns)   --->   "%specpipeline_ln7 = specpipeline void @_ssdm_op_SpecPipeline, i32 4294967295, i32 0, i32 0, i32 0, i32 4294967295, void @empty_0" [../src/grayscale.cpp:7->../src/canny_top.cpp:23]   --->   Operation 360 'specpipeline' 'specpipeline_ln7' <Predicate = true> <Delay = 0.00>
ST_80 : Operation 361 [1/1] (0.00ns)   --->   "%speclooptripcount_ln7 = speclooptripcount void @_ssdm_op_SpecLoopTripCount, i64 512, i64 512, i64 512" [../src/grayscale.cpp:7->../src/canny_top.cpp:23]   --->   Operation 361 'speclooptripcount' 'speclooptripcount_ln7' <Predicate = true> <Delay = 0.00>
ST_80 : Operation 362 [1/1] (0.00ns)   --->   "%specloopname_ln7 = specloopname void @_ssdm_op_SpecLoopName, void @empty_18" [../src/grayscale.cpp:7->../src/canny_top.cpp:23]   --->   Operation 362 'specloopname' 'specloopname_ln7' <Predicate = true> <Delay = 0.00>
ST_80 : Operation 363 [1/2] (0.64ns) (root node of the DSP)   --->   "%gray = add i16 %zext_ln10_3, i16 %mul_ln10_1" [../src/grayscale.cpp:10->../src/canny_top.cpp:23]   --->   Operation 363 'add' 'gray' <Predicate = true> <Delay = 0.64> <CoreInst = "DSP48">   --->   Core 124 'DSP48' <Latency = 3> <II = 1> <Delay = 0.53> <IPBlock> <Opcode : 'add' 'sub' 'mul' 'select'> <InPorts = 0> <OutPorts = 1> <Sync> <CReg>
ST_80 : Operation 364 [1/1] (0.00ns)   --->   "%trunc_ln = partselect i8 @_ssdm_op_PartSelect.i8.i16.i32.i32, i16 %gray, i32 8, i32 15" [../src/grayscale.cpp:14->../src/canny_top.cpp:23]   --->   Operation 364 'partselect' 'trunc_ln' <Predicate = true> <Delay = 0.00>
ST_80 : Operation 365 [1/1] (0.00ns)   --->   "%out_grayscale_addr = getelementptr i8 %out_grayscale, i64 0, i64 %zext_ln7" [../src/grayscale.cpp:13->../src/canny_top.cpp:23]   --->   Operation 365 'getelementptr' 'out_grayscale_addr' <Predicate = true> <Delay = 0.00>
ST_80 : Operation 366 [1/1] ( I:1.23ns O:1.23ns )   --->   "%store_ln13 = store i8 %trunc_ln, i9 %out_grayscale_addr" [../src/grayscale.cpp:13->../src/canny_top.cpp:23]   --->   Operation 366 'store' 'store_ln13' <Predicate = true> <Delay = 1.23> <CoreInst = "RAM">   --->   Core 82 'RAM' <Latency = 1> <II = 1> <Delay = 1.23> <Storage> <Opcode : 'load' 'store'> <Ports = 2> <Width = 8> <Depth = 512> <RAM>
ST_80 : Operation 367 [1/1] (0.42ns)   --->   "%ret_ln0 = ret"   --->   Operation 367 'ret' 'ret_ln0' <Predicate = (icmp_ln7)> <Delay = 0.42>


============================================================
+ Verbose Summary: Timing violations
============================================================
Target clock period: 5.000ns, clock uncertainty: 1.350ns.

 <State 1>: 2.310ns
The critical path consists of the following:
	'store' operation ('store_ln7', ../src/grayscale.cpp:7->../src/canny_top.cpp:23) of constant 0 9 bit on local variable 'column', ../src/grayscale.cpp:7->../src/canny_top.cpp:23 [7]  (0.427 ns)
	'load' operation 9 bit ('column', ../src/grayscale.cpp:7->../src/canny_top.cpp:23) on local variable 'column', ../src/grayscale.cpp:7->../src/canny_top.cpp:23 [10]  (0.000 ns)
	'sub' operation 11 bit ('sub_ln9', ../src/grayscale.cpp:9->../src/canny_top.cpp:23) [17]  (0.798 ns)
	'add' operation 64 bit ('add_ln9', ../src/grayscale.cpp:9->../src/canny_top.cpp:23) [19]  (1.085 ns)

 <State 2>: 1.883ns
The critical path consists of the following:
	'add' operation 11 bit ('add_ln9_1', ../src/grayscale.cpp:9->../src/canny_top.cpp:23) [30]  (0.798 ns)
	'add' operation 64 bit ('add_ln9_2', ../src/grayscale.cpp:9->../src/canny_top.cpp:23) [32]  (1.085 ns)

 <State 3>: 1.883ns
The critical path consists of the following:
	'add' operation 11 bit ('add_ln9_3', ../src/grayscale.cpp:9->../src/canny_top.cpp:23) [43]  (0.798 ns)
	'add' operation 64 bit ('add_ln9_4', ../src/grayscale.cpp:9->../src/canny_top.cpp:23) [45]  (1.085 ns)

 <State 4>: 0.000ns
The critical path consists of the following:

 <State 5>: 0.000ns
The critical path consists of the following:

 <State 6>: 0.000ns
The critical path consists of the following:

 <State 7>: 0.000ns
The critical path consists of the following:

 <State 8>: 0.000ns
The critical path consists of the following:

 <State 9>: 0.000ns
The critical path consists of the following:

 <State 10>: 0.000ns
The critical path consists of the following:

 <State 11>: 0.000ns
The critical path consists of the following:

 <State 12>: 0.000ns
The critical path consists of the following:

 <State 13>: 0.000ns
The critical path consists of the following:

 <State 14>: 0.000ns
The critical path consists of the following:

 <State 15>: 0.000ns
The critical path consists of the following:

 <State 16>: 0.000ns
The critical path consists of the following:

 <State 17>: 0.000ns
The critical path consists of the following:

 <State 18>: 0.000ns
The critical path consists of the following:

 <State 19>: 0.000ns
The critical path consists of the following:

 <State 20>: 0.000ns
The critical path consists of the following:

 <State 21>: 0.000ns
The critical path consists of the following:

 <State 22>: 0.000ns
The critical path consists of the following:

 <State 23>: 0.000ns
The critical path consists of the following:

 <State 24>: 0.000ns
The critical path consists of the following:

 <State 25>: 0.000ns
The critical path consists of the following:

 <State 26>: 0.000ns
The critical path consists of the following:

 <State 27>: 0.000ns
The critical path consists of the following:

 <State 28>: 0.000ns
The critical path consists of the following:

 <State 29>: 0.000ns
The critical path consists of the following:

 <State 30>: 0.000ns
The critical path consists of the following:

 <State 31>: 0.000ns
The critical path consists of the following:

 <State 32>: 0.000ns
The critical path consists of the following:

 <State 33>: 0.000ns
The critical path consists of the following:

 <State 34>: 0.000ns
The critical path consists of the following:

 <State 35>: 0.000ns
The critical path consists of the following:

 <State 36>: 0.000ns
The critical path consists of the following:

 <State 37>: 0.000ns
The critical path consists of the following:

 <State 38>: 0.000ns
The critical path consists of the following:

 <State 39>: 0.000ns
The critical path consists of the following:

 <State 40>: 0.000ns
The critical path consists of the following:

 <State 41>: 0.000ns
The critical path consists of the following:

 <State 42>: 0.000ns
The critical path consists of the following:

 <State 43>: 0.000ns
The critical path consists of the following:

 <State 44>: 0.000ns
The critical path consists of the following:

 <State 45>: 0.000ns
The critical path consists of the following:

 <State 46>: 0.000ns
The critical path consists of the following:

 <State 47>: 0.000ns
The critical path consists of the following:

 <State 48>: 0.000ns
The critical path consists of the following:

 <State 49>: 0.000ns
The critical path consists of the following:

 <State 50>: 0.000ns
The critical path consists of the following:

 <State 51>: 0.000ns
The critical path consists of the following:

 <State 52>: 0.000ns
The critical path consists of the following:

 <State 53>: 0.000ns
The critical path consists of the following:

 <State 54>: 0.000ns
The critical path consists of the following:

 <State 55>: 0.000ns
The critical path consists of the following:

 <State 56>: 0.000ns
The critical path consists of the following:

 <State 57>: 0.000ns
The critical path consists of the following:

 <State 58>: 0.000ns
The critical path consists of the following:

 <State 59>: 0.000ns
The critical path consists of the following:

 <State 60>: 0.000ns
The critical path consists of the following:

 <State 61>: 0.000ns
The critical path consists of the following:

 <State 62>: 0.000ns
The critical path consists of the following:

 <State 63>: 0.000ns
The critical path consists of the following:

 <State 64>: 0.000ns
The critical path consists of the following:

 <State 65>: 0.000ns
The critical path consists of the following:

 <State 66>: 0.000ns
The critical path consists of the following:

 <State 67>: 0.000ns
The critical path consists of the following:

 <State 68>: 0.000ns
The critical path consists of the following:

 <State 69>: 0.000ns
The critical path consists of the following:

 <State 70>: 0.000ns
The critical path consists of the following:

 <State 71>: 0.000ns
The critical path consists of the following:

 <State 72>: 3.650ns
The critical path consists of the following:
	bus request operation ('gmem_in_load_req', ../src/grayscale.cpp:9->../src/canny_top.cpp:23) on port 'gmem_in' (../src/grayscale.cpp:9->../src/canny_top.cpp:23) [23]  (3.650 ns)

 <State 73>: 3.650ns
The critical path consists of the following:
	bus read operation ('gmem_in_addr_read', ../src/grayscale.cpp:9->../src/canny_top.cpp:23) on port 'gmem_in' (../src/grayscale.cpp:9->../src/canny_top.cpp:23) [24]  (3.650 ns)

 <State 74>: 3.650ns
The critical path consists of the following:
	bus read operation ('gmem_in_addr_1_read', ../src/grayscale.cpp:9->../src/canny_top.cpp:23) on port 'gmem_in' (../src/grayscale.cpp:9->../src/canny_top.cpp:23) [37]  (3.650 ns)

 <State 75>: 3.650ns
The critical path consists of the following:
	bus read operation ('gmem_in_addr_2_read', ../src/grayscale.cpp:9->../src/canny_top.cpp:23) on port 'gmem_in' (../src/grayscale.cpp:9->../src/canny_top.cpp:23) [50]  (3.650 ns)

 <State 76>: 2.384ns
The critical path consists of the following:
	'lshr' operation 32 bit ('lshr_ln9_2', ../src/grayscale.cpp:9->../src/canny_top.cpp:23) [54]  (1.388 ns)
	'mul' operation 13 bit of DSP[63] ('mul_ln10_2', ../src/grayscale.cpp:10->../src/canny_top.cpp:23) [61]  (0.996 ns)

 <State 77>: 0.996ns
The critical path consists of the following:
	'mul' operation 16 bit of DSP[65] ('mul_ln10_1', ../src/grayscale.cpp:10->../src/canny_top.cpp:23) [60]  (0.996 ns)

 <State 78>: 2.295ns
The critical path consists of the following:
	'mul' operation 15 bit ('mul_ln10', ../src/grayscale.cpp:10->../src/canny_top.cpp:23) [59]  (1.650 ns)
	'add' operation 15 bit of DSP[63] ('add_ln10', ../src/grayscale.cpp:10->../src/canny_top.cpp:23) [63]  (0.645 ns)

 <State 79>: 1.290ns
The critical path consists of the following:
	'add' operation 15 bit of DSP[63] ('add_ln10', ../src/grayscale.cpp:10->../src/canny_top.cpp:23) [63]  (0.645 ns)
	'add' operation 16 bit of DSP[65] ('gray', ../src/grayscale.cpp:10->../src/canny_top.cpp:23) [65]  (0.645 ns)

 <State 80>: 1.882ns
The critical path consists of the following:
	'add' operation 16 bit of DSP[65] ('gray', ../src/grayscale.cpp:10->../src/canny_top.cpp:23) [65]  (0.645 ns)
	'store' operation ('store_ln13', ../src/grayscale.cpp:13->../src/canny_top.cpp:23) of variable 'trunc_ln', ../src/grayscale.cpp:14->../src/canny_top.cpp:23 8 bit on array 'out_grayscale' [68]  (1.237 ns)


============================================================
+ Verbose Summary: Binding
============================================================
N/A
* FSMD analyzer results:
  - Output states:
 - Input state : 
  - Chain level:
	State 1
	State 2
	State 3
	State 4
	State 5
	State 6
	State 7
	State 8
	State 9
	State 10
	State 11
	State 12
	State 13
	State 14
	State 15
	State 16
	State 17
	State 18
	State 19
	State 20
	State 21
	State 22
	State 23
	State 24
	State 25
	State 26
	State 27
	State 28
	State 29
	State 30
	State 31
	State 32
	State 33
	State 34
	State 35
	State 36
	State 37
	State 38
	State 39
	State 40
	State 41
	State 42
	State 43
	State 44
	State 45
	State 46
	State 47
	State 48
	State 49
	State 50
	State 51
	State 52
	State 53
	State 54
	State 55
	State 56
	State 57
	State 58
	State 59
	State 60
	State 61
	State 62
	State 63
	State 64
	State 65
	State 66
	State 67
	State 68
	State 69
	State 70
	State 71
	State 72
	State 73
	State 74
	State 75
	State 76
	State 77
	State 78
	State 79
	State 80


============================================================
+ Verbose Summary: Datapath Resource usage 
============================================================
N/A
