

================================================================
== Vitis HLS Report for 'hysteresis_2_Pipeline_VITIS_LOOP_154_4'
================================================================
* Date:           Thu Jul 30 19:40:31 2026

* Version:        2025.2 (Build 6295257 on Nov 14 2025)
* Project:        canny_top
* Solution:       hls (Vitis Kernel Flow Target)
* Product family: zynquplus
* Target device:  xck26-sfvc784-2LV-c


================================================================
== Performance Estimates
================================================================
+ Timing: 
    * Summary: 
    +--------+---------+----------+------------+
    |  Clock |  Target | Estimated| Uncertainty|
    +--------+---------+----------+------------+
    |ap_clk  |  5.00 ns|  2.838 ns|     1.35 ns|
    +--------+---------+----------+------------+

+ Latency: 
    * Summary: 
    +---------+---------+----------+----------+-----+-----+-------------------+
    |  Latency (cycles) |  Latency (absolute) |  Interval |      Pipeline     |
    |   min   |   max   |    min   |    max   | min | max |        Type       |
    +---------+---------+----------+----------+-----+-----+-------------------+
    |      515|      515|  2.575 us|  2.575 us|    0|    0|  loop pipeline stp|
    +---------+---------+----------+----------+-----+-----+-------------------+

    + Detail: 
        * Instance: 
        N/A

        * Loop: 
        +--------------------+---------+---------+----------+-----------+-----------+------+----------+
        |                    |  Latency (cycles) | Iteration|  Initiation Interval  | Trip |          |
        |      Loop Name     |   min   |   max   |  Latency |  achieved |   target  | Count| Pipelined|
        +--------------------+---------+---------+----------+-----------+-----------+------+----------+
        |- VITIS_LOOP_154_4  |      513|      513|         2|          1|          1|   512|       yes|
        +--------------------+---------+---------+----------+-----------+-----------+------+----------+

============================================================
+ Verbose Summary: Synthesis Manager
============================================================
InlineROM: 1
ExposeGlobal: 0
============================================================
+ Verbose Summary: CDFG Model
============================================================
IsTopModel: 0
ResetActiveHigh: 1
IsCombinational: 0
IsDatapathOnly: 0
HasWiredReturn: 1
HasMFsm: 2
HasVarLatency: 1
IsPipeline: 0
IsRtlPipelined: 0
IsInstanceOverlapped: 0
IsDontTouch: 0
HasImplIP: 0
IsGatedGlobalClock: 0

+ Individual pipeline summary: 
  * Pipeline-0: initiation interval (II) = 1, depth = 2


============================================================
+ Verbose Summary: Schedule
============================================================
* Number of FSM states : 2
* Pipeline : 1
  Pipeline-0 : II = 1, D = 2, States = { 1 2 }
* Dataflow Pipeline: 0

* FSM state transitions: 
1 --> 2 
2 --> 

* FSM state operations: 

State 1 <SV = 0> <Delay = 2.83>
ST_1 : Operation 5 [1/1] (0.00ns)   --->   "%column_5 = alloca i32 1" [../src/hysteresis.cpp:154->../src/canny_top.cpp:35]   --->   Operation 5 'alloca' 'column_5' <Predicate = true> <Delay = 0.00>
ST_1 : Operation 6 [1/1] (0.00ns)   --->   "%empty = alloca i32 1"   --->   Operation 6 'alloca' 'empty' <Predicate = true> <Delay = 0.00>
ST_1 : Operation 7 [1/1] (0.00ns)   --->   "%empty_62 = alloca i32 1"   --->   Operation 7 'alloca' 'empty_62' <Predicate = true> <Delay = 0.00>
ST_1 : Operation 8 [1/1] (0.00ns)   --->   "%empty_63 = alloca i32 1"   --->   Operation 8 'alloca' 'empty_63' <Predicate = true> <Delay = 0.00>
ST_1 : Operation 9 [1/1] (0.00ns)   --->   "%centre = alloca i32 1" [../src/hysteresis.cpp:157->../src/canny_top.cpp:35]   --->   Operation 9 'alloca' 'centre' <Predicate = true> <Delay = 0.00>
ST_1 : Operation 10 [1/1] (0.00ns)   --->   "%empty_64 = alloca i32 1"   --->   Operation 10 'alloca' 'empty_64' <Predicate = true> <Delay = 0.00>
ST_1 : Operation 11 [1/1] (0.00ns)   --->   "%empty_65 = alloca i32 1"   --->   Operation 11 'alloca' 'empty_65' <Predicate = true> <Delay = 0.00>
ST_1 : Operation 12 [1/1] (0.00ns)   --->   "%empty_66 = alloca i32 1"   --->   Operation 12 'alloca' 'empty_66' <Predicate = true> <Delay = 0.00>
ST_1 : Operation 13 [1/1] (0.00ns)   --->   "%empty_67 = alloca i32 1"   --->   Operation 13 'alloca' 'empty_67' <Predicate = true> <Delay = 0.00>
ST_1 : Operation 14 [1/1] (0.00ns)   --->   "%empty_68 = alloca i32 1"   --->   Operation 14 'alloca' 'empty_68' <Predicate = true> <Delay = 0.00>
ST_1 : Operation 15 [1/1] (0.00ns)   --->   "%select_ln18_3_read = read i2 @_ssdm_op_Read.ap_auto.i2, i2 %select_ln18_3" [../src/hysteresis.cpp:103->../src/canny_top.cpp:35]   --->   Operation 15 'read' 'select_ln18_3_read' <Predicate = true> <Delay = 0.00>
ST_1 : Operation 16 [1/1] (0.00ns)   --->   "%p_smodpost_read = read i2 @_ssdm_op_Read.ap_auto.i2, i2 %p_smodpost" [../src/hysteresis.cpp:103->../src/canny_top.cpp:35]   --->   Operation 16 'read' 'p_smodpost_read' <Predicate = true> <Delay = 0.00>
ST_1 : Operation 17 [1/1] (0.00ns)   --->   "%select_ln18_read = read i2 @_ssdm_op_Read.ap_auto.i2, i2 %select_ln18" [../src/hysteresis.cpp:103->../src/canny_top.cpp:35]   --->   Operation 17 'read' 'select_ln18_read' <Predicate = true> <Delay = 0.00>
ST_1 : Operation 18 [1/1] (0.00ns)   --->   "%outputRow_read = read i31 @_ssdm_op_Read.ap_auto.i31, i31 %outputRow" [../src/hysteresis.cpp:103->../src/canny_top.cpp:35]   --->   Operation 18 'read' 'outputRow_read' <Predicate = true> <Delay = 0.00>
ST_1 : Operation 19 [1/1] (0.00ns)   --->   "%tmp_read = read i8 @_ssdm_op_Read.ap_auto.i8, i8 %tmp" [../src/hysteresis.cpp:103->../src/canny_top.cpp:35]   --->   Operation 19 'read' 'tmp_read' <Predicate = true> <Delay = 0.00>
ST_1 : Operation 20 [1/1] (0.00ns)   --->   "%tmp_26_read = read i8 @_ssdm_op_Read.ap_auto.i8, i8 %tmp_26" [../src/hysteresis.cpp:103->../src/canny_top.cpp:35]   --->   Operation 20 'read' 'tmp_26_read' <Predicate = true> <Delay = 0.00>
ST_1 : Operation 21 [1/1] (0.00ns)   --->   "%tmp_read_69 = read i8 @_ssdm_op_Read.ap_auto.i8, i8 %tmp_s" [../src/hysteresis.cpp:103->../src/canny_top.cpp:35]   --->   Operation 21 'read' 'tmp_read_69' <Predicate = true> <Delay = 0.00>
ST_1 : Operation 22 [1/1] (0.00ns)   --->   "%tmp_27_read = read i8 @_ssdm_op_Read.ap_auto.i8, i8 %tmp_27" [../src/hysteresis.cpp:103->../src/canny_top.cpp:35]   --->   Operation 22 'read' 'tmp_27_read' <Predicate = true> <Delay = 0.00>
ST_1 : Operation 23 [1/1] (0.00ns)   --->   "%tmp_25_read = read i8 @_ssdm_op_Read.ap_auto.i8, i8 %tmp_25" [../src/hysteresis.cpp:103->../src/canny_top.cpp:35]   --->   Operation 23 'read' 'tmp_25_read' <Predicate = true> <Delay = 0.00>
ST_1 : Operation 24 [1/1] (0.00ns)   --->   "%tmp_28_read = read i8 @_ssdm_op_Read.ap_auto.i8, i8 %tmp_28" [../src/hysteresis.cpp:103->../src/canny_top.cpp:35]   --->   Operation 24 'read' 'tmp_28_read' <Predicate = true> <Delay = 0.00>
ST_1 : Operation 25 [1/1] (1.00ns)   --->   "%hasBottom = icmp_ult  i31 %outputRow_read, i31 511" [../src/hysteresis.cpp:103->../src/canny_top.cpp:35]   --->   Operation 25 'icmp' 'hasBottom' <Predicate = true> <Delay = 1.00> <CoreInst = "Cmp">   --->   Core 9 'Cmp' <Latency = 0> <II = 1> <Delay = 1.00> <FuncUnit> <Opcode : 'seteq' 'setne' 'setle' 'setge' 'setlt' 'setgt'> <InPorts = 2> <OutPorts = 1>
ST_1 : Operation 26 [1/1] (1.00ns)   --->   "%hasTop = icmp_ne  i31 %outputRow_read, i31 0" [../src/hysteresis.cpp:102->../src/canny_top.cpp:35]   --->   Operation 26 'icmp' 'hasTop' <Predicate = true> <Delay = 1.00> <CoreInst = "Cmp">   --->   Core 9 'Cmp' <Latency = 0> <II = 1> <Delay = 1.00> <FuncUnit> <Opcode : 'seteq' 'setne' 'setle' 'setge' 'setlt' 'setgt'> <InPorts = 2> <OutPorts = 1>
ST_1 : Operation 27 [1/1] (0.42ns)   --->   "%store_ln103 = store i8 %tmp_28_read, i8 %empty_68" [../src/hysteresis.cpp:103->../src/canny_top.cpp:35]   --->   Operation 27 'store' 'store_ln103' <Predicate = true> <Delay = 0.42>
ST_1 : Operation 28 [1/1] (0.42ns)   --->   "%store_ln103 = store i8 %tmp_25_read, i8 %empty_67" [../src/hysteresis.cpp:103->../src/canny_top.cpp:35]   --->   Operation 28 'store' 'store_ln103' <Predicate = true> <Delay = 0.42>
ST_1 : Operation 29 [1/1] (0.42ns)   --->   "%store_ln103 = store i8 %tmp_27_read, i8 %empty_66" [../src/hysteresis.cpp:103->../src/canny_top.cpp:35]   --->   Operation 29 'store' 'store_ln103' <Predicate = true> <Delay = 0.42>
ST_1 : Operation 30 [1/1] (0.42ns)   --->   "%store_ln103 = store i8 %tmp_26_read, i8 %empty_65" [../src/hysteresis.cpp:103->../src/canny_top.cpp:35]   --->   Operation 30 'store' 'store_ln103' <Predicate = true> <Delay = 0.42>
ST_1 : Operation 31 [1/1] (0.42ns)   --->   "%store_ln103 = store i8 %tmp_read, i8 %empty_64" [../src/hysteresis.cpp:103->../src/canny_top.cpp:35]   --->   Operation 31 'store' 'store_ln103' <Predicate = true> <Delay = 0.42>
ST_1 : Operation 32 [1/1] (0.42ns)   --->   "%store_ln157 = store i8 %tmp_read_69, i8 %centre" [../src/hysteresis.cpp:157->../src/canny_top.cpp:35]   --->   Operation 32 'store' 'store_ln157' <Predicate = true> <Delay = 0.42>
ST_1 : Operation 33 [1/1] (0.42ns)   --->   "%store_ln103 = store i8 %tmp_25_read, i8 %empty_63" [../src/hysteresis.cpp:103->../src/canny_top.cpp:35]   --->   Operation 33 'store' 'store_ln103' <Predicate = true> <Delay = 0.42>
ST_1 : Operation 34 [1/1] (0.42ns)   --->   "%store_ln103 = store i8 %tmp_read_69, i8 %empty_62" [../src/hysteresis.cpp:103->../src/canny_top.cpp:35]   --->   Operation 34 'store' 'store_ln103' <Predicate = true> <Delay = 0.42>
ST_1 : Operation 35 [1/1] (0.42ns)   --->   "%store_ln103 = store i8 %tmp_read, i8 %empty" [../src/hysteresis.cpp:103->../src/canny_top.cpp:35]   --->   Operation 35 'store' 'store_ln103' <Predicate = true> <Delay = 0.42>
ST_1 : Operation 36 [1/1] (0.42ns)   --->   "%store_ln154 = store i10 0, i10 %column_5" [../src/hysteresis.cpp:154->../src/canny_top.cpp:35]   --->   Operation 36 'store' 'store_ln154' <Predicate = true> <Delay = 0.42>
ST_1 : Operation 37 [1/1] (0.00ns)   --->   "%br_ln0 = br void %for.body49.i"   --->   Operation 37 'br' 'br_ln0' <Predicate = true> <Delay = 0.00>
ST_1 : Operation 38 [1/1] (0.00ns)   --->   "%column = load i10 %column_5" [../src/hysteresis.cpp:154->../src/canny_top.cpp:35]   --->   Operation 38 'load' 'column' <Predicate = true> <Delay = 0.00>
ST_1 : Operation 39 [1/1] (0.78ns)   --->   "%icmp_ln154 = icmp_eq  i10 %column, i10 512" [../src/hysteresis.cpp:154->../src/canny_top.cpp:35]   --->   Operation 39 'icmp' 'icmp_ln154' <Predicate = true> <Delay = 0.78> <CoreInst = "Cmp">   --->   Core 9 'Cmp' <Latency = 0> <II = 1> <Delay = 0.78> <FuncUnit> <Opcode : 'seteq' 'setne' 'setle' 'setge' 'setlt' 'setgt'> <InPorts = 2> <OutPorts = 1>
ST_1 : Operation 40 [1/1] (0.78ns)   --->   "%add_ln154 = add i10 %column, i10 1" [../src/hysteresis.cpp:154->../src/canny_top.cpp:35]   --->   Operation 40 'add' 'add_ln154' <Predicate = true> <Delay = 0.78> <CoreInst = "Adder">   --->   Core 1 'Adder' <Latency = 0> <II = 1> <Delay = 0.78> <FuncUnit> <Opcode : 'add' 'sub'> <InPorts = 2> <OutPorts = 1>
ST_1 : Operation 41 [1/1] (0.00ns)   --->   "%br_ln154 = br i1 %icmp_ln154, void %for.body49.split.i, void %_Z10hysteresisILi2EEvPKhPhbPbh.6.exit.loopexit.exitStub" [../src/hysteresis.cpp:154->../src/canny_top.cpp:35]   --->   Operation 41 'br' 'br_ln154' <Predicate = true> <Delay = 0.00>
ST_1 : Operation 42 [1/1] (0.00ns)   --->   "%trunc_ln184 = trunc i10 %column" [../src/hysteresis.cpp:184->../src/canny_top.cpp:35]   --->   Operation 42 'trunc' 'trunc_ln184' <Predicate = (!icmp_ln154)> <Delay = 0.00>
ST_1 : Operation 43 [1/1] (0.00ns)   --->   "%zext_ln184 = zext i9 %trunc_ln184" [../src/hysteresis.cpp:184->../src/canny_top.cpp:35]   --->   Operation 43 'zext' 'zext_ln184' <Predicate = (!icmp_ln154)> <Delay = 0.00>
ST_1 : Operation 44 [1/1] (0.77ns)   --->   "%add_ln184 = add i10 %zext_ln184, i10 2" [../src/hysteresis.cpp:184->../src/canny_top.cpp:35]   --->   Operation 44 'add' 'add_ln184' <Predicate = (!icmp_ln154)> <Delay = 0.77> <CoreInst = "Adder">   --->   Core 1 'Adder' <Latency = 0> <II = 1> <Delay = 0.77> <FuncUnit> <Opcode : 'add' 'sub'> <InPorts = 2> <OutPorts = 1>
ST_1 : Operation 45 [1/1] (0.00ns)   --->   "%trunc_ln21 = trunc i10 %add_ln184" [../src/hysteresis.cpp:21->../src/hysteresis.cpp:184->../src/canny_top.cpp:35]   --->   Operation 45 'trunc' 'trunc_ln21' <Predicate = (!icmp_ln154)> <Delay = 0.00>
ST_1 : Operation 46 [1/1] (0.00ns)   --->   "%tmp_37 = bitselect i1 @_ssdm_op_BitSelect.i1.i10.i32, i10 %add_ln184, i32 9" [../src/hysteresis.cpp:24->../src/hysteresis.cpp:184->../src/canny_top.cpp:35]   --->   Operation 46 'bitselect' 'tmp_37' <Predicate = (!icmp_ln154)> <Delay = 0.00>
ST_1 : Operation 47 [1/1] (0.39ns)   --->   "%nextColumn = select i1 %tmp_37, i9 511, i9 %trunc_ln21" [../src/hysteresis.cpp:22->../src/hysteresis.cpp:184->../src/canny_top.cpp:35]   --->   Operation 47 'select' 'nextColumn' <Predicate = (!icmp_ln154)> <Delay = 0.39> <CoreInst = "Sel">   --->   Core 73 'Sel' <Latency = 0> <II = 1> <Delay = 0.39> <FuncUnit> <Opcode : 'select'> <InPorts = 3> <OutPorts = 1>
ST_1 : Operation 48 [1/1] (0.00ns)   --->   "%zext_ln191 = zext i9 %nextColumn" [../src/hysteresis.cpp:191->../src/canny_top.cpp:35]   --->   Operation 48 'zext' 'zext_ln191' <Predicate = (!icmp_ln154)> <Delay = 0.00>
ST_1 : Operation 49 [1/1] (0.00ns)   --->   "%p_ZN12_GLOBAL_N_110lineBufferILi2EEE_0_addr = getelementptr i8 %p_ZN12_GLOBAL_N_110lineBufferILi2EEE_0, i64 0, i64 %zext_ln191" [../src/hysteresis.cpp:191->../src/canny_top.cpp:35]   --->   Operation 49 'getelementptr' 'p_ZN12_GLOBAL_N_110lineBufferILi2EEE_0_addr' <Predicate = (!icmp_ln154)> <Delay = 0.00>
ST_1 : Operation 50 [2/2] (1.23ns)   --->   "%banked = load i9 %p_ZN12_GLOBAL_N_110lineBufferILi2EEE_0_addr" [../src/hysteresis.cpp:191->../src/canny_top.cpp:35]   --->   Operation 50 'load' 'banked' <Predicate = (!icmp_ln154)> <Delay = 1.23> <CoreInst = "RAM">   --->   Core 82 'RAM' <Latency = 1> <II = 1> <Delay = 1.23> <Storage> <Opcode : 'load' 'store'> <Ports = 2> <Width = 8> <Depth = 512> <RAM>
ST_1 : Operation 51 [1/1] (0.00ns)   --->   "%p_ZN12_GLOBAL_N_110lineBufferILi2EEE_1_addr = getelementptr i8 %p_ZN12_GLOBAL_N_110lineBufferILi2EEE_1, i64 0, i64 %zext_ln191" [../src/hysteresis.cpp:191->../src/canny_top.cpp:35]   --->   Operation 51 'getelementptr' 'p_ZN12_GLOBAL_N_110lineBufferILi2EEE_1_addr' <Predicate = (!icmp_ln154)> <Delay = 0.00>
ST_1 : Operation 52 [1/1] (0.00ns)   --->   "%p_ZN12_GLOBAL_N_110lineBufferILi2EEE_2_addr = getelementptr i8 %p_ZN12_GLOBAL_N_110lineBufferILi2EEE_2, i64 0, i64 %zext_ln191" [../src/hysteresis.cpp:191->../src/canny_top.cpp:35]   --->   Operation 52 'getelementptr' 'p_ZN12_GLOBAL_N_110lineBufferILi2EEE_2_addr' <Predicate = (!icmp_ln154)> <Delay = 0.00>
ST_1 : Operation 53 [2/2] (1.23ns)   --->   "%banked_7 = load i9 %p_ZN12_GLOBAL_N_110lineBufferILi2EEE_1_addr" [../src/hysteresis.cpp:191->../src/canny_top.cpp:35]   --->   Operation 53 'load' 'banked_7' <Predicate = (!icmp_ln154)> <Delay = 1.23> <CoreInst = "RAM">   --->   Core 82 'RAM' <Latency = 1> <II = 1> <Delay = 1.23> <Storage> <Opcode : 'load' 'store'> <Ports = 2> <Width = 8> <Depth = 512> <RAM>
ST_1 : Operation 54 [2/2] (1.23ns)   --->   "%banked_8 = load i9 %p_ZN12_GLOBAL_N_110lineBufferILi2EEE_2_addr" [../src/hysteresis.cpp:191->../src/canny_top.cpp:35]   --->   Operation 54 'load' 'banked_8' <Predicate = (!icmp_ln154)> <Delay = 1.23> <CoreInst = "RAM">   --->   Core 82 'RAM' <Latency = 1> <II = 1> <Delay = 1.23> <Storage> <Opcode : 'load' 'store'> <Ports = 2> <Width = 8> <Depth = 512> <RAM>
ST_1 : Operation 55 [1/1] (0.42ns)   --->   "%store_ln154 = store i10 %add_ln154, i10 %column_5" [../src/hysteresis.cpp:154->../src/canny_top.cpp:35]   --->   Operation 55 'store' 'store_ln154' <Predicate = (!icmp_ln154)> <Delay = 0.42>

State 2 <SV = 1> <Delay = 2.59>
ST_2 : Operation 56 [1/1] (0.00ns)   --->   "%centre_3 = load i8 %centre" [../src/hysteresis.cpp:162->../src/canny_top.cpp:35]   --->   Operation 56 'load' 'centre_3' <Predicate = true> <Delay = 0.00>
ST_2 : Operation 57 [1/1] (0.00ns)   --->   "%p_load19 = load i8 %empty_64" [../src/hysteresis.cpp:44->../src/hysteresis.cpp:167->../src/canny_top.cpp:35]   --->   Operation 57 'load' 'p_load19' <Predicate = true> <Delay = 0.00>
ST_2 : Operation 58 [1/1] (0.00ns)   --->   "%p_load18 = load i8 %empty_65" [../src/hysteresis.cpp:45->../src/hysteresis.cpp:167->../src/canny_top.cpp:35]   --->   Operation 58 'load' 'p_load18' <Predicate = true> <Delay = 0.00>
ST_2 : Operation 59 [1/1] (0.00ns)   --->   "%p_load17 = load i8 %empty_66" [../src/hysteresis.cpp:47->../src/hysteresis.cpp:167->../src/canny_top.cpp:35]   --->   Operation 59 'load' 'p_load17' <Predicate = true> <Delay = 0.00>
ST_2 : Operation 60 [1/1] (0.00ns)   --->   "%p_load16 = load i8 %empty_67" [../src/hysteresis.cpp:49->../src/hysteresis.cpp:167->../src/canny_top.cpp:35]   --->   Operation 60 'load' 'p_load16' <Predicate = true> <Delay = 0.00>
ST_2 : Operation 61 [1/1] (0.00ns)   --->   "%p_load = load i8 %empty_68" [../src/hysteresis.cpp:50->../src/hysteresis.cpp:167->../src/canny_top.cpp:35]   --->   Operation 61 'load' 'p_load' <Predicate = true> <Delay = 0.00>
ST_2 : Operation 62 [1/1] (0.00ns)   --->   "%zext_ln154 = zext i10 %column" [../src/hysteresis.cpp:154->../src/canny_top.cpp:35]   --->   Operation 62 'zext' 'zext_ln154' <Predicate = (!icmp_ln154)> <Delay = 0.00>
ST_2 : Operation 63 [1/1] (0.00ns)   --->   "%specpipeline_ln155 = specpipeline void @_ssdm_op_SpecPipeline, i32 1, i32 0, i32 0, i32 0, i32 4294967295, void @empty_14" [../src/hysteresis.cpp:155->../src/canny_top.cpp:35]   --->   Operation 63 'specpipeline' 'specpipeline_ln155' <Predicate = (!icmp_ln154)> <Delay = 0.00>
ST_2 : Operation 64 [1/1] (0.00ns)   --->   "%speclooptripcount_ln154 = speclooptripcount void @_ssdm_op_SpecLoopTripCount, i64 512, i64 512, i64 512" [../src/hysteresis.cpp:154->../src/canny_top.cpp:35]   --->   Operation 64 'speclooptripcount' 'speclooptripcount_ln154' <Predicate = (!icmp_ln154)> <Delay = 0.00>
ST_2 : Operation 65 [1/1] (0.00ns)   --->   "%specloopname_ln154 = specloopname void @_ssdm_op_SpecLoopName, void @empty_5" [../src/hysteresis.cpp:154->../src/canny_top.cpp:35]   --->   Operation 65 'specloopname' 'specloopname_ln154' <Predicate = (!icmp_ln154)> <Delay = 0.00>
ST_2 : Operation 66 [1/1] (0.78ns)   --->   "%hasLeft = icmp_ne  i10 %column, i10 0" [../src/hysteresis.cpp:159->../src/canny_top.cpp:35]   --->   Operation 66 'icmp' 'hasLeft' <Predicate = (!icmp_ln154)> <Delay = 0.78> <CoreInst = "Cmp">   --->   Core 9 'Cmp' <Latency = 0> <II = 1> <Delay = 0.78> <FuncUnit> <Opcode : 'seteq' 'setne' 'setle' 'setge' 'setlt' 'setgt'> <InPorts = 2> <OutPorts = 1>
ST_2 : Operation 67 [1/1] (0.78ns)   --->   "%hasRight = icmp_ult  i10 %column, i10 511" [../src/hysteresis.cpp:160->../src/canny_top.cpp:35]   --->   Operation 67 'icmp' 'hasRight' <Predicate = (!icmp_ln154)> <Delay = 0.78> <CoreInst = "Cmp">   --->   Core 9 'Cmp' <Latency = 0> <II = 1> <Delay = 0.78> <FuncUnit> <Opcode : 'seteq' 'setne' 'setle' 'setge' 'setlt' 'setgt'> <InPorts = 2> <OutPorts = 1>
ST_2 : Operation 68 [1/1] (0.76ns)   --->   "%switch_ln162 = switch i8 %centre_3, void %if.else70.i, i8 255, void %if.then55.i, i8 128, void %land.lhs.true.i" [../src/hysteresis.cpp:162->../src/canny_top.cpp:35]   --->   Operation 68 'switch' 'switch_ln162' <Predicate = (!icmp_ln154)> <Delay = 0.76>
ST_2 : Operation 69 [1/1] (0.00ns)   --->   "%p_load22 = load i8 %empty" [../src/hysteresis.cpp:43->../src/hysteresis.cpp:167->../src/canny_top.cpp:35]   --->   Operation 69 'load' 'p_load22' <Predicate = (!icmp_ln154 & centre_3 == 128)> <Delay = 0.00>
ST_2 : Operation 70 [1/1] (0.76ns)   --->   "%icmp_ln43 = icmp_eq  i8 %p_load22, i8 255" [../src/hysteresis.cpp:43->../src/hysteresis.cpp:167->../src/canny_top.cpp:35]   --->   Operation 70 'icmp' 'icmp_ln43' <Predicate = (!icmp_ln154 & centre_3 == 128)> <Delay = 0.76> <CoreInst = "Cmp">   --->   Core 9 'Cmp' <Latency = 0> <II = 1> <Delay = 0.76> <FuncUnit> <Opcode : 'seteq' 'setne' 'setle' 'setge' 'setlt' 'setgt'> <InPorts = 2> <OutPorts = 1>
ST_2 : Operation 71 [1/1] (0.00ns) (grouped into LUT with out node and_ln43_3)   --->   "%and_ln43 = and i1 %hasLeft, i1 %icmp_ln43" [../src/hysteresis.cpp:43->../src/hysteresis.cpp:167->../src/canny_top.cpp:35]   --->   Operation 71 'and' 'and_ln43' <Predicate = (!icmp_ln154 & centre_3 == 128)> <Delay = 0.00> <CoreInst = "LogicGate">   --->   Core 74 'LogicGate' <Latency = 0> <II = 1> <Delay = 0.28> <FuncUnit> <Opcode : 'and' 'or' 'xor'> <InPorts = 2> <OutPorts = 1>
ST_2 : Operation 72 [1/1] (0.28ns) (out node of the LUT)   --->   "%and_ln43_3 = and i1 %and_ln43, i1 %hasTop" [../src/hysteresis.cpp:43->../src/hysteresis.cpp:167->../src/canny_top.cpp:35]   --->   Operation 72 'and' 'and_ln43_3' <Predicate = (!icmp_ln154 & centre_3 == 128)> <Delay = 0.28> <CoreInst = "LogicGate">   --->   Core 74 'LogicGate' <Latency = 0> <II = 1> <Delay = 0.28> <FuncUnit> <Opcode : 'and' 'or' 'xor'> <InPorts = 2> <OutPorts = 1>
ST_2 : Operation 73 [1/1] (0.00ns)   --->   "%br_ln43 = br i1 %and_ln43_3, void %lor.lhs.false.i.i, void %_ZN12_GLOBAL__N_120has_strong_neighbourEPA3_Khbbbb.exit.thread.i" [../src/hysteresis.cpp:43->../src/hysteresis.cpp:167->../src/canny_top.cpp:35]   --->   Operation 73 'br' 'br_ln43' <Predicate = (!icmp_ln154 & centre_3 == 128)> <Delay = 0.00>
ST_2 : Operation 74 [1/1] (0.00ns)   --->   "%p_load21 = load i8 %empty_62" [../src/hysteresis.cpp:46->../src/hysteresis.cpp:167->../src/canny_top.cpp:35]   --->   Operation 74 'load' 'p_load21' <Predicate = (!icmp_ln154 & centre_3 == 128 & !and_ln43_3)> <Delay = 0.00>
ST_2 : Operation 75 [1/1] (0.76ns)   --->   "%icmp_ln46 = icmp_eq  i8 %p_load21, i8 255" [../src/hysteresis.cpp:46->../src/hysteresis.cpp:167->../src/canny_top.cpp:35]   --->   Operation 75 'icmp' 'icmp_ln46' <Predicate = (!icmp_ln154 & centre_3 == 128 & !and_ln43_3)> <Delay = 0.76> <CoreInst = "Cmp">   --->   Core 9 'Cmp' <Latency = 0> <II = 1> <Delay = 0.76> <FuncUnit> <Opcode : 'seteq' 'setne' 'setle' 'setge' 'setlt' 'setgt'> <InPorts = 2> <OutPorts = 1>
ST_2 : Operation 76 [1/1] (0.76ns)   --->   "%icmp_ln47 = icmp_eq  i8 %p_load17, i8 255" [../src/hysteresis.cpp:47->../src/hysteresis.cpp:167->../src/canny_top.cpp:35]   --->   Operation 76 'icmp' 'icmp_ln47' <Predicate = (!icmp_ln154 & centre_3 == 128 & !and_ln43_3)> <Delay = 0.76> <CoreInst = "Cmp">   --->   Core 9 'Cmp' <Latency = 0> <II = 1> <Delay = 0.76> <FuncUnit> <Opcode : 'seteq' 'setne' 'setle' 'setge' 'setlt' 'setgt'> <InPorts = 2> <OutPorts = 1>
ST_2 : Operation 77 [1/1] (0.00ns) (grouped into LUT with out node or_ln44)   --->   "%and_ln44 = and i1 %hasLeft, i1 %icmp_ln46" [../src/hysteresis.cpp:44->../src/hysteresis.cpp:167->../src/canny_top.cpp:35]   --->   Operation 77 'and' 'and_ln44' <Predicate = (!icmp_ln154 & centre_3 == 128 & !and_ln43_3)> <Delay = 0.00> <CoreInst = "LogicGate">   --->   Core 74 'LogicGate' <Latency = 0> <II = 1> <Delay = 0.28> <FuncUnit> <Opcode : 'and' 'or' 'xor'> <InPorts = 2> <OutPorts = 1>
ST_2 : Operation 78 [1/1] (0.00ns) (grouped into LUT with out node or_ln44)   --->   "%and_ln44_5 = and i1 %hasRight, i1 %icmp_ln47" [../src/hysteresis.cpp:44->../src/hysteresis.cpp:167->../src/canny_top.cpp:35]   --->   Operation 78 'and' 'and_ln44_5' <Predicate = (!icmp_ln154 & centre_3 == 128 & !and_ln43_3)> <Delay = 0.00> <CoreInst = "LogicGate">   --->   Core 74 'LogicGate' <Latency = 0> <II = 1> <Delay = 0.28> <FuncUnit> <Opcode : 'and' 'or' 'xor'> <InPorts = 2> <OutPorts = 1>
ST_2 : Operation 79 [1/1] (0.28ns) (out node of the LUT)   --->   "%or_ln44 = or i1 %and_ln44, i1 %and_ln44_5" [../src/hysteresis.cpp:44->../src/hysteresis.cpp:167->../src/canny_top.cpp:35]   --->   Operation 79 'or' 'or_ln44' <Predicate = (!icmp_ln154 & centre_3 == 128 & !and_ln43_3)> <Delay = 0.28> <CoreInst = "LogicGate">   --->   Core 74 'LogicGate' <Latency = 0> <II = 1> <Delay = 0.28> <FuncUnit> <Opcode : 'and' 'or' 'xor'> <InPorts = 2> <OutPorts = 1>
ST_2 : Operation 80 [1/1] (0.00ns)   --->   "%br_ln44 = br i1 %hasTop, void %lor.lhs.false15.i.i, void %land.lhs.true3.i.i" [../src/hysteresis.cpp:44->../src/hysteresis.cpp:167->../src/canny_top.cpp:35]   --->   Operation 80 'br' 'br_ln44' <Predicate = (!icmp_ln154 & centre_3 == 128 & !and_ln43_3)> <Delay = 0.00>
ST_2 : Operation 81 [1/1] (0.00ns)   --->   "%br_ln46 = br i1 %or_ln44, void %lor.lhs.false27.i.i, void %_ZN12_GLOBAL__N_120has_strong_neighbourEPA3_Khbbbb.exit.thread.i" [../src/hysteresis.cpp:46->../src/hysteresis.cpp:167->../src/canny_top.cpp:35]   --->   Operation 81 'br' 'br_ln46' <Predicate = (!icmp_ln154 & centre_3 == 128 & !and_ln43_3 & !hasTop)> <Delay = 0.00>
ST_2 : Operation 82 [1/1] (0.76ns)   --->   "%icmp_ln44 = icmp_eq  i8 %p_load19, i8 255" [../src/hysteresis.cpp:44->../src/hysteresis.cpp:167->../src/canny_top.cpp:35]   --->   Operation 82 'icmp' 'icmp_ln44' <Predicate = (!icmp_ln154 & centre_3 == 128 & !and_ln43_3 & hasTop)> <Delay = 0.76> <CoreInst = "Cmp">   --->   Core 9 'Cmp' <Latency = 0> <II = 1> <Delay = 0.76> <FuncUnit> <Opcode : 'seteq' 'setne' 'setle' 'setge' 'setlt' 'setgt'> <InPorts = 2> <OutPorts = 1>
ST_2 : Operation 83 [1/1] (0.76ns)   --->   "%icmp_ln45 = icmp_eq  i8 %p_load18, i8 255" [../src/hysteresis.cpp:45->../src/hysteresis.cpp:167->../src/canny_top.cpp:35]   --->   Operation 83 'icmp' 'icmp_ln45' <Predicate = (!icmp_ln154 & centre_3 == 128 & !and_ln43_3 & hasTop)> <Delay = 0.76> <CoreInst = "Cmp">   --->   Core 9 'Cmp' <Latency = 0> <II = 1> <Delay = 0.76> <FuncUnit> <Opcode : 'seteq' 'setne' 'setle' 'setge' 'setlt' 'setgt'> <InPorts = 2> <OutPorts = 1>
ST_2 : Operation 84 [1/1] (0.00ns) (grouped into LUT with out node or_ln44_6)   --->   "%and_ln44_6 = and i1 %hasRight, i1 %icmp_ln45" [../src/hysteresis.cpp:44->../src/hysteresis.cpp:167->../src/canny_top.cpp:35]   --->   Operation 84 'and' 'and_ln44_6' <Predicate = (!icmp_ln154 & centre_3 == 128 & !and_ln43_3 & hasTop)> <Delay = 0.00> <CoreInst = "LogicGate">   --->   Core 74 'LogicGate' <Latency = 0> <II = 1> <Delay = 0.28> <FuncUnit> <Opcode : 'and' 'or' 'xor'> <InPorts = 2> <OutPorts = 1>
ST_2 : Operation 85 [1/1] (0.00ns) (grouped into LUT with out node or_ln44_6)   --->   "%or_ln44_5 = or i1 %icmp_ln44, i1 %and_ln44_6" [../src/hysteresis.cpp:44->../src/hysteresis.cpp:167->../src/canny_top.cpp:35]   --->   Operation 85 'or' 'or_ln44_5' <Predicate = (!icmp_ln154 & centre_3 == 128 & !and_ln43_3 & hasTop)> <Delay = 0.00> <CoreInst = "LogicGate">   --->   Core 74 'LogicGate' <Latency = 0> <II = 1> <Delay = 0.28> <FuncUnit> <Opcode : 'and' 'or' 'xor'> <InPorts = 2> <OutPorts = 1>
ST_2 : Operation 86 [1/1] (0.28ns) (out node of the LUT)   --->   "%or_ln44_6 = or i1 %or_ln44_5, i1 %or_ln44" [../src/hysteresis.cpp:44->../src/hysteresis.cpp:167->../src/canny_top.cpp:35]   --->   Operation 86 'or' 'or_ln44_6' <Predicate = (!icmp_ln154 & centre_3 == 128 & !and_ln43_3 & hasTop)> <Delay = 0.28> <CoreInst = "LogicGate">   --->   Core 74 'LogicGate' <Latency = 0> <II = 1> <Delay = 0.28> <FuncUnit> <Opcode : 'and' 'or' 'xor'> <InPorts = 2> <OutPorts = 1>
ST_2 : Operation 87 [1/1] (0.00ns)   --->   "%br_ln44 = br i1 %or_ln44_6, void %lor.lhs.false27.i.i, void %_ZN12_GLOBAL__N_120has_strong_neighbourEPA3_Khbbbb.exit.thread.i" [../src/hysteresis.cpp:44->../src/hysteresis.cpp:167->../src/canny_top.cpp:35]   --->   Operation 87 'br' 'br_ln44' <Predicate = (!icmp_ln154 & centre_3 == 128 & !and_ln43_3 & hasTop)> <Delay = 0.00>
ST_2 : Operation 88 [1/1] (0.28ns)   --->   "%and_ln48 = and i1 %hasBottom, i1 %hasLeft" [../src/hysteresis.cpp:48->../src/hysteresis.cpp:167->../src/canny_top.cpp:35]   --->   Operation 88 'and' 'and_ln48' <Predicate = (!icmp_ln154 & centre_3 == 128 & !and_ln43_3 & hasTop & !or_ln44_6) | (!icmp_ln154 & centre_3 == 128 & !and_ln43_3 & !hasTop & !or_ln44)> <Delay = 0.28> <CoreInst = "LogicGate">   --->   Core 74 'LogicGate' <Latency = 0> <II = 1> <Delay = 0.28> <FuncUnit> <Opcode : 'and' 'or' 'xor'> <InPorts = 2> <OutPorts = 1>
ST_2 : Operation 89 [1/1] (0.00ns)   --->   "%br_ln48 = br i1 %and_ln48, void %lor.lhs.false34.i.i, void %land.lhs.true29.i.i" [../src/hysteresis.cpp:48->../src/hysteresis.cpp:167->../src/canny_top.cpp:35]   --->   Operation 89 'br' 'br_ln48' <Predicate = (!icmp_ln154 & centre_3 == 128 & !and_ln43_3 & hasTop & !or_ln44_6) | (!icmp_ln154 & centre_3 == 128 & !and_ln43_3 & !hasTop & !or_ln44)> <Delay = 0.00>
ST_2 : Operation 90 [1/1] (0.00ns)   --->   "%br_ln49 = br i1 %hasBottom, void %if.then67.i, void %land.lhs.true35.i.i" [../src/hysteresis.cpp:49->../src/hysteresis.cpp:167->../src/canny_top.cpp:35]   --->   Operation 90 'br' 'br_ln49' <Predicate = (!icmp_ln154 & centre_3 == 128 & !and_ln43_3 & hasTop & !or_ln44_6 & !and_ln48) | (!icmp_ln154 & centre_3 == 128 & !and_ln43_3 & !hasTop & !or_ln44 & !and_ln48)> <Delay = 0.00>
ST_2 : Operation 91 [1/1] (0.76ns)   --->   "%icmp_ln49_3 = icmp_eq  i8 %p_load16, i8 255" [../src/hysteresis.cpp:49->../src/hysteresis.cpp:167->../src/canny_top.cpp:35]   --->   Operation 91 'icmp' 'icmp_ln49_3' <Predicate = (!icmp_ln154 & centre_3 == 128 & !and_ln43_3 & hasTop & !or_ln44_6 & !and_ln48 & hasBottom) | (!icmp_ln154 & centre_3 == 128 & !and_ln43_3 & !hasTop & !or_ln44 & !and_ln48 & hasBottom)> <Delay = 0.76> <CoreInst = "Cmp">   --->   Core 9 'Cmp' <Latency = 0> <II = 1> <Delay = 0.76> <FuncUnit> <Opcode : 'seteq' 'setne' 'setle' 'setge' 'setlt' 'setgt'> <InPorts = 2> <OutPorts = 1>
ST_2 : Operation 92 [1/1] (0.00ns)   --->   "%br_ln49 = br i1 %icmp_ln49_3, void %lor.rhs.i.i, void %_ZN12_GLOBAL__N_120has_strong_neighbourEPA3_Khbbbb.exit.thread.i" [../src/hysteresis.cpp:49->../src/hysteresis.cpp:167->../src/canny_top.cpp:35]   --->   Operation 92 'br' 'br_ln49' <Predicate = (!icmp_ln154 & centre_3 == 128 & !and_ln43_3 & hasTop & !or_ln44_6 & !and_ln48 & hasBottom) | (!icmp_ln154 & centre_3 == 128 & !and_ln43_3 & !hasTop & !or_ln44 & !and_ln48 & hasBottom)> <Delay = 0.00>
ST_2 : Operation 93 [1/1] (0.00ns)   --->   "%p_load20 = load i8 %empty_63" [../src/hysteresis.cpp:48->../src/hysteresis.cpp:167->../src/canny_top.cpp:35]   --->   Operation 93 'load' 'p_load20' <Predicate = (!icmp_ln154 & centre_3 == 128 & !and_ln43_3 & hasTop & !or_ln44_6 & and_ln48) | (!icmp_ln154 & centre_3 == 128 & !and_ln43_3 & !hasTop & !or_ln44 & and_ln48)> <Delay = 0.00>
ST_2 : Operation 94 [1/1] (0.76ns)   --->   "%icmp_ln48 = icmp_eq  i8 %p_load20, i8 255" [../src/hysteresis.cpp:48->../src/hysteresis.cpp:167->../src/canny_top.cpp:35]   --->   Operation 94 'icmp' 'icmp_ln48' <Predicate = (!icmp_ln154 & centre_3 == 128 & !and_ln43_3 & hasTop & !or_ln44_6 & and_ln48) | (!icmp_ln154 & centre_3 == 128 & !and_ln43_3 & !hasTop & !or_ln44 & and_ln48)> <Delay = 0.76> <CoreInst = "Cmp">   --->   Core 9 'Cmp' <Latency = 0> <II = 1> <Delay = 0.76> <FuncUnit> <Opcode : 'seteq' 'setne' 'setle' 'setge' 'setlt' 'setgt'> <InPorts = 2> <OutPorts = 1>
ST_2 : Operation 95 [1/1] (0.76ns)   --->   "%icmp_ln49 = icmp_eq  i8 %p_load16, i8 255" [../src/hysteresis.cpp:49->../src/hysteresis.cpp:167->../src/canny_top.cpp:35]   --->   Operation 95 'icmp' 'icmp_ln49' <Predicate = (!icmp_ln154 & centre_3 == 128 & !and_ln43_3 & hasTop & !or_ln44_6 & and_ln48) | (!icmp_ln154 & centre_3 == 128 & !and_ln43_3 & !hasTop & !or_ln44 & and_ln48)> <Delay = 0.76> <CoreInst = "Cmp">   --->   Core 9 'Cmp' <Latency = 0> <II = 1> <Delay = 0.76> <FuncUnit> <Opcode : 'seteq' 'setne' 'setle' 'setge' 'setlt' 'setgt'> <InPorts = 2> <OutPorts = 1>
ST_2 : Operation 96 [1/1] (0.28ns)   --->   "%or_ln48 = or i1 %icmp_ln48, i1 %icmp_ln49" [../src/hysteresis.cpp:48->../src/hysteresis.cpp:167->../src/canny_top.cpp:35]   --->   Operation 96 'or' 'or_ln48' <Predicate = (!icmp_ln154 & centre_3 == 128 & !and_ln43_3 & hasTop & !or_ln44_6 & and_ln48) | (!icmp_ln154 & centre_3 == 128 & !and_ln43_3 & !hasTop & !or_ln44 & and_ln48)> <Delay = 0.28> <CoreInst = "LogicGate">   --->   Core 74 'LogicGate' <Latency = 0> <II = 1> <Delay = 0.28> <FuncUnit> <Opcode : 'and' 'or' 'xor'> <InPorts = 2> <OutPorts = 1>
ST_2 : Operation 97 [1/1] (0.00ns)   --->   "%br_ln48 = br i1 %or_ln48, void %lor.rhs.i.i, void %_ZN12_GLOBAL__N_120has_strong_neighbourEPA3_Khbbbb.exit.thread.i" [../src/hysteresis.cpp:48->../src/hysteresis.cpp:167->../src/canny_top.cpp:35]   --->   Operation 97 'br' 'br_ln48' <Predicate = (!icmp_ln154 & centre_3 == 128 & !and_ln43_3 & hasTop & !or_ln44_6 & and_ln48) | (!icmp_ln154 & centre_3 == 128 & !and_ln43_3 & !hasTop & !or_ln44 & and_ln48)> <Delay = 0.00>
ST_2 : Operation 98 [1/1] (0.76ns)   --->   "%icmp_ln50 = icmp_eq  i8 %p_load, i8 255" [../src/hysteresis.cpp:50->../src/hysteresis.cpp:167->../src/canny_top.cpp:35]   --->   Operation 98 'icmp' 'icmp_ln50' <Predicate = (!icmp_ln154 & centre_3 == 128 & !and_ln43_3 & hasTop & !or_ln44_6 & and_ln48 & !or_ln48) | (!icmp_ln154 & centre_3 == 128 & !and_ln43_3 & hasTop & !or_ln44_6 & !and_ln48 & hasBottom & !icmp_ln49_3) | (!icmp_ln154 & centre_3 == 128 & !and_ln43_3 & !hasTop & !or_ln44 & and_ln48 & !or_ln48) | (!icmp_ln154 & centre_3 == 128 & !and_ln43_3 & !hasTop & !or_ln44 & !and_ln48 & hasBottom & !icmp_ln49_3)> <Delay = 0.76> <CoreInst = "Cmp">   --->   Core 9 'Cmp' <Latency = 0> <II = 1> <Delay = 0.76> <FuncUnit> <Opcode : 'seteq' 'setne' 'setle' 'setge' 'setlt' 'setgt'> <InPorts = 2> <OutPorts = 1>
ST_2 : Operation 99 [1/1] (0.00ns) (grouped into LUT with out node and_ln50_3)   --->   "%and_ln50 = and i1 %hasBottom, i1 %icmp_ln50" [../src/hysteresis.cpp:50->../src/hysteresis.cpp:167->../src/canny_top.cpp:35]   --->   Operation 99 'and' 'and_ln50' <Predicate = (!icmp_ln154 & centre_3 == 128 & !and_ln43_3 & hasTop & !or_ln44_6 & and_ln48 & !or_ln48) | (!icmp_ln154 & centre_3 == 128 & !and_ln43_3 & hasTop & !or_ln44_6 & !and_ln48 & hasBottom & !icmp_ln49_3) | (!icmp_ln154 & centre_3 == 128 & !and_ln43_3 & !hasTop & !or_ln44 & and_ln48 & !or_ln48) | (!icmp_ln154 & centre_3 == 128 & !and_ln43_3 & !hasTop & !or_ln44 & !and_ln48 & hasBottom & !icmp_ln49_3)> <Delay = 0.00> <CoreInst = "LogicGate">   --->   Core 74 'LogicGate' <Latency = 0> <II = 1> <Delay = 0.28> <FuncUnit> <Opcode : 'and' 'or' 'xor'> <InPorts = 2> <OutPorts = 1>
ST_2 : Operation 100 [1/1] (0.28ns) (out node of the LUT)   --->   "%and_ln50_3 = and i1 %and_ln50, i1 %hasRight" [../src/hysteresis.cpp:50->../src/hysteresis.cpp:167->../src/canny_top.cpp:35]   --->   Operation 100 'and' 'and_ln50_3' <Predicate = (!icmp_ln154 & centre_3 == 128 & !and_ln43_3 & hasTop & !or_ln44_6 & and_ln48 & !or_ln48) | (!icmp_ln154 & centre_3 == 128 & !and_ln43_3 & hasTop & !or_ln44_6 & !and_ln48 & hasBottom & !icmp_ln49_3) | (!icmp_ln154 & centre_3 == 128 & !and_ln43_3 & !hasTop & !or_ln44 & and_ln48 & !or_ln48) | (!icmp_ln154 & centre_3 == 128 & !and_ln43_3 & !hasTop & !or_ln44 & !and_ln48 & hasBottom & !icmp_ln49_3)> <Delay = 0.28> <CoreInst = "LogicGate">   --->   Core 74 'LogicGate' <Latency = 0> <II = 1> <Delay = 0.28> <FuncUnit> <Opcode : 'and' 'or' 'xor'> <InPorts = 2> <OutPorts = 1>
ST_2 : Operation 101 [1/1] (0.00ns)   --->   "%br_ln166 = br i1 %and_ln50_3, void %if.then67.i, void %if.then61.i" [../src/hysteresis.cpp:166->../src/canny_top.cpp:35]   --->   Operation 101 'br' 'br_ln166' <Predicate = (!icmp_ln154 & centre_3 == 128 & !and_ln43_3 & hasTop & !or_ln44_6 & and_ln48 & !or_ln48) | (!icmp_ln154 & centre_3 == 128 & !and_ln43_3 & hasTop & !or_ln44_6 & !and_ln48 & hasBottom & !icmp_ln49_3) | (!icmp_ln154 & centre_3 == 128 & !and_ln43_3 & !hasTop & !or_ln44 & and_ln48 & !or_ln48) | (!icmp_ln154 & centre_3 == 128 & !and_ln43_3 & !hasTop & !or_ln44 & !and_ln48 & hasBottom & !icmp_ln49_3)> <Delay = 0.00>
ST_2 : Operation 102 [1/1] (0.00ns)   --->   "%out_hysteresis2_addr_3 = getelementptr i8 %out_hysteresis2, i64 0, i64 %zext_ln154" [../src/hysteresis.cpp:178->../src/canny_top.cpp:35]   --->   Operation 102 'getelementptr' 'out_hysteresis2_addr_3' <Predicate = (!icmp_ln154 & centre_3 == 128 & !and_ln43_3 & hasTop & !or_ln44_6 & and_ln48 & !or_ln48 & !and_ln50_3) | (!icmp_ln154 & centre_3 == 128 & !and_ln43_3 & hasTop & !or_ln44_6 & !and_ln48 & !icmp_ln49_3 & !and_ln50_3) | (!icmp_ln154 & centre_3 == 128 & !and_ln43_3 & hasTop & !or_ln44_6 & !and_ln48 & !hasBottom) | (!icmp_ln154 & centre_3 == 128 & !and_ln43_3 & !hasTop & !or_ln44 & and_ln48 & !or_ln48 & !and_ln50_3) | (!icmp_ln154 & centre_3 == 128 & !and_ln43_3 & !hasTop & !or_ln44 & !and_ln48 & !icmp_ln49_3 & !and_ln50_3) | (!icmp_ln154 & centre_3 == 128 & !and_ln43_3 & !hasTop & !or_ln44 & !and_ln48 & !hasBottom)> <Delay = 0.00>
ST_2 : Operation 103 [1/1] ( I:1.23ns O:1.23ns )   --->   "%store_ln178 = store i8 128, i9 %out_hysteresis2_addr_3" [../src/hysteresis.cpp:178->../src/canny_top.cpp:35]   --->   Operation 103 'store' 'store_ln178' <Predicate = (!icmp_ln154 & centre_3 == 128 & !and_ln43_3 & hasTop & !or_ln44_6 & and_ln48 & !or_ln48 & !and_ln50_3) | (!icmp_ln154 & centre_3 == 128 & !and_ln43_3 & hasTop & !or_ln44_6 & !and_ln48 & !icmp_ln49_3 & !and_ln50_3) | (!icmp_ln154 & centre_3 == 128 & !and_ln43_3 & hasTop & !or_ln44_6 & !and_ln48 & !hasBottom) | (!icmp_ln154 & centre_3 == 128 & !and_ln43_3 & !hasTop & !or_ln44 & and_ln48 & !or_ln48 & !and_ln50_3) | (!icmp_ln154 & centre_3 == 128 & !and_ln43_3 & !hasTop & !or_ln44 & !and_ln48 & !icmp_ln49_3 & !and_ln50_3) | (!icmp_ln154 & centre_3 == 128 & !and_ln43_3 & !hasTop & !or_ln44 & !and_ln48 & !hasBottom)> <Delay = 1.23> <CoreInst = "RAM">   --->   Core 82 'RAM' <Latency = 1> <II = 1> <Delay = 1.23> <Storage> <Opcode : 'load' 'store'> <Ports = 2> <Width = 8> <Depth = 512> <RAM>
ST_2 : Operation 104 [1/1] (0.00ns)   --->   "%br_ln179 = br void %if.end73.i" [../src/hysteresis.cpp:179->../src/canny_top.cpp:35]   --->   Operation 104 'br' 'br_ln179' <Predicate = (!icmp_ln154 & centre_3 == 128 & !and_ln43_3 & hasTop & !or_ln44_6 & and_ln48 & !or_ln48 & !and_ln50_3) | (!icmp_ln154 & centre_3 == 128 & !and_ln43_3 & hasTop & !or_ln44_6 & !and_ln48 & !icmp_ln49_3 & !and_ln50_3) | (!icmp_ln154 & centre_3 == 128 & !and_ln43_3 & hasTop & !or_ln44_6 & !and_ln48 & !hasBottom) | (!icmp_ln154 & centre_3 == 128 & !and_ln43_3 & !hasTop & !or_ln44 & and_ln48 & !or_ln48 & !and_ln50_3) | (!icmp_ln154 & centre_3 == 128 & !and_ln43_3 & !hasTop & !or_ln44 & !and_ln48 & !icmp_ln49_3 & !and_ln50_3) | (!icmp_ln154 & centre_3 == 128 & !and_ln43_3 & !hasTop & !or_ln44 & !and_ln48 & !hasBottom)> <Delay = 0.00>
ST_2 : Operation 105 [1/1] (0.00ns)   --->   "%br_ln166 = br void %if.then61.i" [../src/hysteresis.cpp:166->../src/canny_top.cpp:35]   --->   Operation 105 'br' 'br_ln166' <Predicate = (!icmp_ln154 & centre_3 == 128 & and_ln48 & or_ln48) | (!icmp_ln154 & centre_3 == 128 & !and_ln48 & hasBottom & icmp_ln49_3) | (!icmp_ln154 & centre_3 == 128 & hasTop & or_ln44_6) | (!icmp_ln154 & centre_3 == 128 & !hasTop & !and_ln48 & icmp_ln49_3) | (!icmp_ln154 & centre_3 == 128 & !hasTop & or_ln44) | (!icmp_ln154 & centre_3 == 128 & and_ln43_3)> <Delay = 0.00>
ST_2 : Operation 106 [1/1] (0.00ns)   --->   "%out_hysteresis2_addr_2 = getelementptr i8 %out_hysteresis2, i64 0, i64 %zext_ln154" [../src/hysteresis.cpp:175->../src/canny_top.cpp:35]   --->   Operation 106 'getelementptr' 'out_hysteresis2_addr_2' <Predicate = (!icmp_ln154 & centre_3 == 128 & hasBottom & and_ln50_3) | (!icmp_ln154 & centre_3 == 128 & and_ln48 & and_ln50_3) | (!icmp_ln154 & centre_3 == 128 & and_ln48 & or_ln48) | (!icmp_ln154 & centre_3 == 128 & !and_ln48 & hasBottom & icmp_ln49_3) | (!icmp_ln154 & centre_3 == 128 & hasTop & or_ln44_6) | (!icmp_ln154 & centre_3 == 128 & !hasTop & and_ln50_3) | (!icmp_ln154 & centre_3 == 128 & !hasTop & !and_ln48 & icmp_ln49_3) | (!icmp_ln154 & centre_3 == 128 & !hasTop & or_ln44) | (!icmp_ln154 & centre_3 == 128 & and_ln43_3)> <Delay = 0.00>
ST_2 : Operation 107 [1/1] ( I:1.23ns O:1.23ns )   --->   "%store_ln175 = store i8 255, i9 %out_hysteresis2_addr_2" [../src/hysteresis.cpp:175->../src/canny_top.cpp:35]   --->   Operation 107 'store' 'store_ln175' <Predicate = (!icmp_ln154 & centre_3 == 128 & hasBottom & and_ln50_3) | (!icmp_ln154 & centre_3 == 128 & and_ln48 & and_ln50_3) | (!icmp_ln154 & centre_3 == 128 & and_ln48 & or_ln48) | (!icmp_ln154 & centre_3 == 128 & !and_ln48 & hasBottom & icmp_ln49_3) | (!icmp_ln154 & centre_3 == 128 & hasTop & or_ln44_6) | (!icmp_ln154 & centre_3 == 128 & !hasTop & and_ln50_3) | (!icmp_ln154 & centre_3 == 128 & !hasTop & !and_ln48 & icmp_ln49_3) | (!icmp_ln154 & centre_3 == 128 & !hasTop & or_ln44) | (!icmp_ln154 & centre_3 == 128 & and_ln43_3)> <Delay = 1.23> <CoreInst = "RAM">   --->   Core 82 'RAM' <Latency = 1> <II = 1> <Delay = 1.23> <Storage> <Opcode : 'load' 'store'> <Ports = 2> <Width = 8> <Depth = 512> <RAM>
ST_2 : Operation 108 [1/1] (0.00ns)   --->   "%br_ln176 = br void %if.end74.i" [../src/hysteresis.cpp:176->../src/canny_top.cpp:35]   --->   Operation 108 'br' 'br_ln176' <Predicate = (!icmp_ln154 & centre_3 == 128 & hasBottom & and_ln50_3) | (!icmp_ln154 & centre_3 == 128 & and_ln48 & and_ln50_3) | (!icmp_ln154 & centre_3 == 128 & and_ln48 & or_ln48) | (!icmp_ln154 & centre_3 == 128 & !and_ln48 & hasBottom & icmp_ln49_3) | (!icmp_ln154 & centre_3 == 128 & hasTop & or_ln44_6) | (!icmp_ln154 & centre_3 == 128 & !hasTop & and_ln50_3) | (!icmp_ln154 & centre_3 == 128 & !hasTop & !and_ln48 & icmp_ln49_3) | (!icmp_ln154 & centre_3 == 128 & !hasTop & or_ln44) | (!icmp_ln154 & centre_3 == 128 & and_ln43_3)> <Delay = 0.00>
ST_2 : Operation 109 [1/1] (0.00ns)   --->   "%out_hysteresis2_addr_1 = getelementptr i8 %out_hysteresis2, i64 0, i64 %zext_ln154" [../src/hysteresis.cpp:163->../src/canny_top.cpp:35]   --->   Operation 109 'getelementptr' 'out_hysteresis2_addr_1' <Predicate = (!icmp_ln154 & centre_3 == 255)> <Delay = 0.00>
ST_2 : Operation 110 [1/1] ( I:1.23ns O:1.23ns )   --->   "%store_ln163 = store i8 255, i9 %out_hysteresis2_addr_1" [../src/hysteresis.cpp:163->../src/canny_top.cpp:35]   --->   Operation 110 'store' 'store_ln163' <Predicate = (!icmp_ln154 & centre_3 == 255)> <Delay = 1.23> <CoreInst = "RAM">   --->   Core 82 'RAM' <Latency = 1> <II = 1> <Delay = 1.23> <Storage> <Opcode : 'load' 'store'> <Ports = 2> <Width = 8> <Depth = 512> <RAM>
ST_2 : Operation 111 [1/1] (0.00ns)   --->   "%br_ln164 = br void %VITIS_LOOP_189_5.i" [../src/hysteresis.cpp:164->../src/canny_top.cpp:35]   --->   Operation 111 'br' 'br_ln164' <Predicate = (!icmp_ln154 & centre_3 == 255)> <Delay = 0.00>
ST_2 : Operation 112 [1/1] (0.00ns)   --->   "%out_hysteresis2_addr = getelementptr i8 %out_hysteresis2, i64 0, i64 %zext_ln154" [../src/hysteresis.cpp:181->../src/canny_top.cpp:35]   --->   Operation 112 'getelementptr' 'out_hysteresis2_addr' <Predicate = (!icmp_ln154 & centre_3 != 255 & centre_3 != 128)> <Delay = 0.00>
ST_2 : Operation 113 [1/1] ( I:1.23ns O:1.23ns )   --->   "%store_ln181 = store i8 0, i9 %out_hysteresis2_addr" [../src/hysteresis.cpp:181->../src/canny_top.cpp:35]   --->   Operation 113 'store' 'store_ln181' <Predicate = (!icmp_ln154 & centre_3 != 255 & centre_3 != 128)> <Delay = 1.23> <CoreInst = "RAM">   --->   Core 82 'RAM' <Latency = 1> <II = 1> <Delay = 1.23> <Storage> <Opcode : 'load' 'store'> <Ports = 2> <Width = 8> <Depth = 512> <RAM>
ST_2 : Operation 114 [1/1] (0.00ns)   --->   "%br_ln0 = br void %if.end73.i"   --->   Operation 114 'br' 'br_ln0' <Predicate = (!icmp_ln154 & centre_3 != 255 & centre_3 != 128)> <Delay = 0.00>
ST_2 : Operation 115 [1/1] (0.00ns)   --->   "%br_ln0 = br void %if.end74.i"   --->   Operation 115 'br' 'br_ln0' <Predicate = (!icmp_ln154 & centre_3 != 255 & !and_ln43_3 & hasTop & !or_ln44_6 & and_ln48 & !or_ln48 & !and_ln50_3) | (!icmp_ln154 & centre_3 != 255 & !and_ln43_3 & hasTop & !or_ln44_6 & !and_ln48 & !icmp_ln49_3 & !and_ln50_3) | (!icmp_ln154 & centre_3 != 255 & !and_ln43_3 & hasTop & !or_ln44_6 & !and_ln48 & !hasBottom) | (!icmp_ln154 & centre_3 != 255 & !and_ln43_3 & !hasTop & !or_ln44 & and_ln48 & !or_ln48 & !and_ln50_3) | (!icmp_ln154 & centre_3 != 255 & !and_ln43_3 & !hasTop & !or_ln44 & !and_ln48 & !icmp_ln49_3 & !and_ln50_3) | (!icmp_ln154 & centre_3 != 255 & centre_3 != 128)> <Delay = 0.00>
ST_2 : Operation 116 [1/1] (0.00ns)   --->   "%br_ln0 = br void %VITIS_LOOP_189_5.i"   --->   Operation 116 'br' 'br_ln0' <Predicate = (!icmp_ln154 & centre_3 != 255)> <Delay = 0.00>
ST_2 : Operation 117 [1/2] ( I:1.23ns O:1.23ns )   --->   "%banked = load i9 %p_ZN12_GLOBAL_N_110lineBufferILi2EEE_0_addr" [../src/hysteresis.cpp:191->../src/canny_top.cpp:35]   --->   Operation 117 'load' 'banked' <Predicate = (!icmp_ln154)> <Delay = 1.23> <CoreInst = "RAM">   --->   Core 82 'RAM' <Latency = 1> <II = 1> <Delay = 1.23> <Storage> <Opcode : 'load' 'store'> <Ports = 2> <Width = 8> <Depth = 512> <RAM>
ST_2 : Operation 118 [1/2] ( I:1.23ns O:1.23ns )   --->   "%banked_7 = load i9 %p_ZN12_GLOBAL_N_110lineBufferILi2EEE_1_addr" [../src/hysteresis.cpp:191->../src/canny_top.cpp:35]   --->   Operation 118 'load' 'banked_7' <Predicate = (!icmp_ln154)> <Delay = 1.23> <CoreInst = "RAM">   --->   Core 82 'RAM' <Latency = 1> <II = 1> <Delay = 1.23> <Storage> <Opcode : 'load' 'store'> <Ports = 2> <Width = 8> <Depth = 512> <RAM>
ST_2 : Operation 119 [1/2] ( I:1.23ns O:1.23ns )   --->   "%banked_8 = load i9 %p_ZN12_GLOBAL_N_110lineBufferILi2EEE_2_addr" [../src/hysteresis.cpp:191->../src/canny_top.cpp:35]   --->   Operation 119 'load' 'banked_8' <Predicate = (!icmp_ln154)> <Delay = 1.23> <CoreInst = "RAM">   --->   Core 82 'RAM' <Latency = 1> <II = 1> <Delay = 1.23> <Storage> <Opcode : 'load' 'store'> <Ports = 2> <Width = 8> <Depth = 512> <RAM>
ST_2 : Operation 120 [1/1] (0.42ns)   --->   "%tmp_29 = sparsemux i8 @_ssdm_op_SparseMux.ap_auto.3i8.i8.i2, i2 0, i8 %banked, i2 1, i8 %banked_7, i2 2, i8 %banked_8, i8 0, i2 %select_ln18_read" [../src/hysteresis.cpp:198->../src/canny_top.cpp:35]   --->   Operation 120 'sparsemux' 'tmp_29' <Predicate = (!icmp_ln154)> <Delay = 0.42> <CoreInst = "OneHotSparseMux_HasDef">   --->   Core 152 'OneHotSparseMux_HasDef' <Latency = 0> <II = 1> <Delay = 0.42> <FuncUnit> <Opcode : 'sparsemux'> <InPorts = 2> <OutPorts = 1>
ST_2 : Operation 121 [1/1] (0.42ns)   --->   "%tmp_30 = sparsemux i8 @_ssdm_op_SparseMux.ap_auto.3i8.i8.i2, i2 1, i8 %banked, i2 2, i8 %banked_7, i2 0, i8 %banked_8, i8 0, i2 %p_smodpost_read" [../src/hysteresis.cpp:198->../src/canny_top.cpp:35]   --->   Operation 121 'sparsemux' 'tmp_30' <Predicate = (!icmp_ln154)> <Delay = 0.42> <CoreInst = "OneHotSparseMux_HasDef">   --->   Core 152 'OneHotSparseMux_HasDef' <Latency = 0> <II = 1> <Delay = 0.42> <FuncUnit> <Opcode : 'sparsemux'> <InPorts = 2> <OutPorts = 1>
ST_2 : Operation 122 [1/1] (0.42ns)   --->   "%tmp_31 = sparsemux i8 @_ssdm_op_SparseMux.ap_auto.3i8.i8.i2, i2 0, i8 %banked, i2 1, i8 %banked_7, i2 2, i8 %banked_8, i8 0, i2 %select_ln18_3_read" [../src/hysteresis.cpp:198->../src/canny_top.cpp:35]   --->   Operation 122 'sparsemux' 'tmp_31' <Predicate = (!icmp_ln154)> <Delay = 0.42> <CoreInst = "OneHotSparseMux_HasDef">   --->   Core 152 'OneHotSparseMux_HasDef' <Latency = 0> <II = 1> <Delay = 0.42> <FuncUnit> <Opcode : 'sparsemux'> <InPorts = 2> <OutPorts = 1>
ST_2 : Operation 123 [1/1] (0.42ns)   --->   "%store_ln198 = store i8 %tmp_31, i8 %empty_68" [../src/hysteresis.cpp:198->../src/canny_top.cpp:35]   --->   Operation 123 'store' 'store_ln198' <Predicate = (!icmp_ln154)> <Delay = 0.42>
ST_2 : Operation 124 [1/1] (0.42ns)   --->   "%store_ln50 = store i8 %p_load, i8 %empty_67" [../src/hysteresis.cpp:50->../src/hysteresis.cpp:167->../src/canny_top.cpp:35]   --->   Operation 124 'store' 'store_ln50' <Predicate = (!icmp_ln154)> <Delay = 0.42>
ST_2 : Operation 125 [1/1] (0.42ns)   --->   "%store_ln198 = store i8 %tmp_30, i8 %empty_66" [../src/hysteresis.cpp:198->../src/canny_top.cpp:35]   --->   Operation 125 'store' 'store_ln198' <Predicate = (!icmp_ln154)> <Delay = 0.42>
ST_2 : Operation 126 [1/1] (0.42ns)   --->   "%store_ln198 = store i8 %tmp_29, i8 %empty_65" [../src/hysteresis.cpp:198->../src/canny_top.cpp:35]   --->   Operation 126 'store' 'store_ln198' <Predicate = (!icmp_ln154)> <Delay = 0.42>
ST_2 : Operation 127 [1/1] (0.42ns)   --->   "%store_ln45 = store i8 %p_load18, i8 %empty_64" [../src/hysteresis.cpp:45->../src/hysteresis.cpp:167->../src/canny_top.cpp:35]   --->   Operation 127 'store' 'store_ln45' <Predicate = (!icmp_ln154)> <Delay = 0.42>
ST_2 : Operation 128 [1/1] (0.42ns)   --->   "%store_ln157 = store i8 %p_load17, i8 %centre" [../src/hysteresis.cpp:157->../src/canny_top.cpp:35]   --->   Operation 128 'store' 'store_ln157' <Predicate = (!icmp_ln154)> <Delay = 0.42>
ST_2 : Operation 129 [1/1] (0.42ns)   --->   "%store_ln49 = store i8 %p_load16, i8 %empty_63" [../src/hysteresis.cpp:49->../src/hysteresis.cpp:167->../src/canny_top.cpp:35]   --->   Operation 129 'store' 'store_ln49' <Predicate = (!icmp_ln154)> <Delay = 0.42>
ST_2 : Operation 130 [1/1] (0.42ns)   --->   "%store_ln162 = store i8 %centre_3, i8 %empty_62" [../src/hysteresis.cpp:162->../src/canny_top.cpp:35]   --->   Operation 130 'store' 'store_ln162' <Predicate = (!icmp_ln154)> <Delay = 0.42>
ST_2 : Operation 131 [1/1] (0.42ns)   --->   "%store_ln44 = store i8 %p_load19, i8 %empty" [../src/hysteresis.cpp:44->../src/hysteresis.cpp:167->../src/canny_top.cpp:35]   --->   Operation 131 'store' 'store_ln44' <Predicate = (!icmp_ln154)> <Delay = 0.42>
ST_2 : Operation 132 [1/1] (0.00ns)   --->   "%br_ln154 = br void %for.body49.i" [../src/hysteresis.cpp:154->../src/canny_top.cpp:35]   --->   Operation 132 'br' 'br_ln154' <Predicate = (!icmp_ln154)> <Delay = 0.00>
ST_2 : Operation 133 [1/1] (0.42ns)   --->   "%ret_ln0 = ret"   --->   Operation 133 'ret' 'ret_ln0' <Predicate = (icmp_ln154)> <Delay = 0.42>


============================================================
+ Verbose Summary: Binding
============================================================
STG Binding: 
---------------- STG Properties BEGIN ----------------
- Is combinational: 0
- Is one-state seq: 0
- Is datapath-only: 0
- Is pipelined: 0
- Is top level: 0
Port [ Return ] is wired: 1; IO mode=ap_ctrl_hs:ce=0
Port [ tmp_28]:  wired=1; compound=0; hidden=0; nouse=0; global=0; static=0; extern=0; dir=0; type=0; pingpong=0; private_global=0; IO mode=ap_none:ce=0
Port [ tmp_25]:  wired=1; compound=0; hidden=0; nouse=0; global=0; static=0; extern=0; dir=0; type=0; pingpong=0; private_global=0; IO mode=ap_none:ce=0
Port [ tmp_27]:  wired=1; compound=0; hidden=0; nouse=0; global=0; static=0; extern=0; dir=0; type=0; pingpong=0; private_global=0; IO mode=ap_none:ce=0
Port [ tmp_s]:  wired=1; compound=0; hidden=0; nouse=0; global=0; static=0; extern=0; dir=0; type=0; pingpong=0; private_global=0; IO mode=ap_none:ce=0
Port [ tmp_26]:  wired=1; compound=0; hidden=0; nouse=0; global=0; static=0; extern=0; dir=0; type=0; pingpong=0; private_global=0; IO mode=ap_none:ce=0
Port [ tmp]:  wired=1; compound=0; hidden=0; nouse=0; global=0; static=0; extern=0; dir=0; type=0; pingpong=0; private_global=0; IO mode=ap_none:ce=0
Port [ outputRow]:  wired=1; compound=0; hidden=0; nouse=0; global=0; static=0; extern=0; dir=0; type=0; pingpong=0; private_global=0; IO mode=ap_none:ce=0
Port [ select_ln18]:  wired=1; compound=0; hidden=0; nouse=0; global=0; static=0; extern=0; dir=0; type=0; pingpong=0; private_global=0; IO mode=ap_none:ce=0
Port [ p_smodpost]:  wired=1; compound=0; hidden=0; nouse=0; global=0; static=0; extern=0; dir=0; type=0; pingpong=0; private_global=0; IO mode=ap_none:ce=0
Port [ select_ln18_3]:  wired=1; compound=0; hidden=0; nouse=0; global=0; static=0; extern=0; dir=0; type=0; pingpong=0; private_global=0; IO mode=ap_none:ce=0
Port [ out_hysteresis2]:  wired=1; compound=1; hidden=0; nouse=0; global=0; static=0; extern=0; dir=1; type=1; pingpong=1; private_global=0; MemPort=[03]; IO mode=ap_memory:ce=0
Port [ p_ZN12_GLOBAL_N_110lineBufferILi2EEE_0]:  wired=1; compound=1; hidden=0; nouse=0; global=1; static=1; extern=0; dir=0; type=1; pingpong=0; private_global=0; MemPort=[13]; IO mode=ap_memory:ce=0
Port [ p_ZN12_GLOBAL_N_110lineBufferILi2EEE_1]:  wired=1; compound=1; hidden=0; nouse=0; global=1; static=1; extern=0; dir=0; type=1; pingpong=0; private_global=0; MemPort=[13]; IO mode=ap_memory:ce=0
Port [ p_ZN12_GLOBAL_N_110lineBufferILi2EEE_2]:  wired=1; compound=1; hidden=0; nouse=0; global=1; static=1; extern=0; dir=0; type=1; pingpong=0; private_global=0; MemPort=[13]; IO mode=ap_memory:ce=0
---------------- STG Properties END ------------------

---------------- Datapath Model BEGIN ----------------

<LifeTime>
<method=bitvector/>
column_5                                    (alloca           ) [ 010]
empty                                       (alloca           ) [ 011]
empty_62                                    (alloca           ) [ 011]
empty_63                                    (alloca           ) [ 011]
centre                                      (alloca           ) [ 011]
empty_64                                    (alloca           ) [ 011]
empty_65                                    (alloca           ) [ 011]
empty_66                                    (alloca           ) [ 011]
empty_67                                    (alloca           ) [ 011]
empty_68                                    (alloca           ) [ 011]
select_ln18_3_read                          (read             ) [ 011]
p_smodpost_read                             (read             ) [ 011]
select_ln18_read                            (read             ) [ 011]
outputRow_read                              (read             ) [ 000]
tmp_read                                    (read             ) [ 000]
tmp_26_read                                 (read             ) [ 000]
tmp_read_69                                 (read             ) [ 000]
tmp_27_read                                 (read             ) [ 000]
tmp_25_read                                 (read             ) [ 000]
tmp_28_read                                 (read             ) [ 000]
hasBottom                                   (icmp             ) [ 011]
hasTop                                      (icmp             ) [ 011]
store_ln103                                 (store            ) [ 000]
store_ln103                                 (store            ) [ 000]
store_ln103                                 (store            ) [ 000]
store_ln103                                 (store            ) [ 000]
store_ln103                                 (store            ) [ 000]
store_ln157                                 (store            ) [ 000]
store_ln103                                 (store            ) [ 000]
store_ln103                                 (store            ) [ 000]
store_ln103                                 (store            ) [ 000]
store_ln154                                 (store            ) [ 000]
br_ln0                                      (br               ) [ 000]
column                                      (load             ) [ 011]
icmp_ln154                                  (icmp             ) [ 011]
add_ln154                                   (add              ) [ 000]
br_ln154                                    (br               ) [ 000]
trunc_ln184                                 (trunc            ) [ 000]
zext_ln184                                  (zext             ) [ 000]
add_ln184                                   (add              ) [ 000]
trunc_ln21                                  (trunc            ) [ 000]
tmp_37                                      (bitselect        ) [ 000]
nextColumn                                  (select           ) [ 000]
zext_ln191                                  (zext             ) [ 000]
p_ZN12_GLOBAL_N_110lineBufferILi2EEE_0_addr (getelementptr    ) [ 011]
p_ZN12_GLOBAL_N_110lineBufferILi2EEE_1_addr (getelementptr    ) [ 011]
p_ZN12_GLOBAL_N_110lineBufferILi2EEE_2_addr (getelementptr    ) [ 011]
store_ln154                                 (store            ) [ 000]
centre_3                                    (load             ) [ 011]
p_load19                                    (load             ) [ 000]
p_load18                                    (load             ) [ 000]
p_load17                                    (load             ) [ 000]
p_load16                                    (load             ) [ 000]
p_load                                      (load             ) [ 000]
zext_ln154                                  (zext             ) [ 000]
specpipeline_ln155                          (specpipeline     ) [ 000]
speclooptripcount_ln154                     (speclooptripcount) [ 000]
specloopname_ln154                          (specloopname     ) [ 000]
hasLeft                                     (icmp             ) [ 000]
hasRight                                    (icmp             ) [ 000]
switch_ln162                                (switch           ) [ 000]
p_load22                                    (load             ) [ 000]
icmp_ln43                                   (icmp             ) [ 000]
and_ln43                                    (and              ) [ 000]
and_ln43_3                                  (and              ) [ 011]
br_ln43                                     (br               ) [ 000]
p_load21                                    (load             ) [ 000]
icmp_ln46                                   (icmp             ) [ 000]
icmp_ln47                                   (icmp             ) [ 000]
and_ln44                                    (and              ) [ 000]
and_ln44_5                                  (and              ) [ 000]
or_ln44                                     (or               ) [ 011]
br_ln44                                     (br               ) [ 000]
br_ln46                                     (br               ) [ 000]
icmp_ln44                                   (icmp             ) [ 000]
icmp_ln45                                   (icmp             ) [ 000]
and_ln44_6                                  (and              ) [ 000]
or_ln44_5                                   (or               ) [ 000]
or_ln44_6                                   (or               ) [ 011]
br_ln44                                     (br               ) [ 000]
and_ln48                                    (and              ) [ 011]
br_ln48                                     (br               ) [ 000]
br_ln49                                     (br               ) [ 000]
icmp_ln49_3                                 (icmp             ) [ 011]
br_ln49                                     (br               ) [ 000]
p_load20                                    (load             ) [ 000]
icmp_ln48                                   (icmp             ) [ 000]
icmp_ln49                                   (icmp             ) [ 000]
or_ln48                                     (or               ) [ 011]
br_ln48                                     (br               ) [ 000]
icmp_ln50                                   (icmp             ) [ 000]
and_ln50                                    (and              ) [ 000]
and_ln50_3                                  (and              ) [ 011]
br_ln166                                    (br               ) [ 000]
out_hysteresis2_addr_3                      (getelementptr    ) [ 000]
store_ln178                                 (store            ) [ 000]
br_ln179                                    (br               ) [ 000]
br_ln166                                    (br               ) [ 000]
out_hysteresis2_addr_2                      (getelementptr    ) [ 000]
store_ln175                                 (store            ) [ 000]
br_ln176                                    (br               ) [ 000]
out_hysteresis2_addr_1                      (getelementptr    ) [ 000]
store_ln163                                 (store            ) [ 000]
br_ln164                                    (br               ) [ 000]
out_hysteresis2_addr                        (getelementptr    ) [ 000]
store_ln181                                 (store            ) [ 000]
br_ln0                                      (br               ) [ 000]
br_ln0                                      (br               ) [ 000]
br_ln0                                      (br               ) [ 000]
banked                                      (load             ) [ 000]
banked_7                                    (load             ) [ 000]
banked_8                                    (load             ) [ 000]
tmp_29                                      (sparsemux        ) [ 000]
tmp_30                                      (sparsemux        ) [ 000]
tmp_31                                      (sparsemux        ) [ 000]
store_ln198                                 (store            ) [ 000]
store_ln50                                  (store            ) [ 000]
store_ln198                                 (store            ) [ 000]
store_ln198                                 (store            ) [ 000]
store_ln45                                  (store            ) [ 000]
store_ln157                                 (store            ) [ 000]
store_ln49                                  (store            ) [ 000]
store_ln162                                 (store            ) [ 000]
store_ln44                                  (store            ) [ 000]
br_ln154                                    (br               ) [ 000]
ret_ln0                                     (ret              ) [ 000]
</LifeTime>

<model>

<comp_list>
<comp id="0" class="1000" name="tmp_28">
<pin_list>
<pin id="1" dir="1" index="0" bw="1" slack="0"/>
</pin_list>
<bind>
<StgValue><ssdm name="tmp_28"/></StgValue>
</bind>
</comp>

<comp id="2" class="1000" name="tmp_25">
<pin_list>
<pin id="3" dir="1" index="0" bw="1" slack="0"/>
</pin_list>
<bind>
<StgValue><ssdm name="tmp_25"/></StgValue>
</bind>
</comp>

<comp id="4" class="1000" name="tmp_27">
<pin_list>
<pin id="5" dir="1" index="0" bw="1" slack="0"/>
</pin_list>
<bind>
<StgValue><ssdm name="tmp_27"/></StgValue>
</bind>
</comp>

<comp id="6" class="1000" name="tmp_s">
<pin_list>
<pin id="7" dir="1" index="0" bw="1" slack="0"/>
</pin_list>
<bind>
<StgValue><ssdm name="tmp_s"/></StgValue>
</bind>
</comp>

<comp id="8" class="1000" name="tmp_26">
<pin_list>
<pin id="9" dir="1" index="0" bw="1" slack="0"/>
</pin_list>
<bind>
<StgValue><ssdm name="tmp_26"/></StgValue>
</bind>
</comp>

<comp id="10" class="1000" name="tmp">
<pin_list>
<pin id="11" dir="1" index="0" bw="1" slack="0"/>
</pin_list>
<bind>
<StgValue><ssdm name="tmp"/></StgValue>
</bind>
</comp>

<comp id="12" class="1000" name="outputRow">
<pin_list>
<pin id="13" dir="1" index="0" bw="1" slack="0"/>
</pin_list>
<bind>
<StgValue><ssdm name="outputRow"/></StgValue>
</bind>
</comp>

<comp id="14" class="1000" name="select_ln18">
<pin_list>
<pin id="15" dir="1" index="0" bw="1" slack="0"/>
</pin_list>
<bind>
<StgValue><ssdm name="select_ln18"/></StgValue>
</bind>
</comp>

<comp id="16" class="1000" name="p_smodpost">
<pin_list>
<pin id="17" dir="1" index="0" bw="1" slack="0"/>
</pin_list>
<bind>
<StgValue><ssdm name="p_smodpost"/></StgValue>
</bind>
</comp>

<comp id="18" class="1000" name="select_ln18_3">
<pin_list>
<pin id="19" dir="1" index="0" bw="1" slack="0"/>
</pin_list>
<bind>
<StgValue><ssdm name="select_ln18_3"/></StgValue>
</bind>
</comp>

<comp id="20" class="1000" name="out_hysteresis2">
<pin_list>
<pin id="21" dir="1" index="0" bw="1" slack="0"/>
</pin_list>
<bind>
<StgValue><ssdm name="out_hysteresis2"/><MemPortTyVec>0 3 </MemPortTyVec>
</StgValue>
</bind>
</comp>

<comp id="22" class="1000" name="p_ZN12_GLOBAL_N_110lineBufferILi2EEE_0">
<pin_list>
<pin id="23" dir="1" index="0" bw="1" slack="0"/>
</pin_list>
<bind>
<StgValue><ssdm name="p_ZN12_GLOBAL_N_110lineBufferILi2EEE_0"/><MemPortTyVec>1 3 </MemPortTyVec>
</StgValue>
</bind>
</comp>

<comp id="24" class="1000" name="p_ZN12_GLOBAL_N_110lineBufferILi2EEE_1">
<pin_list>
<pin id="25" dir="1" index="0" bw="1" slack="0"/>
</pin_list>
<bind>
<StgValue><ssdm name="p_ZN12_GLOBAL_N_110lineBufferILi2EEE_1"/><MemPortTyVec>1 3 </MemPortTyVec>
</StgValue>
</bind>
</comp>

<comp id="26" class="1000" name="p_ZN12_GLOBAL_N_110lineBufferILi2EEE_2">
<pin_list>
<pin id="27" dir="1" index="0" bw="1" slack="0"/>
</pin_list>
<bind>
<StgValue><ssdm name="p_ZN12_GLOBAL_N_110lineBufferILi2EEE_2"/><MemPortTyVec>1 3 </MemPortTyVec>
</StgValue>
</bind>
</comp>

<comp id="28" class="1001" name="const_28">
<pin_list>
<pin id="29" dir="1" index="0" bw="1" slack="0"/>
</pin_list>
<bind>
<StgValue><ssdm name=""/></StgValue>
</bind>
</comp>

<comp id="30" class="1001" name="const_30">
<pin_list>
<pin id="31" dir="1" index="0" bw="1" slack="0"/>
</pin_list>
<bind>
<StgValue><ssdm name="_ssdm_op_Read.ap_auto.i2"/></StgValue>
</bind>
</comp>

<comp id="32" class="1001" name="const_32">
<pin_list>
<pin id="33" dir="1" index="0" bw="1" slack="0"/>
</pin_list>
<bind>
<StgValue><ssdm name="_ssdm_op_Read.ap_auto.i31"/></StgValue>
</bind>
</comp>

<comp id="34" class="1001" name="const_34">
<pin_list>
<pin id="35" dir="1" index="0" bw="1" slack="0"/>
</pin_list>
<bind>
<StgValue><ssdm name="_ssdm_op_Read.ap_auto.i8"/></StgValue>
</bind>
</comp>

<comp id="36" class="1001" name="const_36">
<pin_list>
<pin id="37" dir="1" index="0" bw="1" slack="0"/>
</pin_list>
<bind>
<StgValue><ssdm name=""/></StgValue>
</bind>
</comp>

<comp id="38" class="1001" name="const_38">
<pin_list>
<pin id="39" dir="1" index="0" bw="1" slack="0"/>
</pin_list>
<bind>
<StgValue><ssdm name=""/></StgValue>
</bind>
</comp>

<comp id="40" class="1001" name="const_40">
<pin_list>
<pin id="41" dir="1" index="0" bw="1" slack="0"/>
</pin_list>
<bind>
<StgValue><ssdm name=""/></StgValue>
</bind>
</comp>

<comp id="42" class="1001" name="const_42">
<pin_list>
<pin id="43" dir="1" index="0" bw="1" slack="0"/>
</pin_list>
<bind>
<StgValue><ssdm name=""/></StgValue>
</bind>
</comp>

<comp id="44" class="1001" name="const_44">
<pin_list>
<pin id="45" dir="1" index="0" bw="1" slack="0"/>
</pin_list>
<bind>
<StgValue><ssdm name=""/></StgValue>
</bind>
</comp>

<comp id="46" class="1001" name="const_46">
<pin_list>
<pin id="47" dir="1" index="0" bw="1" slack="0"/>
</pin_list>
<bind>
<StgValue><ssdm name=""/></StgValue>
</bind>
</comp>

<comp id="48" class="1001" name="const_48">
<pin_list>
<pin id="49" dir="1" index="0" bw="1" slack="0"/>
</pin_list>
<bind>
<StgValue><ssdm name="_ssdm_op_BitSelect.i1.i10.i32"/></StgValue>
</bind>
</comp>

<comp id="50" class="1001" name="const_50">
<pin_list>
<pin id="51" dir="1" index="0" bw="1" slack="0"/>
</pin_list>
<bind>
<StgValue><ssdm name=""/></StgValue>
</bind>
</comp>

<comp id="52" class="1001" name="const_52">
<pin_list>
<pin id="53" dir="1" index="0" bw="1" slack="0"/>
</pin_list>
<bind>
<StgValue><ssdm name=""/></StgValue>
</bind>
</comp>

<comp id="54" class="1001" name="const_54">
<pin_list>
<pin id="55" dir="1" index="0" bw="1" slack="0"/>
</pin_list>
<bind>
<StgValue><ssdm name=""/></StgValue>
</bind>
</comp>

<comp id="56" class="1001" name="const_56">
<pin_list>
<pin id="57" dir="1" index="0" bw="1" slack="2147483647"/>
</pin_list>
<bind>
<StgValue><ssdm name="_ssdm_op_SpecPipeline"/></StgValue>
</bind>
</comp>

<comp id="58" class="1001" name="const_58">
<pin_list>
<pin id="59" dir="1" index="0" bw="1" slack="2147483647"/>
</pin_list>
<bind>
<StgValue><ssdm name=""/></StgValue>
</bind>
</comp>

<comp id="60" class="1001" name="const_60">
<pin_list>
<pin id="61" dir="1" index="0" bw="1" slack="2147483647"/>
</pin_list>
<bind>
<StgValue><ssdm name=""/></StgValue>
</bind>
</comp>

<comp id="62" class="1001" name="const_62">
<pin_list>
<pin id="63" dir="1" index="0" bw="1" slack="2147483647"/>
</pin_list>
<bind>
<StgValue><ssdm name="empty_14"/></StgValue>
</bind>
</comp>

<comp id="64" class="1001" name="const_64">
<pin_list>
<pin id="65" dir="1" index="0" bw="1" slack="2147483647"/>
</pin_list>
<bind>
<StgValue><ssdm name="_ssdm_op_SpecLoopTripCount"/></StgValue>
</bind>
</comp>

<comp id="66" class="1001" name="const_66">
<pin_list>
<pin id="67" dir="1" index="0" bw="1" slack="2147483647"/>
</pin_list>
<bind>
<StgValue><ssdm name=""/></StgValue>
</bind>
</comp>

<comp id="68" class="1001" name="const_68">
<pin_list>
<pin id="69" dir="1" index="0" bw="1" slack="2147483647"/>
</pin_list>
<bind>
<StgValue><ssdm name="_ssdm_op_SpecLoopName"/></StgValue>
</bind>
</comp>

<comp id="70" class="1001" name="const_70">
<pin_list>
<pin id="71" dir="1" index="0" bw="1" slack="2147483647"/>
</pin_list>
<bind>
<StgValue><ssdm name="empty_5"/></StgValue>
</bind>
</comp>

<comp id="72" class="1001" name="const_72">
<pin_list>
<pin id="73" dir="1" index="0" bw="1" slack="0"/>
</pin_list>
<bind>
<StgValue><ssdm name=""/></StgValue>
</bind>
</comp>

<comp id="74" class="1001" name="const_74">
<pin_list>
<pin id="75" dir="1" index="0" bw="1" slack="0"/>
</pin_list>
<bind>
<StgValue><ssdm name=""/></StgValue>
</bind>
</comp>

<comp id="76" class="1001" name="const_76">
<pin_list>
<pin id="77" dir="1" index="0" bw="1" slack="0"/>
</pin_list>
<bind>
<StgValue><ssdm name=""/></StgValue>
</bind>
</comp>

<comp id="78" class="1001" name="const_78">
<pin_list>
<pin id="79" dir="1" index="0" bw="1" slack="0"/>
</pin_list>
<bind>
<StgValue><ssdm name=""/></StgValue>
</bind>
</comp>

<comp id="80" class="1001" name="const_80">
<pin_list>
<pin id="81" dir="1" index="0" bw="1" slack="0"/>
</pin_list>
<bind>
<StgValue><ssdm name="_ssdm_op_SparseMux.ap_auto.3i8.i8.i2"/></StgValue>
</bind>
</comp>

<comp id="82" class="1001" name="const_82">
<pin_list>
<pin id="83" dir="1" index="0" bw="1" slack="0"/>
</pin_list>
<bind>
<StgValue><ssdm name=""/></StgValue>
</bind>
</comp>

<comp id="84" class="1001" name="const_84">
<pin_list>
<pin id="85" dir="1" index="0" bw="1" slack="0"/>
</pin_list>
<bind>
<StgValue><ssdm name=""/></StgValue>
</bind>
</comp>

<comp id="86" class="1001" name="const_86">
<pin_list>
<pin id="87" dir="1" index="0" bw="1" slack="0"/>
</pin_list>
<bind>
<StgValue><ssdm name=""/></StgValue>
</bind>
</comp>

<comp id="88" class="1001" name="const_88">
<pin_list>
<pin id="89" dir="1" index="0" bw="1" slack="0"/>
</pin_list>
<bind>
<StgValue><ssdm name=""/></StgValue>
</bind>
</comp>

<comp id="90" class="1004" name="column_5_fu_90">
<pin_list>
<pin id="91" dir="0" index="0" bw="1" slack="0"/>
<pin id="92" dir="1" index="1" bw="10" slack="0"/>
</pin_list>
<bind>
<opcode="alloca(26) " fcode="alloca"/>
<opset="column_5/1 "/>
</bind>
</comp>

<comp id="94" class="1004" name="empty_fu_94">
<pin_list>
<pin id="95" dir="0" index="0" bw="1" slack="0"/>
<pin id="96" dir="1" index="1" bw="8" slack="0"/>
</pin_list>
<bind>
<opcode="alloca(26) " fcode="alloca"/>
<opset="empty/1 "/>
</bind>
</comp>

<comp id="98" class="1004" name="empty_62_fu_98">
<pin_list>
<pin id="99" dir="0" index="0" bw="1" slack="0"/>
<pin id="100" dir="1" index="1" bw="8" slack="0"/>
</pin_list>
<bind>
<opcode="alloca(26) " fcode="alloca"/>
<opset="empty_62/1 "/>
</bind>
</comp>

<comp id="102" class="1004" name="empty_63_fu_102">
<pin_list>
<pin id="103" dir="0" index="0" bw="1" slack="0"/>
<pin id="104" dir="1" index="1" bw="8" slack="0"/>
</pin_list>
<bind>
<opcode="alloca(26) " fcode="alloca"/>
<opset="empty_63/1 "/>
</bind>
</comp>

<comp id="106" class="1004" name="centre_fu_106">
<pin_list>
<pin id="107" dir="0" index="0" bw="1" slack="0"/>
<pin id="108" dir="1" index="1" bw="8" slack="0"/>
</pin_list>
<bind>
<opcode="alloca(26) " fcode="alloca"/>
<opset="centre/1 "/>
</bind>
</comp>

<comp id="110" class="1004" name="empty_64_fu_110">
<pin_list>
<pin id="111" dir="0" index="0" bw="1" slack="0"/>
<pin id="112" dir="1" index="1" bw="8" slack="0"/>
</pin_list>
<bind>
<opcode="alloca(26) " fcode="alloca"/>
<opset="empty_64/1 "/>
</bind>
</comp>

<comp id="114" class="1004" name="empty_65_fu_114">
<pin_list>
<pin id="115" dir="0" index="0" bw="1" slack="0"/>
<pin id="116" dir="1" index="1" bw="8" slack="0"/>
</pin_list>
<bind>
<opcode="alloca(26) " fcode="alloca"/>
<opset="empty_65/1 "/>
</bind>
</comp>

<comp id="118" class="1004" name="empty_66_fu_118">
<pin_list>
<pin id="119" dir="0" index="0" bw="1" slack="0"/>
<pin id="120" dir="1" index="1" bw="8" slack="0"/>
</pin_list>
<bind>
<opcode="alloca(26) " fcode="alloca"/>
<opset="empty_66/1 "/>
</bind>
</comp>

<comp id="122" class="1004" name="empty_67_fu_122">
<pin_list>
<pin id="123" dir="0" index="0" bw="1" slack="0"/>
<pin id="124" dir="1" index="1" bw="8" slack="0"/>
</pin_list>
<bind>
<opcode="alloca(26) " fcode="alloca"/>
<opset="empty_67/1 "/>
</bind>
</comp>

<comp id="126" class="1004" name="empty_68_fu_126">
<pin_list>
<pin id="127" dir="0" index="0" bw="1" slack="0"/>
<pin id="128" dir="1" index="1" bw="8" slack="0"/>
</pin_list>
<bind>
<opcode="alloca(26) " fcode="alloca"/>
<opset="empty_68/1 "/>
</bind>
</comp>

<comp id="130" class="1004" name="select_ln18_3_read_read_fu_130">
<pin_list>
<pin id="131" dir="0" index="0" bw="2" slack="0"/>
<pin id="132" dir="0" index="1" bw="2" slack="0"/>
<pin id="133" dir="1" index="2" bw="2" slack="1"/>
</pin_list>
<bind>
<opcode="read(1150) " fcode="read"/>
<opset="select_ln18_3_read/1 "/>
</bind>
</comp>

<comp id="136" class="1004" name="p_smodpost_read_read_fu_136">
<pin_list>
<pin id="137" dir="0" index="0" bw="2" slack="0"/>
<pin id="138" dir="0" index="1" bw="2" slack="0"/>
<pin id="139" dir="1" index="2" bw="2" slack="1"/>
</pin_list>
<bind>
<opcode="read(1150) " fcode="read"/>
<opset="p_smodpost_read/1 "/>
</bind>
</comp>

<comp id="142" class="1004" name="select_ln18_read_read_fu_142">
<pin_list>
<pin id="143" dir="0" index="0" bw="2" slack="0"/>
<pin id="144" dir="0" index="1" bw="2" slack="0"/>
<pin id="145" dir="1" index="2" bw="2" slack="1"/>
</pin_list>
<bind>
<opcode="read(1150) " fcode="read"/>
<opset="select_ln18_read/1 "/>
</bind>
</comp>

<comp id="148" class="1004" name="outputRow_read_read_fu_148">
<pin_list>
<pin id="149" dir="0" index="0" bw="31" slack="0"/>
<pin id="150" dir="0" index="1" bw="31" slack="0"/>
<pin id="151" dir="1" index="2" bw="31" slack="0"/>
</pin_list>
<bind>
<opcode="read(1150) " fcode="read"/>
<opset="outputRow_read/1 "/>
</bind>
</comp>

<comp id="154" class="1004" name="tmp_read_read_fu_154">
<pin_list>
<pin id="155" dir="0" index="0" bw="8" slack="0"/>
<pin id="156" dir="0" index="1" bw="8" slack="0"/>
<pin id="157" dir="1" index="2" bw="8" slack="0"/>
</pin_list>
<bind>
<opcode="read(1150) " fcode="read"/>
<opset="tmp_read/1 "/>
</bind>
</comp>

<comp id="160" class="1004" name="tmp_26_read_read_fu_160">
<pin_list>
<pin id="161" dir="0" index="0" bw="8" slack="0"/>
<pin id="162" dir="0" index="1" bw="8" slack="0"/>
<pin id="163" dir="1" index="2" bw="8" slack="0"/>
</pin_list>
<bind>
<opcode="read(1150) " fcode="read"/>
<opset="tmp_26_read/1 "/>
</bind>
</comp>

<comp id="166" class="1004" name="tmp_read_69_read_fu_166">
<pin_list>
<pin id="167" dir="0" index="0" bw="8" slack="0"/>
<pin id="168" dir="0" index="1" bw="8" slack="0"/>
<pin id="169" dir="1" index="2" bw="8" slack="0"/>
</pin_list>
<bind>
<opcode="read(1150) " fcode="read"/>
<opset="tmp_read_69/1 "/>
</bind>
</comp>

<comp id="172" class="1004" name="tmp_27_read_read_fu_172">
<pin_list>
<pin id="173" dir="0" index="0" bw="8" slack="0"/>
<pin id="174" dir="0" index="1" bw="8" slack="0"/>
<pin id="175" dir="1" index="2" bw="8" slack="0"/>
</pin_list>
<bind>
<opcode="read(1150) " fcode="read"/>
<opset="tmp_27_read/1 "/>
</bind>
</comp>

<comp id="178" class="1004" name="tmp_25_read_read_fu_178">
<pin_list>
<pin id="179" dir="0" index="0" bw="8" slack="0"/>
<pin id="180" dir="0" index="1" bw="8" slack="0"/>
<pin id="181" dir="1" index="2" bw="8" slack="0"/>
</pin_list>
<bind>
<opcode="read(1150) " fcode="read"/>
<opset="tmp_25_read/1 "/>
</bind>
</comp>

<comp id="184" class="1004" name="tmp_28_read_read_fu_184">
<pin_list>
<pin id="185" dir="0" index="0" bw="8" slack="0"/>
<pin id="186" dir="0" index="1" bw="8" slack="0"/>
<pin id="187" dir="1" index="2" bw="8" slack="0"/>
</pin_list>
<bind>
<opcode="read(1150) " fcode="read"/>
<opset="tmp_28_read/1 "/>
</bind>
</comp>

<comp id="190" class="1004" name="p_ZN12_GLOBAL_N_110lineBufferILi2EEE_0_addr_gep_fu_190">
<pin_list>
<pin id="191" dir="0" index="0" bw="8" slack="0"/>
<pin id="192" dir="0" index="1" bw="1" slack="0"/>
<pin id="193" dir="0" index="2" bw="9" slack="0"/>
<pin id="194" dir="1" index="3" bw="9" slack="0"/>
</pin_list>
<bind>
<opcode="getelementptr(29) " fcode="getelementptr"/>
<opset="p_ZN12_GLOBAL_N_110lineBufferILi2EEE_0_addr/1 "/>
</bind>
</comp>

<comp id="197" class="1004" name="grp_access_fu_197">
<pin_list>
<pin id="198" dir="0" index="0" bw="9" slack="0"/>
<pin id="199" dir="0" index="1" bw="8" slack="2147483647"/>
<pin id="200" dir="0" index="2" bw="0" slack="2147483647"/>
<pin id="201" dir="1" index="3" bw="8" slack="0"/>
</pin_list>
<bind>
<opcode="load(27) " fcode="load"/>
<opset="banked/1 "/>
</bind>
</comp>

<comp id="203" class="1004" name="p_ZN12_GLOBAL_N_110lineBufferILi2EEE_1_addr_gep_fu_203">
<pin_list>
<pin id="204" dir="0" index="0" bw="8" slack="0"/>
<pin id="205" dir="0" index="1" bw="1" slack="0"/>
<pin id="206" dir="0" index="2" bw="9" slack="0"/>
<pin id="207" dir="1" index="3" bw="9" slack="0"/>
</pin_list>
<bind>
<opcode="getelementptr(29) " fcode="getelementptr"/>
<opset="p_ZN12_GLOBAL_N_110lineBufferILi2EEE_1_addr/1 "/>
</bind>
</comp>

<comp id="210" class="1004" name="p_ZN12_GLOBAL_N_110lineBufferILi2EEE_2_addr_gep_fu_210">
<pin_list>
<pin id="211" dir="0" index="0" bw="8" slack="0"/>
<pin id="212" dir="0" index="1" bw="1" slack="0"/>
<pin id="213" dir="0" index="2" bw="9" slack="0"/>
<pin id="214" dir="1" index="3" bw="9" slack="0"/>
</pin_list>
<bind>
<opcode="getelementptr(29) " fcode="getelementptr"/>
<opset="p_ZN12_GLOBAL_N_110lineBufferILi2EEE_2_addr/1 "/>
</bind>
</comp>

<comp id="217" class="1004" name="grp_access_fu_217">
<pin_list>
<pin id="218" dir="0" index="0" bw="9" slack="0"/>
<pin id="219" dir="0" index="1" bw="8" slack="2147483647"/>
<pin id="220" dir="0" index="2" bw="0" slack="2147483647"/>
<pin id="221" dir="1" index="3" bw="8" slack="0"/>
</pin_list>
<bind>
<opcode="load(27) " fcode="load"/>
<opset="banked_7/1 "/>
</bind>
</comp>

<comp id="223" class="1004" name="grp_access_fu_223">
<pin_list>
<pin id="224" dir="0" index="0" bw="9" slack="0"/>
<pin id="225" dir="0" index="1" bw="8" slack="2147483647"/>
<pin id="226" dir="0" index="2" bw="0" slack="2147483647"/>
<pin id="227" dir="1" index="3" bw="8" slack="0"/>
</pin_list>
<bind>
<opcode="load(27) " fcode="load"/>
<opset="banked_8/1 "/>
</bind>
</comp>

<comp id="229" class="1004" name="out_hysteresis2_addr_3_gep_fu_229">
<pin_list>
<pin id="230" dir="0" index="0" bw="8" slack="0"/>
<pin id="231" dir="0" index="1" bw="1" slack="0"/>
<pin id="232" dir="0" index="2" bw="10" slack="0"/>
<pin id="233" dir="1" index="3" bw="9" slack="0"/>
</pin_list>
<bind>
<opcode="getelementptr(29) " fcode="getelementptr"/>
<opset="out_hysteresis2_addr_3/2 "/>
</bind>
</comp>

<comp id="236" class="1004" name="grp_access_fu_236">
<pin_list>
<pin id="237" dir="0" index="0" bw="9" slack="0"/>
<pin id="238" dir="0" index="1" bw="8" slack="0"/>
<pin id="239" dir="0" index="2" bw="0" slack="2147483647"/>
<pin id="240" dir="1" index="3" bw="8" slack="2147483647"/>
</pin_list>
<bind>
<opcode="store(28) " fcode="store"/>
<opset="store_ln178/2 store_ln175/2 store_ln163/2 store_ln181/2 "/>
</bind>
</comp>

<comp id="243" class="1004" name="out_hysteresis2_addr_2_gep_fu_243">
<pin_list>
<pin id="244" dir="0" index="0" bw="8" slack="0"/>
<pin id="245" dir="0" index="1" bw="1" slack="0"/>
<pin id="246" dir="0" index="2" bw="10" slack="0"/>
<pin id="247" dir="1" index="3" bw="9" slack="0"/>
</pin_list>
<bind>
<opcode="getelementptr(29) " fcode="getelementptr"/>
<opset="out_hysteresis2_addr_2/2 "/>
</bind>
</comp>

<comp id="252" class="1004" name="out_hysteresis2_addr_1_gep_fu_252">
<pin_list>
<pin id="253" dir="0" index="0" bw="8" slack="0"/>
<pin id="254" dir="0" index="1" bw="1" slack="0"/>
<pin id="255" dir="0" index="2" bw="10" slack="0"/>
<pin id="256" dir="1" index="3" bw="9" slack="0"/>
</pin_list>
<bind>
<opcode="getelementptr(29) " fcode="getelementptr"/>
<opset="out_hysteresis2_addr_1/2 "/>
</bind>
</comp>

<comp id="260" class="1004" name="out_hysteresis2_addr_gep_fu_260">
<pin_list>
<pin id="261" dir="0" index="0" bw="8" slack="0"/>
<pin id="262" dir="0" index="1" bw="1" slack="0"/>
<pin id="263" dir="0" index="2" bw="10" slack="0"/>
<pin id="264" dir="1" index="3" bw="9" slack="0"/>
</pin_list>
<bind>
<opcode="getelementptr(29) " fcode="getelementptr"/>
<opset="out_hysteresis2_addr/2 "/>
</bind>
</comp>

<comp id="269" class="1004" name="grp_fu_269">
<pin_list>
<pin id="270" dir="0" index="0" bw="8" slack="0"/>
<pin id="271" dir="0" index="1" bw="1" slack="0"/>
<pin id="272" dir="1" index="2" bw="1" slack="0"/>
</pin_list>
<bind>
<opcode="icmp(45) " fcode="icmp"/>
<opset="icmp_ln49_3/2 icmp_ln49/2 "/>
</bind>
</comp>

<comp id="274" class="1004" name="hasBottom_fu_274">
<pin_list>
<pin id="275" dir="0" index="0" bw="31" slack="0"/>
<pin id="276" dir="0" index="1" bw="10" slack="0"/>
<pin id="277" dir="1" index="2" bw="1" slack="1"/>
</pin_list>
<bind>
<opcode="icmp(45) " fcode="icmp"/>
<opset="hasBottom/1 "/>
</bind>
</comp>

<comp id="280" class="1004" name="hasTop_fu_280">
<pin_list>
<pin id="281" dir="0" index="0" bw="31" slack="0"/>
<pin id="282" dir="0" index="1" bw="1" slack="0"/>
<pin id="283" dir="1" index="2" bw="1" slack="1"/>
</pin_list>
<bind>
<opcode="icmp(45) " fcode="icmp"/>
<opset="hasTop/1 "/>
</bind>
</comp>

<comp id="286" class="1004" name="store_ln103_store_fu_286">
<pin_list>
<pin id="287" dir="0" index="0" bw="8" slack="0"/>
<pin id="288" dir="0" index="1" bw="8" slack="0"/>
<pin id="289" dir="1" index="2" bw="0" slack="2147483647"/>
</pin_list>
<bind>
<opcode="store(28) " fcode="store"/>
<opset="store_ln103/1 "/>
</bind>
</comp>

<comp id="291" class="1004" name="store_ln103_store_fu_291">
<pin_list>
<pin id="292" dir="0" index="0" bw="8" slack="0"/>
<pin id="293" dir="0" index="1" bw="8" slack="0"/>
<pin id="294" dir="1" index="2" bw="0" slack="2147483647"/>
</pin_list>
<bind>
<opcode="store(28) " fcode="store"/>
<opset="store_ln103/1 "/>
</bind>
</comp>

<comp id="296" class="1004" name="store_ln103_store_fu_296">
<pin_list>
<pin id="297" dir="0" index="0" bw="8" slack="0"/>
<pin id="298" dir="0" index="1" bw="8" slack="0"/>
<pin id="299" dir="1" index="2" bw="0" slack="2147483647"/>
</pin_list>
<bind>
<opcode="store(28) " fcode="store"/>
<opset="store_ln103/1 "/>
</bind>
</comp>

<comp id="301" class="1004" name="store_ln103_store_fu_301">
<pin_list>
<pin id="302" dir="0" index="0" bw="8" slack="0"/>
<pin id="303" dir="0" index="1" bw="8" slack="0"/>
<pin id="304" dir="1" index="2" bw="0" slack="2147483647"/>
</pin_list>
<bind>
<opcode="store(28) " fcode="store"/>
<opset="store_ln103/1 "/>
</bind>
</comp>

<comp id="306" class="1004" name="store_ln103_store_fu_306">
<pin_list>
<pin id="307" dir="0" index="0" bw="8" slack="0"/>
<pin id="308" dir="0" index="1" bw="8" slack="0"/>
<pin id="309" dir="1" index="2" bw="0" slack="2147483647"/>
</pin_list>
<bind>
<opcode="store(28) " fcode="store"/>
<opset="store_ln103/1 "/>
</bind>
</comp>

<comp id="311" class="1004" name="store_ln157_store_fu_311">
<pin_list>
<pin id="312" dir="0" index="0" bw="8" slack="0"/>
<pin id="313" dir="0" index="1" bw="8" slack="0"/>
<pin id="314" dir="1" index="2" bw="0" slack="2147483647"/>
</pin_list>
<bind>
<opcode="store(28) " fcode="store"/>
<opset="store_ln157/1 "/>
</bind>
</comp>

<comp id="316" class="1004" name="store_ln103_store_fu_316">
<pin_list>
<pin id="317" dir="0" index="0" bw="8" slack="0"/>
<pin id="318" dir="0" index="1" bw="8" slack="0"/>
<pin id="319" dir="1" index="2" bw="0" slack="2147483647"/>
</pin_list>
<bind>
<opcode="store(28) " fcode="store"/>
<opset="store_ln103/1 "/>
</bind>
</comp>

<comp id="321" class="1004" name="store_ln103_store_fu_321">
<pin_list>
<pin id="322" dir="0" index="0" bw="8" slack="0"/>
<pin id="323" dir="0" index="1" bw="8" slack="0"/>
<pin id="324" dir="1" index="2" bw="0" slack="2147483647"/>
</pin_list>
<bind>
<opcode="store(28) " fcode="store"/>
<opset="store_ln103/1 "/>
</bind>
</comp>

<comp id="326" class="1004" name="store_ln103_store_fu_326">
<pin_list>
<pin id="327" dir="0" index="0" bw="8" slack="0"/>
<pin id="328" dir="0" index="1" bw="8" slack="0"/>
<pin id="329" dir="1" index="2" bw="0" slack="2147483647"/>
</pin_list>
<bind>
<opcode="store(28) " fcode="store"/>
<opset="store_ln103/1 "/>
</bind>
</comp>

<comp id="331" class="1004" name="store_ln154_store_fu_331">
<pin_list>
<pin id="332" dir="0" index="0" bw="1" slack="0"/>
<pin id="333" dir="0" index="1" bw="10" slack="0"/>
<pin id="334" dir="1" index="2" bw="0" slack="2147483647"/>
</pin_list>
<bind>
<opcode="store(28) " fcode="store"/>
<opset="store_ln154/1 "/>
</bind>
</comp>

<comp id="336" class="1004" name="column_load_fu_336">
<pin_list>
<pin id="337" dir="0" index="0" bw="10" slack="0"/>
<pin id="338" dir="1" index="1" bw="10" slack="0"/>
</pin_list>
<bind>
<opcode="load(27) " fcode="load"/>
<opset="column/1 "/>
</bind>
</comp>

<comp id="339" class="1004" name="icmp_ln154_fu_339">
<pin_list>
<pin id="340" dir="0" index="0" bw="10" slack="0"/>
<pin id="341" dir="0" index="1" bw="10" slack="0"/>
<pin id="342" dir="1" index="2" bw="1" slack="1"/>
</pin_list>
<bind>
<opcode="icmp(45) " fcode="icmp"/>
<opset="icmp_ln154/1 "/>
</bind>
</comp>

<comp id="345" class="1004" name="add_ln154_fu_345">
<pin_list>
<pin id="346" dir="0" index="0" bw="10" slack="0"/>
<pin id="347" dir="0" index="1" bw="1" slack="0"/>
<pin id="348" dir="1" index="2" bw="10" slack="0"/>
</pin_list>
<bind>
<opcode="add(8) " fcode="add"/>
<opset="add_ln154/1 "/>
</bind>
</comp>

<comp id="351" class="1004" name="trunc_ln184_fu_351">
<pin_list>
<pin id="352" dir="0" index="0" bw="10" slack="0"/>
<pin id="353" dir="1" index="1" bw="9" slack="0"/>
</pin_list>
<bind>
<opcode="trunc(33) " fcode="trunc"/>
<opset="trunc_ln184/1 "/>
</bind>
</comp>

<comp id="355" class="1004" name="zext_ln184_fu_355">
<pin_list>
<pin id="356" dir="0" index="0" bw="9" slack="0"/>
<pin id="357" dir="1" index="1" bw="10" slack="0"/>
</pin_list>
<bind>
<opcode="zext(34) " fcode="zext"/>
<opset="zext_ln184/1 "/>
</bind>
</comp>

<comp id="359" class="1004" name="add_ln184_fu_359">
<pin_list>
<pin id="360" dir="0" index="0" bw="9" slack="0"/>
<pin id="361" dir="0" index="1" bw="3" slack="0"/>
<pin id="362" dir="1" index="2" bw="10" slack="0"/>
</pin_list>
<bind>
<opcode="add(8) " fcode="add"/>
<opset="add_ln184/1 "/>
</bind>
</comp>

<comp id="365" class="1004" name="trunc_ln21_fu_365">
<pin_list>
<pin id="366" dir="0" index="0" bw="10" slack="0"/>
<pin id="367" dir="1" index="1" bw="9" slack="0"/>
</pin_list>
<bind>
<opcode="trunc(33) " fcode="trunc"/>
<opset="trunc_ln21/1 "/>
</bind>
</comp>

<comp id="369" class="1004" name="tmp_37_fu_369">
<pin_list>
<pin id="370" dir="0" index="0" bw="1" slack="0"/>
<pin id="371" dir="0" index="1" bw="10" slack="0"/>
<pin id="372" dir="0" index="2" bw="5" slack="0"/>
<pin id="373" dir="1" index="3" bw="1" slack="0"/>
</pin_list>
<bind>
<opcode="bitselect(1000) " fcode="bitselect"/>
<opset="tmp_37/1 "/>
</bind>
</comp>

<comp id="377" class="1004" name="nextColumn_fu_377">
<pin_list>
<pin id="378" dir="0" index="0" bw="1" slack="0"/>
<pin id="379" dir="0" index="1" bw="1" slack="0"/>
<pin id="380" dir="0" index="2" bw="9" slack="0"/>
<pin id="381" dir="1" index="3" bw="9" slack="0"/>
</pin_list>
<bind>
<opcode="select(49) " fcode="select"/>
<opset="nextColumn/1 "/>
</bind>
</comp>

<comp id="385" class="1004" name="zext_ln191_fu_385">
<pin_list>
<pin id="386" dir="0" index="0" bw="9" slack="0"/>
<pin id="387" dir="1" index="1" bw="64" slack="0"/>
</pin_list>
<bind>
<opcode="zext(34) " fcode="zext"/>
<opset="zext_ln191/1 "/>
</bind>
</comp>

<comp id="392" class="1004" name="store_ln154_store_fu_392">
<pin_list>
<pin id="393" dir="0" index="0" bw="10" slack="0"/>
<pin id="394" dir="0" index="1" bw="10" slack="0"/>
<pin id="395" dir="1" index="2" bw="0" slack="2147483647"/>
</pin_list>
<bind>
<opcode="store(28) " fcode="store"/>
<opset="store_ln154/1 "/>
</bind>
</comp>

<comp id="397" class="1004" name="centre_3_load_fu_397">
<pin_list>
<pin id="398" dir="0" index="0" bw="8" slack="1"/>
<pin id="399" dir="1" index="1" bw="8" slack="0"/>
</pin_list>
<bind>
<opcode="load(27) " fcode="load"/>
<opset="centre_3/2 "/>
</bind>
</comp>

<comp id="400" class="1004" name="p_load19_load_fu_400">
<pin_list>
<pin id="401" dir="0" index="0" bw="8" slack="1"/>
<pin id="402" dir="1" index="1" bw="8" slack="0"/>
</pin_list>
<bind>
<opcode="load(27) " fcode="load"/>
<opset="p_load19/2 "/>
</bind>
</comp>

<comp id="403" class="1004" name="p_load18_load_fu_403">
<pin_list>
<pin id="404" dir="0" index="0" bw="8" slack="1"/>
<pin id="405" dir="1" index="1" bw="8" slack="0"/>
</pin_list>
<bind>
<opcode="load(27) " fcode="load"/>
<opset="p_load18/2 "/>
</bind>
</comp>

<comp id="406" class="1004" name="p_load17_load_fu_406">
<pin_list>
<pin id="407" dir="0" index="0" bw="8" slack="1"/>
<pin id="408" dir="1" index="1" bw="8" slack="0"/>
</pin_list>
<bind>
<opcode="load(27) " fcode="load"/>
<opset="p_load17/2 "/>
</bind>
</comp>

<comp id="409" class="1004" name="p_load16_load_fu_409">
<pin_list>
<pin id="410" dir="0" index="0" bw="8" slack="1"/>
<pin id="411" dir="1" index="1" bw="8" slack="0"/>
</pin_list>
<bind>
<opcode="load(27) " fcode="load"/>
<opset="p_load16/2 "/>
</bind>
</comp>

<comp id="413" class="1004" name="p_load_load_fu_413">
<pin_list>
<pin id="414" dir="0" index="0" bw="8" slack="1"/>
<pin id="415" dir="1" index="1" bw="8" slack="0"/>
</pin_list>
<bind>
<opcode="load(27) " fcode="load"/>
<opset="p_load/2 "/>
</bind>
</comp>

<comp id="416" class="1004" name="zext_ln154_fu_416">
<pin_list>
<pin id="417" dir="0" index="0" bw="10" slack="1"/>
<pin id="418" dir="1" index="1" bw="64" slack="0"/>
</pin_list>
<bind>
<opcode="zext(34) " fcode="zext"/>
<opset="zext_ln154/2 "/>
</bind>
</comp>

<comp id="423" class="1004" name="hasLeft_fu_423">
<pin_list>
<pin id="424" dir="0" index="0" bw="10" slack="1"/>
<pin id="425" dir="0" index="1" bw="1" slack="0"/>
<pin id="426" dir="1" index="2" bw="1" slack="0"/>
</pin_list>
<bind>
<opcode="icmp(45) " fcode="icmp"/>
<opset="hasLeft/2 "/>
</bind>
</comp>

<comp id="428" class="1004" name="hasRight_fu_428">
<pin_list>
<pin id="429" dir="0" index="0" bw="10" slack="1"/>
<pin id="430" dir="0" index="1" bw="10" slack="0"/>
<pin id="431" dir="1" index="2" bw="1" slack="0"/>
</pin_list>
<bind>
<opcode="icmp(45) " fcode="icmp"/>
<opset="hasRight/2 "/>
</bind>
</comp>

<comp id="433" class="1004" name="switch_ln162_fu_433">
<pin_list>
<pin id="434" dir="0" index="0" bw="8" slack="0"/>
<pin id="435" dir="0" index="1" bw="1" slack="0"/>
<pin id="436" dir="0" index="2" bw="8" slack="0"/>
<pin id="437" dir="1" index="3" bw="0" slack="2147483647"/>
</pin_list>
<bind>
<opcode="switch(3) " fcode="switch"/>
<opset="switch_ln162/2 "/>
</bind>
</comp>

<comp id="441" class="1004" name="p_load22_load_fu_441">
<pin_list>
<pin id="442" dir="0" index="0" bw="8" slack="1"/>
<pin id="443" dir="1" index="1" bw="8" slack="0"/>
</pin_list>
<bind>
<opcode="load(27) " fcode="load"/>
<opset="p_load22/2 "/>
</bind>
</comp>

<comp id="444" class="1004" name="icmp_ln43_fu_444">
<pin_list>
<pin id="445" dir="0" index="0" bw="8" slack="0"/>
<pin id="446" dir="0" index="1" bw="1" slack="0"/>
<pin id="447" dir="1" index="2" bw="1" slack="0"/>
</pin_list>
<bind>
<opcode="icmp(45) " fcode="icmp"/>
<opset="icmp_ln43/2 "/>
</bind>
</comp>

<comp id="450" class="1004" name="and_ln43_fu_450">
<pin_list>
<pin id="451" dir="0" index="0" bw="1" slack="0"/>
<pin id="452" dir="0" index="1" bw="1" slack="0"/>
<pin id="453" dir="1" index="2" bw="1" slack="0"/>
</pin_list>
<bind>
<opcode="and(23) " fcode="and"/>
<opset="and_ln43/2 "/>
</bind>
</comp>

<comp id="456" class="1004" name="and_ln43_3_fu_456">
<pin_list>
<pin id="457" dir="0" index="0" bw="1" slack="0"/>
<pin id="458" dir="0" index="1" bw="1" slack="1"/>
<pin id="459" dir="1" index="2" bw="1" slack="2147483647"/>
</pin_list>
<bind>
<opcode="and(23) " fcode="and"/>
<opset="and_ln43_3/2 "/>
</bind>
</comp>

<comp id="461" class="1004" name="p_load21_load_fu_461">
<pin_list>
<pin id="462" dir="0" index="0" bw="8" slack="1"/>
<pin id="463" dir="1" index="1" bw="8" slack="0"/>
</pin_list>
<bind>
<opcode="load(27) " fcode="load"/>
<opset="p_load21/2 "/>
</bind>
</comp>

<comp id="464" class="1004" name="icmp_ln46_fu_464">
<pin_list>
<pin id="465" dir="0" index="0" bw="8" slack="0"/>
<pin id="466" dir="0" index="1" bw="1" slack="0"/>
<pin id="467" dir="1" index="2" bw="1" slack="0"/>
</pin_list>
<bind>
<opcode="icmp(45) " fcode="icmp"/>
<opset="icmp_ln46/2 "/>
</bind>
</comp>

<comp id="470" class="1004" name="icmp_ln47_fu_470">
<pin_list>
<pin id="471" dir="0" index="0" bw="8" slack="0"/>
<pin id="472" dir="0" index="1" bw="1" slack="0"/>
<pin id="473" dir="1" index="2" bw="1" slack="0"/>
</pin_list>
<bind>
<opcode="icmp(45) " fcode="icmp"/>
<opset="icmp_ln47/2 "/>
</bind>
</comp>

<comp id="476" class="1004" name="and_ln44_fu_476">
<pin_list>
<pin id="477" dir="0" index="0" bw="1" slack="0"/>
<pin id="478" dir="0" index="1" bw="1" slack="0"/>
<pin id="479" dir="1" index="2" bw="1" slack="0"/>
</pin_list>
<bind>
<opcode="and(23) " fcode="and"/>
<opset="and_ln44/2 "/>
</bind>
</comp>

<comp id="482" class="1004" name="and_ln44_5_fu_482">
<pin_list>
<pin id="483" dir="0" index="0" bw="1" slack="0"/>
<pin id="484" dir="0" index="1" bw="1" slack="0"/>
<pin id="485" dir="1" index="2" bw="1" slack="0"/>
</pin_list>
<bind>
<opcode="and(23) " fcode="and"/>
<opset="and_ln44_5/2 "/>
</bind>
</comp>

<comp id="488" class="1004" name="or_ln44_fu_488">
<pin_list>
<pin id="489" dir="0" index="0" bw="1" slack="0"/>
<pin id="490" dir="0" index="1" bw="1" slack="0"/>
<pin id="491" dir="1" index="2" bw="1" slack="0"/>
</pin_list>
<bind>
<opcode="or(24) " fcode="or"/>
<opset="or_ln44/2 "/>
</bind>
</comp>

<comp id="494" class="1004" name="icmp_ln44_fu_494">
<pin_list>
<pin id="495" dir="0" index="0" bw="8" slack="0"/>
<pin id="496" dir="0" index="1" bw="1" slack="0"/>
<pin id="497" dir="1" index="2" bw="1" slack="0"/>
</pin_list>
<bind>
<opcode="icmp(45) " fcode="icmp"/>
<opset="icmp_ln44/2 "/>
</bind>
</comp>

<comp id="500" class="1004" name="icmp_ln45_fu_500">
<pin_list>
<pin id="501" dir="0" index="0" bw="8" slack="0"/>
<pin id="502" dir="0" index="1" bw="1" slack="0"/>
<pin id="503" dir="1" index="2" bw="1" slack="0"/>
</pin_list>
<bind>
<opcode="icmp(45) " fcode="icmp"/>
<opset="icmp_ln45/2 "/>
</bind>
</comp>

<comp id="506" class="1004" name="and_ln44_6_fu_506">
<pin_list>
<pin id="507" dir="0" index="0" bw="1" slack="0"/>
<pin id="508" dir="0" index="1" bw="1" slack="0"/>
<pin id="509" dir="1" index="2" bw="1" slack="0"/>
</pin_list>
<bind>
<opcode="and(23) " fcode="and"/>
<opset="and_ln44_6/2 "/>
</bind>
</comp>

<comp id="512" class="1004" name="or_ln44_5_fu_512">
<pin_list>
<pin id="513" dir="0" index="0" bw="1" slack="0"/>
<pin id="514" dir="0" index="1" bw="1" slack="0"/>
<pin id="515" dir="1" index="2" bw="1" slack="0"/>
</pin_list>
<bind>
<opcode="or(24) " fcode="or"/>
<opset="or_ln44_5/2 "/>
</bind>
</comp>

<comp id="518" class="1004" name="or_ln44_6_fu_518">
<pin_list>
<pin id="519" dir="0" index="0" bw="1" slack="0"/>
<pin id="520" dir="0" index="1" bw="1" slack="0"/>
<pin id="521" dir="1" index="2" bw="1" slack="2147483647"/>
</pin_list>
<bind>
<opcode="or(24) " fcode="or"/>
<opset="or_ln44_6/2 "/>
</bind>
</comp>

<comp id="524" class="1004" name="and_ln48_fu_524">
<pin_list>
<pin id="525" dir="0" index="0" bw="1" slack="1"/>
<pin id="526" dir="0" index="1" bw="1" slack="0"/>
<pin id="527" dir="1" index="2" bw="1" slack="2147483647"/>
</pin_list>
<bind>
<opcode="and(23) " fcode="and"/>
<opset="and_ln48/2 "/>
</bind>
</comp>

<comp id="529" class="1004" name="p_load20_load_fu_529">
<pin_list>
<pin id="530" dir="0" index="0" bw="8" slack="1"/>
<pin id="531" dir="1" index="1" bw="8" slack="0"/>
</pin_list>
<bind>
<opcode="load(27) " fcode="load"/>
<opset="p_load20/2 "/>
</bind>
</comp>

<comp id="532" class="1004" name="icmp_ln48_fu_532">
<pin_list>
<pin id="533" dir="0" index="0" bw="8" slack="0"/>
<pin id="534" dir="0" index="1" bw="1" slack="0"/>
<pin id="535" dir="1" index="2" bw="1" slack="0"/>
</pin_list>
<bind>
<opcode="icmp(45) " fcode="icmp"/>
<opset="icmp_ln48/2 "/>
</bind>
</comp>

<comp id="538" class="1004" name="or_ln48_fu_538">
<pin_list>
<pin id="539" dir="0" index="0" bw="1" slack="0"/>
<pin id="540" dir="0" index="1" bw="1" slack="0"/>
<pin id="541" dir="1" index="2" bw="1" slack="2147483647"/>
</pin_list>
<bind>
<opcode="or(24) " fcode="or"/>
<opset="or_ln48/2 "/>
</bind>
</comp>

<comp id="544" class="1004" name="icmp_ln50_fu_544">
<pin_list>
<pin id="545" dir="0" index="0" bw="8" slack="0"/>
<pin id="546" dir="0" index="1" bw="1" slack="0"/>
<pin id="547" dir="1" index="2" bw="1" slack="0"/>
</pin_list>
<bind>
<opcode="icmp(45) " fcode="icmp"/>
<opset="icmp_ln50/2 "/>
</bind>
</comp>

<comp id="550" class="1004" name="and_ln50_fu_550">
<pin_list>
<pin id="551" dir="0" index="0" bw="1" slack="1"/>
<pin id="552" dir="0" index="1" bw="1" slack="0"/>
<pin id="553" dir="1" index="2" bw="1" slack="0"/>
</pin_list>
<bind>
<opcode="and(23) " fcode="and"/>
<opset="and_ln50/2 "/>
</bind>
</comp>

<comp id="555" class="1004" name="and_ln50_3_fu_555">
<pin_list>
<pin id="556" dir="0" index="0" bw="1" slack="0"/>
<pin id="557" dir="0" index="1" bw="1" slack="0"/>
<pin id="558" dir="1" index="2" bw="1" slack="2147483647"/>
</pin_list>
<bind>
<opcode="and(23) " fcode="and"/>
<opset="and_ln50_3/2 "/>
</bind>
</comp>

<comp id="561" class="1004" name="tmp_29_fu_561">
<pin_list>
<pin id="562" dir="0" index="0" bw="8" slack="0"/>
<pin id="563" dir="0" index="1" bw="2" slack="0"/>
<pin id="564" dir="0" index="2" bw="8" slack="0"/>
<pin id="565" dir="0" index="3" bw="2" slack="0"/>
<pin id="566" dir="0" index="4" bw="8" slack="0"/>
<pin id="567" dir="0" index="5" bw="2" slack="0"/>
<pin id="568" dir="0" index="6" bw="8" slack="0"/>
<pin id="569" dir="0" index="7" bw="8" slack="0"/>
<pin id="570" dir="0" index="8" bw="2" slack="1"/>
<pin id="571" dir="1" index="9" bw="8" slack="0"/>
</pin_list>
<bind>
<opcode="sparsemux(1197) " fcode="sparsemux"/>
<opset="tmp_29/2 "/>
</bind>
</comp>

<comp id="580" class="1004" name="tmp_30_fu_580">
<pin_list>
<pin id="581" dir="0" index="0" bw="8" slack="0"/>
<pin id="582" dir="0" index="1" bw="2" slack="0"/>
<pin id="583" dir="0" index="2" bw="8" slack="0"/>
<pin id="584" dir="0" index="3" bw="2" slack="0"/>
<pin id="585" dir="0" index="4" bw="8" slack="0"/>
<pin id="586" dir="0" index="5" bw="2" slack="0"/>
<pin id="587" dir="0" index="6" bw="8" slack="0"/>
<pin id="588" dir="0" index="7" bw="8" slack="0"/>
<pin id="589" dir="0" index="8" bw="2" slack="1"/>
<pin id="590" dir="1" index="9" bw="8" slack="0"/>
</pin_list>
<bind>
<opcode="sparsemux(1197) " fcode="sparsemux"/>
<opset="tmp_30/2 "/>
</bind>
</comp>

<comp id="599" class="1004" name="tmp_31_fu_599">
<pin_list>
<pin id="600" dir="0" index="0" bw="8" slack="0"/>
<pin id="601" dir="0" index="1" bw="2" slack="0"/>
<pin id="602" dir="0" index="2" bw="8" slack="0"/>
<pin id="603" dir="0" index="3" bw="2" slack="0"/>
<pin id="604" dir="0" index="4" bw="8" slack="0"/>
<pin id="605" dir="0" index="5" bw="2" slack="0"/>
<pin id="606" dir="0" index="6" bw="8" slack="0"/>
<pin id="607" dir="0" index="7" bw="8" slack="0"/>
<pin id="608" dir="0" index="8" bw="2" slack="1"/>
<pin id="609" dir="1" index="9" bw="8" slack="0"/>
</pin_list>
<bind>
<opcode="sparsemux(1197) " fcode="sparsemux"/>
<opset="tmp_31/2 "/>
</bind>
</comp>

<comp id="618" class="1004" name="store_ln198_store_fu_618">
<pin_list>
<pin id="619" dir="0" index="0" bw="8" slack="0"/>
<pin id="620" dir="0" index="1" bw="8" slack="1"/>
<pin id="621" dir="1" index="2" bw="0" slack="2147483647"/>
</pin_list>
<bind>
<opcode="store(28) " fcode="store"/>
<opset="store_ln198/2 "/>
</bind>
</comp>

<comp id="623" class="1004" name="store_ln50_store_fu_623">
<pin_list>
<pin id="624" dir="0" index="0" bw="8" slack="0"/>
<pin id="625" dir="0" index="1" bw="8" slack="1"/>
<pin id="626" dir="1" index="2" bw="0" slack="2147483647"/>
</pin_list>
<bind>
<opcode="store(28) " fcode="store"/>
<opset="store_ln50/2 "/>
</bind>
</comp>

<comp id="628" class="1004" name="store_ln198_store_fu_628">
<pin_list>
<pin id="629" dir="0" index="0" bw="8" slack="0"/>
<pin id="630" dir="0" index="1" bw="8" slack="1"/>
<pin id="631" dir="1" index="2" bw="0" slack="2147483647"/>
</pin_list>
<bind>
<opcode="store(28) " fcode="store"/>
<opset="store_ln198/2 "/>
</bind>
</comp>

<comp id="633" class="1004" name="store_ln198_store_fu_633">
<pin_list>
<pin id="634" dir="0" index="0" bw="8" slack="0"/>
<pin id="635" dir="0" index="1" bw="8" slack="1"/>
<pin id="636" dir="1" index="2" bw="0" slack="2147483647"/>
</pin_list>
<bind>
<opcode="store(28) " fcode="store"/>
<opset="store_ln198/2 "/>
</bind>
</comp>

<comp id="638" class="1004" name="store_ln45_store_fu_638">
<pin_list>
<pin id="639" dir="0" index="0" bw="8" slack="0"/>
<pin id="640" dir="0" index="1" bw="8" slack="1"/>
<pin id="641" dir="1" index="2" bw="0" slack="2147483647"/>
</pin_list>
<bind>
<opcode="store(28) " fcode="store"/>
<opset="store_ln45/2 "/>
</bind>
</comp>

<comp id="643" class="1004" name="store_ln157_store_fu_643">
<pin_list>
<pin id="644" dir="0" index="0" bw="8" slack="0"/>
<pin id="645" dir="0" index="1" bw="8" slack="1"/>
<pin id="646" dir="1" index="2" bw="0" slack="2147483647"/>
</pin_list>
<bind>
<opcode="store(28) " fcode="store"/>
<opset="store_ln157/2 "/>
</bind>
</comp>

<comp id="648" class="1004" name="store_ln49_store_fu_648">
<pin_list>
<pin id="649" dir="0" index="0" bw="8" slack="0"/>
<pin id="650" dir="0" index="1" bw="8" slack="1"/>
<pin id="651" dir="1" index="2" bw="0" slack="2147483647"/>
</pin_list>
<bind>
<opcode="store(28) " fcode="store"/>
<opset="store_ln49/2 "/>
</bind>
</comp>

<comp id="653" class="1004" name="store_ln162_store_fu_653">
<pin_list>
<pin id="654" dir="0" index="0" bw="8" slack="0"/>
<pin id="655" dir="0" index="1" bw="8" slack="1"/>
<pin id="656" dir="1" index="2" bw="0" slack="2147483647"/>
</pin_list>
<bind>
<opcode="store(28) " fcode="store"/>
<opset="store_ln162/2 "/>
</bind>
</comp>

<comp id="658" class="1004" name="store_ln44_store_fu_658">
<pin_list>
<pin id="659" dir="0" index="0" bw="8" slack="0"/>
<pin id="660" dir="0" index="1" bw="8" slack="1"/>
<pin id="661" dir="1" index="2" bw="0" slack="2147483647"/>
</pin_list>
<bind>
<opcode="store(28) " fcode="store"/>
<opset="store_ln44/2 "/>
</bind>
</comp>

<comp id="663" class="1005" name="column_5_reg_663">
<pin_list>
<pin id="664" dir="0" index="0" bw="10" slack="0"/>
<pin id="665" dir="1" index="1" bw="10" slack="0"/>
</pin_list>
<bind>
<opset="column_5 "/>
</bind>
</comp>

<comp id="670" class="1005" name="empty_reg_670">
<pin_list>
<pin id="671" dir="0" index="0" bw="8" slack="0"/>
<pin id="672" dir="1" index="1" bw="8" slack="0"/>
</pin_list>
<bind>
<opset="empty "/>
</bind>
</comp>

<comp id="677" class="1005" name="empty_62_reg_677">
<pin_list>
<pin id="678" dir="0" index="0" bw="8" slack="0"/>
<pin id="679" dir="1" index="1" bw="8" slack="0"/>
</pin_list>
<bind>
<opset="empty_62 "/>
</bind>
</comp>

<comp id="684" class="1005" name="empty_63_reg_684">
<pin_list>
<pin id="685" dir="0" index="0" bw="8" slack="0"/>
<pin id="686" dir="1" index="1" bw="8" slack="0"/>
</pin_list>
<bind>
<opset="empty_63 "/>
</bind>
</comp>

<comp id="691" class="1005" name="centre_reg_691">
<pin_list>
<pin id="692" dir="0" index="0" bw="8" slack="0"/>
<pin id="693" dir="1" index="1" bw="8" slack="0"/>
</pin_list>
<bind>
<opset="centre "/>
</bind>
</comp>

<comp id="698" class="1005" name="empty_64_reg_698">
<pin_list>
<pin id="699" dir="0" index="0" bw="8" slack="0"/>
<pin id="700" dir="1" index="1" bw="8" slack="0"/>
</pin_list>
<bind>
<opset="empty_64 "/>
</bind>
</comp>

<comp id="705" class="1005" name="empty_65_reg_705">
<pin_list>
<pin id="706" dir="0" index="0" bw="8" slack="0"/>
<pin id="707" dir="1" index="1" bw="8" slack="0"/>
</pin_list>
<bind>
<opset="empty_65 "/>
</bind>
</comp>

<comp id="712" class="1005" name="empty_66_reg_712">
<pin_list>
<pin id="713" dir="0" index="0" bw="8" slack="0"/>
<pin id="714" dir="1" index="1" bw="8" slack="0"/>
</pin_list>
<bind>
<opset="empty_66 "/>
</bind>
</comp>

<comp id="719" class="1005" name="empty_67_reg_719">
<pin_list>
<pin id="720" dir="0" index="0" bw="8" slack="0"/>
<pin id="721" dir="1" index="1" bw="8" slack="0"/>
</pin_list>
<bind>
<opset="empty_67 "/>
</bind>
</comp>

<comp id="726" class="1005" name="empty_68_reg_726">
<pin_list>
<pin id="727" dir="0" index="0" bw="8" slack="0"/>
<pin id="728" dir="1" index="1" bw="8" slack="0"/>
</pin_list>
<bind>
<opset="empty_68 "/>
</bind>
</comp>

<comp id="733" class="1005" name="select_ln18_3_read_reg_733">
<pin_list>
<pin id="734" dir="0" index="0" bw="2" slack="1"/>
<pin id="735" dir="1" index="1" bw="2" slack="1"/>
</pin_list>
<bind>
<opset="select_ln18_3_read "/>
</bind>
</comp>

<comp id="738" class="1005" name="p_smodpost_read_reg_738">
<pin_list>
<pin id="739" dir="0" index="0" bw="2" slack="1"/>
<pin id="740" dir="1" index="1" bw="2" slack="1"/>
</pin_list>
<bind>
<opset="p_smodpost_read "/>
</bind>
</comp>

<comp id="743" class="1005" name="select_ln18_read_reg_743">
<pin_list>
<pin id="744" dir="0" index="0" bw="2" slack="1"/>
<pin id="745" dir="1" index="1" bw="2" slack="1"/>
</pin_list>
<bind>
<opset="select_ln18_read "/>
</bind>
</comp>

<comp id="748" class="1005" name="hasBottom_reg_748">
<pin_list>
<pin id="749" dir="0" index="0" bw="1" slack="1"/>
<pin id="750" dir="1" index="1" bw="1" slack="1"/>
</pin_list>
<bind>
<opset="hasBottom "/>
</bind>
</comp>

<comp id="754" class="1005" name="hasTop_reg_754">
<pin_list>
<pin id="755" dir="0" index="0" bw="1" slack="1"/>
<pin id="756" dir="1" index="1" bw="1" slack="1"/>
</pin_list>
<bind>
<opset="hasTop "/>
</bind>
</comp>

<comp id="759" class="1005" name="column_reg_759">
<pin_list>
<pin id="760" dir="0" index="0" bw="10" slack="1"/>
<pin id="761" dir="1" index="1" bw="10" slack="1"/>
</pin_list>
<bind>
<opset="column "/>
</bind>
</comp>

<comp id="766" class="1005" name="icmp_ln154_reg_766">
<pin_list>
<pin id="767" dir="0" index="0" bw="1" slack="1"/>
<pin id="768" dir="1" index="1" bw="1" slack="2147483647"/>
</pin_list>
<bind>
<opset="icmp_ln154 "/>
</bind>
</comp>

<comp id="770" class="1005" name="p_ZN12_GLOBAL_N_110lineBufferILi2EEE_0_addr_reg_770">
<pin_list>
<pin id="771" dir="0" index="0" bw="9" slack="1"/>
<pin id="772" dir="1" index="1" bw="9" slack="1"/>
</pin_list>
<bind>
<opset="p_ZN12_GLOBAL_N_110lineBufferILi2EEE_0_addr "/>
</bind>
</comp>

<comp id="775" class="1005" name="p_ZN12_GLOBAL_N_110lineBufferILi2EEE_1_addr_reg_775">
<pin_list>
<pin id="776" dir="0" index="0" bw="9" slack="1"/>
<pin id="777" dir="1" index="1" bw="9" slack="1"/>
</pin_list>
<bind>
<opset="p_ZN12_GLOBAL_N_110lineBufferILi2EEE_1_addr "/>
</bind>
</comp>

<comp id="780" class="1005" name="p_ZN12_GLOBAL_N_110lineBufferILi2EEE_2_addr_reg_780">
<pin_list>
<pin id="781" dir="0" index="0" bw="9" slack="1"/>
<pin id="782" dir="1" index="1" bw="9" slack="1"/>
</pin_list>
<bind>
<opset="p_ZN12_GLOBAL_N_110lineBufferILi2EEE_2_addr "/>
</bind>
</comp>

</comp_list>

<net_list>
<net id="93"><net_src comp="28" pin="0"/><net_sink comp="90" pin=0"/></net>

<net id="97"><net_src comp="28" pin="0"/><net_sink comp="94" pin=0"/></net>

<net id="101"><net_src comp="28" pin="0"/><net_sink comp="98" pin=0"/></net>

<net id="105"><net_src comp="28" pin="0"/><net_sink comp="102" pin=0"/></net>

<net id="109"><net_src comp="28" pin="0"/><net_sink comp="106" pin=0"/></net>

<net id="113"><net_src comp="28" pin="0"/><net_sink comp="110" pin=0"/></net>

<net id="117"><net_src comp="28" pin="0"/><net_sink comp="114" pin=0"/></net>

<net id="121"><net_src comp="28" pin="0"/><net_sink comp="118" pin=0"/></net>

<net id="125"><net_src comp="28" pin="0"/><net_sink comp="122" pin=0"/></net>

<net id="129"><net_src comp="28" pin="0"/><net_sink comp="126" pin=0"/></net>

<net id="134"><net_src comp="30" pin="0"/><net_sink comp="130" pin=0"/></net>

<net id="135"><net_src comp="18" pin="0"/><net_sink comp="130" pin=1"/></net>

<net id="140"><net_src comp="30" pin="0"/><net_sink comp="136" pin=0"/></net>

<net id="141"><net_src comp="16" pin="0"/><net_sink comp="136" pin=1"/></net>

<net id="146"><net_src comp="30" pin="0"/><net_sink comp="142" pin=0"/></net>

<net id="147"><net_src comp="14" pin="0"/><net_sink comp="142" pin=1"/></net>

<net id="152"><net_src comp="32" pin="0"/><net_sink comp="148" pin=0"/></net>

<net id="153"><net_src comp="12" pin="0"/><net_sink comp="148" pin=1"/></net>

<net id="158"><net_src comp="34" pin="0"/><net_sink comp="154" pin=0"/></net>

<net id="159"><net_src comp="10" pin="0"/><net_sink comp="154" pin=1"/></net>

<net id="164"><net_src comp="34" pin="0"/><net_sink comp="160" pin=0"/></net>

<net id="165"><net_src comp="8" pin="0"/><net_sink comp="160" pin=1"/></net>

<net id="170"><net_src comp="34" pin="0"/><net_sink comp="166" pin=0"/></net>

<net id="171"><net_src comp="6" pin="0"/><net_sink comp="166" pin=1"/></net>

<net id="176"><net_src comp="34" pin="0"/><net_sink comp="172" pin=0"/></net>

<net id="177"><net_src comp="4" pin="0"/><net_sink comp="172" pin=1"/></net>

<net id="182"><net_src comp="34" pin="0"/><net_sink comp="178" pin=0"/></net>

<net id="183"><net_src comp="2" pin="0"/><net_sink comp="178" pin=1"/></net>

<net id="188"><net_src comp="34" pin="0"/><net_sink comp="184" pin=0"/></net>

<net id="189"><net_src comp="0" pin="0"/><net_sink comp="184" pin=1"/></net>

<net id="195"><net_src comp="22" pin="0"/><net_sink comp="190" pin=0"/></net>

<net id="196"><net_src comp="54" pin="0"/><net_sink comp="190" pin=1"/></net>

<net id="202"><net_src comp="190" pin="3"/><net_sink comp="197" pin=0"/></net>

<net id="208"><net_src comp="24" pin="0"/><net_sink comp="203" pin=0"/></net>

<net id="209"><net_src comp="54" pin="0"/><net_sink comp="203" pin=1"/></net>

<net id="215"><net_src comp="26" pin="0"/><net_sink comp="210" pin=0"/></net>

<net id="216"><net_src comp="54" pin="0"/><net_sink comp="210" pin=1"/></net>

<net id="222"><net_src comp="203" pin="3"/><net_sink comp="217" pin=0"/></net>

<net id="228"><net_src comp="210" pin="3"/><net_sink comp="223" pin=0"/></net>

<net id="234"><net_src comp="20" pin="0"/><net_sink comp="229" pin=0"/></net>

<net id="235"><net_src comp="54" pin="0"/><net_sink comp="229" pin=1"/></net>

<net id="241"><net_src comp="76" pin="0"/><net_sink comp="236" pin=1"/></net>

<net id="242"><net_src comp="229" pin="3"/><net_sink comp="236" pin=0"/></net>

<net id="248"><net_src comp="20" pin="0"/><net_sink comp="243" pin=0"/></net>

<net id="249"><net_src comp="54" pin="0"/><net_sink comp="243" pin=1"/></net>

<net id="250"><net_src comp="74" pin="0"/><net_sink comp="236" pin=1"/></net>

<net id="251"><net_src comp="243" pin="3"/><net_sink comp="236" pin=0"/></net>

<net id="257"><net_src comp="20" pin="0"/><net_sink comp="252" pin=0"/></net>

<net id="258"><net_src comp="54" pin="0"/><net_sink comp="252" pin=1"/></net>

<net id="259"><net_src comp="252" pin="3"/><net_sink comp="236" pin=0"/></net>

<net id="265"><net_src comp="20" pin="0"/><net_sink comp="260" pin=0"/></net>

<net id="266"><net_src comp="54" pin="0"/><net_sink comp="260" pin=1"/></net>

<net id="267"><net_src comp="78" pin="0"/><net_sink comp="236" pin=1"/></net>

<net id="268"><net_src comp="260" pin="3"/><net_sink comp="236" pin=0"/></net>

<net id="273"><net_src comp="74" pin="0"/><net_sink comp="269" pin=1"/></net>

<net id="278"><net_src comp="148" pin="2"/><net_sink comp="274" pin=0"/></net>

<net id="279"><net_src comp="36" pin="0"/><net_sink comp="274" pin=1"/></net>

<net id="284"><net_src comp="148" pin="2"/><net_sink comp="280" pin=0"/></net>

<net id="285"><net_src comp="38" pin="0"/><net_sink comp="280" pin=1"/></net>

<net id="290"><net_src comp="184" pin="2"/><net_sink comp="286" pin=0"/></net>

<net id="295"><net_src comp="178" pin="2"/><net_sink comp="291" pin=0"/></net>

<net id="300"><net_src comp="172" pin="2"/><net_sink comp="296" pin=0"/></net>

<net id="305"><net_src comp="160" pin="2"/><net_sink comp="301" pin=0"/></net>

<net id="310"><net_src comp="154" pin="2"/><net_sink comp="306" pin=0"/></net>

<net id="315"><net_src comp="166" pin="2"/><net_sink comp="311" pin=0"/></net>

<net id="320"><net_src comp="178" pin="2"/><net_sink comp="316" pin=0"/></net>

<net id="325"><net_src comp="166" pin="2"/><net_sink comp="321" pin=0"/></net>

<net id="330"><net_src comp="154" pin="2"/><net_sink comp="326" pin=0"/></net>

<net id="335"><net_src comp="40" pin="0"/><net_sink comp="331" pin=0"/></net>

<net id="343"><net_src comp="336" pin="1"/><net_sink comp="339" pin=0"/></net>

<net id="344"><net_src comp="42" pin="0"/><net_sink comp="339" pin=1"/></net>

<net id="349"><net_src comp="336" pin="1"/><net_sink comp="345" pin=0"/></net>

<net id="350"><net_src comp="44" pin="0"/><net_sink comp="345" pin=1"/></net>

<net id="354"><net_src comp="336" pin="1"/><net_sink comp="351" pin=0"/></net>

<net id="358"><net_src comp="351" pin="1"/><net_sink comp="355" pin=0"/></net>

<net id="363"><net_src comp="355" pin="1"/><net_sink comp="359" pin=0"/></net>

<net id="364"><net_src comp="46" pin="0"/><net_sink comp="359" pin=1"/></net>

<net id="368"><net_src comp="359" pin="2"/><net_sink comp="365" pin=0"/></net>

<net id="374"><net_src comp="48" pin="0"/><net_sink comp="369" pin=0"/></net>

<net id="375"><net_src comp="359" pin="2"/><net_sink comp="369" pin=1"/></net>

<net id="376"><net_src comp="50" pin="0"/><net_sink comp="369" pin=2"/></net>

<net id="382"><net_src comp="369" pin="3"/><net_sink comp="377" pin=0"/></net>

<net id="383"><net_src comp="52" pin="0"/><net_sink comp="377" pin=1"/></net>

<net id="384"><net_src comp="365" pin="1"/><net_sink comp="377" pin=2"/></net>

<net id="388"><net_src comp="377" pin="3"/><net_sink comp="385" pin=0"/></net>

<net id="389"><net_src comp="385" pin="1"/><net_sink comp="190" pin=2"/></net>

<net id="390"><net_src comp="385" pin="1"/><net_sink comp="203" pin=2"/></net>

<net id="391"><net_src comp="385" pin="1"/><net_sink comp="210" pin=2"/></net>

<net id="396"><net_src comp="345" pin="2"/><net_sink comp="392" pin=0"/></net>

<net id="412"><net_src comp="409" pin="1"/><net_sink comp="269" pin=0"/></net>

<net id="419"><net_src comp="416" pin="1"/><net_sink comp="229" pin=2"/></net>

<net id="420"><net_src comp="416" pin="1"/><net_sink comp="243" pin=2"/></net>

<net id="421"><net_src comp="416" pin="1"/><net_sink comp="252" pin=2"/></net>

<net id="422"><net_src comp="416" pin="1"/><net_sink comp="260" pin=2"/></net>

<net id="427"><net_src comp="40" pin="0"/><net_sink comp="423" pin=1"/></net>

<net id="432"><net_src comp="72" pin="0"/><net_sink comp="428" pin=1"/></net>

<net id="438"><net_src comp="397" pin="1"/><net_sink comp="433" pin=0"/></net>

<net id="439"><net_src comp="74" pin="0"/><net_sink comp="433" pin=1"/></net>

<net id="440"><net_src comp="76" pin="0"/><net_sink comp="433" pin=2"/></net>

<net id="448"><net_src comp="441" pin="1"/><net_sink comp="444" pin=0"/></net>

<net id="449"><net_src comp="74" pin="0"/><net_sink comp="444" pin=1"/></net>

<net id="454"><net_src comp="423" pin="2"/><net_sink comp="450" pin=0"/></net>

<net id="455"><net_src comp="444" pin="2"/><net_sink comp="450" pin=1"/></net>

<net id="460"><net_src comp="450" pin="2"/><net_sink comp="456" pin=0"/></net>

<net id="468"><net_src comp="461" pin="1"/><net_sink comp="464" pin=0"/></net>

<net id="469"><net_src comp="74" pin="0"/><net_sink comp="464" pin=1"/></net>

<net id="474"><net_src comp="406" pin="1"/><net_sink comp="470" pin=0"/></net>

<net id="475"><net_src comp="74" pin="0"/><net_sink comp="470" pin=1"/></net>

<net id="480"><net_src comp="423" pin="2"/><net_sink comp="476" pin=0"/></net>

<net id="481"><net_src comp="464" pin="2"/><net_sink comp="476" pin=1"/></net>

<net id="486"><net_src comp="428" pin="2"/><net_sink comp="482" pin=0"/></net>

<net id="487"><net_src comp="470" pin="2"/><net_sink comp="482" pin=1"/></net>

<net id="492"><net_src comp="476" pin="2"/><net_sink comp="488" pin=0"/></net>

<net id="493"><net_src comp="482" pin="2"/><net_sink comp="488" pin=1"/></net>

<net id="498"><net_src comp="400" pin="1"/><net_sink comp="494" pin=0"/></net>

<net id="499"><net_src comp="74" pin="0"/><net_sink comp="494" pin=1"/></net>

<net id="504"><net_src comp="403" pin="1"/><net_sink comp="500" pin=0"/></net>

<net id="505"><net_src comp="74" pin="0"/><net_sink comp="500" pin=1"/></net>

<net id="510"><net_src comp="428" pin="2"/><net_sink comp="506" pin=0"/></net>

<net id="511"><net_src comp="500" pin="2"/><net_sink comp="506" pin=1"/></net>

<net id="516"><net_src comp="494" pin="2"/><net_sink comp="512" pin=0"/></net>

<net id="517"><net_src comp="506" pin="2"/><net_sink comp="512" pin=1"/></net>

<net id="522"><net_src comp="512" pin="2"/><net_sink comp="518" pin=0"/></net>

<net id="523"><net_src comp="488" pin="2"/><net_sink comp="518" pin=1"/></net>

<net id="528"><net_src comp="423" pin="2"/><net_sink comp="524" pin=1"/></net>

<net id="536"><net_src comp="529" pin="1"/><net_sink comp="532" pin=0"/></net>

<net id="537"><net_src comp="74" pin="0"/><net_sink comp="532" pin=1"/></net>

<net id="542"><net_src comp="532" pin="2"/><net_sink comp="538" pin=0"/></net>

<net id="543"><net_src comp="269" pin="2"/><net_sink comp="538" pin=1"/></net>

<net id="548"><net_src comp="413" pin="1"/><net_sink comp="544" pin=0"/></net>

<net id="549"><net_src comp="74" pin="0"/><net_sink comp="544" pin=1"/></net>

<net id="554"><net_src comp="544" pin="2"/><net_sink comp="550" pin=1"/></net>

<net id="559"><net_src comp="550" pin="2"/><net_sink comp="555" pin=0"/></net>

<net id="560"><net_src comp="428" pin="2"/><net_sink comp="555" pin=1"/></net>

<net id="572"><net_src comp="80" pin="0"/><net_sink comp="561" pin=0"/></net>

<net id="573"><net_src comp="82" pin="0"/><net_sink comp="561" pin=1"/></net>

<net id="574"><net_src comp="197" pin="3"/><net_sink comp="561" pin=2"/></net>

<net id="575"><net_src comp="84" pin="0"/><net_sink comp="561" pin=3"/></net>

<net id="576"><net_src comp="217" pin="3"/><net_sink comp="561" pin=4"/></net>

<net id="577"><net_src comp="86" pin="0"/><net_sink comp="561" pin=5"/></net>

<net id="578"><net_src comp="223" pin="3"/><net_sink comp="561" pin=6"/></net>

<net id="579"><net_src comp="88" pin="0"/><net_sink comp="561" pin=7"/></net>

<net id="591"><net_src comp="80" pin="0"/><net_sink comp="580" pin=0"/></net>

<net id="592"><net_src comp="84" pin="0"/><net_sink comp="580" pin=1"/></net>

<net id="593"><net_src comp="197" pin="3"/><net_sink comp="580" pin=2"/></net>

<net id="594"><net_src comp="86" pin="0"/><net_sink comp="580" pin=3"/></net>

<net id="595"><net_src comp="217" pin="3"/><net_sink comp="580" pin=4"/></net>

<net id="596"><net_src comp="82" pin="0"/><net_sink comp="580" pin=5"/></net>

<net id="597"><net_src comp="223" pin="3"/><net_sink comp="580" pin=6"/></net>

<net id="598"><net_src comp="88" pin="0"/><net_sink comp="580" pin=7"/></net>

<net id="610"><net_src comp="80" pin="0"/><net_sink comp="599" pin=0"/></net>

<net id="611"><net_src comp="82" pin="0"/><net_sink comp="599" pin=1"/></net>

<net id="612"><net_src comp="197" pin="3"/><net_sink comp="599" pin=2"/></net>

<net id="613"><net_src comp="84" pin="0"/><net_sink comp="599" pin=3"/></net>

<net id="614"><net_src comp="217" pin="3"/><net_sink comp="599" pin=4"/></net>

<net id="615"><net_src comp="86" pin="0"/><net_sink comp="599" pin=5"/></net>

<net id="616"><net_src comp="223" pin="3"/><net_sink comp="599" pin=6"/></net>

<net id="617"><net_src comp="88" pin="0"/><net_sink comp="599" pin=7"/></net>

<net id="622"><net_src comp="599" pin="9"/><net_sink comp="618" pin=0"/></net>

<net id="627"><net_src comp="413" pin="1"/><net_sink comp="623" pin=0"/></net>

<net id="632"><net_src comp="580" pin="9"/><net_sink comp="628" pin=0"/></net>

<net id="637"><net_src comp="561" pin="9"/><net_sink comp="633" pin=0"/></net>

<net id="642"><net_src comp="403" pin="1"/><net_sink comp="638" pin=0"/></net>

<net id="647"><net_src comp="406" pin="1"/><net_sink comp="643" pin=0"/></net>

<net id="652"><net_src comp="409" pin="1"/><net_sink comp="648" pin=0"/></net>

<net id="657"><net_src comp="397" pin="1"/><net_sink comp="653" pin=0"/></net>

<net id="662"><net_src comp="400" pin="1"/><net_sink comp="658" pin=0"/></net>

<net id="666"><net_src comp="90" pin="1"/><net_sink comp="663" pin=0"/></net>

<net id="667"><net_src comp="663" pin="1"/><net_sink comp="331" pin=1"/></net>

<net id="668"><net_src comp="663" pin="1"/><net_sink comp="336" pin=0"/></net>

<net id="669"><net_src comp="663" pin="1"/><net_sink comp="392" pin=1"/></net>

<net id="673"><net_src comp="94" pin="1"/><net_sink comp="670" pin=0"/></net>

<net id="674"><net_src comp="670" pin="1"/><net_sink comp="326" pin=1"/></net>

<net id="675"><net_src comp="670" pin="1"/><net_sink comp="441" pin=0"/></net>

<net id="676"><net_src comp="670" pin="1"/><net_sink comp="658" pin=1"/></net>

<net id="680"><net_src comp="98" pin="1"/><net_sink comp="677" pin=0"/></net>

<net id="681"><net_src comp="677" pin="1"/><net_sink comp="321" pin=1"/></net>

<net id="682"><net_src comp="677" pin="1"/><net_sink comp="461" pin=0"/></net>

<net id="683"><net_src comp="677" pin="1"/><net_sink comp="653" pin=1"/></net>

<net id="687"><net_src comp="102" pin="1"/><net_sink comp="684" pin=0"/></net>

<net id="688"><net_src comp="684" pin="1"/><net_sink comp="316" pin=1"/></net>

<net id="689"><net_src comp="684" pin="1"/><net_sink comp="529" pin=0"/></net>

<net id="690"><net_src comp="684" pin="1"/><net_sink comp="648" pin=1"/></net>

<net id="694"><net_src comp="106" pin="1"/><net_sink comp="691" pin=0"/></net>

<net id="695"><net_src comp="691" pin="1"/><net_sink comp="311" pin=1"/></net>

<net id="696"><net_src comp="691" pin="1"/><net_sink comp="397" pin=0"/></net>

<net id="697"><net_src comp="691" pin="1"/><net_sink comp="643" pin=1"/></net>

<net id="701"><net_src comp="110" pin="1"/><net_sink comp="698" pin=0"/></net>

<net id="702"><net_src comp="698" pin="1"/><net_sink comp="306" pin=1"/></net>

<net id="703"><net_src comp="698" pin="1"/><net_sink comp="400" pin=0"/></net>

<net id="704"><net_src comp="698" pin="1"/><net_sink comp="638" pin=1"/></net>

<net id="708"><net_src comp="114" pin="1"/><net_sink comp="705" pin=0"/></net>

<net id="709"><net_src comp="705" pin="1"/><net_sink comp="301" pin=1"/></net>

<net id="710"><net_src comp="705" pin="1"/><net_sink comp="403" pin=0"/></net>

<net id="711"><net_src comp="705" pin="1"/><net_sink comp="633" pin=1"/></net>

<net id="715"><net_src comp="118" pin="1"/><net_sink comp="712" pin=0"/></net>

<net id="716"><net_src comp="712" pin="1"/><net_sink comp="296" pin=1"/></net>

<net id="717"><net_src comp="712" pin="1"/><net_sink comp="406" pin=0"/></net>

<net id="718"><net_src comp="712" pin="1"/><net_sink comp="628" pin=1"/></net>

<net id="722"><net_src comp="122" pin="1"/><net_sink comp="719" pin=0"/></net>

<net id="723"><net_src comp="719" pin="1"/><net_sink comp="291" pin=1"/></net>

<net id="724"><net_src comp="719" pin="1"/><net_sink comp="409" pin=0"/></net>

<net id="725"><net_src comp="719" pin="1"/><net_sink comp="623" pin=1"/></net>

<net id="729"><net_src comp="126" pin="1"/><net_sink comp="726" pin=0"/></net>

<net id="730"><net_src comp="726" pin="1"/><net_sink comp="286" pin=1"/></net>

<net id="731"><net_src comp="726" pin="1"/><net_sink comp="413" pin=0"/></net>

<net id="732"><net_src comp="726" pin="1"/><net_sink comp="618" pin=1"/></net>

<net id="736"><net_src comp="130" pin="2"/><net_sink comp="733" pin=0"/></net>

<net id="737"><net_src comp="733" pin="1"/><net_sink comp="599" pin=8"/></net>

<net id="741"><net_src comp="136" pin="2"/><net_sink comp="738" pin=0"/></net>

<net id="742"><net_src comp="738" pin="1"/><net_sink comp="580" pin=8"/></net>

<net id="746"><net_src comp="142" pin="2"/><net_sink comp="743" pin=0"/></net>

<net id="747"><net_src comp="743" pin="1"/><net_sink comp="561" pin=8"/></net>

<net id="751"><net_src comp="274" pin="2"/><net_sink comp="748" pin=0"/></net>

<net id="752"><net_src comp="748" pin="1"/><net_sink comp="524" pin=0"/></net>

<net id="753"><net_src comp="748" pin="1"/><net_sink comp="550" pin=0"/></net>

<net id="757"><net_src comp="280" pin="2"/><net_sink comp="754" pin=0"/></net>

<net id="758"><net_src comp="754" pin="1"/><net_sink comp="456" pin=1"/></net>

<net id="762"><net_src comp="336" pin="1"/><net_sink comp="759" pin=0"/></net>

<net id="763"><net_src comp="759" pin="1"/><net_sink comp="416" pin=0"/></net>

<net id="764"><net_src comp="759" pin="1"/><net_sink comp="423" pin=0"/></net>

<net id="765"><net_src comp="759" pin="1"/><net_sink comp="428" pin=0"/></net>

<net id="769"><net_src comp="339" pin="2"/><net_sink comp="766" pin=0"/></net>

<net id="773"><net_src comp="190" pin="3"/><net_sink comp="770" pin=0"/></net>

<net id="774"><net_src comp="770" pin="1"/><net_sink comp="197" pin=0"/></net>

<net id="778"><net_src comp="203" pin="3"/><net_sink comp="775" pin=0"/></net>

<net id="779"><net_src comp="775" pin="1"/><net_sink comp="217" pin=0"/></net>

<net id="783"><net_src comp="210" pin="3"/><net_sink comp="780" pin=0"/></net>

<net id="784"><net_src comp="780" pin="1"/><net_sink comp="223" pin=0"/></net>

</net_list>

</model> 
---------------- Datapath Model END ------------------

* FSMD analyzer results:
  - Output states:
	Port: out_hysteresis2 | {2 }
 - Input state : 
	Port: hysteresis<2>_Pipeline_VITIS_LOOP_154_4 : tmp_28 | {1 }
	Port: hysteresis<2>_Pipeline_VITIS_LOOP_154_4 : tmp_25 | {1 }
	Port: hysteresis<2>_Pipeline_VITIS_LOOP_154_4 : tmp_27 | {1 }
	Port: hysteresis<2>_Pipeline_VITIS_LOOP_154_4 : tmp_s | {1 }
	Port: hysteresis<2>_Pipeline_VITIS_LOOP_154_4 : tmp_26 | {1 }
	Port: hysteresis<2>_Pipeline_VITIS_LOOP_154_4 : tmp | {1 }
	Port: hysteresis<2>_Pipeline_VITIS_LOOP_154_4 : outputRow | {1 }
	Port: hysteresis<2>_Pipeline_VITIS_LOOP_154_4 : select_ln18 | {1 }
	Port: hysteresis<2>_Pipeline_VITIS_LOOP_154_4 : p_smodpost | {1 }
	Port: hysteresis<2>_Pipeline_VITIS_LOOP_154_4 : select_ln18_3 | {1 }
	Port: hysteresis<2>_Pipeline_VITIS_LOOP_154_4 : p_ZN12_GLOBAL_N_110lineBufferILi2EEE_0 | {1 2 }
	Port: hysteresis<2>_Pipeline_VITIS_LOOP_154_4 : p_ZN12_GLOBAL_N_110lineBufferILi2EEE_1 | {1 2 }
	Port: hysteresis<2>_Pipeline_VITIS_LOOP_154_4 : p_ZN12_GLOBAL_N_110lineBufferILi2EEE_2 | {1 2 }
  - Chain level:
	State 1
		store_ln154 : 1
		column : 1
		icmp_ln154 : 2
		add_ln154 : 2
		br_ln154 : 3
		trunc_ln184 : 2
		zext_ln184 : 3
		add_ln184 : 4
		trunc_ln21 : 5
		tmp_37 : 5
		nextColumn : 6
		zext_ln191 : 7
		p_ZN12_GLOBAL_N_110lineBufferILi2EEE_0_addr : 8
		banked : 9
		p_ZN12_GLOBAL_N_110lineBufferILi2EEE_1_addr : 8
		p_ZN12_GLOBAL_N_110lineBufferILi2EEE_2_addr : 8
		banked_7 : 9
		banked_8 : 9
		store_ln154 : 3
	State 2
		switch_ln162 : 1
		icmp_ln43 : 1
		and_ln43 : 2
		and_ln43_3 : 2
		br_ln43 : 2
		icmp_ln46 : 1
		icmp_ln47 : 1
		and_ln44 : 2
		and_ln44_5 : 2
		or_ln44 : 2
		br_ln46 : 2
		icmp_ln44 : 1
		icmp_ln45 : 1
		and_ln44_6 : 2
		or_ln44_5 : 2
		or_ln44_6 : 2
		br_ln44 : 2
		and_ln48 : 1
		br_ln48 : 1
		icmp_ln49_3 : 1
		br_ln49 : 2
		icmp_ln48 : 1
		icmp_ln49 : 1
		or_ln48 : 2
		br_ln48 : 2
		icmp_ln50 : 1
		and_ln50 : 2
		and_ln50_3 : 2
		br_ln166 : 2
		out_hysteresis2_addr_3 : 1
		store_ln178 : 2
		out_hysteresis2_addr_2 : 1
		store_ln175 : 2
		out_hysteresis2_addr_1 : 1
		store_ln163 : 2
		out_hysteresis2_addr : 1
		store_ln181 : 2
		tmp_29 : 1
		tmp_30 : 1
		tmp_31 : 1
		store_ln198 : 2
		store_ln50 : 1
		store_ln198 : 2
		store_ln198 : 2
		store_ln45 : 1
		store_ln157 : 1
		store_ln49 : 1
		store_ln162 : 1
		store_ln44 : 1


============================================================
+ Verbose Summary: Datapath Resource usage 
============================================================

* Functional unit list:
|----------|--------------------------------|---------|---------|
| Operation|         Functional Unit        |    FF   |   LUT   |
|----------|--------------------------------|---------|---------|
|          |           grp_fu_269           |    0    |    15   |
|          |        hasBottom_fu_274        |    0    |    38   |
|          |          hasTop_fu_280         |    0    |    38   |
|          |        icmp_ln154_fu_339       |    0    |    17   |
|          |         hasLeft_fu_423         |    0    |    17   |
|          |         hasRight_fu_428        |    0    |    17   |
|   icmp   |        icmp_ln43_fu_444        |    0    |    15   |
|          |        icmp_ln46_fu_464        |    0    |    15   |
|          |        icmp_ln47_fu_470        |    0    |    15   |
|          |        icmp_ln44_fu_494        |    0    |    15   |
|          |        icmp_ln45_fu_500        |    0    |    15   |
|          |        icmp_ln48_fu_532        |    0    |    15   |
|          |        icmp_ln50_fu_544        |    0    |    15   |
|----------|--------------------------------|---------|---------|
|    add   |        add_ln154_fu_345        |    0    |    17   |
|          |        add_ln184_fu_359        |    0    |    16   |
|----------|--------------------------------|---------|---------|
|          |          tmp_29_fu_561         |    0    |    9    |
| sparsemux|          tmp_30_fu_580         |    0    |    9    |
|          |          tmp_31_fu_599         |    0    |    9    |
|----------|--------------------------------|---------|---------|
|          |         and_ln43_fu_450        |    0    |    2    |
|          |        and_ln43_3_fu_456       |    0    |    2    |
|          |         and_ln44_fu_476        |    0    |    2    |
|    and   |        and_ln44_5_fu_482       |    0    |    2    |
|          |        and_ln44_6_fu_506       |    0    |    2    |
|          |         and_ln48_fu_524        |    0    |    2    |
|          |         and_ln50_fu_550        |    0    |    2    |
|          |        and_ln50_3_fu_555       |    0    |    2    |
|----------|--------------------------------|---------|---------|
|  select  |        nextColumn_fu_377       |    0    |    9    |
|----------|--------------------------------|---------|---------|
|          |         or_ln44_fu_488         |    0    |    2    |
|    or    |        or_ln44_5_fu_512        |    0    |    2    |
|          |        or_ln44_6_fu_518        |    0    |    2    |
|          |         or_ln48_fu_538         |    0    |    2    |
|----------|--------------------------------|---------|---------|
|          | select_ln18_3_read_read_fu_130 |    0    |    0    |
|          |   p_smodpost_read_read_fu_136  |    0    |    0    |
|          |  select_ln18_read_read_fu_142  |    0    |    0    |
|          |   outputRow_read_read_fu_148   |    0    |    0    |
|   read   |      tmp_read_read_fu_154      |    0    |    0    |
|          |     tmp_26_read_read_fu_160    |    0    |    0    |
|          |     tmp_read_69_read_fu_166    |    0    |    0    |
|          |     tmp_27_read_read_fu_172    |    0    |    0    |
|          |     tmp_25_read_read_fu_178    |    0    |    0    |
|          |     tmp_28_read_read_fu_184    |    0    |    0    |
|----------|--------------------------------|---------|---------|
|   trunc  |       trunc_ln184_fu_351       |    0    |    0    |
|          |        trunc_ln21_fu_365       |    0    |    0    |
|----------|--------------------------------|---------|---------|
|          |        zext_ln184_fu_355       |    0    |    0    |
|   zext   |        zext_ln191_fu_385       |    0    |    0    |
|          |        zext_ln154_fu_416       |    0    |    0    |
|----------|--------------------------------|---------|---------|
| bitselect|          tmp_37_fu_369         |    0    |    0    |
|----------|--------------------------------|---------|---------|
|  switch  |       switch_ln162_fu_433      |    0    |    0    |
|----------|--------------------------------|---------|---------|
|   Total  |                                |    0    |   340   |
|----------|--------------------------------|---------|---------|

Memories:
N/A

* Register list:
+---------------------------------------------------+--------+
|                                                   |   FF   |
+---------------------------------------------------+--------+
|                   centre_reg_691                  |    8   |
|                  column_5_reg_663                 |   10   |
|                   column_reg_759                  |   10   |
|                  empty_62_reg_677                 |    8   |
|                  empty_63_reg_684                 |    8   |
|                  empty_64_reg_698                 |    8   |
|                  empty_65_reg_705                 |    8   |
|                  empty_66_reg_712                 |    8   |
|                  empty_67_reg_719                 |    8   |
|                  empty_68_reg_726                 |    8   |
|                   empty_reg_670                   |    8   |
|                 hasBottom_reg_748                 |    1   |
|                   hasTop_reg_754                  |    1   |
|                 icmp_ln154_reg_766                |    1   |
|p_ZN12_GLOBAL_N_110lineBufferILi2EEE_0_addr_reg_770|    9   |
|p_ZN12_GLOBAL_N_110lineBufferILi2EEE_1_addr_reg_775|    9   |
|p_ZN12_GLOBAL_N_110lineBufferILi2EEE_2_addr_reg_780|    9   |
|              p_smodpost_read_reg_738              |    2   |
|             select_ln18_3_read_reg_733            |    2   |
|              select_ln18_read_reg_743             |    2   |
+---------------------------------------------------+--------+
|                       Total                       |   128  |
+---------------------------------------------------+--------+

* Multiplexer (MUX) list: 
|-------------------|------|------|------|--------||---------||---------||---------|
|        Comp       |  Pin | Size |  BW  | S x BW ||  Delay  ||    FF   ||   LUT   |
|-------------------|------|------|------|--------||---------||---------||---------|
| grp_access_fu_197 |  p0  |   2  |   9  |   18   ||    0    ||    9    |
| grp_access_fu_217 |  p0  |   2  |   9  |   18   ||    0    ||    9    |
| grp_access_fu_223 |  p0  |   2  |   9  |   18   ||    0    ||    9    |
| grp_access_fu_236 |  p0  |   4  |   9  |   36   ||    0    ||    20   |
| grp_access_fu_236 |  p1  |   3  |   8  |   24   |
|-------------------|------|------|------|--------||---------||---------||---------|
|       Total       |      |      |      |   114  ||  2.282  ||    0    ||    47   |
|-------------------|------|------|------|--------||---------||---------||---------|



* Summary:
+-----------+--------+--------+--------+
|           |  Delay |   FF   |   LUT  |
+-----------+--------+--------+--------+
|  Function |    -   |    0   |   340  |
|   Memory  |    -   |    -   |    -   |
|Multiplexer|    2   |    0   |   47   |
|  Register |    -   |   128  |    -   |
+-----------+--------+--------+--------+
|   Total   |    2   |   128  |   387  |
+-----------+--------+--------+--------+
