

================================================================
== Vitis HLS Report for 'hysteresis_1_Pipeline_VITIS_LOOP_110_2'
================================================================
* Date:           Sat Jul 25 12:05:02 2026

* Version:        2025.2 (Build 6295257 on Nov 14 2025)
* Project:        canny_top
* Solution:       hls (Vitis Kernel Flow Target)
* Product family: zynquplus
* Target device:  xck26-sfvc784-2LV-c


================================================================
== Performance Estimates
================================================================
+ Timing: 
    * Summary: 
    +--------+---------+----------+------------+
    |  Clock |  Target | Estimated| Uncertainty|
    +--------+---------+----------+------------+
    |ap_clk  |  5.00 ns|  3.632 ns|     1.35 ns|
    +--------+---------+----------+------------+

+ Latency: 
    * Summary: 
    +---------+---------+-----------+-----------+-----+-----+-------------------+
    |  Latency (cycles) |   Latency (absolute)  |  Interval |      Pipeline     |
    |   min   |   max   |    min    |    max    | min | max |        Type       |
    +---------+---------+-----------+-----------+-----+-----+-------------------+
    |     2566|     2566|  12.830 us|  12.830 us|    0|    0|  loop pipeline stp|
    +---------+---------+-----------+-----------+-----+-----+-------------------+

    + Detail: 
        * Instance: 
        N/A

        * Loop: 
        +--------------------+---------+---------+----------+-----------+-----------+------+----------+
        |                    |  Latency (cycles) | Iteration|  Initiation Interval  | Trip |          |
        |      Loop Name     |   min   |   max   |  Latency |  achieved |   target  | Count| Pipelined|
        +--------------------+---------+---------+----------+-----------+-----------+------+----------+
        |- VITIS_LOOP_110_2  |     2564|     2564|        10|          5|          1|   512|       yes|
        +--------------------+---------+---------+----------+-----------+-----------+------+----------+

============================================================
+ Verbose Summary: Synthesis Manager
============================================================
InlineROM: 1
ExposeGlobal: 0
============================================================
+ Verbose Summary: CDFG Model
============================================================
IsTopModel: 0
ResetActiveHigh: 1
IsCombinational: 0
IsDatapathOnly: 0
HasWiredReturn: 1
HasMFsm: 2
HasVarLatency: 1
IsPipeline: 0
IsRtlPipelined: 0
IsInstanceOverlapped: 0
IsDontTouch: 0
HasImplIP: 0
IsGatedGlobalClock: 0

+ Individual pipeline summary: 
  * Pipeline-0: initiation interval (II) = 5, depth = 10


============================================================
+ Verbose Summary: Schedule
============================================================
* Number of FSM states : 10
* Pipeline : 1
  Pipeline-0 : II = 5, D = 10, States = { 1 2 3 4 5 6 7 8 9 10 }
* Dataflow Pipeline: 0

* FSM state transitions: 
1 --> 2 
2 --> 3 
3 --> 4 
4 --> 5 
5 --> 6 
6 --> 7 
7 --> 8 
8 --> 9 
9 --> 10 
10 --> 

* FSM state operations: 

State 1 <SV = 0> <Delay = 1.66>
ST_1 : Operation 13 [1/1] (0.00ns)   --->   "%column_6 = alloca i32 1" [../src/hysteresis.cpp:110->../src/canny_top.cpp:34]   --->   Operation 13 'alloca' 'column_6' <Predicate = true> <Delay = 0.00>
ST_1 : Operation 14 [1/1] (0.00ns)   --->   "%zext_ln33_read = read i10 @_ssdm_op_Read.ap_auto.i10, i10 %zext_ln33" [../src/hysteresis.cpp:90->../src/canny_top.cpp:34]   --->   Operation 14 'read' 'zext_ln33_read' <Predicate = true> <Delay = 0.00>
ST_1 : Operation 15 [1/1] (0.00ns)   --->   "%xor_ln33_read = read i1 @_ssdm_op_Read.ap_auto.i1, i1 %xor_ln33" [../src/hysteresis.cpp:90->../src/canny_top.cpp:34]   --->   Operation 15 'read' 'xor_ln33_read' <Predicate = true> <Delay = 0.00>
ST_1 : Operation 16 [1/1] (0.00ns)   --->   "%xor_ln38_read = read i1 @_ssdm_op_Read.ap_auto.i1, i1 %xor_ln38" [../src/hysteresis.cpp:90->../src/canny_top.cpp:34]   --->   Operation 16 'read' 'xor_ln38_read' <Predicate = true> <Delay = 0.00>
ST_1 : Operation 17 [1/1] (0.00ns)   --->   "%zext_ln38_4_read = read i10 @_ssdm_op_Read.ap_auto.i10, i10 %zext_ln38_4" [../src/hysteresis.cpp:90->../src/canny_top.cpp:34]   --->   Operation 17 'read' 'zext_ln38_4_read' <Predicate = true> <Delay = 0.00>
ST_1 : Operation 18 [1/1] (0.00ns)   --->   "%select_ln18_4_read = read i2 @_ssdm_op_Read.ap_auto.i2, i2 %select_ln18_4" [../src/hysteresis.cpp:90->../src/canny_top.cpp:34]   --->   Operation 18 'read' 'select_ln18_4_read' <Predicate = true> <Delay = 0.00>
ST_1 : Operation 19 [1/1] (0.00ns)   --->   "%result_read = read i2 @_ssdm_op_Read.ap_auto.i2, i2 %result" [../src/hysteresis.cpp:90->../src/canny_top.cpp:34]   --->   Operation 19 'read' 'result_read' <Predicate = true> <Delay = 0.00>
ST_1 : Operation 20 [1/1] (0.00ns)   --->   "%select_ln18_read = read i2 @_ssdm_op_Read.ap_auto.i2, i2 %select_ln18" [../src/hysteresis.cpp:90->../src/canny_top.cpp:34]   --->   Operation 20 'read' 'select_ln18_read' <Predicate = true> <Delay = 0.00>
ST_1 : Operation 21 [1/1] (0.00ns)   --->   "%outputRow_read = read i31 @_ssdm_op_Read.ap_auto.i31, i31 %outputRow" [../src/hysteresis.cpp:90->../src/canny_top.cpp:34]   --->   Operation 21 'read' 'outputRow_read' <Predicate = true> <Delay = 0.00>
ST_1 : Operation 22 [1/1] (1.00ns)   --->   "%icmp_ln90 = icmp_ult  i31 %outputRow_read, i31 511" [../src/hysteresis.cpp:90->../src/canny_top.cpp:34]   --->   Operation 22 'icmp' 'icmp_ln90' <Predicate = true> <Delay = 1.00> <CoreInst = "Cmp">   --->   Core 9 'Cmp' <Latency = 0> <II = 1> <Delay = 1.00> <FuncUnit> <Opcode : 'seteq' 'setne' 'setle' 'setge' 'setlt' 'setgt'> <InPorts = 2> <OutPorts = 1>
ST_1 : Operation 23 [1/1] (1.00ns)   --->   "%icmp_ln89 = icmp_eq  i31 %outputRow_read, i31 0" [../src/hysteresis.cpp:89->../src/canny_top.cpp:34]   --->   Operation 23 'icmp' 'icmp_ln89' <Predicate = true> <Delay = 1.00> <CoreInst = "Cmp">   --->   Core 9 'Cmp' <Latency = 0> <II = 1> <Delay = 1.00> <FuncUnit> <Opcode : 'seteq' 'setne' 'setle' 'setge' 'setlt' 'setgt'> <InPorts = 2> <OutPorts = 1>
ST_1 : Operation 24 [1/1] (0.42ns)   --->   "%store_ln110 = store i10 0, i10 %column_6" [../src/hysteresis.cpp:110->../src/canny_top.cpp:34]   --->   Operation 24 'store' 'store_ln110' <Predicate = true> <Delay = 0.42>
ST_1 : Operation 25 [1/1] (0.00ns)   --->   "%br_ln0 = br void %for.body21.i"   --->   Operation 25 'br' 'br_ln0' <Predicate = true> <Delay = 0.00>
ST_1 : Operation 26 [1/1] (0.00ns)   --->   "%column = load i10 %column_6" [../src/hysteresis.cpp:110->../src/canny_top.cpp:34]   --->   Operation 26 'load' 'column' <Predicate = true> <Delay = 0.00>
ST_1 : Operation 27 [1/1] (0.78ns)   --->   "%icmp_ln110 = icmp_eq  i10 %column, i10 512" [../src/hysteresis.cpp:110->../src/canny_top.cpp:34]   --->   Operation 27 'icmp' 'icmp_ln110' <Predicate = true> <Delay = 0.78> <CoreInst = "Cmp">   --->   Core 9 'Cmp' <Latency = 0> <II = 1> <Delay = 0.78> <FuncUnit> <Opcode : 'seteq' 'setne' 'setle' 'setge' 'setlt' 'setgt'> <InPorts = 2> <OutPorts = 1>
ST_1 : Operation 28 [1/1] (0.00ns)   --->   "%lshr_ln = partselect i8 @_ssdm_op_PartSelect.i8.i10.i32.i32, i10 %column, i32 1, i32 8" [../src/hysteresis.cpp:110->../src/canny_top.cpp:34]   --->   Operation 28 'partselect' 'lshr_ln' <Predicate = (!icmp_ln110)> <Delay = 0.00>
ST_1 : Operation 29 [1/1] (0.00ns)   --->   "%tmp_s = bitconcatenate i10 @_ssdm_op_BitConcatenate.i10.i2.i8, i2 %select_ln18_read, i8 %lshr_ln" [../src/hysteresis.cpp:112->../src/canny_top.cpp:34]   --->   Operation 29 'bitconcatenate' 'tmp_s' <Predicate = (!icmp_ln110)> <Delay = 0.00>
ST_1 : Operation 30 [1/1] (0.00ns)   --->   "%zext_ln112 = zext i10 %tmp_s" [../src/hysteresis.cpp:112->../src/canny_top.cpp:34]   --->   Operation 30 'zext' 'zext_ln112' <Predicate = (!icmp_ln110)> <Delay = 0.00>
ST_1 : Operation 31 [1/1] (0.00ns)   --->   "%p_ZN12_GLOBAL_N_110lineBufferILi1EEE_0_addr = getelementptr i8 %p_ZN12_GLOBAL_N_110lineBufferILi1EEE_0, i64 0, i64 %zext_ln112" [../src/hysteresis.cpp:112->../src/canny_top.cpp:34]   --->   Operation 31 'getelementptr' 'p_ZN12_GLOBAL_N_110lineBufferILi1EEE_0_addr' <Predicate = (!icmp_ln110)> <Delay = 0.00>
ST_1 : Operation 32 [1/1] (0.00ns)   --->   "%p_ZN12_GLOBAL_N_110lineBufferILi1EEE_1_addr = getelementptr i8 %p_ZN12_GLOBAL_N_110lineBufferILi1EEE_1, i64 0, i64 %zext_ln112" [../src/hysteresis.cpp:112->../src/canny_top.cpp:34]   --->   Operation 32 'getelementptr' 'p_ZN12_GLOBAL_N_110lineBufferILi1EEE_1_addr' <Predicate = (!icmp_ln110)> <Delay = 0.00>
ST_1 : Operation 33 [2/2] (1.23ns)   --->   "%p_ZN12_GLOBAL_N_110lineBufferILi1EEE_0_load = load i10 %p_ZN12_GLOBAL_N_110lineBufferILi1EEE_0_addr" [../src/hysteresis.cpp:112->../src/canny_top.cpp:34]   --->   Operation 33 'load' 'p_ZN12_GLOBAL_N_110lineBufferILi1EEE_0_load' <Predicate = (!icmp_ln110)> <Delay = 1.23> <CoreInst = "RAM">   --->   Core 82 'RAM' <Latency = 1> <II = 1> <Delay = 1.23> <Storage> <Opcode : 'load' 'store'> <Ports = 2> <Width = 8> <Depth = 768> <RAM>
ST_1 : Operation 34 [2/2] (1.23ns)   --->   "%p_ZN12_GLOBAL_N_110lineBufferILi1EEE_1_load = load i10 %p_ZN12_GLOBAL_N_110lineBufferILi1EEE_1_addr" [../src/hysteresis.cpp:112->../src/canny_top.cpp:34]   --->   Operation 34 'load' 'p_ZN12_GLOBAL_N_110lineBufferILi1EEE_1_load' <Predicate = (!icmp_ln110)> <Delay = 1.23> <CoreInst = "RAM">   --->   Core 82 'RAM' <Latency = 1> <II = 1> <Delay = 1.23> <Storage> <Opcode : 'load' 'store'> <Ports = 2> <Width = 8> <Depth = 768> <RAM>

State 2 <SV = 1> <Delay = 3.63>
ST_2 : Operation 35 [1/1] (0.00ns)   --->   "%zext_ln110 = zext i10 %column" [../src/hysteresis.cpp:110->../src/canny_top.cpp:34]   --->   Operation 35 'zext' 'zext_ln110' <Predicate = (!icmp_ln110)> <Delay = 0.00>
ST_2 : Operation 36 [1/1] (0.00ns)   --->   "%trunc_ln110 = trunc i10 %column" [../src/hysteresis.cpp:110->../src/canny_top.cpp:34]   --->   Operation 36 'trunc' 'trunc_ln110' <Predicate = (!icmp_ln110)> <Delay = 0.00>
ST_2 : Operation 37 [1/1] (0.00ns)   --->   "%trunc_ln110_4 = trunc i10 %column" [../src/hysteresis.cpp:110->../src/canny_top.cpp:34]   --->   Operation 37 'trunc' 'trunc_ln110_4' <Predicate = (!icmp_ln110)> <Delay = 0.00>
ST_2 : Operation 38 [1/2] ( I:1.23ns O:1.23ns )   --->   "%p_ZN12_GLOBAL_N_110lineBufferILi1EEE_0_load = load i10 %p_ZN12_GLOBAL_N_110lineBufferILi1EEE_0_addr" [../src/hysteresis.cpp:112->../src/canny_top.cpp:34]   --->   Operation 38 'load' 'p_ZN12_GLOBAL_N_110lineBufferILi1EEE_0_load' <Predicate = (!icmp_ln110)> <Delay = 1.23> <CoreInst = "RAM">   --->   Core 82 'RAM' <Latency = 1> <II = 1> <Delay = 1.23> <Storage> <Opcode : 'load' 'store'> <Ports = 2> <Width = 8> <Depth = 768> <RAM>
ST_2 : Operation 39 [1/2] ( I:1.23ns O:1.23ns )   --->   "%p_ZN12_GLOBAL_N_110lineBufferILi1EEE_1_load = load i10 %p_ZN12_GLOBAL_N_110lineBufferILi1EEE_1_addr" [../src/hysteresis.cpp:112->../src/canny_top.cpp:34]   --->   Operation 39 'load' 'p_ZN12_GLOBAL_N_110lineBufferILi1EEE_1_load' <Predicate = (!icmp_ln110)> <Delay = 1.23> <CoreInst = "RAM">   --->   Core 82 'RAM' <Latency = 1> <II = 1> <Delay = 1.23> <Storage> <Opcode : 'load' 'store'> <Ports = 2> <Width = 8> <Depth = 768> <RAM>
ST_2 : Operation 40 [1/1] (0.39ns)   --->   "%centre = select i1 %trunc_ln110_4, i8 %p_ZN12_GLOBAL_N_110lineBufferILi1EEE_1_load, i8 %p_ZN12_GLOBAL_N_110lineBufferILi1EEE_0_load" [../src/hysteresis.cpp:112->../src/canny_top.cpp:34]   --->   Operation 40 'select' 'centre' <Predicate = (!icmp_ln110)> <Delay = 0.39> <CoreInst = "Sel">   --->   Core 73 'Sel' <Latency = 0> <II = 1> <Delay = 0.39> <FuncUnit> <Opcode : 'select'> <InPorts = 3> <OutPorts = 1>
ST_2 : Operation 41 [1/1] (0.78ns)   --->   "%hasLeft = icmp_ne  i10 %column, i10 0" [../src/hysteresis.cpp:114->../src/canny_top.cpp:34]   --->   Operation 41 'icmp' 'hasLeft' <Predicate = (!icmp_ln110)> <Delay = 0.78> <CoreInst = "Cmp">   --->   Core 9 'Cmp' <Latency = 0> <II = 1> <Delay = 0.78> <FuncUnit> <Opcode : 'seteq' 'setne' 'setle' 'setge' 'setlt' 'setgt'> <InPorts = 2> <OutPorts = 1>
ST_2 : Operation 42 [1/1] (0.76ns)   --->   "%switch_ln117 = switch i8 %centre, void %if.else44.i, i8 255, void %if.then29.i, i8 128, void %land.lhs.true.i" [../src/hysteresis.cpp:117->../src/canny_top.cpp:34]   --->   Operation 42 'switch' 'switch_ln117' <Predicate = (!icmp_ln110)> <Delay = 0.76>
ST_2 : Operation 43 [1/1] (0.00ns)   --->   "%zext_ln23 = zext i9 %trunc_ln110" [../src/hysteresis.cpp:23->../src/hysteresis.cpp:122->../src/canny_top.cpp:34]   --->   Operation 43 'zext' 'zext_ln23' <Predicate = (!icmp_ln110 & centre == 128)> <Delay = 0.00>
ST_2 : Operation 44 [1/1] (0.28ns)   --->   "%xor_ln33_4 = xor i1 %hasLeft, i1 1" [../src/hysteresis.cpp:33->../src/hysteresis.cpp:122->../src/canny_top.cpp:34]   --->   Operation 44 'xor' 'xor_ln33_4' <Predicate = (!icmp_ln110 & centre == 128)> <Delay = 0.28> <CoreInst = "LogicGate">   --->   Core 74 'LogicGate' <Latency = 0> <II = 1> <Delay = 0.28> <FuncUnit> <Opcode : 'and' 'or' 'xor'> <InPorts = 2> <OutPorts = 1>
ST_2 : Operation 45 [1/1] (0.28ns)   --->   "%or_ln33 = or i1 %xor_ln33_read, i1 %xor_ln33_4" [../src/hysteresis.cpp:33->../src/hysteresis.cpp:122->../src/canny_top.cpp:34]   --->   Operation 45 'or' 'or_ln33' <Predicate = (!icmp_ln110 & centre == 128)> <Delay = 0.28> <CoreInst = "LogicGate">   --->   Core 74 'LogicGate' <Latency = 0> <II = 1> <Delay = 0.28> <FuncUnit> <Opcode : 'and' 'or' 'xor'> <InPorts = 2> <OutPorts = 1>
ST_2 : Operation 46 [1/1] (0.00ns)   --->   "%br_ln33 = br i1 %or_ln33, void %land.lhs.true1.i.i, void %lor.lhs.false.i.i" [../src/hysteresis.cpp:33->../src/hysteresis.cpp:122->../src/canny_top.cpp:34]   --->   Operation 46 'br' 'br_ln33' <Predicate = (!icmp_ln110 & centre == 128)> <Delay = 0.00>
ST_2 : Operation 47 [1/1] (0.77ns)   --->   "%add_ln33 = add i10 %zext_ln23, i10 1023" [../src/hysteresis.cpp:33->../src/hysteresis.cpp:122->../src/canny_top.cpp:34]   --->   Operation 47 'add' 'add_ln33' <Predicate = (!icmp_ln110 & centre == 128 & !or_ln33)> <Delay = 0.77> <CoreInst = "Adder">   --->   Core 1 'Adder' <Latency = 0> <II = 1> <Delay = 0.77> <FuncUnit> <Opcode : 'add' 'sub'> <InPorts = 2> <OutPorts = 1>
ST_2 : Operation 48 [1/1] (0.00ns)   --->   "%trunc_ln = partselect i9 @_ssdm_op_PartSelect.i9.i10.i32.i32, i10 %add_ln33, i32 1, i32 9" [../src/hysteresis.cpp:33->../src/hysteresis.cpp:122->../src/canny_top.cpp:34]   --->   Operation 48 'partselect' 'trunc_ln' <Predicate = (!icmp_ln110 & centre == 128 & !or_ln33)> <Delay = 0.00>
ST_2 : Operation 49 [1/1] (0.00ns)   --->   "%sext_ln33 = sext i9 %trunc_ln" [../src/hysteresis.cpp:33->../src/hysteresis.cpp:122->../src/canny_top.cpp:34]   --->   Operation 49 'sext' 'sext_ln33' <Predicate = (!icmp_ln110 & centre == 128 & !or_ln33)> <Delay = 0.00>
ST_2 : Operation 50 [1/1] (0.78ns)   --->   "%add_ln33_4 = add i10 %zext_ln33_read, i10 %sext_ln33" [../src/hysteresis.cpp:33->../src/hysteresis.cpp:122->../src/canny_top.cpp:34]   --->   Operation 50 'add' 'add_ln33_4' <Predicate = (!icmp_ln110 & centre == 128 & !or_ln33)> <Delay = 0.78> <CoreInst = "Adder">   --->   Core 1 'Adder' <Latency = 0> <II = 1> <Delay = 0.78> <FuncUnit> <Opcode : 'add' 'sub'> <InPorts = 2> <OutPorts = 1>
ST_2 : Operation 51 [1/1] (0.00ns)   --->   "%zext_ln33_4 = zext i10 %add_ln33_4" [../src/hysteresis.cpp:33->../src/hysteresis.cpp:122->../src/canny_top.cpp:34]   --->   Operation 51 'zext' 'zext_ln33_4' <Predicate = (!icmp_ln110 & centre == 128 & !or_ln33)> <Delay = 0.00>
ST_2 : Operation 52 [1/1] (0.00ns)   --->   "%p_ZN12_GLOBAL_N_110lineBufferILi1EEE_0_addr_2 = getelementptr i8 %p_ZN12_GLOBAL_N_110lineBufferILi1EEE_0, i64 0, i64 %zext_ln33_4" [../src/hysteresis.cpp:33->../src/hysteresis.cpp:122->../src/canny_top.cpp:34]   --->   Operation 52 'getelementptr' 'p_ZN12_GLOBAL_N_110lineBufferILi1EEE_0_addr_2' <Predicate = (!icmp_ln110 & centre == 128 & !or_ln33)> <Delay = 0.00>
ST_2 : Operation 53 [1/1] (0.00ns)   --->   "%p_ZN12_GLOBAL_N_110lineBufferILi1EEE_1_addr_2 = getelementptr i8 %p_ZN12_GLOBAL_N_110lineBufferILi1EEE_1, i64 0, i64 %zext_ln33_4" [../src/hysteresis.cpp:33->../src/hysteresis.cpp:122->../src/canny_top.cpp:34]   --->   Operation 53 'getelementptr' 'p_ZN12_GLOBAL_N_110lineBufferILi1EEE_1_addr_2' <Predicate = (!icmp_ln110 & centre == 128 & !or_ln33)> <Delay = 0.00>
ST_2 : Operation 54 [2/2] (1.23ns)   --->   "%p_ZN12_GLOBAL_N_110lineBufferILi1EEE_0_load_1 = load i10 %p_ZN12_GLOBAL_N_110lineBufferILi1EEE_0_addr_2" [../src/hysteresis.cpp:33->../src/hysteresis.cpp:122->../src/canny_top.cpp:34]   --->   Operation 54 'load' 'p_ZN12_GLOBAL_N_110lineBufferILi1EEE_0_load_1' <Predicate = (!icmp_ln110 & centre == 128 & !or_ln33)> <Delay = 1.23> <CoreInst = "RAM">   --->   Core 82 'RAM' <Latency = 1> <II = 1> <Delay = 1.23> <Storage> <Opcode : 'load' 'store'> <Ports = 2> <Width = 8> <Depth = 768> <RAM>
ST_2 : Operation 55 [2/2] (1.23ns)   --->   "%p_ZN12_GLOBAL_N_110lineBufferILi1EEE_1_load_1 = load i10 %p_ZN12_GLOBAL_N_110lineBufferILi1EEE_1_addr_2" [../src/hysteresis.cpp:33->../src/hysteresis.cpp:122->../src/canny_top.cpp:34]   --->   Operation 55 'load' 'p_ZN12_GLOBAL_N_110lineBufferILi1EEE_1_load_1' <Predicate = (!icmp_ln110 & centre == 128 & !or_ln33)> <Delay = 1.23> <CoreInst = "RAM">   --->   Core 82 'RAM' <Latency = 1> <II = 1> <Delay = 1.23> <Storage> <Opcode : 'load' 'store'> <Ports = 2> <Width = 8> <Depth = 768> <RAM>
ST_2 : Operation 56 [1/1] (0.00ns)   --->   "%out_hysteresis1_addr_1 = getelementptr i8 %out_hysteresis1, i64 0, i64 %zext_ln110" [../src/hysteresis.cpp:118->../src/canny_top.cpp:34]   --->   Operation 56 'getelementptr' 'out_hysteresis1_addr_1' <Predicate = (!icmp_ln110 & centre == 255)> <Delay = 0.00>
ST_2 : Operation 57 [1/1] ( I:1.23ns O:1.23ns )   --->   "%store_ln118 = store i8 255, i9 %out_hysteresis1_addr_1" [../src/hysteresis.cpp:118->../src/canny_top.cpp:34]   --->   Operation 57 'store' 'store_ln118' <Predicate = (!icmp_ln110 & centre == 255)> <Delay = 1.23> <CoreInst = "RAM">   --->   Core 82 'RAM' <Latency = 1> <II = 1> <Delay = 1.23> <Storage> <Opcode : 'load' 'store'> <Ports = 2> <Width = 8> <Depth = 512> <RAM>
ST_2 : Operation 58 [1/1] (0.00ns)   --->   "%br_ln119 = br void %for.inc50.i" [../src/hysteresis.cpp:119->../src/canny_top.cpp:34]   --->   Operation 58 'br' 'br_ln119' <Predicate = (!icmp_ln110 & centre == 255)> <Delay = 0.00>
ST_2 : Operation 59 [1/1] (0.00ns)   --->   "%out_hysteresis1_addr = getelementptr i8 %out_hysteresis1, i64 0, i64 %zext_ln110" [../src/hysteresis.cpp:139->../src/canny_top.cpp:34]   --->   Operation 59 'getelementptr' 'out_hysteresis1_addr' <Predicate = (!icmp_ln110 & centre != 255 & centre != 128)> <Delay = 0.00>
ST_2 : Operation 60 [1/1] ( I:1.23ns O:1.23ns )   --->   "%store_ln139 = store i8 0, i9 %out_hysteresis1_addr" [../src/hysteresis.cpp:139->../src/canny_top.cpp:34]   --->   Operation 60 'store' 'store_ln139' <Predicate = (!icmp_ln110 & centre != 255 & centre != 128)> <Delay = 1.23> <CoreInst = "RAM">   --->   Core 82 'RAM' <Latency = 1> <II = 1> <Delay = 1.23> <Storage> <Opcode : 'load' 'store'> <Ports = 2> <Width = 8> <Depth = 512> <RAM>
ST_2 : Operation 61 [1/1] (0.00ns)   --->   "%br_ln0 = br void %if.end47.i"   --->   Operation 61 'br' 'br_ln0' <Predicate = (!icmp_ln110 & centre != 255 & centre != 128)> <Delay = 0.00>
ST_2 : Operation 62 [1/1] (0.00ns)   --->   "%br_ln0 = br void %for.inc50.i"   --->   Operation 62 'br' 'br_ln0' <Predicate = (!icmp_ln110 & centre != 255)> <Delay = 0.00>

State 3 <SV = 2> <Delay = 2.39>
ST_3 : Operation 63 [1/1] (0.00ns)   --->   "%tmp_40 = bitconcatenate i10 @_ssdm_op_BitConcatenate.i10.i2.i8, i2 %result_read, i8 %lshr_ln" [../src/hysteresis.cpp:34->../src/hysteresis.cpp:122->../src/canny_top.cpp:34]   --->   Operation 63 'bitconcatenate' 'tmp_40' <Predicate = (!icmp_ln110)> <Delay = 0.00>
ST_3 : Operation 64 [1/1] (0.00ns)   --->   "%zext_ln34 = zext i10 %tmp_40" [../src/hysteresis.cpp:34->../src/hysteresis.cpp:122->../src/canny_top.cpp:34]   --->   Operation 64 'zext' 'zext_ln34' <Predicate = (!icmp_ln110)> <Delay = 0.00>
ST_3 : Operation 65 [1/1] (0.00ns)   --->   "%p_ZN12_GLOBAL_N_110lineBufferILi1EEE_0_addr_1 = getelementptr i8 %p_ZN12_GLOBAL_N_110lineBufferILi1EEE_0, i64 0, i64 %zext_ln34" [../src/hysteresis.cpp:34->../src/hysteresis.cpp:122->../src/canny_top.cpp:34]   --->   Operation 65 'getelementptr' 'p_ZN12_GLOBAL_N_110lineBufferILi1EEE_0_addr_1' <Predicate = (!icmp_ln110 & !trunc_ln110_4)> <Delay = 0.00>
ST_3 : Operation 66 [1/1] (0.00ns)   --->   "%p_ZN12_GLOBAL_N_110lineBufferILi1EEE_1_addr_1 = getelementptr i8 %p_ZN12_GLOBAL_N_110lineBufferILi1EEE_1, i64 0, i64 %zext_ln34" [../src/hysteresis.cpp:34->../src/hysteresis.cpp:122->../src/canny_top.cpp:34]   --->   Operation 66 'getelementptr' 'p_ZN12_GLOBAL_N_110lineBufferILi1EEE_1_addr_1' <Predicate = (!icmp_ln110 & trunc_ln110_4)> <Delay = 0.00>
ST_3 : Operation 67 [1/2] ( I:1.23ns O:1.23ns )   --->   "%p_ZN12_GLOBAL_N_110lineBufferILi1EEE_0_load_1 = load i10 %p_ZN12_GLOBAL_N_110lineBufferILi1EEE_0_addr_2" [../src/hysteresis.cpp:33->../src/hysteresis.cpp:122->../src/canny_top.cpp:34]   --->   Operation 67 'load' 'p_ZN12_GLOBAL_N_110lineBufferILi1EEE_0_load_1' <Predicate = (!icmp_ln110 & centre == 128 & !or_ln33)> <Delay = 1.23> <CoreInst = "RAM">   --->   Core 82 'RAM' <Latency = 1> <II = 1> <Delay = 1.23> <Storage> <Opcode : 'load' 'store'> <Ports = 2> <Width = 8> <Depth = 768> <RAM>
ST_3 : Operation 68 [1/2] ( I:1.23ns O:1.23ns )   --->   "%p_ZN12_GLOBAL_N_110lineBufferILi1EEE_1_load_1 = load i10 %p_ZN12_GLOBAL_N_110lineBufferILi1EEE_1_addr_2" [../src/hysteresis.cpp:33->../src/hysteresis.cpp:122->../src/canny_top.cpp:34]   --->   Operation 68 'load' 'p_ZN12_GLOBAL_N_110lineBufferILi1EEE_1_load_1' <Predicate = (!icmp_ln110 & centre == 128 & !or_ln33)> <Delay = 1.23> <CoreInst = "RAM">   --->   Core 82 'RAM' <Latency = 1> <II = 1> <Delay = 1.23> <Storage> <Opcode : 'load' 'store'> <Ports = 2> <Width = 8> <Depth = 768> <RAM>
ST_3 : Operation 69 [1/1] (0.39ns)   --->   "%select_ln33 = select i1 %trunc_ln110_4, i8 %p_ZN12_GLOBAL_N_110lineBufferILi1EEE_0_load_1, i8 %p_ZN12_GLOBAL_N_110lineBufferILi1EEE_1_load_1" [../src/hysteresis.cpp:33->../src/hysteresis.cpp:122->../src/canny_top.cpp:34]   --->   Operation 69 'select' 'select_ln33' <Predicate = (!icmp_ln110 & centre == 128 & !or_ln33)> <Delay = 0.39> <CoreInst = "Sel">   --->   Core 73 'Sel' <Latency = 0> <II = 1> <Delay = 0.39> <FuncUnit> <Opcode : 'select'> <InPorts = 3> <OutPorts = 1>
ST_3 : Operation 70 [1/1] (0.76ns)   --->   "%icmp_ln33 = icmp_eq  i8 %select_ln33, i8 255" [../src/hysteresis.cpp:33->../src/hysteresis.cpp:122->../src/canny_top.cpp:34]   --->   Operation 70 'icmp' 'icmp_ln33' <Predicate = (!icmp_ln110 & centre == 128 & !or_ln33)> <Delay = 0.76> <CoreInst = "Cmp">   --->   Core 9 'Cmp' <Latency = 0> <II = 1> <Delay = 0.76> <FuncUnit> <Opcode : 'seteq' 'setne' 'setle' 'setge' 'setlt' 'setgt'> <InPorts = 2> <OutPorts = 1>
ST_3 : Operation 71 [1/1] (0.00ns)   --->   "%br_ln33 = br i1 %icmp_ln33, void %lor.lhs.false.i.i, void %_ZN12_GLOBAL__N_120has_strong_neighbourILi1EEEbiiiibbbb.exit.thread.i" [../src/hysteresis.cpp:33->../src/hysteresis.cpp:122->../src/canny_top.cpp:34]   --->   Operation 71 'br' 'br_ln33' <Predicate = (!icmp_ln110 & centre == 128 & !or_ln33)> <Delay = 0.00>
ST_3 : Operation 72 [1/1] (0.00ns)   --->   "%br_ln34 = br i1 %icmp_ln89, void %land.lhs.true4.i.i, void %lor.lhs.false20.i.i" [../src/hysteresis.cpp:34->../src/hysteresis.cpp:122->../src/canny_top.cpp:34]   --->   Operation 72 'br' 'br_ln34' <Predicate = (!icmp_ln110 & centre == 128 & !icmp_ln33) | (!icmp_ln110 & centre == 128 & or_ln33)> <Delay = 0.00>
ST_3 : Operation 73 [2/2] (1.23ns)   --->   "%p_ZN12_GLOBAL_N_110lineBufferILi1EEE_0_load_2 = load i10 %p_ZN12_GLOBAL_N_110lineBufferILi1EEE_0_addr_1" [../src/hysteresis.cpp:34->../src/hysteresis.cpp:122->../src/canny_top.cpp:34]   --->   Operation 73 'load' 'p_ZN12_GLOBAL_N_110lineBufferILi1EEE_0_load_2' <Predicate = (!icmp_ln110 & centre == 128 & !icmp_ln33 & !icmp_ln89 & !trunc_ln110_4) | (!icmp_ln110 & centre == 128 & or_ln33 & !icmp_ln89 & !trunc_ln110_4)> <Delay = 1.23> <CoreInst = "RAM">   --->   Core 82 'RAM' <Latency = 1> <II = 1> <Delay = 1.23> <Storage> <Opcode : 'load' 'store'> <Ports = 2> <Width = 8> <Depth = 768> <RAM>
ST_3 : Operation 74 [2/2] (1.23ns)   --->   "%p_ZN12_GLOBAL_N_110lineBufferILi1EEE_1_load_2 = load i10 %p_ZN12_GLOBAL_N_110lineBufferILi1EEE_1_addr_1" [../src/hysteresis.cpp:34->../src/hysteresis.cpp:122->../src/canny_top.cpp:34]   --->   Operation 74 'load' 'p_ZN12_GLOBAL_N_110lineBufferILi1EEE_1_load_2' <Predicate = (!icmp_ln110 & centre == 128 & !icmp_ln33 & !icmp_ln89 & trunc_ln110_4) | (!icmp_ln110 & centre == 128 & or_ln33 & !icmp_ln89 & trunc_ln110_4)> <Delay = 1.23> <CoreInst = "RAM">   --->   Core 82 'RAM' <Latency = 1> <II = 1> <Delay = 1.23> <Storage> <Opcode : 'load' 'store'> <Ports = 2> <Width = 8> <Depth = 768> <RAM>

State 4 <SV = 3> <Delay = 2.39>
ST_4 : Operation 75 [1/1] (0.78ns)   --->   "%add_ln110 = add i10 %column, i10 1" [../src/hysteresis.cpp:110->../src/canny_top.cpp:34]   --->   Operation 75 'add' 'add_ln110' <Predicate = true> <Delay = 0.78> <CoreInst = "Adder">   --->   Core 1 'Adder' <Latency = 0> <II = 1> <Delay = 0.78> <FuncUnit> <Opcode : 'add' 'sub'> <InPorts = 2> <OutPorts = 1>
ST_4 : Operation 76 [1/1] (0.00ns)   --->   "%br_ln110 = br i1 %icmp_ln110, void %for.body21.split.i, void %_Z10hysteresisILi1EEvPKhPhbPbh.5.exit.loopexit.exitStub" [../src/hysteresis.cpp:110->../src/canny_top.cpp:34]   --->   Operation 76 'br' 'br_ln110' <Predicate = true> <Delay = 0.00>
ST_4 : Operation 77 [1/1] (0.78ns)   --->   "%hasRight = icmp_ult  i10 %column, i10 511" [../src/hysteresis.cpp:115->../src/canny_top.cpp:34]   --->   Operation 77 'icmp' 'hasRight' <Predicate = (!icmp_ln110)> <Delay = 0.78> <CoreInst = "Cmp">   --->   Core 9 'Cmp' <Latency = 0> <II = 1> <Delay = 0.78> <FuncUnit> <Opcode : 'seteq' 'setne' 'setle' 'setge' 'setlt' 'setgt'> <InPorts = 2> <OutPorts = 1>
ST_4 : Operation 78 [1/2] ( I:1.23ns O:1.23ns )   --->   "%p_ZN12_GLOBAL_N_110lineBufferILi1EEE_0_load_2 = load i10 %p_ZN12_GLOBAL_N_110lineBufferILi1EEE_0_addr_1" [../src/hysteresis.cpp:34->../src/hysteresis.cpp:122->../src/canny_top.cpp:34]   --->   Operation 78 'load' 'p_ZN12_GLOBAL_N_110lineBufferILi1EEE_0_load_2' <Predicate = (!icmp_ln110 & centre == 128 & !icmp_ln33 & !icmp_ln89 & !trunc_ln110_4) | (!icmp_ln110 & centre == 128 & or_ln33 & !icmp_ln89 & !trunc_ln110_4)> <Delay = 1.23> <CoreInst = "RAM">   --->   Core 82 'RAM' <Latency = 1> <II = 1> <Delay = 1.23> <Storage> <Opcode : 'load' 'store'> <Ports = 2> <Width = 8> <Depth = 768> <RAM>
ST_4 : Operation 79 [1/2] ( I:1.23ns O:1.23ns )   --->   "%p_ZN12_GLOBAL_N_110lineBufferILi1EEE_1_load_2 = load i10 %p_ZN12_GLOBAL_N_110lineBufferILi1EEE_1_addr_1" [../src/hysteresis.cpp:34->../src/hysteresis.cpp:122->../src/canny_top.cpp:34]   --->   Operation 79 'load' 'p_ZN12_GLOBAL_N_110lineBufferILi1EEE_1_load_2' <Predicate = (!icmp_ln110 & centre == 128 & !icmp_ln33 & !icmp_ln89 & trunc_ln110_4) | (!icmp_ln110 & centre == 128 & or_ln33 & !icmp_ln89 & trunc_ln110_4)> <Delay = 1.23> <CoreInst = "RAM">   --->   Core 82 'RAM' <Latency = 1> <II = 1> <Delay = 1.23> <Storage> <Opcode : 'load' 'store'> <Ports = 2> <Width = 8> <Depth = 768> <RAM>
ST_4 : Operation 80 [1/1] (0.39ns)   --->   "%select_ln34 = select i1 %trunc_ln110_4, i8 %p_ZN12_GLOBAL_N_110lineBufferILi1EEE_1_load_2, i8 %p_ZN12_GLOBAL_N_110lineBufferILi1EEE_0_load_2" [../src/hysteresis.cpp:34->../src/hysteresis.cpp:122->../src/canny_top.cpp:34]   --->   Operation 80 'select' 'select_ln34' <Predicate = (!icmp_ln110 & centre == 128 & !icmp_ln33 & !icmp_ln89) | (!icmp_ln110 & centre == 128 & or_ln33 & !icmp_ln89)> <Delay = 0.39> <CoreInst = "Sel">   --->   Core 73 'Sel' <Latency = 0> <II = 1> <Delay = 0.39> <FuncUnit> <Opcode : 'select'> <InPorts = 3> <OutPorts = 1>
ST_4 : Operation 81 [1/1] (0.76ns)   --->   "%icmp_ln34 = icmp_eq  i8 %select_ln34, i8 255" [../src/hysteresis.cpp:34->../src/hysteresis.cpp:122->../src/canny_top.cpp:34]   --->   Operation 81 'icmp' 'icmp_ln34' <Predicate = (!icmp_ln110 & centre == 128 & !icmp_ln33 & !icmp_ln89) | (!icmp_ln110 & centre == 128 & or_ln33 & !icmp_ln89)> <Delay = 0.76> <CoreInst = "Cmp">   --->   Core 9 'Cmp' <Latency = 0> <II = 1> <Delay = 0.76> <FuncUnit> <Opcode : 'seteq' 'setne' 'setle' 'setge' 'setlt' 'setgt'> <InPorts = 2> <OutPorts = 1>
ST_4 : Operation 82 [1/1] (0.00ns)   --->   "%br_ln34 = br i1 %icmp_ln34, void %lor.lhs.false11.i.i, void %_ZN12_GLOBAL__N_120has_strong_neighbourILi1EEEbiiiibbbb.exit.thread.i" [../src/hysteresis.cpp:34->../src/hysteresis.cpp:122->../src/canny_top.cpp:34]   --->   Operation 82 'br' 'br_ln34' <Predicate = (!icmp_ln110 & centre == 128 & !icmp_ln33 & !icmp_ln89) | (!icmp_ln110 & centre == 128 & or_ln33 & !icmp_ln89)> <Delay = 0.00>
ST_4 : Operation 83 [1/1] (0.00ns)   --->   "%br_ln35 = br i1 %hasRight, void %lor.lhs.false20.i.i, void %land.lhs.true13.i.i" [../src/hysteresis.cpp:35->../src/hysteresis.cpp:122->../src/canny_top.cpp:34]   --->   Operation 83 'br' 'br_ln35' <Predicate = (!icmp_ln110 & centre == 128 & !icmp_ln33 & !icmp_ln89 & !icmp_ln34) | (!icmp_ln110 & centre == 128 & or_ln33 & !icmp_ln89 & !icmp_ln34)> <Delay = 0.00>
ST_4 : Operation 84 [1/1] (0.77ns)   --->   "%add_ln35 = add i9 %trunc_ln110, i9 1" [../src/hysteresis.cpp:35->../src/hysteresis.cpp:122->../src/canny_top.cpp:34]   --->   Operation 84 'add' 'add_ln35' <Predicate = (!icmp_ln110 & centre == 128 & !icmp_ln33 & !icmp_ln89 & !icmp_ln34 & hasRight) | (!icmp_ln110 & centre == 128 & or_ln33 & !icmp_ln89 & !icmp_ln34 & hasRight)> <Delay = 0.77> <CoreInst = "Adder">   --->   Core 1 'Adder' <Latency = 0> <II = 1> <Delay = 0.77> <FuncUnit> <Opcode : 'add' 'sub'> <InPorts = 2> <OutPorts = 1>
ST_4 : Operation 85 [1/1] (0.00ns)   --->   "%lshr_ln11 = partselect i8 @_ssdm_op_PartSelect.i8.i9.i32.i32, i9 %add_ln35, i32 1, i32 8" [../src/hysteresis.cpp:35->../src/hysteresis.cpp:122->../src/canny_top.cpp:34]   --->   Operation 85 'partselect' 'lshr_ln11' <Predicate = (!icmp_ln110 & centre == 128 & !icmp_ln33 & !icmp_ln89 & !icmp_ln34 & hasRight) | (!icmp_ln110 & centre == 128 & or_ln33 & !icmp_ln89 & !icmp_ln34 & hasRight)> <Delay = 0.00>
ST_4 : Operation 86 [1/1] (0.00ns)   --->   "%tmp_42 = bitconcatenate i10 @_ssdm_op_BitConcatenate.i10.i2.i8, i2 %result_read, i8 %lshr_ln11" [../src/hysteresis.cpp:35->../src/hysteresis.cpp:122->../src/canny_top.cpp:34]   --->   Operation 86 'bitconcatenate' 'tmp_42' <Predicate = (!icmp_ln110 & centre == 128 & !icmp_ln33 & !icmp_ln89 & !icmp_ln34 & hasRight) | (!icmp_ln110 & centre == 128 & or_ln33 & !icmp_ln89 & !icmp_ln34 & hasRight)> <Delay = 0.00>
ST_4 : Operation 87 [1/1] (0.00ns)   --->   "%zext_ln35 = zext i10 %tmp_42" [../src/hysteresis.cpp:35->../src/hysteresis.cpp:122->../src/canny_top.cpp:34]   --->   Operation 87 'zext' 'zext_ln35' <Predicate = (!icmp_ln110 & centre == 128 & !icmp_ln33 & !icmp_ln89 & !icmp_ln34 & hasRight) | (!icmp_ln110 & centre == 128 & or_ln33 & !icmp_ln89 & !icmp_ln34 & hasRight)> <Delay = 0.00>
ST_4 : Operation 88 [1/1] (0.00ns)   --->   "%p_ZN12_GLOBAL_N_110lineBufferILi1EEE_0_addr_4 = getelementptr i8 %p_ZN12_GLOBAL_N_110lineBufferILi1EEE_0, i64 0, i64 %zext_ln35" [../src/hysteresis.cpp:35->../src/hysteresis.cpp:122->../src/canny_top.cpp:34]   --->   Operation 88 'getelementptr' 'p_ZN12_GLOBAL_N_110lineBufferILi1EEE_0_addr_4' <Predicate = (!icmp_ln110 & centre == 128 & !icmp_ln33 & !icmp_ln89 & !icmp_ln34 & hasRight & trunc_ln110_4) | (!icmp_ln110 & centre == 128 & or_ln33 & !icmp_ln89 & !icmp_ln34 & hasRight & trunc_ln110_4)> <Delay = 0.00>
ST_4 : Operation 89 [1/1] (0.00ns)   --->   "%p_ZN12_GLOBAL_N_110lineBufferILi1EEE_1_addr_4 = getelementptr i8 %p_ZN12_GLOBAL_N_110lineBufferILi1EEE_1, i64 0, i64 %zext_ln35" [../src/hysteresis.cpp:35->../src/hysteresis.cpp:122->../src/canny_top.cpp:34]   --->   Operation 89 'getelementptr' 'p_ZN12_GLOBAL_N_110lineBufferILi1EEE_1_addr_4' <Predicate = (!icmp_ln110 & centre == 128 & !icmp_ln33 & !icmp_ln89 & !icmp_ln34 & hasRight & !trunc_ln110_4) | (!icmp_ln110 & centre == 128 & or_ln33 & !icmp_ln89 & !icmp_ln34 & hasRight & !trunc_ln110_4)> <Delay = 0.00>
ST_4 : Operation 90 [2/2] (1.23ns)   --->   "%p_ZN12_GLOBAL_N_110lineBufferILi1EEE_0_load_3 = load i10 %p_ZN12_GLOBAL_N_110lineBufferILi1EEE_0_addr_4" [../src/hysteresis.cpp:35->../src/hysteresis.cpp:122->../src/canny_top.cpp:34]   --->   Operation 90 'load' 'p_ZN12_GLOBAL_N_110lineBufferILi1EEE_0_load_3' <Predicate = (!icmp_ln110 & centre == 128 & !icmp_ln33 & !icmp_ln89 & !icmp_ln34 & hasRight & trunc_ln110_4) | (!icmp_ln110 & centre == 128 & or_ln33 & !icmp_ln89 & !icmp_ln34 & hasRight & trunc_ln110_4)> <Delay = 1.23> <CoreInst = "RAM">   --->   Core 82 'RAM' <Latency = 1> <II = 1> <Delay = 1.23> <Storage> <Opcode : 'load' 'store'> <Ports = 2> <Width = 8> <Depth = 768> <RAM>
ST_4 : Operation 91 [2/2] (1.23ns)   --->   "%p_ZN12_GLOBAL_N_110lineBufferILi1EEE_1_load_3 = load i10 %p_ZN12_GLOBAL_N_110lineBufferILi1EEE_1_addr_4" [../src/hysteresis.cpp:35->../src/hysteresis.cpp:122->../src/canny_top.cpp:34]   --->   Operation 91 'load' 'p_ZN12_GLOBAL_N_110lineBufferILi1EEE_1_load_3' <Predicate = (!icmp_ln110 & centre == 128 & !icmp_ln33 & !icmp_ln89 & !icmp_ln34 & hasRight & !trunc_ln110_4) | (!icmp_ln110 & centre == 128 & or_ln33 & !icmp_ln89 & !icmp_ln34 & hasRight & !trunc_ln110_4)> <Delay = 1.23> <CoreInst = "RAM">   --->   Core 82 'RAM' <Latency = 1> <II = 1> <Delay = 1.23> <Storage> <Opcode : 'load' 'store'> <Ports = 2> <Width = 8> <Depth = 768> <RAM>
ST_4 : Operation 92 [1/1] (0.42ns)   --->   "%store_ln110 = store i10 %add_ln110, i10 %column_6" [../src/hysteresis.cpp:110->../src/canny_top.cpp:34]   --->   Operation 92 'store' 'store_ln110' <Predicate = (!icmp_ln110)> <Delay = 0.42>
ST_4 : Operation 93 [1/1] (0.00ns)   --->   "%br_ln110 = br void %for.body21.i" [../src/hysteresis.cpp:110->../src/canny_top.cpp:34]   --->   Operation 93 'br' 'br_ln110' <Predicate = (!icmp_ln110)> <Delay = 0.00>

State 5 <SV = 4> <Delay = 2.39>
ST_5 : Operation 94 [1/2] ( I:1.23ns O:1.23ns )   --->   "%p_ZN12_GLOBAL_N_110lineBufferILi1EEE_0_load_3 = load i10 %p_ZN12_GLOBAL_N_110lineBufferILi1EEE_0_addr_4" [../src/hysteresis.cpp:35->../src/hysteresis.cpp:122->../src/canny_top.cpp:34]   --->   Operation 94 'load' 'p_ZN12_GLOBAL_N_110lineBufferILi1EEE_0_load_3' <Predicate = (!icmp_ln110 & centre == 128 & !icmp_ln33 & !icmp_ln89 & !icmp_ln34 & hasRight & trunc_ln110_4) | (!icmp_ln110 & centre == 128 & or_ln33 & !icmp_ln89 & !icmp_ln34 & hasRight & trunc_ln110_4)> <Delay = 1.23> <CoreInst = "RAM">   --->   Core 82 'RAM' <Latency = 1> <II = 1> <Delay = 1.23> <Storage> <Opcode : 'load' 'store'> <Ports = 2> <Width = 8> <Depth = 768> <RAM>
ST_5 : Operation 95 [1/2] ( I:1.23ns O:1.23ns )   --->   "%p_ZN12_GLOBAL_N_110lineBufferILi1EEE_1_load_3 = load i10 %p_ZN12_GLOBAL_N_110lineBufferILi1EEE_1_addr_4" [../src/hysteresis.cpp:35->../src/hysteresis.cpp:122->../src/canny_top.cpp:34]   --->   Operation 95 'load' 'p_ZN12_GLOBAL_N_110lineBufferILi1EEE_1_load_3' <Predicate = (!icmp_ln110 & centre == 128 & !icmp_ln33 & !icmp_ln89 & !icmp_ln34 & hasRight & !trunc_ln110_4) | (!icmp_ln110 & centre == 128 & or_ln33 & !icmp_ln89 & !icmp_ln34 & hasRight & !trunc_ln110_4)> <Delay = 1.23> <CoreInst = "RAM">   --->   Core 82 'RAM' <Latency = 1> <II = 1> <Delay = 1.23> <Storage> <Opcode : 'load' 'store'> <Ports = 2> <Width = 8> <Depth = 768> <RAM>
ST_5 : Operation 96 [1/1] (0.39ns)   --->   "%select_ln35 = select i1 %trunc_ln110_4, i8 %p_ZN12_GLOBAL_N_110lineBufferILi1EEE_0_load_3, i8 %p_ZN12_GLOBAL_N_110lineBufferILi1EEE_1_load_3" [../src/hysteresis.cpp:35->../src/hysteresis.cpp:122->../src/canny_top.cpp:34]   --->   Operation 96 'select' 'select_ln35' <Predicate = (!icmp_ln110 & centre == 128 & !icmp_ln33 & !icmp_ln89 & !icmp_ln34 & hasRight) | (!icmp_ln110 & centre == 128 & or_ln33 & !icmp_ln89 & !icmp_ln34 & hasRight)> <Delay = 0.39> <CoreInst = "Sel">   --->   Core 73 'Sel' <Latency = 0> <II = 1> <Delay = 0.39> <FuncUnit> <Opcode : 'select'> <InPorts = 3> <OutPorts = 1>
ST_5 : Operation 97 [1/1] (0.76ns)   --->   "%icmp_ln35 = icmp_eq  i8 %select_ln35, i8 255" [../src/hysteresis.cpp:35->../src/hysteresis.cpp:122->../src/canny_top.cpp:34]   --->   Operation 97 'icmp' 'icmp_ln35' <Predicate = (!icmp_ln110 & centre == 128 & !icmp_ln33 & !icmp_ln89 & !icmp_ln34 & hasRight) | (!icmp_ln110 & centre == 128 & or_ln33 & !icmp_ln89 & !icmp_ln34 & hasRight)> <Delay = 0.76> <CoreInst = "Cmp">   --->   Core 9 'Cmp' <Latency = 0> <II = 1> <Delay = 0.76> <FuncUnit> <Opcode : 'seteq' 'setne' 'setle' 'setge' 'setlt' 'setgt'> <InPorts = 2> <OutPorts = 1>
ST_5 : Operation 98 [1/1] (0.00ns)   --->   "%br_ln35 = br i1 %icmp_ln35, void %lor.lhs.false20.i.i, void %_ZN12_GLOBAL__N_120has_strong_neighbourILi1EEEbiiiibbbb.exit.thread.i" [../src/hysteresis.cpp:35->../src/hysteresis.cpp:122->../src/canny_top.cpp:34]   --->   Operation 98 'br' 'br_ln35' <Predicate = (!icmp_ln110 & centre == 128 & !icmp_ln33 & !icmp_ln89 & !icmp_ln34 & hasRight) | (!icmp_ln110 & centre == 128 & or_ln33 & !icmp_ln89 & !icmp_ln34 & hasRight)> <Delay = 0.00>
ST_5 : Operation 99 [1/1] (0.00ns)   --->   "%br_ln36 = br i1 %hasLeft, void %lor.lhs.false29.i.i, void %land.lhs.true21.i.i" [../src/hysteresis.cpp:36->../src/hysteresis.cpp:122->../src/canny_top.cpp:34]   --->   Operation 99 'br' 'br_ln36' <Predicate = (!icmp_ln110 & centre == 128 & !icmp_ln33 & !icmp_ln34 & !icmp_ln35) | (!icmp_ln110 & centre == 128 & !icmp_ln33 & !icmp_ln34 & !hasRight) | (!icmp_ln110 & centre == 128 & !icmp_ln33 & icmp_ln89) | (!icmp_ln110 & centre == 128 & or_ln33 & !icmp_ln34 & !icmp_ln35) | (!icmp_ln110 & centre == 128 & or_ln33 & !icmp_ln34 & !hasRight) | (!icmp_ln110 & centre == 128 & or_ln33 & icmp_ln89)> <Delay = 0.00>
ST_5 : Operation 100 [1/1] (0.77ns)   --->   "%add_ln36 = add i9 %trunc_ln110, i9 511" [../src/hysteresis.cpp:36->../src/hysteresis.cpp:122->../src/canny_top.cpp:34]   --->   Operation 100 'add' 'add_ln36' <Predicate = (!icmp_ln110 & centre == 128 & hasLeft & !icmp_ln33 & !icmp_ln34 & !icmp_ln35) | (!icmp_ln110 & centre == 128 & hasLeft & !icmp_ln33 & !icmp_ln34 & !hasRight) | (!icmp_ln110 & centre == 128 & hasLeft & !icmp_ln33 & icmp_ln89) | (!icmp_ln110 & centre == 128 & or_ln33 & hasLeft & !icmp_ln34 & !icmp_ln35) | (!icmp_ln110 & centre == 128 & or_ln33 & hasLeft & !icmp_ln34 & !hasRight) | (!icmp_ln110 & centre == 128 & or_ln33 & hasLeft & icmp_ln89)> <Delay = 0.77> <CoreInst = "Adder">   --->   Core 1 'Adder' <Latency = 0> <II = 1> <Delay = 0.77> <FuncUnit> <Opcode : 'add' 'sub'> <InPorts = 2> <OutPorts = 1>
ST_5 : Operation 101 [1/1] (0.00ns)   --->   "%lshr_ln12 = partselect i8 @_ssdm_op_PartSelect.i8.i9.i32.i32, i9 %add_ln36, i32 1, i32 8" [../src/hysteresis.cpp:36->../src/hysteresis.cpp:122->../src/canny_top.cpp:34]   --->   Operation 101 'partselect' 'lshr_ln12' <Predicate = (!icmp_ln110 & centre == 128 & hasLeft & !icmp_ln33 & !icmp_ln34 & !icmp_ln35) | (!icmp_ln110 & centre == 128 & hasLeft & !icmp_ln33 & !icmp_ln34 & !hasRight) | (!icmp_ln110 & centre == 128 & hasLeft & !icmp_ln33 & icmp_ln89) | (!icmp_ln110 & centre == 128 & or_ln33 & hasLeft & !icmp_ln34 & !icmp_ln35) | (!icmp_ln110 & centre == 128 & or_ln33 & hasLeft & !icmp_ln34 & !hasRight) | (!icmp_ln110 & centre == 128 & or_ln33 & hasLeft & icmp_ln89)> <Delay = 0.00>
ST_5 : Operation 102 [1/1] (0.00ns)   --->   "%tmp_43 = bitconcatenate i10 @_ssdm_op_BitConcatenate.i10.i2.i8, i2 %select_ln18_read, i8 %lshr_ln12" [../src/hysteresis.cpp:36->../src/hysteresis.cpp:122->../src/canny_top.cpp:34]   --->   Operation 102 'bitconcatenate' 'tmp_43' <Predicate = (!icmp_ln110 & centre == 128 & hasLeft & !icmp_ln33 & !icmp_ln34 & !icmp_ln35) | (!icmp_ln110 & centre == 128 & hasLeft & !icmp_ln33 & !icmp_ln34 & !hasRight) | (!icmp_ln110 & centre == 128 & hasLeft & !icmp_ln33 & icmp_ln89) | (!icmp_ln110 & centre == 128 & or_ln33 & hasLeft & !icmp_ln34 & !icmp_ln35) | (!icmp_ln110 & centre == 128 & or_ln33 & hasLeft & !icmp_ln34 & !hasRight) | (!icmp_ln110 & centre == 128 & or_ln33 & hasLeft & icmp_ln89)> <Delay = 0.00>
ST_5 : Operation 103 [1/1] (0.00ns)   --->   "%zext_ln36 = zext i10 %tmp_43" [../src/hysteresis.cpp:36->../src/hysteresis.cpp:122->../src/canny_top.cpp:34]   --->   Operation 103 'zext' 'zext_ln36' <Predicate = (!icmp_ln110 & centre == 128 & hasLeft & !icmp_ln33 & !icmp_ln34 & !icmp_ln35) | (!icmp_ln110 & centre == 128 & hasLeft & !icmp_ln33 & !icmp_ln34 & !hasRight) | (!icmp_ln110 & centre == 128 & hasLeft & !icmp_ln33 & icmp_ln89) | (!icmp_ln110 & centre == 128 & or_ln33 & hasLeft & !icmp_ln34 & !icmp_ln35) | (!icmp_ln110 & centre == 128 & or_ln33 & hasLeft & !icmp_ln34 & !hasRight) | (!icmp_ln110 & centre == 128 & or_ln33 & hasLeft & icmp_ln89)> <Delay = 0.00>
ST_5 : Operation 104 [1/1] (0.00ns)   --->   "%p_ZN12_GLOBAL_N_110lineBufferILi1EEE_0_addr_5 = getelementptr i8 %p_ZN12_GLOBAL_N_110lineBufferILi1EEE_0, i64 0, i64 %zext_ln36" [../src/hysteresis.cpp:36->../src/hysteresis.cpp:122->../src/canny_top.cpp:34]   --->   Operation 104 'getelementptr' 'p_ZN12_GLOBAL_N_110lineBufferILi1EEE_0_addr_5' <Predicate = (!icmp_ln110 & centre == 128 & hasLeft & !icmp_ln33 & !icmp_ln34 & !icmp_ln35 & trunc_ln110_4) | (!icmp_ln110 & centre == 128 & hasLeft & !icmp_ln33 & !icmp_ln34 & !hasRight & trunc_ln110_4) | (!icmp_ln110 & centre == 128 & hasLeft & !icmp_ln33 & icmp_ln89 & trunc_ln110_4) | (!icmp_ln110 & centre == 128 & or_ln33 & hasLeft & !icmp_ln34 & !icmp_ln35 & trunc_ln110_4) | (!icmp_ln110 & centre == 128 & or_ln33 & hasLeft & !icmp_ln34 & !hasRight & trunc_ln110_4) | (!icmp_ln110 & centre == 128 & or_ln33 & hasLeft & icmp_ln89 & trunc_ln110_4)> <Delay = 0.00>
ST_5 : Operation 105 [1/1] (0.00ns)   --->   "%p_ZN12_GLOBAL_N_110lineBufferILi1EEE_1_addr_5 = getelementptr i8 %p_ZN12_GLOBAL_N_110lineBufferILi1EEE_1, i64 0, i64 %zext_ln36" [../src/hysteresis.cpp:36->../src/hysteresis.cpp:122->../src/canny_top.cpp:34]   --->   Operation 105 'getelementptr' 'p_ZN12_GLOBAL_N_110lineBufferILi1EEE_1_addr_5' <Predicate = (!icmp_ln110 & centre == 128 & hasLeft & !icmp_ln33 & !icmp_ln34 & !icmp_ln35 & !trunc_ln110_4) | (!icmp_ln110 & centre == 128 & hasLeft & !icmp_ln33 & !icmp_ln34 & !hasRight & !trunc_ln110_4) | (!icmp_ln110 & centre == 128 & hasLeft & !icmp_ln33 & icmp_ln89 & !trunc_ln110_4) | (!icmp_ln110 & centre == 128 & or_ln33 & hasLeft & !icmp_ln34 & !icmp_ln35 & !trunc_ln110_4) | (!icmp_ln110 & centre == 128 & or_ln33 & hasLeft & !icmp_ln34 & !hasRight & !trunc_ln110_4) | (!icmp_ln110 & centre == 128 & or_ln33 & hasLeft & icmp_ln89 & !trunc_ln110_4)> <Delay = 0.00>
ST_5 : Operation 106 [2/2] (1.23ns)   --->   "%p_ZN12_GLOBAL_N_110lineBufferILi1EEE_0_load_4 = load i10 %p_ZN12_GLOBAL_N_110lineBufferILi1EEE_0_addr_5" [../src/hysteresis.cpp:36->../src/hysteresis.cpp:122->../src/canny_top.cpp:34]   --->   Operation 106 'load' 'p_ZN12_GLOBAL_N_110lineBufferILi1EEE_0_load_4' <Predicate = (!icmp_ln110 & centre == 128 & hasLeft & !icmp_ln33 & !icmp_ln34 & !icmp_ln35 & trunc_ln110_4) | (!icmp_ln110 & centre == 128 & hasLeft & !icmp_ln33 & !icmp_ln34 & !hasRight & trunc_ln110_4) | (!icmp_ln110 & centre == 128 & hasLeft & !icmp_ln33 & icmp_ln89 & trunc_ln110_4) | (!icmp_ln110 & centre == 128 & or_ln33 & hasLeft & !icmp_ln34 & !icmp_ln35 & trunc_ln110_4) | (!icmp_ln110 & centre == 128 & or_ln33 & hasLeft & !icmp_ln34 & !hasRight & trunc_ln110_4) | (!icmp_ln110 & centre == 128 & or_ln33 & hasLeft & icmp_ln89 & trunc_ln110_4)> <Delay = 1.23> <CoreInst = "RAM">   --->   Core 82 'RAM' <Latency = 1> <II = 1> <Delay = 1.23> <Storage> <Opcode : 'load' 'store'> <Ports = 2> <Width = 8> <Depth = 768> <RAM>
ST_5 : Operation 107 [2/2] (1.23ns)   --->   "%p_ZN12_GLOBAL_N_110lineBufferILi1EEE_1_load_4 = load i10 %p_ZN12_GLOBAL_N_110lineBufferILi1EEE_1_addr_5" [../src/hysteresis.cpp:36->../src/hysteresis.cpp:122->../src/canny_top.cpp:34]   --->   Operation 107 'load' 'p_ZN12_GLOBAL_N_110lineBufferILi1EEE_1_load_4' <Predicate = (!icmp_ln110 & centre == 128 & hasLeft & !icmp_ln33 & !icmp_ln34 & !icmp_ln35 & !trunc_ln110_4) | (!icmp_ln110 & centre == 128 & hasLeft & !icmp_ln33 & !icmp_ln34 & !hasRight & !trunc_ln110_4) | (!icmp_ln110 & centre == 128 & hasLeft & !icmp_ln33 & icmp_ln89 & !trunc_ln110_4) | (!icmp_ln110 & centre == 128 & or_ln33 & hasLeft & !icmp_ln34 & !icmp_ln35 & !trunc_ln110_4) | (!icmp_ln110 & centre == 128 & or_ln33 & hasLeft & !icmp_ln34 & !hasRight & !trunc_ln110_4) | (!icmp_ln110 & centre == 128 & or_ln33 & hasLeft & icmp_ln89 & !trunc_ln110_4)> <Delay = 1.23> <CoreInst = "RAM">   --->   Core 82 'RAM' <Latency = 1> <II = 1> <Delay = 1.23> <Storage> <Opcode : 'load' 'store'> <Ports = 2> <Width = 8> <Depth = 768> <RAM>
ST_5 : Operation 184 [1/1] (0.42ns)   --->   "%ret_ln0 = ret"   --->   Operation 184 'ret' 'ret_ln0' <Predicate = (icmp_ln110)> <Delay = 0.42>

State 6 <SV = 5> <Delay = 2.39>
ST_6 : Operation 108 [1/2] ( I:1.23ns O:1.23ns )   --->   "%p_ZN12_GLOBAL_N_110lineBufferILi1EEE_0_load_4 = load i10 %p_ZN12_GLOBAL_N_110lineBufferILi1EEE_0_addr_5" [../src/hysteresis.cpp:36->../src/hysteresis.cpp:122->../src/canny_top.cpp:34]   --->   Operation 108 'load' 'p_ZN12_GLOBAL_N_110lineBufferILi1EEE_0_load_4' <Predicate = (centre == 128 & hasLeft & !icmp_ln33 & !icmp_ln34 & !icmp_ln35 & trunc_ln110_4) | (centre == 128 & hasLeft & !icmp_ln33 & !icmp_ln34 & !hasRight & trunc_ln110_4) | (centre == 128 & hasLeft & !icmp_ln33 & icmp_ln89 & trunc_ln110_4) | (centre == 128 & or_ln33 & hasLeft & !icmp_ln34 & !icmp_ln35 & trunc_ln110_4) | (centre == 128 & or_ln33 & hasLeft & !icmp_ln34 & !hasRight & trunc_ln110_4) | (centre == 128 & or_ln33 & hasLeft & icmp_ln89 & trunc_ln110_4)> <Delay = 1.23> <CoreInst = "RAM">   --->   Core 82 'RAM' <Latency = 1> <II = 1> <Delay = 1.23> <Storage> <Opcode : 'load' 'store'> <Ports = 2> <Width = 8> <Depth = 768> <RAM>
ST_6 : Operation 109 [1/2] ( I:1.23ns O:1.23ns )   --->   "%p_ZN12_GLOBAL_N_110lineBufferILi1EEE_1_load_4 = load i10 %p_ZN12_GLOBAL_N_110lineBufferILi1EEE_1_addr_5" [../src/hysteresis.cpp:36->../src/hysteresis.cpp:122->../src/canny_top.cpp:34]   --->   Operation 109 'load' 'p_ZN12_GLOBAL_N_110lineBufferILi1EEE_1_load_4' <Predicate = (centre == 128 & hasLeft & !icmp_ln33 & !icmp_ln34 & !icmp_ln35 & !trunc_ln110_4) | (centre == 128 & hasLeft & !icmp_ln33 & !icmp_ln34 & !hasRight & !trunc_ln110_4) | (centre == 128 & hasLeft & !icmp_ln33 & icmp_ln89 & !trunc_ln110_4) | (centre == 128 & or_ln33 & hasLeft & !icmp_ln34 & !icmp_ln35 & !trunc_ln110_4) | (centre == 128 & or_ln33 & hasLeft & !icmp_ln34 & !hasRight & !trunc_ln110_4) | (centre == 128 & or_ln33 & hasLeft & icmp_ln89 & !trunc_ln110_4)> <Delay = 1.23> <CoreInst = "RAM">   --->   Core 82 'RAM' <Latency = 1> <II = 1> <Delay = 1.23> <Storage> <Opcode : 'load' 'store'> <Ports = 2> <Width = 8> <Depth = 768> <RAM>
ST_6 : Operation 110 [1/1] (0.39ns)   --->   "%select_ln36 = select i1 %trunc_ln110_4, i8 %p_ZN12_GLOBAL_N_110lineBufferILi1EEE_0_load_4, i8 %p_ZN12_GLOBAL_N_110lineBufferILi1EEE_1_load_4" [../src/hysteresis.cpp:36->../src/hysteresis.cpp:122->../src/canny_top.cpp:34]   --->   Operation 110 'select' 'select_ln36' <Predicate = (centre == 128 & hasLeft & !icmp_ln33 & !icmp_ln34 & !icmp_ln35) | (centre == 128 & hasLeft & !icmp_ln33 & !icmp_ln34 & !hasRight) | (centre == 128 & hasLeft & !icmp_ln33 & icmp_ln89) | (centre == 128 & or_ln33 & hasLeft & !icmp_ln34 & !icmp_ln35) | (centre == 128 & or_ln33 & hasLeft & !icmp_ln34 & !hasRight) | (centre == 128 & or_ln33 & hasLeft & icmp_ln89)> <Delay = 0.39> <CoreInst = "Sel">   --->   Core 73 'Sel' <Latency = 0> <II = 1> <Delay = 0.39> <FuncUnit> <Opcode : 'select'> <InPorts = 3> <OutPorts = 1>
ST_6 : Operation 111 [1/1] (0.76ns)   --->   "%icmp_ln36 = icmp_eq  i8 %select_ln36, i8 255" [../src/hysteresis.cpp:36->../src/hysteresis.cpp:122->../src/canny_top.cpp:34]   --->   Operation 111 'icmp' 'icmp_ln36' <Predicate = (centre == 128 & hasLeft & !icmp_ln33 & !icmp_ln34 & !icmp_ln35) | (centre == 128 & hasLeft & !icmp_ln33 & !icmp_ln34 & !hasRight) | (centre == 128 & hasLeft & !icmp_ln33 & icmp_ln89) | (centre == 128 & or_ln33 & hasLeft & !icmp_ln34 & !icmp_ln35) | (centre == 128 & or_ln33 & hasLeft & !icmp_ln34 & !hasRight) | (centre == 128 & or_ln33 & hasLeft & icmp_ln89)> <Delay = 0.76> <CoreInst = "Cmp">   --->   Core 9 'Cmp' <Latency = 0> <II = 1> <Delay = 0.76> <FuncUnit> <Opcode : 'seteq' 'setne' 'setle' 'setge' 'setlt' 'setgt'> <InPorts = 2> <OutPorts = 1>
ST_6 : Operation 112 [1/1] (0.00ns)   --->   "%br_ln36 = br i1 %icmp_ln36, void %lor.lhs.false29.i.i, void %_ZN12_GLOBAL__N_120has_strong_neighbourILi1EEEbiiiibbbb.exit.thread.i" [../src/hysteresis.cpp:36->../src/hysteresis.cpp:122->../src/canny_top.cpp:34]   --->   Operation 112 'br' 'br_ln36' <Predicate = (centre == 128 & hasLeft & !icmp_ln33 & !icmp_ln34 & !icmp_ln35) | (centre == 128 & hasLeft & !icmp_ln33 & !icmp_ln34 & !hasRight) | (centre == 128 & hasLeft & !icmp_ln33 & icmp_ln89) | (centre == 128 & or_ln33 & hasLeft & !icmp_ln34 & !icmp_ln35) | (centre == 128 & or_ln33 & hasLeft & !icmp_ln34 & !hasRight) | (centre == 128 & or_ln33 & hasLeft & icmp_ln89)> <Delay = 0.00>
ST_6 : Operation 113 [1/1] (0.00ns)   --->   "%br_ln37 = br i1 %hasRight, void %lor.lhs.false38.i.i, void %land.lhs.true30.i.i" [../src/hysteresis.cpp:37->../src/hysteresis.cpp:122->../src/canny_top.cpp:34]   --->   Operation 113 'br' 'br_ln37' <Predicate = (centre == 128 & !icmp_ln33 & !icmp_ln34 & !icmp_ln35 & !icmp_ln36) | (centre == 128 & !icmp_ln33 & icmp_ln89 & !icmp_ln36) | (centre == 128 & hasLeft & !icmp_ln33 & !icmp_ln34 & !hasRight & !icmp_ln36) | (centre == 128 & !hasLeft & !icmp_ln33 & !icmp_ln34 & !icmp_ln35) | (centre == 128 & !hasLeft & !icmp_ln33 & icmp_ln89) | (centre == 128 & or_ln33 & !icmp_ln34 & !icmp_ln35 & !icmp_ln36) | (centre == 128 & or_ln33 & icmp_ln89 & !icmp_ln36) | (centre == 128 & or_ln33 & hasLeft & !icmp_ln34 & !hasRight & !icmp_ln36) | (centre == 128 & or_ln33 & !hasLeft & !icmp_ln34 & !icmp_ln35) | (centre == 128 & or_ln33 & !hasLeft & icmp_ln89)> <Delay = 0.00>
ST_6 : Operation 114 [1/1] (0.77ns)   --->   "%add_ln37 = add i9 %trunc_ln110, i9 1" [../src/hysteresis.cpp:37->../src/hysteresis.cpp:122->../src/canny_top.cpp:34]   --->   Operation 114 'add' 'add_ln37' <Predicate = (centre == 128 & !icmp_ln33 & !icmp_ln34 & hasRight & !icmp_ln35 & !icmp_ln36) | (centre == 128 & !icmp_ln33 & icmp_ln89 & hasRight & !icmp_ln36) | (centre == 128 & !hasLeft & !icmp_ln33 & !icmp_ln34 & !icmp_ln35) | (centre == 128 & !hasLeft & !icmp_ln33 & icmp_ln89) | (centre == 128 & or_ln33 & !icmp_ln34 & hasRight & !icmp_ln35 & !icmp_ln36) | (centre == 128 & or_ln33 & icmp_ln89 & hasRight & !icmp_ln36) | (centre == 128 & or_ln33 & !hasLeft & !icmp_ln34 & !icmp_ln35) | (centre == 128 & or_ln33 & !hasLeft & icmp_ln89)> <Delay = 0.77> <CoreInst = "Adder">   --->   Core 1 'Adder' <Latency = 0> <II = 1> <Delay = 0.77> <FuncUnit> <Opcode : 'add' 'sub'> <InPorts = 2> <OutPorts = 1>
ST_6 : Operation 115 [1/1] (0.00ns)   --->   "%lshr_ln13 = partselect i8 @_ssdm_op_PartSelect.i8.i9.i32.i32, i9 %add_ln37, i32 1, i32 8" [../src/hysteresis.cpp:37->../src/hysteresis.cpp:122->../src/canny_top.cpp:34]   --->   Operation 115 'partselect' 'lshr_ln13' <Predicate = (centre == 128 & !icmp_ln33 & !icmp_ln34 & hasRight & !icmp_ln35 & !icmp_ln36) | (centre == 128 & !icmp_ln33 & icmp_ln89 & hasRight & !icmp_ln36) | (centre == 128 & !hasLeft & !icmp_ln33 & !icmp_ln34 & !icmp_ln35) | (centre == 128 & !hasLeft & !icmp_ln33 & icmp_ln89) | (centre == 128 & or_ln33 & !icmp_ln34 & hasRight & !icmp_ln35 & !icmp_ln36) | (centre == 128 & or_ln33 & icmp_ln89 & hasRight & !icmp_ln36) | (centre == 128 & or_ln33 & !hasLeft & !icmp_ln34 & !icmp_ln35) | (centre == 128 & or_ln33 & !hasLeft & icmp_ln89)> <Delay = 0.00>
ST_6 : Operation 116 [1/1] (0.00ns)   --->   "%tmp_44 = bitconcatenate i10 @_ssdm_op_BitConcatenate.i10.i2.i8, i2 %select_ln18_read, i8 %lshr_ln13" [../src/hysteresis.cpp:37->../src/hysteresis.cpp:122->../src/canny_top.cpp:34]   --->   Operation 116 'bitconcatenate' 'tmp_44' <Predicate = (centre == 128 & !icmp_ln33 & !icmp_ln34 & hasRight & !icmp_ln35 & !icmp_ln36) | (centre == 128 & !icmp_ln33 & icmp_ln89 & hasRight & !icmp_ln36) | (centre == 128 & !hasLeft & !icmp_ln33 & !icmp_ln34 & !icmp_ln35) | (centre == 128 & !hasLeft & !icmp_ln33 & icmp_ln89) | (centre == 128 & or_ln33 & !icmp_ln34 & hasRight & !icmp_ln35 & !icmp_ln36) | (centre == 128 & or_ln33 & icmp_ln89 & hasRight & !icmp_ln36) | (centre == 128 & or_ln33 & !hasLeft & !icmp_ln34 & !icmp_ln35) | (centre == 128 & or_ln33 & !hasLeft & icmp_ln89)> <Delay = 0.00>
ST_6 : Operation 117 [1/1] (0.00ns)   --->   "%zext_ln37 = zext i10 %tmp_44" [../src/hysteresis.cpp:37->../src/hysteresis.cpp:122->../src/canny_top.cpp:34]   --->   Operation 117 'zext' 'zext_ln37' <Predicate = (centre == 128 & !icmp_ln33 & !icmp_ln34 & hasRight & !icmp_ln35 & !icmp_ln36) | (centre == 128 & !icmp_ln33 & icmp_ln89 & hasRight & !icmp_ln36) | (centre == 128 & !hasLeft & !icmp_ln33 & !icmp_ln34 & !icmp_ln35) | (centre == 128 & !hasLeft & !icmp_ln33 & icmp_ln89) | (centre == 128 & or_ln33 & !icmp_ln34 & hasRight & !icmp_ln35 & !icmp_ln36) | (centre == 128 & or_ln33 & icmp_ln89 & hasRight & !icmp_ln36) | (centre == 128 & or_ln33 & !hasLeft & !icmp_ln34 & !icmp_ln35) | (centre == 128 & or_ln33 & !hasLeft & icmp_ln89)> <Delay = 0.00>
ST_6 : Operation 118 [1/1] (0.00ns)   --->   "%p_ZN12_GLOBAL_N_110lineBufferILi1EEE_0_addr_6 = getelementptr i8 %p_ZN12_GLOBAL_N_110lineBufferILi1EEE_0, i64 0, i64 %zext_ln37" [../src/hysteresis.cpp:37->../src/hysteresis.cpp:122->../src/canny_top.cpp:34]   --->   Operation 118 'getelementptr' 'p_ZN12_GLOBAL_N_110lineBufferILi1EEE_0_addr_6' <Predicate = (centre == 128 & !icmp_ln33 & !icmp_ln34 & hasRight & !icmp_ln35 & !icmp_ln36 & trunc_ln110_4) | (centre == 128 & !icmp_ln33 & icmp_ln89 & hasRight & !icmp_ln36 & trunc_ln110_4) | (centre == 128 & !hasLeft & !icmp_ln33 & !icmp_ln34 & !icmp_ln35 & trunc_ln110_4) | (centre == 128 & !hasLeft & !icmp_ln33 & icmp_ln89 & trunc_ln110_4) | (centre == 128 & or_ln33 & !icmp_ln34 & hasRight & !icmp_ln35 & !icmp_ln36 & trunc_ln110_4) | (centre == 128 & or_ln33 & icmp_ln89 & hasRight & !icmp_ln36 & trunc_ln110_4) | (centre == 128 & or_ln33 & !hasLeft & !icmp_ln34 & !icmp_ln35 & trunc_ln110_4) | (centre == 128 & or_ln33 & !hasLeft & icmp_ln89 & trunc_ln110_4)> <Delay = 0.00>
ST_6 : Operation 119 [1/1] (0.00ns)   --->   "%p_ZN12_GLOBAL_N_110lineBufferILi1EEE_1_addr_6 = getelementptr i8 %p_ZN12_GLOBAL_N_110lineBufferILi1EEE_1, i64 0, i64 %zext_ln37" [../src/hysteresis.cpp:37->../src/hysteresis.cpp:122->../src/canny_top.cpp:34]   --->   Operation 119 'getelementptr' 'p_ZN12_GLOBAL_N_110lineBufferILi1EEE_1_addr_6' <Predicate = (centre == 128 & !icmp_ln33 & !icmp_ln34 & hasRight & !icmp_ln35 & !icmp_ln36 & !trunc_ln110_4) | (centre == 128 & !icmp_ln33 & icmp_ln89 & hasRight & !icmp_ln36 & !trunc_ln110_4) | (centre == 128 & !hasLeft & !icmp_ln33 & !icmp_ln34 & !icmp_ln35 & !trunc_ln110_4) | (centre == 128 & !hasLeft & !icmp_ln33 & icmp_ln89 & !trunc_ln110_4) | (centre == 128 & or_ln33 & !icmp_ln34 & hasRight & !icmp_ln35 & !icmp_ln36 & !trunc_ln110_4) | (centre == 128 & or_ln33 & icmp_ln89 & hasRight & !icmp_ln36 & !trunc_ln110_4) | (centre == 128 & or_ln33 & !hasLeft & !icmp_ln34 & !icmp_ln35 & !trunc_ln110_4) | (centre == 128 & or_ln33 & !hasLeft & icmp_ln89 & !trunc_ln110_4)> <Delay = 0.00>
ST_6 : Operation 120 [2/2] (1.23ns)   --->   "%p_ZN12_GLOBAL_N_110lineBufferILi1EEE_0_load_5 = load i10 %p_ZN12_GLOBAL_N_110lineBufferILi1EEE_0_addr_6" [../src/hysteresis.cpp:37->../src/hysteresis.cpp:122->../src/canny_top.cpp:34]   --->   Operation 120 'load' 'p_ZN12_GLOBAL_N_110lineBufferILi1EEE_0_load_5' <Predicate = (centre == 128 & !icmp_ln33 & !icmp_ln34 & hasRight & !icmp_ln35 & !icmp_ln36 & trunc_ln110_4) | (centre == 128 & !icmp_ln33 & icmp_ln89 & hasRight & !icmp_ln36 & trunc_ln110_4) | (centre == 128 & !hasLeft & !icmp_ln33 & !icmp_ln34 & !icmp_ln35 & trunc_ln110_4) | (centre == 128 & !hasLeft & !icmp_ln33 & icmp_ln89 & trunc_ln110_4) | (centre == 128 & or_ln33 & !icmp_ln34 & hasRight & !icmp_ln35 & !icmp_ln36 & trunc_ln110_4) | (centre == 128 & or_ln33 & icmp_ln89 & hasRight & !icmp_ln36 & trunc_ln110_4) | (centre == 128 & or_ln33 & !hasLeft & !icmp_ln34 & !icmp_ln35 & trunc_ln110_4) | (centre == 128 & or_ln33 & !hasLeft & icmp_ln89 & trunc_ln110_4)> <Delay = 1.23> <CoreInst = "RAM">   --->   Core 82 'RAM' <Latency = 1> <II = 1> <Delay = 1.23> <Storage> <Opcode : 'load' 'store'> <Ports = 2> <Width = 8> <Depth = 768> <RAM>
ST_6 : Operation 121 [2/2] (1.23ns)   --->   "%p_ZN12_GLOBAL_N_110lineBufferILi1EEE_1_load_5 = load i10 %p_ZN12_GLOBAL_N_110lineBufferILi1EEE_1_addr_6" [../src/hysteresis.cpp:37->../src/hysteresis.cpp:122->../src/canny_top.cpp:34]   --->   Operation 121 'load' 'p_ZN12_GLOBAL_N_110lineBufferILi1EEE_1_load_5' <Predicate = (centre == 128 & !icmp_ln33 & !icmp_ln34 & hasRight & !icmp_ln35 & !icmp_ln36 & !trunc_ln110_4) | (centre == 128 & !icmp_ln33 & icmp_ln89 & hasRight & !icmp_ln36 & !trunc_ln110_4) | (centre == 128 & !hasLeft & !icmp_ln33 & !icmp_ln34 & !icmp_ln35 & !trunc_ln110_4) | (centre == 128 & !hasLeft & !icmp_ln33 & icmp_ln89 & !trunc_ln110_4) | (centre == 128 & or_ln33 & !icmp_ln34 & hasRight & !icmp_ln35 & !icmp_ln36 & !trunc_ln110_4) | (centre == 128 & or_ln33 & icmp_ln89 & hasRight & !icmp_ln36 & !trunc_ln110_4) | (centre == 128 & or_ln33 & !hasLeft & !icmp_ln34 & !icmp_ln35 & !trunc_ln110_4) | (centre == 128 & or_ln33 & !hasLeft & icmp_ln89 & !trunc_ln110_4)> <Delay = 1.23> <CoreInst = "RAM">   --->   Core 82 'RAM' <Latency = 1> <II = 1> <Delay = 1.23> <Storage> <Opcode : 'load' 'store'> <Ports = 2> <Width = 8> <Depth = 768> <RAM>

State 7 <SV = 6> <Delay = 2.80>
ST_7 : Operation 122 [1/2] ( I:1.23ns O:1.23ns )   --->   "%p_ZN12_GLOBAL_N_110lineBufferILi1EEE_0_load_5 = load i10 %p_ZN12_GLOBAL_N_110lineBufferILi1EEE_0_addr_6" [../src/hysteresis.cpp:37->../src/hysteresis.cpp:122->../src/canny_top.cpp:34]   --->   Operation 122 'load' 'p_ZN12_GLOBAL_N_110lineBufferILi1EEE_0_load_5' <Predicate = (centre == 128 & !icmp_ln33 & !icmp_ln34 & hasRight & !icmp_ln35 & !icmp_ln36 & trunc_ln110_4) | (centre == 128 & !icmp_ln33 & icmp_ln89 & hasRight & !icmp_ln36 & trunc_ln110_4) | (centre == 128 & !hasLeft & !icmp_ln33 & !icmp_ln34 & !icmp_ln35 & trunc_ln110_4) | (centre == 128 & !hasLeft & !icmp_ln33 & icmp_ln89 & trunc_ln110_4) | (centre == 128 & or_ln33 & !icmp_ln34 & hasRight & !icmp_ln35 & !icmp_ln36 & trunc_ln110_4) | (centre == 128 & or_ln33 & icmp_ln89 & hasRight & !icmp_ln36 & trunc_ln110_4) | (centre == 128 & or_ln33 & !hasLeft & !icmp_ln34 & !icmp_ln35 & trunc_ln110_4) | (centre == 128 & or_ln33 & !hasLeft & icmp_ln89 & trunc_ln110_4)> <Delay = 1.23> <CoreInst = "RAM">   --->   Core 82 'RAM' <Latency = 1> <II = 1> <Delay = 1.23> <Storage> <Opcode : 'load' 'store'> <Ports = 2> <Width = 8> <Depth = 768> <RAM>
ST_7 : Operation 123 [1/2] ( I:1.23ns O:1.23ns )   --->   "%p_ZN12_GLOBAL_N_110lineBufferILi1EEE_1_load_5 = load i10 %p_ZN12_GLOBAL_N_110lineBufferILi1EEE_1_addr_6" [../src/hysteresis.cpp:37->../src/hysteresis.cpp:122->../src/canny_top.cpp:34]   --->   Operation 123 'load' 'p_ZN12_GLOBAL_N_110lineBufferILi1EEE_1_load_5' <Predicate = (centre == 128 & !icmp_ln33 & !icmp_ln34 & hasRight & !icmp_ln35 & !icmp_ln36 & !trunc_ln110_4) | (centre == 128 & !icmp_ln33 & icmp_ln89 & hasRight & !icmp_ln36 & !trunc_ln110_4) | (centre == 128 & !hasLeft & !icmp_ln33 & !icmp_ln34 & !icmp_ln35 & !trunc_ln110_4) | (centre == 128 & !hasLeft & !icmp_ln33 & icmp_ln89 & !trunc_ln110_4) | (centre == 128 & or_ln33 & !icmp_ln34 & hasRight & !icmp_ln35 & !icmp_ln36 & !trunc_ln110_4) | (centre == 128 & or_ln33 & icmp_ln89 & hasRight & !icmp_ln36 & !trunc_ln110_4) | (centre == 128 & or_ln33 & !hasLeft & !icmp_ln34 & !icmp_ln35 & !trunc_ln110_4) | (centre == 128 & or_ln33 & !hasLeft & icmp_ln89 & !trunc_ln110_4)> <Delay = 1.23> <CoreInst = "RAM">   --->   Core 82 'RAM' <Latency = 1> <II = 1> <Delay = 1.23> <Storage> <Opcode : 'load' 'store'> <Ports = 2> <Width = 8> <Depth = 768> <RAM>
ST_7 : Operation 124 [1/1] (0.39ns)   --->   "%select_ln37 = select i1 %trunc_ln110_4, i8 %p_ZN12_GLOBAL_N_110lineBufferILi1EEE_0_load_5, i8 %p_ZN12_GLOBAL_N_110lineBufferILi1EEE_1_load_5" [../src/hysteresis.cpp:37->../src/hysteresis.cpp:122->../src/canny_top.cpp:34]   --->   Operation 124 'select' 'select_ln37' <Predicate = (centre == 128 & !icmp_ln33 & !icmp_ln34 & hasRight & !icmp_ln35 & !icmp_ln36) | (centre == 128 & !icmp_ln33 & icmp_ln89 & hasRight & !icmp_ln36) | (centre == 128 & !hasLeft & !icmp_ln33 & !icmp_ln34 & !icmp_ln35) | (centre == 128 & !hasLeft & !icmp_ln33 & icmp_ln89) | (centre == 128 & or_ln33 & !icmp_ln34 & hasRight & !icmp_ln35 & !icmp_ln36) | (centre == 128 & or_ln33 & icmp_ln89 & hasRight & !icmp_ln36) | (centre == 128 & or_ln33 & !hasLeft & !icmp_ln34 & !icmp_ln35) | (centre == 128 & or_ln33 & !hasLeft & icmp_ln89)> <Delay = 0.39> <CoreInst = "Sel">   --->   Core 73 'Sel' <Latency = 0> <II = 1> <Delay = 0.39> <FuncUnit> <Opcode : 'select'> <InPorts = 3> <OutPorts = 1>
ST_7 : Operation 125 [1/1] (0.76ns)   --->   "%icmp_ln37 = icmp_eq  i8 %select_ln37, i8 255" [../src/hysteresis.cpp:37->../src/hysteresis.cpp:122->../src/canny_top.cpp:34]   --->   Operation 125 'icmp' 'icmp_ln37' <Predicate = (centre == 128 & !icmp_ln33 & !icmp_ln34 & hasRight & !icmp_ln35 & !icmp_ln36) | (centre == 128 & !icmp_ln33 & icmp_ln89 & hasRight & !icmp_ln36) | (centre == 128 & !hasLeft & !icmp_ln33 & !icmp_ln34 & !icmp_ln35) | (centre == 128 & !hasLeft & !icmp_ln33 & icmp_ln89) | (centre == 128 & or_ln33 & !icmp_ln34 & hasRight & !icmp_ln35 & !icmp_ln36) | (centre == 128 & or_ln33 & icmp_ln89 & hasRight & !icmp_ln36) | (centre == 128 & or_ln33 & !hasLeft & !icmp_ln34 & !icmp_ln35) | (centre == 128 & or_ln33 & !hasLeft & icmp_ln89)> <Delay = 0.76> <CoreInst = "Cmp">   --->   Core 9 'Cmp' <Latency = 0> <II = 1> <Delay = 0.76> <FuncUnit> <Opcode : 'seteq' 'setne' 'setle' 'setge' 'setlt' 'setgt'> <InPorts = 2> <OutPorts = 1>
ST_7 : Operation 126 [1/1] (0.00ns)   --->   "%br_ln37 = br i1 %icmp_ln37, void %lor.lhs.false38.i.i, void %_ZN12_GLOBAL__N_120has_strong_neighbourILi1EEEbiiiibbbb.exit.thread.i" [../src/hysteresis.cpp:37->../src/hysteresis.cpp:122->../src/canny_top.cpp:34]   --->   Operation 126 'br' 'br_ln37' <Predicate = (centre == 128 & !icmp_ln33 & !icmp_ln34 & hasRight & !icmp_ln35 & !icmp_ln36) | (centre == 128 & !icmp_ln33 & icmp_ln89 & hasRight & !icmp_ln36) | (centre == 128 & !hasLeft & !icmp_ln33 & !icmp_ln34 & !icmp_ln35) | (centre == 128 & !hasLeft & !icmp_ln33 & icmp_ln89) | (centre == 128 & or_ln33 & !icmp_ln34 & hasRight & !icmp_ln35 & !icmp_ln36) | (centre == 128 & or_ln33 & icmp_ln89 & hasRight & !icmp_ln36) | (centre == 128 & or_ln33 & !hasLeft & !icmp_ln34 & !icmp_ln35) | (centre == 128 & or_ln33 & !hasLeft & icmp_ln89)> <Delay = 0.00>
ST_7 : Operation 127 [1/1] (0.28ns)   --->   "%or_ln38 = or i1 %xor_ln38_read, i1 %xor_ln33_4" [../src/hysteresis.cpp:38->../src/hysteresis.cpp:122->../src/canny_top.cpp:34]   --->   Operation 127 'or' 'or_ln38' <Predicate = (centre == 128 & !icmp_ln33 & !icmp_ln34 & !icmp_ln35 & !icmp_ln36 & !icmp_ln37) | (centre == 128 & !icmp_ln33 & icmp_ln89 & !icmp_ln36 & !icmp_ln37) | (centre == 128 & hasLeft & !icmp_ln33 & !icmp_ln34 & !hasRight & !icmp_ln36) | (centre == 128 & hasLeft & !icmp_ln33 & icmp_ln89 & !hasRight & !icmp_ln36) | (centre == 128 & !hasLeft & !icmp_ln33 & !icmp_ln34 & !icmp_ln35 & !icmp_ln37) | (centre == 128 & !hasLeft & !icmp_ln33 & icmp_ln89 & !icmp_ln37) | (centre == 128 & or_ln33 & !icmp_ln34 & !icmp_ln35 & !icmp_ln36 & !icmp_ln37) | (centre == 128 & or_ln33 & icmp_ln89 & !icmp_ln36 & !icmp_ln37) | (centre == 128 & or_ln33 & hasLeft & !icmp_ln34 & !hasRight & !icmp_ln36) | (centre == 128 & or_ln33 & hasLeft & icmp_ln89 & !hasRight & !icmp_ln36) | (centre == 128 & or_ln33 & !hasLeft & !icmp_ln34 & !icmp_ln35 & !icmp_ln37) | (centre == 128 & or_ln33 & !hasLeft & icmp_ln89 & !icmp_ln37)> <Delay = 0.28> <CoreInst = "LogicGate">   --->   Core 74 'LogicGate' <Latency = 0> <II = 1> <Delay = 0.28> <FuncUnit> <Opcode : 'and' 'or' 'xor'> <InPorts = 2> <OutPorts = 1>
ST_7 : Operation 128 [1/1] (0.00ns)   --->   "%br_ln38 = br i1 %or_ln38, void %land.lhs.true40.i.i, void %lor.lhs.false48.i.i" [../src/hysteresis.cpp:38->../src/hysteresis.cpp:122->../src/canny_top.cpp:34]   --->   Operation 128 'br' 'br_ln38' <Predicate = (centre == 128 & !icmp_ln33 & !icmp_ln34 & !icmp_ln35 & !icmp_ln36 & !icmp_ln37) | (centre == 128 & !icmp_ln33 & icmp_ln89 & !icmp_ln36 & !icmp_ln37) | (centre == 128 & hasLeft & !icmp_ln33 & !icmp_ln34 & !hasRight & !icmp_ln36) | (centre == 128 & hasLeft & !icmp_ln33 & icmp_ln89 & !hasRight & !icmp_ln36) | (centre == 128 & !hasLeft & !icmp_ln33 & !icmp_ln34 & !icmp_ln35 & !icmp_ln37) | (centre == 128 & !hasLeft & !icmp_ln33 & icmp_ln89 & !icmp_ln37) | (centre == 128 & or_ln33 & !icmp_ln34 & !icmp_ln35 & !icmp_ln36 & !icmp_ln37) | (centre == 128 & or_ln33 & icmp_ln89 & !icmp_ln36 & !icmp_ln37) | (centre == 128 & or_ln33 & hasLeft & !icmp_ln34 & !hasRight & !icmp_ln36) | (centre == 128 & or_ln33 & hasLeft & icmp_ln89 & !hasRight & !icmp_ln36) | (centre == 128 & or_ln33 & !hasLeft & !icmp_ln34 & !icmp_ln35 & !icmp_ln37) | (centre == 128 & or_ln33 & !hasLeft & icmp_ln89 & !icmp_ln37)> <Delay = 0.00>
ST_7 : Operation 129 [1/1] (0.77ns)   --->   "%add_ln38 = add i10 %zext_ln23, i10 1023" [../src/hysteresis.cpp:38->../src/hysteresis.cpp:122->../src/canny_top.cpp:34]   --->   Operation 129 'add' 'add_ln38' <Predicate = (centre == 128 & !icmp_ln33 & !icmp_ln34 & !icmp_ln35 & !icmp_ln36 & !icmp_ln37 & !or_ln38) | (centre == 128 & !icmp_ln33 & icmp_ln89 & !icmp_ln36 & !icmp_ln37 & !or_ln38) | (centre == 128 & hasLeft & !icmp_ln33 & !icmp_ln34 & !hasRight & !icmp_ln36 & !or_ln38) | (centre == 128 & hasLeft & !icmp_ln33 & icmp_ln89 & !hasRight & !icmp_ln36 & !or_ln38) | (centre == 128 & !hasLeft & !icmp_ln33 & !icmp_ln34 & !icmp_ln35 & !icmp_ln37 & !or_ln38) | (centre == 128 & !hasLeft & !icmp_ln33 & icmp_ln89 & !icmp_ln37 & !or_ln38) | (centre == 128 & or_ln33 & !icmp_ln34 & !icmp_ln35 & !icmp_ln36 & !icmp_ln37 & !or_ln38) | (centre == 128 & or_ln33 & icmp_ln89 & !icmp_ln36 & !icmp_ln37 & !or_ln38) | (centre == 128 & or_ln33 & hasLeft & !icmp_ln34 & !hasRight & !icmp_ln36 & !or_ln38) | (centre == 128 & or_ln33 & hasLeft & icmp_ln89 & !hasRight & !icmp_ln36 & !or_ln38) | (centre == 128 & or_ln33 & !hasLeft & !icmp_ln34 & !icmp_ln35 & !icmp_ln37 & !or_ln38) | (centre == 128 & or_ln33 & !hasLeft & icmp_ln89 & !icmp_ln37 & !or_ln38)> <Delay = 0.77> <CoreInst = "Adder">   --->   Core 1 'Adder' <Latency = 0> <II = 1> <Delay = 0.77> <FuncUnit> <Opcode : 'add' 'sub'> <InPorts = 2> <OutPorts = 1>
ST_7 : Operation 130 [1/1] (0.00ns)   --->   "%trunc_ln2 = partselect i9 @_ssdm_op_PartSelect.i9.i10.i32.i32, i10 %add_ln38, i32 1, i32 9" [../src/hysteresis.cpp:38->../src/hysteresis.cpp:122->../src/canny_top.cpp:34]   --->   Operation 130 'partselect' 'trunc_ln2' <Predicate = (centre == 128 & !icmp_ln33 & !icmp_ln34 & !icmp_ln35 & !icmp_ln36 & !icmp_ln37 & !or_ln38) | (centre == 128 & !icmp_ln33 & icmp_ln89 & !icmp_ln36 & !icmp_ln37 & !or_ln38) | (centre == 128 & hasLeft & !icmp_ln33 & !icmp_ln34 & !hasRight & !icmp_ln36 & !or_ln38) | (centre == 128 & hasLeft & !icmp_ln33 & icmp_ln89 & !hasRight & !icmp_ln36 & !or_ln38) | (centre == 128 & !hasLeft & !icmp_ln33 & !icmp_ln34 & !icmp_ln35 & !icmp_ln37 & !or_ln38) | (centre == 128 & !hasLeft & !icmp_ln33 & icmp_ln89 & !icmp_ln37 & !or_ln38) | (centre == 128 & or_ln33 & !icmp_ln34 & !icmp_ln35 & !icmp_ln36 & !icmp_ln37 & !or_ln38) | (centre == 128 & or_ln33 & icmp_ln89 & !icmp_ln36 & !icmp_ln37 & !or_ln38) | (centre == 128 & or_ln33 & hasLeft & !icmp_ln34 & !hasRight & !icmp_ln36 & !or_ln38) | (centre == 128 & or_ln33 & hasLeft & icmp_ln89 & !hasRight & !icmp_ln36 & !or_ln38) | (centre == 128 & or_ln33 & !hasLeft & !icmp_ln34 & !icmp_ln35 & !icmp_ln37 & !or_ln38) | (centre == 128 & or_ln33 & !hasLeft & icmp_ln89 & !icmp_ln37 & !or_ln38)> <Delay = 0.00>
ST_7 : Operation 131 [1/1] (0.00ns)   --->   "%sext_ln38 = sext i9 %trunc_ln2" [../src/hysteresis.cpp:38->../src/hysteresis.cpp:122->../src/canny_top.cpp:34]   --->   Operation 131 'sext' 'sext_ln38' <Predicate = (centre == 128 & !icmp_ln33 & !icmp_ln34 & !icmp_ln35 & !icmp_ln36 & !icmp_ln37 & !or_ln38) | (centre == 128 & !icmp_ln33 & icmp_ln89 & !icmp_ln36 & !icmp_ln37 & !or_ln38) | (centre == 128 & hasLeft & !icmp_ln33 & !icmp_ln34 & !hasRight & !icmp_ln36 & !or_ln38) | (centre == 128 & hasLeft & !icmp_ln33 & icmp_ln89 & !hasRight & !icmp_ln36 & !or_ln38) | (centre == 128 & !hasLeft & !icmp_ln33 & !icmp_ln34 & !icmp_ln35 & !icmp_ln37 & !or_ln38) | (centre == 128 & !hasLeft & !icmp_ln33 & icmp_ln89 & !icmp_ln37 & !or_ln38) | (centre == 128 & or_ln33 & !icmp_ln34 & !icmp_ln35 & !icmp_ln36 & !icmp_ln37 & !or_ln38) | (centre == 128 & or_ln33 & icmp_ln89 & !icmp_ln36 & !icmp_ln37 & !or_ln38) | (centre == 128 & or_ln33 & hasLeft & !icmp_ln34 & !hasRight & !icmp_ln36 & !or_ln38) | (centre == 128 & or_ln33 & hasLeft & icmp_ln89 & !hasRight & !icmp_ln36 & !or_ln38) | (centre == 128 & or_ln33 & !hasLeft & !icmp_ln34 & !icmp_ln35 & !icmp_ln37 & !or_ln38) | (centre == 128 & or_ln33 & !hasLeft & icmp_ln89 & !icmp_ln37 & !or_ln38)> <Delay = 0.00>
ST_7 : Operation 132 [1/1] (0.78ns)   --->   "%add_ln38_4 = add i10 %zext_ln38_4_read, i10 %sext_ln38" [../src/hysteresis.cpp:38->../src/hysteresis.cpp:122->../src/canny_top.cpp:34]   --->   Operation 132 'add' 'add_ln38_4' <Predicate = (centre == 128 & !icmp_ln33 & !icmp_ln34 & !icmp_ln35 & !icmp_ln36 & !icmp_ln37 & !or_ln38) | (centre == 128 & !icmp_ln33 & icmp_ln89 & !icmp_ln36 & !icmp_ln37 & !or_ln38) | (centre == 128 & hasLeft & !icmp_ln33 & !icmp_ln34 & !hasRight & !icmp_ln36 & !or_ln38) | (centre == 128 & hasLeft & !icmp_ln33 & icmp_ln89 & !hasRight & !icmp_ln36 & !or_ln38) | (centre == 128 & !hasLeft & !icmp_ln33 & !icmp_ln34 & !icmp_ln35 & !icmp_ln37 & !or_ln38) | (centre == 128 & !hasLeft & !icmp_ln33 & icmp_ln89 & !icmp_ln37 & !or_ln38) | (centre == 128 & or_ln33 & !icmp_ln34 & !icmp_ln35 & !icmp_ln36 & !icmp_ln37 & !or_ln38) | (centre == 128 & or_ln33 & icmp_ln89 & !icmp_ln36 & !icmp_ln37 & !or_ln38) | (centre == 128 & or_ln33 & hasLeft & !icmp_ln34 & !hasRight & !icmp_ln36 & !or_ln38) | (centre == 128 & or_ln33 & hasLeft & icmp_ln89 & !hasRight & !icmp_ln36 & !or_ln38) | (centre == 128 & or_ln33 & !hasLeft & !icmp_ln34 & !icmp_ln35 & !icmp_ln37 & !or_ln38) | (centre == 128 & or_ln33 & !hasLeft & icmp_ln89 & !icmp_ln37 & !or_ln38)> <Delay = 0.78> <CoreInst = "Adder">   --->   Core 1 'Adder' <Latency = 0> <II = 1> <Delay = 0.78> <FuncUnit> <Opcode : 'add' 'sub'> <InPorts = 2> <OutPorts = 1>
ST_7 : Operation 133 [1/1] (0.00ns)   --->   "%zext_ln38 = zext i10 %add_ln38_4" [../src/hysteresis.cpp:38->../src/hysteresis.cpp:122->../src/canny_top.cpp:34]   --->   Operation 133 'zext' 'zext_ln38' <Predicate = (centre == 128 & !icmp_ln33 & !icmp_ln34 & !icmp_ln35 & !icmp_ln36 & !icmp_ln37 & !or_ln38) | (centre == 128 & !icmp_ln33 & icmp_ln89 & !icmp_ln36 & !icmp_ln37 & !or_ln38) | (centre == 128 & hasLeft & !icmp_ln33 & !icmp_ln34 & !hasRight & !icmp_ln36 & !or_ln38) | (centre == 128 & hasLeft & !icmp_ln33 & icmp_ln89 & !hasRight & !icmp_ln36 & !or_ln38) | (centre == 128 & !hasLeft & !icmp_ln33 & !icmp_ln34 & !icmp_ln35 & !icmp_ln37 & !or_ln38) | (centre == 128 & !hasLeft & !icmp_ln33 & icmp_ln89 & !icmp_ln37 & !or_ln38) | (centre == 128 & or_ln33 & !icmp_ln34 & !icmp_ln35 & !icmp_ln36 & !icmp_ln37 & !or_ln38) | (centre == 128 & or_ln33 & icmp_ln89 & !icmp_ln36 & !icmp_ln37 & !or_ln38) | (centre == 128 & or_ln33 & hasLeft & !icmp_ln34 & !hasRight & !icmp_ln36 & !or_ln38) | (centre == 128 & or_ln33 & hasLeft & icmp_ln89 & !hasRight & !icmp_ln36 & !or_ln38) | (centre == 128 & or_ln33 & !hasLeft & !icmp_ln34 & !icmp_ln35 & !icmp_ln37 & !or_ln38) | (centre == 128 & or_ln33 & !hasLeft & icmp_ln89 & !icmp_ln37 & !or_ln38)> <Delay = 0.00>
ST_7 : Operation 134 [1/1] (0.00ns)   --->   "%p_ZN12_GLOBAL_N_110lineBufferILi1EEE_0_addr_7 = getelementptr i8 %p_ZN12_GLOBAL_N_110lineBufferILi1EEE_0, i64 0, i64 %zext_ln38" [../src/hysteresis.cpp:38->../src/hysteresis.cpp:122->../src/canny_top.cpp:34]   --->   Operation 134 'getelementptr' 'p_ZN12_GLOBAL_N_110lineBufferILi1EEE_0_addr_7' <Predicate = (centre == 128 & !icmp_ln33 & !icmp_ln34 & !icmp_ln35 & !icmp_ln36 & !icmp_ln37 & !or_ln38 & trunc_ln110_4) | (centre == 128 & !icmp_ln33 & icmp_ln89 & !icmp_ln36 & !icmp_ln37 & !or_ln38 & trunc_ln110_4) | (centre == 128 & hasLeft & !icmp_ln33 & !icmp_ln34 & !hasRight & !icmp_ln36 & !or_ln38 & trunc_ln110_4) | (centre == 128 & hasLeft & !icmp_ln33 & icmp_ln89 & !hasRight & !icmp_ln36 & !or_ln38 & trunc_ln110_4) | (centre == 128 & !hasLeft & !icmp_ln33 & !icmp_ln34 & !icmp_ln35 & !icmp_ln37 & !or_ln38 & trunc_ln110_4) | (centre == 128 & !hasLeft & !icmp_ln33 & icmp_ln89 & !icmp_ln37 & !or_ln38 & trunc_ln110_4) | (centre == 128 & or_ln33 & !icmp_ln34 & !icmp_ln35 & !icmp_ln36 & !icmp_ln37 & !or_ln38 & trunc_ln110_4) | (centre == 128 & or_ln33 & icmp_ln89 & !icmp_ln36 & !icmp_ln37 & !or_ln38 & trunc_ln110_4) | (centre == 128 & or_ln33 & hasLeft & !icmp_ln34 & !hasRight & !icmp_ln36 & !or_ln38 & trunc_ln110_4) | (centre == 128 & or_ln33 & hasLeft & icmp_ln89 & !hasRight & !icmp_ln36 & !or_ln38 & trunc_ln110_4) | (centre == 128 & or_ln33 & !hasLeft & !icmp_ln34 & !icmp_ln35 & !icmp_ln37 & !or_ln38 & trunc_ln110_4) | (centre == 128 & or_ln33 & !hasLeft & icmp_ln89 & !icmp_ln37 & !or_ln38 & trunc_ln110_4)> <Delay = 0.00>
ST_7 : Operation 135 [1/1] (0.00ns)   --->   "%p_ZN12_GLOBAL_N_110lineBufferILi1EEE_1_addr_7 = getelementptr i8 %p_ZN12_GLOBAL_N_110lineBufferILi1EEE_1, i64 0, i64 %zext_ln38" [../src/hysteresis.cpp:38->../src/hysteresis.cpp:122->../src/canny_top.cpp:34]   --->   Operation 135 'getelementptr' 'p_ZN12_GLOBAL_N_110lineBufferILi1EEE_1_addr_7' <Predicate = (centre == 128 & !icmp_ln33 & !icmp_ln34 & !icmp_ln35 & !icmp_ln36 & !icmp_ln37 & !or_ln38 & !trunc_ln110_4) | (centre == 128 & !icmp_ln33 & icmp_ln89 & !icmp_ln36 & !icmp_ln37 & !or_ln38 & !trunc_ln110_4) | (centre == 128 & hasLeft & !icmp_ln33 & !icmp_ln34 & !hasRight & !icmp_ln36 & !or_ln38 & !trunc_ln110_4) | (centre == 128 & hasLeft & !icmp_ln33 & icmp_ln89 & !hasRight & !icmp_ln36 & !or_ln38 & !trunc_ln110_4) | (centre == 128 & !hasLeft & !icmp_ln33 & !icmp_ln34 & !icmp_ln35 & !icmp_ln37 & !or_ln38 & !trunc_ln110_4) | (centre == 128 & !hasLeft & !icmp_ln33 & icmp_ln89 & !icmp_ln37 & !or_ln38 & !trunc_ln110_4) | (centre == 128 & or_ln33 & !icmp_ln34 & !icmp_ln35 & !icmp_ln36 & !icmp_ln37 & !or_ln38 & !trunc_ln110_4) | (centre == 128 & or_ln33 & icmp_ln89 & !icmp_ln36 & !icmp_ln37 & !or_ln38 & !trunc_ln110_4) | (centre == 128 & or_ln33 & hasLeft & !icmp_ln34 & !hasRight & !icmp_ln36 & !or_ln38 & !trunc_ln110_4) | (centre == 128 & or_ln33 & hasLeft & icmp_ln89 & !hasRight & !icmp_ln36 & !or_ln38 & !trunc_ln110_4) | (centre == 128 & or_ln33 & !hasLeft & !icmp_ln34 & !icmp_ln35 & !icmp_ln37 & !or_ln38 & !trunc_ln110_4) | (centre == 128 & or_ln33 & !hasLeft & icmp_ln89 & !icmp_ln37 & !or_ln38 & !trunc_ln110_4)> <Delay = 0.00>
ST_7 : Operation 136 [2/2] (1.23ns)   --->   "%p_ZN12_GLOBAL_N_110lineBufferILi1EEE_0_load_6 = load i10 %p_ZN12_GLOBAL_N_110lineBufferILi1EEE_0_addr_7" [../src/hysteresis.cpp:38->../src/hysteresis.cpp:122->../src/canny_top.cpp:34]   --->   Operation 136 'load' 'p_ZN12_GLOBAL_N_110lineBufferILi1EEE_0_load_6' <Predicate = (centre == 128 & !icmp_ln33 & !icmp_ln34 & !icmp_ln35 & !icmp_ln36 & !icmp_ln37 & !or_ln38 & trunc_ln110_4) | (centre == 128 & !icmp_ln33 & icmp_ln89 & !icmp_ln36 & !icmp_ln37 & !or_ln38 & trunc_ln110_4) | (centre == 128 & hasLeft & !icmp_ln33 & !icmp_ln34 & !hasRight & !icmp_ln36 & !or_ln38 & trunc_ln110_4) | (centre == 128 & hasLeft & !icmp_ln33 & icmp_ln89 & !hasRight & !icmp_ln36 & !or_ln38 & trunc_ln110_4) | (centre == 128 & !hasLeft & !icmp_ln33 & !icmp_ln34 & !icmp_ln35 & !icmp_ln37 & !or_ln38 & trunc_ln110_4) | (centre == 128 & !hasLeft & !icmp_ln33 & icmp_ln89 & !icmp_ln37 & !or_ln38 & trunc_ln110_4) | (centre == 128 & or_ln33 & !icmp_ln34 & !icmp_ln35 & !icmp_ln36 & !icmp_ln37 & !or_ln38 & trunc_ln110_4) | (centre == 128 & or_ln33 & icmp_ln89 & !icmp_ln36 & !icmp_ln37 & !or_ln38 & trunc_ln110_4) | (centre == 128 & or_ln33 & hasLeft & !icmp_ln34 & !hasRight & !icmp_ln36 & !or_ln38 & trunc_ln110_4) | (centre == 128 & or_ln33 & hasLeft & icmp_ln89 & !hasRight & !icmp_ln36 & !or_ln38 & trunc_ln110_4) | (centre == 128 & or_ln33 & !hasLeft & !icmp_ln34 & !icmp_ln35 & !icmp_ln37 & !or_ln38 & trunc_ln110_4) | (centre == 128 & or_ln33 & !hasLeft & icmp_ln89 & !icmp_ln37 & !or_ln38 & trunc_ln110_4)> <Delay = 1.23> <CoreInst = "RAM">   --->   Core 82 'RAM' <Latency = 1> <II = 1> <Delay = 1.23> <Storage> <Opcode : 'load' 'store'> <Ports = 2> <Width = 8> <Depth = 768> <RAM>
ST_7 : Operation 137 [2/2] (1.23ns)   --->   "%p_ZN12_GLOBAL_N_110lineBufferILi1EEE_1_load_6 = load i10 %p_ZN12_GLOBAL_N_110lineBufferILi1EEE_1_addr_7" [../src/hysteresis.cpp:38->../src/hysteresis.cpp:122->../src/canny_top.cpp:34]   --->   Operation 137 'load' 'p_ZN12_GLOBAL_N_110lineBufferILi1EEE_1_load_6' <Predicate = (centre == 128 & !icmp_ln33 & !icmp_ln34 & !icmp_ln35 & !icmp_ln36 & !icmp_ln37 & !or_ln38 & !trunc_ln110_4) | (centre == 128 & !icmp_ln33 & icmp_ln89 & !icmp_ln36 & !icmp_ln37 & !or_ln38 & !trunc_ln110_4) | (centre == 128 & hasLeft & !icmp_ln33 & !icmp_ln34 & !hasRight & !icmp_ln36 & !or_ln38 & !trunc_ln110_4) | (centre == 128 & hasLeft & !icmp_ln33 & icmp_ln89 & !hasRight & !icmp_ln36 & !or_ln38 & !trunc_ln110_4) | (centre == 128 & !hasLeft & !icmp_ln33 & !icmp_ln34 & !icmp_ln35 & !icmp_ln37 & !or_ln38 & !trunc_ln110_4) | (centre == 128 & !hasLeft & !icmp_ln33 & icmp_ln89 & !icmp_ln37 & !or_ln38 & !trunc_ln110_4) | (centre == 128 & or_ln33 & !icmp_ln34 & !icmp_ln35 & !icmp_ln36 & !icmp_ln37 & !or_ln38 & !trunc_ln110_4) | (centre == 128 & or_ln33 & icmp_ln89 & !icmp_ln36 & !icmp_ln37 & !or_ln38 & !trunc_ln110_4) | (centre == 128 & or_ln33 & hasLeft & !icmp_ln34 & !hasRight & !icmp_ln36 & !or_ln38 & !trunc_ln110_4) | (centre == 128 & or_ln33 & hasLeft & icmp_ln89 & !hasRight & !icmp_ln36 & !or_ln38 & !trunc_ln110_4) | (centre == 128 & or_ln33 & !hasLeft & !icmp_ln34 & !icmp_ln35 & !icmp_ln37 & !or_ln38 & !trunc_ln110_4) | (centre == 128 & or_ln33 & !hasLeft & icmp_ln89 & !icmp_ln37 & !or_ln38 & !trunc_ln110_4)> <Delay = 1.23> <CoreInst = "RAM">   --->   Core 82 'RAM' <Latency = 1> <II = 1> <Delay = 1.23> <Storage> <Opcode : 'load' 'store'> <Ports = 2> <Width = 8> <Depth = 768> <RAM>
ST_7 : Operation 138 [1/1] (0.00ns)   --->   "%br_ln39 = br i1 %icmp_ln90, void %_ZN12_GLOBAL__N_120has_strong_neighbourILi1EEEbiiiibbbb.exit.i, void %land.lhs.true49.i.i" [../src/hysteresis.cpp:39->../src/hysteresis.cpp:122->../src/canny_top.cpp:34]   --->   Operation 138 'br' 'br_ln39' <Predicate = (centre == 128 & !icmp_ln33 & !icmp_ln34 & !icmp_ln35 & !icmp_ln36 & !icmp_ln37 & or_ln38) | (centre == 128 & !icmp_ln33 & icmp_ln89 & !icmp_ln36 & !icmp_ln37 & or_ln38) | (centre == 128 & hasLeft & !icmp_ln33 & !icmp_ln34 & !hasRight & !icmp_ln36 & or_ln38) | (centre == 128 & hasLeft & !icmp_ln33 & icmp_ln89 & !hasRight & !icmp_ln36 & or_ln38) | (centre == 128 & !hasLeft & !icmp_ln33 & !icmp_ln34 & !icmp_ln35 & !icmp_ln37 & or_ln38) | (centre == 128 & !hasLeft & !icmp_ln33 & icmp_ln89 & !icmp_ln37 & or_ln38) | (centre == 128 & or_ln33 & !icmp_ln34 & !icmp_ln35 & !icmp_ln36 & !icmp_ln37 & or_ln38) | (centre == 128 & or_ln33 & icmp_ln89 & !icmp_ln36 & !icmp_ln37 & or_ln38) | (centre == 128 & or_ln33 & hasLeft & !icmp_ln34 & !hasRight & !icmp_ln36 & or_ln38) | (centre == 128 & or_ln33 & hasLeft & icmp_ln89 & !hasRight & !icmp_ln36 & or_ln38) | (centre == 128 & or_ln33 & !hasLeft & !icmp_ln34 & !icmp_ln35 & !icmp_ln37 & or_ln38) | (centre == 128 & or_ln33 & !hasLeft & icmp_ln89 & !icmp_ln37 & or_ln38)> <Delay = 0.00>

State 8 <SV = 7> <Delay = 2.39>
ST_8 : Operation 139 [1/1] (0.00ns)   --->   "%specpipeline_ln110 = specpipeline void @_ssdm_op_SpecPipeline, i32 4294967295, i32 0, i32 0, i32 0, i32 4294967295, void @empty" [../src/hysteresis.cpp:110->../src/canny_top.cpp:34]   --->   Operation 139 'specpipeline' 'specpipeline_ln110' <Predicate = true> <Delay = 0.00>
ST_8 : Operation 140 [1/1] (0.00ns)   --->   "%speclooptripcount_ln110 = speclooptripcount void @_ssdm_op_SpecLoopTripCount, i64 512, i64 512, i64 512" [../src/hysteresis.cpp:110->../src/canny_top.cpp:34]   --->   Operation 140 'speclooptripcount' 'speclooptripcount_ln110' <Predicate = true> <Delay = 0.00>
ST_8 : Operation 141 [1/1] (0.00ns)   --->   "%specloopname_ln110 = specloopname void @_ssdm_op_SpecLoopName, void @empty_18" [../src/hysteresis.cpp:110->../src/canny_top.cpp:34]   --->   Operation 141 'specloopname' 'specloopname_ln110' <Predicate = true> <Delay = 0.00>
ST_8 : Operation 142 [1/1] (0.00ns)   --->   "%tmp_41 = bitconcatenate i10 @_ssdm_op_BitConcatenate.i10.i2.i8, i2 %select_ln18_4_read, i8 %lshr_ln" [../src/hysteresis.cpp:39->../src/hysteresis.cpp:122->../src/canny_top.cpp:34]   --->   Operation 142 'bitconcatenate' 'tmp_41' <Predicate = true> <Delay = 0.00>
ST_8 : Operation 143 [1/1] (0.00ns)   --->   "%zext_ln39 = zext i10 %tmp_41" [../src/hysteresis.cpp:39->../src/hysteresis.cpp:122->../src/canny_top.cpp:34]   --->   Operation 143 'zext' 'zext_ln39' <Predicate = true> <Delay = 0.00>
ST_8 : Operation 144 [1/1] (0.00ns)   --->   "%p_ZN12_GLOBAL_N_110lineBufferILi1EEE_0_addr_3 = getelementptr i8 %p_ZN12_GLOBAL_N_110lineBufferILi1EEE_0, i64 0, i64 %zext_ln39" [../src/hysteresis.cpp:39->../src/hysteresis.cpp:122->../src/canny_top.cpp:34]   --->   Operation 144 'getelementptr' 'p_ZN12_GLOBAL_N_110lineBufferILi1EEE_0_addr_3' <Predicate = (!trunc_ln110_4)> <Delay = 0.00>
ST_8 : Operation 145 [1/1] (0.00ns)   --->   "%p_ZN12_GLOBAL_N_110lineBufferILi1EEE_1_addr_3 = getelementptr i8 %p_ZN12_GLOBAL_N_110lineBufferILi1EEE_1, i64 0, i64 %zext_ln39" [../src/hysteresis.cpp:39->../src/hysteresis.cpp:122->../src/canny_top.cpp:34]   --->   Operation 145 'getelementptr' 'p_ZN12_GLOBAL_N_110lineBufferILi1EEE_1_addr_3' <Predicate = (trunc_ln110_4)> <Delay = 0.00>
ST_8 : Operation 146 [1/2] ( I:1.23ns O:1.23ns )   --->   "%p_ZN12_GLOBAL_N_110lineBufferILi1EEE_0_load_6 = load i10 %p_ZN12_GLOBAL_N_110lineBufferILi1EEE_0_addr_7" [../src/hysteresis.cpp:38->../src/hysteresis.cpp:122->../src/canny_top.cpp:34]   --->   Operation 146 'load' 'p_ZN12_GLOBAL_N_110lineBufferILi1EEE_0_load_6' <Predicate = (centre == 128 & !icmp_ln33 & !icmp_ln34 & !icmp_ln35 & !icmp_ln36 & !icmp_ln37 & !or_ln38 & trunc_ln110_4) | (centre == 128 & !icmp_ln33 & icmp_ln89 & !icmp_ln36 & !icmp_ln37 & !or_ln38 & trunc_ln110_4) | (centre == 128 & hasLeft & !icmp_ln33 & !icmp_ln34 & !hasRight & !icmp_ln36 & !or_ln38 & trunc_ln110_4) | (centre == 128 & hasLeft & !icmp_ln33 & icmp_ln89 & !hasRight & !icmp_ln36 & !or_ln38 & trunc_ln110_4) | (centre == 128 & !hasLeft & !icmp_ln33 & !icmp_ln34 & !icmp_ln35 & !icmp_ln37 & !or_ln38 & trunc_ln110_4) | (centre == 128 & !hasLeft & !icmp_ln33 & icmp_ln89 & !icmp_ln37 & !or_ln38 & trunc_ln110_4) | (centre == 128 & or_ln33 & !icmp_ln34 & !icmp_ln35 & !icmp_ln36 & !icmp_ln37 & !or_ln38 & trunc_ln110_4) | (centre == 128 & or_ln33 & icmp_ln89 & !icmp_ln36 & !icmp_ln37 & !or_ln38 & trunc_ln110_4) | (centre == 128 & or_ln33 & hasLeft & !icmp_ln34 & !hasRight & !icmp_ln36 & !or_ln38 & trunc_ln110_4) | (centre == 128 & or_ln33 & hasLeft & icmp_ln89 & !hasRight & !icmp_ln36 & !or_ln38 & trunc_ln110_4) | (centre == 128 & or_ln33 & !hasLeft & !icmp_ln34 & !icmp_ln35 & !icmp_ln37 & !or_ln38 & trunc_ln110_4) | (centre == 128 & or_ln33 & !hasLeft & icmp_ln89 & !icmp_ln37 & !or_ln38 & trunc_ln110_4)> <Delay = 1.23> <CoreInst = "RAM">   --->   Core 82 'RAM' <Latency = 1> <II = 1> <Delay = 1.23> <Storage> <Opcode : 'load' 'store'> <Ports = 2> <Width = 8> <Depth = 768> <RAM>
ST_8 : Operation 147 [1/2] ( I:1.23ns O:1.23ns )   --->   "%p_ZN12_GLOBAL_N_110lineBufferILi1EEE_1_load_6 = load i10 %p_ZN12_GLOBAL_N_110lineBufferILi1EEE_1_addr_7" [../src/hysteresis.cpp:38->../src/hysteresis.cpp:122->../src/canny_top.cpp:34]   --->   Operation 147 'load' 'p_ZN12_GLOBAL_N_110lineBufferILi1EEE_1_load_6' <Predicate = (centre == 128 & !icmp_ln33 & !icmp_ln34 & !icmp_ln35 & !icmp_ln36 & !icmp_ln37 & !or_ln38 & !trunc_ln110_4) | (centre == 128 & !icmp_ln33 & icmp_ln89 & !icmp_ln36 & !icmp_ln37 & !or_ln38 & !trunc_ln110_4) | (centre == 128 & hasLeft & !icmp_ln33 & !icmp_ln34 & !hasRight & !icmp_ln36 & !or_ln38 & !trunc_ln110_4) | (centre == 128 & hasLeft & !icmp_ln33 & icmp_ln89 & !hasRight & !icmp_ln36 & !or_ln38 & !trunc_ln110_4) | (centre == 128 & !hasLeft & !icmp_ln33 & !icmp_ln34 & !icmp_ln35 & !icmp_ln37 & !or_ln38 & !trunc_ln110_4) | (centre == 128 & !hasLeft & !icmp_ln33 & icmp_ln89 & !icmp_ln37 & !or_ln38 & !trunc_ln110_4) | (centre == 128 & or_ln33 & !icmp_ln34 & !icmp_ln35 & !icmp_ln36 & !icmp_ln37 & !or_ln38 & !trunc_ln110_4) | (centre == 128 & or_ln33 & icmp_ln89 & !icmp_ln36 & !icmp_ln37 & !or_ln38 & !trunc_ln110_4) | (centre == 128 & or_ln33 & hasLeft & !icmp_ln34 & !hasRight & !icmp_ln36 & !or_ln38 & !trunc_ln110_4) | (centre == 128 & or_ln33 & hasLeft & icmp_ln89 & !hasRight & !icmp_ln36 & !or_ln38 & !trunc_ln110_4) | (centre == 128 & or_ln33 & !hasLeft & !icmp_ln34 & !icmp_ln35 & !icmp_ln37 & !or_ln38 & !trunc_ln110_4) | (centre == 128 & or_ln33 & !hasLeft & icmp_ln89 & !icmp_ln37 & !or_ln38 & !trunc_ln110_4)> <Delay = 1.23> <CoreInst = "RAM">   --->   Core 82 'RAM' <Latency = 1> <II = 1> <Delay = 1.23> <Storage> <Opcode : 'load' 'store'> <Ports = 2> <Width = 8> <Depth = 768> <RAM>
ST_8 : Operation 148 [1/1] (0.39ns)   --->   "%select_ln38 = select i1 %trunc_ln110_4, i8 %p_ZN12_GLOBAL_N_110lineBufferILi1EEE_0_load_6, i8 %p_ZN12_GLOBAL_N_110lineBufferILi1EEE_1_load_6" [../src/hysteresis.cpp:38->../src/hysteresis.cpp:122->../src/canny_top.cpp:34]   --->   Operation 148 'select' 'select_ln38' <Predicate = (centre == 128 & !icmp_ln33 & !icmp_ln34 & !icmp_ln35 & !icmp_ln36 & !icmp_ln37 & !or_ln38) | (centre == 128 & !icmp_ln33 & icmp_ln89 & !icmp_ln36 & !icmp_ln37 & !or_ln38) | (centre == 128 & hasLeft & !icmp_ln33 & !icmp_ln34 & !hasRight & !icmp_ln36 & !or_ln38) | (centre == 128 & hasLeft & !icmp_ln33 & icmp_ln89 & !hasRight & !icmp_ln36 & !or_ln38) | (centre == 128 & !hasLeft & !icmp_ln33 & !icmp_ln34 & !icmp_ln35 & !icmp_ln37 & !or_ln38) | (centre == 128 & !hasLeft & !icmp_ln33 & icmp_ln89 & !icmp_ln37 & !or_ln38) | (centre == 128 & or_ln33 & !icmp_ln34 & !icmp_ln35 & !icmp_ln36 & !icmp_ln37 & !or_ln38) | (centre == 128 & or_ln33 & icmp_ln89 & !icmp_ln36 & !icmp_ln37 & !or_ln38) | (centre == 128 & or_ln33 & hasLeft & !icmp_ln34 & !hasRight & !icmp_ln36 & !or_ln38) | (centre == 128 & or_ln33 & hasLeft & icmp_ln89 & !hasRight & !icmp_ln36 & !or_ln38) | (centre == 128 & or_ln33 & !hasLeft & !icmp_ln34 & !icmp_ln35 & !icmp_ln37 & !or_ln38) | (centre == 128 & or_ln33 & !hasLeft & icmp_ln89 & !icmp_ln37 & !or_ln38)> <Delay = 0.39> <CoreInst = "Sel">   --->   Core 73 'Sel' <Latency = 0> <II = 1> <Delay = 0.39> <FuncUnit> <Opcode : 'select'> <InPorts = 3> <OutPorts = 1>
ST_8 : Operation 149 [1/1] (0.76ns)   --->   "%icmp_ln38 = icmp_eq  i8 %select_ln38, i8 255" [../src/hysteresis.cpp:38->../src/hysteresis.cpp:122->../src/canny_top.cpp:34]   --->   Operation 149 'icmp' 'icmp_ln38' <Predicate = (centre == 128 & !icmp_ln33 & !icmp_ln34 & !icmp_ln35 & !icmp_ln36 & !icmp_ln37 & !or_ln38) | (centre == 128 & !icmp_ln33 & icmp_ln89 & !icmp_ln36 & !icmp_ln37 & !or_ln38) | (centre == 128 & hasLeft & !icmp_ln33 & !icmp_ln34 & !hasRight & !icmp_ln36 & !or_ln38) | (centre == 128 & hasLeft & !icmp_ln33 & icmp_ln89 & !hasRight & !icmp_ln36 & !or_ln38) | (centre == 128 & !hasLeft & !icmp_ln33 & !icmp_ln34 & !icmp_ln35 & !icmp_ln37 & !or_ln38) | (centre == 128 & !hasLeft & !icmp_ln33 & icmp_ln89 & !icmp_ln37 & !or_ln38) | (centre == 128 & or_ln33 & !icmp_ln34 & !icmp_ln35 & !icmp_ln36 & !icmp_ln37 & !or_ln38) | (centre == 128 & or_ln33 & icmp_ln89 & !icmp_ln36 & !icmp_ln37 & !or_ln38) | (centre == 128 & or_ln33 & hasLeft & !icmp_ln34 & !hasRight & !icmp_ln36 & !or_ln38) | (centre == 128 & or_ln33 & hasLeft & icmp_ln89 & !hasRight & !icmp_ln36 & !or_ln38) | (centre == 128 & or_ln33 & !hasLeft & !icmp_ln34 & !icmp_ln35 & !icmp_ln37 & !or_ln38) | (centre == 128 & or_ln33 & !hasLeft & icmp_ln89 & !icmp_ln37 & !or_ln38)> <Delay = 0.76> <CoreInst = "Cmp">   --->   Core 9 'Cmp' <Latency = 0> <II = 1> <Delay = 0.76> <FuncUnit> <Opcode : 'seteq' 'setne' 'setle' 'setge' 'setlt' 'setgt'> <InPorts = 2> <OutPorts = 1>
ST_8 : Operation 150 [1/1] (0.00ns)   --->   "%br_ln38 = br i1 %icmp_ln38, void %land.lhs.true49.i.i, void %_ZN12_GLOBAL__N_120has_strong_neighbourILi1EEEbiiiibbbb.exit.thread.i" [../src/hysteresis.cpp:38->../src/hysteresis.cpp:122->../src/canny_top.cpp:34]   --->   Operation 150 'br' 'br_ln38' <Predicate = (centre == 128 & !icmp_ln33 & !icmp_ln34 & !icmp_ln35 & !icmp_ln36 & !icmp_ln37 & !or_ln38) | (centre == 128 & !icmp_ln33 & icmp_ln89 & !icmp_ln36 & !icmp_ln37 & !or_ln38) | (centre == 128 & hasLeft & !icmp_ln33 & !icmp_ln34 & !hasRight & !icmp_ln36 & !or_ln38) | (centre == 128 & hasLeft & !icmp_ln33 & icmp_ln89 & !hasRight & !icmp_ln36 & !or_ln38) | (centre == 128 & !hasLeft & !icmp_ln33 & !icmp_ln34 & !icmp_ln35 & !icmp_ln37 & !or_ln38) | (centre == 128 & !hasLeft & !icmp_ln33 & icmp_ln89 & !icmp_ln37 & !or_ln38) | (centre == 128 & or_ln33 & !icmp_ln34 & !icmp_ln35 & !icmp_ln36 & !icmp_ln37 & !or_ln38) | (centre == 128 & or_ln33 & icmp_ln89 & !icmp_ln36 & !icmp_ln37 & !or_ln38) | (centre == 128 & or_ln33 & hasLeft & !icmp_ln34 & !hasRight & !icmp_ln36 & !or_ln38) | (centre == 128 & or_ln33 & hasLeft & icmp_ln89 & !hasRight & !icmp_ln36 & !or_ln38) | (centre == 128 & or_ln33 & !hasLeft & !icmp_ln34 & !icmp_ln35 & !icmp_ln37 & !or_ln38) | (centre == 128 & or_ln33 & !hasLeft & icmp_ln89 & !icmp_ln37 & !or_ln38)> <Delay = 0.00>
ST_8 : Operation 151 [2/2] (1.23ns)   --->   "%p_ZN12_GLOBAL_N_110lineBufferILi1EEE_0_load_7 = load i10 %p_ZN12_GLOBAL_N_110lineBufferILi1EEE_0_addr_3" [../src/hysteresis.cpp:39->../src/hysteresis.cpp:122->../src/canny_top.cpp:34]   --->   Operation 151 'load' 'p_ZN12_GLOBAL_N_110lineBufferILi1EEE_0_load_7' <Predicate = (centre == 128 & !icmp_ln33 & !icmp_ln34 & !icmp_ln35 & !icmp_ln36 & !icmp_ln37 & or_ln38 & icmp_ln90 & !trunc_ln110_4) | (centre == 128 & !icmp_ln33 & !icmp_ln34 & !icmp_ln35 & !icmp_ln36 & !icmp_ln37 & !or_ln38 & !icmp_ln38 & !trunc_ln110_4) | (centre == 128 & !icmp_ln33 & icmp_ln89 & !icmp_ln36 & !icmp_ln37 & or_ln38 & icmp_ln90 & !trunc_ln110_4) | (centre == 128 & !icmp_ln33 & icmp_ln89 & !icmp_ln36 & !icmp_ln37 & !or_ln38 & !icmp_ln38 & !trunc_ln110_4) | (centre == 128 & hasLeft & !icmp_ln33 & !icmp_ln34 & !hasRight & !icmp_ln36 & or_ln38 & icmp_ln90 & !trunc_ln110_4) | (centre == 128 & hasLeft & !icmp_ln33 & !icmp_ln34 & !hasRight & !icmp_ln36 & !or_ln38 & !icmp_ln38 & !trunc_ln110_4) | (centre == 128 & hasLeft & !icmp_ln33 & icmp_ln89 & !hasRight & !icmp_ln36 & or_ln38 & icmp_ln90 & !trunc_ln110_4) | (centre == 128 & hasLeft & !icmp_ln33 & icmp_ln89 & !hasRight & !icmp_ln36 & !or_ln38 & !icmp_ln38 & !trunc_ln110_4) | (centre == 128 & !hasLeft & !icmp_ln33 & !icmp_ln34 & !icmp_ln35 & !icmp_ln37 & or_ln38 & icmp_ln90 & !trunc_ln110_4) | (centre == 128 & !hasLeft & !icmp_ln33 & !icmp_ln34 & !icmp_ln35 & !icmp_ln37 & !or_ln38 & !icmp_ln38 & !trunc_ln110_4) | (centre == 128 & !hasLeft & !icmp_ln33 & icmp_ln89 & !icmp_ln37 & or_ln38 & icmp_ln90 & !trunc_ln110_4) | (centre == 128 & !hasLeft & !icmp_ln33 & icmp_ln89 & !icmp_ln37 & !or_ln38 & !icmp_ln38 & !trunc_ln110_4) | (centre == 128 & or_ln33 & !icmp_ln34 & !icmp_ln35 & !icmp_ln36 & !icmp_ln37 & or_ln38 & icmp_ln90 & !trunc_ln110_4) | (centre == 128 & or_ln33 & !icmp_ln34 & !icmp_ln35 & !icmp_ln36 & !icmp_ln37 & !or_ln38 & !icmp_ln38 & !trunc_ln110_4) | (centre == 128 & or_ln33 & icmp_ln89 & !icmp_ln36 & !icmp_ln37 & or_ln38 & icmp_ln90 & !trunc_ln110_4) | (centre == 128 & or_ln33 & icmp_ln89 & !icmp_ln36 & !icmp_ln37 & !or_ln38 & !icmp_ln38 & !trunc_ln110_4) | (centre == 128 & or_ln33 & hasLeft & !icmp_ln34 & !hasRight & !icmp_ln36 & or_ln38 & icmp_ln90 & !trunc_ln110_4) | (centre == 128 & or_ln33 & hasLeft & !icmp_ln34 & !hasRight & !icmp_ln36 & !or_ln38 & !icmp_ln38 & !trunc_ln110_4) | (centre == 128 & or_ln33 & hasLeft & icmp_ln89 & !hasRight & !icmp_ln36 & or_ln38 & icmp_ln90 & !trunc_ln110_4) | (centre == 128 & or_ln33 & hasLeft & icmp_ln89 & !hasRight & !icmp_ln36 & !or_ln38 & !icmp_ln38 & !trunc_ln110_4) | (centre == 128 & or_ln33 & !hasLeft & !icmp_ln34 & !icmp_ln35 & !icmp_ln37 & or_ln38 & icmp_ln90 & !trunc_ln110_4) | (centre == 128 & or_ln33 & !hasLeft & !icmp_ln34 & !icmp_ln35 & !icmp_ln37 & !or_ln38 & !icmp_ln38 & !trunc_ln110_4) | (centre == 128 & or_ln33 & !hasLeft & icmp_ln89 & !icmp_ln37 & or_ln38 & icmp_ln90 & !trunc_ln110_4) | (centre == 128 & or_ln33 & !hasLeft & icmp_ln89 & !icmp_ln37 & !or_ln38 & !icmp_ln38 & !trunc_ln110_4)> <Delay = 1.23> <CoreInst = "RAM">   --->   Core 82 'RAM' <Latency = 1> <II = 1> <Delay = 1.23> <Storage> <Opcode : 'load' 'store'> <Ports = 2> <Width = 8> <Depth = 768> <RAM>
ST_8 : Operation 152 [2/2] (1.23ns)   --->   "%p_ZN12_GLOBAL_N_110lineBufferILi1EEE_1_load_7 = load i10 %p_ZN12_GLOBAL_N_110lineBufferILi1EEE_1_addr_3" [../src/hysteresis.cpp:39->../src/hysteresis.cpp:122->../src/canny_top.cpp:34]   --->   Operation 152 'load' 'p_ZN12_GLOBAL_N_110lineBufferILi1EEE_1_load_7' <Predicate = (centre == 128 & !icmp_ln33 & !icmp_ln34 & !icmp_ln35 & !icmp_ln36 & !icmp_ln37 & or_ln38 & icmp_ln90 & trunc_ln110_4) | (centre == 128 & !icmp_ln33 & !icmp_ln34 & !icmp_ln35 & !icmp_ln36 & !icmp_ln37 & !or_ln38 & !icmp_ln38 & trunc_ln110_4) | (centre == 128 & !icmp_ln33 & icmp_ln89 & !icmp_ln36 & !icmp_ln37 & or_ln38 & icmp_ln90 & trunc_ln110_4) | (centre == 128 & !icmp_ln33 & icmp_ln89 & !icmp_ln36 & !icmp_ln37 & !or_ln38 & !icmp_ln38 & trunc_ln110_4) | (centre == 128 & hasLeft & !icmp_ln33 & !icmp_ln34 & !hasRight & !icmp_ln36 & or_ln38 & icmp_ln90 & trunc_ln110_4) | (centre == 128 & hasLeft & !icmp_ln33 & !icmp_ln34 & !hasRight & !icmp_ln36 & !or_ln38 & !icmp_ln38 & trunc_ln110_4) | (centre == 128 & hasLeft & !icmp_ln33 & icmp_ln89 & !hasRight & !icmp_ln36 & or_ln38 & icmp_ln90 & trunc_ln110_4) | (centre == 128 & hasLeft & !icmp_ln33 & icmp_ln89 & !hasRight & !icmp_ln36 & !or_ln38 & !icmp_ln38 & trunc_ln110_4) | (centre == 128 & !hasLeft & !icmp_ln33 & !icmp_ln34 & !icmp_ln35 & !icmp_ln37 & or_ln38 & icmp_ln90 & trunc_ln110_4) | (centre == 128 & !hasLeft & !icmp_ln33 & !icmp_ln34 & !icmp_ln35 & !icmp_ln37 & !or_ln38 & !icmp_ln38 & trunc_ln110_4) | (centre == 128 & !hasLeft & !icmp_ln33 & icmp_ln89 & !icmp_ln37 & or_ln38 & icmp_ln90 & trunc_ln110_4) | (centre == 128 & !hasLeft & !icmp_ln33 & icmp_ln89 & !icmp_ln37 & !or_ln38 & !icmp_ln38 & trunc_ln110_4) | (centre == 128 & or_ln33 & !icmp_ln34 & !icmp_ln35 & !icmp_ln36 & !icmp_ln37 & or_ln38 & icmp_ln90 & trunc_ln110_4) | (centre == 128 & or_ln33 & !icmp_ln34 & !icmp_ln35 & !icmp_ln36 & !icmp_ln37 & !or_ln38 & !icmp_ln38 & trunc_ln110_4) | (centre == 128 & or_ln33 & icmp_ln89 & !icmp_ln36 & !icmp_ln37 & or_ln38 & icmp_ln90 & trunc_ln110_4) | (centre == 128 & or_ln33 & icmp_ln89 & !icmp_ln36 & !icmp_ln37 & !or_ln38 & !icmp_ln38 & trunc_ln110_4) | (centre == 128 & or_ln33 & hasLeft & !icmp_ln34 & !hasRight & !icmp_ln36 & or_ln38 & icmp_ln90 & trunc_ln110_4) | (centre == 128 & or_ln33 & hasLeft & !icmp_ln34 & !hasRight & !icmp_ln36 & !or_ln38 & !icmp_ln38 & trunc_ln110_4) | (centre == 128 & or_ln33 & hasLeft & icmp_ln89 & !hasRight & !icmp_ln36 & or_ln38 & icmp_ln90 & trunc_ln110_4) | (centre == 128 & or_ln33 & hasLeft & icmp_ln89 & !hasRight & !icmp_ln36 & !or_ln38 & !icmp_ln38 & trunc_ln110_4) | (centre == 128 & or_ln33 & !hasLeft & !icmp_ln34 & !icmp_ln35 & !icmp_ln37 & or_ln38 & icmp_ln90 & trunc_ln110_4) | (centre == 128 & or_ln33 & !hasLeft & !icmp_ln34 & !icmp_ln35 & !icmp_ln37 & !or_ln38 & !icmp_ln38 & trunc_ln110_4) | (centre == 128 & or_ln33 & !hasLeft & icmp_ln89 & !icmp_ln37 & or_ln38 & icmp_ln90 & trunc_ln110_4) | (centre == 128 & or_ln33 & !hasLeft & icmp_ln89 & !icmp_ln37 & !or_ln38 & !icmp_ln38 & trunc_ln110_4)> <Delay = 1.23> <CoreInst = "RAM">   --->   Core 82 'RAM' <Latency = 1> <II = 1> <Delay = 1.23> <Storage> <Opcode : 'load' 'store'> <Ports = 2> <Width = 8> <Depth = 768> <RAM>

State 9 <SV = 8> <Delay = 2.80>
ST_9 : Operation 153 [1/2] ( I:1.23ns O:1.23ns )   --->   "%p_ZN12_GLOBAL_N_110lineBufferILi1EEE_0_load_7 = load i10 %p_ZN12_GLOBAL_N_110lineBufferILi1EEE_0_addr_3" [../src/hysteresis.cpp:39->../src/hysteresis.cpp:122->../src/canny_top.cpp:34]   --->   Operation 153 'load' 'p_ZN12_GLOBAL_N_110lineBufferILi1EEE_0_load_7' <Predicate = (centre == 128 & !icmp_ln33 & !icmp_ln34 & !icmp_ln35 & !icmp_ln36 & !icmp_ln37 & or_ln38 & icmp_ln90 & !trunc_ln110_4) | (centre == 128 & !icmp_ln33 & !icmp_ln34 & !icmp_ln35 & !icmp_ln36 & !icmp_ln37 & !or_ln38 & !icmp_ln38 & !trunc_ln110_4) | (centre == 128 & !icmp_ln33 & icmp_ln89 & !icmp_ln36 & !icmp_ln37 & or_ln38 & icmp_ln90 & !trunc_ln110_4) | (centre == 128 & !icmp_ln33 & icmp_ln89 & !icmp_ln36 & !icmp_ln37 & !or_ln38 & !icmp_ln38 & !trunc_ln110_4) | (centre == 128 & hasLeft & !icmp_ln33 & !icmp_ln34 & !hasRight & !icmp_ln36 & or_ln38 & icmp_ln90 & !trunc_ln110_4) | (centre == 128 & hasLeft & !icmp_ln33 & !icmp_ln34 & !hasRight & !icmp_ln36 & !or_ln38 & !icmp_ln38 & !trunc_ln110_4) | (centre == 128 & hasLeft & !icmp_ln33 & icmp_ln89 & !hasRight & !icmp_ln36 & or_ln38 & icmp_ln90 & !trunc_ln110_4) | (centre == 128 & hasLeft & !icmp_ln33 & icmp_ln89 & !hasRight & !icmp_ln36 & !or_ln38 & !icmp_ln38 & !trunc_ln110_4) | (centre == 128 & !hasLeft & !icmp_ln33 & !icmp_ln34 & !icmp_ln35 & !icmp_ln37 & or_ln38 & icmp_ln90 & !trunc_ln110_4) | (centre == 128 & !hasLeft & !icmp_ln33 & !icmp_ln34 & !icmp_ln35 & !icmp_ln37 & !or_ln38 & !icmp_ln38 & !trunc_ln110_4) | (centre == 128 & !hasLeft & !icmp_ln33 & icmp_ln89 & !icmp_ln37 & or_ln38 & icmp_ln90 & !trunc_ln110_4) | (centre == 128 & !hasLeft & !icmp_ln33 & icmp_ln89 & !icmp_ln37 & !or_ln38 & !icmp_ln38 & !trunc_ln110_4) | (centre == 128 & or_ln33 & !icmp_ln34 & !icmp_ln35 & !icmp_ln36 & !icmp_ln37 & or_ln38 & icmp_ln90 & !trunc_ln110_4) | (centre == 128 & or_ln33 & !icmp_ln34 & !icmp_ln35 & !icmp_ln36 & !icmp_ln37 & !or_ln38 & !icmp_ln38 & !trunc_ln110_4) | (centre == 128 & or_ln33 & icmp_ln89 & !icmp_ln36 & !icmp_ln37 & or_ln38 & icmp_ln90 & !trunc_ln110_4) | (centre == 128 & or_ln33 & icmp_ln89 & !icmp_ln36 & !icmp_ln37 & !or_ln38 & !icmp_ln38 & !trunc_ln110_4) | (centre == 128 & or_ln33 & hasLeft & !icmp_ln34 & !hasRight & !icmp_ln36 & or_ln38 & icmp_ln90 & !trunc_ln110_4) | (centre == 128 & or_ln33 & hasLeft & !icmp_ln34 & !hasRight & !icmp_ln36 & !or_ln38 & !icmp_ln38 & !trunc_ln110_4) | (centre == 128 & or_ln33 & hasLeft & icmp_ln89 & !hasRight & !icmp_ln36 & or_ln38 & icmp_ln90 & !trunc_ln110_4) | (centre == 128 & or_ln33 & hasLeft & icmp_ln89 & !hasRight & !icmp_ln36 & !or_ln38 & !icmp_ln38 & !trunc_ln110_4) | (centre == 128 & or_ln33 & !hasLeft & !icmp_ln34 & !icmp_ln35 & !icmp_ln37 & or_ln38 & icmp_ln90 & !trunc_ln110_4) | (centre == 128 & or_ln33 & !hasLeft & !icmp_ln34 & !icmp_ln35 & !icmp_ln37 & !or_ln38 & !icmp_ln38 & !trunc_ln110_4) | (centre == 128 & or_ln33 & !hasLeft & icmp_ln89 & !icmp_ln37 & or_ln38 & icmp_ln90 & !trunc_ln110_4) | (centre == 128 & or_ln33 & !hasLeft & icmp_ln89 & !icmp_ln37 & !or_ln38 & !icmp_ln38 & !trunc_ln110_4)> <Delay = 1.23> <CoreInst = "RAM">   --->   Core 82 'RAM' <Latency = 1> <II = 1> <Delay = 1.23> <Storage> <Opcode : 'load' 'store'> <Ports = 2> <Width = 8> <Depth = 768> <RAM>
ST_9 : Operation 154 [1/2] ( I:1.23ns O:1.23ns )   --->   "%p_ZN12_GLOBAL_N_110lineBufferILi1EEE_1_load_7 = load i10 %p_ZN12_GLOBAL_N_110lineBufferILi1EEE_1_addr_3" [../src/hysteresis.cpp:39->../src/hysteresis.cpp:122->../src/canny_top.cpp:34]   --->   Operation 154 'load' 'p_ZN12_GLOBAL_N_110lineBufferILi1EEE_1_load_7' <Predicate = (centre == 128 & !icmp_ln33 & !icmp_ln34 & !icmp_ln35 & !icmp_ln36 & !icmp_ln37 & or_ln38 & icmp_ln90 & trunc_ln110_4) | (centre == 128 & !icmp_ln33 & !icmp_ln34 & !icmp_ln35 & !icmp_ln36 & !icmp_ln37 & !or_ln38 & !icmp_ln38 & trunc_ln110_4) | (centre == 128 & !icmp_ln33 & icmp_ln89 & !icmp_ln36 & !icmp_ln37 & or_ln38 & icmp_ln90 & trunc_ln110_4) | (centre == 128 & !icmp_ln33 & icmp_ln89 & !icmp_ln36 & !icmp_ln37 & !or_ln38 & !icmp_ln38 & trunc_ln110_4) | (centre == 128 & hasLeft & !icmp_ln33 & !icmp_ln34 & !hasRight & !icmp_ln36 & or_ln38 & icmp_ln90 & trunc_ln110_4) | (centre == 128 & hasLeft & !icmp_ln33 & !icmp_ln34 & !hasRight & !icmp_ln36 & !or_ln38 & !icmp_ln38 & trunc_ln110_4) | (centre == 128 & hasLeft & !icmp_ln33 & icmp_ln89 & !hasRight & !icmp_ln36 & or_ln38 & icmp_ln90 & trunc_ln110_4) | (centre == 128 & hasLeft & !icmp_ln33 & icmp_ln89 & !hasRight & !icmp_ln36 & !or_ln38 & !icmp_ln38 & trunc_ln110_4) | (centre == 128 & !hasLeft & !icmp_ln33 & !icmp_ln34 & !icmp_ln35 & !icmp_ln37 & or_ln38 & icmp_ln90 & trunc_ln110_4) | (centre == 128 & !hasLeft & !icmp_ln33 & !icmp_ln34 & !icmp_ln35 & !icmp_ln37 & !or_ln38 & !icmp_ln38 & trunc_ln110_4) | (centre == 128 & !hasLeft & !icmp_ln33 & icmp_ln89 & !icmp_ln37 & or_ln38 & icmp_ln90 & trunc_ln110_4) | (centre == 128 & !hasLeft & !icmp_ln33 & icmp_ln89 & !icmp_ln37 & !or_ln38 & !icmp_ln38 & trunc_ln110_4) | (centre == 128 & or_ln33 & !icmp_ln34 & !icmp_ln35 & !icmp_ln36 & !icmp_ln37 & or_ln38 & icmp_ln90 & trunc_ln110_4) | (centre == 128 & or_ln33 & !icmp_ln34 & !icmp_ln35 & !icmp_ln36 & !icmp_ln37 & !or_ln38 & !icmp_ln38 & trunc_ln110_4) | (centre == 128 & or_ln33 & icmp_ln89 & !icmp_ln36 & !icmp_ln37 & or_ln38 & icmp_ln90 & trunc_ln110_4) | (centre == 128 & or_ln33 & icmp_ln89 & !icmp_ln36 & !icmp_ln37 & !or_ln38 & !icmp_ln38 & trunc_ln110_4) | (centre == 128 & or_ln33 & hasLeft & !icmp_ln34 & !hasRight & !icmp_ln36 & or_ln38 & icmp_ln90 & trunc_ln110_4) | (centre == 128 & or_ln33 & hasLeft & !icmp_ln34 & !hasRight & !icmp_ln36 & !or_ln38 & !icmp_ln38 & trunc_ln110_4) | (centre == 128 & or_ln33 & hasLeft & icmp_ln89 & !hasRight & !icmp_ln36 & or_ln38 & icmp_ln90 & trunc_ln110_4) | (centre == 128 & or_ln33 & hasLeft & icmp_ln89 & !hasRight & !icmp_ln36 & !or_ln38 & !icmp_ln38 & trunc_ln110_4) | (centre == 128 & or_ln33 & !hasLeft & !icmp_ln34 & !icmp_ln35 & !icmp_ln37 & or_ln38 & icmp_ln90 & trunc_ln110_4) | (centre == 128 & or_ln33 & !hasLeft & !icmp_ln34 & !icmp_ln35 & !icmp_ln37 & !or_ln38 & !icmp_ln38 & trunc_ln110_4) | (centre == 128 & or_ln33 & !hasLeft & icmp_ln89 & !icmp_ln37 & or_ln38 & icmp_ln90 & trunc_ln110_4) | (centre == 128 & or_ln33 & !hasLeft & icmp_ln89 & !icmp_ln37 & !or_ln38 & !icmp_ln38 & trunc_ln110_4)> <Delay = 1.23> <CoreInst = "RAM">   --->   Core 82 'RAM' <Latency = 1> <II = 1> <Delay = 1.23> <Storage> <Opcode : 'load' 'store'> <Ports = 2> <Width = 8> <Depth = 768> <RAM>
ST_9 : Operation 155 [1/1] (0.39ns)   --->   "%select_ln39 = select i1 %trunc_ln110_4, i8 %p_ZN12_GLOBAL_N_110lineBufferILi1EEE_1_load_7, i8 %p_ZN12_GLOBAL_N_110lineBufferILi1EEE_0_load_7" [../src/hysteresis.cpp:39->../src/hysteresis.cpp:122->../src/canny_top.cpp:34]   --->   Operation 155 'select' 'select_ln39' <Predicate = (centre == 128 & !icmp_ln33 & !icmp_ln34 & !icmp_ln35 & !icmp_ln36 & !icmp_ln37 & or_ln38 & icmp_ln90) | (centre == 128 & !icmp_ln33 & !icmp_ln34 & !icmp_ln35 & !icmp_ln36 & !icmp_ln37 & !or_ln38 & !icmp_ln38) | (centre == 128 & !icmp_ln33 & icmp_ln89 & !icmp_ln36 & !icmp_ln37 & or_ln38 & icmp_ln90) | (centre == 128 & !icmp_ln33 & icmp_ln89 & !icmp_ln36 & !icmp_ln37 & !or_ln38 & !icmp_ln38) | (centre == 128 & hasLeft & !icmp_ln33 & !icmp_ln34 & !hasRight & !icmp_ln36 & or_ln38 & icmp_ln90) | (centre == 128 & hasLeft & !icmp_ln33 & !icmp_ln34 & !hasRight & !icmp_ln36 & !or_ln38 & !icmp_ln38) | (centre == 128 & hasLeft & !icmp_ln33 & icmp_ln89 & !hasRight & !icmp_ln36 & or_ln38 & icmp_ln90) | (centre == 128 & hasLeft & !icmp_ln33 & icmp_ln89 & !hasRight & !icmp_ln36 & !or_ln38 & !icmp_ln38) | (centre == 128 & !hasLeft & !icmp_ln33 & !icmp_ln34 & !icmp_ln35 & !icmp_ln37 & or_ln38 & icmp_ln90) | (centre == 128 & !hasLeft & !icmp_ln33 & !icmp_ln34 & !icmp_ln35 & !icmp_ln37 & !or_ln38 & !icmp_ln38) | (centre == 128 & !hasLeft & !icmp_ln33 & icmp_ln89 & !icmp_ln37 & or_ln38 & icmp_ln90) | (centre == 128 & !hasLeft & !icmp_ln33 & icmp_ln89 & !icmp_ln37 & !or_ln38 & !icmp_ln38) | (centre == 128 & or_ln33 & !icmp_ln34 & !icmp_ln35 & !icmp_ln36 & !icmp_ln37 & or_ln38 & icmp_ln90) | (centre == 128 & or_ln33 & !icmp_ln34 & !icmp_ln35 & !icmp_ln36 & !icmp_ln37 & !or_ln38 & !icmp_ln38) | (centre == 128 & or_ln33 & icmp_ln89 & !icmp_ln36 & !icmp_ln37 & or_ln38 & icmp_ln90) | (centre == 128 & or_ln33 & icmp_ln89 & !icmp_ln36 & !icmp_ln37 & !or_ln38 & !icmp_ln38) | (centre == 128 & or_ln33 & hasLeft & !icmp_ln34 & !hasRight & !icmp_ln36 & or_ln38 & icmp_ln90) | (centre == 128 & or_ln33 & hasLeft & !icmp_ln34 & !hasRight & !icmp_ln36 & !or_ln38 & !icmp_ln38) | (centre == 128 & or_ln33 & hasLeft & icmp_ln89 & !hasRight & !icmp_ln36 & or_ln38 & icmp_ln90) | (centre == 128 & or_ln33 & hasLeft & icmp_ln89 & !hasRight & !icmp_ln36 & !or_ln38 & !icmp_ln38) | (centre == 128 & or_ln33 & !hasLeft & !icmp_ln34 & !icmp_ln35 & !icmp_ln37 & or_ln38 & icmp_ln90) | (centre == 128 & or_ln33 & !hasLeft & !icmp_ln34 & !icmp_ln35 & !icmp_ln37 & !or_ln38 & !icmp_ln38) | (centre == 128 & or_ln33 & !hasLeft & icmp_ln89 & !icmp_ln37 & or_ln38 & icmp_ln90) | (centre == 128 & or_ln33 & !hasLeft & icmp_ln89 & !icmp_ln37 & !or_ln38 & !icmp_ln38)> <Delay = 0.39> <CoreInst = "Sel">   --->   Core 73 'Sel' <Latency = 0> <II = 1> <Delay = 0.39> <FuncUnit> <Opcode : 'select'> <InPorts = 3> <OutPorts = 1>
ST_9 : Operation 156 [1/1] (0.76ns)   --->   "%icmp_ln39 = icmp_eq  i8 %select_ln39, i8 255" [../src/hysteresis.cpp:39->../src/hysteresis.cpp:122->../src/canny_top.cpp:34]   --->   Operation 156 'icmp' 'icmp_ln39' <Predicate = (centre == 128 & !icmp_ln33 & !icmp_ln34 & !icmp_ln35 & !icmp_ln36 & !icmp_ln37 & or_ln38 & icmp_ln90) | (centre == 128 & !icmp_ln33 & !icmp_ln34 & !icmp_ln35 & !icmp_ln36 & !icmp_ln37 & !or_ln38 & !icmp_ln38) | (centre == 128 & !icmp_ln33 & icmp_ln89 & !icmp_ln36 & !icmp_ln37 & or_ln38 & icmp_ln90) | (centre == 128 & !icmp_ln33 & icmp_ln89 & !icmp_ln36 & !icmp_ln37 & !or_ln38 & !icmp_ln38) | (centre == 128 & hasLeft & !icmp_ln33 & !icmp_ln34 & !hasRight & !icmp_ln36 & or_ln38 & icmp_ln90) | (centre == 128 & hasLeft & !icmp_ln33 & !icmp_ln34 & !hasRight & !icmp_ln36 & !or_ln38 & !icmp_ln38) | (centre == 128 & hasLeft & !icmp_ln33 & icmp_ln89 & !hasRight & !icmp_ln36 & or_ln38 & icmp_ln90) | (centre == 128 & hasLeft & !icmp_ln33 & icmp_ln89 & !hasRight & !icmp_ln36 & !or_ln38 & !icmp_ln38) | (centre == 128 & !hasLeft & !icmp_ln33 & !icmp_ln34 & !icmp_ln35 & !icmp_ln37 & or_ln38 & icmp_ln90) | (centre == 128 & !hasLeft & !icmp_ln33 & !icmp_ln34 & !icmp_ln35 & !icmp_ln37 & !or_ln38 & !icmp_ln38) | (centre == 128 & !hasLeft & !icmp_ln33 & icmp_ln89 & !icmp_ln37 & or_ln38 & icmp_ln90) | (centre == 128 & !hasLeft & !icmp_ln33 & icmp_ln89 & !icmp_ln37 & !or_ln38 & !icmp_ln38) | (centre == 128 & or_ln33 & !icmp_ln34 & !icmp_ln35 & !icmp_ln36 & !icmp_ln37 & or_ln38 & icmp_ln90) | (centre == 128 & or_ln33 & !icmp_ln34 & !icmp_ln35 & !icmp_ln36 & !icmp_ln37 & !or_ln38 & !icmp_ln38) | (centre == 128 & or_ln33 & icmp_ln89 & !icmp_ln36 & !icmp_ln37 & or_ln38 & icmp_ln90) | (centre == 128 & or_ln33 & icmp_ln89 & !icmp_ln36 & !icmp_ln37 & !or_ln38 & !icmp_ln38) | (centre == 128 & or_ln33 & hasLeft & !icmp_ln34 & !hasRight & !icmp_ln36 & or_ln38 & icmp_ln90) | (centre == 128 & or_ln33 & hasLeft & !icmp_ln34 & !hasRight & !icmp_ln36 & !or_ln38 & !icmp_ln38) | (centre == 128 & or_ln33 & hasLeft & icmp_ln89 & !hasRight & !icmp_ln36 & or_ln38 & icmp_ln90) | (centre == 128 & or_ln33 & hasLeft & icmp_ln89 & !hasRight & !icmp_ln36 & !or_ln38 & !icmp_ln38) | (centre == 128 & or_ln33 & !hasLeft & !icmp_ln34 & !icmp_ln35 & !icmp_ln37 & or_ln38 & icmp_ln90) | (centre == 128 & or_ln33 & !hasLeft & !icmp_ln34 & !icmp_ln35 & !icmp_ln37 & !or_ln38 & !icmp_ln38) | (centre == 128 & or_ln33 & !hasLeft & icmp_ln89 & !icmp_ln37 & or_ln38 & icmp_ln90) | (centre == 128 & or_ln33 & !hasLeft & icmp_ln89 & !icmp_ln37 & !or_ln38 & !icmp_ln38)> <Delay = 0.76> <CoreInst = "Cmp">   --->   Core 9 'Cmp' <Latency = 0> <II = 1> <Delay = 0.76> <FuncUnit> <Opcode : 'seteq' 'setne' 'setle' 'setge' 'setlt' 'setgt'> <InPorts = 2> <OutPorts = 1>
ST_9 : Operation 157 [1/1] (0.00ns)   --->   "%br_ln39 = br i1 %icmp_ln39, void %lor.rhs.i.i, void %_ZN12_GLOBAL__N_120has_strong_neighbourILi1EEEbiiiibbbb.exit.thread.i" [../src/hysteresis.cpp:39->../src/hysteresis.cpp:122->../src/canny_top.cpp:34]   --->   Operation 157 'br' 'br_ln39' <Predicate = (centre == 128 & !icmp_ln33 & !icmp_ln34 & !icmp_ln35 & !icmp_ln36 & !icmp_ln37 & or_ln38 & icmp_ln90) | (centre == 128 & !icmp_ln33 & !icmp_ln34 & !icmp_ln35 & !icmp_ln36 & !icmp_ln37 & !or_ln38 & !icmp_ln38) | (centre == 128 & !icmp_ln33 & icmp_ln89 & !icmp_ln36 & !icmp_ln37 & or_ln38 & icmp_ln90) | (centre == 128 & !icmp_ln33 & icmp_ln89 & !icmp_ln36 & !icmp_ln37 & !or_ln38 & !icmp_ln38) | (centre == 128 & hasLeft & !icmp_ln33 & !icmp_ln34 & !hasRight & !icmp_ln36 & or_ln38 & icmp_ln90) | (centre == 128 & hasLeft & !icmp_ln33 & !icmp_ln34 & !hasRight & !icmp_ln36 & !or_ln38 & !icmp_ln38) | (centre == 128 & hasLeft & !icmp_ln33 & icmp_ln89 & !hasRight & !icmp_ln36 & or_ln38 & icmp_ln90) | (centre == 128 & hasLeft & !icmp_ln33 & icmp_ln89 & !hasRight & !icmp_ln36 & !or_ln38 & !icmp_ln38) | (centre == 128 & !hasLeft & !icmp_ln33 & !icmp_ln34 & !icmp_ln35 & !icmp_ln37 & or_ln38 & icmp_ln90) | (centre == 128 & !hasLeft & !icmp_ln33 & !icmp_ln34 & !icmp_ln35 & !icmp_ln37 & !or_ln38 & !icmp_ln38) | (centre == 128 & !hasLeft & !icmp_ln33 & icmp_ln89 & !icmp_ln37 & or_ln38 & icmp_ln90) | (centre == 128 & !hasLeft & !icmp_ln33 & icmp_ln89 & !icmp_ln37 & !or_ln38 & !icmp_ln38) | (centre == 128 & or_ln33 & !icmp_ln34 & !icmp_ln35 & !icmp_ln36 & !icmp_ln37 & or_ln38 & icmp_ln90) | (centre == 128 & or_ln33 & !icmp_ln34 & !icmp_ln35 & !icmp_ln36 & !icmp_ln37 & !or_ln38 & !icmp_ln38) | (centre == 128 & or_ln33 & icmp_ln89 & !icmp_ln36 & !icmp_ln37 & or_ln38 & icmp_ln90) | (centre == 128 & or_ln33 & icmp_ln89 & !icmp_ln36 & !icmp_ln37 & !or_ln38 & !icmp_ln38) | (centre == 128 & or_ln33 & hasLeft & !icmp_ln34 & !hasRight & !icmp_ln36 & or_ln38 & icmp_ln90) | (centre == 128 & or_ln33 & hasLeft & !icmp_ln34 & !hasRight & !icmp_ln36 & !or_ln38 & !icmp_ln38) | (centre == 128 & or_ln33 & hasLeft & icmp_ln89 & !hasRight & !icmp_ln36 & or_ln38 & icmp_ln90) | (centre == 128 & or_ln33 & hasLeft & icmp_ln89 & !hasRight & !icmp_ln36 & !or_ln38 & !icmp_ln38) | (centre == 128 & or_ln33 & !hasLeft & !icmp_ln34 & !icmp_ln35 & !icmp_ln37 & or_ln38 & icmp_ln90) | (centre == 128 & or_ln33 & !hasLeft & !icmp_ln34 & !icmp_ln35 & !icmp_ln37 & !or_ln38 & !icmp_ln38) | (centre == 128 & or_ln33 & !hasLeft & icmp_ln89 & !icmp_ln37 & or_ln38 & icmp_ln90) | (centre == 128 & or_ln33 & !hasLeft & icmp_ln89 & !icmp_ln37 & !or_ln38 & !icmp_ln38)> <Delay = 0.00>
ST_9 : Operation 158 [1/1] (0.00ns) (grouped into LUT with out node or_ln40)   --->   "%xor_ln40 = xor i1 %hasRight, i1 1" [../src/hysteresis.cpp:40->../src/hysteresis.cpp:122->../src/canny_top.cpp:34]   --->   Operation 158 'xor' 'xor_ln40' <Predicate = (centre == 128 & !icmp_ln33 & !icmp_ln34 & !icmp_ln35 & !icmp_ln36 & !icmp_ln37 & or_ln38 & icmp_ln90 & !icmp_ln39) | (centre == 128 & !icmp_ln33 & !icmp_ln34 & !icmp_ln35 & !icmp_ln36 & !icmp_ln37 & !or_ln38 & !icmp_ln38 & !icmp_ln39) | (centre == 128 & !icmp_ln33 & icmp_ln89 & !icmp_ln36 & !icmp_ln37 & or_ln38 & icmp_ln90 & !icmp_ln39) | (centre == 128 & !icmp_ln33 & icmp_ln89 & !icmp_ln36 & !icmp_ln37 & !or_ln38 & !icmp_ln38 & !icmp_ln39) | (centre == 128 & hasLeft & !icmp_ln33 & !icmp_ln34 & !hasRight & !icmp_ln36 & or_ln38 & icmp_ln90 & !icmp_ln39) | (centre == 128 & hasLeft & !icmp_ln33 & !icmp_ln34 & !hasRight & !icmp_ln36 & !or_ln38 & !icmp_ln38 & !icmp_ln39) | (centre == 128 & hasLeft & !icmp_ln33 & icmp_ln89 & !hasRight & !icmp_ln36 & or_ln38 & icmp_ln90 & !icmp_ln39) | (centre == 128 & hasLeft & !icmp_ln33 & icmp_ln89 & !hasRight & !icmp_ln36 & !or_ln38 & !icmp_ln38 & !icmp_ln39) | (centre == 128 & !hasLeft & !icmp_ln33 & !icmp_ln34 & !icmp_ln35 & !icmp_ln37 & or_ln38 & icmp_ln90 & !icmp_ln39) | (centre == 128 & !hasLeft & !icmp_ln33 & !icmp_ln34 & !icmp_ln35 & !icmp_ln37 & !or_ln38 & !icmp_ln38 & !icmp_ln39) | (centre == 128 & !hasLeft & !icmp_ln33 & icmp_ln89 & !icmp_ln37 & or_ln38 & icmp_ln90 & !icmp_ln39) | (centre == 128 & !hasLeft & !icmp_ln33 & icmp_ln89 & !icmp_ln37 & !or_ln38 & !icmp_ln38 & !icmp_ln39) | (centre == 128 & or_ln33 & !icmp_ln34 & !icmp_ln35 & !icmp_ln36 & !icmp_ln37 & or_ln38 & icmp_ln90 & !icmp_ln39) | (centre == 128 & or_ln33 & !icmp_ln34 & !icmp_ln35 & !icmp_ln36 & !icmp_ln37 & !or_ln38 & !icmp_ln38 & !icmp_ln39) | (centre == 128 & or_ln33 & icmp_ln89 & !icmp_ln36 & !icmp_ln37 & or_ln38 & icmp_ln90 & !icmp_ln39) | (centre == 128 & or_ln33 & icmp_ln89 & !icmp_ln36 & !icmp_ln37 & !or_ln38 & !icmp_ln38 & !icmp_ln39) | (centre == 128 & or_ln33 & hasLeft & !icmp_ln34 & !hasRight & !icmp_ln36 & or_ln38 & icmp_ln90 & !icmp_ln39) | (centre == 128 & or_ln33 & hasLeft & !icmp_ln34 & !hasRight & !icmp_ln36 & !or_ln38 & !icmp_ln38 & !icmp_ln39) | (centre == 128 & or_ln33 & hasLeft & icmp_ln89 & !hasRight & !icmp_ln36 & or_ln38 & icmp_ln90 & !icmp_ln39) | (centre == 128 & or_ln33 & hasLeft & icmp_ln89 & !hasRight & !icmp_ln36 & !or_ln38 & !icmp_ln38 & !icmp_ln39) | (centre == 128 & or_ln33 & !hasLeft & !icmp_ln34 & !icmp_ln35 & !icmp_ln37 & or_ln38 & icmp_ln90 & !icmp_ln39) | (centre == 128 & or_ln33 & !hasLeft & !icmp_ln34 & !icmp_ln35 & !icmp_ln37 & !or_ln38 & !icmp_ln38 & !icmp_ln39) | (centre == 128 & or_ln33 & !hasLeft & icmp_ln89 & !icmp_ln37 & or_ln38 & icmp_ln90 & !icmp_ln39) | (centre == 128 & or_ln33 & !hasLeft & icmp_ln89 & !icmp_ln37 & !or_ln38 & !icmp_ln38 & !icmp_ln39)> <Delay = 0.00> <CoreInst = "LogicGate">   --->   Core 74 'LogicGate' <Latency = 0> <II = 1> <Delay = 0.28> <FuncUnit> <Opcode : 'and' 'or' 'xor'> <InPorts = 2> <OutPorts = 1>
ST_9 : Operation 159 [1/1] (0.28ns) (out node of the LUT)   --->   "%or_ln40 = or i1 %xor_ln38_read, i1 %xor_ln40" [../src/hysteresis.cpp:40->../src/hysteresis.cpp:122->../src/canny_top.cpp:34]   --->   Operation 159 'or' 'or_ln40' <Predicate = (centre == 128 & !icmp_ln33 & !icmp_ln34 & !icmp_ln35 & !icmp_ln36 & !icmp_ln37 & or_ln38 & icmp_ln90 & !icmp_ln39) | (centre == 128 & !icmp_ln33 & !icmp_ln34 & !icmp_ln35 & !icmp_ln36 & !icmp_ln37 & !or_ln38 & !icmp_ln38 & !icmp_ln39) | (centre == 128 & !icmp_ln33 & icmp_ln89 & !icmp_ln36 & !icmp_ln37 & or_ln38 & icmp_ln90 & !icmp_ln39) | (centre == 128 & !icmp_ln33 & icmp_ln89 & !icmp_ln36 & !icmp_ln37 & !or_ln38 & !icmp_ln38 & !icmp_ln39) | (centre == 128 & hasLeft & !icmp_ln33 & !icmp_ln34 & !hasRight & !icmp_ln36 & or_ln38 & icmp_ln90 & !icmp_ln39) | (centre == 128 & hasLeft & !icmp_ln33 & !icmp_ln34 & !hasRight & !icmp_ln36 & !or_ln38 & !icmp_ln38 & !icmp_ln39) | (centre == 128 & hasLeft & !icmp_ln33 & icmp_ln89 & !hasRight & !icmp_ln36 & or_ln38 & icmp_ln90 & !icmp_ln39) | (centre == 128 & hasLeft & !icmp_ln33 & icmp_ln89 & !hasRight & !icmp_ln36 & !or_ln38 & !icmp_ln38 & !icmp_ln39) | (centre == 128 & !hasLeft & !icmp_ln33 & !icmp_ln34 & !icmp_ln35 & !icmp_ln37 & or_ln38 & icmp_ln90 & !icmp_ln39) | (centre == 128 & !hasLeft & !icmp_ln33 & !icmp_ln34 & !icmp_ln35 & !icmp_ln37 & !or_ln38 & !icmp_ln38 & !icmp_ln39) | (centre == 128 & !hasLeft & !icmp_ln33 & icmp_ln89 & !icmp_ln37 & or_ln38 & icmp_ln90 & !icmp_ln39) | (centre == 128 & !hasLeft & !icmp_ln33 & icmp_ln89 & !icmp_ln37 & !or_ln38 & !icmp_ln38 & !icmp_ln39) | (centre == 128 & or_ln33 & !icmp_ln34 & !icmp_ln35 & !icmp_ln36 & !icmp_ln37 & or_ln38 & icmp_ln90 & !icmp_ln39) | (centre == 128 & or_ln33 & !icmp_ln34 & !icmp_ln35 & !icmp_ln36 & !icmp_ln37 & !or_ln38 & !icmp_ln38 & !icmp_ln39) | (centre == 128 & or_ln33 & icmp_ln89 & !icmp_ln36 & !icmp_ln37 & or_ln38 & icmp_ln90 & !icmp_ln39) | (centre == 128 & or_ln33 & icmp_ln89 & !icmp_ln36 & !icmp_ln37 & !or_ln38 & !icmp_ln38 & !icmp_ln39) | (centre == 128 & or_ln33 & hasLeft & !icmp_ln34 & !hasRight & !icmp_ln36 & or_ln38 & icmp_ln90 & !icmp_ln39) | (centre == 128 & or_ln33 & hasLeft & !icmp_ln34 & !hasRight & !icmp_ln36 & !or_ln38 & !icmp_ln38 & !icmp_ln39) | (centre == 128 & or_ln33 & hasLeft & icmp_ln89 & !hasRight & !icmp_ln36 & or_ln38 & icmp_ln90 & !icmp_ln39) | (centre == 128 & or_ln33 & hasLeft & icmp_ln89 & !hasRight & !icmp_ln36 & !or_ln38 & !icmp_ln38 & !icmp_ln39) | (centre == 128 & or_ln33 & !hasLeft & !icmp_ln34 & !icmp_ln35 & !icmp_ln37 & or_ln38 & icmp_ln90 & !icmp_ln39) | (centre == 128 & or_ln33 & !hasLeft & !icmp_ln34 & !icmp_ln35 & !icmp_ln37 & !or_ln38 & !icmp_ln38 & !icmp_ln39) | (centre == 128 & or_ln33 & !hasLeft & icmp_ln89 & !icmp_ln37 & or_ln38 & icmp_ln90 & !icmp_ln39) | (centre == 128 & or_ln33 & !hasLeft & icmp_ln89 & !icmp_ln37 & !or_ln38 & !icmp_ln38 & !icmp_ln39)> <Delay = 0.28> <CoreInst = "LogicGate">   --->   Core 74 'LogicGate' <Latency = 0> <II = 1> <Delay = 0.28> <FuncUnit> <Opcode : 'and' 'or' 'xor'> <InPorts = 2> <OutPorts = 1>
ST_9 : Operation 160 [1/1] (0.00ns)   --->   "%br_ln40 = br i1 %or_ln40, void %land.rhs.i.i, void %_ZN12_GLOBAL__N_120has_strong_neighbourILi1EEEbiiiibbbb.exit.i" [../src/hysteresis.cpp:40->../src/hysteresis.cpp:122->../src/canny_top.cpp:34]   --->   Operation 160 'br' 'br_ln40' <Predicate = (centre == 128 & !icmp_ln33 & !icmp_ln34 & !icmp_ln35 & !icmp_ln36 & !icmp_ln37 & or_ln38 & icmp_ln90 & !icmp_ln39) | (centre == 128 & !icmp_ln33 & !icmp_ln34 & !icmp_ln35 & !icmp_ln36 & !icmp_ln37 & !or_ln38 & !icmp_ln38 & !icmp_ln39) | (centre == 128 & !icmp_ln33 & icmp_ln89 & !icmp_ln36 & !icmp_ln37 & or_ln38 & icmp_ln90 & !icmp_ln39) | (centre == 128 & !icmp_ln33 & icmp_ln89 & !icmp_ln36 & !icmp_ln37 & !or_ln38 & !icmp_ln38 & !icmp_ln39) | (centre == 128 & hasLeft & !icmp_ln33 & !icmp_ln34 & !hasRight & !icmp_ln36 & or_ln38 & icmp_ln90 & !icmp_ln39) | (centre == 128 & hasLeft & !icmp_ln33 & !icmp_ln34 & !hasRight & !icmp_ln36 & !or_ln38 & !icmp_ln38 & !icmp_ln39) | (centre == 128 & hasLeft & !icmp_ln33 & icmp_ln89 & !hasRight & !icmp_ln36 & or_ln38 & icmp_ln90 & !icmp_ln39) | (centre == 128 & hasLeft & !icmp_ln33 & icmp_ln89 & !hasRight & !icmp_ln36 & !or_ln38 & !icmp_ln38 & !icmp_ln39) | (centre == 128 & !hasLeft & !icmp_ln33 & !icmp_ln34 & !icmp_ln35 & !icmp_ln37 & or_ln38 & icmp_ln90 & !icmp_ln39) | (centre == 128 & !hasLeft & !icmp_ln33 & !icmp_ln34 & !icmp_ln35 & !icmp_ln37 & !or_ln38 & !icmp_ln38 & !icmp_ln39) | (centre == 128 & !hasLeft & !icmp_ln33 & icmp_ln89 & !icmp_ln37 & or_ln38 & icmp_ln90 & !icmp_ln39) | (centre == 128 & !hasLeft & !icmp_ln33 & icmp_ln89 & !icmp_ln37 & !or_ln38 & !icmp_ln38 & !icmp_ln39) | (centre == 128 & or_ln33 & !icmp_ln34 & !icmp_ln35 & !icmp_ln36 & !icmp_ln37 & or_ln38 & icmp_ln90 & !icmp_ln39) | (centre == 128 & or_ln33 & !icmp_ln34 & !icmp_ln35 & !icmp_ln36 & !icmp_ln37 & !or_ln38 & !icmp_ln38 & !icmp_ln39) | (centre == 128 & or_ln33 & icmp_ln89 & !icmp_ln36 & !icmp_ln37 & or_ln38 & icmp_ln90 & !icmp_ln39) | (centre == 128 & or_ln33 & icmp_ln89 & !icmp_ln36 & !icmp_ln37 & !or_ln38 & !icmp_ln38 & !icmp_ln39) | (centre == 128 & or_ln33 & hasLeft & !icmp_ln34 & !hasRight & !icmp_ln36 & or_ln38 & icmp_ln90 & !icmp_ln39) | (centre == 128 & or_ln33 & hasLeft & !icmp_ln34 & !hasRight & !icmp_ln36 & !or_ln38 & !icmp_ln38 & !icmp_ln39) | (centre == 128 & or_ln33 & hasLeft & icmp_ln89 & !hasRight & !icmp_ln36 & or_ln38 & icmp_ln90 & !icmp_ln39) | (centre == 128 & or_ln33 & hasLeft & icmp_ln89 & !hasRight & !icmp_ln36 & !or_ln38 & !icmp_ln38 & !icmp_ln39) | (centre == 128 & or_ln33 & !hasLeft & !icmp_ln34 & !icmp_ln35 & !icmp_ln37 & or_ln38 & icmp_ln90 & !icmp_ln39) | (centre == 128 & or_ln33 & !hasLeft & !icmp_ln34 & !icmp_ln35 & !icmp_ln37 & !or_ln38 & !icmp_ln38 & !icmp_ln39) | (centre == 128 & or_ln33 & !hasLeft & icmp_ln89 & !icmp_ln37 & or_ln38 & icmp_ln90 & !icmp_ln39) | (centre == 128 & or_ln33 & !hasLeft & icmp_ln89 & !icmp_ln37 & !or_ln38 & !icmp_ln38 & !icmp_ln39)> <Delay = 0.00>
ST_9 : Operation 161 [1/1] (0.77ns)   --->   "%add_ln40 = add i10 %zext_ln23, i10 1" [../src/hysteresis.cpp:40->../src/hysteresis.cpp:122->../src/canny_top.cpp:34]   --->   Operation 161 'add' 'add_ln40' <Predicate = (centre == 128 & !icmp_ln33 & !icmp_ln34 & !icmp_ln35 & !icmp_ln36 & !icmp_ln37 & or_ln38 & icmp_ln90 & !icmp_ln39 & !or_ln40) | (centre == 128 & !icmp_ln33 & !icmp_ln34 & !icmp_ln35 & !icmp_ln36 & !icmp_ln37 & !or_ln38 & !icmp_ln38 & !icmp_ln39 & !or_ln40) | (centre == 128 & !icmp_ln33 & icmp_ln89 & !icmp_ln36 & !icmp_ln37 & or_ln38 & icmp_ln90 & !icmp_ln39 & !or_ln40) | (centre == 128 & !icmp_ln33 & icmp_ln89 & !icmp_ln36 & !icmp_ln37 & !or_ln38 & !icmp_ln38 & !icmp_ln39 & !or_ln40) | (centre == 128 & hasLeft & !icmp_ln33 & !icmp_ln34 & !hasRight & !icmp_ln36 & or_ln38 & icmp_ln90 & !icmp_ln39 & !or_ln40) | (centre == 128 & hasLeft & !icmp_ln33 & !icmp_ln34 & !hasRight & !icmp_ln36 & !or_ln38 & !icmp_ln38 & !icmp_ln39 & !or_ln40) | (centre == 128 & hasLeft & !icmp_ln33 & icmp_ln89 & !hasRight & !icmp_ln36 & or_ln38 & icmp_ln90 & !icmp_ln39 & !or_ln40) | (centre == 128 & hasLeft & !icmp_ln33 & icmp_ln89 & !hasRight & !icmp_ln36 & !or_ln38 & !icmp_ln38 & !icmp_ln39 & !or_ln40) | (centre == 128 & !hasLeft & !icmp_ln33 & !icmp_ln34 & !icmp_ln35 & !icmp_ln37 & or_ln38 & icmp_ln90 & !icmp_ln39 & !or_ln40) | (centre == 128 & !hasLeft & !icmp_ln33 & !icmp_ln34 & !icmp_ln35 & !icmp_ln37 & !or_ln38 & !icmp_ln38 & !icmp_ln39 & !or_ln40) | (centre == 128 & !hasLeft & !icmp_ln33 & icmp_ln89 & !icmp_ln37 & or_ln38 & icmp_ln90 & !icmp_ln39 & !or_ln40) | (centre == 128 & !hasLeft & !icmp_ln33 & icmp_ln89 & !icmp_ln37 & !or_ln38 & !icmp_ln38 & !icmp_ln39 & !or_ln40) | (centre == 128 & or_ln33 & !icmp_ln34 & !icmp_ln35 & !icmp_ln36 & !icmp_ln37 & or_ln38 & icmp_ln90 & !icmp_ln39 & !or_ln40) | (centre == 128 & or_ln33 & !icmp_ln34 & !icmp_ln35 & !icmp_ln36 & !icmp_ln37 & !or_ln38 & !icmp_ln38 & !icmp_ln39 & !or_ln40) | (centre == 128 & or_ln33 & icmp_ln89 & !icmp_ln36 & !icmp_ln37 & or_ln38 & icmp_ln90 & !icmp_ln39 & !or_ln40) | (centre == 128 & or_ln33 & icmp_ln89 & !icmp_ln36 & !icmp_ln37 & !or_ln38 & !icmp_ln38 & !icmp_ln39 & !or_ln40) | (centre == 128 & or_ln33 & hasLeft & !icmp_ln34 & !hasRight & !icmp_ln36 & or_ln38 & icmp_ln90 & !icmp_ln39 & !or_ln40) | (centre == 128 & or_ln33 & hasLeft & !icmp_ln34 & !hasRight & !icmp_ln36 & !or_ln38 & !icmp_ln38 & !icmp_ln39 & !or_ln40) | (centre == 128 & or_ln33 & hasLeft & icmp_ln89 & !hasRight & !icmp_ln36 & or_ln38 & icmp_ln90 & !icmp_ln39 & !or_ln40) | (centre == 128 & or_ln33 & hasLeft & icmp_ln89 & !hasRight & !icmp_ln36 & !or_ln38 & !icmp_ln38 & !icmp_ln39 & !or_ln40) | (centre == 128 & or_ln33 & !hasLeft & !icmp_ln34 & !icmp_ln35 & !icmp_ln37 & or_ln38 & icmp_ln90 & !icmp_ln39 & !or_ln40) | (centre == 128 & or_ln33 & !hasLeft & !icmp_ln34 & !icmp_ln35 & !icmp_ln37 & !or_ln38 & !icmp_ln38 & !icmp_ln39 & !or_ln40) | (centre == 128 & or_ln33 & !hasLeft & icmp_ln89 & !icmp_ln37 & or_ln38 & icmp_ln90 & !icmp_ln39 & !or_ln40) | (centre == 128 & or_ln33 & !hasLeft & icmp_ln89 & !icmp_ln37 & !or_ln38 & !icmp_ln38 & !icmp_ln39 & !or_ln40)> <Delay = 0.77> <CoreInst = "Adder">   --->   Core 1 'Adder' <Latency = 0> <II = 1> <Delay = 0.77> <FuncUnit> <Opcode : 'add' 'sub'> <InPorts = 2> <OutPorts = 1>
ST_9 : Operation 162 [1/1] (0.00ns)   --->   "%lshr_ln14 = partselect i9 @_ssdm_op_PartSelect.i9.i10.i32.i32, i10 %add_ln40, i32 1, i32 9" [../src/hysteresis.cpp:40->../src/hysteresis.cpp:122->../src/canny_top.cpp:34]   --->   Operation 162 'partselect' 'lshr_ln14' <Predicate = (centre == 128 & !icmp_ln33 & !icmp_ln34 & !icmp_ln35 & !icmp_ln36 & !icmp_ln37 & or_ln38 & icmp_ln90 & !icmp_ln39 & !or_ln40) | (centre == 128 & !icmp_ln33 & !icmp_ln34 & !icmp_ln35 & !icmp_ln36 & !icmp_ln37 & !or_ln38 & !icmp_ln38 & !icmp_ln39 & !or_ln40) | (centre == 128 & !icmp_ln33 & icmp_ln89 & !icmp_ln36 & !icmp_ln37 & or_ln38 & icmp_ln90 & !icmp_ln39 & !or_ln40) | (centre == 128 & !icmp_ln33 & icmp_ln89 & !icmp_ln36 & !icmp_ln37 & !or_ln38 & !icmp_ln38 & !icmp_ln39 & !or_ln40) | (centre == 128 & hasLeft & !icmp_ln33 & !icmp_ln34 & !hasRight & !icmp_ln36 & or_ln38 & icmp_ln90 & !icmp_ln39 & !or_ln40) | (centre == 128 & hasLeft & !icmp_ln33 & !icmp_ln34 & !hasRight & !icmp_ln36 & !or_ln38 & !icmp_ln38 & !icmp_ln39 & !or_ln40) | (centre == 128 & hasLeft & !icmp_ln33 & icmp_ln89 & !hasRight & !icmp_ln36 & or_ln38 & icmp_ln90 & !icmp_ln39 & !or_ln40) | (centre == 128 & hasLeft & !icmp_ln33 & icmp_ln89 & !hasRight & !icmp_ln36 & !or_ln38 & !icmp_ln38 & !icmp_ln39 & !or_ln40) | (centre == 128 & !hasLeft & !icmp_ln33 & !icmp_ln34 & !icmp_ln35 & !icmp_ln37 & or_ln38 & icmp_ln90 & !icmp_ln39 & !or_ln40) | (centre == 128 & !hasLeft & !icmp_ln33 & !icmp_ln34 & !icmp_ln35 & !icmp_ln37 & !or_ln38 & !icmp_ln38 & !icmp_ln39 & !or_ln40) | (centre == 128 & !hasLeft & !icmp_ln33 & icmp_ln89 & !icmp_ln37 & or_ln38 & icmp_ln90 & !icmp_ln39 & !or_ln40) | (centre == 128 & !hasLeft & !icmp_ln33 & icmp_ln89 & !icmp_ln37 & !or_ln38 & !icmp_ln38 & !icmp_ln39 & !or_ln40) | (centre == 128 & or_ln33 & !icmp_ln34 & !icmp_ln35 & !icmp_ln36 & !icmp_ln37 & or_ln38 & icmp_ln90 & !icmp_ln39 & !or_ln40) | (centre == 128 & or_ln33 & !icmp_ln34 & !icmp_ln35 & !icmp_ln36 & !icmp_ln37 & !or_ln38 & !icmp_ln38 & !icmp_ln39 & !or_ln40) | (centre == 128 & or_ln33 & icmp_ln89 & !icmp_ln36 & !icmp_ln37 & or_ln38 & icmp_ln90 & !icmp_ln39 & !or_ln40) | (centre == 128 & or_ln33 & icmp_ln89 & !icmp_ln36 & !icmp_ln37 & !or_ln38 & !icmp_ln38 & !icmp_ln39 & !or_ln40) | (centre == 128 & or_ln33 & hasLeft & !icmp_ln34 & !hasRight & !icmp_ln36 & or_ln38 & icmp_ln90 & !icmp_ln39 & !or_ln40) | (centre == 128 & or_ln33 & hasLeft & !icmp_ln34 & !hasRight & !icmp_ln36 & !or_ln38 & !icmp_ln38 & !icmp_ln39 & !or_ln40) | (centre == 128 & or_ln33 & hasLeft & icmp_ln89 & !hasRight & !icmp_ln36 & or_ln38 & icmp_ln90 & !icmp_ln39 & !or_ln40) | (centre == 128 & or_ln33 & hasLeft & icmp_ln89 & !hasRight & !icmp_ln36 & !or_ln38 & !icmp_ln38 & !icmp_ln39 & !or_ln40) | (centre == 128 & or_ln33 & !hasLeft & !icmp_ln34 & !icmp_ln35 & !icmp_ln37 & or_ln38 & icmp_ln90 & !icmp_ln39 & !or_ln40) | (centre == 128 & or_ln33 & !hasLeft & !icmp_ln34 & !icmp_ln35 & !icmp_ln37 & !or_ln38 & !icmp_ln38 & !icmp_ln39 & !or_ln40) | (centre == 128 & or_ln33 & !hasLeft & icmp_ln89 & !icmp_ln37 & or_ln38 & icmp_ln90 & !icmp_ln39 & !or_ln40) | (centre == 128 & or_ln33 & !hasLeft & icmp_ln89 & !icmp_ln37 & !or_ln38 & !icmp_ln38 & !icmp_ln39 & !or_ln40)> <Delay = 0.00>
ST_9 : Operation 163 [1/1] (0.00ns)   --->   "%zext_ln40 = zext i9 %lshr_ln14" [../src/hysteresis.cpp:40->../src/hysteresis.cpp:122->../src/canny_top.cpp:34]   --->   Operation 163 'zext' 'zext_ln40' <Predicate = (centre == 128 & !icmp_ln33 & !icmp_ln34 & !icmp_ln35 & !icmp_ln36 & !icmp_ln37 & or_ln38 & icmp_ln90 & !icmp_ln39 & !or_ln40) | (centre == 128 & !icmp_ln33 & !icmp_ln34 & !icmp_ln35 & !icmp_ln36 & !icmp_ln37 & !or_ln38 & !icmp_ln38 & !icmp_ln39 & !or_ln40) | (centre == 128 & !icmp_ln33 & icmp_ln89 & !icmp_ln36 & !icmp_ln37 & or_ln38 & icmp_ln90 & !icmp_ln39 & !or_ln40) | (centre == 128 & !icmp_ln33 & icmp_ln89 & !icmp_ln36 & !icmp_ln37 & !or_ln38 & !icmp_ln38 & !icmp_ln39 & !or_ln40) | (centre == 128 & hasLeft & !icmp_ln33 & !icmp_ln34 & !hasRight & !icmp_ln36 & or_ln38 & icmp_ln90 & !icmp_ln39 & !or_ln40) | (centre == 128 & hasLeft & !icmp_ln33 & !icmp_ln34 & !hasRight & !icmp_ln36 & !or_ln38 & !icmp_ln38 & !icmp_ln39 & !or_ln40) | (centre == 128 & hasLeft & !icmp_ln33 & icmp_ln89 & !hasRight & !icmp_ln36 & or_ln38 & icmp_ln90 & !icmp_ln39 & !or_ln40) | (centre == 128 & hasLeft & !icmp_ln33 & icmp_ln89 & !hasRight & !icmp_ln36 & !or_ln38 & !icmp_ln38 & !icmp_ln39 & !or_ln40) | (centre == 128 & !hasLeft & !icmp_ln33 & !icmp_ln34 & !icmp_ln35 & !icmp_ln37 & or_ln38 & icmp_ln90 & !icmp_ln39 & !or_ln40) | (centre == 128 & !hasLeft & !icmp_ln33 & !icmp_ln34 & !icmp_ln35 & !icmp_ln37 & !or_ln38 & !icmp_ln38 & !icmp_ln39 & !or_ln40) | (centre == 128 & !hasLeft & !icmp_ln33 & icmp_ln89 & !icmp_ln37 & or_ln38 & icmp_ln90 & !icmp_ln39 & !or_ln40) | (centre == 128 & !hasLeft & !icmp_ln33 & icmp_ln89 & !icmp_ln37 & !or_ln38 & !icmp_ln38 & !icmp_ln39 & !or_ln40) | (centre == 128 & or_ln33 & !icmp_ln34 & !icmp_ln35 & !icmp_ln36 & !icmp_ln37 & or_ln38 & icmp_ln90 & !icmp_ln39 & !or_ln40) | (centre == 128 & or_ln33 & !icmp_ln34 & !icmp_ln35 & !icmp_ln36 & !icmp_ln37 & !or_ln38 & !icmp_ln38 & !icmp_ln39 & !or_ln40) | (centre == 128 & or_ln33 & icmp_ln89 & !icmp_ln36 & !icmp_ln37 & or_ln38 & icmp_ln90 & !icmp_ln39 & !or_ln40) | (centre == 128 & or_ln33 & icmp_ln89 & !icmp_ln36 & !icmp_ln37 & !or_ln38 & !icmp_ln38 & !icmp_ln39 & !or_ln40) | (centre == 128 & or_ln33 & hasLeft & !icmp_ln34 & !hasRight & !icmp_ln36 & or_ln38 & icmp_ln90 & !icmp_ln39 & !or_ln40) | (centre == 128 & or_ln33 & hasLeft & !icmp_ln34 & !hasRight & !icmp_ln36 & !or_ln38 & !icmp_ln38 & !icmp_ln39 & !or_ln40) | (centre == 128 & or_ln33 & hasLeft & icmp_ln89 & !hasRight & !icmp_ln36 & or_ln38 & icmp_ln90 & !icmp_ln39 & !or_ln40) | (centre == 128 & or_ln33 & hasLeft & icmp_ln89 & !hasRight & !icmp_ln36 & !or_ln38 & !icmp_ln38 & !icmp_ln39 & !or_ln40) | (centre == 128 & or_ln33 & !hasLeft & !icmp_ln34 & !icmp_ln35 & !icmp_ln37 & or_ln38 & icmp_ln90 & !icmp_ln39 & !or_ln40) | (centre == 128 & or_ln33 & !hasLeft & !icmp_ln34 & !icmp_ln35 & !icmp_ln37 & !or_ln38 & !icmp_ln38 & !icmp_ln39 & !or_ln40) | (centre == 128 & or_ln33 & !hasLeft & icmp_ln89 & !icmp_ln37 & or_ln38 & icmp_ln90 & !icmp_ln39 & !or_ln40) | (centre == 128 & or_ln33 & !hasLeft & icmp_ln89 & !icmp_ln37 & !or_ln38 & !icmp_ln38 & !icmp_ln39 & !or_ln40)> <Delay = 0.00>
ST_9 : Operation 164 [1/1] (0.78ns)   --->   "%add_ln40_4 = add i10 %zext_ln38_4_read, i10 %zext_ln40" [../src/hysteresis.cpp:40->../src/hysteresis.cpp:122->../src/canny_top.cpp:34]   --->   Operation 164 'add' 'add_ln40_4' <Predicate = (centre == 128 & !icmp_ln33 & !icmp_ln34 & !icmp_ln35 & !icmp_ln36 & !icmp_ln37 & or_ln38 & icmp_ln90 & !icmp_ln39 & !or_ln40) | (centre == 128 & !icmp_ln33 & !icmp_ln34 & !icmp_ln35 & !icmp_ln36 & !icmp_ln37 & !or_ln38 & !icmp_ln38 & !icmp_ln39 & !or_ln40) | (centre == 128 & !icmp_ln33 & icmp_ln89 & !icmp_ln36 & !icmp_ln37 & or_ln38 & icmp_ln90 & !icmp_ln39 & !or_ln40) | (centre == 128 & !icmp_ln33 & icmp_ln89 & !icmp_ln36 & !icmp_ln37 & !or_ln38 & !icmp_ln38 & !icmp_ln39 & !or_ln40) | (centre == 128 & hasLeft & !icmp_ln33 & !icmp_ln34 & !hasRight & !icmp_ln36 & or_ln38 & icmp_ln90 & !icmp_ln39 & !or_ln40) | (centre == 128 & hasLeft & !icmp_ln33 & !icmp_ln34 & !hasRight & !icmp_ln36 & !or_ln38 & !icmp_ln38 & !icmp_ln39 & !or_ln40) | (centre == 128 & hasLeft & !icmp_ln33 & icmp_ln89 & !hasRight & !icmp_ln36 & or_ln38 & icmp_ln90 & !icmp_ln39 & !or_ln40) | (centre == 128 & hasLeft & !icmp_ln33 & icmp_ln89 & !hasRight & !icmp_ln36 & !or_ln38 & !icmp_ln38 & !icmp_ln39 & !or_ln40) | (centre == 128 & !hasLeft & !icmp_ln33 & !icmp_ln34 & !icmp_ln35 & !icmp_ln37 & or_ln38 & icmp_ln90 & !icmp_ln39 & !or_ln40) | (centre == 128 & !hasLeft & !icmp_ln33 & !icmp_ln34 & !icmp_ln35 & !icmp_ln37 & !or_ln38 & !icmp_ln38 & !icmp_ln39 & !or_ln40) | (centre == 128 & !hasLeft & !icmp_ln33 & icmp_ln89 & !icmp_ln37 & or_ln38 & icmp_ln90 & !icmp_ln39 & !or_ln40) | (centre == 128 & !hasLeft & !icmp_ln33 & icmp_ln89 & !icmp_ln37 & !or_ln38 & !icmp_ln38 & !icmp_ln39 & !or_ln40) | (centre == 128 & or_ln33 & !icmp_ln34 & !icmp_ln35 & !icmp_ln36 & !icmp_ln37 & or_ln38 & icmp_ln90 & !icmp_ln39 & !or_ln40) | (centre == 128 & or_ln33 & !icmp_ln34 & !icmp_ln35 & !icmp_ln36 & !icmp_ln37 & !or_ln38 & !icmp_ln38 & !icmp_ln39 & !or_ln40) | (centre == 128 & or_ln33 & icmp_ln89 & !icmp_ln36 & !icmp_ln37 & or_ln38 & icmp_ln90 & !icmp_ln39 & !or_ln40) | (centre == 128 & or_ln33 & icmp_ln89 & !icmp_ln36 & !icmp_ln37 & !or_ln38 & !icmp_ln38 & !icmp_ln39 & !or_ln40) | (centre == 128 & or_ln33 & hasLeft & !icmp_ln34 & !hasRight & !icmp_ln36 & or_ln38 & icmp_ln90 & !icmp_ln39 & !or_ln40) | (centre == 128 & or_ln33 & hasLeft & !icmp_ln34 & !hasRight & !icmp_ln36 & !or_ln38 & !icmp_ln38 & !icmp_ln39 & !or_ln40) | (centre == 128 & or_ln33 & hasLeft & icmp_ln89 & !hasRight & !icmp_ln36 & or_ln38 & icmp_ln90 & !icmp_ln39 & !or_ln40) | (centre == 128 & or_ln33 & hasLeft & icmp_ln89 & !hasRight & !icmp_ln36 & !or_ln38 & !icmp_ln38 & !icmp_ln39 & !or_ln40) | (centre == 128 & or_ln33 & !hasLeft & !icmp_ln34 & !icmp_ln35 & !icmp_ln37 & or_ln38 & icmp_ln90 & !icmp_ln39 & !or_ln40) | (centre == 128 & or_ln33 & !hasLeft & !icmp_ln34 & !icmp_ln35 & !icmp_ln37 & !or_ln38 & !icmp_ln38 & !icmp_ln39 & !or_ln40) | (centre == 128 & or_ln33 & !hasLeft & icmp_ln89 & !icmp_ln37 & or_ln38 & icmp_ln90 & !icmp_ln39 & !or_ln40) | (centre == 128 & or_ln33 & !hasLeft & icmp_ln89 & !icmp_ln37 & !or_ln38 & !icmp_ln38 & !icmp_ln39 & !or_ln40)> <Delay = 0.78> <CoreInst = "Adder">   --->   Core 1 'Adder' <Latency = 0> <II = 1> <Delay = 0.78> <FuncUnit> <Opcode : 'add' 'sub'> <InPorts = 2> <OutPorts = 1>
ST_9 : Operation 165 [1/1] (0.00ns)   --->   "%zext_ln40_4 = zext i10 %add_ln40_4" [../src/hysteresis.cpp:40->../src/hysteresis.cpp:122->../src/canny_top.cpp:34]   --->   Operation 165 'zext' 'zext_ln40_4' <Predicate = (centre == 128 & !icmp_ln33 & !icmp_ln34 & !icmp_ln35 & !icmp_ln36 & !icmp_ln37 & or_ln38 & icmp_ln90 & !icmp_ln39 & !or_ln40) | (centre == 128 & !icmp_ln33 & !icmp_ln34 & !icmp_ln35 & !icmp_ln36 & !icmp_ln37 & !or_ln38 & !icmp_ln38 & !icmp_ln39 & !or_ln40) | (centre == 128 & !icmp_ln33 & icmp_ln89 & !icmp_ln36 & !icmp_ln37 & or_ln38 & icmp_ln90 & !icmp_ln39 & !or_ln40) | (centre == 128 & !icmp_ln33 & icmp_ln89 & !icmp_ln36 & !icmp_ln37 & !or_ln38 & !icmp_ln38 & !icmp_ln39 & !or_ln40) | (centre == 128 & hasLeft & !icmp_ln33 & !icmp_ln34 & !hasRight & !icmp_ln36 & or_ln38 & icmp_ln90 & !icmp_ln39 & !or_ln40) | (centre == 128 & hasLeft & !icmp_ln33 & !icmp_ln34 & !hasRight & !icmp_ln36 & !or_ln38 & !icmp_ln38 & !icmp_ln39 & !or_ln40) | (centre == 128 & hasLeft & !icmp_ln33 & icmp_ln89 & !hasRight & !icmp_ln36 & or_ln38 & icmp_ln90 & !icmp_ln39 & !or_ln40) | (centre == 128 & hasLeft & !icmp_ln33 & icmp_ln89 & !hasRight & !icmp_ln36 & !or_ln38 & !icmp_ln38 & !icmp_ln39 & !or_ln40) | (centre == 128 & !hasLeft & !icmp_ln33 & !icmp_ln34 & !icmp_ln35 & !icmp_ln37 & or_ln38 & icmp_ln90 & !icmp_ln39 & !or_ln40) | (centre == 128 & !hasLeft & !icmp_ln33 & !icmp_ln34 & !icmp_ln35 & !icmp_ln37 & !or_ln38 & !icmp_ln38 & !icmp_ln39 & !or_ln40) | (centre == 128 & !hasLeft & !icmp_ln33 & icmp_ln89 & !icmp_ln37 & or_ln38 & icmp_ln90 & !icmp_ln39 & !or_ln40) | (centre == 128 & !hasLeft & !icmp_ln33 & icmp_ln89 & !icmp_ln37 & !or_ln38 & !icmp_ln38 & !icmp_ln39 & !or_ln40) | (centre == 128 & or_ln33 & !icmp_ln34 & !icmp_ln35 & !icmp_ln36 & !icmp_ln37 & or_ln38 & icmp_ln90 & !icmp_ln39 & !or_ln40) | (centre == 128 & or_ln33 & !icmp_ln34 & !icmp_ln35 & !icmp_ln36 & !icmp_ln37 & !or_ln38 & !icmp_ln38 & !icmp_ln39 & !or_ln40) | (centre == 128 & or_ln33 & icmp_ln89 & !icmp_ln36 & !icmp_ln37 & or_ln38 & icmp_ln90 & !icmp_ln39 & !or_ln40) | (centre == 128 & or_ln33 & icmp_ln89 & !icmp_ln36 & !icmp_ln37 & !or_ln38 & !icmp_ln38 & !icmp_ln39 & !or_ln40) | (centre == 128 & or_ln33 & hasLeft & !icmp_ln34 & !hasRight & !icmp_ln36 & or_ln38 & icmp_ln90 & !icmp_ln39 & !or_ln40) | (centre == 128 & or_ln33 & hasLeft & !icmp_ln34 & !hasRight & !icmp_ln36 & !or_ln38 & !icmp_ln38 & !icmp_ln39 & !or_ln40) | (centre == 128 & or_ln33 & hasLeft & icmp_ln89 & !hasRight & !icmp_ln36 & or_ln38 & icmp_ln90 & !icmp_ln39 & !or_ln40) | (centre == 128 & or_ln33 & hasLeft & icmp_ln89 & !hasRight & !icmp_ln36 & !or_ln38 & !icmp_ln38 & !icmp_ln39 & !or_ln40) | (centre == 128 & or_ln33 & !hasLeft & !icmp_ln34 & !icmp_ln35 & !icmp_ln37 & or_ln38 & icmp_ln90 & !icmp_ln39 & !or_ln40) | (centre == 128 & or_ln33 & !hasLeft & !icmp_ln34 & !icmp_ln35 & !icmp_ln37 & !or_ln38 & !icmp_ln38 & !icmp_ln39 & !or_ln40) | (centre == 128 & or_ln33 & !hasLeft & icmp_ln89 & !icmp_ln37 & or_ln38 & icmp_ln90 & !icmp_ln39 & !or_ln40) | (centre == 128 & or_ln33 & !hasLeft & icmp_ln89 & !icmp_ln37 & !or_ln38 & !icmp_ln38 & !icmp_ln39 & !or_ln40)> <Delay = 0.00>
ST_9 : Operation 166 [1/1] (0.00ns)   --->   "%p_ZN12_GLOBAL_N_110lineBufferILi1EEE_0_addr_8 = getelementptr i8 %p_ZN12_GLOBAL_N_110lineBufferILi1EEE_0, i64 0, i64 %zext_ln40_4" [../src/hysteresis.cpp:40->../src/hysteresis.cpp:122->../src/canny_top.cpp:34]   --->   Operation 166 'getelementptr' 'p_ZN12_GLOBAL_N_110lineBufferILi1EEE_0_addr_8' <Predicate = (centre == 128 & !icmp_ln33 & !icmp_ln34 & !icmp_ln35 & !icmp_ln36 & !icmp_ln37 & or_ln38 & icmp_ln90 & !icmp_ln39 & !or_ln40 & trunc_ln110_4) | (centre == 128 & !icmp_ln33 & !icmp_ln34 & !icmp_ln35 & !icmp_ln36 & !icmp_ln37 & !or_ln38 & !icmp_ln38 & !icmp_ln39 & !or_ln40 & trunc_ln110_4) | (centre == 128 & !icmp_ln33 & icmp_ln89 & !icmp_ln36 & !icmp_ln37 & or_ln38 & icmp_ln90 & !icmp_ln39 & !or_ln40 & trunc_ln110_4) | (centre == 128 & !icmp_ln33 & icmp_ln89 & !icmp_ln36 & !icmp_ln37 & !or_ln38 & !icmp_ln38 & !icmp_ln39 & !or_ln40 & trunc_ln110_4) | (centre == 128 & hasLeft & !icmp_ln33 & !icmp_ln34 & !hasRight & !icmp_ln36 & or_ln38 & icmp_ln90 & !icmp_ln39 & !or_ln40 & trunc_ln110_4) | (centre == 128 & hasLeft & !icmp_ln33 & !icmp_ln34 & !hasRight & !icmp_ln36 & !or_ln38 & !icmp_ln38 & !icmp_ln39 & !or_ln40 & trunc_ln110_4) | (centre == 128 & hasLeft & !icmp_ln33 & icmp_ln89 & !hasRight & !icmp_ln36 & or_ln38 & icmp_ln90 & !icmp_ln39 & !or_ln40 & trunc_ln110_4) | (centre == 128 & hasLeft & !icmp_ln33 & icmp_ln89 & !hasRight & !icmp_ln36 & !or_ln38 & !icmp_ln38 & !icmp_ln39 & !or_ln40 & trunc_ln110_4) | (centre == 128 & !hasLeft & !icmp_ln33 & !icmp_ln34 & !icmp_ln35 & !icmp_ln37 & or_ln38 & icmp_ln90 & !icmp_ln39 & !or_ln40 & trunc_ln110_4) | (centre == 128 & !hasLeft & !icmp_ln33 & !icmp_ln34 & !icmp_ln35 & !icmp_ln37 & !or_ln38 & !icmp_ln38 & !icmp_ln39 & !or_ln40 & trunc_ln110_4) | (centre == 128 & !hasLeft & !icmp_ln33 & icmp_ln89 & !icmp_ln37 & or_ln38 & icmp_ln90 & !icmp_ln39 & !or_ln40 & trunc_ln110_4) | (centre == 128 & !hasLeft & !icmp_ln33 & icmp_ln89 & !icmp_ln37 & !or_ln38 & !icmp_ln38 & !icmp_ln39 & !or_ln40 & trunc_ln110_4) | (centre == 128 & or_ln33 & !icmp_ln34 & !icmp_ln35 & !icmp_ln36 & !icmp_ln37 & or_ln38 & icmp_ln90 & !icmp_ln39 & !or_ln40 & trunc_ln110_4) | (centre == 128 & or_ln33 & !icmp_ln34 & !icmp_ln35 & !icmp_ln36 & !icmp_ln37 & !or_ln38 & !icmp_ln38 & !icmp_ln39 & !or_ln40 & trunc_ln110_4) | (centre == 128 & or_ln33 & icmp_ln89 & !icmp_ln36 & !icmp_ln37 & or_ln38 & icmp_ln90 & !icmp_ln39 & !or_ln40 & trunc_ln110_4) | (centre == 128 & or_ln33 & icmp_ln89 & !icmp_ln36 & !icmp_ln37 & !or_ln38 & !icmp_ln38 & !icmp_ln39 & !or_ln40 & trunc_ln110_4) | (centre == 128 & or_ln33 & hasLeft & !icmp_ln34 & !hasRight & !icmp_ln36 & or_ln38 & icmp_ln90 & !icmp_ln39 & !or_ln40 & trunc_ln110_4) | (centre == 128 & or_ln33 & hasLeft & !icmp_ln34 & !hasRight & !icmp_ln36 & !or_ln38 & !icmp_ln38 & !icmp_ln39 & !or_ln40 & trunc_ln110_4) | (centre == 128 & or_ln33 & hasLeft & icmp_ln89 & !hasRight & !icmp_ln36 & or_ln38 & icmp_ln90 & !icmp_ln39 & !or_ln40 & trunc_ln110_4) | (centre == 128 & or_ln33 & hasLeft & icmp_ln89 & !hasRight & !icmp_ln36 & !or_ln38 & !icmp_ln38 & !icmp_ln39 & !or_ln40 & trunc_ln110_4) | (centre == 128 & or_ln33 & !hasLeft & !icmp_ln34 & !icmp_ln35 & !icmp_ln37 & or_ln38 & icmp_ln90 & !icmp_ln39 & !or_ln40 & trunc_ln110_4) | (centre == 128 & or_ln33 & !hasLeft & !icmp_ln34 & !icmp_ln35 & !icmp_ln37 & !or_ln38 & !icmp_ln38 & !icmp_ln39 & !or_ln40 & trunc_ln110_4) | (centre == 128 & or_ln33 & !hasLeft & icmp_ln89 & !icmp_ln37 & or_ln38 & icmp_ln90 & !icmp_ln39 & !or_ln40 & trunc_ln110_4) | (centre == 128 & or_ln33 & !hasLeft & icmp_ln89 & !icmp_ln37 & !or_ln38 & !icmp_ln38 & !icmp_ln39 & !or_ln40 & trunc_ln110_4)> <Delay = 0.00>
ST_9 : Operation 167 [1/1] (0.00ns)   --->   "%p_ZN12_GLOBAL_N_110lineBufferILi1EEE_1_addr_8 = getelementptr i8 %p_ZN12_GLOBAL_N_110lineBufferILi1EEE_1, i64 0, i64 %zext_ln40_4" [../src/hysteresis.cpp:40->../src/hysteresis.cpp:122->../src/canny_top.cpp:34]   --->   Operation 167 'getelementptr' 'p_ZN12_GLOBAL_N_110lineBufferILi1EEE_1_addr_8' <Predicate = (centre == 128 & !icmp_ln33 & !icmp_ln34 & !icmp_ln35 & !icmp_ln36 & !icmp_ln37 & or_ln38 & icmp_ln90 & !icmp_ln39 & !or_ln40 & !trunc_ln110_4) | (centre == 128 & !icmp_ln33 & !icmp_ln34 & !icmp_ln35 & !icmp_ln36 & !icmp_ln37 & !or_ln38 & !icmp_ln38 & !icmp_ln39 & !or_ln40 & !trunc_ln110_4) | (centre == 128 & !icmp_ln33 & icmp_ln89 & !icmp_ln36 & !icmp_ln37 & or_ln38 & icmp_ln90 & !icmp_ln39 & !or_ln40 & !trunc_ln110_4) | (centre == 128 & !icmp_ln33 & icmp_ln89 & !icmp_ln36 & !icmp_ln37 & !or_ln38 & !icmp_ln38 & !icmp_ln39 & !or_ln40 & !trunc_ln110_4) | (centre == 128 & hasLeft & !icmp_ln33 & !icmp_ln34 & !hasRight & !icmp_ln36 & or_ln38 & icmp_ln90 & !icmp_ln39 & !or_ln40 & !trunc_ln110_4) | (centre == 128 & hasLeft & !icmp_ln33 & !icmp_ln34 & !hasRight & !icmp_ln36 & !or_ln38 & !icmp_ln38 & !icmp_ln39 & !or_ln40 & !trunc_ln110_4) | (centre == 128 & hasLeft & !icmp_ln33 & icmp_ln89 & !hasRight & !icmp_ln36 & or_ln38 & icmp_ln90 & !icmp_ln39 & !or_ln40 & !trunc_ln110_4) | (centre == 128 & hasLeft & !icmp_ln33 & icmp_ln89 & !hasRight & !icmp_ln36 & !or_ln38 & !icmp_ln38 & !icmp_ln39 & !or_ln40 & !trunc_ln110_4) | (centre == 128 & !hasLeft & !icmp_ln33 & !icmp_ln34 & !icmp_ln35 & !icmp_ln37 & or_ln38 & icmp_ln90 & !icmp_ln39 & !or_ln40 & !trunc_ln110_4) | (centre == 128 & !hasLeft & !icmp_ln33 & !icmp_ln34 & !icmp_ln35 & !icmp_ln37 & !or_ln38 & !icmp_ln38 & !icmp_ln39 & !or_ln40 & !trunc_ln110_4) | (centre == 128 & !hasLeft & !icmp_ln33 & icmp_ln89 & !icmp_ln37 & or_ln38 & icmp_ln90 & !icmp_ln39 & !or_ln40 & !trunc_ln110_4) | (centre == 128 & !hasLeft & !icmp_ln33 & icmp_ln89 & !icmp_ln37 & !or_ln38 & !icmp_ln38 & !icmp_ln39 & !or_ln40 & !trunc_ln110_4) | (centre == 128 & or_ln33 & !icmp_ln34 & !icmp_ln35 & !icmp_ln36 & !icmp_ln37 & or_ln38 & icmp_ln90 & !icmp_ln39 & !or_ln40 & !trunc_ln110_4) | (centre == 128 & or_ln33 & !icmp_ln34 & !icmp_ln35 & !icmp_ln36 & !icmp_ln37 & !or_ln38 & !icmp_ln38 & !icmp_ln39 & !or_ln40 & !trunc_ln110_4) | (centre == 128 & or_ln33 & icmp_ln89 & !icmp_ln36 & !icmp_ln37 & or_ln38 & icmp_ln90 & !icmp_ln39 & !or_ln40 & !trunc_ln110_4) | (centre == 128 & or_ln33 & icmp_ln89 & !icmp_ln36 & !icmp_ln37 & !or_ln38 & !icmp_ln38 & !icmp_ln39 & !or_ln40 & !trunc_ln110_4) | (centre == 128 & or_ln33 & hasLeft & !icmp_ln34 & !hasRight & !icmp_ln36 & or_ln38 & icmp_ln90 & !icmp_ln39 & !or_ln40 & !trunc_ln110_4) | (centre == 128 & or_ln33 & hasLeft & !icmp_ln34 & !hasRight & !icmp_ln36 & !or_ln38 & !icmp_ln38 & !icmp_ln39 & !or_ln40 & !trunc_ln110_4) | (centre == 128 & or_ln33 & hasLeft & icmp_ln89 & !hasRight & !icmp_ln36 & or_ln38 & icmp_ln90 & !icmp_ln39 & !or_ln40 & !trunc_ln110_4) | (centre == 128 & or_ln33 & hasLeft & icmp_ln89 & !hasRight & !icmp_ln36 & !or_ln38 & !icmp_ln38 & !icmp_ln39 & !or_ln40 & !trunc_ln110_4) | (centre == 128 & or_ln33 & !hasLeft & !icmp_ln34 & !icmp_ln35 & !icmp_ln37 & or_ln38 & icmp_ln90 & !icmp_ln39 & !or_ln40 & !trunc_ln110_4) | (centre == 128 & or_ln33 & !hasLeft & !icmp_ln34 & !icmp_ln35 & !icmp_ln37 & !or_ln38 & !icmp_ln38 & !icmp_ln39 & !or_ln40 & !trunc_ln110_4) | (centre == 128 & or_ln33 & !hasLeft & icmp_ln89 & !icmp_ln37 & or_ln38 & icmp_ln90 & !icmp_ln39 & !or_ln40 & !trunc_ln110_4) | (centre == 128 & or_ln33 & !hasLeft & icmp_ln89 & !icmp_ln37 & !or_ln38 & !icmp_ln38 & !icmp_ln39 & !or_ln40 & !trunc_ln110_4)> <Delay = 0.00>
ST_9 : Operation 168 [2/2] (1.23ns)   --->   "%p_ZN12_GLOBAL_N_110lineBufferILi1EEE_0_load_8 = load i10 %p_ZN12_GLOBAL_N_110lineBufferILi1EEE_0_addr_8" [../src/hysteresis.cpp:40->../src/hysteresis.cpp:122->../src/canny_top.cpp:34]   --->   Operation 168 'load' 'p_ZN12_GLOBAL_N_110lineBufferILi1EEE_0_load_8' <Predicate = (centre == 128 & !icmp_ln33 & !icmp_ln34 & !icmp_ln35 & !icmp_ln36 & !icmp_ln37 & or_ln38 & icmp_ln90 & !icmp_ln39 & !or_ln40 & trunc_ln110_4) | (centre == 128 & !icmp_ln33 & !icmp_ln34 & !icmp_ln35 & !icmp_ln36 & !icmp_ln37 & !or_ln38 & !icmp_ln38 & !icmp_ln39 & !or_ln40 & trunc_ln110_4) | (centre == 128 & !icmp_ln33 & icmp_ln89 & !icmp_ln36 & !icmp_ln37 & or_ln38 & icmp_ln90 & !icmp_ln39 & !or_ln40 & trunc_ln110_4) | (centre == 128 & !icmp_ln33 & icmp_ln89 & !icmp_ln36 & !icmp_ln37 & !or_ln38 & !icmp_ln38 & !icmp_ln39 & !or_ln40 & trunc_ln110_4) | (centre == 128 & hasLeft & !icmp_ln33 & !icmp_ln34 & !hasRight & !icmp_ln36 & or_ln38 & icmp_ln90 & !icmp_ln39 & !or_ln40 & trunc_ln110_4) | (centre == 128 & hasLeft & !icmp_ln33 & !icmp_ln34 & !hasRight & !icmp_ln36 & !or_ln38 & !icmp_ln38 & !icmp_ln39 & !or_ln40 & trunc_ln110_4) | (centre == 128 & hasLeft & !icmp_ln33 & icmp_ln89 & !hasRight & !icmp_ln36 & or_ln38 & icmp_ln90 & !icmp_ln39 & !or_ln40 & trunc_ln110_4) | (centre == 128 & hasLeft & !icmp_ln33 & icmp_ln89 & !hasRight & !icmp_ln36 & !or_ln38 & !icmp_ln38 & !icmp_ln39 & !or_ln40 & trunc_ln110_4) | (centre == 128 & !hasLeft & !icmp_ln33 & !icmp_ln34 & !icmp_ln35 & !icmp_ln37 & or_ln38 & icmp_ln90 & !icmp_ln39 & !or_ln40 & trunc_ln110_4) | (centre == 128 & !hasLeft & !icmp_ln33 & !icmp_ln34 & !icmp_ln35 & !icmp_ln37 & !or_ln38 & !icmp_ln38 & !icmp_ln39 & !or_ln40 & trunc_ln110_4) | (centre == 128 & !hasLeft & !icmp_ln33 & icmp_ln89 & !icmp_ln37 & or_ln38 & icmp_ln90 & !icmp_ln39 & !or_ln40 & trunc_ln110_4) | (centre == 128 & !hasLeft & !icmp_ln33 & icmp_ln89 & !icmp_ln37 & !or_ln38 & !icmp_ln38 & !icmp_ln39 & !or_ln40 & trunc_ln110_4) | (centre == 128 & or_ln33 & !icmp_ln34 & !icmp_ln35 & !icmp_ln36 & !icmp_ln37 & or_ln38 & icmp_ln90 & !icmp_ln39 & !or_ln40 & trunc_ln110_4) | (centre == 128 & or_ln33 & !icmp_ln34 & !icmp_ln35 & !icmp_ln36 & !icmp_ln37 & !or_ln38 & !icmp_ln38 & !icmp_ln39 & !or_ln40 & trunc_ln110_4) | (centre == 128 & or_ln33 & icmp_ln89 & !icmp_ln36 & !icmp_ln37 & or_ln38 & icmp_ln90 & !icmp_ln39 & !or_ln40 & trunc_ln110_4) | (centre == 128 & or_ln33 & icmp_ln89 & !icmp_ln36 & !icmp_ln37 & !or_ln38 & !icmp_ln38 & !icmp_ln39 & !or_ln40 & trunc_ln110_4) | (centre == 128 & or_ln33 & hasLeft & !icmp_ln34 & !hasRight & !icmp_ln36 & or_ln38 & icmp_ln90 & !icmp_ln39 & !or_ln40 & trunc_ln110_4) | (centre == 128 & or_ln33 & hasLeft & !icmp_ln34 & !hasRight & !icmp_ln36 & !or_ln38 & !icmp_ln38 & !icmp_ln39 & !or_ln40 & trunc_ln110_4) | (centre == 128 & or_ln33 & hasLeft & icmp_ln89 & !hasRight & !icmp_ln36 & or_ln38 & icmp_ln90 & !icmp_ln39 & !or_ln40 & trunc_ln110_4) | (centre == 128 & or_ln33 & hasLeft & icmp_ln89 & !hasRight & !icmp_ln36 & !or_ln38 & !icmp_ln38 & !icmp_ln39 & !or_ln40 & trunc_ln110_4) | (centre == 128 & or_ln33 & !hasLeft & !icmp_ln34 & !icmp_ln35 & !icmp_ln37 & or_ln38 & icmp_ln90 & !icmp_ln39 & !or_ln40 & trunc_ln110_4) | (centre == 128 & or_ln33 & !hasLeft & !icmp_ln34 & !icmp_ln35 & !icmp_ln37 & !or_ln38 & !icmp_ln38 & !icmp_ln39 & !or_ln40 & trunc_ln110_4) | (centre == 128 & or_ln33 & !hasLeft & icmp_ln89 & !icmp_ln37 & or_ln38 & icmp_ln90 & !icmp_ln39 & !or_ln40 & trunc_ln110_4) | (centre == 128 & or_ln33 & !hasLeft & icmp_ln89 & !icmp_ln37 & !or_ln38 & !icmp_ln38 & !icmp_ln39 & !or_ln40 & trunc_ln110_4)> <Delay = 1.23> <CoreInst = "RAM">   --->   Core 82 'RAM' <Latency = 1> <II = 1> <Delay = 1.23> <Storage> <Opcode : 'load' 'store'> <Ports = 2> <Width = 8> <Depth = 768> <RAM>
ST_9 : Operation 169 [2/2] (1.23ns)   --->   "%p_ZN12_GLOBAL_N_110lineBufferILi1EEE_1_load_8 = load i10 %p_ZN12_GLOBAL_N_110lineBufferILi1EEE_1_addr_8" [../src/hysteresis.cpp:40->../src/hysteresis.cpp:122->../src/canny_top.cpp:34]   --->   Operation 169 'load' 'p_ZN12_GLOBAL_N_110lineBufferILi1EEE_1_load_8' <Predicate = (centre == 128 & !icmp_ln33 & !icmp_ln34 & !icmp_ln35 & !icmp_ln36 & !icmp_ln37 & or_ln38 & icmp_ln90 & !icmp_ln39 & !or_ln40 & !trunc_ln110_4) | (centre == 128 & !icmp_ln33 & !icmp_ln34 & !icmp_ln35 & !icmp_ln36 & !icmp_ln37 & !or_ln38 & !icmp_ln38 & !icmp_ln39 & !or_ln40 & !trunc_ln110_4) | (centre == 128 & !icmp_ln33 & icmp_ln89 & !icmp_ln36 & !icmp_ln37 & or_ln38 & icmp_ln90 & !icmp_ln39 & !or_ln40 & !trunc_ln110_4) | (centre == 128 & !icmp_ln33 & icmp_ln89 & !icmp_ln36 & !icmp_ln37 & !or_ln38 & !icmp_ln38 & !icmp_ln39 & !or_ln40 & !trunc_ln110_4) | (centre == 128 & hasLeft & !icmp_ln33 & !icmp_ln34 & !hasRight & !icmp_ln36 & or_ln38 & icmp_ln90 & !icmp_ln39 & !or_ln40 & !trunc_ln110_4) | (centre == 128 & hasLeft & !icmp_ln33 & !icmp_ln34 & !hasRight & !icmp_ln36 & !or_ln38 & !icmp_ln38 & !icmp_ln39 & !or_ln40 & !trunc_ln110_4) | (centre == 128 & hasLeft & !icmp_ln33 & icmp_ln89 & !hasRight & !icmp_ln36 & or_ln38 & icmp_ln90 & !icmp_ln39 & !or_ln40 & !trunc_ln110_4) | (centre == 128 & hasLeft & !icmp_ln33 & icmp_ln89 & !hasRight & !icmp_ln36 & !or_ln38 & !icmp_ln38 & !icmp_ln39 & !or_ln40 & !trunc_ln110_4) | (centre == 128 & !hasLeft & !icmp_ln33 & !icmp_ln34 & !icmp_ln35 & !icmp_ln37 & or_ln38 & icmp_ln90 & !icmp_ln39 & !or_ln40 & !trunc_ln110_4) | (centre == 128 & !hasLeft & !icmp_ln33 & !icmp_ln34 & !icmp_ln35 & !icmp_ln37 & !or_ln38 & !icmp_ln38 & !icmp_ln39 & !or_ln40 & !trunc_ln110_4) | (centre == 128 & !hasLeft & !icmp_ln33 & icmp_ln89 & !icmp_ln37 & or_ln38 & icmp_ln90 & !icmp_ln39 & !or_ln40 & !trunc_ln110_4) | (centre == 128 & !hasLeft & !icmp_ln33 & icmp_ln89 & !icmp_ln37 & !or_ln38 & !icmp_ln38 & !icmp_ln39 & !or_ln40 & !trunc_ln110_4) | (centre == 128 & or_ln33 & !icmp_ln34 & !icmp_ln35 & !icmp_ln36 & !icmp_ln37 & or_ln38 & icmp_ln90 & !icmp_ln39 & !or_ln40 & !trunc_ln110_4) | (centre == 128 & or_ln33 & !icmp_ln34 & !icmp_ln35 & !icmp_ln36 & !icmp_ln37 & !or_ln38 & !icmp_ln38 & !icmp_ln39 & !or_ln40 & !trunc_ln110_4) | (centre == 128 & or_ln33 & icmp_ln89 & !icmp_ln36 & !icmp_ln37 & or_ln38 & icmp_ln90 & !icmp_ln39 & !or_ln40 & !trunc_ln110_4) | (centre == 128 & or_ln33 & icmp_ln89 & !icmp_ln36 & !icmp_ln37 & !or_ln38 & !icmp_ln38 & !icmp_ln39 & !or_ln40 & !trunc_ln110_4) | (centre == 128 & or_ln33 & hasLeft & !icmp_ln34 & !hasRight & !icmp_ln36 & or_ln38 & icmp_ln90 & !icmp_ln39 & !or_ln40 & !trunc_ln110_4) | (centre == 128 & or_ln33 & hasLeft & !icmp_ln34 & !hasRight & !icmp_ln36 & !or_ln38 & !icmp_ln38 & !icmp_ln39 & !or_ln40 & !trunc_ln110_4) | (centre == 128 & or_ln33 & hasLeft & icmp_ln89 & !hasRight & !icmp_ln36 & or_ln38 & icmp_ln90 & !icmp_ln39 & !or_ln40 & !trunc_ln110_4) | (centre == 128 & or_ln33 & hasLeft & icmp_ln89 & !hasRight & !icmp_ln36 & !or_ln38 & !icmp_ln38 & !icmp_ln39 & !or_ln40 & !trunc_ln110_4) | (centre == 128 & or_ln33 & !hasLeft & !icmp_ln34 & !icmp_ln35 & !icmp_ln37 & or_ln38 & icmp_ln90 & !icmp_ln39 & !or_ln40 & !trunc_ln110_4) | (centre == 128 & or_ln33 & !hasLeft & !icmp_ln34 & !icmp_ln35 & !icmp_ln37 & !or_ln38 & !icmp_ln38 & !icmp_ln39 & !or_ln40 & !trunc_ln110_4) | (centre == 128 & or_ln33 & !hasLeft & icmp_ln89 & !icmp_ln37 & or_ln38 & icmp_ln90 & !icmp_ln39 & !or_ln40 & !trunc_ln110_4) | (centre == 128 & or_ln33 & !hasLeft & icmp_ln89 & !icmp_ln37 & !or_ln38 & !icmp_ln38 & !icmp_ln39 & !or_ln40 & !trunc_ln110_4)> <Delay = 1.23> <CoreInst = "RAM">   --->   Core 82 'RAM' <Latency = 1> <II = 1> <Delay = 1.23> <Storage> <Opcode : 'load' 'store'> <Ports = 2> <Width = 8> <Depth = 768> <RAM>
ST_9 : Operation 170 [1/1] (0.00ns)   --->   "%br_ln121 = br void %if.then41.i" [../src/hysteresis.cpp:121->../src/canny_top.cpp:34]   --->   Operation 170 'br' 'br_ln121' <Predicate = (centre == 128 & !icmp_ln33 & !icmp_ln34 & !icmp_ln35 & !icmp_ln36 & !icmp_ln37 & !icmp_ln38 & !icmp_ln39 & or_ln40) | (centre == 128 & !icmp_ln33 & !icmp_ln34 & !icmp_ln35 & !icmp_ln36 & !icmp_ln37 & or_ln38 & !icmp_ln39 & or_ln40) | (centre == 128 & !icmp_ln33 & !icmp_ln34 & !icmp_ln35 & !icmp_ln36 & !icmp_ln37 & or_ln38 & !icmp_ln90) | (centre == 128 & !icmp_ln33 & icmp_ln89 & !icmp_ln36 & !icmp_ln37 & !icmp_ln38 & !icmp_ln39 & or_ln40) | (centre == 128 & !icmp_ln33 & icmp_ln89 & !icmp_ln36 & !icmp_ln37 & or_ln38 & !icmp_ln39 & or_ln40) | (centre == 128 & !icmp_ln33 & icmp_ln89 & !icmp_ln36 & !icmp_ln37 & or_ln38 & !icmp_ln90) | (centre == 128 & hasLeft & !icmp_ln33 & !icmp_ln34 & !hasRight & !icmp_ln36 & !icmp_ln38 & !icmp_ln39 & or_ln40) | (centre == 128 & hasLeft & !icmp_ln33 & !icmp_ln34 & !hasRight & !icmp_ln36 & or_ln38 & !icmp_ln39 & or_ln40) | (centre == 128 & hasLeft & !icmp_ln33 & !icmp_ln34 & !hasRight & !icmp_ln36 & or_ln38 & !icmp_ln90) | (centre == 128 & hasLeft & !icmp_ln33 & icmp_ln89 & !hasRight & !icmp_ln36 & !icmp_ln38 & !icmp_ln39 & or_ln40) | (centre == 128 & hasLeft & !icmp_ln33 & icmp_ln89 & !hasRight & !icmp_ln36 & or_ln38 & !icmp_ln39 & or_ln40) | (centre == 128 & hasLeft & !icmp_ln33 & icmp_ln89 & !hasRight & !icmp_ln36 & or_ln38 & !icmp_ln90) | (centre == 128 & !hasLeft & !icmp_ln33 & !icmp_ln34 & !icmp_ln35 & !icmp_ln37 & !icmp_ln38 & !icmp_ln39 & or_ln40) | (centre == 128 & !hasLeft & !icmp_ln33 & !icmp_ln34 & !icmp_ln35 & !icmp_ln37 & or_ln38 & !icmp_ln39 & or_ln40) | (centre == 128 & !hasLeft & !icmp_ln33 & !icmp_ln34 & !icmp_ln35 & !icmp_ln37 & or_ln38 & !icmp_ln90) | (centre == 128 & !hasLeft & !icmp_ln33 & icmp_ln89 & !icmp_ln37 & !icmp_ln38 & !icmp_ln39 & or_ln40) | (centre == 128 & !hasLeft & !icmp_ln33 & icmp_ln89 & !icmp_ln37 & or_ln38 & !icmp_ln39 & or_ln40) | (centre == 128 & !hasLeft & !icmp_ln33 & icmp_ln89 & !icmp_ln37 & or_ln38 & !icmp_ln90) | (centre == 128 & or_ln33 & !icmp_ln34 & !icmp_ln35 & !icmp_ln36 & !icmp_ln37 & !icmp_ln38 & !icmp_ln39 & or_ln40) | (centre == 128 & or_ln33 & !icmp_ln34 & !icmp_ln35 & !icmp_ln36 & !icmp_ln37 & or_ln38 & !icmp_ln39 & or_ln40) | (centre == 128 & or_ln33 & !icmp_ln34 & !icmp_ln35 & !icmp_ln36 & !icmp_ln37 & or_ln38 & !icmp_ln90) | (centre == 128 & or_ln33 & icmp_ln89 & !icmp_ln36 & !icmp_ln37 & !icmp_ln38 & !icmp_ln39 & or_ln40) | (centre == 128 & or_ln33 & icmp_ln89 & !icmp_ln36 & !icmp_ln37 & or_ln38 & !icmp_ln39 & or_ln40) | (centre == 128 & or_ln33 & icmp_ln89 & !icmp_ln36 & !icmp_ln37 & or_ln38 & !icmp_ln90) | (centre == 128 & or_ln33 & hasLeft & !icmp_ln34 & !hasRight & !icmp_ln36 & !icmp_ln38 & !icmp_ln39 & or_ln40) | (centre == 128 & or_ln33 & hasLeft & !icmp_ln34 & !hasRight & !icmp_ln36 & or_ln38 & !icmp_ln39 & or_ln40) | (centre == 128 & or_ln33 & hasLeft & !icmp_ln34 & !hasRight & !icmp_ln36 & or_ln38 & !icmp_ln90) | (centre == 128 & or_ln33 & hasLeft & icmp_ln89 & !hasRight & !icmp_ln36 & !icmp_ln38 & !icmp_ln39 & or_ln40) | (centre == 128 & or_ln33 & hasLeft & icmp_ln89 & !hasRight & !icmp_ln36 & or_ln38 & !icmp_ln39 & or_ln40) | (centre == 128 & or_ln33 & hasLeft & icmp_ln89 & !hasRight & !icmp_ln36 & or_ln38 & !icmp_ln90) | (centre == 128 & or_ln33 & !hasLeft & !icmp_ln34 & !icmp_ln35 & !icmp_ln37 & !icmp_ln38 & !icmp_ln39 & or_ln40) | (centre == 128 & or_ln33 & !hasLeft & !icmp_ln34 & !icmp_ln35 & !icmp_ln37 & or_ln38 & !icmp_ln39 & or_ln40) | (centre == 128 & or_ln33 & !hasLeft & !icmp_ln34 & !icmp_ln35 & !icmp_ln37 & or_ln38 & !icmp_ln90) | (centre == 128 & or_ln33 & !hasLeft & icmp_ln89 & !icmp_ln37 & !icmp_ln38 & !icmp_ln39 & or_ln40) | (centre == 128 & or_ln33 & !hasLeft & icmp_ln89 & !icmp_ln37 & or_ln38 & !icmp_ln39 & or_ln40) | (centre == 128 & or_ln33 & !hasLeft & icmp_ln89 & !icmp_ln37 & or_ln38 & !icmp_ln90)> <Delay = 0.00>
ST_9 : Operation 171 [1/1] (0.00ns)   --->   "%br_ln121 = br void %if.then35.i" [../src/hysteresis.cpp:121->../src/canny_top.cpp:34]   --->   Operation 171 'br' 'br_ln121' <Predicate = (centre == 128 & icmp_ln90 & icmp_ln39) | (centre == 128 & !or_ln38 & icmp_ln39) | (centre == 128 & !or_ln38 & icmp_ln38) | (centre == 128 & hasRight & icmp_ln37) | (centre == 128 & icmp_ln89 & icmp_ln39) | (centre == 128 & !icmp_ln89 & hasRight & icmp_ln35) | (centre == 128 & !icmp_ln89 & icmp_ln34) | (centre == 128 & hasLeft & icmp_ln36) | (centre == 128 & !hasLeft & icmp_ln37) | (centre == 128 & !hasLeft & !icmp_ln89 & icmp_ln35) | (centre == 128 & !or_ln33 & icmp_ln33)> <Delay = 0.00>

State 10 <SV = 9> <Delay = 3.63>
ST_10 : Operation 172 [1/2] ( I:1.23ns O:1.23ns )   --->   "%p_ZN12_GLOBAL_N_110lineBufferILi1EEE_0_load_8 = load i10 %p_ZN12_GLOBAL_N_110lineBufferILi1EEE_0_addr_8" [../src/hysteresis.cpp:40->../src/hysteresis.cpp:122->../src/canny_top.cpp:34]   --->   Operation 172 'load' 'p_ZN12_GLOBAL_N_110lineBufferILi1EEE_0_load_8' <Predicate = (centre == 128 & !icmp_ln33 & !icmp_ln34 & !icmp_ln35 & !icmp_ln36 & !icmp_ln37 & or_ln38 & icmp_ln90 & !icmp_ln39 & !or_ln40 & trunc_ln110_4) | (centre == 128 & !icmp_ln33 & !icmp_ln34 & !icmp_ln35 & !icmp_ln36 & !icmp_ln37 & !or_ln38 & !icmp_ln38 & !icmp_ln39 & !or_ln40 & trunc_ln110_4) | (centre == 128 & !icmp_ln33 & icmp_ln89 & !icmp_ln36 & !icmp_ln37 & or_ln38 & icmp_ln90 & !icmp_ln39 & !or_ln40 & trunc_ln110_4) | (centre == 128 & !icmp_ln33 & icmp_ln89 & !icmp_ln36 & !icmp_ln37 & !or_ln38 & !icmp_ln38 & !icmp_ln39 & !or_ln40 & trunc_ln110_4) | (centre == 128 & hasLeft & !icmp_ln33 & !icmp_ln34 & !hasRight & !icmp_ln36 & or_ln38 & icmp_ln90 & !icmp_ln39 & !or_ln40 & trunc_ln110_4) | (centre == 128 & hasLeft & !icmp_ln33 & !icmp_ln34 & !hasRight & !icmp_ln36 & !or_ln38 & !icmp_ln38 & !icmp_ln39 & !or_ln40 & trunc_ln110_4) | (centre == 128 & hasLeft & !icmp_ln33 & icmp_ln89 & !hasRight & !icmp_ln36 & or_ln38 & icmp_ln90 & !icmp_ln39 & !or_ln40 & trunc_ln110_4) | (centre == 128 & hasLeft & !icmp_ln33 & icmp_ln89 & !hasRight & !icmp_ln36 & !or_ln38 & !icmp_ln38 & !icmp_ln39 & !or_ln40 & trunc_ln110_4) | (centre == 128 & !hasLeft & !icmp_ln33 & !icmp_ln34 & !icmp_ln35 & !icmp_ln37 & or_ln38 & icmp_ln90 & !icmp_ln39 & !or_ln40 & trunc_ln110_4) | (centre == 128 & !hasLeft & !icmp_ln33 & !icmp_ln34 & !icmp_ln35 & !icmp_ln37 & !or_ln38 & !icmp_ln38 & !icmp_ln39 & !or_ln40 & trunc_ln110_4) | (centre == 128 & !hasLeft & !icmp_ln33 & icmp_ln89 & !icmp_ln37 & or_ln38 & icmp_ln90 & !icmp_ln39 & !or_ln40 & trunc_ln110_4) | (centre == 128 & !hasLeft & !icmp_ln33 & icmp_ln89 & !icmp_ln37 & !or_ln38 & !icmp_ln38 & !icmp_ln39 & !or_ln40 & trunc_ln110_4) | (centre == 128 & or_ln33 & !icmp_ln34 & !icmp_ln35 & !icmp_ln36 & !icmp_ln37 & or_ln38 & icmp_ln90 & !icmp_ln39 & !or_ln40 & trunc_ln110_4) | (centre == 128 & or_ln33 & !icmp_ln34 & !icmp_ln35 & !icmp_ln36 & !icmp_ln37 & !or_ln38 & !icmp_ln38 & !icmp_ln39 & !or_ln40 & trunc_ln110_4) | (centre == 128 & or_ln33 & icmp_ln89 & !icmp_ln36 & !icmp_ln37 & or_ln38 & icmp_ln90 & !icmp_ln39 & !or_ln40 & trunc_ln110_4) | (centre == 128 & or_ln33 & icmp_ln89 & !icmp_ln36 & !icmp_ln37 & !or_ln38 & !icmp_ln38 & !icmp_ln39 & !or_ln40 & trunc_ln110_4) | (centre == 128 & or_ln33 & hasLeft & !icmp_ln34 & !hasRight & !icmp_ln36 & or_ln38 & icmp_ln90 & !icmp_ln39 & !or_ln40 & trunc_ln110_4) | (centre == 128 & or_ln33 & hasLeft & !icmp_ln34 & !hasRight & !icmp_ln36 & !or_ln38 & !icmp_ln38 & !icmp_ln39 & !or_ln40 & trunc_ln110_4) | (centre == 128 & or_ln33 & hasLeft & icmp_ln89 & !hasRight & !icmp_ln36 & or_ln38 & icmp_ln90 & !icmp_ln39 & !or_ln40 & trunc_ln110_4) | (centre == 128 & or_ln33 & hasLeft & icmp_ln89 & !hasRight & !icmp_ln36 & !or_ln38 & !icmp_ln38 & !icmp_ln39 & !or_ln40 & trunc_ln110_4) | (centre == 128 & or_ln33 & !hasLeft & !icmp_ln34 & !icmp_ln35 & !icmp_ln37 & or_ln38 & icmp_ln90 & !icmp_ln39 & !or_ln40 & trunc_ln110_4) | (centre == 128 & or_ln33 & !hasLeft & !icmp_ln34 & !icmp_ln35 & !icmp_ln37 & !or_ln38 & !icmp_ln38 & !icmp_ln39 & !or_ln40 & trunc_ln110_4) | (centre == 128 & or_ln33 & !hasLeft & icmp_ln89 & !icmp_ln37 & or_ln38 & icmp_ln90 & !icmp_ln39 & !or_ln40 & trunc_ln110_4) | (centre == 128 & or_ln33 & !hasLeft & icmp_ln89 & !icmp_ln37 & !or_ln38 & !icmp_ln38 & !icmp_ln39 & !or_ln40 & trunc_ln110_4)> <Delay = 1.23> <CoreInst = "RAM">   --->   Core 82 'RAM' <Latency = 1> <II = 1> <Delay = 1.23> <Storage> <Opcode : 'load' 'store'> <Ports = 2> <Width = 8> <Depth = 768> <RAM>
ST_10 : Operation 173 [1/2] ( I:1.23ns O:1.23ns )   --->   "%p_ZN12_GLOBAL_N_110lineBufferILi1EEE_1_load_8 = load i10 %p_ZN12_GLOBAL_N_110lineBufferILi1EEE_1_addr_8" [../src/hysteresis.cpp:40->../src/hysteresis.cpp:122->../src/canny_top.cpp:34]   --->   Operation 173 'load' 'p_ZN12_GLOBAL_N_110lineBufferILi1EEE_1_load_8' <Predicate = (centre == 128 & !icmp_ln33 & !icmp_ln34 & !icmp_ln35 & !icmp_ln36 & !icmp_ln37 & or_ln38 & icmp_ln90 & !icmp_ln39 & !or_ln40 & !trunc_ln110_4) | (centre == 128 & !icmp_ln33 & !icmp_ln34 & !icmp_ln35 & !icmp_ln36 & !icmp_ln37 & !or_ln38 & !icmp_ln38 & !icmp_ln39 & !or_ln40 & !trunc_ln110_4) | (centre == 128 & !icmp_ln33 & icmp_ln89 & !icmp_ln36 & !icmp_ln37 & or_ln38 & icmp_ln90 & !icmp_ln39 & !or_ln40 & !trunc_ln110_4) | (centre == 128 & !icmp_ln33 & icmp_ln89 & !icmp_ln36 & !icmp_ln37 & !or_ln38 & !icmp_ln38 & !icmp_ln39 & !or_ln40 & !trunc_ln110_4) | (centre == 128 & hasLeft & !icmp_ln33 & !icmp_ln34 & !hasRight & !icmp_ln36 & or_ln38 & icmp_ln90 & !icmp_ln39 & !or_ln40 & !trunc_ln110_4) | (centre == 128 & hasLeft & !icmp_ln33 & !icmp_ln34 & !hasRight & !icmp_ln36 & !or_ln38 & !icmp_ln38 & !icmp_ln39 & !or_ln40 & !trunc_ln110_4) | (centre == 128 & hasLeft & !icmp_ln33 & icmp_ln89 & !hasRight & !icmp_ln36 & or_ln38 & icmp_ln90 & !icmp_ln39 & !or_ln40 & !trunc_ln110_4) | (centre == 128 & hasLeft & !icmp_ln33 & icmp_ln89 & !hasRight & !icmp_ln36 & !or_ln38 & !icmp_ln38 & !icmp_ln39 & !or_ln40 & !trunc_ln110_4) | (centre == 128 & !hasLeft & !icmp_ln33 & !icmp_ln34 & !icmp_ln35 & !icmp_ln37 & or_ln38 & icmp_ln90 & !icmp_ln39 & !or_ln40 & !trunc_ln110_4) | (centre == 128 & !hasLeft & !icmp_ln33 & !icmp_ln34 & !icmp_ln35 & !icmp_ln37 & !or_ln38 & !icmp_ln38 & !icmp_ln39 & !or_ln40 & !trunc_ln110_4) | (centre == 128 & !hasLeft & !icmp_ln33 & icmp_ln89 & !icmp_ln37 & or_ln38 & icmp_ln90 & !icmp_ln39 & !or_ln40 & !trunc_ln110_4) | (centre == 128 & !hasLeft & !icmp_ln33 & icmp_ln89 & !icmp_ln37 & !or_ln38 & !icmp_ln38 & !icmp_ln39 & !or_ln40 & !trunc_ln110_4) | (centre == 128 & or_ln33 & !icmp_ln34 & !icmp_ln35 & !icmp_ln36 & !icmp_ln37 & or_ln38 & icmp_ln90 & !icmp_ln39 & !or_ln40 & !trunc_ln110_4) | (centre == 128 & or_ln33 & !icmp_ln34 & !icmp_ln35 & !icmp_ln36 & !icmp_ln37 & !or_ln38 & !icmp_ln38 & !icmp_ln39 & !or_ln40 & !trunc_ln110_4) | (centre == 128 & or_ln33 & icmp_ln89 & !icmp_ln36 & !icmp_ln37 & or_ln38 & icmp_ln90 & !icmp_ln39 & !or_ln40 & !trunc_ln110_4) | (centre == 128 & or_ln33 & icmp_ln89 & !icmp_ln36 & !icmp_ln37 & !or_ln38 & !icmp_ln38 & !icmp_ln39 & !or_ln40 & !trunc_ln110_4) | (centre == 128 & or_ln33 & hasLeft & !icmp_ln34 & !hasRight & !icmp_ln36 & or_ln38 & icmp_ln90 & !icmp_ln39 & !or_ln40 & !trunc_ln110_4) | (centre == 128 & or_ln33 & hasLeft & !icmp_ln34 & !hasRight & !icmp_ln36 & !or_ln38 & !icmp_ln38 & !icmp_ln39 & !or_ln40 & !trunc_ln110_4) | (centre == 128 & or_ln33 & hasLeft & icmp_ln89 & !hasRight & !icmp_ln36 & or_ln38 & icmp_ln90 & !icmp_ln39 & !or_ln40 & !trunc_ln110_4) | (centre == 128 & or_ln33 & hasLeft & icmp_ln89 & !hasRight & !icmp_ln36 & !or_ln38 & !icmp_ln38 & !icmp_ln39 & !or_ln40 & !trunc_ln110_4) | (centre == 128 & or_ln33 & !hasLeft & !icmp_ln34 & !icmp_ln35 & !icmp_ln37 & or_ln38 & icmp_ln90 & !icmp_ln39 & !or_ln40 & !trunc_ln110_4) | (centre == 128 & or_ln33 & !hasLeft & !icmp_ln34 & !icmp_ln35 & !icmp_ln37 & !or_ln38 & !icmp_ln38 & !icmp_ln39 & !or_ln40 & !trunc_ln110_4) | (centre == 128 & or_ln33 & !hasLeft & icmp_ln89 & !icmp_ln37 & or_ln38 & icmp_ln90 & !icmp_ln39 & !or_ln40 & !trunc_ln110_4) | (centre == 128 & or_ln33 & !hasLeft & icmp_ln89 & !icmp_ln37 & !or_ln38 & !icmp_ln38 & !icmp_ln39 & !or_ln40 & !trunc_ln110_4)> <Delay = 1.23> <CoreInst = "RAM">   --->   Core 82 'RAM' <Latency = 1> <II = 1> <Delay = 1.23> <Storage> <Opcode : 'load' 'store'> <Ports = 2> <Width = 8> <Depth = 768> <RAM>
ST_10 : Operation 174 [1/1] (0.39ns)   --->   "%select_ln40 = select i1 %trunc_ln110_4, i8 %p_ZN12_GLOBAL_N_110lineBufferILi1EEE_0_load_8, i8 %p_ZN12_GLOBAL_N_110lineBufferILi1EEE_1_load_8" [../src/hysteresis.cpp:40->../src/hysteresis.cpp:122->../src/canny_top.cpp:34]   --->   Operation 174 'select' 'select_ln40' <Predicate = (centre == 128 & !icmp_ln33 & !icmp_ln34 & !icmp_ln35 & !icmp_ln36 & !icmp_ln37 & or_ln38 & icmp_ln90 & !icmp_ln39 & !or_ln40) | (centre == 128 & !icmp_ln33 & !icmp_ln34 & !icmp_ln35 & !icmp_ln36 & !icmp_ln37 & !or_ln38 & !icmp_ln38 & !icmp_ln39 & !or_ln40) | (centre == 128 & !icmp_ln33 & icmp_ln89 & !icmp_ln36 & !icmp_ln37 & or_ln38 & icmp_ln90 & !icmp_ln39 & !or_ln40) | (centre == 128 & !icmp_ln33 & icmp_ln89 & !icmp_ln36 & !icmp_ln37 & !or_ln38 & !icmp_ln38 & !icmp_ln39 & !or_ln40) | (centre == 128 & hasLeft & !icmp_ln33 & !icmp_ln34 & !hasRight & !icmp_ln36 & or_ln38 & icmp_ln90 & !icmp_ln39 & !or_ln40) | (centre == 128 & hasLeft & !icmp_ln33 & !icmp_ln34 & !hasRight & !icmp_ln36 & !or_ln38 & !icmp_ln38 & !icmp_ln39 & !or_ln40) | (centre == 128 & hasLeft & !icmp_ln33 & icmp_ln89 & !hasRight & !icmp_ln36 & or_ln38 & icmp_ln90 & !icmp_ln39 & !or_ln40) | (centre == 128 & hasLeft & !icmp_ln33 & icmp_ln89 & !hasRight & !icmp_ln36 & !or_ln38 & !icmp_ln38 & !icmp_ln39 & !or_ln40) | (centre == 128 & !hasLeft & !icmp_ln33 & !icmp_ln34 & !icmp_ln35 & !icmp_ln37 & or_ln38 & icmp_ln90 & !icmp_ln39 & !or_ln40) | (centre == 128 & !hasLeft & !icmp_ln33 & !icmp_ln34 & !icmp_ln35 & !icmp_ln37 & !or_ln38 & !icmp_ln38 & !icmp_ln39 & !or_ln40) | (centre == 128 & !hasLeft & !icmp_ln33 & icmp_ln89 & !icmp_ln37 & or_ln38 & icmp_ln90 & !icmp_ln39 & !or_ln40) | (centre == 128 & !hasLeft & !icmp_ln33 & icmp_ln89 & !icmp_ln37 & !or_ln38 & !icmp_ln38 & !icmp_ln39 & !or_ln40) | (centre == 128 & or_ln33 & !icmp_ln34 & !icmp_ln35 & !icmp_ln36 & !icmp_ln37 & or_ln38 & icmp_ln90 & !icmp_ln39 & !or_ln40) | (centre == 128 & or_ln33 & !icmp_ln34 & !icmp_ln35 & !icmp_ln36 & !icmp_ln37 & !or_ln38 & !icmp_ln38 & !icmp_ln39 & !or_ln40) | (centre == 128 & or_ln33 & icmp_ln89 & !icmp_ln36 & !icmp_ln37 & or_ln38 & icmp_ln90 & !icmp_ln39 & !or_ln40) | (centre == 128 & or_ln33 & icmp_ln89 & !icmp_ln36 & !icmp_ln37 & !or_ln38 & !icmp_ln38 & !icmp_ln39 & !or_ln40) | (centre == 128 & or_ln33 & hasLeft & !icmp_ln34 & !hasRight & !icmp_ln36 & or_ln38 & icmp_ln90 & !icmp_ln39 & !or_ln40) | (centre == 128 & or_ln33 & hasLeft & !icmp_ln34 & !hasRight & !icmp_ln36 & !or_ln38 & !icmp_ln38 & !icmp_ln39 & !or_ln40) | (centre == 128 & or_ln33 & hasLeft & icmp_ln89 & !hasRight & !icmp_ln36 & or_ln38 & icmp_ln90 & !icmp_ln39 & !or_ln40) | (centre == 128 & or_ln33 & hasLeft & icmp_ln89 & !hasRight & !icmp_ln36 & !or_ln38 & !icmp_ln38 & !icmp_ln39 & !or_ln40) | (centre == 128 & or_ln33 & !hasLeft & !icmp_ln34 & !icmp_ln35 & !icmp_ln37 & or_ln38 & icmp_ln90 & !icmp_ln39 & !or_ln40) | (centre == 128 & or_ln33 & !hasLeft & !icmp_ln34 & !icmp_ln35 & !icmp_ln37 & !or_ln38 & !icmp_ln38 & !icmp_ln39 & !or_ln40) | (centre == 128 & or_ln33 & !hasLeft & icmp_ln89 & !icmp_ln37 & or_ln38 & icmp_ln90 & !icmp_ln39 & !or_ln40) | (centre == 128 & or_ln33 & !hasLeft & icmp_ln89 & !icmp_ln37 & !or_ln38 & !icmp_ln38 & !icmp_ln39 & !or_ln40)> <Delay = 0.39> <CoreInst = "Sel">   --->   Core 73 'Sel' <Latency = 0> <II = 1> <Delay = 0.39> <FuncUnit> <Opcode : 'select'> <InPorts = 3> <OutPorts = 1>
ST_10 : Operation 175 [1/1] (0.76ns)   --->   "%icmp_ln40 = icmp_eq  i8 %select_ln40, i8 255" [../src/hysteresis.cpp:40->../src/hysteresis.cpp:122->../src/canny_top.cpp:34]   --->   Operation 175 'icmp' 'icmp_ln40' <Predicate = (centre == 128 & !icmp_ln33 & !icmp_ln34 & !icmp_ln35 & !icmp_ln36 & !icmp_ln37 & or_ln38 & icmp_ln90 & !icmp_ln39 & !or_ln40) | (centre == 128 & !icmp_ln33 & !icmp_ln34 & !icmp_ln35 & !icmp_ln36 & !icmp_ln37 & !or_ln38 & !icmp_ln38 & !icmp_ln39 & !or_ln40) | (centre == 128 & !icmp_ln33 & icmp_ln89 & !icmp_ln36 & !icmp_ln37 & or_ln38 & icmp_ln90 & !icmp_ln39 & !or_ln40) | (centre == 128 & !icmp_ln33 & icmp_ln89 & !icmp_ln36 & !icmp_ln37 & !or_ln38 & !icmp_ln38 & !icmp_ln39 & !or_ln40) | (centre == 128 & hasLeft & !icmp_ln33 & !icmp_ln34 & !hasRight & !icmp_ln36 & or_ln38 & icmp_ln90 & !icmp_ln39 & !or_ln40) | (centre == 128 & hasLeft & !icmp_ln33 & !icmp_ln34 & !hasRight & !icmp_ln36 & !or_ln38 & !icmp_ln38 & !icmp_ln39 & !or_ln40) | (centre == 128 & hasLeft & !icmp_ln33 & icmp_ln89 & !hasRight & !icmp_ln36 & or_ln38 & icmp_ln90 & !icmp_ln39 & !or_ln40) | (centre == 128 & hasLeft & !icmp_ln33 & icmp_ln89 & !hasRight & !icmp_ln36 & !or_ln38 & !icmp_ln38 & !icmp_ln39 & !or_ln40) | (centre == 128 & !hasLeft & !icmp_ln33 & !icmp_ln34 & !icmp_ln35 & !icmp_ln37 & or_ln38 & icmp_ln90 & !icmp_ln39 & !or_ln40) | (centre == 128 & !hasLeft & !icmp_ln33 & !icmp_ln34 & !icmp_ln35 & !icmp_ln37 & !or_ln38 & !icmp_ln38 & !icmp_ln39 & !or_ln40) | (centre == 128 & !hasLeft & !icmp_ln33 & icmp_ln89 & !icmp_ln37 & or_ln38 & icmp_ln90 & !icmp_ln39 & !or_ln40) | (centre == 128 & !hasLeft & !icmp_ln33 & icmp_ln89 & !icmp_ln37 & !or_ln38 & !icmp_ln38 & !icmp_ln39 & !or_ln40) | (centre == 128 & or_ln33 & !icmp_ln34 & !icmp_ln35 & !icmp_ln36 & !icmp_ln37 & or_ln38 & icmp_ln90 & !icmp_ln39 & !or_ln40) | (centre == 128 & or_ln33 & !icmp_ln34 & !icmp_ln35 & !icmp_ln36 & !icmp_ln37 & !or_ln38 & !icmp_ln38 & !icmp_ln39 & !or_ln40) | (centre == 128 & or_ln33 & icmp_ln89 & !icmp_ln36 & !icmp_ln37 & or_ln38 & icmp_ln90 & !icmp_ln39 & !or_ln40) | (centre == 128 & or_ln33 & icmp_ln89 & !icmp_ln36 & !icmp_ln37 & !or_ln38 & !icmp_ln38 & !icmp_ln39 & !or_ln40) | (centre == 128 & or_ln33 & hasLeft & !icmp_ln34 & !hasRight & !icmp_ln36 & or_ln38 & icmp_ln90 & !icmp_ln39 & !or_ln40) | (centre == 128 & or_ln33 & hasLeft & !icmp_ln34 & !hasRight & !icmp_ln36 & !or_ln38 & !icmp_ln38 & !icmp_ln39 & !or_ln40) | (centre == 128 & or_ln33 & hasLeft & icmp_ln89 & !hasRight & !icmp_ln36 & or_ln38 & icmp_ln90 & !icmp_ln39 & !or_ln40) | (centre == 128 & or_ln33 & hasLeft & icmp_ln89 & !hasRight & !icmp_ln36 & !or_ln38 & !icmp_ln38 & !icmp_ln39 & !or_ln40) | (centre == 128 & or_ln33 & !hasLeft & !icmp_ln34 & !icmp_ln35 & !icmp_ln37 & or_ln38 & icmp_ln90 & !icmp_ln39 & !or_ln40) | (centre == 128 & or_ln33 & !hasLeft & !icmp_ln34 & !icmp_ln35 & !icmp_ln37 & !or_ln38 & !icmp_ln38 & !icmp_ln39 & !or_ln40) | (centre == 128 & or_ln33 & !hasLeft & icmp_ln89 & !icmp_ln37 & or_ln38 & icmp_ln90 & !icmp_ln39 & !or_ln40) | (centre == 128 & or_ln33 & !hasLeft & icmp_ln89 & !icmp_ln37 & !or_ln38 & !icmp_ln38 & !icmp_ln39 & !or_ln40)> <Delay = 0.76> <CoreInst = "Cmp">   --->   Core 9 'Cmp' <Latency = 0> <II = 1> <Delay = 0.76> <FuncUnit> <Opcode : 'seteq' 'setne' 'setle' 'setge' 'setlt' 'setgt'> <InPorts = 2> <OutPorts = 1>
ST_10 : Operation 176 [1/1] (0.00ns)   --->   "%br_ln121 = br i1 %icmp_ln40, void %if.then41.i, void %if.then35.i" [../src/hysteresis.cpp:121->../src/canny_top.cpp:34]   --->   Operation 176 'br' 'br_ln121' <Predicate = (centre == 128 & !icmp_ln33 & !icmp_ln34 & !icmp_ln35 & !icmp_ln36 & !icmp_ln37 & or_ln38 & icmp_ln90 & !icmp_ln39 & !or_ln40) | (centre == 128 & !icmp_ln33 & !icmp_ln34 & !icmp_ln35 & !icmp_ln36 & !icmp_ln37 & !or_ln38 & !icmp_ln38 & !icmp_ln39 & !or_ln40) | (centre == 128 & !icmp_ln33 & icmp_ln89 & !icmp_ln36 & !icmp_ln37 & or_ln38 & icmp_ln90 & !icmp_ln39 & !or_ln40) | (centre == 128 & !icmp_ln33 & icmp_ln89 & !icmp_ln36 & !icmp_ln37 & !or_ln38 & !icmp_ln38 & !icmp_ln39 & !or_ln40) | (centre == 128 & hasLeft & !icmp_ln33 & !icmp_ln34 & !hasRight & !icmp_ln36 & or_ln38 & icmp_ln90 & !icmp_ln39 & !or_ln40) | (centre == 128 & hasLeft & !icmp_ln33 & !icmp_ln34 & !hasRight & !icmp_ln36 & !or_ln38 & !icmp_ln38 & !icmp_ln39 & !or_ln40) | (centre == 128 & hasLeft & !icmp_ln33 & icmp_ln89 & !hasRight & !icmp_ln36 & or_ln38 & icmp_ln90 & !icmp_ln39 & !or_ln40) | (centre == 128 & hasLeft & !icmp_ln33 & icmp_ln89 & !hasRight & !icmp_ln36 & !or_ln38 & !icmp_ln38 & !icmp_ln39 & !or_ln40) | (centre == 128 & !hasLeft & !icmp_ln33 & !icmp_ln34 & !icmp_ln35 & !icmp_ln37 & or_ln38 & icmp_ln90 & !icmp_ln39 & !or_ln40) | (centre == 128 & !hasLeft & !icmp_ln33 & !icmp_ln34 & !icmp_ln35 & !icmp_ln37 & !or_ln38 & !icmp_ln38 & !icmp_ln39 & !or_ln40) | (centre == 128 & !hasLeft & !icmp_ln33 & icmp_ln89 & !icmp_ln37 & or_ln38 & icmp_ln90 & !icmp_ln39 & !or_ln40) | (centre == 128 & !hasLeft & !icmp_ln33 & icmp_ln89 & !icmp_ln37 & !or_ln38 & !icmp_ln38 & !icmp_ln39 & !or_ln40) | (centre == 128 & or_ln33 & !icmp_ln34 & !icmp_ln35 & !icmp_ln36 & !icmp_ln37 & or_ln38 & icmp_ln90 & !icmp_ln39 & !or_ln40) | (centre == 128 & or_ln33 & !icmp_ln34 & !icmp_ln35 & !icmp_ln36 & !icmp_ln37 & !or_ln38 & !icmp_ln38 & !icmp_ln39 & !or_ln40) | (centre == 128 & or_ln33 & icmp_ln89 & !icmp_ln36 & !icmp_ln37 & or_ln38 & icmp_ln90 & !icmp_ln39 & !or_ln40) | (centre == 128 & or_ln33 & icmp_ln89 & !icmp_ln36 & !icmp_ln37 & !or_ln38 & !icmp_ln38 & !icmp_ln39 & !or_ln40) | (centre == 128 & or_ln33 & hasLeft & !icmp_ln34 & !hasRight & !icmp_ln36 & or_ln38 & icmp_ln90 & !icmp_ln39 & !or_ln40) | (centre == 128 & or_ln33 & hasLeft & !icmp_ln34 & !hasRight & !icmp_ln36 & !or_ln38 & !icmp_ln38 & !icmp_ln39 & !or_ln40) | (centre == 128 & or_ln33 & hasLeft & icmp_ln89 & !hasRight & !icmp_ln36 & or_ln38 & icmp_ln90 & !icmp_ln39 & !or_ln40) | (centre == 128 & or_ln33 & hasLeft & icmp_ln89 & !hasRight & !icmp_ln36 & !or_ln38 & !icmp_ln38 & !icmp_ln39 & !or_ln40) | (centre == 128 & or_ln33 & !hasLeft & !icmp_ln34 & !icmp_ln35 & !icmp_ln37 & or_ln38 & icmp_ln90 & !icmp_ln39 & !or_ln40) | (centre == 128 & or_ln33 & !hasLeft & !icmp_ln34 & !icmp_ln35 & !icmp_ln37 & !or_ln38 & !icmp_ln38 & !icmp_ln39 & !or_ln40) | (centre == 128 & or_ln33 & !hasLeft & icmp_ln89 & !icmp_ln37 & or_ln38 & icmp_ln90 & !icmp_ln39 & !or_ln40) | (centre == 128 & or_ln33 & !hasLeft & icmp_ln89 & !icmp_ln37 & !or_ln38 & !icmp_ln38 & !icmp_ln39 & !or_ln40)> <Delay = 0.00>
ST_10 : Operation 177 [1/1] (0.00ns)   --->   "%out_hysteresis1_addr_2 = getelementptr i8 %out_hysteresis1, i64 0, i64 %zext_ln110" [../src/hysteresis.cpp:136->../src/canny_top.cpp:34]   --->   Operation 177 'getelementptr' 'out_hysteresis1_addr_2' <Predicate = (centre == 128 & !icmp_ln33 & !icmp_ln34 & !icmp_ln35 & !icmp_ln36 & !icmp_ln37 & !icmp_ln38 & !icmp_ln39 & !icmp_ln40) | (centre == 128 & !icmp_ln33 & !icmp_ln34 & !icmp_ln35 & !icmp_ln36 & !icmp_ln37 & !icmp_ln38 & !icmp_ln39 & or_ln40) | (centre == 128 & !icmp_ln33 & !icmp_ln34 & !icmp_ln35 & !icmp_ln36 & !icmp_ln37 & or_ln38 & !icmp_ln39 & !icmp_ln40) | (centre == 128 & !icmp_ln33 & !icmp_ln34 & !icmp_ln35 & !icmp_ln36 & !icmp_ln37 & or_ln38 & !icmp_ln39 & or_ln40) | (centre == 128 & !icmp_ln33 & !icmp_ln34 & !icmp_ln35 & !icmp_ln36 & !icmp_ln37 & or_ln38 & !icmp_ln90) | (centre == 128 & !icmp_ln33 & icmp_ln89 & !icmp_ln36 & !icmp_ln37 & !icmp_ln38 & !icmp_ln39 & !icmp_ln40) | (centre == 128 & !icmp_ln33 & icmp_ln89 & !icmp_ln36 & !icmp_ln37 & !icmp_ln38 & !icmp_ln39 & or_ln40) | (centre == 128 & !icmp_ln33 & icmp_ln89 & !icmp_ln36 & !icmp_ln37 & or_ln38 & !icmp_ln39 & !icmp_ln40) | (centre == 128 & !icmp_ln33 & icmp_ln89 & !icmp_ln36 & !icmp_ln37 & or_ln38 & !icmp_ln39 & or_ln40) | (centre == 128 & !icmp_ln33 & icmp_ln89 & !icmp_ln36 & !icmp_ln37 & or_ln38 & !icmp_ln90) | (centre == 128 & hasLeft & !icmp_ln33 & !icmp_ln34 & !hasRight & !icmp_ln36 & !icmp_ln38 & !icmp_ln39 & !icmp_ln40) | (centre == 128 & hasLeft & !icmp_ln33 & !icmp_ln34 & !hasRight & !icmp_ln36 & !icmp_ln38 & !icmp_ln39 & or_ln40) | (centre == 128 & hasLeft & !icmp_ln33 & !icmp_ln34 & !hasRight & !icmp_ln36 & or_ln38 & !icmp_ln39 & !icmp_ln40) | (centre == 128 & hasLeft & !icmp_ln33 & !icmp_ln34 & !hasRight & !icmp_ln36 & or_ln38 & !icmp_ln39 & or_ln40) | (centre == 128 & hasLeft & !icmp_ln33 & !icmp_ln34 & !hasRight & !icmp_ln36 & or_ln38 & !icmp_ln90) | (centre == 128 & hasLeft & !icmp_ln33 & icmp_ln89 & !hasRight & !icmp_ln36 & !icmp_ln38 & !icmp_ln39 & !icmp_ln40) | (centre == 128 & hasLeft & !icmp_ln33 & icmp_ln89 & !hasRight & !icmp_ln36 & !icmp_ln38 & !icmp_ln39 & or_ln40) | (centre == 128 & hasLeft & !icmp_ln33 & icmp_ln89 & !hasRight & !icmp_ln36 & or_ln38 & !icmp_ln39 & !icmp_ln40) | (centre == 128 & hasLeft & !icmp_ln33 & icmp_ln89 & !hasRight & !icmp_ln36 & or_ln38 & !icmp_ln39 & or_ln40) | (centre == 128 & hasLeft & !icmp_ln33 & icmp_ln89 & !hasRight & !icmp_ln36 & or_ln38 & !icmp_ln90) | (centre == 128 & !hasLeft & !icmp_ln33 & !icmp_ln34 & !icmp_ln35 & !icmp_ln37 & !icmp_ln38 & !icmp_ln39 & !icmp_ln40) | (centre == 128 & !hasLeft & !icmp_ln33 & !icmp_ln34 & !icmp_ln35 & !icmp_ln37 & !icmp_ln38 & !icmp_ln39 & or_ln40) | (centre == 128 & !hasLeft & !icmp_ln33 & !icmp_ln34 & !icmp_ln35 & !icmp_ln37 & or_ln38 & !icmp_ln39 & !icmp_ln40) | (centre == 128 & !hasLeft & !icmp_ln33 & !icmp_ln34 & !icmp_ln35 & !icmp_ln37 & or_ln38 & !icmp_ln39 & or_ln40) | (centre == 128 & !hasLeft & !icmp_ln33 & !icmp_ln34 & !icmp_ln35 & !icmp_ln37 & or_ln38 & !icmp_ln90) | (centre == 128 & !hasLeft & !icmp_ln33 & icmp_ln89 & !icmp_ln37 & !icmp_ln38 & !icmp_ln39 & !icmp_ln40) | (centre == 128 & !hasLeft & !icmp_ln33 & icmp_ln89 & !icmp_ln37 & !icmp_ln38 & !icmp_ln39 & or_ln40) | (centre == 128 & !hasLeft & !icmp_ln33 & icmp_ln89 & !icmp_ln37 & or_ln38 & !icmp_ln39 & !icmp_ln40) | (centre == 128 & !hasLeft & !icmp_ln33 & icmp_ln89 & !icmp_ln37 & or_ln38 & !icmp_ln39 & or_ln40) | (centre == 128 & !hasLeft & !icmp_ln33 & icmp_ln89 & !icmp_ln37 & or_ln38 & !icmp_ln90) | (centre == 128 & or_ln33 & !icmp_ln34 & !icmp_ln35 & !icmp_ln36 & !icmp_ln37 & !icmp_ln38 & !icmp_ln39 & !icmp_ln40) | (centre == 128 & or_ln33 & !icmp_ln34 & !icmp_ln35 & !icmp_ln36 & !icmp_ln37 & !icmp_ln38 & !icmp_ln39 & or_ln40) | (centre == 128 & or_ln33 & !icmp_ln34 & !icmp_ln35 & !icmp_ln36 & !icmp_ln37 & or_ln38 & !icmp_ln39 & !icmp_ln40) | (centre == 128 & or_ln33 & !icmp_ln34 & !icmp_ln35 & !icmp_ln36 & !icmp_ln37 & or_ln38 & !icmp_ln39 & or_ln40) | (centre == 128 & or_ln33 & !icmp_ln34 & !icmp_ln35 & !icmp_ln36 & !icmp_ln37 & or_ln38 & !icmp_ln90) | (centre == 128 & or_ln33 & icmp_ln89 & !icmp_ln36 & !icmp_ln37 & !icmp_ln38 & !icmp_ln39 & !icmp_ln40) | (centre == 128 & or_ln33 & icmp_ln89 & !icmp_ln36 & !icmp_ln37 & !icmp_ln38 & !icmp_ln39 & or_ln40) | (centre == 128 & or_ln33 & icmp_ln89 & !icmp_ln36 & !icmp_ln37 & or_ln38 & !icmp_ln39 & !icmp_ln40) | (centre == 128 & or_ln33 & icmp_ln89 & !icmp_ln36 & !icmp_ln37 & or_ln38 & !icmp_ln39 & or_ln40) | (centre == 128 & or_ln33 & icmp_ln89 & !icmp_ln36 & !icmp_ln37 & or_ln38 & !icmp_ln90) | (centre == 128 & or_ln33 & hasLeft & !icmp_ln34 & !hasRight & !icmp_ln36 & !icmp_ln38 & !icmp_ln39 & !icmp_ln40) | (centre == 128 & or_ln33 & hasLeft & !icmp_ln34 & !hasRight & !icmp_ln36 & !icmp_ln38 & !icmp_ln39 & or_ln40) | (centre == 128 & or_ln33 & hasLeft & !icmp_ln34 & !hasRight & !icmp_ln36 & or_ln38 & !icmp_ln39 & !icmp_ln40) | (centre == 128 & or_ln33 & hasLeft & !icmp_ln34 & !hasRight & !icmp_ln36 & or_ln38 & !icmp_ln39 & or_ln40) | (centre == 128 & or_ln33 & hasLeft & !icmp_ln34 & !hasRight & !icmp_ln36 & or_ln38 & !icmp_ln90) | (centre == 128 & or_ln33 & hasLeft & icmp_ln89 & !hasRight & !icmp_ln36 & !icmp_ln38 & !icmp_ln39 & !icmp_ln40) | (centre == 128 & or_ln33 & hasLeft & icmp_ln89 & !hasRight & !icmp_ln36 & !icmp_ln38 & !icmp_ln39 & or_ln40) | (centre == 128 & or_ln33 & hasLeft & icmp_ln89 & !hasRight & !icmp_ln36 & or_ln38 & !icmp_ln39 & !icmp_ln40) | (centre == 128 & or_ln33 & hasLeft & icmp_ln89 & !hasRight & !icmp_ln36 & or_ln38 & !icmp_ln39 & or_ln40) | (centre == 128 & or_ln33 & hasLeft & icmp_ln89 & !hasRight & !icmp_ln36 & or_ln38 & !icmp_ln90) | (centre == 128 & or_ln33 & !hasLeft & !icmp_ln34 & !icmp_ln35 & !icmp_ln37 & !icmp_ln38 & !icmp_ln39 & !icmp_ln40) | (centre == 128 & or_ln33 & !hasLeft & !icmp_ln34 & !icmp_ln35 & !icmp_ln37 & !icmp_ln38 & !icmp_ln39 & or_ln40) | (centre == 128 & or_ln33 & !hasLeft & !icmp_ln34 & !icmp_ln35 & !icmp_ln37 & or_ln38 & !icmp_ln39 & !icmp_ln40) | (centre == 128 & or_ln33 & !hasLeft & !icmp_ln34 & !icmp_ln35 & !icmp_ln37 & or_ln38 & !icmp_ln39 & or_ln40) | (centre == 128 & or_ln33 & !hasLeft & !icmp_ln34 & !icmp_ln35 & !icmp_ln37 & or_ln38 & !icmp_ln90) | (centre == 128 & or_ln33 & !hasLeft & icmp_ln89 & !icmp_ln37 & !icmp_ln38 & !icmp_ln39 & !icmp_ln40) | (centre == 128 & or_ln33 & !hasLeft & icmp_ln89 & !icmp_ln37 & !icmp_ln38 & !icmp_ln39 & or_ln40) | (centre == 128 & or_ln33 & !hasLeft & icmp_ln89 & !icmp_ln37 & or_ln38 & !icmp_ln39 & !icmp_ln40) | (centre == 128 & or_ln33 & !hasLeft & icmp_ln89 & !icmp_ln37 & or_ln38 & !icmp_ln39 & or_ln40) | (centre == 128 & or_ln33 & !hasLeft & icmp_ln89 & !icmp_ln37 & or_ln38 & !icmp_ln90)> <Delay = 0.00>
ST_10 : Operation 178 [1/1] ( I:1.23ns O:1.23ns )   --->   "%store_ln136 = store i8 128, i9 %out_hysteresis1_addr_2" [../src/hysteresis.cpp:136->../src/canny_top.cpp:34]   --->   Operation 178 'store' 'store_ln136' <Predicate = (centre == 128 & !icmp_ln33 & !icmp_ln34 & !icmp_ln35 & !icmp_ln36 & !icmp_ln37 & !icmp_ln38 & !icmp_ln39 & !icmp_ln40) | (centre == 128 & !icmp_ln33 & !icmp_ln34 & !icmp_ln35 & !icmp_ln36 & !icmp_ln37 & !icmp_ln38 & !icmp_ln39 & or_ln40) | (centre == 128 & !icmp_ln33 & !icmp_ln34 & !icmp_ln35 & !icmp_ln36 & !icmp_ln37 & or_ln38 & !icmp_ln39 & !icmp_ln40) | (centre == 128 & !icmp_ln33 & !icmp_ln34 & !icmp_ln35 & !icmp_ln36 & !icmp_ln37 & or_ln38 & !icmp_ln39 & or_ln40) | (centre == 128 & !icmp_ln33 & !icmp_ln34 & !icmp_ln35 & !icmp_ln36 & !icmp_ln37 & or_ln38 & !icmp_ln90) | (centre == 128 & !icmp_ln33 & icmp_ln89 & !icmp_ln36 & !icmp_ln37 & !icmp_ln38 & !icmp_ln39 & !icmp_ln40) | (centre == 128 & !icmp_ln33 & icmp_ln89 & !icmp_ln36 & !icmp_ln37 & !icmp_ln38 & !icmp_ln39 & or_ln40) | (centre == 128 & !icmp_ln33 & icmp_ln89 & !icmp_ln36 & !icmp_ln37 & or_ln38 & !icmp_ln39 & !icmp_ln40) | (centre == 128 & !icmp_ln33 & icmp_ln89 & !icmp_ln36 & !icmp_ln37 & or_ln38 & !icmp_ln39 & or_ln40) | (centre == 128 & !icmp_ln33 & icmp_ln89 & !icmp_ln36 & !icmp_ln37 & or_ln38 & !icmp_ln90) | (centre == 128 & hasLeft & !icmp_ln33 & !icmp_ln34 & !hasRight & !icmp_ln36 & !icmp_ln38 & !icmp_ln39 & !icmp_ln40) | (centre == 128 & hasLeft & !icmp_ln33 & !icmp_ln34 & !hasRight & !icmp_ln36 & !icmp_ln38 & !icmp_ln39 & or_ln40) | (centre == 128 & hasLeft & !icmp_ln33 & !icmp_ln34 & !hasRight & !icmp_ln36 & or_ln38 & !icmp_ln39 & !icmp_ln40) | (centre == 128 & hasLeft & !icmp_ln33 & !icmp_ln34 & !hasRight & !icmp_ln36 & or_ln38 & !icmp_ln39 & or_ln40) | (centre == 128 & hasLeft & !icmp_ln33 & !icmp_ln34 & !hasRight & !icmp_ln36 & or_ln38 & !icmp_ln90) | (centre == 128 & hasLeft & !icmp_ln33 & icmp_ln89 & !hasRight & !icmp_ln36 & !icmp_ln38 & !icmp_ln39 & !icmp_ln40) | (centre == 128 & hasLeft & !icmp_ln33 & icmp_ln89 & !hasRight & !icmp_ln36 & !icmp_ln38 & !icmp_ln39 & or_ln40) | (centre == 128 & hasLeft & !icmp_ln33 & icmp_ln89 & !hasRight & !icmp_ln36 & or_ln38 & !icmp_ln39 & !icmp_ln40) | (centre == 128 & hasLeft & !icmp_ln33 & icmp_ln89 & !hasRight & !icmp_ln36 & or_ln38 & !icmp_ln39 & or_ln40) | (centre == 128 & hasLeft & !icmp_ln33 & icmp_ln89 & !hasRight & !icmp_ln36 & or_ln38 & !icmp_ln90) | (centre == 128 & !hasLeft & !icmp_ln33 & !icmp_ln34 & !icmp_ln35 & !icmp_ln37 & !icmp_ln38 & !icmp_ln39 & !icmp_ln40) | (centre == 128 & !hasLeft & !icmp_ln33 & !icmp_ln34 & !icmp_ln35 & !icmp_ln37 & !icmp_ln38 & !icmp_ln39 & or_ln40) | (centre == 128 & !hasLeft & !icmp_ln33 & !icmp_ln34 & !icmp_ln35 & !icmp_ln37 & or_ln38 & !icmp_ln39 & !icmp_ln40) | (centre == 128 & !hasLeft & !icmp_ln33 & !icmp_ln34 & !icmp_ln35 & !icmp_ln37 & or_ln38 & !icmp_ln39 & or_ln40) | (centre == 128 & !hasLeft & !icmp_ln33 & !icmp_ln34 & !icmp_ln35 & !icmp_ln37 & or_ln38 & !icmp_ln90) | (centre == 128 & !hasLeft & !icmp_ln33 & icmp_ln89 & !icmp_ln37 & !icmp_ln38 & !icmp_ln39 & !icmp_ln40) | (centre == 128 & !hasLeft & !icmp_ln33 & icmp_ln89 & !icmp_ln37 & !icmp_ln38 & !icmp_ln39 & or_ln40) | (centre == 128 & !hasLeft & !icmp_ln33 & icmp_ln89 & !icmp_ln37 & or_ln38 & !icmp_ln39 & !icmp_ln40) | (centre == 128 & !hasLeft & !icmp_ln33 & icmp_ln89 & !icmp_ln37 & or_ln38 & !icmp_ln39 & or_ln40) | (centre == 128 & !hasLeft & !icmp_ln33 & icmp_ln89 & !icmp_ln37 & or_ln38 & !icmp_ln90) | (centre == 128 & or_ln33 & !icmp_ln34 & !icmp_ln35 & !icmp_ln36 & !icmp_ln37 & !icmp_ln38 & !icmp_ln39 & !icmp_ln40) | (centre == 128 & or_ln33 & !icmp_ln34 & !icmp_ln35 & !icmp_ln36 & !icmp_ln37 & !icmp_ln38 & !icmp_ln39 & or_ln40) | (centre == 128 & or_ln33 & !icmp_ln34 & !icmp_ln35 & !icmp_ln36 & !icmp_ln37 & or_ln38 & !icmp_ln39 & !icmp_ln40) | (centre == 128 & or_ln33 & !icmp_ln34 & !icmp_ln35 & !icmp_ln36 & !icmp_ln37 & or_ln38 & !icmp_ln39 & or_ln40) | (centre == 128 & or_ln33 & !icmp_ln34 & !icmp_ln35 & !icmp_ln36 & !icmp_ln37 & or_ln38 & !icmp_ln90) | (centre == 128 & or_ln33 & icmp_ln89 & !icmp_ln36 & !icmp_ln37 & !icmp_ln38 & !icmp_ln39 & !icmp_ln40) | (centre == 128 & or_ln33 & icmp_ln89 & !icmp_ln36 & !icmp_ln37 & !icmp_ln38 & !icmp_ln39 & or_ln40) | (centre == 128 & or_ln33 & icmp_ln89 & !icmp_ln36 & !icmp_ln37 & or_ln38 & !icmp_ln39 & !icmp_ln40) | (centre == 128 & or_ln33 & icmp_ln89 & !icmp_ln36 & !icmp_ln37 & or_ln38 & !icmp_ln39 & or_ln40) | (centre == 128 & or_ln33 & icmp_ln89 & !icmp_ln36 & !icmp_ln37 & or_ln38 & !icmp_ln90) | (centre == 128 & or_ln33 & hasLeft & !icmp_ln34 & !hasRight & !icmp_ln36 & !icmp_ln38 & !icmp_ln39 & !icmp_ln40) | (centre == 128 & or_ln33 & hasLeft & !icmp_ln34 & !hasRight & !icmp_ln36 & !icmp_ln38 & !icmp_ln39 & or_ln40) | (centre == 128 & or_ln33 & hasLeft & !icmp_ln34 & !hasRight & !icmp_ln36 & or_ln38 & !icmp_ln39 & !icmp_ln40) | (centre == 128 & or_ln33 & hasLeft & !icmp_ln34 & !hasRight & !icmp_ln36 & or_ln38 & !icmp_ln39 & or_ln40) | (centre == 128 & or_ln33 & hasLeft & !icmp_ln34 & !hasRight & !icmp_ln36 & or_ln38 & !icmp_ln90) | (centre == 128 & or_ln33 & hasLeft & icmp_ln89 & !hasRight & !icmp_ln36 & !icmp_ln38 & !icmp_ln39 & !icmp_ln40) | (centre == 128 & or_ln33 & hasLeft & icmp_ln89 & !hasRight & !icmp_ln36 & !icmp_ln38 & !icmp_ln39 & or_ln40) | (centre == 128 & or_ln33 & hasLeft & icmp_ln89 & !hasRight & !icmp_ln36 & or_ln38 & !icmp_ln39 & !icmp_ln40) | (centre == 128 & or_ln33 & hasLeft & icmp_ln89 & !hasRight & !icmp_ln36 & or_ln38 & !icmp_ln39 & or_ln40) | (centre == 128 & or_ln33 & hasLeft & icmp_ln89 & !hasRight & !icmp_ln36 & or_ln38 & !icmp_ln90) | (centre == 128 & or_ln33 & !hasLeft & !icmp_ln34 & !icmp_ln35 & !icmp_ln37 & !icmp_ln38 & !icmp_ln39 & !icmp_ln40) | (centre == 128 & or_ln33 & !hasLeft & !icmp_ln34 & !icmp_ln35 & !icmp_ln37 & !icmp_ln38 & !icmp_ln39 & or_ln40) | (centre == 128 & or_ln33 & !hasLeft & !icmp_ln34 & !icmp_ln35 & !icmp_ln37 & or_ln38 & !icmp_ln39 & !icmp_ln40) | (centre == 128 & or_ln33 & !hasLeft & !icmp_ln34 & !icmp_ln35 & !icmp_ln37 & or_ln38 & !icmp_ln39 & or_ln40) | (centre == 128 & or_ln33 & !hasLeft & !icmp_ln34 & !icmp_ln35 & !icmp_ln37 & or_ln38 & !icmp_ln90) | (centre == 128 & or_ln33 & !hasLeft & icmp_ln89 & !icmp_ln37 & !icmp_ln38 & !icmp_ln39 & !icmp_ln40) | (centre == 128 & or_ln33 & !hasLeft & icmp_ln89 & !icmp_ln37 & !icmp_ln38 & !icmp_ln39 & or_ln40) | (centre == 128 & or_ln33 & !hasLeft & icmp_ln89 & !icmp_ln37 & or_ln38 & !icmp_ln39 & !icmp_ln40) | (centre == 128 & or_ln33 & !hasLeft & icmp_ln89 & !icmp_ln37 & or_ln38 & !icmp_ln39 & or_ln40) | (centre == 128 & or_ln33 & !hasLeft & icmp_ln89 & !icmp_ln37 & or_ln38 & !icmp_ln90)> <Delay = 1.23> <CoreInst = "RAM">   --->   Core 82 'RAM' <Latency = 1> <II = 1> <Delay = 1.23> <Storage> <Opcode : 'load' 'store'> <Ports = 2> <Width = 8> <Depth = 512> <RAM>
ST_10 : Operation 179 [1/1] (0.00ns)   --->   "%br_ln137 = br void %if.end47.i" [../src/hysteresis.cpp:137->../src/canny_top.cpp:34]   --->   Operation 179 'br' 'br_ln137' <Predicate = (centre == 128 & !icmp_ln33 & !icmp_ln34 & !icmp_ln35 & !icmp_ln36 & !icmp_ln37 & !icmp_ln38 & !icmp_ln39 & !icmp_ln40) | (centre == 128 & !icmp_ln33 & !icmp_ln34 & !icmp_ln35 & !icmp_ln36 & !icmp_ln37 & !icmp_ln38 & !icmp_ln39 & or_ln40) | (centre == 128 & !icmp_ln33 & !icmp_ln34 & !icmp_ln35 & !icmp_ln36 & !icmp_ln37 & or_ln38 & !icmp_ln39 & !icmp_ln40) | (centre == 128 & !icmp_ln33 & !icmp_ln34 & !icmp_ln35 & !icmp_ln36 & !icmp_ln37 & or_ln38 & !icmp_ln39 & or_ln40) | (centre == 128 & !icmp_ln33 & !icmp_ln34 & !icmp_ln35 & !icmp_ln36 & !icmp_ln37 & or_ln38 & !icmp_ln90) | (centre == 128 & !icmp_ln33 & icmp_ln89 & !icmp_ln36 & !icmp_ln37 & !icmp_ln38 & !icmp_ln39 & !icmp_ln40) | (centre == 128 & !icmp_ln33 & icmp_ln89 & !icmp_ln36 & !icmp_ln37 & !icmp_ln38 & !icmp_ln39 & or_ln40) | (centre == 128 & !icmp_ln33 & icmp_ln89 & !icmp_ln36 & !icmp_ln37 & or_ln38 & !icmp_ln39 & !icmp_ln40) | (centre == 128 & !icmp_ln33 & icmp_ln89 & !icmp_ln36 & !icmp_ln37 & or_ln38 & !icmp_ln39 & or_ln40) | (centre == 128 & !icmp_ln33 & icmp_ln89 & !icmp_ln36 & !icmp_ln37 & or_ln38 & !icmp_ln90) | (centre == 128 & hasLeft & !icmp_ln33 & !icmp_ln34 & !hasRight & !icmp_ln36 & !icmp_ln38 & !icmp_ln39 & !icmp_ln40) | (centre == 128 & hasLeft & !icmp_ln33 & !icmp_ln34 & !hasRight & !icmp_ln36 & !icmp_ln38 & !icmp_ln39 & or_ln40) | (centre == 128 & hasLeft & !icmp_ln33 & !icmp_ln34 & !hasRight & !icmp_ln36 & or_ln38 & !icmp_ln39 & !icmp_ln40) | (centre == 128 & hasLeft & !icmp_ln33 & !icmp_ln34 & !hasRight & !icmp_ln36 & or_ln38 & !icmp_ln39 & or_ln40) | (centre == 128 & hasLeft & !icmp_ln33 & !icmp_ln34 & !hasRight & !icmp_ln36 & or_ln38 & !icmp_ln90) | (centre == 128 & hasLeft & !icmp_ln33 & icmp_ln89 & !hasRight & !icmp_ln36 & !icmp_ln38 & !icmp_ln39 & !icmp_ln40) | (centre == 128 & hasLeft & !icmp_ln33 & icmp_ln89 & !hasRight & !icmp_ln36 & !icmp_ln38 & !icmp_ln39 & or_ln40) | (centre == 128 & hasLeft & !icmp_ln33 & icmp_ln89 & !hasRight & !icmp_ln36 & or_ln38 & !icmp_ln39 & !icmp_ln40) | (centre == 128 & hasLeft & !icmp_ln33 & icmp_ln89 & !hasRight & !icmp_ln36 & or_ln38 & !icmp_ln39 & or_ln40) | (centre == 128 & hasLeft & !icmp_ln33 & icmp_ln89 & !hasRight & !icmp_ln36 & or_ln38 & !icmp_ln90) | (centre == 128 & !hasLeft & !icmp_ln33 & !icmp_ln34 & !icmp_ln35 & !icmp_ln37 & !icmp_ln38 & !icmp_ln39 & !icmp_ln40) | (centre == 128 & !hasLeft & !icmp_ln33 & !icmp_ln34 & !icmp_ln35 & !icmp_ln37 & !icmp_ln38 & !icmp_ln39 & or_ln40) | (centre == 128 & !hasLeft & !icmp_ln33 & !icmp_ln34 & !icmp_ln35 & !icmp_ln37 & or_ln38 & !icmp_ln39 & !icmp_ln40) | (centre == 128 & !hasLeft & !icmp_ln33 & !icmp_ln34 & !icmp_ln35 & !icmp_ln37 & or_ln38 & !icmp_ln39 & or_ln40) | (centre == 128 & !hasLeft & !icmp_ln33 & !icmp_ln34 & !icmp_ln35 & !icmp_ln37 & or_ln38 & !icmp_ln90) | (centre == 128 & !hasLeft & !icmp_ln33 & icmp_ln89 & !icmp_ln37 & !icmp_ln38 & !icmp_ln39 & !icmp_ln40) | (centre == 128 & !hasLeft & !icmp_ln33 & icmp_ln89 & !icmp_ln37 & !icmp_ln38 & !icmp_ln39 & or_ln40) | (centre == 128 & !hasLeft & !icmp_ln33 & icmp_ln89 & !icmp_ln37 & or_ln38 & !icmp_ln39 & !icmp_ln40) | (centre == 128 & !hasLeft & !icmp_ln33 & icmp_ln89 & !icmp_ln37 & or_ln38 & !icmp_ln39 & or_ln40) | (centre == 128 & !hasLeft & !icmp_ln33 & icmp_ln89 & !icmp_ln37 & or_ln38 & !icmp_ln90) | (centre == 128 & or_ln33 & !icmp_ln34 & !icmp_ln35 & !icmp_ln36 & !icmp_ln37 & !icmp_ln38 & !icmp_ln39 & !icmp_ln40) | (centre == 128 & or_ln33 & !icmp_ln34 & !icmp_ln35 & !icmp_ln36 & !icmp_ln37 & !icmp_ln38 & !icmp_ln39 & or_ln40) | (centre == 128 & or_ln33 & !icmp_ln34 & !icmp_ln35 & !icmp_ln36 & !icmp_ln37 & or_ln38 & !icmp_ln39 & !icmp_ln40) | (centre == 128 & or_ln33 & !icmp_ln34 & !icmp_ln35 & !icmp_ln36 & !icmp_ln37 & or_ln38 & !icmp_ln39 & or_ln40) | (centre == 128 & or_ln33 & !icmp_ln34 & !icmp_ln35 & !icmp_ln36 & !icmp_ln37 & or_ln38 & !icmp_ln90) | (centre == 128 & or_ln33 & icmp_ln89 & !icmp_ln36 & !icmp_ln37 & !icmp_ln38 & !icmp_ln39 & !icmp_ln40) | (centre == 128 & or_ln33 & icmp_ln89 & !icmp_ln36 & !icmp_ln37 & !icmp_ln38 & !icmp_ln39 & or_ln40) | (centre == 128 & or_ln33 & icmp_ln89 & !icmp_ln36 & !icmp_ln37 & or_ln38 & !icmp_ln39 & !icmp_ln40) | (centre == 128 & or_ln33 & icmp_ln89 & !icmp_ln36 & !icmp_ln37 & or_ln38 & !icmp_ln39 & or_ln40) | (centre == 128 & or_ln33 & icmp_ln89 & !icmp_ln36 & !icmp_ln37 & or_ln38 & !icmp_ln90) | (centre == 128 & or_ln33 & hasLeft & !icmp_ln34 & !hasRight & !icmp_ln36 & !icmp_ln38 & !icmp_ln39 & !icmp_ln40) | (centre == 128 & or_ln33 & hasLeft & !icmp_ln34 & !hasRight & !icmp_ln36 & !icmp_ln38 & !icmp_ln39 & or_ln40) | (centre == 128 & or_ln33 & hasLeft & !icmp_ln34 & !hasRight & !icmp_ln36 & or_ln38 & !icmp_ln39 & !icmp_ln40) | (centre == 128 & or_ln33 & hasLeft & !icmp_ln34 & !hasRight & !icmp_ln36 & or_ln38 & !icmp_ln39 & or_ln40) | (centre == 128 & or_ln33 & hasLeft & !icmp_ln34 & !hasRight & !icmp_ln36 & or_ln38 & !icmp_ln90) | (centre == 128 & or_ln33 & hasLeft & icmp_ln89 & !hasRight & !icmp_ln36 & !icmp_ln38 & !icmp_ln39 & !icmp_ln40) | (centre == 128 & or_ln33 & hasLeft & icmp_ln89 & !hasRight & !icmp_ln36 & !icmp_ln38 & !icmp_ln39 & or_ln40) | (centre == 128 & or_ln33 & hasLeft & icmp_ln89 & !hasRight & !icmp_ln36 & or_ln38 & !icmp_ln39 & !icmp_ln40) | (centre == 128 & or_ln33 & hasLeft & icmp_ln89 & !hasRight & !icmp_ln36 & or_ln38 & !icmp_ln39 & or_ln40) | (centre == 128 & or_ln33 & hasLeft & icmp_ln89 & !hasRight & !icmp_ln36 & or_ln38 & !icmp_ln90) | (centre == 128 & or_ln33 & !hasLeft & !icmp_ln34 & !icmp_ln35 & !icmp_ln37 & !icmp_ln38 & !icmp_ln39 & !icmp_ln40) | (centre == 128 & or_ln33 & !hasLeft & !icmp_ln34 & !icmp_ln35 & !icmp_ln37 & !icmp_ln38 & !icmp_ln39 & or_ln40) | (centre == 128 & or_ln33 & !hasLeft & !icmp_ln34 & !icmp_ln35 & !icmp_ln37 & or_ln38 & !icmp_ln39 & !icmp_ln40) | (centre == 128 & or_ln33 & !hasLeft & !icmp_ln34 & !icmp_ln35 & !icmp_ln37 & or_ln38 & !icmp_ln39 & or_ln40) | (centre == 128 & or_ln33 & !hasLeft & !icmp_ln34 & !icmp_ln35 & !icmp_ln37 & or_ln38 & !icmp_ln90) | (centre == 128 & or_ln33 & !hasLeft & icmp_ln89 & !icmp_ln37 & !icmp_ln38 & !icmp_ln39 & !icmp_ln40) | (centre == 128 & or_ln33 & !hasLeft & icmp_ln89 & !icmp_ln37 & !icmp_ln38 & !icmp_ln39 & or_ln40) | (centre == 128 & or_ln33 & !hasLeft & icmp_ln89 & !icmp_ln37 & or_ln38 & !icmp_ln39 & !icmp_ln40) | (centre == 128 & or_ln33 & !hasLeft & icmp_ln89 & !icmp_ln37 & or_ln38 & !icmp_ln39 & or_ln40) | (centre == 128 & or_ln33 & !hasLeft & icmp_ln89 & !icmp_ln37 & or_ln38 & !icmp_ln90)> <Delay = 0.00>
ST_10 : Operation 180 [1/1] (0.00ns)   --->   "%out_hysteresis1_addr_3 = getelementptr i8 %out_hysteresis1, i64 0, i64 %zext_ln110" [../src/hysteresis.cpp:133->../src/canny_top.cpp:34]   --->   Operation 180 'getelementptr' 'out_hysteresis1_addr_3' <Predicate = (centre == 128 & icmp_ln90 & !or_ln40 & icmp_ln40) | (centre == 128 & icmp_ln90 & icmp_ln39) | (centre == 128 & !or_ln38 & !or_ln40 & icmp_ln40) | (centre == 128 & !or_ln38 & icmp_ln39) | (centre == 128 & !or_ln38 & icmp_ln38) | (centre == 128 & hasRight & icmp_ln37) | (centre == 128 & icmp_ln89 & !or_ln40 & icmp_ln40) | (centre == 128 & icmp_ln89 & icmp_ln39) | (centre == 128 & !icmp_ln89 & hasRight & icmp_ln35) | (centre == 128 & !icmp_ln89 & icmp_ln34) | (centre == 128 & hasLeft & icmp_ln36) | (centre == 128 & !hasLeft & icmp_ln37) | (centre == 128 & !hasLeft & !icmp_ln89 & icmp_ln35) | (centre == 128 & !or_ln33 & icmp_ln33)> <Delay = 0.00>
ST_10 : Operation 181 [1/1] ( I:1.23ns O:1.23ns )   --->   "%store_ln133 = store i8 255, i9 %out_hysteresis1_addr_3" [../src/hysteresis.cpp:133->../src/canny_top.cpp:34]   --->   Operation 181 'store' 'store_ln133' <Predicate = (centre == 128 & icmp_ln90 & !or_ln40 & icmp_ln40) | (centre == 128 & icmp_ln90 & icmp_ln39) | (centre == 128 & !or_ln38 & !or_ln40 & icmp_ln40) | (centre == 128 & !or_ln38 & icmp_ln39) | (centre == 128 & !or_ln38 & icmp_ln38) | (centre == 128 & hasRight & icmp_ln37) | (centre == 128 & icmp_ln89 & !or_ln40 & icmp_ln40) | (centre == 128 & icmp_ln89 & icmp_ln39) | (centre == 128 & !icmp_ln89 & hasRight & icmp_ln35) | (centre == 128 & !icmp_ln89 & icmp_ln34) | (centre == 128 & hasLeft & icmp_ln36) | (centre == 128 & !hasLeft & icmp_ln37) | (centre == 128 & !hasLeft & !icmp_ln89 & icmp_ln35) | (centre == 128 & !or_ln33 & icmp_ln33)> <Delay = 1.23> <CoreInst = "RAM">   --->   Core 82 'RAM' <Latency = 1> <II = 1> <Delay = 1.23> <Storage> <Opcode : 'load' 'store'> <Ports = 2> <Width = 8> <Depth = 512> <RAM>
ST_10 : Operation 182 [1/1] (0.00ns)   --->   "%br_ln134 = br void %if.end48.i" [../src/hysteresis.cpp:134->../src/canny_top.cpp:34]   --->   Operation 182 'br' 'br_ln134' <Predicate = (centre == 128 & icmp_ln90 & !or_ln40 & icmp_ln40) | (centre == 128 & icmp_ln90 & icmp_ln39) | (centre == 128 & !or_ln38 & !or_ln40 & icmp_ln40) | (centre == 128 & !or_ln38 & icmp_ln39) | (centre == 128 & !or_ln38 & icmp_ln38) | (centre == 128 & hasRight & icmp_ln37) | (centre == 128 & icmp_ln89 & !or_ln40 & icmp_ln40) | (centre == 128 & icmp_ln89 & icmp_ln39) | (centre == 128 & !icmp_ln89 & hasRight & icmp_ln35) | (centre == 128 & !icmp_ln89 & icmp_ln34) | (centre == 128 & hasLeft & icmp_ln36) | (centre == 128 & !hasLeft & icmp_ln37) | (centre == 128 & !hasLeft & !icmp_ln89 & icmp_ln35) | (centre == 128 & !or_ln33 & icmp_ln33)> <Delay = 0.00>
ST_10 : Operation 183 [1/1] (0.00ns)   --->   "%br_ln0 = br void %if.end48.i"   --->   Operation 183 'br' 'br_ln0' <Predicate = (centre != 255 & !icmp_ln33 & !icmp_ln34 & !icmp_ln35 & !icmp_ln36 & !icmp_ln37 & !icmp_ln38 & !icmp_ln39 & !icmp_ln40) | (centre != 255 & !icmp_ln33 & !icmp_ln34 & !icmp_ln35 & !icmp_ln36 & !icmp_ln37 & !icmp_ln38 & !icmp_ln39 & or_ln40) | (centre != 255 & !icmp_ln33 & !icmp_ln34 & !icmp_ln35 & !icmp_ln36 & !icmp_ln37 & or_ln38 & !icmp_ln39 & !icmp_ln40) | (centre != 255 & !icmp_ln33 & !icmp_ln34 & !icmp_ln35 & !icmp_ln36 & !icmp_ln37 & or_ln38 & !icmp_ln39 & or_ln40) | (centre != 255 & !icmp_ln33 & icmp_ln89 & !icmp_ln36 & !icmp_ln37 & !icmp_ln38 & !icmp_ln39 & !icmp_ln40) | (centre != 255 & !icmp_ln33 & icmp_ln89 & !icmp_ln36 & !icmp_ln37 & !icmp_ln38 & !icmp_ln39 & or_ln40) | (centre != 255 & !icmp_ln33 & icmp_ln89 & !icmp_ln36 & !icmp_ln37 & or_ln38 & !icmp_ln39 & !icmp_ln40) | (centre != 255 & !icmp_ln33 & icmp_ln89 & !icmp_ln36 & !icmp_ln37 & or_ln38 & !icmp_ln39 & or_ln40) | (centre != 255 & !icmp_ln33 & !icmp_ln89 & !icmp_ln34 & !icmp_ln35 & !icmp_ln36 & !icmp_ln37 & or_ln38 & !icmp_ln90) | (centre != 255 & hasLeft & !icmp_ln33 & !icmp_ln34 & !hasRight & !icmp_ln36 & !icmp_ln38 & !icmp_ln39 & !icmp_ln40) | (centre != 255 & hasLeft & !icmp_ln33 & !icmp_ln34 & !hasRight & !icmp_ln36 & !icmp_ln38 & !icmp_ln39 & or_ln40) | (centre != 255 & hasLeft & !icmp_ln33 & !icmp_ln34 & !hasRight & !icmp_ln36 & or_ln38 & !icmp_ln39 & !icmp_ln40) | (centre != 255 & hasLeft & !icmp_ln33 & !icmp_ln34 & !hasRight & !icmp_ln36 & or_ln38 & !icmp_ln39 & or_ln40) | (centre != 255 & hasLeft & !icmp_ln33 & icmp_ln89 & !hasRight & !icmp_ln36 & !icmp_ln38 & !icmp_ln39 & !icmp_ln40) | (centre != 255 & hasLeft & !icmp_ln33 & icmp_ln89 & !hasRight & !icmp_ln36 & !icmp_ln38 & !icmp_ln39 & or_ln40) | (centre != 255 & hasLeft & !icmp_ln33 & icmp_ln89 & !hasRight & !icmp_ln36 & or_ln38 & !icmp_ln39 & !icmp_ln40) | (centre != 255 & hasLeft & !icmp_ln33 & icmp_ln89 & !hasRight & !icmp_ln36 & or_ln38 & !icmp_ln39 & or_ln40) | (centre != 255 & hasLeft & !icmp_ln33 & !icmp_ln89 & !icmp_ln34 & !hasRight & !icmp_ln36 & or_ln38 & !icmp_ln90) | (centre != 255 & !hasLeft & !icmp_ln33 & !icmp_ln34 & !icmp_ln35 & !icmp_ln37 & !icmp_ln38 & !icmp_ln39 & !icmp_ln40) | (centre != 255 & !hasLeft & !icmp_ln33 & !icmp_ln34 & !icmp_ln35 & !icmp_ln37 & !icmp_ln38 & !icmp_ln39 & or_ln40) | (centre != 255 & !hasLeft & !icmp_ln33 & !icmp_ln34 & !icmp_ln35 & !icmp_ln37 & or_ln38 & !icmp_ln39 & !icmp_ln40) | (centre != 255 & !hasLeft & !icmp_ln33 & !icmp_ln34 & !icmp_ln35 & !icmp_ln37 & or_ln38 & !icmp_ln39 & or_ln40) | (centre != 255 & !hasLeft & !icmp_ln33 & icmp_ln89 & !icmp_ln37 & !icmp_ln38 & !icmp_ln39 & !icmp_ln40) | (centre != 255 & !hasLeft & !icmp_ln33 & icmp_ln89 & !icmp_ln37 & !icmp_ln38 & !icmp_ln39 & or_ln40) | (centre != 255 & !hasLeft & !icmp_ln33 & icmp_ln89 & !icmp_ln37 & or_ln38 & !icmp_ln39 & !icmp_ln40) | (centre != 255 & !hasLeft & !icmp_ln33 & icmp_ln89 & !icmp_ln37 & or_ln38 & !icmp_ln39 & or_ln40) | (centre != 255 & !hasLeft & !icmp_ln33 & !icmp_ln89 & !icmp_ln34 & !icmp_ln35 & !icmp_ln37 & or_ln38 & !icmp_ln90) | (centre != 255 & or_ln33 & !icmp_ln34 & !icmp_ln35 & !icmp_ln36 & !icmp_ln37 & !icmp_ln38 & !icmp_ln39 & !icmp_ln40) | (centre != 255 & or_ln33 & !icmp_ln34 & !icmp_ln35 & !icmp_ln36 & !icmp_ln37 & !icmp_ln38 & !icmp_ln39 & or_ln40) | (centre != 255 & or_ln33 & !icmp_ln34 & !icmp_ln35 & !icmp_ln36 & !icmp_ln37 & or_ln38 & !icmp_ln39 & !icmp_ln40) | (centre != 255 & or_ln33 & !icmp_ln34 & !icmp_ln35 & !icmp_ln36 & !icmp_ln37 & or_ln38 & !icmp_ln39 & or_ln40) | (centre != 255 & or_ln33 & icmp_ln89 & !icmp_ln36 & !icmp_ln37 & !icmp_ln38 & !icmp_ln39 & !icmp_ln40) | (centre != 255 & or_ln33 & icmp_ln89 & !icmp_ln36 & !icmp_ln37 & !icmp_ln38 & !icmp_ln39 & or_ln40) | (centre != 255 & or_ln33 & icmp_ln89 & !icmp_ln36 & !icmp_ln37 & or_ln38 & !icmp_ln39 & !icmp_ln40) | (centre != 255 & or_ln33 & icmp_ln89 & !icmp_ln36 & !icmp_ln37 & or_ln38 & !icmp_ln39 & or_ln40) | (centre != 255 & or_ln33 & !icmp_ln89 & !icmp_ln34 & !icmp_ln35 & !icmp_ln36 & !icmp_ln37 & or_ln38 & !icmp_ln90) | (centre != 255 & or_ln33 & hasLeft & !icmp_ln34 & !hasRight & !icmp_ln36 & !icmp_ln38 & !icmp_ln39 & !icmp_ln40) | (centre != 255 & or_ln33 & hasLeft & !icmp_ln34 & !hasRight & !icmp_ln36 & !icmp_ln38 & !icmp_ln39 & or_ln40) | (centre != 255 & or_ln33 & hasLeft & !icmp_ln34 & !hasRight & !icmp_ln36 & or_ln38 & !icmp_ln39 & !icmp_ln40) | (centre != 255 & or_ln33 & hasLeft & !icmp_ln34 & !hasRight & !icmp_ln36 & or_ln38 & !icmp_ln39 & or_ln40) | (centre != 255 & or_ln33 & hasLeft & icmp_ln89 & !hasRight & !icmp_ln36 & !icmp_ln38 & !icmp_ln39 & !icmp_ln40) | (centre != 255 & or_ln33 & hasLeft & icmp_ln89 & !hasRight & !icmp_ln36 & !icmp_ln38 & !icmp_ln39 & or_ln40) | (centre != 255 & or_ln33 & hasLeft & icmp_ln89 & !hasRight & !icmp_ln36 & or_ln38 & !icmp_ln39 & !icmp_ln40) | (centre != 255 & or_ln33 & hasLeft & icmp_ln89 & !hasRight & !icmp_ln36 & or_ln38 & !icmp_ln39 & or_ln40) | (centre != 255 & or_ln33 & hasLeft & !icmp_ln89 & !icmp_ln34 & !hasRight & !icmp_ln36 & or_ln38 & !icmp_ln90) | (centre != 255 & or_ln33 & !hasLeft & !icmp_ln34 & !icmp_ln35 & !icmp_ln37 & !icmp_ln38 & !icmp_ln39 & !icmp_ln40) | (centre != 255 & or_ln33 & !hasLeft & !icmp_ln34 & !icmp_ln35 & !icmp_ln37 & !icmp_ln38 & !icmp_ln39 & or_ln40) | (centre != 255 & or_ln33 & !hasLeft & !icmp_ln34 & !icmp_ln35 & !icmp_ln37 & or_ln38 & !icmp_ln39 & !icmp_ln40) | (centre != 255 & or_ln33 & !hasLeft & !icmp_ln34 & !icmp_ln35 & !icmp_ln37 & or_ln38 & !icmp_ln39 & or_ln40) | (centre != 255 & or_ln33 & !hasLeft & icmp_ln89 & !icmp_ln37 & !icmp_ln38 & !icmp_ln39 & !icmp_ln40) | (centre != 255 & or_ln33 & !hasLeft & icmp_ln89 & !icmp_ln37 & !icmp_ln38 & !icmp_ln39 & or_ln40) | (centre != 255 & or_ln33 & !hasLeft & icmp_ln89 & !icmp_ln37 & or_ln38 & !icmp_ln39 & !icmp_ln40) | (centre != 255 & or_ln33 & !hasLeft & icmp_ln89 & !icmp_ln37 & or_ln38 & !icmp_ln39 & or_ln40) | (centre != 255 & or_ln33 & !hasLeft & !icmp_ln89 & !icmp_ln34 & !icmp_ln35 & !icmp_ln37 & or_ln38 & !icmp_ln90) | (centre != 255 & centre != 128)> <Delay = 0.00>


============================================================
+ Verbose Summary: Timing violations
============================================================
Target clock period: 5.000ns, clock uncertainty: 1.350ns.

 <State 1>: 1.664ns
The critical path consists of the following:
	'store' operation ('store_ln110', ../src/hysteresis.cpp:110->../src/canny_top.cpp:34) of constant 0 10 bit on local variable 'column', ../src/hysteresis.cpp:110->../src/canny_top.cpp:34 [23]  (0.427 ns)
	'load' operation 10 bit ('column', ../src/hysteresis.cpp:110->../src/canny_top.cpp:34) on local variable 'column', ../src/hysteresis.cpp:110->../src/canny_top.cpp:34 [26]  (0.000 ns)
	'getelementptr' operation 10 bit ('p_ZN12_GLOBAL_N_110lineBufferILi1EEE_0_addr', ../src/hysteresis.cpp:112->../src/canny_top.cpp:34) [40]  (0.000 ns)
	'load' operation 8 bit ('p_ZN12_GLOBAL_N_110lineBufferILi1EEE_0_load', ../src/hysteresis.cpp:112->../src/canny_top.cpp:34) on array 'p_ZN12_GLOBAL_N_110lineBufferILi1EEE_0' [50]  (1.237 ns)

 <State 2>: 3.632ns
The critical path consists of the following:
	'load' operation 8 bit ('p_ZN12_GLOBAL_N_110lineBufferILi1EEE_0_load', ../src/hysteresis.cpp:112->../src/canny_top.cpp:34) on array 'p_ZN12_GLOBAL_N_110lineBufferILi1EEE_0' [50]  (1.237 ns)
	'select' operation 8 bit ('centre', ../src/hysteresis.cpp:112->../src/canny_top.cpp:34) [52]  (0.393 ns)
	'store' operation ('store_ln118', ../src/hysteresis.cpp:118->../src/canny_top.cpp:34) of constant 255 8 bit on array 'out_hysteresis1' [179]  (1.237 ns)
	blocking operation 0.765 ns on control path)

 <State 3>: 2.395ns
The critical path consists of the following:
	'load' operation 8 bit ('p_ZN12_GLOBAL_N_110lineBufferILi1EEE_0_load_1', ../src/hysteresis.cpp:33->../src/hysteresis.cpp:122->../src/canny_top.cpp:34) on array 'p_ZN12_GLOBAL_N_110lineBufferILi1EEE_0' [69]  (1.237 ns)
	'select' operation 8 bit ('select_ln33', ../src/hysteresis.cpp:33->../src/hysteresis.cpp:122->../src/canny_top.cpp:34) [71]  (0.393 ns)
	'icmp' operation 1 bit ('icmp_ln33', ../src/hysteresis.cpp:33->../src/hysteresis.cpp:122->../src/canny_top.cpp:34) [72]  (0.765 ns)

 <State 4>: 2.395ns
The critical path consists of the following:
	'load' operation 8 bit ('p_ZN12_GLOBAL_N_110lineBufferILi1EEE_0_load_2', ../src/hysteresis.cpp:34->../src/hysteresis.cpp:122->../src/canny_top.cpp:34) on array 'p_ZN12_GLOBAL_N_110lineBufferILi1EEE_0' [77]  (1.237 ns)
	'select' operation 8 bit ('select_ln34', ../src/hysteresis.cpp:34->../src/hysteresis.cpp:122->../src/canny_top.cpp:34) [79]  (0.393 ns)
	'icmp' operation 1 bit ('icmp_ln34', ../src/hysteresis.cpp:34->../src/hysteresis.cpp:122->../src/canny_top.cpp:34) [80]  (0.765 ns)

 <State 5>: 2.395ns
The critical path consists of the following:
	'load' operation 8 bit ('p_ZN12_GLOBAL_N_110lineBufferILi1EEE_0_load_3', ../src/hysteresis.cpp:35->../src/hysteresis.cpp:122->../src/canny_top.cpp:34) on array 'p_ZN12_GLOBAL_N_110lineBufferILi1EEE_0' [91]  (1.237 ns)
	'select' operation 8 bit ('select_ln35', ../src/hysteresis.cpp:35->../src/hysteresis.cpp:122->../src/canny_top.cpp:34) [93]  (0.393 ns)
	'icmp' operation 1 bit ('icmp_ln35', ../src/hysteresis.cpp:35->../src/hysteresis.cpp:122->../src/canny_top.cpp:34) [94]  (0.765 ns)

 <State 6>: 2.395ns
The critical path consists of the following:
	'load' operation 8 bit ('p_ZN12_GLOBAL_N_110lineBufferILi1EEE_0_load_4', ../src/hysteresis.cpp:36->../src/hysteresis.cpp:122->../src/canny_top.cpp:34) on array 'p_ZN12_GLOBAL_N_110lineBufferILi1EEE_0' [105]  (1.237 ns)
	'select' operation 8 bit ('select_ln36', ../src/hysteresis.cpp:36->../src/hysteresis.cpp:122->../src/canny_top.cpp:34) [107]  (0.393 ns)
	'icmp' operation 1 bit ('icmp_ln36', ../src/hysteresis.cpp:36->../src/hysteresis.cpp:122->../src/canny_top.cpp:34) [108]  (0.765 ns)

 <State 7>: 2.800ns
The critical path consists of the following:
	'add' operation 10 bit ('add_ln38', ../src/hysteresis.cpp:38->../src/hysteresis.cpp:122->../src/canny_top.cpp:34) [128]  (0.776 ns)
	'add' operation 10 bit ('add_ln38_4', ../src/hysteresis.cpp:38->../src/hysteresis.cpp:122->../src/canny_top.cpp:34) [131]  (0.787 ns)
	'getelementptr' operation 10 bit ('p_ZN12_GLOBAL_N_110lineBufferILi1EEE_0_addr_7', ../src/hysteresis.cpp:38->../src/hysteresis.cpp:122->../src/canny_top.cpp:34) [133]  (0.000 ns)
	'load' operation 8 bit ('p_ZN12_GLOBAL_N_110lineBufferILi1EEE_0_load_6', ../src/hysteresis.cpp:38->../src/hysteresis.cpp:122->../src/canny_top.cpp:34) on array 'p_ZN12_GLOBAL_N_110lineBufferILi1EEE_0' [135]  (1.237 ns)

 <State 8>: 2.395ns
The critical path consists of the following:
	'load' operation 8 bit ('p_ZN12_GLOBAL_N_110lineBufferILi1EEE_0_load_6', ../src/hysteresis.cpp:38->../src/hysteresis.cpp:122->../src/canny_top.cpp:34) on array 'p_ZN12_GLOBAL_N_110lineBufferILi1EEE_0' [135]  (1.237 ns)
	'select' operation 8 bit ('select_ln38', ../src/hysteresis.cpp:38->../src/hysteresis.cpp:122->../src/canny_top.cpp:34) [137]  (0.393 ns)
	'icmp' operation 1 bit ('icmp_ln38', ../src/hysteresis.cpp:38->../src/hysteresis.cpp:122->../src/canny_top.cpp:34) [138]  (0.765 ns)

 <State 9>: 2.800ns
The critical path consists of the following:
	'add' operation 10 bit ('add_ln40', ../src/hysteresis.cpp:40->../src/hysteresis.cpp:122->../src/canny_top.cpp:34) [153]  (0.776 ns)
	'add' operation 10 bit ('add_ln40_4', ../src/hysteresis.cpp:40->../src/hysteresis.cpp:122->../src/canny_top.cpp:34) [156]  (0.787 ns)
	'getelementptr' operation 10 bit ('p_ZN12_GLOBAL_N_110lineBufferILi1EEE_0_addr_8', ../src/hysteresis.cpp:40->../src/hysteresis.cpp:122->../src/canny_top.cpp:34) [158]  (0.000 ns)
	'load' operation 8 bit ('p_ZN12_GLOBAL_N_110lineBufferILi1EEE_0_load_8', ../src/hysteresis.cpp:40->../src/hysteresis.cpp:122->../src/canny_top.cpp:34) on array 'p_ZN12_GLOBAL_N_110lineBufferILi1EEE_0' [160]  (1.237 ns)

 <State 10>: 3.632ns
The critical path consists of the following:
	'load' operation 8 bit ('p_ZN12_GLOBAL_N_110lineBufferILi1EEE_0_load_8', ../src/hysteresis.cpp:40->../src/hysteresis.cpp:122->../src/canny_top.cpp:34) on array 'p_ZN12_GLOBAL_N_110lineBufferILi1EEE_0' [160]  (1.237 ns)
	'select' operation 8 bit ('select_ln40', ../src/hysteresis.cpp:40->../src/hysteresis.cpp:122->../src/canny_top.cpp:34) [162]  (0.393 ns)
	'icmp' operation 1 bit ('icmp_ln40', ../src/hysteresis.cpp:40->../src/hysteresis.cpp:122->../src/canny_top.cpp:34) [163]  (0.765 ns)
	'store' operation ('store_ln136', ../src/hysteresis.cpp:136->../src/canny_top.cpp:34) of constant 128 8 bit on array 'out_hysteresis1' [169]  (1.237 ns)


============================================================
+ Verbose Summary: Binding
============================================================
N/A
* FSMD analyzer results:
  - Output states:
 - Input state : 
  - Chain level:
	State 1
	State 2
	State 3
	State 4
	State 5
	State 6
	State 7
	State 8
	State 9
	State 10


============================================================
+ Verbose Summary: Datapath Resource usage 
============================================================
N/A
