

================================================================
== Vitis HLS Report for 'hysteresis_4_Pipeline_VITIS_LOOP_116_2'
================================================================
* Date:           Fri Jul 24 22:33:47 2026

* Version:        2025.2 (Build 6295257 on Nov 14 2025)
* Project:        canny_top
* Solution:       hls (Vitis Kernel Flow Target)
* Product family: zynquplus
* Target device:  xck26-sfvc784-2LV-c


================================================================
== Performance Estimates
================================================================
+ Timing: 
    * Summary: 
    +--------+---------+----------+------------+
    |  Clock |  Target | Estimated| Uncertainty|
    +--------+---------+----------+------------+
    |ap_clk  |  5.00 ns|  3.632 ns|     1.35 ns|
    +--------+---------+----------+------------+

+ Latency: 
    * Summary: 
    +---------+---------+-----------+-----------+-----+-----+-------------------+
    |  Latency (cycles) |   Latency (absolute)  |  Interval |      Pipeline     |
    |   min   |   max   |    min    |    max    | min | max |        Type       |
    +---------+---------+-----------+-----------+-----+-----+-------------------+
    |     2556|     2556|  12.780 us|  12.780 us|    0|    0|  loop pipeline stp|
    +---------+---------+-----------+-----------+-----+-----+-------------------+

    + Detail: 
        * Instance: 
        N/A

        * Loop: 
        +--------------------+---------+---------+----------+-----------+-----------+------+----------+
        |                    |  Latency (cycles) | Iteration|  Initiation Interval  | Trip |          |
        |      Loop Name     |   min   |   max   |  Latency |  achieved |   target  | Count| Pipelined|
        +--------------------+---------+---------+----------+-----------+-----------+------+----------+
        |- VITIS_LOOP_116_2  |     2554|     2554|        10|          5|          1|   510|       yes|
        +--------------------+---------+---------+----------+-----------+-----------+------+----------+



================================================================
== Utilization Estimates
================================================================
* Summary: 
+-----------------+---------+------+--------+--------+-----+
|       Name      | BRAM_18K|  DSP |   FF   |   LUT  | URAM|
+-----------------+---------+------+--------+--------+-----+
|DSP              |        -|     -|       -|       -|    -|
|Expression       |        -|     -|       0|     166|    -|
|FIFO             |        -|     -|       -|       -|    -|
|Instance         |        -|     -|       -|       -|    -|
|Memory           |        -|     -|       -|       -|    -|
|Multiplexer      |        -|     -|       0|     244|    -|
|Register         |        -|     -|     104|       -|    -|
+-----------------+---------+------+--------+--------+-----+
|Total            |        0|     0|     104|     410|    0|
+-----------------+---------+------+--------+--------+-----+
|Available        |      288|  1248|  234240|  117120|   64|
+-----------------+---------+------+--------+--------+-----+
|Utilization (%)  |        0|     0|      ~0|      ~0|    0|
+-----------------+---------+------+--------+--------+-----+

+ Detail: 
    * Instance: 
    N/A

    * DSP: 
    N/A

    * Memory: 
    N/A

    * FIFO: 
    N/A

    * Expression: 
    +-----------------------+----------+----+---+----+------------+------------+
    |     Variable Name     | Operation| DSP| FF| LUT| Bitwidth P0| Bitwidth P1|
    +-----------------------+----------+----+---+----+------------+------------+
    |add_ln116_fu_339_p2    |         +|   0|  0|  16|           9|           1|
    |add_ln29_fu_374_p2     |         +|   0|  0|  16|           9|           2|
    |add_ln31_fu_427_p2     |         +|   0|  0|  16|           9|           1|
    |grp_fu_282_p2          |      icmp|   0|  0|  15|           8|           2|
    |grp_fu_295_p2          |      icmp|   0|  0|  15|           8|           2|
    |icmp_ln116_fu_309_p2   |      icmp|   0|  0|  16|           9|           2|
    |icmp_ln30_fu_421_p2    |      icmp|   0|  0|  15|           8|           2|
    |icmp_ln35_fu_522_p2    |      icmp|   0|  0|  15|           8|           2|
    |centre_fu_358_p3       |    select|   0|  0|   8|           1|           8|
    |grp_fu_275_p3          |    select|   0|  0|   8|           1|           8|
    |grp_fu_288_p3          |    select|   0|  0|   8|           1|           8|
    |select_ln30_fu_414_p3  |    select|   0|  0|   8|           1|           8|
    |select_ln35_fu_515_p3  |    select|   0|  0|   8|           1|           8|
    |ap_enable_pp0          |       xor|   0|  0|   2|           1|           2|
    +-----------------------+----------+----+---+----+------------+------------+
    |Total                  |          |   0|  0| 166|          74|          56|
    +-----------------------+----------+----+---+----+------------+------------+

    * Multiplexer: 
    +-------------------------------------------------------+----+-----------+-----+-----------+
    |                          Name                         | LUT| Input Size| Bits| Total Bits|
    +-------------------------------------------------------+----+-----------+-----+-----------+
    |ap_NS_fsm                                              |  31|          6|    1|          6|
    |ap_done_int                                            |   9|          2|    1|          2|
    |ap_enable_reg_pp0_iter0                                |   9|          2|    1|          2|
    |ap_enable_reg_pp0_iter1                                |   9|          2|    1|          2|
    |ap_sig_allocacmp_column                                |   9|          2|    9|         18|
    |column_3_fu_52                                         |   9|          2|    9|         18|
    |grp_fu_288_p0                                          |  14|          3|    1|          3|
    |out_hysteresis4_address0_local                         |  26|          5|    9|         45|
    |out_hysteresis4_d0_local                               |  14|          3|    2|          6|
    |p_ZN12_GLOBAL_N_110lineBufferILi4EEE_0_address0_local  |  31|          6|   10|         60|
    |p_ZN12_GLOBAL_N_110lineBufferILi4EEE_0_address1_local  |  26|          5|   10|         50|
    |p_ZN12_GLOBAL_N_110lineBufferILi4EEE_1_address0_local  |  31|          6|   10|         60|
    |p_ZN12_GLOBAL_N_110lineBufferILi4EEE_1_address1_local  |  26|          5|   10|         50|
    +-------------------------------------------------------+----+-----------+-----+-----------+
    |Total                                                  | 244|         49|   74|        322|
    +-------------------------------------------------------+----+-----------+-----+-----------+

    * Register: 
    +-----------------------------------+---+----+-----+-----------+
    |                Name               | FF| LUT| Bits| Const Bits|
    +-----------------------------------+---+----+-----+-----------+
    |ap_CS_fsm                          |  5|   0|    5|          0|
    |ap_done_reg                        |  1|   0|    1|          0|
    |ap_enable_reg_pp0_iter0_reg        |  1|   0|    1|          0|
    |ap_enable_reg_pp0_iter1            |  1|   0|    1|          0|
    |centre_reg_597                     |  8|   0|    8|          0|
    |centre_reg_597_pp0_iter1_reg       |  8|   0|    8|          0|
    |column_3_fu_52                     |  9|   0|    9|          0|
    |column_reg_555                     |  9|   0|    9|          0|
    |icmp_ln116_reg_563                 |  1|   0|    1|          0|
    |icmp_ln29_reg_627                  |  1|   0|    1|          0|
    |icmp_ln29_reg_627_pp0_iter1_reg    |  1|   0|    1|          0|
    |icmp_ln30_reg_631                  |  1|   0|    1|          0|
    |icmp_ln30_reg_631_pp0_iter1_reg    |  1|   0|    1|          0|
    |icmp_ln31_reg_661                  |  1|   0|    1|          0|
    |icmp_ln32_reg_675                  |  1|   0|    1|          0|
    |icmp_ln33_reg_689                  |  1|   0|    1|          0|
    |icmp_ln34_reg_703                  |  1|   0|    1|          0|
    |icmp_ln35_reg_717                  |  1|   0|    1|          0|
    |lshr_ln1_reg_601                   |  8|   0|    8|          0|
    |lshr_ln2_reg_635                   |  8|   0|    8|          0|
    |lshr_ln_reg_567                    |  8|   0|    8|          0|
    |lshr_ln_reg_567_pp0_iter1_reg      |  8|   0|    8|          0|
    |trunc_ln116_reg_589                |  1|   0|    1|          0|
    |trunc_ln116_reg_589_pp0_iter1_reg  |  1|   0|    1|          0|
    |zext_ln116_reg_583                 |  9|   0|   64|         55|
    |zext_ln116_reg_583_pp0_iter1_reg   |  9|   0|   64|         55|
    +-----------------------------------+---+----+-----+-----------+
    |Total                              |104|   0|  214|        110|
    +-----------------------------------+---+----+-----+-----------+



================================================================
== Interface
================================================================
* Summary: 
+-------------------------------------------------+-----+-----+------------+-----------------------------------------+--------------+
|                    RTL Ports                    | Dir | Bits|  Protocol  |              Source Object              |    C Type    |
+-------------------------------------------------+-----+-----+------------+-----------------------------------------+--------------+
|ap_clk                                           |   in|    1|  ap_ctrl_hs|  hysteresis<4>_Pipeline_VITIS_LOOP_116_2|  return value|
|ap_rst                                           |   in|    1|  ap_ctrl_hs|  hysteresis<4>_Pipeline_VITIS_LOOP_116_2|  return value|
|ap_start                                         |   in|    1|  ap_ctrl_hs|  hysteresis<4>_Pipeline_VITIS_LOOP_116_2|  return value|
|ap_done                                          |  out|    1|  ap_ctrl_hs|  hysteresis<4>_Pipeline_VITIS_LOOP_116_2|  return value|
|ap_idle                                          |  out|    1|  ap_ctrl_hs|  hysteresis<4>_Pipeline_VITIS_LOOP_116_2|  return value|
|ap_ready                                         |  out|    1|  ap_ctrl_hs|  hysteresis<4>_Pipeline_VITIS_LOOP_116_2|  return value|
|out_hysteresis4_address0                         |  out|    9|   ap_memory|                          out_hysteresis4|         array|
|out_hysteresis4_ce0                              |  out|    1|   ap_memory|                          out_hysteresis4|         array|
|out_hysteresis4_we0                              |  out|    1|   ap_memory|                          out_hysteresis4|         array|
|out_hysteresis4_d0                               |  out|    2|   ap_memory|                          out_hysteresis4|         array|
|result_3                                         |   in|    2|     ap_none|                                 result_3|        scalar|
|result                                           |   in|    2|     ap_none|                                   result|        scalar|
|writeSlot                                        |   in|    2|     ap_none|                                writeSlot|        scalar|
|p_ZN12_GLOBAL_N_110lineBufferILi4EEE_0_address0  |  out|   10|   ap_memory|   p_ZN12_GLOBAL_N_110lineBufferILi4EEE_0|         array|
|p_ZN12_GLOBAL_N_110lineBufferILi4EEE_0_ce0       |  out|    1|   ap_memory|   p_ZN12_GLOBAL_N_110lineBufferILi4EEE_0|         array|
|p_ZN12_GLOBAL_N_110lineBufferILi4EEE_0_q0        |   in|    8|   ap_memory|   p_ZN12_GLOBAL_N_110lineBufferILi4EEE_0|         array|
|p_ZN12_GLOBAL_N_110lineBufferILi4EEE_0_address1  |  out|   10|   ap_memory|   p_ZN12_GLOBAL_N_110lineBufferILi4EEE_0|         array|
|p_ZN12_GLOBAL_N_110lineBufferILi4EEE_0_ce1       |  out|    1|   ap_memory|   p_ZN12_GLOBAL_N_110lineBufferILi4EEE_0|         array|
|p_ZN12_GLOBAL_N_110lineBufferILi4EEE_0_q1        |   in|    8|   ap_memory|   p_ZN12_GLOBAL_N_110lineBufferILi4EEE_0|         array|
|p_ZN12_GLOBAL_N_110lineBufferILi4EEE_1_address0  |  out|   10|   ap_memory|   p_ZN12_GLOBAL_N_110lineBufferILi4EEE_1|         array|
|p_ZN12_GLOBAL_N_110lineBufferILi4EEE_1_ce0       |  out|    1|   ap_memory|   p_ZN12_GLOBAL_N_110lineBufferILi4EEE_1|         array|
|p_ZN12_GLOBAL_N_110lineBufferILi4EEE_1_q0        |   in|    8|   ap_memory|   p_ZN12_GLOBAL_N_110lineBufferILi4EEE_1|         array|
|p_ZN12_GLOBAL_N_110lineBufferILi4EEE_1_address1  |  out|   10|   ap_memory|   p_ZN12_GLOBAL_N_110lineBufferILi4EEE_1|         array|
|p_ZN12_GLOBAL_N_110lineBufferILi4EEE_1_ce1       |  out|    1|   ap_memory|   p_ZN12_GLOBAL_N_110lineBufferILi4EEE_1|         array|
|p_ZN12_GLOBAL_N_110lineBufferILi4EEE_1_q1        |   in|    8|   ap_memory|   p_ZN12_GLOBAL_N_110lineBufferILi4EEE_1|         array|
+-------------------------------------------------+-----+-----+------------+-----------------------------------------+--------------+

============================================================
+ Verbose Summary: Synthesis Manager
============================================================
InlineROM: 1
ExposeGlobal: 0
============================================================
+ Verbose Summary: CDFG Model
============================================================
IsTopModel: 0
ResetActiveHigh: 1
IsCombinational: 2
IsDatapathOnly: 2
HasWiredReturn: 1
HasMFsm: 2
HasVarLatency: 1
IsPipeline: 0
IsRtlPipelined: 0
IsInstanceOverlapped: 0
IsDontTouch: 0
HasImplIP: 0
IsGatedGlobalClock: 0

+ Individual pipeline summary: 
  * Pipeline-0: initiation interval (II) = 5, depth = 10


============================================================
+ Verbose Summary: Schedule
============================================================
* Number of FSM states : 10
* Pipeline : 1
  Pipeline-0 : II = 5, D = 10, States = { 1 2 3 4 5 6 7 8 9 10 }
* Dataflow Pipeline: 0

* FSM state transitions: 
1 --> 2 
2 --> 3 
3 --> 4 
4 --> 5 
5 --> 6 
6 --> 7 
7 --> 8 
8 --> 9 
9 --> 10 
10 --> 

* FSM state operations: 

State 1 <SV = 0> <Delay = 1.66>
ST_1 : Operation 13 [1/1] (0.00ns)   --->   "%column_3 = alloca i32 1" [../src/hysteresis.cpp:26->../src/hysteresis.cpp:125->../src/canny_top.cpp:37]   --->   Operation 13 'alloca' 'column_3' <Predicate = true> <Delay = 0.00>
ST_1 : Operation 14 [1/1] (0.00ns)   --->   "%writeSlot_read = read i2 @_ssdm_op_Read.ap_auto.i2, i2 %writeSlot"   --->   Operation 14 'read' 'writeSlot_read' <Predicate = true> <Delay = 0.00>
ST_1 : Operation 15 [1/1] (0.00ns)   --->   "%result_read = read i2 @_ssdm_op_Read.ap_auto.i2, i2 %result"   --->   Operation 15 'read' 'result_read' <Predicate = true> <Delay = 0.00>
ST_1 : Operation 16 [1/1] (0.00ns)   --->   "%result_3_read = read i2 @_ssdm_op_Read.ap_auto.i2, i2 %result_3"   --->   Operation 16 'read' 'result_3_read' <Predicate = true> <Delay = 0.00>
ST_1 : Operation 17 [1/1] (0.42ns)   --->   "%store_ln26 = store i9 1, i9 %column_3" [../src/hysteresis.cpp:26->../src/hysteresis.cpp:125->../src/canny_top.cpp:37]   --->   Operation 17 'store' 'store_ln26' <Predicate = true> <Delay = 0.42>
ST_1 : Operation 18 [1/1] (0.00ns)   --->   "%br_ln0 = br void %for.body24.i"   --->   Operation 18 'br' 'br_ln0' <Predicate = true> <Delay = 0.00>
ST_1 : Operation 19 [1/1] (0.00ns)   --->   "%column = load i9 %column_3" [../src/hysteresis.cpp:29->../src/hysteresis.cpp:125->../src/canny_top.cpp:37]   --->   Operation 19 'load' 'column' <Predicate = true> <Delay = 0.00>
ST_1 : Operation 20 [1/1] (0.77ns)   --->   "%icmp_ln116 = icmp_eq  i9 %column, i9 511" [../src/hysteresis.cpp:116->../src/canny_top.cpp:37]   --->   Operation 20 'icmp' 'icmp_ln116' <Predicate = true> <Delay = 0.77> <CoreInst = "Cmp">   --->   Core 9 'Cmp' <Latency = 0> <II = 1> <Delay = 0.77> <FuncUnit> <Opcode : 'seteq' 'setne' 'setle' 'setge' 'setlt' 'setgt'> <InPorts = 2> <OutPorts = 1>
ST_1 : Operation 21 [1/1] (0.00ns)   --->   "%br_ln116 = br i1 %icmp_ln116, void %for.body24.split.i, void %cleanup55.i.loopexit.exitStub" [../src/hysteresis.cpp:116->../src/canny_top.cpp:37]   --->   Operation 21 'br' 'br_ln116' <Predicate = true> <Delay = 0.00>
ST_1 : Operation 22 [1/1] (0.00ns)   --->   "%lshr_ln = partselect i8 @_ssdm_op_PartSelect.i8.i9.i32.i32, i9 %column, i32 1, i32 8" [../src/hysteresis.cpp:116->../src/canny_top.cpp:37]   --->   Operation 22 'partselect' 'lshr_ln' <Predicate = (!icmp_ln116)> <Delay = 0.00>
ST_1 : Operation 23 [1/1] (0.00ns)   --->   "%tmp_s = bitconcatenate i10 @_ssdm_op_BitConcatenate.i10.i2.i8, i2 %result_3_read, i8 %lshr_ln" [../src/hysteresis.cpp:118->../src/canny_top.cpp:37]   --->   Operation 23 'bitconcatenate' 'tmp_s' <Predicate = (!icmp_ln116)> <Delay = 0.00>
ST_1 : Operation 24 [1/1] (0.00ns)   --->   "%zext_ln118 = zext i10 %tmp_s" [../src/hysteresis.cpp:118->../src/canny_top.cpp:37]   --->   Operation 24 'zext' 'zext_ln118' <Predicate = (!icmp_ln116)> <Delay = 0.00>
ST_1 : Operation 25 [1/1] (0.00ns)   --->   "%p_ZN12_GLOBAL_N_110lineBufferILi4EEE_0_addr = getelementptr i8 %p_ZN12_GLOBAL_N_110lineBufferILi4EEE_0, i64 0, i64 %zext_ln118" [../src/hysteresis.cpp:118->../src/canny_top.cpp:37]   --->   Operation 25 'getelementptr' 'p_ZN12_GLOBAL_N_110lineBufferILi4EEE_0_addr' <Predicate = (!icmp_ln116)> <Delay = 0.00>
ST_1 : Operation 26 [1/1] (0.00ns)   --->   "%p_ZN12_GLOBAL_N_110lineBufferILi4EEE_1_addr = getelementptr i8 %p_ZN12_GLOBAL_N_110lineBufferILi4EEE_1, i64 0, i64 %zext_ln118" [../src/hysteresis.cpp:118->../src/canny_top.cpp:37]   --->   Operation 26 'getelementptr' 'p_ZN12_GLOBAL_N_110lineBufferILi4EEE_1_addr' <Predicate = (!icmp_ln116)> <Delay = 0.00>
ST_1 : Operation 27 [2/2] (1.23ns)   --->   "%p_ZN12_GLOBAL_N_110lineBufferILi4EEE_0_load = load i10 %p_ZN12_GLOBAL_N_110lineBufferILi4EEE_0_addr" [../src/hysteresis.cpp:118->../src/canny_top.cpp:37]   --->   Operation 27 'load' 'p_ZN12_GLOBAL_N_110lineBufferILi4EEE_0_load' <Predicate = (!icmp_ln116)> <Delay = 1.23> <CoreInst = "RAM">   --->   Core 82 'RAM' <Latency = 1> <II = 1> <Delay = 1.23> <Storage> <Opcode : 'load' 'store'> <Ports = 2> <Width = 8> <Depth = 768> <RAM>
ST_1 : Operation 28 [2/2] (1.23ns)   --->   "%p_ZN12_GLOBAL_N_110lineBufferILi4EEE_1_load = load i10 %p_ZN12_GLOBAL_N_110lineBufferILi4EEE_1_addr" [../src/hysteresis.cpp:118->../src/canny_top.cpp:37]   --->   Operation 28 'load' 'p_ZN12_GLOBAL_N_110lineBufferILi4EEE_1_load' <Predicate = (!icmp_ln116)> <Delay = 1.23> <CoreInst = "RAM">   --->   Core 82 'RAM' <Latency = 1> <II = 1> <Delay = 1.23> <Storage> <Opcode : 'load' 'store'> <Ports = 2> <Width = 8> <Depth = 768> <RAM>
ST_1 : Operation 29 [1/1] (0.77ns)   --->   "%add_ln116 = add i9 %column, i9 1" [../src/hysteresis.cpp:116->../src/canny_top.cpp:37]   --->   Operation 29 'add' 'add_ln116' <Predicate = (!icmp_ln116)> <Delay = 0.77> <CoreInst = "Adder">   --->   Core 1 'Adder' <Latency = 0> <II = 1> <Delay = 0.77> <FuncUnit> <Opcode : 'add' 'sub'> <InPorts = 2> <OutPorts = 1>
ST_1 : Operation 30 [1/1] (0.42ns)   --->   "%store_ln26 = store i9 %add_ln116, i9 %column_3" [../src/hysteresis.cpp:26->../src/hysteresis.cpp:125->../src/canny_top.cpp:37]   --->   Operation 30 'store' 'store_ln26' <Predicate = (!icmp_ln116)> <Delay = 0.42>
ST_1 : Operation 31 [1/1] (0.00ns)   --->   "%br_ln116 = br void %for.body24.i" [../src/hysteresis.cpp:116->../src/canny_top.cpp:37]   --->   Operation 31 'br' 'br_ln116' <Predicate = (!icmp_ln116)> <Delay = 0.00>

State 2 <SV = 1> <Delay = 3.63>
ST_2 : Operation 32 [1/1] (0.00ns)   --->   "%zext_ln116 = zext i9 %column" [../src/hysteresis.cpp:116->../src/canny_top.cpp:37]   --->   Operation 32 'zext' 'zext_ln116' <Predicate = (!icmp_ln116)> <Delay = 0.00>
ST_2 : Operation 33 [1/1] (0.00ns)   --->   "%trunc_ln116 = trunc i9 %column" [../src/hysteresis.cpp:116->../src/canny_top.cpp:37]   --->   Operation 33 'trunc' 'trunc_ln116' <Predicate = (!icmp_ln116)> <Delay = 0.00>
ST_2 : Operation 34 [1/2] ( I:1.23ns O:1.23ns )   --->   "%p_ZN12_GLOBAL_N_110lineBufferILi4EEE_0_load = load i10 %p_ZN12_GLOBAL_N_110lineBufferILi4EEE_0_addr" [../src/hysteresis.cpp:118->../src/canny_top.cpp:37]   --->   Operation 34 'load' 'p_ZN12_GLOBAL_N_110lineBufferILi4EEE_0_load' <Predicate = (!icmp_ln116)> <Delay = 1.23> <CoreInst = "RAM">   --->   Core 82 'RAM' <Latency = 1> <II = 1> <Delay = 1.23> <Storage> <Opcode : 'load' 'store'> <Ports = 2> <Width = 8> <Depth = 768> <RAM>
ST_2 : Operation 35 [1/2] ( I:1.23ns O:1.23ns )   --->   "%p_ZN12_GLOBAL_N_110lineBufferILi4EEE_1_load = load i10 %p_ZN12_GLOBAL_N_110lineBufferILi4EEE_1_addr" [../src/hysteresis.cpp:118->../src/canny_top.cpp:37]   --->   Operation 35 'load' 'p_ZN12_GLOBAL_N_110lineBufferILi4EEE_1_load' <Predicate = (!icmp_ln116)> <Delay = 1.23> <CoreInst = "RAM">   --->   Core 82 'RAM' <Latency = 1> <II = 1> <Delay = 1.23> <Storage> <Opcode : 'load' 'store'> <Ports = 2> <Width = 8> <Depth = 768> <RAM>
ST_2 : Operation 36 [1/1] (0.39ns)   --->   "%centre = select i1 %trunc_ln116, i8 %p_ZN12_GLOBAL_N_110lineBufferILi4EEE_1_load, i8 %p_ZN12_GLOBAL_N_110lineBufferILi4EEE_0_load" [../src/hysteresis.cpp:118->../src/canny_top.cpp:37]   --->   Operation 36 'select' 'centre' <Predicate = (!icmp_ln116)> <Delay = 0.39> <CoreInst = "Sel">   --->   Core 73 'Sel' <Latency = 0> <II = 1> <Delay = 0.39> <FuncUnit> <Opcode : 'select'> <InPorts = 3> <OutPorts = 1>
ST_2 : Operation 37 [1/1] (0.76ns)   --->   "%switch_ln120 = switch i8 %centre, void %if.else45.i, i8 255, void %if.then30.i, i8 128, void %land.lhs.true.i" [../src/hysteresis.cpp:120->../src/canny_top.cpp:37]   --->   Operation 37 'switch' 'switch_ln120' <Predicate = (!icmp_ln116)> <Delay = 0.76>
ST_2 : Operation 38 [1/1] (0.77ns)   --->   "%add_ln29 = add i9 %column, i9 511" [../src/hysteresis.cpp:29->../src/hysteresis.cpp:125->../src/canny_top.cpp:37]   --->   Operation 38 'add' 'add_ln29' <Predicate = (!icmp_ln116 & centre == 128)> <Delay = 0.77> <CoreInst = "Adder">   --->   Core 1 'Adder' <Latency = 0> <II = 1> <Delay = 0.77> <FuncUnit> <Opcode : 'add' 'sub'> <InPorts = 2> <OutPorts = 1>
ST_2 : Operation 39 [1/1] (0.00ns)   --->   "%lshr_ln1 = partselect i8 @_ssdm_op_PartSelect.i8.i9.i32.i32, i9 %add_ln29, i32 1, i32 8" [../src/hysteresis.cpp:29->../src/hysteresis.cpp:125->../src/canny_top.cpp:37]   --->   Operation 39 'partselect' 'lshr_ln1' <Predicate = (!icmp_ln116 & centre == 128)> <Delay = 0.00>
ST_2 : Operation 40 [1/1] (0.00ns)   --->   "%tmp_20 = bitconcatenate i10 @_ssdm_op_BitConcatenate.i10.i2.i8, i2 %result_read, i8 %lshr_ln1" [../src/hysteresis.cpp:29->../src/hysteresis.cpp:125->../src/canny_top.cpp:37]   --->   Operation 40 'bitconcatenate' 'tmp_20' <Predicate = (!icmp_ln116 & centre == 128)> <Delay = 0.00>
ST_2 : Operation 41 [1/1] (0.00ns)   --->   "%zext_ln29 = zext i10 %tmp_20" [../src/hysteresis.cpp:29->../src/hysteresis.cpp:125->../src/canny_top.cpp:37]   --->   Operation 41 'zext' 'zext_ln29' <Predicate = (!icmp_ln116 & centre == 128)> <Delay = 0.00>
ST_2 : Operation 42 [1/1] (0.00ns)   --->   "%p_ZN12_GLOBAL_N_110lineBufferILi4EEE_0_addr_2 = getelementptr i8 %p_ZN12_GLOBAL_N_110lineBufferILi4EEE_0, i64 0, i64 %zext_ln29" [../src/hysteresis.cpp:29->../src/hysteresis.cpp:125->../src/canny_top.cpp:37]   --->   Operation 42 'getelementptr' 'p_ZN12_GLOBAL_N_110lineBufferILi4EEE_0_addr_2' <Predicate = (!icmp_ln116 & centre == 128)> <Delay = 0.00>
ST_2 : Operation 43 [1/1] (0.00ns)   --->   "%p_ZN12_GLOBAL_N_110lineBufferILi4EEE_1_addr_2 = getelementptr i8 %p_ZN12_GLOBAL_N_110lineBufferILi4EEE_1, i64 0, i64 %zext_ln29" [../src/hysteresis.cpp:29->../src/hysteresis.cpp:125->../src/canny_top.cpp:37]   --->   Operation 43 'getelementptr' 'p_ZN12_GLOBAL_N_110lineBufferILi4EEE_1_addr_2' <Predicate = (!icmp_ln116 & centre == 128)> <Delay = 0.00>
ST_2 : Operation 44 [2/2] (1.23ns)   --->   "%p_ZN12_GLOBAL_N_110lineBufferILi4EEE_0_load_1 = load i10 %p_ZN12_GLOBAL_N_110lineBufferILi4EEE_0_addr_2" [../src/hysteresis.cpp:29->../src/hysteresis.cpp:125->../src/canny_top.cpp:37]   --->   Operation 44 'load' 'p_ZN12_GLOBAL_N_110lineBufferILi4EEE_0_load_1' <Predicate = (!icmp_ln116 & centre == 128)> <Delay = 1.23> <CoreInst = "RAM">   --->   Core 82 'RAM' <Latency = 1> <II = 1> <Delay = 1.23> <Storage> <Opcode : 'load' 'store'> <Ports = 2> <Width = 8> <Depth = 768> <RAM>
ST_2 : Operation 45 [2/2] (1.23ns)   --->   "%p_ZN12_GLOBAL_N_110lineBufferILi4EEE_1_load_1 = load i10 %p_ZN12_GLOBAL_N_110lineBufferILi4EEE_1_addr_2" [../src/hysteresis.cpp:29->../src/hysteresis.cpp:125->../src/canny_top.cpp:37]   --->   Operation 45 'load' 'p_ZN12_GLOBAL_N_110lineBufferILi4EEE_1_load_1' <Predicate = (!icmp_ln116 & centre == 128)> <Delay = 1.23> <CoreInst = "RAM">   --->   Core 82 'RAM' <Latency = 1> <II = 1> <Delay = 1.23> <Storage> <Opcode : 'load' 'store'> <Ports = 2> <Width = 8> <Depth = 768> <RAM>
ST_2 : Operation 46 [1/1] (0.00ns)   --->   "%out_hysteresis4_addr_1 = getelementptr i2 %out_hysteresis4, i64 0, i64 %zext_ln116" [../src/hysteresis.cpp:121->../src/canny_top.cpp:37]   --->   Operation 46 'getelementptr' 'out_hysteresis4_addr_1' <Predicate = (!icmp_ln116 & centre == 255)> <Delay = 0.00>
ST_2 : Operation 47 [1/1] ( I:1.23ns O:1.23ns )   --->   "%store_ln121 = store i2 3, i9 %out_hysteresis4_addr_1" [../src/hysteresis.cpp:121->../src/canny_top.cpp:37]   --->   Operation 47 'store' 'store_ln121' <Predicate = (!icmp_ln116 & centre == 255)> <Delay = 1.23> <CoreInst = "RAM">   --->   Core 82 'RAM' <Latency = 1> <II = 1> <Delay = 1.23> <Storage> <Opcode : 'load' 'store'> <Ports = 2> <Width = 2> <Depth = 512> <RAM>
ST_2 : Operation 48 [1/1] (0.00ns)   --->   "%br_ln122 = br void %for.inc51.i" [../src/hysteresis.cpp:122->../src/canny_top.cpp:37]   --->   Operation 48 'br' 'br_ln122' <Predicate = (!icmp_ln116 & centre == 255)> <Delay = 0.00>
ST_2 : Operation 49 [1/1] (0.00ns)   --->   "%out_hysteresis4_addr = getelementptr i2 %out_hysteresis4, i64 0, i64 %zext_ln116" [../src/hysteresis.cpp:138->../src/canny_top.cpp:37]   --->   Operation 49 'getelementptr' 'out_hysteresis4_addr' <Predicate = (!icmp_ln116 & centre != 255 & centre != 128)> <Delay = 0.00>
ST_2 : Operation 50 [1/1] ( I:1.23ns O:1.23ns )   --->   "%store_ln138 = store i2 0, i9 %out_hysteresis4_addr" [../src/hysteresis.cpp:138->../src/canny_top.cpp:37]   --->   Operation 50 'store' 'store_ln138' <Predicate = (!icmp_ln116 & centre != 255 & centre != 128)> <Delay = 1.23> <CoreInst = "RAM">   --->   Core 82 'RAM' <Latency = 1> <II = 1> <Delay = 1.23> <Storage> <Opcode : 'load' 'store'> <Ports = 2> <Width = 2> <Depth = 512> <RAM>
ST_2 : Operation 51 [1/1] (0.00ns)   --->   "%br_ln0 = br void %if.end48.i"   --->   Operation 51 'br' 'br_ln0' <Predicate = (!icmp_ln116 & centre != 255 & centre != 128)> <Delay = 0.00>
ST_2 : Operation 52 [1/1] (0.00ns)   --->   "%br_ln0 = br void %for.inc51.i"   --->   Operation 52 'br' 'br_ln0' <Predicate = (!icmp_ln116 & centre != 255)> <Delay = 0.00>

State 3 <SV = 2> <Delay = 2.39>
ST_3 : Operation 53 [1/1] (0.00ns)   --->   "%tmp_18 = bitconcatenate i10 @_ssdm_op_BitConcatenate.i10.i2.i8, i2 %result_read, i8 %lshr_ln" [../src/hysteresis.cpp:30->../src/hysteresis.cpp:125->../src/canny_top.cpp:37]   --->   Operation 53 'bitconcatenate' 'tmp_18' <Predicate = (!icmp_ln116)> <Delay = 0.00>
ST_3 : Operation 54 [1/1] (0.00ns)   --->   "%zext_ln30 = zext i10 %tmp_18" [../src/hysteresis.cpp:30->../src/hysteresis.cpp:125->../src/canny_top.cpp:37]   --->   Operation 54 'zext' 'zext_ln30' <Predicate = (!icmp_ln116)> <Delay = 0.00>
ST_3 : Operation 55 [1/1] (0.00ns)   --->   "%p_ZN12_GLOBAL_N_110lineBufferILi4EEE_0_addr_1 = getelementptr i8 %p_ZN12_GLOBAL_N_110lineBufferILi4EEE_0, i64 0, i64 %zext_ln30" [../src/hysteresis.cpp:30->../src/hysteresis.cpp:125->../src/canny_top.cpp:37]   --->   Operation 55 'getelementptr' 'p_ZN12_GLOBAL_N_110lineBufferILi4EEE_0_addr_1' <Predicate = (!icmp_ln116 & !trunc_ln116)> <Delay = 0.00>
ST_3 : Operation 56 [1/1] (0.00ns)   --->   "%p_ZN12_GLOBAL_N_110lineBufferILi4EEE_1_addr_1 = getelementptr i8 %p_ZN12_GLOBAL_N_110lineBufferILi4EEE_1, i64 0, i64 %zext_ln30" [../src/hysteresis.cpp:30->../src/hysteresis.cpp:125->../src/canny_top.cpp:37]   --->   Operation 56 'getelementptr' 'p_ZN12_GLOBAL_N_110lineBufferILi4EEE_1_addr_1' <Predicate = (!icmp_ln116 & trunc_ln116)> <Delay = 0.00>
ST_3 : Operation 57 [1/2] ( I:1.23ns O:1.23ns )   --->   "%p_ZN12_GLOBAL_N_110lineBufferILi4EEE_0_load_1 = load i10 %p_ZN12_GLOBAL_N_110lineBufferILi4EEE_0_addr_2" [../src/hysteresis.cpp:29->../src/hysteresis.cpp:125->../src/canny_top.cpp:37]   --->   Operation 57 'load' 'p_ZN12_GLOBAL_N_110lineBufferILi4EEE_0_load_1' <Predicate = (!icmp_ln116 & centre == 128)> <Delay = 1.23> <CoreInst = "RAM">   --->   Core 82 'RAM' <Latency = 1> <II = 1> <Delay = 1.23> <Storage> <Opcode : 'load' 'store'> <Ports = 2> <Width = 8> <Depth = 768> <RAM>
ST_3 : Operation 58 [1/2] ( I:1.23ns O:1.23ns )   --->   "%p_ZN12_GLOBAL_N_110lineBufferILi4EEE_1_load_1 = load i10 %p_ZN12_GLOBAL_N_110lineBufferILi4EEE_1_addr_2" [../src/hysteresis.cpp:29->../src/hysteresis.cpp:125->../src/canny_top.cpp:37]   --->   Operation 58 'load' 'p_ZN12_GLOBAL_N_110lineBufferILi4EEE_1_load_1' <Predicate = (!icmp_ln116 & centre == 128)> <Delay = 1.23> <CoreInst = "RAM">   --->   Core 82 'RAM' <Latency = 1> <II = 1> <Delay = 1.23> <Storage> <Opcode : 'load' 'store'> <Ports = 2> <Width = 8> <Depth = 768> <RAM>
ST_3 : Operation 59 [1/1] (0.39ns)   --->   "%select_ln29 = select i1 %trunc_ln116, i8 %p_ZN12_GLOBAL_N_110lineBufferILi4EEE_0_load_1, i8 %p_ZN12_GLOBAL_N_110lineBufferILi4EEE_1_load_1" [../src/hysteresis.cpp:29->../src/hysteresis.cpp:125->../src/canny_top.cpp:37]   --->   Operation 59 'select' 'select_ln29' <Predicate = (!icmp_ln116 & centre == 128)> <Delay = 0.39> <CoreInst = "Sel">   --->   Core 73 'Sel' <Latency = 0> <II = 1> <Delay = 0.39> <FuncUnit> <Opcode : 'select'> <InPorts = 3> <OutPorts = 1>
ST_3 : Operation 60 [1/1] (0.76ns)   --->   "%icmp_ln29 = icmp_eq  i8 %select_ln29, i8 255" [../src/hysteresis.cpp:29->../src/hysteresis.cpp:125->../src/canny_top.cpp:37]   --->   Operation 60 'icmp' 'icmp_ln29' <Predicate = (!icmp_ln116 & centre == 128)> <Delay = 0.76> <CoreInst = "Cmp">   --->   Core 9 'Cmp' <Latency = 0> <II = 1> <Delay = 0.76> <FuncUnit> <Opcode : 'seteq' 'setne' 'setle' 'setge' 'setlt' 'setgt'> <InPorts = 2> <OutPorts = 1>
ST_3 : Operation 61 [1/1] (0.00ns)   --->   "%br_ln29 = br i1 %icmp_ln29, void %lor.lhs.false.i.i, void %_ZN12_GLOBAL__N_120has_strong_neighbourILi4EEEbiiii.exit.i" [../src/hysteresis.cpp:29->../src/hysteresis.cpp:125->../src/canny_top.cpp:37]   --->   Operation 61 'br' 'br_ln29' <Predicate = (!icmp_ln116 & centre == 128)> <Delay = 0.00>
ST_3 : Operation 62 [2/2] (1.23ns)   --->   "%p_ZN12_GLOBAL_N_110lineBufferILi4EEE_0_load_2 = load i10 %p_ZN12_GLOBAL_N_110lineBufferILi4EEE_0_addr_1" [../src/hysteresis.cpp:30->../src/hysteresis.cpp:125->../src/canny_top.cpp:37]   --->   Operation 62 'load' 'p_ZN12_GLOBAL_N_110lineBufferILi4EEE_0_load_2' <Predicate = (!icmp_ln116 & centre == 128 & !icmp_ln29 & !trunc_ln116)> <Delay = 1.23> <CoreInst = "RAM">   --->   Core 82 'RAM' <Latency = 1> <II = 1> <Delay = 1.23> <Storage> <Opcode : 'load' 'store'> <Ports = 2> <Width = 8> <Depth = 768> <RAM>
ST_3 : Operation 63 [2/2] (1.23ns)   --->   "%p_ZN12_GLOBAL_N_110lineBufferILi4EEE_1_load_2 = load i10 %p_ZN12_GLOBAL_N_110lineBufferILi4EEE_1_addr_1" [../src/hysteresis.cpp:30->../src/hysteresis.cpp:125->../src/canny_top.cpp:37]   --->   Operation 63 'load' 'p_ZN12_GLOBAL_N_110lineBufferILi4EEE_1_load_2' <Predicate = (!icmp_ln116 & centre == 128 & !icmp_ln29 & trunc_ln116)> <Delay = 1.23> <CoreInst = "RAM">   --->   Core 82 'RAM' <Latency = 1> <II = 1> <Delay = 1.23> <Storage> <Opcode : 'load' 'store'> <Ports = 2> <Width = 8> <Depth = 768> <RAM>

State 4 <SV = 3> <Delay = 2.39>
ST_4 : Operation 64 [1/2] ( I:1.23ns O:1.23ns )   --->   "%p_ZN12_GLOBAL_N_110lineBufferILi4EEE_0_load_2 = load i10 %p_ZN12_GLOBAL_N_110lineBufferILi4EEE_0_addr_1" [../src/hysteresis.cpp:30->../src/hysteresis.cpp:125->../src/canny_top.cpp:37]   --->   Operation 64 'load' 'p_ZN12_GLOBAL_N_110lineBufferILi4EEE_0_load_2' <Predicate = (!icmp_ln116 & centre == 128 & !icmp_ln29 & !trunc_ln116)> <Delay = 1.23> <CoreInst = "RAM">   --->   Core 82 'RAM' <Latency = 1> <II = 1> <Delay = 1.23> <Storage> <Opcode : 'load' 'store'> <Ports = 2> <Width = 8> <Depth = 768> <RAM>
ST_4 : Operation 65 [1/2] ( I:1.23ns O:1.23ns )   --->   "%p_ZN12_GLOBAL_N_110lineBufferILi4EEE_1_load_2 = load i10 %p_ZN12_GLOBAL_N_110lineBufferILi4EEE_1_addr_1" [../src/hysteresis.cpp:30->../src/hysteresis.cpp:125->../src/canny_top.cpp:37]   --->   Operation 65 'load' 'p_ZN12_GLOBAL_N_110lineBufferILi4EEE_1_load_2' <Predicate = (!icmp_ln116 & centre == 128 & !icmp_ln29 & trunc_ln116)> <Delay = 1.23> <CoreInst = "RAM">   --->   Core 82 'RAM' <Latency = 1> <II = 1> <Delay = 1.23> <Storage> <Opcode : 'load' 'store'> <Ports = 2> <Width = 8> <Depth = 768> <RAM>
ST_4 : Operation 66 [1/1] (0.39ns)   --->   "%select_ln30 = select i1 %trunc_ln116, i8 %p_ZN12_GLOBAL_N_110lineBufferILi4EEE_1_load_2, i8 %p_ZN12_GLOBAL_N_110lineBufferILi4EEE_0_load_2" [../src/hysteresis.cpp:30->../src/hysteresis.cpp:125->../src/canny_top.cpp:37]   --->   Operation 66 'select' 'select_ln30' <Predicate = (!icmp_ln116 & centre == 128 & !icmp_ln29)> <Delay = 0.39> <CoreInst = "Sel">   --->   Core 73 'Sel' <Latency = 0> <II = 1> <Delay = 0.39> <FuncUnit> <Opcode : 'select'> <InPorts = 3> <OutPorts = 1>
ST_4 : Operation 67 [1/1] (0.76ns)   --->   "%icmp_ln30 = icmp_eq  i8 %select_ln30, i8 255" [../src/hysteresis.cpp:30->../src/hysteresis.cpp:125->../src/canny_top.cpp:37]   --->   Operation 67 'icmp' 'icmp_ln30' <Predicate = (!icmp_ln116 & centre == 128 & !icmp_ln29)> <Delay = 0.76> <CoreInst = "Cmp">   --->   Core 9 'Cmp' <Latency = 0> <II = 1> <Delay = 0.76> <FuncUnit> <Opcode : 'seteq' 'setne' 'setle' 'setge' 'setlt' 'setgt'> <InPorts = 2> <OutPorts = 1>
ST_4 : Operation 68 [1/1] (0.00ns)   --->   "%br_ln30 = br i1 %icmp_ln30, void %lor.lhs.false9.i.i, void %_ZN12_GLOBAL__N_120has_strong_neighbourILi4EEEbiiii.exit.i" [../src/hysteresis.cpp:30->../src/hysteresis.cpp:125->../src/canny_top.cpp:37]   --->   Operation 68 'br' 'br_ln30' <Predicate = (!icmp_ln116 & centre == 128 & !icmp_ln29)> <Delay = 0.00>
ST_4 : Operation 69 [1/1] (0.77ns)   --->   "%add_ln31 = add i9 %column, i9 1" [../src/hysteresis.cpp:31->../src/hysteresis.cpp:125->../src/canny_top.cpp:37]   --->   Operation 69 'add' 'add_ln31' <Predicate = (!icmp_ln116 & centre == 128 & !icmp_ln29 & !icmp_ln30)> <Delay = 0.77> <CoreInst = "Adder">   --->   Core 1 'Adder' <Latency = 0> <II = 1> <Delay = 0.77> <FuncUnit> <Opcode : 'add' 'sub'> <InPorts = 2> <OutPorts = 1>
ST_4 : Operation 70 [1/1] (0.00ns)   --->   "%lshr_ln2 = partselect i8 @_ssdm_op_PartSelect.i8.i9.i32.i32, i9 %add_ln31, i32 1, i32 8" [../src/hysteresis.cpp:31->../src/hysteresis.cpp:125->../src/canny_top.cpp:37]   --->   Operation 70 'partselect' 'lshr_ln2' <Predicate = (!icmp_ln116 & centre == 128 & !icmp_ln29 & !icmp_ln30)> <Delay = 0.00>
ST_4 : Operation 71 [1/1] (0.00ns)   --->   "%tmp_23 = bitconcatenate i10 @_ssdm_op_BitConcatenate.i10.i2.i8, i2 %result_read, i8 %lshr_ln2" [../src/hysteresis.cpp:31->../src/hysteresis.cpp:125->../src/canny_top.cpp:37]   --->   Operation 71 'bitconcatenate' 'tmp_23' <Predicate = (!icmp_ln116 & centre == 128 & !icmp_ln29 & !icmp_ln30)> <Delay = 0.00>
ST_4 : Operation 72 [1/1] (0.00ns)   --->   "%zext_ln31 = zext i10 %tmp_23" [../src/hysteresis.cpp:31->../src/hysteresis.cpp:125->../src/canny_top.cpp:37]   --->   Operation 72 'zext' 'zext_ln31' <Predicate = (!icmp_ln116 & centre == 128 & !icmp_ln29 & !icmp_ln30)> <Delay = 0.00>
ST_4 : Operation 73 [1/1] (0.00ns)   --->   "%p_ZN12_GLOBAL_N_110lineBufferILi4EEE_0_addr_4 = getelementptr i8 %p_ZN12_GLOBAL_N_110lineBufferILi4EEE_0, i64 0, i64 %zext_ln31" [../src/hysteresis.cpp:31->../src/hysteresis.cpp:125->../src/canny_top.cpp:37]   --->   Operation 73 'getelementptr' 'p_ZN12_GLOBAL_N_110lineBufferILi4EEE_0_addr_4' <Predicate = (!icmp_ln116 & centre == 128 & !icmp_ln29 & !icmp_ln30 & trunc_ln116)> <Delay = 0.00>
ST_4 : Operation 74 [1/1] (0.00ns)   --->   "%p_ZN12_GLOBAL_N_110lineBufferILi4EEE_1_addr_4 = getelementptr i8 %p_ZN12_GLOBAL_N_110lineBufferILi4EEE_1, i64 0, i64 %zext_ln31" [../src/hysteresis.cpp:31->../src/hysteresis.cpp:125->../src/canny_top.cpp:37]   --->   Operation 74 'getelementptr' 'p_ZN12_GLOBAL_N_110lineBufferILi4EEE_1_addr_4' <Predicate = (!icmp_ln116 & centre == 128 & !icmp_ln29 & !icmp_ln30 & !trunc_ln116)> <Delay = 0.00>
ST_4 : Operation 75 [2/2] (1.23ns)   --->   "%p_ZN12_GLOBAL_N_110lineBufferILi4EEE_0_load_3 = load i10 %p_ZN12_GLOBAL_N_110lineBufferILi4EEE_0_addr_4" [../src/hysteresis.cpp:31->../src/hysteresis.cpp:125->../src/canny_top.cpp:37]   --->   Operation 75 'load' 'p_ZN12_GLOBAL_N_110lineBufferILi4EEE_0_load_3' <Predicate = (!icmp_ln116 & centre == 128 & !icmp_ln29 & !icmp_ln30 & trunc_ln116)> <Delay = 1.23> <CoreInst = "RAM">   --->   Core 82 'RAM' <Latency = 1> <II = 1> <Delay = 1.23> <Storage> <Opcode : 'load' 'store'> <Ports = 2> <Width = 8> <Depth = 768> <RAM>
ST_4 : Operation 76 [2/2] (1.23ns)   --->   "%p_ZN12_GLOBAL_N_110lineBufferILi4EEE_1_load_3 = load i10 %p_ZN12_GLOBAL_N_110lineBufferILi4EEE_1_addr_4" [../src/hysteresis.cpp:31->../src/hysteresis.cpp:125->../src/canny_top.cpp:37]   --->   Operation 76 'load' 'p_ZN12_GLOBAL_N_110lineBufferILi4EEE_1_load_3' <Predicate = (!icmp_ln116 & centre == 128 & !icmp_ln29 & !icmp_ln30 & !trunc_ln116)> <Delay = 1.23> <CoreInst = "RAM">   --->   Core 82 'RAM' <Latency = 1> <II = 1> <Delay = 1.23> <Storage> <Opcode : 'load' 'store'> <Ports = 2> <Width = 8> <Depth = 768> <RAM>

State 5 <SV = 4> <Delay = 2.39>
ST_5 : Operation 77 [1/1] (0.00ns)   --->   "%tmp_21 = bitconcatenate i10 @_ssdm_op_BitConcatenate.i10.i2.i8, i2 %result_3_read, i8 %lshr_ln1" [../src/hysteresis.cpp:32->../src/hysteresis.cpp:125->../src/canny_top.cpp:37]   --->   Operation 77 'bitconcatenate' 'tmp_21' <Predicate = (!icmp_ln116 & centre == 128)> <Delay = 0.00>
ST_5 : Operation 78 [1/1] (0.00ns)   --->   "%zext_ln32 = zext i10 %tmp_21" [../src/hysteresis.cpp:32->../src/hysteresis.cpp:125->../src/canny_top.cpp:37]   --->   Operation 78 'zext' 'zext_ln32' <Predicate = (!icmp_ln116 & centre == 128)> <Delay = 0.00>
ST_5 : Operation 79 [1/1] (0.00ns)   --->   "%p_ZN12_GLOBAL_N_110lineBufferILi4EEE_0_addr_5 = getelementptr i8 %p_ZN12_GLOBAL_N_110lineBufferILi4EEE_0, i64 0, i64 %zext_ln32" [../src/hysteresis.cpp:32->../src/hysteresis.cpp:125->../src/canny_top.cpp:37]   --->   Operation 79 'getelementptr' 'p_ZN12_GLOBAL_N_110lineBufferILi4EEE_0_addr_5' <Predicate = (!icmp_ln116 & centre == 128 & trunc_ln116)> <Delay = 0.00>
ST_5 : Operation 80 [1/1] (0.00ns)   --->   "%p_ZN12_GLOBAL_N_110lineBufferILi4EEE_1_addr_5 = getelementptr i8 %p_ZN12_GLOBAL_N_110lineBufferILi4EEE_1, i64 0, i64 %zext_ln32" [../src/hysteresis.cpp:32->../src/hysteresis.cpp:125->../src/canny_top.cpp:37]   --->   Operation 80 'getelementptr' 'p_ZN12_GLOBAL_N_110lineBufferILi4EEE_1_addr_5' <Predicate = (!icmp_ln116 & centre == 128 & !trunc_ln116)> <Delay = 0.00>
ST_5 : Operation 81 [1/2] ( I:1.23ns O:1.23ns )   --->   "%p_ZN12_GLOBAL_N_110lineBufferILi4EEE_0_load_3 = load i10 %p_ZN12_GLOBAL_N_110lineBufferILi4EEE_0_addr_4" [../src/hysteresis.cpp:31->../src/hysteresis.cpp:125->../src/canny_top.cpp:37]   --->   Operation 81 'load' 'p_ZN12_GLOBAL_N_110lineBufferILi4EEE_0_load_3' <Predicate = (!icmp_ln116 & centre == 128 & !icmp_ln29 & !icmp_ln30 & trunc_ln116)> <Delay = 1.23> <CoreInst = "RAM">   --->   Core 82 'RAM' <Latency = 1> <II = 1> <Delay = 1.23> <Storage> <Opcode : 'load' 'store'> <Ports = 2> <Width = 8> <Depth = 768> <RAM>
ST_5 : Operation 82 [1/2] ( I:1.23ns O:1.23ns )   --->   "%p_ZN12_GLOBAL_N_110lineBufferILi4EEE_1_load_3 = load i10 %p_ZN12_GLOBAL_N_110lineBufferILi4EEE_1_addr_4" [../src/hysteresis.cpp:31->../src/hysteresis.cpp:125->../src/canny_top.cpp:37]   --->   Operation 82 'load' 'p_ZN12_GLOBAL_N_110lineBufferILi4EEE_1_load_3' <Predicate = (!icmp_ln116 & centre == 128 & !icmp_ln29 & !icmp_ln30 & !trunc_ln116)> <Delay = 1.23> <CoreInst = "RAM">   --->   Core 82 'RAM' <Latency = 1> <II = 1> <Delay = 1.23> <Storage> <Opcode : 'load' 'store'> <Ports = 2> <Width = 8> <Depth = 768> <RAM>
ST_5 : Operation 83 [1/1] (0.39ns)   --->   "%select_ln31 = select i1 %trunc_ln116, i8 %p_ZN12_GLOBAL_N_110lineBufferILi4EEE_0_load_3, i8 %p_ZN12_GLOBAL_N_110lineBufferILi4EEE_1_load_3" [../src/hysteresis.cpp:31->../src/hysteresis.cpp:125->../src/canny_top.cpp:37]   --->   Operation 83 'select' 'select_ln31' <Predicate = (!icmp_ln116 & centre == 128 & !icmp_ln29 & !icmp_ln30)> <Delay = 0.39> <CoreInst = "Sel">   --->   Core 73 'Sel' <Latency = 0> <II = 1> <Delay = 0.39> <FuncUnit> <Opcode : 'select'> <InPorts = 3> <OutPorts = 1>
ST_5 : Operation 84 [1/1] (0.76ns)   --->   "%icmp_ln31 = icmp_eq  i8 %select_ln31, i8 255" [../src/hysteresis.cpp:31->../src/hysteresis.cpp:125->../src/canny_top.cpp:37]   --->   Operation 84 'icmp' 'icmp_ln31' <Predicate = (!icmp_ln116 & centre == 128 & !icmp_ln29 & !icmp_ln30)> <Delay = 0.76> <CoreInst = "Cmp">   --->   Core 9 'Cmp' <Latency = 0> <II = 1> <Delay = 0.76> <FuncUnit> <Opcode : 'seteq' 'setne' 'setle' 'setge' 'setlt' 'setgt'> <InPorts = 2> <OutPorts = 1>
ST_5 : Operation 85 [1/1] (0.00ns)   --->   "%br_ln31 = br i1 %icmp_ln31, void %lor.lhs.false16.i.i, void %_ZN12_GLOBAL__N_120has_strong_neighbourILi4EEEbiiii.exit.i" [../src/hysteresis.cpp:31->../src/hysteresis.cpp:125->../src/canny_top.cpp:37]   --->   Operation 85 'br' 'br_ln31' <Predicate = (!icmp_ln116 & centre == 128 & !icmp_ln29 & !icmp_ln30)> <Delay = 0.00>
ST_5 : Operation 86 [2/2] (1.23ns)   --->   "%p_ZN12_GLOBAL_N_110lineBufferILi4EEE_0_load_4 = load i10 %p_ZN12_GLOBAL_N_110lineBufferILi4EEE_0_addr_5" [../src/hysteresis.cpp:32->../src/hysteresis.cpp:125->../src/canny_top.cpp:37]   --->   Operation 86 'load' 'p_ZN12_GLOBAL_N_110lineBufferILi4EEE_0_load_4' <Predicate = (!icmp_ln116 & centre == 128 & !icmp_ln29 & !icmp_ln30 & !icmp_ln31 & trunc_ln116)> <Delay = 1.23> <CoreInst = "RAM">   --->   Core 82 'RAM' <Latency = 1> <II = 1> <Delay = 1.23> <Storage> <Opcode : 'load' 'store'> <Ports = 2> <Width = 8> <Depth = 768> <RAM>
ST_5 : Operation 87 [2/2] (1.23ns)   --->   "%p_ZN12_GLOBAL_N_110lineBufferILi4EEE_1_load_4 = load i10 %p_ZN12_GLOBAL_N_110lineBufferILi4EEE_1_addr_5" [../src/hysteresis.cpp:32->../src/hysteresis.cpp:125->../src/canny_top.cpp:37]   --->   Operation 87 'load' 'p_ZN12_GLOBAL_N_110lineBufferILi4EEE_1_load_4' <Predicate = (!icmp_ln116 & centre == 128 & !icmp_ln29 & !icmp_ln30 & !icmp_ln31 & !trunc_ln116)> <Delay = 1.23> <CoreInst = "RAM">   --->   Core 82 'RAM' <Latency = 1> <II = 1> <Delay = 1.23> <Storage> <Opcode : 'load' 'store'> <Ports = 2> <Width = 8> <Depth = 768> <RAM>
ST_5 : Operation 148 [1/1] (0.42ns)   --->   "%ret_ln0 = ret"   --->   Operation 148 'ret' 'ret_ln0' <Predicate = (icmp_ln116)> <Delay = 0.42>

State 6 <SV = 5> <Delay = 2.39>
ST_6 : Operation 88 [1/1] (0.00ns)   --->   "%tmp_24 = bitconcatenate i10 @_ssdm_op_BitConcatenate.i10.i2.i8, i2 %result_3_read, i8 %lshr_ln2" [../src/hysteresis.cpp:33->../src/hysteresis.cpp:125->../src/canny_top.cpp:37]   --->   Operation 88 'bitconcatenate' 'tmp_24' <Predicate = (centre == 128 & !icmp_ln29 & !icmp_ln30)> <Delay = 0.00>
ST_6 : Operation 89 [1/1] (0.00ns)   --->   "%zext_ln33 = zext i10 %tmp_24" [../src/hysteresis.cpp:33->../src/hysteresis.cpp:125->../src/canny_top.cpp:37]   --->   Operation 89 'zext' 'zext_ln33' <Predicate = (centre == 128 & !icmp_ln29 & !icmp_ln30)> <Delay = 0.00>
ST_6 : Operation 90 [1/1] (0.00ns)   --->   "%p_ZN12_GLOBAL_N_110lineBufferILi4EEE_0_addr_6 = getelementptr i8 %p_ZN12_GLOBAL_N_110lineBufferILi4EEE_0, i64 0, i64 %zext_ln33" [../src/hysteresis.cpp:33->../src/hysteresis.cpp:125->../src/canny_top.cpp:37]   --->   Operation 90 'getelementptr' 'p_ZN12_GLOBAL_N_110lineBufferILi4EEE_0_addr_6' <Predicate = (centre == 128 & !icmp_ln29 & !icmp_ln30 & trunc_ln116)> <Delay = 0.00>
ST_6 : Operation 91 [1/1] (0.00ns)   --->   "%p_ZN12_GLOBAL_N_110lineBufferILi4EEE_1_addr_6 = getelementptr i8 %p_ZN12_GLOBAL_N_110lineBufferILi4EEE_1, i64 0, i64 %zext_ln33" [../src/hysteresis.cpp:33->../src/hysteresis.cpp:125->../src/canny_top.cpp:37]   --->   Operation 91 'getelementptr' 'p_ZN12_GLOBAL_N_110lineBufferILi4EEE_1_addr_6' <Predicate = (centre == 128 & !icmp_ln29 & !icmp_ln30 & !trunc_ln116)> <Delay = 0.00>
ST_6 : Operation 92 [1/2] ( I:1.23ns O:1.23ns )   --->   "%p_ZN12_GLOBAL_N_110lineBufferILi4EEE_0_load_4 = load i10 %p_ZN12_GLOBAL_N_110lineBufferILi4EEE_0_addr_5" [../src/hysteresis.cpp:32->../src/hysteresis.cpp:125->../src/canny_top.cpp:37]   --->   Operation 92 'load' 'p_ZN12_GLOBAL_N_110lineBufferILi4EEE_0_load_4' <Predicate = (centre == 128 & !icmp_ln29 & !icmp_ln30 & !icmp_ln31 & trunc_ln116)> <Delay = 1.23> <CoreInst = "RAM">   --->   Core 82 'RAM' <Latency = 1> <II = 1> <Delay = 1.23> <Storage> <Opcode : 'load' 'store'> <Ports = 2> <Width = 8> <Depth = 768> <RAM>
ST_6 : Operation 93 [1/2] ( I:1.23ns O:1.23ns )   --->   "%p_ZN12_GLOBAL_N_110lineBufferILi4EEE_1_load_4 = load i10 %p_ZN12_GLOBAL_N_110lineBufferILi4EEE_1_addr_5" [../src/hysteresis.cpp:32->../src/hysteresis.cpp:125->../src/canny_top.cpp:37]   --->   Operation 93 'load' 'p_ZN12_GLOBAL_N_110lineBufferILi4EEE_1_load_4' <Predicate = (centre == 128 & !icmp_ln29 & !icmp_ln30 & !icmp_ln31 & !trunc_ln116)> <Delay = 1.23> <CoreInst = "RAM">   --->   Core 82 'RAM' <Latency = 1> <II = 1> <Delay = 1.23> <Storage> <Opcode : 'load' 'store'> <Ports = 2> <Width = 8> <Depth = 768> <RAM>
ST_6 : Operation 94 [1/1] (0.39ns)   --->   "%select_ln32 = select i1 %trunc_ln116, i8 %p_ZN12_GLOBAL_N_110lineBufferILi4EEE_0_load_4, i8 %p_ZN12_GLOBAL_N_110lineBufferILi4EEE_1_load_4" [../src/hysteresis.cpp:32->../src/hysteresis.cpp:125->../src/canny_top.cpp:37]   --->   Operation 94 'select' 'select_ln32' <Predicate = (centre == 128 & !icmp_ln29 & !icmp_ln30 & !icmp_ln31)> <Delay = 0.39> <CoreInst = "Sel">   --->   Core 73 'Sel' <Latency = 0> <II = 1> <Delay = 0.39> <FuncUnit> <Opcode : 'select'> <InPorts = 3> <OutPorts = 1>
ST_6 : Operation 95 [1/1] (0.76ns)   --->   "%icmp_ln32 = icmp_eq  i8 %select_ln32, i8 255" [../src/hysteresis.cpp:32->../src/hysteresis.cpp:125->../src/canny_top.cpp:37]   --->   Operation 95 'icmp' 'icmp_ln32' <Predicate = (centre == 128 & !icmp_ln29 & !icmp_ln30 & !icmp_ln31)> <Delay = 0.76> <CoreInst = "Cmp">   --->   Core 9 'Cmp' <Latency = 0> <II = 1> <Delay = 0.76> <FuncUnit> <Opcode : 'seteq' 'setne' 'setle' 'setge' 'setlt' 'setgt'> <InPorts = 2> <OutPorts = 1>
ST_6 : Operation 96 [1/1] (0.00ns)   --->   "%br_ln32 = br i1 %icmp_ln32, void %lor.lhs.false24.i.i, void %_ZN12_GLOBAL__N_120has_strong_neighbourILi4EEEbiiii.exit.i" [../src/hysteresis.cpp:32->../src/hysteresis.cpp:125->../src/canny_top.cpp:37]   --->   Operation 96 'br' 'br_ln32' <Predicate = (centre == 128 & !icmp_ln29 & !icmp_ln30 & !icmp_ln31)> <Delay = 0.00>
ST_6 : Operation 97 [2/2] (1.23ns)   --->   "%p_ZN12_GLOBAL_N_110lineBufferILi4EEE_0_load_5 = load i10 %p_ZN12_GLOBAL_N_110lineBufferILi4EEE_0_addr_6" [../src/hysteresis.cpp:33->../src/hysteresis.cpp:125->../src/canny_top.cpp:37]   --->   Operation 97 'load' 'p_ZN12_GLOBAL_N_110lineBufferILi4EEE_0_load_5' <Predicate = (centre == 128 & !icmp_ln29 & !icmp_ln30 & !icmp_ln31 & !icmp_ln32 & trunc_ln116)> <Delay = 1.23> <CoreInst = "RAM">   --->   Core 82 'RAM' <Latency = 1> <II = 1> <Delay = 1.23> <Storage> <Opcode : 'load' 'store'> <Ports = 2> <Width = 8> <Depth = 768> <RAM>
ST_6 : Operation 98 [2/2] (1.23ns)   --->   "%p_ZN12_GLOBAL_N_110lineBufferILi4EEE_1_load_5 = load i10 %p_ZN12_GLOBAL_N_110lineBufferILi4EEE_1_addr_6" [../src/hysteresis.cpp:33->../src/hysteresis.cpp:125->../src/canny_top.cpp:37]   --->   Operation 98 'load' 'p_ZN12_GLOBAL_N_110lineBufferILi4EEE_1_load_5' <Predicate = (centre == 128 & !icmp_ln29 & !icmp_ln30 & !icmp_ln31 & !icmp_ln32 & !trunc_ln116)> <Delay = 1.23> <CoreInst = "RAM">   --->   Core 82 'RAM' <Latency = 1> <II = 1> <Delay = 1.23> <Storage> <Opcode : 'load' 'store'> <Ports = 2> <Width = 8> <Depth = 768> <RAM>

State 7 <SV = 6> <Delay = 2.39>
ST_7 : Operation 99 [1/1] (0.00ns)   --->   "%tmp_22 = bitconcatenate i10 @_ssdm_op_BitConcatenate.i10.i2.i8, i2 %writeSlot_read, i8 %lshr_ln1" [../src/hysteresis.cpp:34->../src/hysteresis.cpp:125->../src/canny_top.cpp:37]   --->   Operation 99 'bitconcatenate' 'tmp_22' <Predicate = (centre == 128)> <Delay = 0.00>
ST_7 : Operation 100 [1/1] (0.00ns)   --->   "%zext_ln34 = zext i10 %tmp_22" [../src/hysteresis.cpp:34->../src/hysteresis.cpp:125->../src/canny_top.cpp:37]   --->   Operation 100 'zext' 'zext_ln34' <Predicate = (centre == 128)> <Delay = 0.00>
ST_7 : Operation 101 [1/1] (0.00ns)   --->   "%p_ZN12_GLOBAL_N_110lineBufferILi4EEE_0_addr_7 = getelementptr i8 %p_ZN12_GLOBAL_N_110lineBufferILi4EEE_0, i64 0, i64 %zext_ln34" [../src/hysteresis.cpp:34->../src/hysteresis.cpp:125->../src/canny_top.cpp:37]   --->   Operation 101 'getelementptr' 'p_ZN12_GLOBAL_N_110lineBufferILi4EEE_0_addr_7' <Predicate = (centre == 128 & trunc_ln116)> <Delay = 0.00>
ST_7 : Operation 102 [1/1] (0.00ns)   --->   "%p_ZN12_GLOBAL_N_110lineBufferILi4EEE_1_addr_7 = getelementptr i8 %p_ZN12_GLOBAL_N_110lineBufferILi4EEE_1, i64 0, i64 %zext_ln34" [../src/hysteresis.cpp:34->../src/hysteresis.cpp:125->../src/canny_top.cpp:37]   --->   Operation 102 'getelementptr' 'p_ZN12_GLOBAL_N_110lineBufferILi4EEE_1_addr_7' <Predicate = (centre == 128 & !trunc_ln116)> <Delay = 0.00>
ST_7 : Operation 103 [1/2] ( I:1.23ns O:1.23ns )   --->   "%p_ZN12_GLOBAL_N_110lineBufferILi4EEE_0_load_5 = load i10 %p_ZN12_GLOBAL_N_110lineBufferILi4EEE_0_addr_6" [../src/hysteresis.cpp:33->../src/hysteresis.cpp:125->../src/canny_top.cpp:37]   --->   Operation 103 'load' 'p_ZN12_GLOBAL_N_110lineBufferILi4EEE_0_load_5' <Predicate = (centre == 128 & !icmp_ln29 & !icmp_ln30 & !icmp_ln31 & !icmp_ln32 & trunc_ln116)> <Delay = 1.23> <CoreInst = "RAM">   --->   Core 82 'RAM' <Latency = 1> <II = 1> <Delay = 1.23> <Storage> <Opcode : 'load' 'store'> <Ports = 2> <Width = 8> <Depth = 768> <RAM>
ST_7 : Operation 104 [1/2] ( I:1.23ns O:1.23ns )   --->   "%p_ZN12_GLOBAL_N_110lineBufferILi4EEE_1_load_5 = load i10 %p_ZN12_GLOBAL_N_110lineBufferILi4EEE_1_addr_6" [../src/hysteresis.cpp:33->../src/hysteresis.cpp:125->../src/canny_top.cpp:37]   --->   Operation 104 'load' 'p_ZN12_GLOBAL_N_110lineBufferILi4EEE_1_load_5' <Predicate = (centre == 128 & !icmp_ln29 & !icmp_ln30 & !icmp_ln31 & !icmp_ln32 & !trunc_ln116)> <Delay = 1.23> <CoreInst = "RAM">   --->   Core 82 'RAM' <Latency = 1> <II = 1> <Delay = 1.23> <Storage> <Opcode : 'load' 'store'> <Ports = 2> <Width = 8> <Depth = 768> <RAM>
ST_7 : Operation 105 [1/1] (0.39ns)   --->   "%select_ln33 = select i1 %trunc_ln116, i8 %p_ZN12_GLOBAL_N_110lineBufferILi4EEE_0_load_5, i8 %p_ZN12_GLOBAL_N_110lineBufferILi4EEE_1_load_5" [../src/hysteresis.cpp:33->../src/hysteresis.cpp:125->../src/canny_top.cpp:37]   --->   Operation 105 'select' 'select_ln33' <Predicate = (centre == 128 & !icmp_ln29 & !icmp_ln30 & !icmp_ln31 & !icmp_ln32)> <Delay = 0.39> <CoreInst = "Sel">   --->   Core 73 'Sel' <Latency = 0> <II = 1> <Delay = 0.39> <FuncUnit> <Opcode : 'select'> <InPorts = 3> <OutPorts = 1>
ST_7 : Operation 106 [1/1] (0.76ns)   --->   "%icmp_ln33 = icmp_eq  i8 %select_ln33, i8 255" [../src/hysteresis.cpp:33->../src/hysteresis.cpp:125->../src/canny_top.cpp:37]   --->   Operation 106 'icmp' 'icmp_ln33' <Predicate = (centre == 128 & !icmp_ln29 & !icmp_ln30 & !icmp_ln31 & !icmp_ln32)> <Delay = 0.76> <CoreInst = "Cmp">   --->   Core 9 'Cmp' <Latency = 0> <II = 1> <Delay = 0.76> <FuncUnit> <Opcode : 'seteq' 'setne' 'setle' 'setge' 'setlt' 'setgt'> <InPorts = 2> <OutPorts = 1>
ST_7 : Operation 107 [1/1] (0.00ns)   --->   "%br_ln33 = br i1 %icmp_ln33, void %lor.lhs.false32.i.i, void %_ZN12_GLOBAL__N_120has_strong_neighbourILi4EEEbiiii.exit.i" [../src/hysteresis.cpp:33->../src/hysteresis.cpp:125->../src/canny_top.cpp:37]   --->   Operation 107 'br' 'br_ln33' <Predicate = (centre == 128 & !icmp_ln29 & !icmp_ln30 & !icmp_ln31 & !icmp_ln32)> <Delay = 0.00>
ST_7 : Operation 108 [2/2] (1.23ns)   --->   "%p_ZN12_GLOBAL_N_110lineBufferILi4EEE_0_load_6 = load i10 %p_ZN12_GLOBAL_N_110lineBufferILi4EEE_0_addr_7" [../src/hysteresis.cpp:34->../src/hysteresis.cpp:125->../src/canny_top.cpp:37]   --->   Operation 108 'load' 'p_ZN12_GLOBAL_N_110lineBufferILi4EEE_0_load_6' <Predicate = (centre == 128 & !icmp_ln29 & !icmp_ln30 & !icmp_ln31 & !icmp_ln32 & !icmp_ln33 & trunc_ln116)> <Delay = 1.23> <CoreInst = "RAM">   --->   Core 82 'RAM' <Latency = 1> <II = 1> <Delay = 1.23> <Storage> <Opcode : 'load' 'store'> <Ports = 2> <Width = 8> <Depth = 768> <RAM>
ST_7 : Operation 109 [2/2] (1.23ns)   --->   "%p_ZN12_GLOBAL_N_110lineBufferILi4EEE_1_load_6 = load i10 %p_ZN12_GLOBAL_N_110lineBufferILi4EEE_1_addr_7" [../src/hysteresis.cpp:34->../src/hysteresis.cpp:125->../src/canny_top.cpp:37]   --->   Operation 109 'load' 'p_ZN12_GLOBAL_N_110lineBufferILi4EEE_1_load_6' <Predicate = (centre == 128 & !icmp_ln29 & !icmp_ln30 & !icmp_ln31 & !icmp_ln32 & !icmp_ln33 & !trunc_ln116)> <Delay = 1.23> <CoreInst = "RAM">   --->   Core 82 'RAM' <Latency = 1> <II = 1> <Delay = 1.23> <Storage> <Opcode : 'load' 'store'> <Ports = 2> <Width = 8> <Depth = 768> <RAM>

State 8 <SV = 7> <Delay = 2.39>
ST_8 : Operation 110 [1/1] (0.00ns)   --->   "%specpipeline_ln116 = specpipeline void @_ssdm_op_SpecPipeline, i32 4294967295, i32 0, i32 0, i32 0, i32 4294967295, void @empty_22" [../src/hysteresis.cpp:116->../src/canny_top.cpp:37]   --->   Operation 110 'specpipeline' 'specpipeline_ln116' <Predicate = true> <Delay = 0.00>
ST_8 : Operation 111 [1/1] (0.00ns)   --->   "%speclooptripcount_ln116 = speclooptripcount void @_ssdm_op_SpecLoopTripCount, i64 510, i64 510, i64 510" [../src/hysteresis.cpp:116->../src/canny_top.cpp:37]   --->   Operation 111 'speclooptripcount' 'speclooptripcount_ln116' <Predicate = true> <Delay = 0.00>
ST_8 : Operation 112 [1/1] (0.00ns)   --->   "%specloopname_ln116 = specloopname void @_ssdm_op_SpecLoopName, void @empty_15" [../src/hysteresis.cpp:116->../src/canny_top.cpp:37]   --->   Operation 112 'specloopname' 'specloopname_ln116' <Predicate = true> <Delay = 0.00>
ST_8 : Operation 113 [1/1] (0.00ns)   --->   "%tmp_19 = bitconcatenate i10 @_ssdm_op_BitConcatenate.i10.i2.i8, i2 %writeSlot_read, i8 %lshr_ln" [../src/hysteresis.cpp:35->../src/hysteresis.cpp:125->../src/canny_top.cpp:37]   --->   Operation 113 'bitconcatenate' 'tmp_19' <Predicate = true> <Delay = 0.00>
ST_8 : Operation 114 [1/1] (0.00ns)   --->   "%zext_ln35 = zext i10 %tmp_19" [../src/hysteresis.cpp:35->../src/hysteresis.cpp:125->../src/canny_top.cpp:37]   --->   Operation 114 'zext' 'zext_ln35' <Predicate = true> <Delay = 0.00>
ST_8 : Operation 115 [1/1] (0.00ns)   --->   "%p_ZN12_GLOBAL_N_110lineBufferILi4EEE_0_addr_3 = getelementptr i8 %p_ZN12_GLOBAL_N_110lineBufferILi4EEE_0, i64 0, i64 %zext_ln35" [../src/hysteresis.cpp:35->../src/hysteresis.cpp:125->../src/canny_top.cpp:37]   --->   Operation 115 'getelementptr' 'p_ZN12_GLOBAL_N_110lineBufferILi4EEE_0_addr_3' <Predicate = (!trunc_ln116)> <Delay = 0.00>
ST_8 : Operation 116 [1/1] (0.00ns)   --->   "%p_ZN12_GLOBAL_N_110lineBufferILi4EEE_1_addr_3 = getelementptr i8 %p_ZN12_GLOBAL_N_110lineBufferILi4EEE_1, i64 0, i64 %zext_ln35" [../src/hysteresis.cpp:35->../src/hysteresis.cpp:125->../src/canny_top.cpp:37]   --->   Operation 116 'getelementptr' 'p_ZN12_GLOBAL_N_110lineBufferILi4EEE_1_addr_3' <Predicate = (trunc_ln116)> <Delay = 0.00>
ST_8 : Operation 117 [1/2] ( I:1.23ns O:1.23ns )   --->   "%p_ZN12_GLOBAL_N_110lineBufferILi4EEE_0_load_6 = load i10 %p_ZN12_GLOBAL_N_110lineBufferILi4EEE_0_addr_7" [../src/hysteresis.cpp:34->../src/hysteresis.cpp:125->../src/canny_top.cpp:37]   --->   Operation 117 'load' 'p_ZN12_GLOBAL_N_110lineBufferILi4EEE_0_load_6' <Predicate = (centre == 128 & !icmp_ln29 & !icmp_ln30 & !icmp_ln31 & !icmp_ln32 & !icmp_ln33 & trunc_ln116)> <Delay = 1.23> <CoreInst = "RAM">   --->   Core 82 'RAM' <Latency = 1> <II = 1> <Delay = 1.23> <Storage> <Opcode : 'load' 'store'> <Ports = 2> <Width = 8> <Depth = 768> <RAM>
ST_8 : Operation 118 [1/2] ( I:1.23ns O:1.23ns )   --->   "%p_ZN12_GLOBAL_N_110lineBufferILi4EEE_1_load_6 = load i10 %p_ZN12_GLOBAL_N_110lineBufferILi4EEE_1_addr_7" [../src/hysteresis.cpp:34->../src/hysteresis.cpp:125->../src/canny_top.cpp:37]   --->   Operation 118 'load' 'p_ZN12_GLOBAL_N_110lineBufferILi4EEE_1_load_6' <Predicate = (centre == 128 & !icmp_ln29 & !icmp_ln30 & !icmp_ln31 & !icmp_ln32 & !icmp_ln33 & !trunc_ln116)> <Delay = 1.23> <CoreInst = "RAM">   --->   Core 82 'RAM' <Latency = 1> <II = 1> <Delay = 1.23> <Storage> <Opcode : 'load' 'store'> <Ports = 2> <Width = 8> <Depth = 768> <RAM>
ST_8 : Operation 119 [1/1] (0.39ns)   --->   "%select_ln34 = select i1 %trunc_ln116, i8 %p_ZN12_GLOBAL_N_110lineBufferILi4EEE_0_load_6, i8 %p_ZN12_GLOBAL_N_110lineBufferILi4EEE_1_load_6" [../src/hysteresis.cpp:34->../src/hysteresis.cpp:125->../src/canny_top.cpp:37]   --->   Operation 119 'select' 'select_ln34' <Predicate = (centre == 128 & !icmp_ln29 & !icmp_ln30 & !icmp_ln31 & !icmp_ln32 & !icmp_ln33)> <Delay = 0.39> <CoreInst = "Sel">   --->   Core 73 'Sel' <Latency = 0> <II = 1> <Delay = 0.39> <FuncUnit> <Opcode : 'select'> <InPorts = 3> <OutPorts = 1>
ST_8 : Operation 120 [1/1] (0.76ns)   --->   "%icmp_ln34 = icmp_eq  i8 %select_ln34, i8 255" [../src/hysteresis.cpp:34->../src/hysteresis.cpp:125->../src/canny_top.cpp:37]   --->   Operation 120 'icmp' 'icmp_ln34' <Predicate = (centre == 128 & !icmp_ln29 & !icmp_ln30 & !icmp_ln31 & !icmp_ln32 & !icmp_ln33)> <Delay = 0.76> <CoreInst = "Cmp">   --->   Core 9 'Cmp' <Latency = 0> <II = 1> <Delay = 0.76> <FuncUnit> <Opcode : 'seteq' 'setne' 'setle' 'setge' 'setlt' 'setgt'> <InPorts = 2> <OutPorts = 1>
ST_8 : Operation 121 [1/1] (0.00ns)   --->   "%br_ln34 = br i1 %icmp_ln34, void %lor.lhs.false40.i.i, void %_ZN12_GLOBAL__N_120has_strong_neighbourILi4EEEbiiii.exit.i" [../src/hysteresis.cpp:34->../src/hysteresis.cpp:125->../src/canny_top.cpp:37]   --->   Operation 121 'br' 'br_ln34' <Predicate = (centre == 128 & !icmp_ln29 & !icmp_ln30 & !icmp_ln31 & !icmp_ln32 & !icmp_ln33)> <Delay = 0.00>
ST_8 : Operation 122 [2/2] (1.23ns)   --->   "%p_ZN12_GLOBAL_N_110lineBufferILi4EEE_0_load_7 = load i10 %p_ZN12_GLOBAL_N_110lineBufferILi4EEE_0_addr_3" [../src/hysteresis.cpp:35->../src/hysteresis.cpp:125->../src/canny_top.cpp:37]   --->   Operation 122 'load' 'p_ZN12_GLOBAL_N_110lineBufferILi4EEE_0_load_7' <Predicate = (centre == 128 & !icmp_ln29 & !icmp_ln30 & !icmp_ln31 & !icmp_ln32 & !icmp_ln33 & !icmp_ln34 & !trunc_ln116)> <Delay = 1.23> <CoreInst = "RAM">   --->   Core 82 'RAM' <Latency = 1> <II = 1> <Delay = 1.23> <Storage> <Opcode : 'load' 'store'> <Ports = 2> <Width = 8> <Depth = 768> <RAM>
ST_8 : Operation 123 [2/2] (1.23ns)   --->   "%p_ZN12_GLOBAL_N_110lineBufferILi4EEE_1_load_7 = load i10 %p_ZN12_GLOBAL_N_110lineBufferILi4EEE_1_addr_3" [../src/hysteresis.cpp:35->../src/hysteresis.cpp:125->../src/canny_top.cpp:37]   --->   Operation 123 'load' 'p_ZN12_GLOBAL_N_110lineBufferILi4EEE_1_load_7' <Predicate = (centre == 128 & !icmp_ln29 & !icmp_ln30 & !icmp_ln31 & !icmp_ln32 & !icmp_ln33 & !icmp_ln34 & trunc_ln116)> <Delay = 1.23> <CoreInst = "RAM">   --->   Core 82 'RAM' <Latency = 1> <II = 1> <Delay = 1.23> <Storage> <Opcode : 'load' 'store'> <Ports = 2> <Width = 8> <Depth = 768> <RAM>

State 9 <SV = 8> <Delay = 2.39>
ST_9 : Operation 124 [1/1] (0.00ns)   --->   "%tmp_25 = bitconcatenate i10 @_ssdm_op_BitConcatenate.i10.i2.i8, i2 %writeSlot_read, i8 %lshr_ln2" [../src/hysteresis.cpp:36->../src/hysteresis.cpp:125->../src/canny_top.cpp:37]   --->   Operation 124 'bitconcatenate' 'tmp_25' <Predicate = (centre == 128 & !icmp_ln29 & !icmp_ln30)> <Delay = 0.00>
ST_9 : Operation 125 [1/1] (0.00ns)   --->   "%zext_ln36 = zext i10 %tmp_25" [../src/hysteresis.cpp:36->../src/hysteresis.cpp:125->../src/canny_top.cpp:37]   --->   Operation 125 'zext' 'zext_ln36' <Predicate = (centre == 128 & !icmp_ln29 & !icmp_ln30)> <Delay = 0.00>
ST_9 : Operation 126 [1/1] (0.00ns)   --->   "%p_ZN12_GLOBAL_N_110lineBufferILi4EEE_0_addr_8 = getelementptr i8 %p_ZN12_GLOBAL_N_110lineBufferILi4EEE_0, i64 0, i64 %zext_ln36" [../src/hysteresis.cpp:36->../src/hysteresis.cpp:125->../src/canny_top.cpp:37]   --->   Operation 126 'getelementptr' 'p_ZN12_GLOBAL_N_110lineBufferILi4EEE_0_addr_8' <Predicate = (centre == 128 & !icmp_ln29 & !icmp_ln30 & trunc_ln116)> <Delay = 0.00>
ST_9 : Operation 127 [1/1] (0.00ns)   --->   "%p_ZN12_GLOBAL_N_110lineBufferILi4EEE_1_addr_8 = getelementptr i8 %p_ZN12_GLOBAL_N_110lineBufferILi4EEE_1, i64 0, i64 %zext_ln36" [../src/hysteresis.cpp:36->../src/hysteresis.cpp:125->../src/canny_top.cpp:37]   --->   Operation 127 'getelementptr' 'p_ZN12_GLOBAL_N_110lineBufferILi4EEE_1_addr_8' <Predicate = (centre == 128 & !icmp_ln29 & !icmp_ln30 & !trunc_ln116)> <Delay = 0.00>
ST_9 : Operation 128 [1/2] ( I:1.23ns O:1.23ns )   --->   "%p_ZN12_GLOBAL_N_110lineBufferILi4EEE_0_load_7 = load i10 %p_ZN12_GLOBAL_N_110lineBufferILi4EEE_0_addr_3" [../src/hysteresis.cpp:35->../src/hysteresis.cpp:125->../src/canny_top.cpp:37]   --->   Operation 128 'load' 'p_ZN12_GLOBAL_N_110lineBufferILi4EEE_0_load_7' <Predicate = (centre == 128 & !icmp_ln29 & !icmp_ln30 & !icmp_ln31 & !icmp_ln32 & !icmp_ln33 & !icmp_ln34 & !trunc_ln116)> <Delay = 1.23> <CoreInst = "RAM">   --->   Core 82 'RAM' <Latency = 1> <II = 1> <Delay = 1.23> <Storage> <Opcode : 'load' 'store'> <Ports = 2> <Width = 8> <Depth = 768> <RAM>
ST_9 : Operation 129 [1/2] ( I:1.23ns O:1.23ns )   --->   "%p_ZN12_GLOBAL_N_110lineBufferILi4EEE_1_load_7 = load i10 %p_ZN12_GLOBAL_N_110lineBufferILi4EEE_1_addr_3" [../src/hysteresis.cpp:35->../src/hysteresis.cpp:125->../src/canny_top.cpp:37]   --->   Operation 129 'load' 'p_ZN12_GLOBAL_N_110lineBufferILi4EEE_1_load_7' <Predicate = (centre == 128 & !icmp_ln29 & !icmp_ln30 & !icmp_ln31 & !icmp_ln32 & !icmp_ln33 & !icmp_ln34 & trunc_ln116)> <Delay = 1.23> <CoreInst = "RAM">   --->   Core 82 'RAM' <Latency = 1> <II = 1> <Delay = 1.23> <Storage> <Opcode : 'load' 'store'> <Ports = 2> <Width = 8> <Depth = 768> <RAM>
ST_9 : Operation 130 [1/1] (0.39ns)   --->   "%select_ln35 = select i1 %trunc_ln116, i8 %p_ZN12_GLOBAL_N_110lineBufferILi4EEE_1_load_7, i8 %p_ZN12_GLOBAL_N_110lineBufferILi4EEE_0_load_7" [../src/hysteresis.cpp:35->../src/hysteresis.cpp:125->../src/canny_top.cpp:37]   --->   Operation 130 'select' 'select_ln35' <Predicate = (centre == 128 & !icmp_ln29 & !icmp_ln30 & !icmp_ln31 & !icmp_ln32 & !icmp_ln33 & !icmp_ln34)> <Delay = 0.39> <CoreInst = "Sel">   --->   Core 73 'Sel' <Latency = 0> <II = 1> <Delay = 0.39> <FuncUnit> <Opcode : 'select'> <InPorts = 3> <OutPorts = 1>
ST_9 : Operation 131 [1/1] (0.76ns)   --->   "%icmp_ln35 = icmp_eq  i8 %select_ln35, i8 255" [../src/hysteresis.cpp:35->../src/hysteresis.cpp:125->../src/canny_top.cpp:37]   --->   Operation 131 'icmp' 'icmp_ln35' <Predicate = (centre == 128 & !icmp_ln29 & !icmp_ln30 & !icmp_ln31 & !icmp_ln32 & !icmp_ln33 & !icmp_ln34)> <Delay = 0.76> <CoreInst = "Cmp">   --->   Core 9 'Cmp' <Latency = 0> <II = 1> <Delay = 0.76> <FuncUnit> <Opcode : 'seteq' 'setne' 'setle' 'setge' 'setlt' 'setgt'> <InPorts = 2> <OutPorts = 1>
ST_9 : Operation 132 [1/1] (0.00ns)   --->   "%br_ln35 = br i1 %icmp_ln35, void %lor.rhs.i.i, void %_ZN12_GLOBAL__N_120has_strong_neighbourILi4EEEbiiii.exit.i" [../src/hysteresis.cpp:35->../src/hysteresis.cpp:125->../src/canny_top.cpp:37]   --->   Operation 132 'br' 'br_ln35' <Predicate = (centre == 128 & !icmp_ln29 & !icmp_ln30 & !icmp_ln31 & !icmp_ln32 & !icmp_ln33 & !icmp_ln34)> <Delay = 0.00>
ST_9 : Operation 133 [2/2] (1.23ns)   --->   "%p_ZN12_GLOBAL_N_110lineBufferILi4EEE_0_load_8 = load i10 %p_ZN12_GLOBAL_N_110lineBufferILi4EEE_0_addr_8" [../src/hysteresis.cpp:36->../src/hysteresis.cpp:125->../src/canny_top.cpp:37]   --->   Operation 133 'load' 'p_ZN12_GLOBAL_N_110lineBufferILi4EEE_0_load_8' <Predicate = (centre == 128 & !icmp_ln29 & !icmp_ln30 & !icmp_ln31 & !icmp_ln32 & !icmp_ln33 & !icmp_ln34 & !icmp_ln35 & trunc_ln116)> <Delay = 1.23> <CoreInst = "RAM">   --->   Core 82 'RAM' <Latency = 1> <II = 1> <Delay = 1.23> <Storage> <Opcode : 'load' 'store'> <Ports = 2> <Width = 8> <Depth = 768> <RAM>
ST_9 : Operation 134 [2/2] (1.23ns)   --->   "%p_ZN12_GLOBAL_N_110lineBufferILi4EEE_1_load_8 = load i10 %p_ZN12_GLOBAL_N_110lineBufferILi4EEE_1_addr_8" [../src/hysteresis.cpp:36->../src/hysteresis.cpp:125->../src/canny_top.cpp:37]   --->   Operation 134 'load' 'p_ZN12_GLOBAL_N_110lineBufferILi4EEE_1_load_8' <Predicate = (centre == 128 & !icmp_ln29 & !icmp_ln30 & !icmp_ln31 & !icmp_ln32 & !icmp_ln33 & !icmp_ln34 & !icmp_ln35 & !trunc_ln116)> <Delay = 1.23> <CoreInst = "RAM">   --->   Core 82 'RAM' <Latency = 1> <II = 1> <Delay = 1.23> <Storage> <Opcode : 'load' 'store'> <Ports = 2> <Width = 8> <Depth = 768> <RAM>
ST_9 : Operation 135 [1/1] (0.00ns)   --->   "%br_ln124 = br void %if.then36.i" [../src/hysteresis.cpp:124->../src/canny_top.cpp:37]   --->   Operation 135 'br' 'br_ln124' <Predicate = (centre == 128 & icmp_ln35) | (centre == 128 & icmp_ln34) | (centre == 128 & icmp_ln33) | (centre == 128 & icmp_ln32) | (centre == 128 & icmp_ln31) | (centre == 128 & icmp_ln30) | (centre == 128 & icmp_ln29)> <Delay = 0.00>

State 10 <SV = 9> <Delay = 3.63>
ST_10 : Operation 136 [1/2] ( I:1.23ns O:1.23ns )   --->   "%p_ZN12_GLOBAL_N_110lineBufferILi4EEE_0_load_8 = load i10 %p_ZN12_GLOBAL_N_110lineBufferILi4EEE_0_addr_8" [../src/hysteresis.cpp:36->../src/hysteresis.cpp:125->../src/canny_top.cpp:37]   --->   Operation 136 'load' 'p_ZN12_GLOBAL_N_110lineBufferILi4EEE_0_load_8' <Predicate = (centre == 128 & !icmp_ln29 & !icmp_ln30 & !icmp_ln31 & !icmp_ln32 & !icmp_ln33 & !icmp_ln34 & !icmp_ln35 & trunc_ln116)> <Delay = 1.23> <CoreInst = "RAM">   --->   Core 82 'RAM' <Latency = 1> <II = 1> <Delay = 1.23> <Storage> <Opcode : 'load' 'store'> <Ports = 2> <Width = 8> <Depth = 768> <RAM>
ST_10 : Operation 137 [1/2] ( I:1.23ns O:1.23ns )   --->   "%p_ZN12_GLOBAL_N_110lineBufferILi4EEE_1_load_8 = load i10 %p_ZN12_GLOBAL_N_110lineBufferILi4EEE_1_addr_8" [../src/hysteresis.cpp:36->../src/hysteresis.cpp:125->../src/canny_top.cpp:37]   --->   Operation 137 'load' 'p_ZN12_GLOBAL_N_110lineBufferILi4EEE_1_load_8' <Predicate = (centre == 128 & !icmp_ln29 & !icmp_ln30 & !icmp_ln31 & !icmp_ln32 & !icmp_ln33 & !icmp_ln34 & !icmp_ln35 & !trunc_ln116)> <Delay = 1.23> <CoreInst = "RAM">   --->   Core 82 'RAM' <Latency = 1> <II = 1> <Delay = 1.23> <Storage> <Opcode : 'load' 'store'> <Ports = 2> <Width = 8> <Depth = 768> <RAM>
ST_10 : Operation 138 [1/1] (0.39ns)   --->   "%select_ln36 = select i1 %trunc_ln116, i8 %p_ZN12_GLOBAL_N_110lineBufferILi4EEE_0_load_8, i8 %p_ZN12_GLOBAL_N_110lineBufferILi4EEE_1_load_8" [../src/hysteresis.cpp:36->../src/hysteresis.cpp:125->../src/canny_top.cpp:37]   --->   Operation 138 'select' 'select_ln36' <Predicate = (centre == 128 & !icmp_ln29 & !icmp_ln30 & !icmp_ln31 & !icmp_ln32 & !icmp_ln33 & !icmp_ln34 & !icmp_ln35)> <Delay = 0.39> <CoreInst = "Sel">   --->   Core 73 'Sel' <Latency = 0> <II = 1> <Delay = 0.39> <FuncUnit> <Opcode : 'select'> <InPorts = 3> <OutPorts = 1>
ST_10 : Operation 139 [1/1] (0.76ns)   --->   "%icmp_ln36 = icmp_eq  i8 %select_ln36, i8 255" [../src/hysteresis.cpp:36->../src/hysteresis.cpp:125->../src/canny_top.cpp:37]   --->   Operation 139 'icmp' 'icmp_ln36' <Predicate = (centre == 128 & !icmp_ln29 & !icmp_ln30 & !icmp_ln31 & !icmp_ln32 & !icmp_ln33 & !icmp_ln34 & !icmp_ln35)> <Delay = 0.76> <CoreInst = "Cmp">   --->   Core 9 'Cmp' <Latency = 0> <II = 1> <Delay = 0.76> <FuncUnit> <Opcode : 'seteq' 'setne' 'setle' 'setge' 'setlt' 'setgt'> <InPorts = 2> <OutPorts = 1>
ST_10 : Operation 140 [1/1] (0.00ns)   --->   "%out_hysteresis4_addr_2 = getelementptr i2 %out_hysteresis4, i64 0, i64 %zext_ln116" [../src/hysteresis.cpp:132->../src/canny_top.cpp:37]   --->   Operation 140 'getelementptr' 'out_hysteresis4_addr_2' <Predicate = (centre == 128 & !icmp_ln29 & !icmp_ln30 & !icmp_ln31 & !icmp_ln32 & !icmp_ln33 & !icmp_ln34 & !icmp_ln35)> <Delay = 0.00>
ST_10 : Operation 141 [1/1] (0.00ns)   --->   "%br_ln124 = br i1 %icmp_ln36, void %if.then42.i, void %if.then36.i" [../src/hysteresis.cpp:124->../src/canny_top.cpp:37]   --->   Operation 141 'br' 'br_ln124' <Predicate = (centre == 128 & !icmp_ln29 & !icmp_ln30 & !icmp_ln31 & !icmp_ln32 & !icmp_ln33 & !icmp_ln34 & !icmp_ln35)> <Delay = 0.00>
ST_10 : Operation 142 [1/1] ( I:1.23ns O:1.23ns )   --->   "%store_ln135 = store i2 0, i9 %out_hysteresis4_addr_2" [../src/hysteresis.cpp:135->../src/canny_top.cpp:37]   --->   Operation 142 'store' 'store_ln135' <Predicate = (centre == 128 & !icmp_ln29 & !icmp_ln30 & !icmp_ln31 & !icmp_ln32 & !icmp_ln33 & !icmp_ln34 & !icmp_ln35 & !icmp_ln36)> <Delay = 1.23> <CoreInst = "RAM">   --->   Core 82 'RAM' <Latency = 1> <II = 1> <Delay = 1.23> <Storage> <Opcode : 'load' 'store'> <Ports = 2> <Width = 2> <Depth = 512> <RAM>
ST_10 : Operation 143 [1/1] (0.00ns)   --->   "%br_ln136 = br void %if.end48.i" [../src/hysteresis.cpp:136->../src/canny_top.cpp:37]   --->   Operation 143 'br' 'br_ln136' <Predicate = (centre == 128 & !icmp_ln29 & !icmp_ln30 & !icmp_ln31 & !icmp_ln32 & !icmp_ln33 & !icmp_ln34 & !icmp_ln35 & !icmp_ln36)> <Delay = 0.00>
ST_10 : Operation 144 [1/1] (0.00ns)   --->   "%out_hysteresis4_addr_3 = getelementptr i2 %out_hysteresis4, i64 0, i64 %zext_ln116" [../src/hysteresis.cpp:132->../src/canny_top.cpp:37]   --->   Operation 144 'getelementptr' 'out_hysteresis4_addr_3' <Predicate = (centre == 128 & icmp_ln36) | (centre == 128 & icmp_ln35) | (centre == 128 & icmp_ln34) | (centre == 128 & icmp_ln33) | (centre == 128 & icmp_ln32) | (centre == 128 & icmp_ln31) | (centre == 128 & icmp_ln30) | (centre == 128 & icmp_ln29)> <Delay = 0.00>
ST_10 : Operation 145 [1/1] ( I:1.23ns O:1.23ns )   --->   "%store_ln132 = store i2 3, i9 %out_hysteresis4_addr_3" [../src/hysteresis.cpp:132->../src/canny_top.cpp:37]   --->   Operation 145 'store' 'store_ln132' <Predicate = (centre == 128 & icmp_ln36) | (centre == 128 & icmp_ln35) | (centre == 128 & icmp_ln34) | (centre == 128 & icmp_ln33) | (centre == 128 & icmp_ln32) | (centre == 128 & icmp_ln31) | (centre == 128 & icmp_ln30) | (centre == 128 & icmp_ln29)> <Delay = 1.23> <CoreInst = "RAM">   --->   Core 82 'RAM' <Latency = 1> <II = 1> <Delay = 1.23> <Storage> <Opcode : 'load' 'store'> <Ports = 2> <Width = 2> <Depth = 512> <RAM>
ST_10 : Operation 146 [1/1] (0.00ns)   --->   "%br_ln133 = br void %if.end49.i" [../src/hysteresis.cpp:133->../src/canny_top.cpp:37]   --->   Operation 146 'br' 'br_ln133' <Predicate = (centre == 128 & icmp_ln36) | (centre == 128 & icmp_ln35) | (centre == 128 & icmp_ln34) | (centre == 128 & icmp_ln33) | (centre == 128 & icmp_ln32) | (centre == 128 & icmp_ln31) | (centre == 128 & icmp_ln30) | (centre == 128 & icmp_ln29)> <Delay = 0.00>
ST_10 : Operation 147 [1/1] (0.00ns)   --->   "%br_ln0 = br void %if.end49.i"   --->   Operation 147 'br' 'br_ln0' <Predicate = (centre != 255 & !icmp_ln29 & !icmp_ln30 & !icmp_ln31 & !icmp_ln32 & !icmp_ln33 & !icmp_ln34 & !icmp_ln35 & !icmp_ln36) | (centre != 255 & centre != 128)> <Delay = 0.00>


============================================================
+ Verbose Summary: Binding
============================================================
STG Binding: 
---------------- STG Properties BEGIN ----------------
- Is combinational: 0
- Is one-state seq: 0
- Is datapath-only: 0
- Is pipelined: 0
- Is top level: 0
Port [ Return ] is wired: 1; IO mode=ap_ctrl_hs:ce=0
Port [ out_hysteresis4]:  wired=1; compound=1; hidden=0; nouse=0; global=0; static=0; extern=0; dir=1; type=1; pingpong=1; private_global=0; MemPort=[03]; IO mode=ap_memory:ce=0
Port [ result_3]:  wired=1; compound=0; hidden=0; nouse=0; global=0; static=0; extern=0; dir=0; type=0; pingpong=0; private_global=0; IO mode=ap_none:ce=0
Port [ result]:  wired=1; compound=0; hidden=0; nouse=0; global=0; static=0; extern=0; dir=0; type=0; pingpong=0; private_global=0; IO mode=ap_none:ce=0
Port [ writeSlot]:  wired=1; compound=0; hidden=0; nouse=0; global=0; static=0; extern=0; dir=0; type=0; pingpong=0; private_global=0; IO mode=ap_none:ce=0
Port [ p_ZN12_GLOBAL_N_110lineBufferILi4EEE_0]:  wired=1; compound=1; hidden=0; nouse=0; global=1; static=1; extern=0; dir=0; type=1; pingpong=0; private_global=0; MemPort=[11]; IO mode=ap_memory:ce=0
Port [ p_ZN12_GLOBAL_N_110lineBufferILi4EEE_1]:  wired=1; compound=1; hidden=0; nouse=0; global=1; static=1; extern=0; dir=0; type=1; pingpong=0; private_global=0; MemPort=[11]; IO mode=ap_memory:ce=0
---------------- STG Properties END ------------------

---------------- Datapath Model BEGIN ----------------

<LifeTime>
<method=bitvector/>
column_3                                      (alloca           ) [ 01000000000]
writeSlot_read                                (read             ) [ 01111111110]
result_read                                   (read             ) [ 00111000000]
result_3_read                                 (read             ) [ 01111110000]
store_ln26                                    (store            ) [ 00000000000]
br_ln0                                        (br               ) [ 00000000000]
column                                        (load             ) [ 00111000000]
icmp_ln116                                    (icmp             ) [ 01111100000]
br_ln116                                      (br               ) [ 00000000000]
lshr_ln                                       (partselect       ) [ 01111111100]
tmp_s                                         (bitconcatenate   ) [ 00000000000]
zext_ln118                                    (zext             ) [ 00000000000]
p_ZN12_GLOBAL_N_110lineBufferILi4EEE_0_addr   (getelementptr    ) [ 00100000000]
p_ZN12_GLOBAL_N_110lineBufferILi4EEE_1_addr   (getelementptr    ) [ 00100000000]
add_ln116                                     (add              ) [ 00000000000]
store_ln26                                    (store            ) [ 00000000000]
br_ln116                                      (br               ) [ 00000000000]
zext_ln116                                    (zext             ) [ 01111111111]
trunc_ln116                                   (trunc            ) [ 01111111111]
p_ZN12_GLOBAL_N_110lineBufferILi4EEE_0_load   (load             ) [ 00000000000]
p_ZN12_GLOBAL_N_110lineBufferILi4EEE_1_load   (load             ) [ 00000000000]
centre                                        (select           ) [ 01111111111]
switch_ln120                                  (switch           ) [ 00000000000]
add_ln29                                      (add              ) [ 00000000000]
lshr_ln1                                      (partselect       ) [ 01111111000]
tmp_20                                        (bitconcatenate   ) [ 00000000000]
zext_ln29                                     (zext             ) [ 00000000000]
p_ZN12_GLOBAL_N_110lineBufferILi4EEE_0_addr_2 (getelementptr    ) [ 00010000000]
p_ZN12_GLOBAL_N_110lineBufferILi4EEE_1_addr_2 (getelementptr    ) [ 00010000000]
out_hysteresis4_addr_1                        (getelementptr    ) [ 00000000000]
store_ln121                                   (store            ) [ 00000000000]
br_ln122                                      (br               ) [ 00000000000]
out_hysteresis4_addr                          (getelementptr    ) [ 00000000000]
store_ln138                                   (store            ) [ 00000000000]
br_ln0                                        (br               ) [ 00000000000]
br_ln0                                        (br               ) [ 00000000000]
tmp_18                                        (bitconcatenate   ) [ 00000000000]
zext_ln30                                     (zext             ) [ 00000000000]
p_ZN12_GLOBAL_N_110lineBufferILi4EEE_0_addr_1 (getelementptr    ) [ 00001000000]
p_ZN12_GLOBAL_N_110lineBufferILi4EEE_1_addr_1 (getelementptr    ) [ 00001000000]
p_ZN12_GLOBAL_N_110lineBufferILi4EEE_0_load_1 (load             ) [ 00000000000]
p_ZN12_GLOBAL_N_110lineBufferILi4EEE_1_load_1 (load             ) [ 00000000000]
select_ln29                                   (select           ) [ 00000000000]
icmp_ln29                                     (icmp             ) [ 01111111111]
br_ln29                                       (br               ) [ 00000000000]
p_ZN12_GLOBAL_N_110lineBufferILi4EEE_0_load_2 (load             ) [ 00000000000]
p_ZN12_GLOBAL_N_110lineBufferILi4EEE_1_load_2 (load             ) [ 00000000000]
select_ln30                                   (select           ) [ 00000000000]
icmp_ln30                                     (icmp             ) [ 01111111111]
br_ln30                                       (br               ) [ 00000000000]
add_ln31                                      (add              ) [ 00000000000]
lshr_ln2                                      (partselect       ) [ 01111111110]
tmp_23                                        (bitconcatenate   ) [ 00000000000]
zext_ln31                                     (zext             ) [ 00000000000]
p_ZN12_GLOBAL_N_110lineBufferILi4EEE_0_addr_4 (getelementptr    ) [ 00000100000]
p_ZN12_GLOBAL_N_110lineBufferILi4EEE_1_addr_4 (getelementptr    ) [ 00000100000]
tmp_21                                        (bitconcatenate   ) [ 00000000000]
zext_ln32                                     (zext             ) [ 00000000000]
p_ZN12_GLOBAL_N_110lineBufferILi4EEE_0_addr_5 (getelementptr    ) [ 01000010000]
p_ZN12_GLOBAL_N_110lineBufferILi4EEE_1_addr_5 (getelementptr    ) [ 01000010000]
p_ZN12_GLOBAL_N_110lineBufferILi4EEE_0_load_3 (load             ) [ 00000000000]
p_ZN12_GLOBAL_N_110lineBufferILi4EEE_1_load_3 (load             ) [ 00000000000]
select_ln31                                   (select           ) [ 00000000000]
icmp_ln31                                     (icmp             ) [ 01111111111]
br_ln31                                       (br               ) [ 00000000000]
tmp_24                                        (bitconcatenate   ) [ 00000000000]
zext_ln33                                     (zext             ) [ 00000000000]
p_ZN12_GLOBAL_N_110lineBufferILi4EEE_0_addr_6 (getelementptr    ) [ 00100001000]
p_ZN12_GLOBAL_N_110lineBufferILi4EEE_1_addr_6 (getelementptr    ) [ 00100001000]
p_ZN12_GLOBAL_N_110lineBufferILi4EEE_0_load_4 (load             ) [ 00000000000]
p_ZN12_GLOBAL_N_110lineBufferILi4EEE_1_load_4 (load             ) [ 00000000000]
select_ln32                                   (select           ) [ 00000000000]
icmp_ln32                                     (icmp             ) [ 01111111111]
br_ln32                                       (br               ) [ 00000000000]
tmp_22                                        (bitconcatenate   ) [ 00000000000]
zext_ln34                                     (zext             ) [ 00000000000]
p_ZN12_GLOBAL_N_110lineBufferILi4EEE_0_addr_7 (getelementptr    ) [ 00010000100]
p_ZN12_GLOBAL_N_110lineBufferILi4EEE_1_addr_7 (getelementptr    ) [ 00010000100]
p_ZN12_GLOBAL_N_110lineBufferILi4EEE_0_load_5 (load             ) [ 00000000000]
p_ZN12_GLOBAL_N_110lineBufferILi4EEE_1_load_5 (load             ) [ 00000000000]
select_ln33                                   (select           ) [ 00000000000]
icmp_ln33                                     (icmp             ) [ 00111101111]
br_ln33                                       (br               ) [ 00000000000]
specpipeline_ln116                            (specpipeline     ) [ 00000000000]
speclooptripcount_ln116                       (speclooptripcount) [ 00000000000]
specloopname_ln116                            (specloopname     ) [ 00000000000]
tmp_19                                        (bitconcatenate   ) [ 00000000000]
zext_ln35                                     (zext             ) [ 00000000000]
p_ZN12_GLOBAL_N_110lineBufferILi4EEE_0_addr_3 (getelementptr    ) [ 00001000010]
p_ZN12_GLOBAL_N_110lineBufferILi4EEE_1_addr_3 (getelementptr    ) [ 00001000010]
p_ZN12_GLOBAL_N_110lineBufferILi4EEE_0_load_6 (load             ) [ 00000000000]
p_ZN12_GLOBAL_N_110lineBufferILi4EEE_1_load_6 (load             ) [ 00000000000]
select_ln34                                   (select           ) [ 00000000000]
icmp_ln34                                     (icmp             ) [ 00011100111]
br_ln34                                       (br               ) [ 00000000000]
tmp_25                                        (bitconcatenate   ) [ 00000000000]
zext_ln36                                     (zext             ) [ 00000000000]
p_ZN12_GLOBAL_N_110lineBufferILi4EEE_0_addr_8 (getelementptr    ) [ 00000100001]
p_ZN12_GLOBAL_N_110lineBufferILi4EEE_1_addr_8 (getelementptr    ) [ 00000100001]
p_ZN12_GLOBAL_N_110lineBufferILi4EEE_0_load_7 (load             ) [ 00000000000]
p_ZN12_GLOBAL_N_110lineBufferILi4EEE_1_load_7 (load             ) [ 00000000000]
select_ln35                                   (select           ) [ 00000000000]
icmp_ln35                                     (icmp             ) [ 00001100011]
br_ln35                                       (br               ) [ 00000000000]
br_ln124                                      (br               ) [ 00000000000]
p_ZN12_GLOBAL_N_110lineBufferILi4EEE_0_load_8 (load             ) [ 00000000000]
p_ZN12_GLOBAL_N_110lineBufferILi4EEE_1_load_8 (load             ) [ 00000000000]
select_ln36                                   (select           ) [ 00000000000]
icmp_ln36                                     (icmp             ) [ 00000100001]
out_hysteresis4_addr_2                        (getelementptr    ) [ 00000000000]
br_ln124                                      (br               ) [ 00000000000]
store_ln135                                   (store            ) [ 00000000000]
br_ln136                                      (br               ) [ 00000000000]
out_hysteresis4_addr_3                        (getelementptr    ) [ 00000000000]
store_ln132                                   (store            ) [ 00000000000]
br_ln133                                      (br               ) [ 00000000000]
br_ln0                                        (br               ) [ 00000000000]
ret_ln0                                       (ret              ) [ 00000000000]
</LifeTime>

<model>

<comp_list>
<comp id="0" class="1000" name="out_hysteresis4">
<pin_list>
<pin id="1" dir="1" index="0" bw="1" slack="0"/>
</pin_list>
<bind>
<StgValue><ssdm name="out_hysteresis4"/><MemPortTyVec>0 3 </MemPortTyVec>
</StgValue>
</bind>
</comp>

<comp id="2" class="1000" name="result_3">
<pin_list>
<pin id="3" dir="1" index="0" bw="1" slack="0"/>
</pin_list>
<bind>
<StgValue><ssdm name="result_3"/></StgValue>
</bind>
</comp>

<comp id="4" class="1000" name="result">
<pin_list>
<pin id="5" dir="1" index="0" bw="1" slack="0"/>
</pin_list>
<bind>
<StgValue><ssdm name="result"/></StgValue>
</bind>
</comp>

<comp id="6" class="1000" name="writeSlot">
<pin_list>
<pin id="7" dir="1" index="0" bw="1" slack="0"/>
</pin_list>
<bind>
<StgValue><ssdm name="writeSlot"/></StgValue>
</bind>
</comp>

<comp id="8" class="1000" name="p_ZN12_GLOBAL_N_110lineBufferILi4EEE_0">
<pin_list>
<pin id="9" dir="1" index="0" bw="1" slack="0"/>
</pin_list>
<bind>
<StgValue><ssdm name="p_ZN12_GLOBAL_N_110lineBufferILi4EEE_0"/><MemPortTyVec>1 1 </MemPortTyVec>
</StgValue>
</bind>
</comp>

<comp id="10" class="1000" name="p_ZN12_GLOBAL_N_110lineBufferILi4EEE_1">
<pin_list>
<pin id="11" dir="1" index="0" bw="1" slack="0"/>
</pin_list>
<bind>
<StgValue><ssdm name="p_ZN12_GLOBAL_N_110lineBufferILi4EEE_1"/><MemPortTyVec>1 1 </MemPortTyVec>
</StgValue>
</bind>
</comp>

<comp id="12" class="1001" name="const_12">
<pin_list>
<pin id="13" dir="1" index="0" bw="1" slack="0"/>
</pin_list>
<bind>
<StgValue><ssdm name=""/></StgValue>
</bind>
</comp>

<comp id="14" class="1001" name="const_14">
<pin_list>
<pin id="15" dir="1" index="0" bw="1" slack="0"/>
</pin_list>
<bind>
<StgValue><ssdm name="_ssdm_op_Read.ap_auto.i2"/></StgValue>
</bind>
</comp>

<comp id="16" class="1001" name="const_16">
<pin_list>
<pin id="17" dir="1" index="0" bw="1" slack="0"/>
</pin_list>
<bind>
<StgValue><ssdm name=""/></StgValue>
</bind>
</comp>

<comp id="18" class="1001" name="const_18">
<pin_list>
<pin id="19" dir="1" index="0" bw="1" slack="0"/>
</pin_list>
<bind>
<StgValue><ssdm name=""/></StgValue>
</bind>
</comp>

<comp id="20" class="1001" name="const_20">
<pin_list>
<pin id="21" dir="1" index="0" bw="1" slack="0"/>
</pin_list>
<bind>
<StgValue><ssdm name="_ssdm_op_PartSelect.i8.i9.i32.i32"/></StgValue>
</bind>
</comp>

<comp id="22" class="1001" name="const_22">
<pin_list>
<pin id="23" dir="1" index="0" bw="1" slack="0"/>
</pin_list>
<bind>
<StgValue><ssdm name=""/></StgValue>
</bind>
</comp>

<comp id="24" class="1001" name="const_24">
<pin_list>
<pin id="25" dir="1" index="0" bw="1" slack="0"/>
</pin_list>
<bind>
<StgValue><ssdm name="_ssdm_op_BitConcatenate.i10.i2.i8"/></StgValue>
</bind>
</comp>

<comp id="26" class="1001" name="const_26">
<pin_list>
<pin id="27" dir="1" index="0" bw="1" slack="0"/>
</pin_list>
<bind>
<StgValue><ssdm name=""/></StgValue>
</bind>
</comp>

<comp id="28" class="1001" name="const_28">
<pin_list>
<pin id="29" dir="1" index="0" bw="1" slack="0"/>
</pin_list>
<bind>
<StgValue><ssdm name=""/></StgValue>
</bind>
</comp>

<comp id="30" class="1001" name="const_30">
<pin_list>
<pin id="31" dir="1" index="0" bw="1" slack="0"/>
</pin_list>
<bind>
<StgValue><ssdm name=""/></StgValue>
</bind>
</comp>

<comp id="32" class="1001" name="const_32">
<pin_list>
<pin id="33" dir="1" index="0" bw="1" slack="0"/>
</pin_list>
<bind>
<StgValue><ssdm name=""/></StgValue>
</bind>
</comp>

<comp id="34" class="1001" name="const_34">
<pin_list>
<pin id="35" dir="1" index="0" bw="1" slack="0"/>
</pin_list>
<bind>
<StgValue><ssdm name=""/></StgValue>
</bind>
</comp>

<comp id="36" class="1001" name="const_36">
<pin_list>
<pin id="37" dir="1" index="0" bw="1" slack="2147483647"/>
</pin_list>
<bind>
<StgValue><ssdm name="_ssdm_op_SpecPipeline"/></StgValue>
</bind>
</comp>

<comp id="38" class="1001" name="const_38">
<pin_list>
<pin id="39" dir="1" index="0" bw="1" slack="2147483647"/>
</pin_list>
<bind>
<StgValue><ssdm name=""/></StgValue>
</bind>
</comp>

<comp id="40" class="1001" name="const_40">
<pin_list>
<pin id="41" dir="1" index="0" bw="1" slack="2147483647"/>
</pin_list>
<bind>
<StgValue><ssdm name=""/></StgValue>
</bind>
</comp>

<comp id="42" class="1001" name="const_42">
<pin_list>
<pin id="43" dir="1" index="0" bw="1" slack="2147483647"/>
</pin_list>
<bind>
<StgValue><ssdm name="empty_22"/></StgValue>
</bind>
</comp>

<comp id="44" class="1001" name="const_44">
<pin_list>
<pin id="45" dir="1" index="0" bw="1" slack="2147483647"/>
</pin_list>
<bind>
<StgValue><ssdm name="_ssdm_op_SpecLoopTripCount"/></StgValue>
</bind>
</comp>

<comp id="46" class="1001" name="const_46">
<pin_list>
<pin id="47" dir="1" index="0" bw="1" slack="2147483647"/>
</pin_list>
<bind>
<StgValue><ssdm name=""/></StgValue>
</bind>
</comp>

<comp id="48" class="1001" name="const_48">
<pin_list>
<pin id="49" dir="1" index="0" bw="1" slack="2147483647"/>
</pin_list>
<bind>
<StgValue><ssdm name="_ssdm_op_SpecLoopName"/></StgValue>
</bind>
</comp>

<comp id="50" class="1001" name="const_50">
<pin_list>
<pin id="51" dir="1" index="0" bw="1" slack="2147483647"/>
</pin_list>
<bind>
<StgValue><ssdm name="empty_15"/></StgValue>
</bind>
</comp>

<comp id="52" class="1004" name="column_3_fu_52">
<pin_list>
<pin id="53" dir="0" index="0" bw="1" slack="0"/>
<pin id="54" dir="1" index="1" bw="9" slack="0"/>
</pin_list>
<bind>
<opcode="alloca(26) " fcode="alloca"/>
<opset="column_3/1 "/>
</bind>
</comp>

<comp id="56" class="1004" name="writeSlot_read_read_fu_56">
<pin_list>
<pin id="57" dir="0" index="0" bw="2" slack="0"/>
<pin id="58" dir="0" index="1" bw="2" slack="0"/>
<pin id="59" dir="1" index="2" bw="2" slack="6"/>
</pin_list>
<bind>
<opcode="read(1150) " fcode="read"/>
<opset="writeSlot_read/1 "/>
</bind>
</comp>

<comp id="62" class="1004" name="result_read_read_fu_62">
<pin_list>
<pin id="63" dir="0" index="0" bw="2" slack="0"/>
<pin id="64" dir="0" index="1" bw="2" slack="0"/>
<pin id="65" dir="1" index="2" bw="2" slack="1"/>
</pin_list>
<bind>
<opcode="read(1150) " fcode="read"/>
<opset="result_read/1 "/>
</bind>
</comp>

<comp id="68" class="1004" name="result_3_read_read_fu_68">
<pin_list>
<pin id="69" dir="0" index="0" bw="2" slack="0"/>
<pin id="70" dir="0" index="1" bw="2" slack="0"/>
<pin id="71" dir="1" index="2" bw="2" slack="0"/>
</pin_list>
<bind>
<opcode="read(1150) " fcode="read"/>
<opset="result_3_read/1 "/>
</bind>
</comp>

<comp id="74" class="1004" name="p_ZN12_GLOBAL_N_110lineBufferILi4EEE_0_addr_gep_fu_74">
<pin_list>
<pin id="75" dir="0" index="0" bw="8" slack="0"/>
<pin id="76" dir="0" index="1" bw="1" slack="0"/>
<pin id="77" dir="0" index="2" bw="10" slack="0"/>
<pin id="78" dir="1" index="3" bw="10" slack="0"/>
</pin_list>
<bind>
<opcode="getelementptr(29) " fcode="getelementptr"/>
<opset="p_ZN12_GLOBAL_N_110lineBufferILi4EEE_0_addr/1 "/>
</bind>
</comp>

<comp id="81" class="1004" name="p_ZN12_GLOBAL_N_110lineBufferILi4EEE_1_addr_gep_fu_81">
<pin_list>
<pin id="82" dir="0" index="0" bw="8" slack="0"/>
<pin id="83" dir="0" index="1" bw="1" slack="0"/>
<pin id="84" dir="0" index="2" bw="10" slack="0"/>
<pin id="85" dir="1" index="3" bw="10" slack="0"/>
</pin_list>
<bind>
<opcode="getelementptr(29) " fcode="getelementptr"/>
<opset="p_ZN12_GLOBAL_N_110lineBufferILi4EEE_1_addr/1 "/>
</bind>
</comp>

<comp id="88" class="1004" name="grp_access_fu_88">
<pin_list>
<pin id="89" dir="0" index="0" bw="10" slack="0"/>
<pin id="90" dir="0" index="1" bw="8" slack="2147483647"/>
<pin id="91" dir="0" index="2" bw="0" slack="0"/>
<pin id="93" dir="0" index="4" bw="10" slack="2147483647"/>
<pin id="94" dir="0" index="5" bw="8" slack="2147483647"/>
<pin id="95" dir="0" index="6" bw="0" slack="2147483647"/>
<pin id="92" dir="1" index="3" bw="8" slack="0"/>
<pin id="96" dir="1" index="7" bw="8" slack="0"/>
</pin_list>
<bind>
<opcode="load(27) " fcode="load"/>
<opset="p_ZN12_GLOBAL_N_110lineBufferILi4EEE_0_load/1 p_ZN12_GLOBAL_N_110lineBufferILi4EEE_0_load_1/2 p_ZN12_GLOBAL_N_110lineBufferILi4EEE_0_load_2/3 p_ZN12_GLOBAL_N_110lineBufferILi4EEE_0_load_3/4 p_ZN12_GLOBAL_N_110lineBufferILi4EEE_0_load_4/5 p_ZN12_GLOBAL_N_110lineBufferILi4EEE_0_load_5/6 p_ZN12_GLOBAL_N_110lineBufferILi4EEE_0_load_6/7 p_ZN12_GLOBAL_N_110lineBufferILi4EEE_0_load_7/8 p_ZN12_GLOBAL_N_110lineBufferILi4EEE_0_load_8/9 "/>
</bind>
</comp>

<comp id="98" class="1004" name="grp_access_fu_98">
<pin_list>
<pin id="99" dir="0" index="0" bw="10" slack="0"/>
<pin id="100" dir="0" index="1" bw="8" slack="2147483647"/>
<pin id="101" dir="0" index="2" bw="0" slack="0"/>
<pin id="103" dir="0" index="4" bw="10" slack="2147483647"/>
<pin id="104" dir="0" index="5" bw="8" slack="2147483647"/>
<pin id="105" dir="0" index="6" bw="0" slack="2147483647"/>
<pin id="102" dir="1" index="3" bw="8" slack="0"/>
<pin id="106" dir="1" index="7" bw="8" slack="0"/>
</pin_list>
<bind>
<opcode="load(27) " fcode="load"/>
<opset="p_ZN12_GLOBAL_N_110lineBufferILi4EEE_1_load/1 p_ZN12_GLOBAL_N_110lineBufferILi4EEE_1_load_1/2 p_ZN12_GLOBAL_N_110lineBufferILi4EEE_1_load_2/3 p_ZN12_GLOBAL_N_110lineBufferILi4EEE_1_load_3/4 p_ZN12_GLOBAL_N_110lineBufferILi4EEE_1_load_4/5 p_ZN12_GLOBAL_N_110lineBufferILi4EEE_1_load_5/6 p_ZN12_GLOBAL_N_110lineBufferILi4EEE_1_load_6/7 p_ZN12_GLOBAL_N_110lineBufferILi4EEE_1_load_7/8 p_ZN12_GLOBAL_N_110lineBufferILi4EEE_1_load_8/9 "/>
</bind>
</comp>

<comp id="108" class="1004" name="p_ZN12_GLOBAL_N_110lineBufferILi4EEE_0_addr_2_gep_fu_108">
<pin_list>
<pin id="109" dir="0" index="0" bw="8" slack="0"/>
<pin id="110" dir="0" index="1" bw="1" slack="0"/>
<pin id="111" dir="0" index="2" bw="10" slack="0"/>
<pin id="112" dir="1" index="3" bw="10" slack="0"/>
</pin_list>
<bind>
<opcode="getelementptr(29) " fcode="getelementptr"/>
<opset="p_ZN12_GLOBAL_N_110lineBufferILi4EEE_0_addr_2/2 "/>
</bind>
</comp>

<comp id="115" class="1004" name="p_ZN12_GLOBAL_N_110lineBufferILi4EEE_1_addr_2_gep_fu_115">
<pin_list>
<pin id="116" dir="0" index="0" bw="8" slack="0"/>
<pin id="117" dir="0" index="1" bw="1" slack="0"/>
<pin id="118" dir="0" index="2" bw="10" slack="0"/>
<pin id="119" dir="1" index="3" bw="10" slack="0"/>
</pin_list>
<bind>
<opcode="getelementptr(29) " fcode="getelementptr"/>
<opset="p_ZN12_GLOBAL_N_110lineBufferILi4EEE_1_addr_2/2 "/>
</bind>
</comp>

<comp id="124" class="1004" name="out_hysteresis4_addr_1_gep_fu_124">
<pin_list>
<pin id="125" dir="0" index="0" bw="2" slack="0"/>
<pin id="126" dir="0" index="1" bw="1" slack="0"/>
<pin id="127" dir="0" index="2" bw="9" slack="0"/>
<pin id="128" dir="1" index="3" bw="9" slack="0"/>
</pin_list>
<bind>
<opcode="getelementptr(29) " fcode="getelementptr"/>
<opset="out_hysteresis4_addr_1/2 "/>
</bind>
</comp>

<comp id="131" class="1004" name="grp_access_fu_131">
<pin_list>
<pin id="132" dir="0" index="0" bw="9" slack="0"/>
<pin id="133" dir="0" index="1" bw="2" slack="0"/>
<pin id="134" dir="0" index="2" bw="0" slack="2147483647"/>
<pin id="135" dir="1" index="3" bw="2" slack="2147483647"/>
</pin_list>
<bind>
<opcode="store(28) " fcode="store"/>
<opset="store_ln121/2 store_ln138/2 store_ln135/10 store_ln132/10 "/>
</bind>
</comp>

<comp id="138" class="1004" name="out_hysteresis4_addr_gep_fu_138">
<pin_list>
<pin id="139" dir="0" index="0" bw="2" slack="0"/>
<pin id="140" dir="0" index="1" bw="1" slack="0"/>
<pin id="141" dir="0" index="2" bw="9" slack="0"/>
<pin id="142" dir="1" index="3" bw="9" slack="0"/>
</pin_list>
<bind>
<opcode="getelementptr(29) " fcode="getelementptr"/>
<opset="out_hysteresis4_addr/2 "/>
</bind>
</comp>

<comp id="147" class="1004" name="p_ZN12_GLOBAL_N_110lineBufferILi4EEE_0_addr_1_gep_fu_147">
<pin_list>
<pin id="148" dir="0" index="0" bw="8" slack="0"/>
<pin id="149" dir="0" index="1" bw="1" slack="0"/>
<pin id="150" dir="0" index="2" bw="10" slack="0"/>
<pin id="151" dir="1" index="3" bw="10" slack="0"/>
</pin_list>
<bind>
<opcode="getelementptr(29) " fcode="getelementptr"/>
<opset="p_ZN12_GLOBAL_N_110lineBufferILi4EEE_0_addr_1/3 "/>
</bind>
</comp>

<comp id="154" class="1004" name="p_ZN12_GLOBAL_N_110lineBufferILi4EEE_1_addr_1_gep_fu_154">
<pin_list>
<pin id="155" dir="0" index="0" bw="8" slack="0"/>
<pin id="156" dir="0" index="1" bw="1" slack="0"/>
<pin id="157" dir="0" index="2" bw="10" slack="0"/>
<pin id="158" dir="1" index="3" bw="10" slack="0"/>
</pin_list>
<bind>
<opcode="getelementptr(29) " fcode="getelementptr"/>
<opset="p_ZN12_GLOBAL_N_110lineBufferILi4EEE_1_addr_1/3 "/>
</bind>
</comp>

<comp id="163" class="1004" name="p_ZN12_GLOBAL_N_110lineBufferILi4EEE_0_addr_4_gep_fu_163">
<pin_list>
<pin id="164" dir="0" index="0" bw="8" slack="0"/>
<pin id="165" dir="0" index="1" bw="1" slack="0"/>
<pin id="166" dir="0" index="2" bw="10" slack="0"/>
<pin id="167" dir="1" index="3" bw="10" slack="0"/>
</pin_list>
<bind>
<opcode="getelementptr(29) " fcode="getelementptr"/>
<opset="p_ZN12_GLOBAL_N_110lineBufferILi4EEE_0_addr_4/4 "/>
</bind>
</comp>

<comp id="170" class="1004" name="p_ZN12_GLOBAL_N_110lineBufferILi4EEE_1_addr_4_gep_fu_170">
<pin_list>
<pin id="171" dir="0" index="0" bw="8" slack="0"/>
<pin id="172" dir="0" index="1" bw="1" slack="0"/>
<pin id="173" dir="0" index="2" bw="10" slack="0"/>
<pin id="174" dir="1" index="3" bw="10" slack="0"/>
</pin_list>
<bind>
<opcode="getelementptr(29) " fcode="getelementptr"/>
<opset="p_ZN12_GLOBAL_N_110lineBufferILi4EEE_1_addr_4/4 "/>
</bind>
</comp>

<comp id="179" class="1004" name="p_ZN12_GLOBAL_N_110lineBufferILi4EEE_0_addr_5_gep_fu_179">
<pin_list>
<pin id="180" dir="0" index="0" bw="8" slack="0"/>
<pin id="181" dir="0" index="1" bw="1" slack="0"/>
<pin id="182" dir="0" index="2" bw="10" slack="0"/>
<pin id="183" dir="1" index="3" bw="10" slack="0"/>
</pin_list>
<bind>
<opcode="getelementptr(29) " fcode="getelementptr"/>
<opset="p_ZN12_GLOBAL_N_110lineBufferILi4EEE_0_addr_5/5 "/>
</bind>
</comp>

<comp id="186" class="1004" name="p_ZN12_GLOBAL_N_110lineBufferILi4EEE_1_addr_5_gep_fu_186">
<pin_list>
<pin id="187" dir="0" index="0" bw="8" slack="0"/>
<pin id="188" dir="0" index="1" bw="1" slack="0"/>
<pin id="189" dir="0" index="2" bw="10" slack="0"/>
<pin id="190" dir="1" index="3" bw="10" slack="0"/>
</pin_list>
<bind>
<opcode="getelementptr(29) " fcode="getelementptr"/>
<opset="p_ZN12_GLOBAL_N_110lineBufferILi4EEE_1_addr_5/5 "/>
</bind>
</comp>

<comp id="195" class="1004" name="p_ZN12_GLOBAL_N_110lineBufferILi4EEE_0_addr_6_gep_fu_195">
<pin_list>
<pin id="196" dir="0" index="0" bw="8" slack="0"/>
<pin id="197" dir="0" index="1" bw="1" slack="0"/>
<pin id="198" dir="0" index="2" bw="10" slack="0"/>
<pin id="199" dir="1" index="3" bw="10" slack="0"/>
</pin_list>
<bind>
<opcode="getelementptr(29) " fcode="getelementptr"/>
<opset="p_ZN12_GLOBAL_N_110lineBufferILi4EEE_0_addr_6/6 "/>
</bind>
</comp>

<comp id="202" class="1004" name="p_ZN12_GLOBAL_N_110lineBufferILi4EEE_1_addr_6_gep_fu_202">
<pin_list>
<pin id="203" dir="0" index="0" bw="8" slack="0"/>
<pin id="204" dir="0" index="1" bw="1" slack="0"/>
<pin id="205" dir="0" index="2" bw="10" slack="0"/>
<pin id="206" dir="1" index="3" bw="10" slack="0"/>
</pin_list>
<bind>
<opcode="getelementptr(29) " fcode="getelementptr"/>
<opset="p_ZN12_GLOBAL_N_110lineBufferILi4EEE_1_addr_6/6 "/>
</bind>
</comp>

<comp id="211" class="1004" name="p_ZN12_GLOBAL_N_110lineBufferILi4EEE_0_addr_7_gep_fu_211">
<pin_list>
<pin id="212" dir="0" index="0" bw="8" slack="0"/>
<pin id="213" dir="0" index="1" bw="1" slack="0"/>
<pin id="214" dir="0" index="2" bw="10" slack="0"/>
<pin id="215" dir="1" index="3" bw="10" slack="0"/>
</pin_list>
<bind>
<opcode="getelementptr(29) " fcode="getelementptr"/>
<opset="p_ZN12_GLOBAL_N_110lineBufferILi4EEE_0_addr_7/7 "/>
</bind>
</comp>

<comp id="218" class="1004" name="p_ZN12_GLOBAL_N_110lineBufferILi4EEE_1_addr_7_gep_fu_218">
<pin_list>
<pin id="219" dir="0" index="0" bw="8" slack="0"/>
<pin id="220" dir="0" index="1" bw="1" slack="0"/>
<pin id="221" dir="0" index="2" bw="10" slack="0"/>
<pin id="222" dir="1" index="3" bw="10" slack="0"/>
</pin_list>
<bind>
<opcode="getelementptr(29) " fcode="getelementptr"/>
<opset="p_ZN12_GLOBAL_N_110lineBufferILi4EEE_1_addr_7/7 "/>
</bind>
</comp>

<comp id="227" class="1004" name="p_ZN12_GLOBAL_N_110lineBufferILi4EEE_0_addr_3_gep_fu_227">
<pin_list>
<pin id="228" dir="0" index="0" bw="8" slack="0"/>
<pin id="229" dir="0" index="1" bw="1" slack="0"/>
<pin id="230" dir="0" index="2" bw="10" slack="0"/>
<pin id="231" dir="1" index="3" bw="10" slack="0"/>
</pin_list>
<bind>
<opcode="getelementptr(29) " fcode="getelementptr"/>
<opset="p_ZN12_GLOBAL_N_110lineBufferILi4EEE_0_addr_3/8 "/>
</bind>
</comp>

<comp id="234" class="1004" name="p_ZN12_GLOBAL_N_110lineBufferILi4EEE_1_addr_3_gep_fu_234">
<pin_list>
<pin id="235" dir="0" index="0" bw="8" slack="0"/>
<pin id="236" dir="0" index="1" bw="1" slack="0"/>
<pin id="237" dir="0" index="2" bw="10" slack="0"/>
<pin id="238" dir="1" index="3" bw="10" slack="0"/>
</pin_list>
<bind>
<opcode="getelementptr(29) " fcode="getelementptr"/>
<opset="p_ZN12_GLOBAL_N_110lineBufferILi4EEE_1_addr_3/8 "/>
</bind>
</comp>

<comp id="243" class="1004" name="p_ZN12_GLOBAL_N_110lineBufferILi4EEE_0_addr_8_gep_fu_243">
<pin_list>
<pin id="244" dir="0" index="0" bw="8" slack="0"/>
<pin id="245" dir="0" index="1" bw="1" slack="0"/>
<pin id="246" dir="0" index="2" bw="10" slack="0"/>
<pin id="247" dir="1" index="3" bw="10" slack="0"/>
</pin_list>
<bind>
<opcode="getelementptr(29) " fcode="getelementptr"/>
<opset="p_ZN12_GLOBAL_N_110lineBufferILi4EEE_0_addr_8/9 "/>
</bind>
</comp>

<comp id="250" class="1004" name="p_ZN12_GLOBAL_N_110lineBufferILi4EEE_1_addr_8_gep_fu_250">
<pin_list>
<pin id="251" dir="0" index="0" bw="8" slack="0"/>
<pin id="252" dir="0" index="1" bw="1" slack="0"/>
<pin id="253" dir="0" index="2" bw="10" slack="0"/>
<pin id="254" dir="1" index="3" bw="10" slack="0"/>
</pin_list>
<bind>
<opcode="getelementptr(29) " fcode="getelementptr"/>
<opset="p_ZN12_GLOBAL_N_110lineBufferILi4EEE_1_addr_8/9 "/>
</bind>
</comp>

<comp id="259" class="1004" name="out_hysteresis4_addr_2_gep_fu_259">
<pin_list>
<pin id="260" dir="0" index="0" bw="2" slack="0"/>
<pin id="261" dir="0" index="1" bw="1" slack="0"/>
<pin id="262" dir="0" index="2" bw="9" slack="8"/>
<pin id="263" dir="1" index="3" bw="9" slack="0"/>
</pin_list>
<bind>
<opcode="getelementptr(29) " fcode="getelementptr"/>
<opset="out_hysteresis4_addr_2/10 "/>
</bind>
</comp>

<comp id="267" class="1004" name="out_hysteresis4_addr_3_gep_fu_267">
<pin_list>
<pin id="268" dir="0" index="0" bw="2" slack="0"/>
<pin id="269" dir="0" index="1" bw="1" slack="0"/>
<pin id="270" dir="0" index="2" bw="9" slack="8"/>
<pin id="271" dir="1" index="3" bw="9" slack="0"/>
</pin_list>
<bind>
<opcode="getelementptr(29) " fcode="getelementptr"/>
<opset="out_hysteresis4_addr_3/10 "/>
</bind>
</comp>

<comp id="275" class="1004" name="grp_fu_275">
<pin_list>
<pin id="276" dir="0" index="0" bw="1" slack="1"/>
<pin id="277" dir="0" index="1" bw="8" slack="0"/>
<pin id="278" dir="0" index="2" bw="8" slack="0"/>
<pin id="279" dir="1" index="3" bw="8" slack="0"/>
</pin_list>
<bind>
<opcode="select(49) " fcode="select"/>
<opset="select_ln29/3 select_ln31/5 "/>
</bind>
</comp>

<comp id="282" class="1004" name="grp_fu_282">
<pin_list>
<pin id="283" dir="0" index="0" bw="8" slack="0"/>
<pin id="284" dir="0" index="1" bw="8" slack="0"/>
<pin id="285" dir="1" index="2" bw="1" slack="1"/>
</pin_list>
<bind>
<opcode="icmp(45) " fcode="icmp"/>
<opset="icmp_ln29/3 icmp_ln31/5 "/>
</bind>
</comp>

<comp id="288" class="1004" name="grp_fu_288">
<pin_list>
<pin id="289" dir="0" index="0" bw="1" slack="4"/>
<pin id="290" dir="0" index="1" bw="8" slack="0"/>
<pin id="291" dir="0" index="2" bw="8" slack="0"/>
<pin id="292" dir="1" index="3" bw="8" slack="0"/>
</pin_list>
<bind>
<opcode="select(49) " fcode="select"/>
<opset="select_ln32/6 select_ln33/7 select_ln34/8 select_ln36/10 "/>
</bind>
</comp>

<comp id="295" class="1004" name="grp_fu_295">
<pin_list>
<pin id="296" dir="0" index="0" bw="8" slack="0"/>
<pin id="297" dir="0" index="1" bw="8" slack="0"/>
<pin id="298" dir="1" index="2" bw="1" slack="1"/>
</pin_list>
<bind>
<opcode="icmp(45) " fcode="icmp"/>
<opset="icmp_ln32/6 icmp_ln33/7 icmp_ln34/8 icmp_ln36/10 "/>
</bind>
</comp>

<comp id="301" class="1004" name="store_ln26_store_fu_301">
<pin_list>
<pin id="302" dir="0" index="0" bw="1" slack="0"/>
<pin id="303" dir="0" index="1" bw="9" slack="0"/>
<pin id="304" dir="1" index="2" bw="0" slack="2147483647"/>
</pin_list>
<bind>
<opcode="store(28) " fcode="store"/>
<opset="store_ln26/1 "/>
</bind>
</comp>

<comp id="306" class="1004" name="column_load_fu_306">
<pin_list>
<pin id="307" dir="0" index="0" bw="9" slack="0"/>
<pin id="308" dir="1" index="1" bw="9" slack="0"/>
</pin_list>
<bind>
<opcode="load(27) " fcode="load"/>
<opset="column/1 "/>
</bind>
</comp>

<comp id="309" class="1004" name="icmp_ln116_fu_309">
<pin_list>
<pin id="310" dir="0" index="0" bw="9" slack="0"/>
<pin id="311" dir="0" index="1" bw="9" slack="0"/>
<pin id="312" dir="1" index="2" bw="1" slack="1"/>
</pin_list>
<bind>
<opcode="icmp(45) " fcode="icmp"/>
<opset="icmp_ln116/1 "/>
</bind>
</comp>

<comp id="315" class="1004" name="lshr_ln_fu_315">
<pin_list>
<pin id="316" dir="0" index="0" bw="8" slack="0"/>
<pin id="317" dir="0" index="1" bw="9" slack="0"/>
<pin id="318" dir="0" index="2" bw="1" slack="0"/>
<pin id="319" dir="0" index="3" bw="5" slack="0"/>
<pin id="320" dir="1" index="4" bw="8" slack="0"/>
</pin_list>
<bind>
<opcode="partselect(1002) " fcode="partselect"/>
<opset="lshr_ln/1 "/>
</bind>
</comp>

<comp id="325" class="1004" name="tmp_s_fu_325">
<pin_list>
<pin id="326" dir="0" index="0" bw="10" slack="0"/>
<pin id="327" dir="0" index="1" bw="2" slack="0"/>
<pin id="328" dir="0" index="2" bw="8" slack="0"/>
<pin id="329" dir="1" index="3" bw="10" slack="0"/>
</pin_list>
<bind>
<opcode="bitconcatenate(1004) " fcode="bitconcatenate"/>
<opset="tmp_s/1 "/>
</bind>
</comp>

<comp id="333" class="1004" name="zext_ln118_fu_333">
<pin_list>
<pin id="334" dir="0" index="0" bw="10" slack="0"/>
<pin id="335" dir="1" index="1" bw="64" slack="0"/>
</pin_list>
<bind>
<opcode="zext(34) " fcode="zext"/>
<opset="zext_ln118/1 "/>
</bind>
</comp>

<comp id="339" class="1004" name="add_ln116_fu_339">
<pin_list>
<pin id="340" dir="0" index="0" bw="9" slack="0"/>
<pin id="341" dir="0" index="1" bw="1" slack="0"/>
<pin id="342" dir="1" index="2" bw="9" slack="0"/>
</pin_list>
<bind>
<opcode="add(8) " fcode="add"/>
<opset="add_ln116/1 "/>
</bind>
</comp>

<comp id="345" class="1004" name="store_ln26_store_fu_345">
<pin_list>
<pin id="346" dir="0" index="0" bw="9" slack="0"/>
<pin id="347" dir="0" index="1" bw="9" slack="0"/>
<pin id="348" dir="1" index="2" bw="0" slack="2147483647"/>
</pin_list>
<bind>
<opcode="store(28) " fcode="store"/>
<opset="store_ln26/1 "/>
</bind>
</comp>

<comp id="350" class="1004" name="zext_ln116_fu_350">
<pin_list>
<pin id="351" dir="0" index="0" bw="9" slack="1"/>
<pin id="352" dir="1" index="1" bw="64" slack="0"/>
</pin_list>
<bind>
<opcode="zext(34) " fcode="zext"/>
<opset="zext_ln116/2 "/>
</bind>
</comp>

<comp id="355" class="1004" name="trunc_ln116_fu_355">
<pin_list>
<pin id="356" dir="0" index="0" bw="9" slack="1"/>
<pin id="357" dir="1" index="1" bw="1" slack="0"/>
</pin_list>
<bind>
<opcode="trunc(33) " fcode="trunc"/>
<opset="trunc_ln116/2 "/>
</bind>
</comp>

<comp id="358" class="1004" name="centre_fu_358">
<pin_list>
<pin id="359" dir="0" index="0" bw="1" slack="0"/>
<pin id="360" dir="0" index="1" bw="8" slack="0"/>
<pin id="361" dir="0" index="2" bw="8" slack="0"/>
<pin id="362" dir="1" index="3" bw="8" slack="0"/>
</pin_list>
<bind>
<opcode="select(49) " fcode="select"/>
<opset="centre/2 "/>
</bind>
</comp>

<comp id="366" class="1004" name="switch_ln120_fu_366">
<pin_list>
<pin id="367" dir="0" index="0" bw="8" slack="0"/>
<pin id="368" dir="0" index="1" bw="1" slack="0"/>
<pin id="369" dir="0" index="2" bw="8" slack="0"/>
<pin id="370" dir="1" index="3" bw="0" slack="2147483647"/>
</pin_list>
<bind>
<opcode="switch(3) " fcode="switch"/>
<opset="switch_ln120/2 "/>
</bind>
</comp>

<comp id="374" class="1004" name="add_ln29_fu_374">
<pin_list>
<pin id="375" dir="0" index="0" bw="9" slack="1"/>
<pin id="376" dir="0" index="1" bw="1" slack="0"/>
<pin id="377" dir="1" index="2" bw="9" slack="0"/>
</pin_list>
<bind>
<opcode="add(8) " fcode="add"/>
<opset="add_ln29/2 "/>
</bind>
</comp>

<comp id="379" class="1004" name="lshr_ln1_fu_379">
<pin_list>
<pin id="380" dir="0" index="0" bw="8" slack="0"/>
<pin id="381" dir="0" index="1" bw="9" slack="0"/>
<pin id="382" dir="0" index="2" bw="1" slack="0"/>
<pin id="383" dir="0" index="3" bw="5" slack="0"/>
<pin id="384" dir="1" index="4" bw="8" slack="0"/>
</pin_list>
<bind>
<opcode="partselect(1002) " fcode="partselect"/>
<opset="lshr_ln1/2 "/>
</bind>
</comp>

<comp id="389" class="1004" name="tmp_20_fu_389">
<pin_list>
<pin id="390" dir="0" index="0" bw="10" slack="0"/>
<pin id="391" dir="0" index="1" bw="2" slack="1"/>
<pin id="392" dir="0" index="2" bw="8" slack="0"/>
<pin id="393" dir="1" index="3" bw="10" slack="0"/>
</pin_list>
<bind>
<opcode="bitconcatenate(1004) " fcode="bitconcatenate"/>
<opset="tmp_20/2 "/>
</bind>
</comp>

<comp id="396" class="1004" name="zext_ln29_fu_396">
<pin_list>
<pin id="397" dir="0" index="0" bw="10" slack="0"/>
<pin id="398" dir="1" index="1" bw="64" slack="0"/>
</pin_list>
<bind>
<opcode="zext(34) " fcode="zext"/>
<opset="zext_ln29/2 "/>
</bind>
</comp>

<comp id="402" class="1004" name="tmp_18_fu_402">
<pin_list>
<pin id="403" dir="0" index="0" bw="10" slack="0"/>
<pin id="404" dir="0" index="1" bw="2" slack="2"/>
<pin id="405" dir="0" index="2" bw="8" slack="2"/>
<pin id="406" dir="1" index="3" bw="10" slack="0"/>
</pin_list>
<bind>
<opcode="bitconcatenate(1004) " fcode="bitconcatenate"/>
<opset="tmp_18/3 "/>
</bind>
</comp>

<comp id="408" class="1004" name="zext_ln30_fu_408">
<pin_list>
<pin id="409" dir="0" index="0" bw="10" slack="0"/>
<pin id="410" dir="1" index="1" bw="64" slack="0"/>
</pin_list>
<bind>
<opcode="zext(34) " fcode="zext"/>
<opset="zext_ln30/3 "/>
</bind>
</comp>

<comp id="414" class="1004" name="select_ln30_fu_414">
<pin_list>
<pin id="415" dir="0" index="0" bw="1" slack="2"/>
<pin id="416" dir="0" index="1" bw="8" slack="0"/>
<pin id="417" dir="0" index="2" bw="8" slack="0"/>
<pin id="418" dir="1" index="3" bw="8" slack="0"/>
</pin_list>
<bind>
<opcode="select(49) " fcode="select"/>
<opset="select_ln30/4 "/>
</bind>
</comp>

<comp id="421" class="1004" name="icmp_ln30_fu_421">
<pin_list>
<pin id="422" dir="0" index="0" bw="8" slack="0"/>
<pin id="423" dir="0" index="1" bw="8" slack="0"/>
<pin id="424" dir="1" index="2" bw="1" slack="1"/>
</pin_list>
<bind>
<opcode="icmp(45) " fcode="icmp"/>
<opset="icmp_ln30/4 "/>
</bind>
</comp>

<comp id="427" class="1004" name="add_ln31_fu_427">
<pin_list>
<pin id="428" dir="0" index="0" bw="9" slack="3"/>
<pin id="429" dir="0" index="1" bw="1" slack="0"/>
<pin id="430" dir="1" index="2" bw="9" slack="0"/>
</pin_list>
<bind>
<opcode="add(8) " fcode="add"/>
<opset="add_ln31/4 "/>
</bind>
</comp>

<comp id="432" class="1004" name="lshr_ln2_fu_432">
<pin_list>
<pin id="433" dir="0" index="0" bw="8" slack="0"/>
<pin id="434" dir="0" index="1" bw="9" slack="0"/>
<pin id="435" dir="0" index="2" bw="1" slack="0"/>
<pin id="436" dir="0" index="3" bw="5" slack="0"/>
<pin id="437" dir="1" index="4" bw="8" slack="0"/>
</pin_list>
<bind>
<opcode="partselect(1002) " fcode="partselect"/>
<opset="lshr_ln2/4 "/>
</bind>
</comp>

<comp id="442" class="1004" name="tmp_23_fu_442">
<pin_list>
<pin id="443" dir="0" index="0" bw="10" slack="0"/>
<pin id="444" dir="0" index="1" bw="2" slack="3"/>
<pin id="445" dir="0" index="2" bw="8" slack="0"/>
<pin id="446" dir="1" index="3" bw="10" slack="0"/>
</pin_list>
<bind>
<opcode="bitconcatenate(1004) " fcode="bitconcatenate"/>
<opset="tmp_23/4 "/>
</bind>
</comp>

<comp id="449" class="1004" name="zext_ln31_fu_449">
<pin_list>
<pin id="450" dir="0" index="0" bw="10" slack="0"/>
<pin id="451" dir="1" index="1" bw="64" slack="0"/>
</pin_list>
<bind>
<opcode="zext(34) " fcode="zext"/>
<opset="zext_ln31/4 "/>
</bind>
</comp>

<comp id="455" class="1004" name="tmp_21_fu_455">
<pin_list>
<pin id="456" dir="0" index="0" bw="10" slack="0"/>
<pin id="457" dir="0" index="1" bw="2" slack="4"/>
<pin id="458" dir="0" index="2" bw="8" slack="3"/>
<pin id="459" dir="1" index="3" bw="10" slack="0"/>
</pin_list>
<bind>
<opcode="bitconcatenate(1004) " fcode="bitconcatenate"/>
<opset="tmp_21/5 "/>
</bind>
</comp>

<comp id="461" class="1004" name="zext_ln32_fu_461">
<pin_list>
<pin id="462" dir="0" index="0" bw="10" slack="0"/>
<pin id="463" dir="1" index="1" bw="64" slack="0"/>
</pin_list>
<bind>
<opcode="zext(34) " fcode="zext"/>
<opset="zext_ln32/5 "/>
</bind>
</comp>

<comp id="467" class="1004" name="tmp_24_fu_467">
<pin_list>
<pin id="468" dir="0" index="0" bw="10" slack="0"/>
<pin id="469" dir="0" index="1" bw="2" slack="5"/>
<pin id="470" dir="0" index="2" bw="8" slack="2"/>
<pin id="471" dir="1" index="3" bw="10" slack="0"/>
</pin_list>
<bind>
<opcode="bitconcatenate(1004) " fcode="bitconcatenate"/>
<opset="tmp_24/6 "/>
</bind>
</comp>

<comp id="473" class="1004" name="zext_ln33_fu_473">
<pin_list>
<pin id="474" dir="0" index="0" bw="10" slack="0"/>
<pin id="475" dir="1" index="1" bw="64" slack="0"/>
</pin_list>
<bind>
<opcode="zext(34) " fcode="zext"/>
<opset="zext_ln33/6 "/>
</bind>
</comp>

<comp id="479" class="1004" name="tmp_22_fu_479">
<pin_list>
<pin id="480" dir="0" index="0" bw="10" slack="0"/>
<pin id="481" dir="0" index="1" bw="2" slack="6"/>
<pin id="482" dir="0" index="2" bw="8" slack="5"/>
<pin id="483" dir="1" index="3" bw="10" slack="0"/>
</pin_list>
<bind>
<opcode="bitconcatenate(1004) " fcode="bitconcatenate"/>
<opset="tmp_22/7 "/>
</bind>
</comp>

<comp id="485" class="1004" name="zext_ln34_fu_485">
<pin_list>
<pin id="486" dir="0" index="0" bw="10" slack="0"/>
<pin id="487" dir="1" index="1" bw="64" slack="0"/>
</pin_list>
<bind>
<opcode="zext(34) " fcode="zext"/>
<opset="zext_ln34/7 "/>
</bind>
</comp>

<comp id="491" class="1004" name="tmp_19_fu_491">
<pin_list>
<pin id="492" dir="0" index="0" bw="10" slack="0"/>
<pin id="493" dir="0" index="1" bw="2" slack="7"/>
<pin id="494" dir="0" index="2" bw="8" slack="7"/>
<pin id="495" dir="1" index="3" bw="10" slack="0"/>
</pin_list>
<bind>
<opcode="bitconcatenate(1004) " fcode="bitconcatenate"/>
<opset="tmp_19/8 "/>
</bind>
</comp>

<comp id="497" class="1004" name="zext_ln35_fu_497">
<pin_list>
<pin id="498" dir="0" index="0" bw="10" slack="0"/>
<pin id="499" dir="1" index="1" bw="64" slack="0"/>
</pin_list>
<bind>
<opcode="zext(34) " fcode="zext"/>
<opset="zext_ln35/8 "/>
</bind>
</comp>

<comp id="503" class="1004" name="tmp_25_fu_503">
<pin_list>
<pin id="504" dir="0" index="0" bw="10" slack="0"/>
<pin id="505" dir="0" index="1" bw="2" slack="8"/>
<pin id="506" dir="0" index="2" bw="8" slack="5"/>
<pin id="507" dir="1" index="3" bw="10" slack="0"/>
</pin_list>
<bind>
<opcode="bitconcatenate(1004) " fcode="bitconcatenate"/>
<opset="tmp_25/9 "/>
</bind>
</comp>

<comp id="509" class="1004" name="zext_ln36_fu_509">
<pin_list>
<pin id="510" dir="0" index="0" bw="10" slack="0"/>
<pin id="511" dir="1" index="1" bw="64" slack="0"/>
</pin_list>
<bind>
<opcode="zext(34) " fcode="zext"/>
<opset="zext_ln36/9 "/>
</bind>
</comp>

<comp id="515" class="1004" name="select_ln35_fu_515">
<pin_list>
<pin id="516" dir="0" index="0" bw="1" slack="7"/>
<pin id="517" dir="0" index="1" bw="8" slack="0"/>
<pin id="518" dir="0" index="2" bw="8" slack="0"/>
<pin id="519" dir="1" index="3" bw="8" slack="0"/>
</pin_list>
<bind>
<opcode="select(49) " fcode="select"/>
<opset="select_ln35/9 "/>
</bind>
</comp>

<comp id="522" class="1004" name="icmp_ln35_fu_522">
<pin_list>
<pin id="523" dir="0" index="0" bw="8" slack="0"/>
<pin id="524" dir="0" index="1" bw="8" slack="0"/>
<pin id="525" dir="1" index="2" bw="1" slack="1"/>
</pin_list>
<bind>
<opcode="icmp(45) " fcode="icmp"/>
<opset="icmp_ln35/9 "/>
</bind>
</comp>

<comp id="528" class="1005" name="column_3_reg_528">
<pin_list>
<pin id="529" dir="0" index="0" bw="9" slack="0"/>
<pin id="530" dir="1" index="1" bw="9" slack="0"/>
</pin_list>
<bind>
<opset="column_3 "/>
</bind>
</comp>

<comp id="535" class="1005" name="writeSlot_read_reg_535">
<pin_list>
<pin id="536" dir="0" index="0" bw="2" slack="6"/>
<pin id="537" dir="1" index="1" bw="2" slack="6"/>
</pin_list>
<bind>
<opset="writeSlot_read "/>
</bind>
</comp>

<comp id="542" class="1005" name="result_read_reg_542">
<pin_list>
<pin id="543" dir="0" index="0" bw="2" slack="1"/>
<pin id="544" dir="1" index="1" bw="2" slack="1"/>
</pin_list>
<bind>
<opset="result_read "/>
</bind>
</comp>

<comp id="549" class="1005" name="result_3_read_reg_549">
<pin_list>
<pin id="550" dir="0" index="0" bw="2" slack="4"/>
<pin id="551" dir="1" index="1" bw="2" slack="4"/>
</pin_list>
<bind>
<opset="result_3_read "/>
</bind>
</comp>

<comp id="555" class="1005" name="column_reg_555">
<pin_list>
<pin id="556" dir="0" index="0" bw="9" slack="1"/>
<pin id="557" dir="1" index="1" bw="9" slack="1"/>
</pin_list>
<bind>
<opset="column "/>
</bind>
</comp>

<comp id="563" class="1005" name="icmp_ln116_reg_563">
<pin_list>
<pin id="564" dir="0" index="0" bw="1" slack="1"/>
<pin id="565" dir="1" index="1" bw="1" slack="2147483647"/>
</pin_list>
<bind>
<opset="icmp_ln116 "/>
</bind>
</comp>

<comp id="567" class="1005" name="lshr_ln_reg_567">
<pin_list>
<pin id="568" dir="0" index="0" bw="8" slack="2"/>
<pin id="569" dir="1" index="1" bw="8" slack="2"/>
</pin_list>
<bind>
<opset="lshr_ln "/>
</bind>
</comp>

<comp id="573" class="1005" name="p_ZN12_GLOBAL_N_110lineBufferILi4EEE_0_addr_reg_573">
<pin_list>
<pin id="574" dir="0" index="0" bw="10" slack="1"/>
<pin id="575" dir="1" index="1" bw="10" slack="1"/>
</pin_list>
<bind>
<opset="p_ZN12_GLOBAL_N_110lineBufferILi4EEE_0_addr "/>
</bind>
</comp>

<comp id="578" class="1005" name="p_ZN12_GLOBAL_N_110lineBufferILi4EEE_1_addr_reg_578">
<pin_list>
<pin id="579" dir="0" index="0" bw="10" slack="1"/>
<pin id="580" dir="1" index="1" bw="10" slack="1"/>
</pin_list>
<bind>
<opset="p_ZN12_GLOBAL_N_110lineBufferILi4EEE_1_addr "/>
</bind>
</comp>

<comp id="583" class="1005" name="zext_ln116_reg_583">
<pin_list>
<pin id="584" dir="0" index="0" bw="64" slack="8"/>
<pin id="585" dir="1" index="1" bw="64" slack="8"/>
</pin_list>
<bind>
<opset="zext_ln116 "/>
</bind>
</comp>

<comp id="589" class="1005" name="trunc_ln116_reg_589">
<pin_list>
<pin id="590" dir="0" index="0" bw="1" slack="1"/>
<pin id="591" dir="1" index="1" bw="1" slack="1"/>
</pin_list>
<bind>
<opset="trunc_ln116 "/>
</bind>
</comp>

<comp id="597" class="1005" name="centre_reg_597">
<pin_list>
<pin id="598" dir="0" index="0" bw="8" slack="1"/>
<pin id="599" dir="1" index="1" bw="8" slack="2147483647"/>
</pin_list>
<bind>
<opset="centre "/>
</bind>
</comp>

<comp id="601" class="1005" name="lshr_ln1_reg_601">
<pin_list>
<pin id="602" dir="0" index="0" bw="8" slack="3"/>
<pin id="603" dir="1" index="1" bw="8" slack="3"/>
</pin_list>
<bind>
<opset="lshr_ln1 "/>
</bind>
</comp>

<comp id="607" class="1005" name="p_ZN12_GLOBAL_N_110lineBufferILi4EEE_0_addr_2_reg_607">
<pin_list>
<pin id="608" dir="0" index="0" bw="10" slack="1"/>
<pin id="609" dir="1" index="1" bw="10" slack="1"/>
</pin_list>
<bind>
<opset="p_ZN12_GLOBAL_N_110lineBufferILi4EEE_0_addr_2 "/>
</bind>
</comp>

<comp id="612" class="1005" name="p_ZN12_GLOBAL_N_110lineBufferILi4EEE_1_addr_2_reg_612">
<pin_list>
<pin id="613" dir="0" index="0" bw="10" slack="1"/>
<pin id="614" dir="1" index="1" bw="10" slack="1"/>
</pin_list>
<bind>
<opset="p_ZN12_GLOBAL_N_110lineBufferILi4EEE_1_addr_2 "/>
</bind>
</comp>

<comp id="617" class="1005" name="p_ZN12_GLOBAL_N_110lineBufferILi4EEE_0_addr_1_reg_617">
<pin_list>
<pin id="618" dir="0" index="0" bw="10" slack="1"/>
<pin id="619" dir="1" index="1" bw="10" slack="1"/>
</pin_list>
<bind>
<opset="p_ZN12_GLOBAL_N_110lineBufferILi4EEE_0_addr_1 "/>
</bind>
</comp>

<comp id="622" class="1005" name="p_ZN12_GLOBAL_N_110lineBufferILi4EEE_1_addr_1_reg_622">
<pin_list>
<pin id="623" dir="0" index="0" bw="10" slack="1"/>
<pin id="624" dir="1" index="1" bw="10" slack="1"/>
</pin_list>
<bind>
<opset="p_ZN12_GLOBAL_N_110lineBufferILi4EEE_1_addr_1 "/>
</bind>
</comp>

<comp id="627" class="1005" name="icmp_ln29_reg_627">
<pin_list>
<pin id="628" dir="0" index="0" bw="1" slack="1"/>
<pin id="629" dir="1" index="1" bw="1" slack="2147483647"/>
</pin_list>
<bind>
<opset="icmp_ln29 "/>
</bind>
</comp>

<comp id="631" class="1005" name="icmp_ln30_reg_631">
<pin_list>
<pin id="632" dir="0" index="0" bw="1" slack="1"/>
<pin id="633" dir="1" index="1" bw="1" slack="2147483647"/>
</pin_list>
<bind>
<opset="icmp_ln30 "/>
</bind>
</comp>

<comp id="635" class="1005" name="lshr_ln2_reg_635">
<pin_list>
<pin id="636" dir="0" index="0" bw="8" slack="2"/>
<pin id="637" dir="1" index="1" bw="8" slack="2"/>
</pin_list>
<bind>
<opset="lshr_ln2 "/>
</bind>
</comp>

<comp id="641" class="1005" name="p_ZN12_GLOBAL_N_110lineBufferILi4EEE_0_addr_4_reg_641">
<pin_list>
<pin id="642" dir="0" index="0" bw="10" slack="1"/>
<pin id="643" dir="1" index="1" bw="10" slack="1"/>
</pin_list>
<bind>
<opset="p_ZN12_GLOBAL_N_110lineBufferILi4EEE_0_addr_4 "/>
</bind>
</comp>

<comp id="646" class="1005" name="p_ZN12_GLOBAL_N_110lineBufferILi4EEE_1_addr_4_reg_646">
<pin_list>
<pin id="647" dir="0" index="0" bw="10" slack="1"/>
<pin id="648" dir="1" index="1" bw="10" slack="1"/>
</pin_list>
<bind>
<opset="p_ZN12_GLOBAL_N_110lineBufferILi4EEE_1_addr_4 "/>
</bind>
</comp>

<comp id="651" class="1005" name="p_ZN12_GLOBAL_N_110lineBufferILi4EEE_0_addr_5_reg_651">
<pin_list>
<pin id="652" dir="0" index="0" bw="10" slack="1"/>
<pin id="653" dir="1" index="1" bw="10" slack="1"/>
</pin_list>
<bind>
<opset="p_ZN12_GLOBAL_N_110lineBufferILi4EEE_0_addr_5 "/>
</bind>
</comp>

<comp id="656" class="1005" name="p_ZN12_GLOBAL_N_110lineBufferILi4EEE_1_addr_5_reg_656">
<pin_list>
<pin id="657" dir="0" index="0" bw="10" slack="1"/>
<pin id="658" dir="1" index="1" bw="10" slack="1"/>
</pin_list>
<bind>
<opset="p_ZN12_GLOBAL_N_110lineBufferILi4EEE_1_addr_5 "/>
</bind>
</comp>

<comp id="661" class="1005" name="icmp_ln31_reg_661">
<pin_list>
<pin id="662" dir="0" index="0" bw="1" slack="1"/>
<pin id="663" dir="1" index="1" bw="1" slack="2147483647"/>
</pin_list>
<bind>
<opset="icmp_ln31 "/>
</bind>
</comp>

<comp id="665" class="1005" name="p_ZN12_GLOBAL_N_110lineBufferILi4EEE_0_addr_6_reg_665">
<pin_list>
<pin id="666" dir="0" index="0" bw="10" slack="1"/>
<pin id="667" dir="1" index="1" bw="10" slack="1"/>
</pin_list>
<bind>
<opset="p_ZN12_GLOBAL_N_110lineBufferILi4EEE_0_addr_6 "/>
</bind>
</comp>

<comp id="670" class="1005" name="p_ZN12_GLOBAL_N_110lineBufferILi4EEE_1_addr_6_reg_670">
<pin_list>
<pin id="671" dir="0" index="0" bw="10" slack="1"/>
<pin id="672" dir="1" index="1" bw="10" slack="1"/>
</pin_list>
<bind>
<opset="p_ZN12_GLOBAL_N_110lineBufferILi4EEE_1_addr_6 "/>
</bind>
</comp>

<comp id="675" class="1005" name="icmp_ln32_reg_675">
<pin_list>
<pin id="676" dir="0" index="0" bw="1" slack="1"/>
<pin id="677" dir="1" index="1" bw="1" slack="2147483647"/>
</pin_list>
<bind>
<opset="icmp_ln32 "/>
</bind>
</comp>

<comp id="679" class="1005" name="p_ZN12_GLOBAL_N_110lineBufferILi4EEE_0_addr_7_reg_679">
<pin_list>
<pin id="680" dir="0" index="0" bw="10" slack="1"/>
<pin id="681" dir="1" index="1" bw="10" slack="1"/>
</pin_list>
<bind>
<opset="p_ZN12_GLOBAL_N_110lineBufferILi4EEE_0_addr_7 "/>
</bind>
</comp>

<comp id="684" class="1005" name="p_ZN12_GLOBAL_N_110lineBufferILi4EEE_1_addr_7_reg_684">
<pin_list>
<pin id="685" dir="0" index="0" bw="10" slack="1"/>
<pin id="686" dir="1" index="1" bw="10" slack="1"/>
</pin_list>
<bind>
<opset="p_ZN12_GLOBAL_N_110lineBufferILi4EEE_1_addr_7 "/>
</bind>
</comp>

<comp id="689" class="1005" name="icmp_ln33_reg_689">
<pin_list>
<pin id="690" dir="0" index="0" bw="1" slack="1"/>
<pin id="691" dir="1" index="1" bw="1" slack="2147483647"/>
</pin_list>
<bind>
<opset="icmp_ln33 "/>
</bind>
</comp>

<comp id="693" class="1005" name="p_ZN12_GLOBAL_N_110lineBufferILi4EEE_0_addr_3_reg_693">
<pin_list>
<pin id="694" dir="0" index="0" bw="10" slack="1"/>
<pin id="695" dir="1" index="1" bw="10" slack="1"/>
</pin_list>
<bind>
<opset="p_ZN12_GLOBAL_N_110lineBufferILi4EEE_0_addr_3 "/>
</bind>
</comp>

<comp id="698" class="1005" name="p_ZN12_GLOBAL_N_110lineBufferILi4EEE_1_addr_3_reg_698">
<pin_list>
<pin id="699" dir="0" index="0" bw="10" slack="1"/>
<pin id="700" dir="1" index="1" bw="10" slack="1"/>
</pin_list>
<bind>
<opset="p_ZN12_GLOBAL_N_110lineBufferILi4EEE_1_addr_3 "/>
</bind>
</comp>

<comp id="703" class="1005" name="icmp_ln34_reg_703">
<pin_list>
<pin id="704" dir="0" index="0" bw="1" slack="1"/>
<pin id="705" dir="1" index="1" bw="1" slack="2147483647"/>
</pin_list>
<bind>
<opset="icmp_ln34 "/>
</bind>
</comp>

<comp id="707" class="1005" name="p_ZN12_GLOBAL_N_110lineBufferILi4EEE_0_addr_8_reg_707">
<pin_list>
<pin id="708" dir="0" index="0" bw="10" slack="1"/>
<pin id="709" dir="1" index="1" bw="10" slack="1"/>
</pin_list>
<bind>
<opset="p_ZN12_GLOBAL_N_110lineBufferILi4EEE_0_addr_8 "/>
</bind>
</comp>

<comp id="712" class="1005" name="p_ZN12_GLOBAL_N_110lineBufferILi4EEE_1_addr_8_reg_712">
<pin_list>
<pin id="713" dir="0" index="0" bw="10" slack="1"/>
<pin id="714" dir="1" index="1" bw="10" slack="1"/>
</pin_list>
<bind>
<opset="p_ZN12_GLOBAL_N_110lineBufferILi4EEE_1_addr_8 "/>
</bind>
</comp>

<comp id="717" class="1005" name="icmp_ln35_reg_717">
<pin_list>
<pin id="718" dir="0" index="0" bw="1" slack="1"/>
<pin id="719" dir="1" index="1" bw="1" slack="2147483647"/>
</pin_list>
<bind>
<opset="icmp_ln35 "/>
</bind>
</comp>

</comp_list>

<net_list>
<net id="55"><net_src comp="12" pin="0"/><net_sink comp="52" pin=0"/></net>

<net id="60"><net_src comp="14" pin="0"/><net_sink comp="56" pin=0"/></net>

<net id="61"><net_src comp="6" pin="0"/><net_sink comp="56" pin=1"/></net>

<net id="66"><net_src comp="14" pin="0"/><net_sink comp="62" pin=0"/></net>

<net id="67"><net_src comp="4" pin="0"/><net_sink comp="62" pin=1"/></net>

<net id="72"><net_src comp="14" pin="0"/><net_sink comp="68" pin=0"/></net>

<net id="73"><net_src comp="2" pin="0"/><net_sink comp="68" pin=1"/></net>

<net id="79"><net_src comp="8" pin="0"/><net_sink comp="74" pin=0"/></net>

<net id="80"><net_src comp="26" pin="0"/><net_sink comp="74" pin=1"/></net>

<net id="86"><net_src comp="10" pin="0"/><net_sink comp="81" pin=0"/></net>

<net id="87"><net_src comp="26" pin="0"/><net_sink comp="81" pin=1"/></net>

<net id="97"><net_src comp="74" pin="3"/><net_sink comp="88" pin=2"/></net>

<net id="107"><net_src comp="81" pin="3"/><net_sink comp="98" pin=2"/></net>

<net id="113"><net_src comp="8" pin="0"/><net_sink comp="108" pin=0"/></net>

<net id="114"><net_src comp="26" pin="0"/><net_sink comp="108" pin=1"/></net>

<net id="120"><net_src comp="10" pin="0"/><net_sink comp="115" pin=0"/></net>

<net id="121"><net_src comp="26" pin="0"/><net_sink comp="115" pin=1"/></net>

<net id="122"><net_src comp="108" pin="3"/><net_sink comp="88" pin=2"/></net>

<net id="123"><net_src comp="115" pin="3"/><net_sink comp="98" pin=2"/></net>

<net id="129"><net_src comp="0" pin="0"/><net_sink comp="124" pin=0"/></net>

<net id="130"><net_src comp="26" pin="0"/><net_sink comp="124" pin=1"/></net>

<net id="136"><net_src comp="32" pin="0"/><net_sink comp="131" pin=1"/></net>

<net id="137"><net_src comp="124" pin="3"/><net_sink comp="131" pin=0"/></net>

<net id="143"><net_src comp="0" pin="0"/><net_sink comp="138" pin=0"/></net>

<net id="144"><net_src comp="26" pin="0"/><net_sink comp="138" pin=1"/></net>

<net id="145"><net_src comp="34" pin="0"/><net_sink comp="131" pin=1"/></net>

<net id="146"><net_src comp="138" pin="3"/><net_sink comp="131" pin=0"/></net>

<net id="152"><net_src comp="8" pin="0"/><net_sink comp="147" pin=0"/></net>

<net id="153"><net_src comp="26" pin="0"/><net_sink comp="147" pin=1"/></net>

<net id="159"><net_src comp="10" pin="0"/><net_sink comp="154" pin=0"/></net>

<net id="160"><net_src comp="26" pin="0"/><net_sink comp="154" pin=1"/></net>

<net id="161"><net_src comp="147" pin="3"/><net_sink comp="88" pin=2"/></net>

<net id="162"><net_src comp="154" pin="3"/><net_sink comp="98" pin=2"/></net>

<net id="168"><net_src comp="8" pin="0"/><net_sink comp="163" pin=0"/></net>

<net id="169"><net_src comp="26" pin="0"/><net_sink comp="163" pin=1"/></net>

<net id="175"><net_src comp="10" pin="0"/><net_sink comp="170" pin=0"/></net>

<net id="176"><net_src comp="26" pin="0"/><net_sink comp="170" pin=1"/></net>

<net id="177"><net_src comp="163" pin="3"/><net_sink comp="88" pin=2"/></net>

<net id="178"><net_src comp="170" pin="3"/><net_sink comp="98" pin=2"/></net>

<net id="184"><net_src comp="8" pin="0"/><net_sink comp="179" pin=0"/></net>

<net id="185"><net_src comp="26" pin="0"/><net_sink comp="179" pin=1"/></net>

<net id="191"><net_src comp="10" pin="0"/><net_sink comp="186" pin=0"/></net>

<net id="192"><net_src comp="26" pin="0"/><net_sink comp="186" pin=1"/></net>

<net id="193"><net_src comp="179" pin="3"/><net_sink comp="88" pin=0"/></net>

<net id="194"><net_src comp="186" pin="3"/><net_sink comp="98" pin=0"/></net>

<net id="200"><net_src comp="8" pin="0"/><net_sink comp="195" pin=0"/></net>

<net id="201"><net_src comp="26" pin="0"/><net_sink comp="195" pin=1"/></net>

<net id="207"><net_src comp="10" pin="0"/><net_sink comp="202" pin=0"/></net>

<net id="208"><net_src comp="26" pin="0"/><net_sink comp="202" pin=1"/></net>

<net id="209"><net_src comp="195" pin="3"/><net_sink comp="88" pin=0"/></net>

<net id="210"><net_src comp="202" pin="3"/><net_sink comp="98" pin=0"/></net>

<net id="216"><net_src comp="8" pin="0"/><net_sink comp="211" pin=0"/></net>

<net id="217"><net_src comp="26" pin="0"/><net_sink comp="211" pin=1"/></net>

<net id="223"><net_src comp="10" pin="0"/><net_sink comp="218" pin=0"/></net>

<net id="224"><net_src comp="26" pin="0"/><net_sink comp="218" pin=1"/></net>

<net id="225"><net_src comp="211" pin="3"/><net_sink comp="88" pin=0"/></net>

<net id="226"><net_src comp="218" pin="3"/><net_sink comp="98" pin=0"/></net>

<net id="232"><net_src comp="8" pin="0"/><net_sink comp="227" pin=0"/></net>

<net id="233"><net_src comp="26" pin="0"/><net_sink comp="227" pin=1"/></net>

<net id="239"><net_src comp="10" pin="0"/><net_sink comp="234" pin=0"/></net>

<net id="240"><net_src comp="26" pin="0"/><net_sink comp="234" pin=1"/></net>

<net id="241"><net_src comp="227" pin="3"/><net_sink comp="88" pin=0"/></net>

<net id="242"><net_src comp="234" pin="3"/><net_sink comp="98" pin=0"/></net>

<net id="248"><net_src comp="8" pin="0"/><net_sink comp="243" pin=0"/></net>

<net id="249"><net_src comp="26" pin="0"/><net_sink comp="243" pin=1"/></net>

<net id="255"><net_src comp="10" pin="0"/><net_sink comp="250" pin=0"/></net>

<net id="256"><net_src comp="26" pin="0"/><net_sink comp="250" pin=1"/></net>

<net id="257"><net_src comp="243" pin="3"/><net_sink comp="88" pin=0"/></net>

<net id="258"><net_src comp="250" pin="3"/><net_sink comp="98" pin=0"/></net>

<net id="264"><net_src comp="0" pin="0"/><net_sink comp="259" pin=0"/></net>

<net id="265"><net_src comp="26" pin="0"/><net_sink comp="259" pin=1"/></net>

<net id="266"><net_src comp="259" pin="3"/><net_sink comp="131" pin=0"/></net>

<net id="272"><net_src comp="0" pin="0"/><net_sink comp="267" pin=0"/></net>

<net id="273"><net_src comp="26" pin="0"/><net_sink comp="267" pin=1"/></net>

<net id="274"><net_src comp="267" pin="3"/><net_sink comp="131" pin=0"/></net>

<net id="280"><net_src comp="88" pin="7"/><net_sink comp="275" pin=1"/></net>

<net id="281"><net_src comp="98" pin="7"/><net_sink comp="275" pin=2"/></net>

<net id="286"><net_src comp="275" pin="3"/><net_sink comp="282" pin=0"/></net>

<net id="287"><net_src comp="28" pin="0"/><net_sink comp="282" pin=1"/></net>

<net id="293"><net_src comp="88" pin="3"/><net_sink comp="288" pin=1"/></net>

<net id="294"><net_src comp="98" pin="3"/><net_sink comp="288" pin=2"/></net>

<net id="299"><net_src comp="288" pin="3"/><net_sink comp="295" pin=0"/></net>

<net id="300"><net_src comp="28" pin="0"/><net_sink comp="295" pin=1"/></net>

<net id="305"><net_src comp="16" pin="0"/><net_sink comp="301" pin=0"/></net>

<net id="313"><net_src comp="306" pin="1"/><net_sink comp="309" pin=0"/></net>

<net id="314"><net_src comp="18" pin="0"/><net_sink comp="309" pin=1"/></net>

<net id="321"><net_src comp="20" pin="0"/><net_sink comp="315" pin=0"/></net>

<net id="322"><net_src comp="306" pin="1"/><net_sink comp="315" pin=1"/></net>

<net id="323"><net_src comp="12" pin="0"/><net_sink comp="315" pin=2"/></net>

<net id="324"><net_src comp="22" pin="0"/><net_sink comp="315" pin=3"/></net>

<net id="330"><net_src comp="24" pin="0"/><net_sink comp="325" pin=0"/></net>

<net id="331"><net_src comp="68" pin="2"/><net_sink comp="325" pin=1"/></net>

<net id="332"><net_src comp="315" pin="4"/><net_sink comp="325" pin=2"/></net>

<net id="336"><net_src comp="325" pin="3"/><net_sink comp="333" pin=0"/></net>

<net id="337"><net_src comp="333" pin="1"/><net_sink comp="74" pin=2"/></net>

<net id="338"><net_src comp="333" pin="1"/><net_sink comp="81" pin=2"/></net>

<net id="343"><net_src comp="306" pin="1"/><net_sink comp="339" pin=0"/></net>

<net id="344"><net_src comp="16" pin="0"/><net_sink comp="339" pin=1"/></net>

<net id="349"><net_src comp="339" pin="2"/><net_sink comp="345" pin=0"/></net>

<net id="353"><net_src comp="350" pin="1"/><net_sink comp="124" pin=2"/></net>

<net id="354"><net_src comp="350" pin="1"/><net_sink comp="138" pin=2"/></net>

<net id="363"><net_src comp="355" pin="1"/><net_sink comp="358" pin=0"/></net>

<net id="364"><net_src comp="98" pin="7"/><net_sink comp="358" pin=1"/></net>

<net id="365"><net_src comp="88" pin="7"/><net_sink comp="358" pin=2"/></net>

<net id="371"><net_src comp="358" pin="3"/><net_sink comp="366" pin=0"/></net>

<net id="372"><net_src comp="28" pin="0"/><net_sink comp="366" pin=1"/></net>

<net id="373"><net_src comp="30" pin="0"/><net_sink comp="366" pin=2"/></net>

<net id="378"><net_src comp="18" pin="0"/><net_sink comp="374" pin=1"/></net>

<net id="385"><net_src comp="20" pin="0"/><net_sink comp="379" pin=0"/></net>

<net id="386"><net_src comp="374" pin="2"/><net_sink comp="379" pin=1"/></net>

<net id="387"><net_src comp="12" pin="0"/><net_sink comp="379" pin=2"/></net>

<net id="388"><net_src comp="22" pin="0"/><net_sink comp="379" pin=3"/></net>

<net id="394"><net_src comp="24" pin="0"/><net_sink comp="389" pin=0"/></net>

<net id="395"><net_src comp="379" pin="4"/><net_sink comp="389" pin=2"/></net>

<net id="399"><net_src comp="389" pin="3"/><net_sink comp="396" pin=0"/></net>

<net id="400"><net_src comp="396" pin="1"/><net_sink comp="108" pin=2"/></net>

<net id="401"><net_src comp="396" pin="1"/><net_sink comp="115" pin=2"/></net>

<net id="407"><net_src comp="24" pin="0"/><net_sink comp="402" pin=0"/></net>

<net id="411"><net_src comp="402" pin="3"/><net_sink comp="408" pin=0"/></net>

<net id="412"><net_src comp="408" pin="1"/><net_sink comp="147" pin=2"/></net>

<net id="413"><net_src comp="408" pin="1"/><net_sink comp="154" pin=2"/></net>

<net id="419"><net_src comp="98" pin="7"/><net_sink comp="414" pin=1"/></net>

<net id="420"><net_src comp="88" pin="7"/><net_sink comp="414" pin=2"/></net>

<net id="425"><net_src comp="414" pin="3"/><net_sink comp="421" pin=0"/></net>

<net id="426"><net_src comp="28" pin="0"/><net_sink comp="421" pin=1"/></net>

<net id="431"><net_src comp="16" pin="0"/><net_sink comp="427" pin=1"/></net>

<net id="438"><net_src comp="20" pin="0"/><net_sink comp="432" pin=0"/></net>

<net id="439"><net_src comp="427" pin="2"/><net_sink comp="432" pin=1"/></net>

<net id="440"><net_src comp="12" pin="0"/><net_sink comp="432" pin=2"/></net>

<net id="441"><net_src comp="22" pin="0"/><net_sink comp="432" pin=3"/></net>

<net id="447"><net_src comp="24" pin="0"/><net_sink comp="442" pin=0"/></net>

<net id="448"><net_src comp="432" pin="4"/><net_sink comp="442" pin=2"/></net>

<net id="452"><net_src comp="442" pin="3"/><net_sink comp="449" pin=0"/></net>

<net id="453"><net_src comp="449" pin="1"/><net_sink comp="163" pin=2"/></net>

<net id="454"><net_src comp="449" pin="1"/><net_sink comp="170" pin=2"/></net>

<net id="460"><net_src comp="24" pin="0"/><net_sink comp="455" pin=0"/></net>

<net id="464"><net_src comp="455" pin="3"/><net_sink comp="461" pin=0"/></net>

<net id="465"><net_src comp="461" pin="1"/><net_sink comp="179" pin=2"/></net>

<net id="466"><net_src comp="461" pin="1"/><net_sink comp="186" pin=2"/></net>

<net id="472"><net_src comp="24" pin="0"/><net_sink comp="467" pin=0"/></net>

<net id="476"><net_src comp="467" pin="3"/><net_sink comp="473" pin=0"/></net>

<net id="477"><net_src comp="473" pin="1"/><net_sink comp="195" pin=2"/></net>

<net id="478"><net_src comp="473" pin="1"/><net_sink comp="202" pin=2"/></net>

<net id="484"><net_src comp="24" pin="0"/><net_sink comp="479" pin=0"/></net>

<net id="488"><net_src comp="479" pin="3"/><net_sink comp="485" pin=0"/></net>

<net id="489"><net_src comp="485" pin="1"/><net_sink comp="211" pin=2"/></net>

<net id="490"><net_src comp="485" pin="1"/><net_sink comp="218" pin=2"/></net>

<net id="496"><net_src comp="24" pin="0"/><net_sink comp="491" pin=0"/></net>

<net id="500"><net_src comp="491" pin="3"/><net_sink comp="497" pin=0"/></net>

<net id="501"><net_src comp="497" pin="1"/><net_sink comp="227" pin=2"/></net>

<net id="502"><net_src comp="497" pin="1"/><net_sink comp="234" pin=2"/></net>

<net id="508"><net_src comp="24" pin="0"/><net_sink comp="503" pin=0"/></net>

<net id="512"><net_src comp="503" pin="3"/><net_sink comp="509" pin=0"/></net>

<net id="513"><net_src comp="509" pin="1"/><net_sink comp="243" pin=2"/></net>

<net id="514"><net_src comp="509" pin="1"/><net_sink comp="250" pin=2"/></net>

<net id="520"><net_src comp="98" pin="3"/><net_sink comp="515" pin=1"/></net>

<net id="521"><net_src comp="88" pin="3"/><net_sink comp="515" pin=2"/></net>

<net id="526"><net_src comp="515" pin="3"/><net_sink comp="522" pin=0"/></net>

<net id="527"><net_src comp="28" pin="0"/><net_sink comp="522" pin=1"/></net>

<net id="531"><net_src comp="52" pin="1"/><net_sink comp="528" pin=0"/></net>

<net id="532"><net_src comp="528" pin="1"/><net_sink comp="301" pin=1"/></net>

<net id="533"><net_src comp="528" pin="1"/><net_sink comp="306" pin=0"/></net>

<net id="534"><net_src comp="528" pin="1"/><net_sink comp="345" pin=1"/></net>

<net id="538"><net_src comp="56" pin="2"/><net_sink comp="535" pin=0"/></net>

<net id="539"><net_src comp="535" pin="1"/><net_sink comp="479" pin=1"/></net>

<net id="540"><net_src comp="535" pin="1"/><net_sink comp="491" pin=1"/></net>

<net id="541"><net_src comp="535" pin="1"/><net_sink comp="503" pin=1"/></net>

<net id="545"><net_src comp="62" pin="2"/><net_sink comp="542" pin=0"/></net>

<net id="546"><net_src comp="542" pin="1"/><net_sink comp="389" pin=1"/></net>

<net id="547"><net_src comp="542" pin="1"/><net_sink comp="402" pin=1"/></net>

<net id="548"><net_src comp="542" pin="1"/><net_sink comp="442" pin=1"/></net>

<net id="552"><net_src comp="68" pin="2"/><net_sink comp="549" pin=0"/></net>

<net id="553"><net_src comp="549" pin="1"/><net_sink comp="455" pin=1"/></net>

<net id="554"><net_src comp="549" pin="1"/><net_sink comp="467" pin=1"/></net>

<net id="558"><net_src comp="306" pin="1"/><net_sink comp="555" pin=0"/></net>

<net id="559"><net_src comp="555" pin="1"/><net_sink comp="350" pin=0"/></net>

<net id="560"><net_src comp="555" pin="1"/><net_sink comp="355" pin=0"/></net>

<net id="561"><net_src comp="555" pin="1"/><net_sink comp="374" pin=0"/></net>

<net id="562"><net_src comp="555" pin="1"/><net_sink comp="427" pin=0"/></net>

<net id="566"><net_src comp="309" pin="2"/><net_sink comp="563" pin=0"/></net>

<net id="570"><net_src comp="315" pin="4"/><net_sink comp="567" pin=0"/></net>

<net id="571"><net_src comp="567" pin="1"/><net_sink comp="402" pin=2"/></net>

<net id="572"><net_src comp="567" pin="1"/><net_sink comp="491" pin=2"/></net>

<net id="576"><net_src comp="74" pin="3"/><net_sink comp="573" pin=0"/></net>

<net id="577"><net_src comp="573" pin="1"/><net_sink comp="88" pin=2"/></net>

<net id="581"><net_src comp="81" pin="3"/><net_sink comp="578" pin=0"/></net>

<net id="582"><net_src comp="578" pin="1"/><net_sink comp="98" pin=2"/></net>

<net id="586"><net_src comp="350" pin="1"/><net_sink comp="583" pin=0"/></net>

<net id="587"><net_src comp="583" pin="1"/><net_sink comp="259" pin=2"/></net>

<net id="588"><net_src comp="583" pin="1"/><net_sink comp="267" pin=2"/></net>

<net id="592"><net_src comp="355" pin="1"/><net_sink comp="589" pin=0"/></net>

<net id="593"><net_src comp="589" pin="1"/><net_sink comp="275" pin=0"/></net>

<net id="594"><net_src comp="589" pin="1"/><net_sink comp="414" pin=0"/></net>

<net id="595"><net_src comp="589" pin="1"/><net_sink comp="288" pin=0"/></net>

<net id="596"><net_src comp="589" pin="1"/><net_sink comp="515" pin=0"/></net>

<net id="600"><net_src comp="358" pin="3"/><net_sink comp="597" pin=0"/></net>

<net id="604"><net_src comp="379" pin="4"/><net_sink comp="601" pin=0"/></net>

<net id="605"><net_src comp="601" pin="1"/><net_sink comp="455" pin=2"/></net>

<net id="606"><net_src comp="601" pin="1"/><net_sink comp="479" pin=2"/></net>

<net id="610"><net_src comp="108" pin="3"/><net_sink comp="607" pin=0"/></net>

<net id="611"><net_src comp="607" pin="1"/><net_sink comp="88" pin=2"/></net>

<net id="615"><net_src comp="115" pin="3"/><net_sink comp="612" pin=0"/></net>

<net id="616"><net_src comp="612" pin="1"/><net_sink comp="98" pin=2"/></net>

<net id="620"><net_src comp="147" pin="3"/><net_sink comp="617" pin=0"/></net>

<net id="621"><net_src comp="617" pin="1"/><net_sink comp="88" pin=2"/></net>

<net id="625"><net_src comp="154" pin="3"/><net_sink comp="622" pin=0"/></net>

<net id="626"><net_src comp="622" pin="1"/><net_sink comp="98" pin=2"/></net>

<net id="630"><net_src comp="282" pin="2"/><net_sink comp="627" pin=0"/></net>

<net id="634"><net_src comp="421" pin="2"/><net_sink comp="631" pin=0"/></net>

<net id="638"><net_src comp="432" pin="4"/><net_sink comp="635" pin=0"/></net>

<net id="639"><net_src comp="635" pin="1"/><net_sink comp="467" pin=2"/></net>

<net id="640"><net_src comp="635" pin="1"/><net_sink comp="503" pin=2"/></net>

<net id="644"><net_src comp="163" pin="3"/><net_sink comp="641" pin=0"/></net>

<net id="645"><net_src comp="641" pin="1"/><net_sink comp="88" pin=2"/></net>

<net id="649"><net_src comp="170" pin="3"/><net_sink comp="646" pin=0"/></net>

<net id="650"><net_src comp="646" pin="1"/><net_sink comp="98" pin=2"/></net>

<net id="654"><net_src comp="179" pin="3"/><net_sink comp="651" pin=0"/></net>

<net id="655"><net_src comp="651" pin="1"/><net_sink comp="88" pin=0"/></net>

<net id="659"><net_src comp="186" pin="3"/><net_sink comp="656" pin=0"/></net>

<net id="660"><net_src comp="656" pin="1"/><net_sink comp="98" pin=0"/></net>

<net id="664"><net_src comp="282" pin="2"/><net_sink comp="661" pin=0"/></net>

<net id="668"><net_src comp="195" pin="3"/><net_sink comp="665" pin=0"/></net>

<net id="669"><net_src comp="665" pin="1"/><net_sink comp="88" pin=0"/></net>

<net id="673"><net_src comp="202" pin="3"/><net_sink comp="670" pin=0"/></net>

<net id="674"><net_src comp="670" pin="1"/><net_sink comp="98" pin=0"/></net>

<net id="678"><net_src comp="295" pin="2"/><net_sink comp="675" pin=0"/></net>

<net id="682"><net_src comp="211" pin="3"/><net_sink comp="679" pin=0"/></net>

<net id="683"><net_src comp="679" pin="1"/><net_sink comp="88" pin=0"/></net>

<net id="687"><net_src comp="218" pin="3"/><net_sink comp="684" pin=0"/></net>

<net id="688"><net_src comp="684" pin="1"/><net_sink comp="98" pin=0"/></net>

<net id="692"><net_src comp="295" pin="2"/><net_sink comp="689" pin=0"/></net>

<net id="696"><net_src comp="227" pin="3"/><net_sink comp="693" pin=0"/></net>

<net id="697"><net_src comp="693" pin="1"/><net_sink comp="88" pin=0"/></net>

<net id="701"><net_src comp="234" pin="3"/><net_sink comp="698" pin=0"/></net>

<net id="702"><net_src comp="698" pin="1"/><net_sink comp="98" pin=0"/></net>

<net id="706"><net_src comp="295" pin="2"/><net_sink comp="703" pin=0"/></net>

<net id="710"><net_src comp="243" pin="3"/><net_sink comp="707" pin=0"/></net>

<net id="711"><net_src comp="707" pin="1"/><net_sink comp="88" pin=0"/></net>

<net id="715"><net_src comp="250" pin="3"/><net_sink comp="712" pin=0"/></net>

<net id="716"><net_src comp="712" pin="1"/><net_sink comp="98" pin=0"/></net>

<net id="720"><net_src comp="522" pin="2"/><net_sink comp="717" pin=0"/></net>

</net_list>

</model> 
---------------- Datapath Model END ------------------

* FSMD analyzer results:
  - Output states:
	Port: out_hysteresis4 | {2 10 }
	Port: p_ZN12_GLOBAL_N_110lineBufferILi4EEE_0 | {}
	Port: p_ZN12_GLOBAL_N_110lineBufferILi4EEE_1 | {}
 - Input state : 
	Port: hysteresis<4>_Pipeline_VITIS_LOOP_116_2 : out_hysteresis4 | {}
	Port: hysteresis<4>_Pipeline_VITIS_LOOP_116_2 : result_3 | {1 }
	Port: hysteresis<4>_Pipeline_VITIS_LOOP_116_2 : result | {1 }
	Port: hysteresis<4>_Pipeline_VITIS_LOOP_116_2 : writeSlot | {1 }
	Port: hysteresis<4>_Pipeline_VITIS_LOOP_116_2 : p_ZN12_GLOBAL_N_110lineBufferILi4EEE_0 | {1 2 3 4 5 6 7 8 9 10 }
	Port: hysteresis<4>_Pipeline_VITIS_LOOP_116_2 : p_ZN12_GLOBAL_N_110lineBufferILi4EEE_1 | {1 2 3 4 5 6 7 8 9 10 }
  - Chain level:
	State 1
		store_ln26 : 1
		column : 1
		icmp_ln116 : 2
		br_ln116 : 3
		lshr_ln : 2
		tmp_s : 3
		zext_ln118 : 4
		p_ZN12_GLOBAL_N_110lineBufferILi4EEE_0_addr : 5
		p_ZN12_GLOBAL_N_110lineBufferILi4EEE_1_addr : 5
		p_ZN12_GLOBAL_N_110lineBufferILi4EEE_0_load : 6
		p_ZN12_GLOBAL_N_110lineBufferILi4EEE_1_load : 6
		add_ln116 : 2
		store_ln26 : 3
	State 2
		centre : 1
		switch_ln120 : 2
		lshr_ln1 : 1
		tmp_20 : 2
		zext_ln29 : 3
		p_ZN12_GLOBAL_N_110lineBufferILi4EEE_0_addr_2 : 4
		p_ZN12_GLOBAL_N_110lineBufferILi4EEE_1_addr_2 : 4
		p_ZN12_GLOBAL_N_110lineBufferILi4EEE_0_load_1 : 5
		p_ZN12_GLOBAL_N_110lineBufferILi4EEE_1_load_1 : 5
		out_hysteresis4_addr_1 : 1
		store_ln121 : 2
		out_hysteresis4_addr : 1
		store_ln138 : 2
	State 3
		zext_ln30 : 1
		p_ZN12_GLOBAL_N_110lineBufferILi4EEE_0_addr_1 : 2
		p_ZN12_GLOBAL_N_110lineBufferILi4EEE_1_addr_1 : 2
		select_ln29 : 1
		icmp_ln29 : 2
		br_ln29 : 3
		p_ZN12_GLOBAL_N_110lineBufferILi4EEE_0_load_2 : 3
		p_ZN12_GLOBAL_N_110lineBufferILi4EEE_1_load_2 : 3
	State 4
		select_ln30 : 1
		icmp_ln30 : 2
		br_ln30 : 3
		lshr_ln2 : 1
		tmp_23 : 2
		zext_ln31 : 3
		p_ZN12_GLOBAL_N_110lineBufferILi4EEE_0_addr_4 : 4
		p_ZN12_GLOBAL_N_110lineBufferILi4EEE_1_addr_4 : 4
		p_ZN12_GLOBAL_N_110lineBufferILi4EEE_0_load_3 : 5
		p_ZN12_GLOBAL_N_110lineBufferILi4EEE_1_load_3 : 5
	State 5
		zext_ln32 : 1
		p_ZN12_GLOBAL_N_110lineBufferILi4EEE_0_addr_5 : 2
		p_ZN12_GLOBAL_N_110lineBufferILi4EEE_1_addr_5 : 2
		select_ln31 : 1
		icmp_ln31 : 2
		br_ln31 : 3
		p_ZN12_GLOBAL_N_110lineBufferILi4EEE_0_load_4 : 3
		p_ZN12_GLOBAL_N_110lineBufferILi4EEE_1_load_4 : 3
	State 6
		zext_ln33 : 1
		p_ZN12_GLOBAL_N_110lineBufferILi4EEE_0_addr_6 : 2
		p_ZN12_GLOBAL_N_110lineBufferILi4EEE_1_addr_6 : 2
		select_ln32 : 1
		icmp_ln32 : 2
		br_ln32 : 3
		p_ZN12_GLOBAL_N_110lineBufferILi4EEE_0_load_5 : 3
		p_ZN12_GLOBAL_N_110lineBufferILi4EEE_1_load_5 : 3
	State 7
		zext_ln34 : 1
		p_ZN12_GLOBAL_N_110lineBufferILi4EEE_0_addr_7 : 2
		p_ZN12_GLOBAL_N_110lineBufferILi4EEE_1_addr_7 : 2
		select_ln33 : 1
		icmp_ln33 : 2
		br_ln33 : 3
		p_ZN12_GLOBAL_N_110lineBufferILi4EEE_0_load_6 : 3
		p_ZN12_GLOBAL_N_110lineBufferILi4EEE_1_load_6 : 3
	State 8
		zext_ln35 : 1
		p_ZN12_GLOBAL_N_110lineBufferILi4EEE_0_addr_3 : 2
		p_ZN12_GLOBAL_N_110lineBufferILi4EEE_1_addr_3 : 2
		select_ln34 : 1
		icmp_ln34 : 2
		br_ln34 : 3
		p_ZN12_GLOBAL_N_110lineBufferILi4EEE_0_load_7 : 3
		p_ZN12_GLOBAL_N_110lineBufferILi4EEE_1_load_7 : 3
	State 9
		zext_ln36 : 1
		p_ZN12_GLOBAL_N_110lineBufferILi4EEE_0_addr_8 : 2
		p_ZN12_GLOBAL_N_110lineBufferILi4EEE_1_addr_8 : 2
		select_ln35 : 1
		icmp_ln35 : 2
		br_ln35 : 3
		p_ZN12_GLOBAL_N_110lineBufferILi4EEE_0_load_8 : 3
		p_ZN12_GLOBAL_N_110lineBufferILi4EEE_1_load_8 : 3
	State 10
		select_ln36 : 1
		icmp_ln36 : 2
		br_ln124 : 3
		store_ln135 : 1
		store_ln132 : 1


============================================================
+ Verbose Summary: Datapath Resource usage 
============================================================

* Functional unit list:
|----------|---------------------------|---------|---------|
| Operation|      Functional Unit      |    FF   |   LUT   |
|----------|---------------------------|---------|---------|
|          |         grp_fu_282        |    0    |    15   |
|          |         grp_fu_295        |    0    |    15   |
|   icmp   |     icmp_ln116_fu_309     |    0    |    16   |
|          |      icmp_ln30_fu_421     |    0    |    15   |
|          |      icmp_ln35_fu_522     |    0    |    15   |
|----------|---------------------------|---------|---------|
|          |      add_ln116_fu_339     |    0    |    16   |
|    add   |      add_ln29_fu_374      |    0    |    16   |
|          |      add_ln31_fu_427      |    0    |    16   |
|----------|---------------------------|---------|---------|
|          |         grp_fu_275        |    0    |    8    |
|          |         grp_fu_288        |    0    |    8    |
|  select  |       centre_fu_358       |    0    |    8    |
|          |     select_ln30_fu_414    |    0    |    8    |
|          |     select_ln35_fu_515    |    0    |    8    |
|----------|---------------------------|---------|---------|
|          | writeSlot_read_read_fu_56 |    0    |    0    |
|   read   |   result_read_read_fu_62  |    0    |    0    |
|          |  result_3_read_read_fu_68 |    0    |    0    |
|----------|---------------------------|---------|---------|
|          |       lshr_ln_fu_315      |    0    |    0    |
|partselect|      lshr_ln1_fu_379      |    0    |    0    |
|          |      lshr_ln2_fu_432      |    0    |    0    |
|----------|---------------------------|---------|---------|
|          |        tmp_s_fu_325       |    0    |    0    |
|          |       tmp_20_fu_389       |    0    |    0    |
|          |       tmp_18_fu_402       |    0    |    0    |
|          |       tmp_23_fu_442       |    0    |    0    |
|bitconcatenate|       tmp_21_fu_455       |    0    |    0    |
|          |       tmp_24_fu_467       |    0    |    0    |
|          |       tmp_22_fu_479       |    0    |    0    |
|          |       tmp_19_fu_491       |    0    |    0    |
|          |       tmp_25_fu_503       |    0    |    0    |
|----------|---------------------------|---------|---------|
|          |     zext_ln118_fu_333     |    0    |    0    |
|          |     zext_ln116_fu_350     |    0    |    0    |
|          |      zext_ln29_fu_396     |    0    |    0    |
|          |      zext_ln30_fu_408     |    0    |    0    |
|   zext   |      zext_ln31_fu_449     |    0    |    0    |
|          |      zext_ln32_fu_461     |    0    |    0    |
|          |      zext_ln33_fu_473     |    0    |    0    |
|          |      zext_ln34_fu_485     |    0    |    0    |
|          |      zext_ln35_fu_497     |    0    |    0    |
|          |      zext_ln36_fu_509     |    0    |    0    |
|----------|---------------------------|---------|---------|
|   trunc  |     trunc_ln116_fu_355    |    0    |    0    |
|----------|---------------------------|---------|---------|
|  switch  |    switch_ln120_fu_366    |    0    |    0    |
|----------|---------------------------|---------|---------|
|   Total  |                           |    0    |   164   |
|----------|---------------------------|---------|---------|

Memories:
N/A

* Register list:
+-----------------------------------------------------+--------+
|                                                     |   FF   |
+-----------------------------------------------------+--------+
|                    centre_reg_597                   |    8   |
|                   column_3_reg_528                  |    9   |
|                    column_reg_555                   |    9   |
|                  icmp_ln116_reg_563                 |    1   |
|                  icmp_ln29_reg_627                  |    1   |
|                  icmp_ln30_reg_631                  |    1   |
|                  icmp_ln31_reg_661                  |    1   |
|                  icmp_ln32_reg_675                  |    1   |
|                  icmp_ln33_reg_689                  |    1   |
|                  icmp_ln34_reg_703                  |    1   |
|                  icmp_ln35_reg_717                  |    1   |
|                   lshr_ln1_reg_601                  |    8   |
|                   lshr_ln2_reg_635                  |    8   |
|                   lshr_ln_reg_567                   |    8   |
|p_ZN12_GLOBAL_N_110lineBufferILi4EEE_0_addr_1_reg_617|   10   |
|p_ZN12_GLOBAL_N_110lineBufferILi4EEE_0_addr_2_reg_607|   10   |
|p_ZN12_GLOBAL_N_110lineBufferILi4EEE_0_addr_3_reg_693|   10   |
|p_ZN12_GLOBAL_N_110lineBufferILi4EEE_0_addr_4_reg_641|   10   |
|p_ZN12_GLOBAL_N_110lineBufferILi4EEE_0_addr_5_reg_651|   10   |
|p_ZN12_GLOBAL_N_110lineBufferILi4EEE_0_addr_6_reg_665|   10   |
|p_ZN12_GLOBAL_N_110lineBufferILi4EEE_0_addr_7_reg_679|   10   |
|p_ZN12_GLOBAL_N_110lineBufferILi4EEE_0_addr_8_reg_707|   10   |
| p_ZN12_GLOBAL_N_110lineBufferILi4EEE_0_addr_reg_573 |   10   |
|p_ZN12_GLOBAL_N_110lineBufferILi4EEE_1_addr_1_reg_622|   10   |
|p_ZN12_GLOBAL_N_110lineBufferILi4EEE_1_addr_2_reg_612|   10   |
|p_ZN12_GLOBAL_N_110lineBufferILi4EEE_1_addr_3_reg_698|   10   |
|p_ZN12_GLOBAL_N_110lineBufferILi4EEE_1_addr_4_reg_646|   10   |
|p_ZN12_GLOBAL_N_110lineBufferILi4EEE_1_addr_5_reg_656|   10   |
|p_ZN12_GLOBAL_N_110lineBufferILi4EEE_1_addr_6_reg_670|   10   |
|p_ZN12_GLOBAL_N_110lineBufferILi4EEE_1_addr_7_reg_684|   10   |
|p_ZN12_GLOBAL_N_110lineBufferILi4EEE_1_addr_8_reg_712|   10   |
| p_ZN12_GLOBAL_N_110lineBufferILi4EEE_1_addr_reg_578 |   10   |
|                result_3_read_reg_549                |    2   |
|                 result_read_reg_542                 |    2   |
|                 trunc_ln116_reg_589                 |    1   |
|                writeSlot_read_reg_535               |    2   |
|                  zext_ln116_reg_583                 |   64   |
+-----------------------------------------------------+--------+
|                        Total                        |   309  |
+-----------------------------------------------------+--------+

* Multiplexer (MUX) list: 
|-------------------|------|------|------|--------||---------||---------||---------|
|        Comp       |  Pin | Size |  BW  | S x BW ||  Delay  ||    FF   ||   LUT   |
|-------------------|------|------|------|--------||---------||---------||---------|
|  grp_access_fu_88 |  p0  |  10  |  10  |   100  ||    0    ||    54   |
|  grp_access_fu_88 |  p2  |   8  |   0  |    0   ||    0    ||    43   |
|  grp_access_fu_98 |  p0  |  10  |  10  |   100  ||    0    ||    54   |
|  grp_access_fu_98 |  p2  |   8  |   0  |    0   ||    0    ||    43   |
| grp_access_fu_131 |  p0  |   4  |   9  |   36   ||    0    ||    20   |
| grp_access_fu_131 |  p1  |   2  |   2  |    4   |
|-------------------|------|------|------|--------||---------||---------||---------|
|       Total       |      |      |      |   240  || 3.90267 ||    0    ||   214   |
|-------------------|------|------|------|--------||---------||---------||---------|



* Summary:
+-----------+--------+--------+--------+
|           |  Delay |   FF   |   LUT  |
+-----------+--------+--------+--------+
|  Function |    -   |    0   |   164  |
|   Memory  |    -   |    -   |    -   |
|Multiplexer|    3   |    0   |   214  |
|  Register |    -   |   309  |    -   |
+-----------+--------+--------+--------+
|   Total   |    3   |   309  |   378  |
+-----------+--------+--------+--------+
