

================================================================
== Vitis HLS Report for 'non_maximum_suppression_Pipeline_VITIS_LOOP_105_5'
================================================================
* Date:           Sat Aug  1 17:30:26 2026

* Version:        2025.2 (Build 6295257 on Nov 14 2025)
* Project:        canny_top
* Solution:       hls (Vitis Kernel Flow Target)
* Product family: zynquplus
* Target device:  xck26-sfvc784-2LV-c


================================================================
== Performance Estimates
================================================================
+ Timing: 
    * Summary: 
    +--------+---------+----------+------------+
    |  Clock |  Target | Estimated| Uncertainty|
    +--------+---------+----------+------------+
    |ap_clk  |  5.00 ns|  3.641 ns|     1.35 ns|
    +--------+---------+----------+------------+

+ Latency: 
    * Summary: 
    +---------+---------+----------+----------+-----+-----+-------------------+
    |  Latency (cycles) |  Latency (absolute) |  Interval |      Pipeline     |
    |   min   |   max   |    min   |    max   | min | max |        Type       |
    +---------+---------+----------+----------+-----+-----+-------------------+
    |      643|      643|  3.215 us|  3.215 us|    0|    0|  loop pipeline stp|
    +---------+---------+----------+----------+-----+-----+-------------------+

    + Detail: 
        * Instance: 
        N/A

        * Loop: 
        +--------------------+---------+---------+----------+-----------+-----------+------+----------+
        |                    |  Latency (cycles) | Iteration|  Initiation Interval  | Trip |          |
        |      Loop Name     |   min   |   max   |  Latency |  achieved |   target  | Count| Pipelined|
        +--------------------+---------+---------+----------+-----------+-----------+------+----------+
        |- VITIS_LOOP_105_5  |      641|      641|         3|          1|          1|   640|       yes|
        +--------------------+---------+---------+----------+-----------+-----------+------+----------+



================================================================
== Utilization Estimates
================================================================
* Summary: 
+-----------------+---------+------+--------+--------+-----+
|       Name      | BRAM_18K|  DSP |   FF   |   LUT  | URAM|
+-----------------+---------+------+--------+--------+-----+
|DSP              |        -|     -|       -|       -|    -|
|Expression       |        -|     -|       0|     398|    -|
|FIFO             |        -|     -|       -|       -|    -|
|Instance         |        -|     -|       0|      76|    -|
|Memory           |        -|     -|       -|       -|    -|
|Multiplexer      |        -|     -|       0|     158|    -|
|Register         |        -|     -|     197|       -|    -|
+-----------------+---------+------+--------+--------+-----+
|Total            |        0|     0|     197|     632|    0|
+-----------------+---------+------+--------+--------+-----+
|Available        |      288|  1248|  234240|  117120|   64|
+-----------------+---------+------+--------+--------+-----+
|Utilization (%)  |        0|     0|      ~0|      ~0|    0|
+-----------------+---------+------+--------+--------+-----+

+ Detail: 
    * Instance: 
    +----------------------------+-----------------------+---------+----+---+----+-----+
    |          Instance          |         Module        | BRAM_18K| DSP| FF| LUT| URAM|
    +----------------------------+-----------------------+---------+----+---+----+-----+
    |sparsemux_11_4_16_1_1_U178  |sparsemux_11_4_16_1_1  |        0|   0|  0|  20|    0|
    |sparsemux_11_4_16_1_1_U179  |sparsemux_11_4_16_1_1  |        0|   0|  0|  20|    0|
    |sparsemux_7_2_16_1_1_U180   |sparsemux_7_2_16_1_1   |        0|   0|  0|   9|    0|
    |sparsemux_7_2_16_1_1_U181   |sparsemux_7_2_16_1_1   |        0|   0|  0|   9|    0|
    |sparsemux_7_2_16_1_1_U182   |sparsemux_7_2_16_1_1   |        0|   0|  0|   9|    0|
    |sparsemux_7_2_8_1_1_U183    |sparsemux_7_2_8_1_1    |        0|   0|  0|   9|    0|
    +----------------------------+-----------------------+---------+----+---+----+-----+
    |Total                       |                       |        0|   0|  0|  76|    0|
    +----------------------------+-----------------------+---------+----+---+----+-----+

    * DSP: 
    N/A

    * Memory: 
    N/A

    * FIFO: 
    N/A

    * Expression: 
    +---------------------------------------+----------+----+---+----+------------+------------+
    |             Variable Name             | Operation| DSP| FF| LUT| Bitwidth P0| Bitwidth P1|
    +---------------------------------------+----------+----+---+----+------------+------------+
    |add_ln160_fu_423_p2                    |         +|   0|  0|  17|          10|           2|
    |column_4_fu_405_p2                     |         +|   0|  0|  17|          10|           1|
    |and_ln126_fu_505_p2                    |       and|   0|  0|   2|           1|           1|
    |and_ln129_fu_517_p2                    |       and|   0|  0|   2|           1|           1|
    |and_ln142_fu_543_p2                    |       and|   0|  0|   2|           1|           1|
    |and_ln145_fu_555_p2                    |       and|   0|  0|   2|           1|           1|
    |and_ln151_fu_683_p2                    |       and|   0|  0|   2|           1|           1|
    |ap_block_pp0_stage0_01001_grp1         |       and|   0|  0|   2|           1|           1|
    |hasBottom_fu_324_p2                    |      icmp|   0|  0|  16|           9|           7|
    |hasLeft_fu_411_p2                      |      icmp|   0|  0|  17|          10|           1|
    |hasRight_fu_417_p2                     |      icmp|   0|  0|  17|          10|          10|
    |hasTop_fu_330_p2                       |      icmp|   0|  0|  16|           9|           1|
    |icmp_ln105_fu_399_p2                   |      icmp|   0|  0|  17|          10|          10|
    |icmp_ln116_1_fu_573_p2                 |      icmp|   0|  0|  15|           8|           2|
    |icmp_ln116_2_fu_579_p2                 |      icmp|   0|  0|  15|           8|           1|
    |icmp_ln116_3_fu_585_p2                 |      icmp|   0|  0|  15|           8|           1|
    |icmp_ln116_fu_567_p2                   |      icmp|   0|  0|  15|           8|           2|
    |icmp_ln151_fu_659_p2                   |      icmp|   0|  0|  23|          16|          16|
    |icmp_ln152_fu_671_p2                   |      icmp|   0|  0|  23|          16|          16|
    |icmp_ln17_fu_429_p2                    |      icmp|   0|  0|  17|          10|          10|
    |ap_block_state3_pp0_stage0_iter2_grp1  |        or|   0|  0|   2|           1|           1|
    |neighbourOne_4_fu_603_p2               |    select|   0|  0|  16|           1|          16|
    |neighbourOne_4_fu_603_p4               |    select|   0|  0|  16|           1|          16|
    |neighbourOne_4_fu_603_p6               |    select|   0|  0|  16|           1|          16|
    |neighbourOne_4_fu_603_p8               |    select|   0|  0|  16|           1|          16|
    |neighbourTwo_4_fu_631_p2               |    select|   0|  0|  16|           1|          16|
    |neighbourTwo_4_fu_631_p4               |    select|   0|  0|  16|           1|          16|
    |neighbourTwo_4_fu_631_p6               |    select|   0|  0|  16|           1|          16|
    |neighbourTwo_4_fu_631_p8               |    select|   0|  0|  16|           1|          16|
    |nextColumn_fu_435_p3                   |    select|   0|  0|  10|           1|          10|
    |ap_enable_pp0                          |       xor|   0|  0|   2|           1|           2|
    |xor_ln151_fu_665_p2                    |       xor|   0|  0|   2|           1|           2|
    |xor_ln152_fu_677_p2                    |       xor|   0|  0|   2|           1|           2|
    +---------------------------------------+----------+----+---+----+------------+------------+
    |Total                                  |          |   0|  0| 398|         161|         231|
    +---------------------------------------+----------+----+---+----+------------+------------+

    * Multiplexer: 
    +-------------------------+----+-----------+-----+-----------+
    |           Name          | LUT| Input Size| Bits| Total Bits|
    +-------------------------+----+-----------+-----+-----------+
    |ap_done_int              |   9|          2|    1|          2|
    |ap_enable_reg_pp0_iter2  |   9|          2|    1|          2|
    |ap_sig_allocacmp_column  |   9|          2|   10|         20|
    |centre_direction_fu_128  |   9|          2|    8|         16|
    |centre_magnitude_fu_148  |   9|          2|   16|         32|
    |column_3_fu_124          |   9|          2|   10|         20|
    |nms_out_blk_n            |   9|          2|    1|          2|
    |nms_out_din              |  14|          3|   16|         48|
    |p_028_13443_fu_144       |   9|          2|   16|         32|
    |p_028_240_fu_156         |   9|          2|   16|         32|
    |p_030_238_fu_136         |   9|          2|   16|         32|
    |p_0373941_fu_140         |   9|          2|   16|         32|
    |p_03739_fu_152           |   9|          2|   16|         32|
    |p_037_fu_132             |   9|          2|   16|         32|
    |p_0_144_fu_164           |   9|          2|   16|         32|
    |p_0_242_fu_160           |   9|          2|   16|         32|
    |p_1_147_fu_168           |   9|          2|    8|         16|
    +-------------------------+----+-----------+-----+-----------+
    |Total                    | 158|         35|  199|        414|
    +-------------------------+----+-----------+-----+-----------+

    * Register: 
    +----------------------------------+----+----+-----+-----------+
    |               Name               | FF | LUT| Bits| Const Bits|
    +----------------------------------+----+----+-----+-----------+
    |and_ln151_reg_983                 |   1|   0|    1|          0|
    |ap_CS_fsm                         |   1|   0|    1|          0|
    |ap_done_reg                       |   1|   0|    1|          0|
    |ap_enable_reg_pp0_iter1           |   1|   0|    1|          0|
    |ap_enable_reg_pp0_iter2           |   1|   0|    1|          0|
    |ap_loop_exit_ready_pp0_iter1_reg  |   1|   0|    1|          0|
    |centre_direction_fu_128           |   8|   0|    8|          0|
    |centre_magnitude_1_reg_978        |  16|   0|   16|          0|
    |centre_magnitude_fu_148           |  16|   0|   16|          0|
    |column_3_fu_124                   |  10|   0|   10|          0|
    |hasBottom_reg_916                 |   1|   0|    1|          0|
    |hasLeft_reg_934                   |   1|   0|    1|          0|
    |hasRight_reg_941                  |   1|   0|    1|          0|
    |hasTop_reg_923                    |   1|   0|    1|          0|
    |icmp_ln105_reg_930                |   1|   0|    1|          0|
    |p_028_13443_fu_144                |  16|   0|   16|          0|
    |p_028_240_fu_156                  |  16|   0|   16|          0|
    |p_030_238_fu_136                  |  16|   0|   16|          0|
    |p_0373941_fu_140                  |  16|   0|   16|          0|
    |p_03739_fu_152                    |  16|   0|   16|          0|
    |p_037_fu_132                      |  16|   0|   16|          0|
    |p_0_144_fu_164                    |  16|   0|   16|          0|
    |p_0_242_fu_160                    |  16|   0|   16|          0|
    |p_1_147_fu_168                    |   8|   0|    8|          0|
    +----------------------------------+----+----+-----+-----------+
    |Total                             | 197|   0|  197|          0|
    +----------------------------------+----+----+-----+-----------+



================================================================
== Interface
================================================================
* Summary: 
+---------------------------------+-----+-----+------------+---------------------------------------------------+--------------+
|            RTL Ports            | Dir | Bits|  Protocol  |                   Source Object                   |    C Type    |
+---------------------------------+-----+-----+------------+---------------------------------------------------+--------------+
|ap_clk                           |   in|    1|  ap_ctrl_hs|  non_maximum_suppression_Pipeline_VITIS_LOOP_105_5|  return value|
|ap_rst                           |   in|    1|  ap_ctrl_hs|  non_maximum_suppression_Pipeline_VITIS_LOOP_105_5|  return value|
|ap_start                         |   in|    1|  ap_ctrl_hs|  non_maximum_suppression_Pipeline_VITIS_LOOP_105_5|  return value|
|ap_done                          |  out|    1|  ap_ctrl_hs|  non_maximum_suppression_Pipeline_VITIS_LOOP_105_5|  return value|
|ap_idle                          |  out|    1|  ap_ctrl_hs|  non_maximum_suppression_Pipeline_VITIS_LOOP_105_5|  return value|
|ap_ready                         |  out|    1|  ap_ctrl_hs|  non_maximum_suppression_Pipeline_VITIS_LOOP_105_5|  return value|
|nms_out_din                      |  out|   16|     ap_fifo|                                            nms_out|       pointer|
|nms_out_full_n                   |   in|    1|     ap_fifo|                                            nms_out|       pointer|
|nms_out_write                    |  out|    1|     ap_fifo|                                            nms_out|       pointer|
|nms_out_num_data_valid           |   in|   32|     ap_fifo|                                            nms_out|       pointer|
|nms_out_fifo_cap                 |   in|   32|     ap_fifo|                                            nms_out|       pointer|
|tmp_4                            |   in|    8|     ap_none|                                              tmp_4|        scalar|
|tmp_3                            |   in|   16|     ap_none|                                              tmp_3|        scalar|
|tmp_8                            |   in|   16|     ap_none|                                              tmp_8|        scalar|
|tmp_5                            |   in|   16|     ap_none|                                              tmp_5|        scalar|
|tmp_s                            |   in|   16|     ap_none|                                              tmp_s|        scalar|
|tmp_1                            |   in|   16|     ap_none|                                              tmp_1|        scalar|
|tmp_2                            |   in|   16|     ap_none|                                              tmp_2|        scalar|
|tmp_9                            |   in|    8|     ap_none|                                              tmp_9|        scalar|
|outputRow                        |   in|    9|     ap_none|                                          outputRow|        scalar|
|lineBuffer_magnitude_address0    |  out|   10|   ap_memory|                               lineBuffer_magnitude|         array|
|lineBuffer_magnitude_ce0         |  out|    1|   ap_memory|                               lineBuffer_magnitude|         array|
|lineBuffer_magnitude_q0          |   in|   16|   ap_memory|                               lineBuffer_magnitude|         array|
|lineBuffer_direction_address0    |  out|   10|   ap_memory|                               lineBuffer_direction|         array|
|lineBuffer_direction_ce0         |  out|    1|   ap_memory|                               lineBuffer_direction|         array|
|lineBuffer_direction_q0          |   in|    8|   ap_memory|                               lineBuffer_direction|         array|
|lineBuffer_magnitude_1_address0  |  out|   10|   ap_memory|                             lineBuffer_magnitude_1|         array|
|lineBuffer_magnitude_1_ce0       |  out|    1|   ap_memory|                             lineBuffer_magnitude_1|         array|
|lineBuffer_magnitude_1_q0        |   in|   16|   ap_memory|                             lineBuffer_magnitude_1|         array|
|lineBuffer_direction_1_address0  |  out|   10|   ap_memory|                             lineBuffer_direction_1|         array|
|lineBuffer_direction_1_ce0       |  out|    1|   ap_memory|                             lineBuffer_direction_1|         array|
|lineBuffer_direction_1_q0        |   in|    8|   ap_memory|                             lineBuffer_direction_1|         array|
|lineBuffer_magnitude_2_address0  |  out|   10|   ap_memory|                             lineBuffer_magnitude_2|         array|
|lineBuffer_magnitude_2_ce0       |  out|    1|   ap_memory|                             lineBuffer_magnitude_2|         array|
|lineBuffer_magnitude_2_q0        |   in|   16|   ap_memory|                             lineBuffer_magnitude_2|         array|
|lineBuffer_direction_2_address0  |  out|   10|   ap_memory|                             lineBuffer_direction_2|         array|
|lineBuffer_direction_2_ce0       |  out|    1|   ap_memory|                             lineBuffer_direction_2|         array|
|lineBuffer_direction_2_q0        |   in|    8|   ap_memory|                             lineBuffer_direction_2|         array|
|select_ln11                      |   in|    2|     ap_none|                                        select_ln11|        scalar|
|empty                            |   in|    2|     ap_none|                                              empty|        scalar|
+---------------------------------+-----+-----+------------+---------------------------------------------------+--------------+

============================================================
+ Verbose Summary: Synthesis Manager
============================================================
InlineROM: 1
ExposeGlobal: 0
============================================================
+ Verbose Summary: CDFG Model
============================================================
IsTopModel: 0
ResetActiveHigh: 1
IsCombinational: 2
IsDatapathOnly: 2
HasWiredReturn: 1
HasMFsm: 2
HasVarLatency: 1
IsPipeline: 0
IsRtlPipelined: 0
IsInstanceOverlapped: 0
IsDontTouch: 0
HasImplIP: 0
IsGatedGlobalClock: 0

+ Individual pipeline summary: 
  * Pipeline-0: initiation interval (II) = 1, depth = 3


============================================================
+ Verbose Summary: Schedule
============================================================
* Number of FSM states : 3
* Pipeline : 1
  Pipeline-0 : II = 1, D = 3, States = { 1 2 3 }
* Dataflow Pipeline: 0

* FSM state transitions: 
1 --> 2 
2 --> 3 
3 --> 

* FSM state operations: 

State 1 <SV = 0> <Delay = 3.64>
ST_1 : Operation 6 [1/1] (0.00ns)   --->   "%column_3 = alloca i32 1" [../src/non_maximum_suppression.cpp:105]   --->   Operation 6 'alloca' 'column_3' <Predicate = true> <Delay = 0.00>
ST_1 : Operation 7 [1/1] (0.00ns)   --->   "%centre_direction = alloca i32 1" [../src/non_maximum_suppression.cpp:108]   --->   Operation 7 'alloca' 'centre_direction' <Predicate = true> <Delay = 0.00>
ST_1 : Operation 8 [1/1] (0.00ns)   --->   "%p_037 = alloca i32 1"   --->   Operation 8 'alloca' 'p_037' <Predicate = true> <Delay = 0.00>
ST_1 : Operation 9 [1/1] (0.00ns)   --->   "%p_030_238 = alloca i32 1"   --->   Operation 9 'alloca' 'p_030_238' <Predicate = true> <Delay = 0.00>
ST_1 : Operation 10 [1/1] (0.00ns)   --->   "%p_0373941 = alloca i32 1"   --->   Operation 10 'alloca' 'p_0373941' <Predicate = true> <Delay = 0.00>
ST_1 : Operation 11 [1/1] (0.00ns)   --->   "%p_028_13443 = alloca i32 1"   --->   Operation 11 'alloca' 'p_028_13443' <Predicate = true> <Delay = 0.00>
ST_1 : Operation 12 [1/1] (0.00ns)   --->   "%centre_magnitude = alloca i32 1" [../src/non_maximum_suppression.cpp:108]   --->   Operation 12 'alloca' 'centre_magnitude' <Predicate = true> <Delay = 0.00>
ST_1 : Operation 13 [1/1] (0.00ns)   --->   "%p_03739 = alloca i32 1"   --->   Operation 13 'alloca' 'p_03739' <Predicate = true> <Delay = 0.00>
ST_1 : Operation 14 [1/1] (0.00ns)   --->   "%p_028_240 = alloca i32 1"   --->   Operation 14 'alloca' 'p_028_240' <Predicate = true> <Delay = 0.00>
ST_1 : Operation 15 [1/1] (0.00ns)   --->   "%p_0_242 = alloca i32 1"   --->   Operation 15 'alloca' 'p_0_242' <Predicate = true> <Delay = 0.00>
ST_1 : Operation 16 [1/1] (0.00ns)   --->   "%p_0_144 = alloca i32 1"   --->   Operation 16 'alloca' 'p_0_144' <Predicate = true> <Delay = 0.00>
ST_1 : Operation 17 [1/1] (0.00ns)   --->   "%p_1_147 = alloca i32 1"   --->   Operation 17 'alloca' 'p_1_147' <Predicate = true> <Delay = 0.00>
ST_1 : Operation 18 [1/1] (0.00ns)   --->   "%tmp = read i2 @_ssdm_op_Read.ap_auto.i2, i2 %empty"   --->   Operation 18 'read' 'tmp' <Predicate = true> <Delay = 0.00>
ST_1 : Operation 19 [1/1] (0.00ns)   --->   "%select_ln11_read = read i2 @_ssdm_op_Read.ap_auto.i2, i2 %select_ln11"   --->   Operation 19 'read' 'select_ln11_read' <Predicate = true> <Delay = 0.00>
ST_1 : Operation 20 [1/1] (0.00ns)   --->   "%outputRow_read = read i9 @_ssdm_op_Read.ap_auto.i9, i9 %outputRow"   --->   Operation 20 'read' 'outputRow_read' <Predicate = true> <Delay = 0.00>
ST_1 : Operation 21 [1/1] (0.00ns)   --->   "%tmp_9_read = read i8 @_ssdm_op_Read.ap_auto.i8, i8 %tmp_9"   --->   Operation 21 'read' 'tmp_9_read' <Predicate = true> <Delay = 0.00>
ST_1 : Operation 22 [1/1] (0.00ns)   --->   "%tmp_2_read = read i16 @_ssdm_op_Read.ap_auto.i16, i16 %tmp_2"   --->   Operation 22 'read' 'tmp_2_read' <Predicate = true> <Delay = 0.00>
ST_1 : Operation 23 [1/1] (0.00ns)   --->   "%tmp_1_read = read i16 @_ssdm_op_Read.ap_auto.i16, i16 %tmp_1"   --->   Operation 23 'read' 'tmp_1_read' <Predicate = true> <Delay = 0.00>
ST_1 : Operation 24 [1/1] (0.00ns)   --->   "%tmp_read = read i16 @_ssdm_op_Read.ap_auto.i16, i16 %tmp_s"   --->   Operation 24 'read' 'tmp_read' <Predicate = true> <Delay = 0.00>
ST_1 : Operation 25 [1/1] (0.00ns)   --->   "%tmp_5_read = read i16 @_ssdm_op_Read.ap_auto.i16, i16 %tmp_5"   --->   Operation 25 'read' 'tmp_5_read' <Predicate = true> <Delay = 0.00>
ST_1 : Operation 26 [1/1] (0.00ns)   --->   "%tmp_8_read = read i16 @_ssdm_op_Read.ap_auto.i16, i16 %tmp_8"   --->   Operation 26 'read' 'tmp_8_read' <Predicate = true> <Delay = 0.00>
ST_1 : Operation 27 [1/1] (0.00ns)   --->   "%tmp_3_read = read i16 @_ssdm_op_Read.ap_auto.i16, i16 %tmp_3"   --->   Operation 27 'read' 'tmp_3_read' <Predicate = true> <Delay = 0.00>
ST_1 : Operation 28 [1/1] (0.00ns)   --->   "%tmp_4_read = read i8 @_ssdm_op_Read.ap_auto.i8, i8 %tmp_4"   --->   Operation 28 'read' 'tmp_4_read' <Predicate = true> <Delay = 0.00>
ST_1 : Operation 29 [1/1] (0.00ns)   --->   "%specinterface_ln0 = specinterface void @_ssdm_op_SpecInterface, i16 %nms_out, void @empty_10, i32 0, i32 0, void @empty_4, i32 0, i32 0, void @empty_4, void @empty_4, void @empty_4, i32 0, i32 0, i32 0, i32 0, void @empty_4, void @empty_4, i32 4294967295, i32 0, i32 0, i32 0"   --->   Operation 29 'specinterface' 'specinterface_ln0' <Predicate = true> <Delay = 0.00>
ST_1 : Operation 30 [1/1] (0.77ns)   --->   "%hasBottom = icmp_ult  i9 %outputRow_read, i9 479" [../src/non_maximum_suppression.cpp:68]   --->   Operation 30 'icmp' 'hasBottom' <Predicate = true> <Delay = 0.77> <CoreInst = "Cmp">   --->   Core 9 'Cmp' <Latency = 0> <II = 1> <Delay = 0.77> <FuncUnit> <Opcode : 'seteq' 'setne' 'setle' 'setge' 'setlt' 'setgt'> <InPorts = 2> <OutPorts = 1>
ST_1 : Operation 31 [1/1] (0.77ns)   --->   "%hasTop = icmp_ne  i9 %outputRow_read, i9 0" [../src/non_maximum_suppression.cpp:67]   --->   Operation 31 'icmp' 'hasTop' <Predicate = true> <Delay = 0.77> <CoreInst = "Cmp">   --->   Core 9 'Cmp' <Latency = 0> <II = 1> <Delay = 0.77> <FuncUnit> <Opcode : 'seteq' 'setne' 'setle' 'setge' 'setlt' 'setgt'> <InPorts = 2> <OutPorts = 1>
ST_1 : Operation 32 [1/1] (0.42ns)   --->   "%store_ln0 = store i8 %tmp_4_read, i8 %p_1_147"   --->   Operation 32 'store' 'store_ln0' <Predicate = true> <Delay = 0.42>
ST_1 : Operation 33 [1/1] (0.42ns)   --->   "%store_ln0 = store i16 %tmp_3_read, i16 %p_0_144"   --->   Operation 33 'store' 'store_ln0' <Predicate = true> <Delay = 0.42>
ST_1 : Operation 34 [1/1] (0.42ns)   --->   "%store_ln0 = store i16 %tmp_5_read, i16 %p_0_242"   --->   Operation 34 'store' 'store_ln0' <Predicate = true> <Delay = 0.42>
ST_1 : Operation 35 [1/1] (0.42ns)   --->   "%store_ln0 = store i16 %tmp_1_read, i16 %p_028_240"   --->   Operation 35 'store' 'store_ln0' <Predicate = true> <Delay = 0.42>
ST_1 : Operation 36 [1/1] (0.42ns)   --->   "%store_ln0 = store i16 %tmp_read, i16 %p_03739"   --->   Operation 36 'store' 'store_ln0' <Predicate = true> <Delay = 0.42>
ST_1 : Operation 37 [1/1] (0.42ns)   --->   "%store_ln108 = store i16 %tmp_8_read, i16 %centre_magnitude" [../src/non_maximum_suppression.cpp:108]   --->   Operation 37 'store' 'store_ln108' <Predicate = true> <Delay = 0.42>
ST_1 : Operation 38 [1/1] (0.42ns)   --->   "%store_ln0 = store i16 %tmp_8_read, i16 %p_028_13443"   --->   Operation 38 'store' 'store_ln0' <Predicate = true> <Delay = 0.42>
ST_1 : Operation 39 [1/1] (0.42ns)   --->   "%store_ln0 = store i16 %tmp_read, i16 %p_0373941"   --->   Operation 39 'store' 'store_ln0' <Predicate = true> <Delay = 0.42>
ST_1 : Operation 40 [1/1] (0.42ns)   --->   "%store_ln0 = store i16 %tmp_1_read, i16 %p_030_238"   --->   Operation 40 'store' 'store_ln0' <Predicate = true> <Delay = 0.42>
ST_1 : Operation 41 [1/1] (0.42ns)   --->   "%store_ln0 = store i16 %tmp_2_read, i16 %p_037"   --->   Operation 41 'store' 'store_ln0' <Predicate = true> <Delay = 0.42>
ST_1 : Operation 42 [1/1] (0.42ns)   --->   "%store_ln108 = store i8 %tmp_9_read, i8 %centre_direction" [../src/non_maximum_suppression.cpp:108]   --->   Operation 42 'store' 'store_ln108' <Predicate = true> <Delay = 0.42>
ST_1 : Operation 43 [1/1] (0.42ns)   --->   "%store_ln105 = store i10 0, i10 %column_3" [../src/non_maximum_suppression.cpp:105]   --->   Operation 43 'store' 'store_ln105' <Predicate = true> <Delay = 0.42>
ST_1 : Operation 44 [1/1] (0.00ns)   --->   "%br_ln0 = br void %for.body52"   --->   Operation 44 'br' 'br_ln0' <Predicate = true> <Delay = 0.00>
ST_1 : Operation 45 [1/1] (0.00ns)   --->   "%column = load i10 %column_3" [../src/non_maximum_suppression.cpp:160]   --->   Operation 45 'load' 'column' <Predicate = true> <Delay = 0.00>
ST_1 : Operation 46 [1/1] (0.78ns)   --->   "%icmp_ln105 = icmp_eq  i10 %column, i10 640" [../src/non_maximum_suppression.cpp:105]   --->   Operation 46 'icmp' 'icmp_ln105' <Predicate = true> <Delay = 0.78> <CoreInst = "Cmp">   --->   Core 9 'Cmp' <Latency = 0> <II = 1> <Delay = 0.78> <FuncUnit> <Opcode : 'seteq' 'setne' 'setle' 'setge' 'setlt' 'setgt'> <InPorts = 2> <OutPorts = 1>
ST_1 : Operation 47 [1/1] (0.78ns)   --->   "%column_4 = add i10 %column, i10 1" [../src/non_maximum_suppression.cpp:105]   --->   Operation 47 'add' 'column_4' <Predicate = true> <Delay = 0.78> <CoreInst = "Adder">   --->   Core 1 'Adder' <Latency = 0> <II = 1> <Delay = 0.78> <FuncUnit> <Opcode : 'add' 'sub'> <InPorts = 2> <OutPorts = 1>
ST_1 : Operation 48 [1/1] (0.00ns)   --->   "%br_ln105 = br i1 %icmp_ln105, void %for.body52.split_ifconv, void %cleanup.loopexit.exitStub" [../src/non_maximum_suppression.cpp:105]   --->   Operation 48 'br' 'br_ln105' <Predicate = true> <Delay = 0.00>
ST_1 : Operation 49 [1/1] (0.78ns)   --->   "%hasLeft = icmp_ne  i10 %column, i10 0" [../src/non_maximum_suppression.cpp:110]   --->   Operation 49 'icmp' 'hasLeft' <Predicate = (!icmp_ln105)> <Delay = 0.78> <CoreInst = "Cmp">   --->   Core 9 'Cmp' <Latency = 0> <II = 1> <Delay = 0.78> <FuncUnit> <Opcode : 'seteq' 'setne' 'setle' 'setge' 'setlt' 'setgt'> <InPorts = 2> <OutPorts = 1>
ST_1 : Operation 50 [1/1] (0.78ns)   --->   "%hasRight = icmp_ult  i10 %column, i10 639" [../src/non_maximum_suppression.cpp:111]   --->   Operation 50 'icmp' 'hasRight' <Predicate = (!icmp_ln105)> <Delay = 0.78> <CoreInst = "Cmp">   --->   Core 9 'Cmp' <Latency = 0> <II = 1> <Delay = 0.78> <FuncUnit> <Opcode : 'seteq' 'setne' 'setle' 'setge' 'setlt' 'setgt'> <InPorts = 2> <OutPorts = 1>
ST_1 : Operation 51 [1/1] (0.78ns)   --->   "%add_ln160 = add i10 %column, i10 2" [../src/non_maximum_suppression.cpp:160]   --->   Operation 51 'add' 'add_ln160' <Predicate = (!icmp_ln105)> <Delay = 0.78> <CoreInst = "Adder">   --->   Core 1 'Adder' <Latency = 0> <II = 1> <Delay = 0.78> <FuncUnit> <Opcode : 'add' 'sub'> <InPorts = 2> <OutPorts = 1>
ST_1 : Operation 52 [1/1] (0.78ns)   --->   "%icmp_ln17 = icmp_ugt  i10 %add_ln160, i10 639" [../src/non_maximum_suppression.cpp:17->../src/non_maximum_suppression.cpp:160]   --->   Operation 52 'icmp' 'icmp_ln17' <Predicate = (!icmp_ln105)> <Delay = 0.78> <CoreInst = "Cmp">   --->   Core 9 'Cmp' <Latency = 0> <II = 1> <Delay = 0.78> <FuncUnit> <Opcode : 'seteq' 'setne' 'setle' 'setge' 'setlt' 'setgt'> <InPorts = 2> <OutPorts = 1>
ST_1 : Operation 53 [1/1] (0.40ns)   --->   "%nextColumn = select i1 %icmp_ln17, i10 639, i10 %add_ln160" [../src/non_maximum_suppression.cpp:17->../src/non_maximum_suppression.cpp:160]   --->   Operation 53 'select' 'nextColumn' <Predicate = (!icmp_ln105)> <Delay = 0.40> <CoreInst = "Sel">   --->   Core 73 'Sel' <Latency = 0> <II = 1> <Delay = 0.40> <FuncUnit> <Opcode : 'select'> <InPorts = 3> <OutPorts = 1>
ST_1 : Operation 54 [1/1] (0.00ns)   --->   "%zext_ln167 = zext i10 %nextColumn" [../src/non_maximum_suppression.cpp:167]   --->   Operation 54 'zext' 'zext_ln167' <Predicate = (!icmp_ln105)> <Delay = 0.00>
ST_1 : Operation 55 [1/1] (0.00ns)   --->   "%lineBuffer_magnitude_addr = getelementptr i16 %lineBuffer_magnitude, i64 0, i64 %zext_ln167" [../src/non_maximum_suppression.cpp:167]   --->   Operation 55 'getelementptr' 'lineBuffer_magnitude_addr' <Predicate = (!icmp_ln105)> <Delay = 0.00>
ST_1 : Operation 56 [1/1] (0.00ns)   --->   "%lineBuffer_direction_addr = getelementptr i8 %lineBuffer_direction, i64 0, i64 %zext_ln167" [../src/non_maximum_suppression.cpp:167]   --->   Operation 56 'getelementptr' 'lineBuffer_direction_addr' <Predicate = (!icmp_ln105 & tmp == 1)> <Delay = 0.00>
ST_1 : Operation 57 [2/2] (1.23ns)   --->   "%banked_magnitude = load i10 %lineBuffer_magnitude_addr" [../src/non_maximum_suppression.cpp:167]   --->   Operation 57 'load' 'banked_magnitude' <Predicate = (!icmp_ln105)> <Delay = 1.23> <CoreInst = "RAM">   --->   Core 82 'RAM' <Latency = 1> <II = 1> <Delay = 1.23> <Storage> <Opcode : 'load' 'store'> <Ports = 2> <Width = 16> <Depth = 640> <RAM>
ST_1 : Operation 58 [2/2] (1.23ns)   --->   "%banked_direction = load i10 %lineBuffer_direction_addr" [../src/non_maximum_suppression.cpp:167]   --->   Operation 58 'load' 'banked_direction' <Predicate = (!icmp_ln105 & tmp == 1)> <Delay = 1.23> <CoreInst = "RAM">   --->   Core 82 'RAM' <Latency = 1> <II = 1> <Delay = 1.23> <Storage> <Opcode : 'load' 'store'> <Ports = 2> <Width = 8> <Depth = 640> <RAM>
ST_1 : Operation 59 [1/1] (0.00ns)   --->   "%lineBuffer_magnitude_1_addr = getelementptr i16 %lineBuffer_magnitude_1, i64 0, i64 %zext_ln167" [../src/non_maximum_suppression.cpp:167]   --->   Operation 59 'getelementptr' 'lineBuffer_magnitude_1_addr' <Predicate = (!icmp_ln105)> <Delay = 0.00>
ST_1 : Operation 60 [1/1] (0.00ns)   --->   "%lineBuffer_direction_1_addr = getelementptr i8 %lineBuffer_direction_1, i64 0, i64 %zext_ln167" [../src/non_maximum_suppression.cpp:167]   --->   Operation 60 'getelementptr' 'lineBuffer_direction_1_addr' <Predicate = (!icmp_ln105 & tmp == 2)> <Delay = 0.00>
ST_1 : Operation 61 [1/1] (0.00ns)   --->   "%lineBuffer_magnitude_2_addr = getelementptr i16 %lineBuffer_magnitude_2, i64 0, i64 %zext_ln167" [../src/non_maximum_suppression.cpp:167]   --->   Operation 61 'getelementptr' 'lineBuffer_magnitude_2_addr' <Predicate = (!icmp_ln105)> <Delay = 0.00>
ST_1 : Operation 62 [1/1] (0.00ns)   --->   "%lineBuffer_direction_2_addr = getelementptr i8 %lineBuffer_direction_2, i64 0, i64 %zext_ln167" [../src/non_maximum_suppression.cpp:167]   --->   Operation 62 'getelementptr' 'lineBuffer_direction_2_addr' <Predicate = (!icmp_ln105 & tmp == 0)> <Delay = 0.00>
ST_1 : Operation 63 [2/2] (1.23ns)   --->   "%banked_magnitude_1 = load i10 %lineBuffer_magnitude_1_addr" [../src/non_maximum_suppression.cpp:167]   --->   Operation 63 'load' 'banked_magnitude_1' <Predicate = (!icmp_ln105)> <Delay = 1.23> <CoreInst = "RAM">   --->   Core 82 'RAM' <Latency = 1> <II = 1> <Delay = 1.23> <Storage> <Opcode : 'load' 'store'> <Ports = 2> <Width = 16> <Depth = 640> <RAM>
ST_1 : Operation 64 [2/2] (1.23ns)   --->   "%banked_magnitude_2 = load i10 %lineBuffer_magnitude_2_addr" [../src/non_maximum_suppression.cpp:167]   --->   Operation 64 'load' 'banked_magnitude_2' <Predicate = (!icmp_ln105)> <Delay = 1.23> <CoreInst = "RAM">   --->   Core 82 'RAM' <Latency = 1> <II = 1> <Delay = 1.23> <Storage> <Opcode : 'load' 'store'> <Ports = 2> <Width = 16> <Depth = 640> <RAM>
ST_1 : Operation 65 [2/2] (1.23ns)   --->   "%banked_direction_1 = load i10 %lineBuffer_direction_1_addr" [../src/non_maximum_suppression.cpp:167]   --->   Operation 65 'load' 'banked_direction_1' <Predicate = (!icmp_ln105 & tmp == 2)> <Delay = 1.23> <CoreInst = "RAM">   --->   Core 82 'RAM' <Latency = 1> <II = 1> <Delay = 1.23> <Storage> <Opcode : 'load' 'store'> <Ports = 2> <Width = 8> <Depth = 640> <RAM>
ST_1 : Operation 66 [2/2] (1.23ns)   --->   "%banked_direction_2 = load i10 %lineBuffer_direction_2_addr" [../src/non_maximum_suppression.cpp:167]   --->   Operation 66 'load' 'banked_direction_2' <Predicate = (!icmp_ln105 & tmp == 0)> <Delay = 1.23> <CoreInst = "RAM">   --->   Core 82 'RAM' <Latency = 1> <II = 1> <Delay = 1.23> <Storage> <Opcode : 'load' 'store'> <Ports = 2> <Width = 8> <Depth = 640> <RAM>
ST_1 : Operation 67 [1/1] (0.42ns)   --->   "%store_ln105 = store i10 %column_4, i10 %column_3" [../src/non_maximum_suppression.cpp:105]   --->   Operation 67 'store' 'store_ln105' <Predicate = (!icmp_ln105)> <Delay = 0.42>

State 2 <SV = 1> <Delay = 2.43>
ST_2 : Operation 68 [1/1] (0.00ns)   --->   "%p_037_load = load i16 %p_037"   --->   Operation 68 'load' 'p_037_load' <Predicate = true> <Delay = 0.00>
ST_2 : Operation 69 [1/1] (0.00ns)   --->   "%centre_magnitude_1 = load i16 %centre_magnitude" [../src/non_maximum_suppression.cpp:152]   --->   Operation 69 'load' 'centre_magnitude_1' <Predicate = true> <Delay = 0.00>
ST_2 : Operation 70 [1/1] (0.00ns)   --->   "%p_03739_load = load i16 %p_03739" [../src/non_maximum_suppression.cpp:134]   --->   Operation 70 'load' 'p_03739_load' <Predicate = true> <Delay = 0.00>
ST_2 : Operation 71 [1/1] (0.00ns)   --->   "%p_028_240_load = load i16 %p_028_240" [../src/non_maximum_suppression.cpp:137]   --->   Operation 71 'load' 'p_028_240_load' <Predicate = true> <Delay = 0.00>
ST_2 : Operation 72 [1/1] (0.00ns)   --->   "%p_0_242_load = load i16 %p_0_242" [../src/non_maximum_suppression.cpp:129]   --->   Operation 72 'load' 'p_0_242_load' <Predicate = true> <Delay = 0.00>
ST_2 : Operation 73 [1/1] (0.00ns)   --->   "%p_0_144_load = load i16 %p_0_144" [../src/non_maximum_suppression.cpp:121]   --->   Operation 73 'load' 'p_0_144_load' <Predicate = true> <Delay = 0.00>
ST_2 : Operation 74 [1/1] (0.00ns)   --->   "%p_1_147_load = load i8 %p_1_147"   --->   Operation 74 'load' 'p_1_147_load' <Predicate = true> <Delay = 0.00>
ST_2 : Operation 75 [1/1] (0.00ns)   --->   "%centre_direction_load = load i8 %centre_direction" [../src/non_maximum_suppression.cpp:116]   --->   Operation 75 'load' 'centre_direction_load' <Predicate = (!icmp_ln105)> <Delay = 0.00>
ST_2 : Operation 76 [1/1] (0.00ns)   --->   "%p_030_238_load = load i16 %p_030_238" [../src/non_maximum_suppression.cpp:145]   --->   Operation 76 'load' 'p_030_238_load' <Predicate = (!icmp_ln105)> <Delay = 0.00>
ST_2 : Operation 77 [1/1] (0.00ns)   --->   "%p_0373941_load = load i16 %p_0373941" [../src/non_maximum_suppression.cpp:126]   --->   Operation 77 'load' 'p_0373941_load' <Predicate = (!icmp_ln105)> <Delay = 0.00>
ST_2 : Operation 78 [1/1] (0.00ns)   --->   "%p_028_13443_load = load i16 %p_028_13443" [../src/non_maximum_suppression.cpp:118]   --->   Operation 78 'load' 'p_028_13443_load' <Predicate = (!icmp_ln105 & hasLeft)> <Delay = 0.00>
ST_2 : Operation 79 [1/1] (0.00ns)   --->   "%specpipeline_ln106 = specpipeline void @_ssdm_op_SpecPipeline, i32 1, i32 0, i32 0, i32 0, i32 4294967295, void @empty_4" [../src/non_maximum_suppression.cpp:106]   --->   Operation 79 'specpipeline' 'specpipeline_ln106' <Predicate = (!icmp_ln105)> <Delay = 0.00>
ST_2 : Operation 80 [1/1] (0.00ns)   --->   "%speclooptripcount_ln105 = speclooptripcount void @_ssdm_op_SpecLoopTripCount, i64 640, i64 640, i64 640" [../src/non_maximum_suppression.cpp:105]   --->   Operation 80 'speclooptripcount' 'speclooptripcount_ln105' <Predicate = (!icmp_ln105)> <Delay = 0.00>
ST_2 : Operation 81 [1/1] (0.00ns)   --->   "%specloopname_ln105 = specloopname void @_ssdm_op_SpecLoopName, void @empty_24" [../src/non_maximum_suppression.cpp:105]   --->   Operation 81 'specloopname' 'specloopname_ln105' <Predicate = (!icmp_ln105)> <Delay = 0.00>
ST_2 : Operation 82 [1/1] (0.35ns)   --->   "%neighbourOne = select i1 %hasLeft, i16 %p_028_13443_load, i16 0" [../src/non_maximum_suppression.cpp:118]   --->   Operation 82 'select' 'neighbourOne' <Predicate = (!icmp_ln105)> <Delay = 0.35> <CoreInst = "Sel">   --->   Core 73 'Sel' <Latency = 0> <II = 1> <Delay = 0.35> <FuncUnit> <Opcode : 'select'> <InPorts = 3> <OutPorts = 1>
ST_2 : Operation 83 [1/1] (0.35ns)   --->   "%neighbourTwo = select i1 %hasRight, i16 %p_0_144_load, i16 0" [../src/non_maximum_suppression.cpp:121]   --->   Operation 83 'select' 'neighbourTwo' <Predicate = (!icmp_ln105)> <Delay = 0.35> <CoreInst = "Sel">   --->   Core 73 'Sel' <Latency = 0> <II = 1> <Delay = 0.35> <FuncUnit> <Opcode : 'select'> <InPorts = 3> <OutPorts = 1>
ST_2 : Operation 84 [1/1] (0.00ns) (grouped into LUT with out node neighbourOne_1)   --->   "%and_ln126 = and i1 %hasTop, i1 %hasLeft" [../src/non_maximum_suppression.cpp:126]   --->   Operation 84 'and' 'and_ln126' <Predicate = (!icmp_ln105)> <Delay = 0.00> <CoreInst = "LogicGate">   --->   Core 74 'LogicGate' <Latency = 0> <II = 1> <Delay = 0.28> <FuncUnit> <Opcode : 'and' 'or' 'xor'> <InPorts = 2> <OutPorts = 1>
ST_2 : Operation 85 [1/1] (0.35ns) (out node of the LUT)   --->   "%neighbourOne_1 = select i1 %and_ln126, i16 %p_0373941_load, i16 0" [../src/non_maximum_suppression.cpp:126]   --->   Operation 85 'select' 'neighbourOne_1' <Predicate = (!icmp_ln105)> <Delay = 0.35> <CoreInst = "Sel">   --->   Core 73 'Sel' <Latency = 0> <II = 1> <Delay = 0.35> <FuncUnit> <Opcode : 'select'> <InPorts = 3> <OutPorts = 1>
ST_2 : Operation 86 [1/1] (0.00ns) (grouped into LUT with out node neighbourTwo_1)   --->   "%and_ln129 = and i1 %hasBottom, i1 %hasRight" [../src/non_maximum_suppression.cpp:129]   --->   Operation 86 'and' 'and_ln129' <Predicate = (!icmp_ln105)> <Delay = 0.00> <CoreInst = "LogicGate">   --->   Core 74 'LogicGate' <Latency = 0> <II = 1> <Delay = 0.28> <FuncUnit> <Opcode : 'and' 'or' 'xor'> <InPorts = 2> <OutPorts = 1>
ST_2 : Operation 87 [1/1] (0.35ns) (out node of the LUT)   --->   "%neighbourTwo_1 = select i1 %and_ln129, i16 %p_0_242_load, i16 0" [../src/non_maximum_suppression.cpp:129]   --->   Operation 87 'select' 'neighbourTwo_1' <Predicate = (!icmp_ln105)> <Delay = 0.35> <CoreInst = "Sel">   --->   Core 73 'Sel' <Latency = 0> <II = 1> <Delay = 0.35> <FuncUnit> <Opcode : 'select'> <InPorts = 3> <OutPorts = 1>
ST_2 : Operation 88 [1/1] (0.35ns)   --->   "%neighbourOne_2 = select i1 %hasTop, i16 %p_03739_load, i16 0" [../src/non_maximum_suppression.cpp:134]   --->   Operation 88 'select' 'neighbourOne_2' <Predicate = (!icmp_ln105)> <Delay = 0.35> <CoreInst = "Sel">   --->   Core 73 'Sel' <Latency = 0> <II = 1> <Delay = 0.35> <FuncUnit> <Opcode : 'select'> <InPorts = 3> <OutPorts = 1>
ST_2 : Operation 89 [1/1] (0.35ns)   --->   "%neighbourTwo_2 = select i1 %hasBottom, i16 %p_028_240_load, i16 0" [../src/non_maximum_suppression.cpp:137]   --->   Operation 89 'select' 'neighbourTwo_2' <Predicate = (!icmp_ln105)> <Delay = 0.35> <CoreInst = "Sel">   --->   Core 73 'Sel' <Latency = 0> <II = 1> <Delay = 0.35> <FuncUnit> <Opcode : 'select'> <InPorts = 3> <OutPorts = 1>
ST_2 : Operation 90 [1/1] (0.00ns) (grouped into LUT with out node neighbourOne_3)   --->   "%and_ln142 = and i1 %hasTop, i1 %hasRight" [../src/non_maximum_suppression.cpp:142]   --->   Operation 90 'and' 'and_ln142' <Predicate = (!icmp_ln105)> <Delay = 0.00> <CoreInst = "LogicGate">   --->   Core 74 'LogicGate' <Latency = 0> <II = 1> <Delay = 0.28> <FuncUnit> <Opcode : 'and' 'or' 'xor'> <InPorts = 2> <OutPorts = 1>
ST_2 : Operation 91 [1/1] (0.35ns) (out node of the LUT)   --->   "%neighbourOne_3 = select i1 %and_ln142, i16 %p_037_load, i16 0" [../src/non_maximum_suppression.cpp:142]   --->   Operation 91 'select' 'neighbourOne_3' <Predicate = (!icmp_ln105)> <Delay = 0.35> <CoreInst = "Sel">   --->   Core 73 'Sel' <Latency = 0> <II = 1> <Delay = 0.35> <FuncUnit> <Opcode : 'select'> <InPorts = 3> <OutPorts = 1>
ST_2 : Operation 92 [1/1] (0.00ns) (grouped into LUT with out node neighbourTwo_3)   --->   "%and_ln145 = and i1 %hasBottom, i1 %hasLeft" [../src/non_maximum_suppression.cpp:145]   --->   Operation 92 'and' 'and_ln145' <Predicate = (!icmp_ln105)> <Delay = 0.00> <CoreInst = "LogicGate">   --->   Core 74 'LogicGate' <Latency = 0> <II = 1> <Delay = 0.28> <FuncUnit> <Opcode : 'and' 'or' 'xor'> <InPorts = 2> <OutPorts = 1>
ST_2 : Operation 93 [1/1] (0.35ns) (out node of the LUT)   --->   "%neighbourTwo_3 = select i1 %and_ln145, i16 %p_030_238_load, i16 0" [../src/non_maximum_suppression.cpp:145]   --->   Operation 93 'select' 'neighbourTwo_3' <Predicate = (!icmp_ln105)> <Delay = 0.35> <CoreInst = "Sel">   --->   Core 73 'Sel' <Latency = 0> <II = 1> <Delay = 0.35> <FuncUnit> <Opcode : 'select'> <InPorts = 3> <OutPorts = 1>
ST_2 : Operation 94 [1/1] (0.76ns)   --->   "%icmp_ln116 = icmp_eq  i8 %centre_direction_load, i8 3" [../src/non_maximum_suppression.cpp:116]   --->   Operation 94 'icmp' 'icmp_ln116' <Predicate = (!icmp_ln105)> <Delay = 0.76> <CoreInst = "Cmp">   --->   Core 9 'Cmp' <Latency = 0> <II = 1> <Delay = 0.76> <FuncUnit> <Opcode : 'seteq' 'setne' 'setle' 'setge' 'setlt' 'setgt'> <InPorts = 2> <OutPorts = 1>
ST_2 : Operation 95 [1/1] (0.76ns)   --->   "%icmp_ln116_1 = icmp_eq  i8 %centre_direction_load, i8 2" [../src/non_maximum_suppression.cpp:116]   --->   Operation 95 'icmp' 'icmp_ln116_1' <Predicate = (!icmp_ln105)> <Delay = 0.76> <CoreInst = "Cmp">   --->   Core 9 'Cmp' <Latency = 0> <II = 1> <Delay = 0.76> <FuncUnit> <Opcode : 'seteq' 'setne' 'setle' 'setge' 'setlt' 'setgt'> <InPorts = 2> <OutPorts = 1>
ST_2 : Operation 96 [1/1] (0.76ns)   --->   "%icmp_ln116_2 = icmp_eq  i8 %centre_direction_load, i8 1" [../src/non_maximum_suppression.cpp:116]   --->   Operation 96 'icmp' 'icmp_ln116_2' <Predicate = (!icmp_ln105)> <Delay = 0.76> <CoreInst = "Cmp">   --->   Core 9 'Cmp' <Latency = 0> <II = 1> <Delay = 0.76> <FuncUnit> <Opcode : 'seteq' 'setne' 'setle' 'setge' 'setlt' 'setgt'> <InPorts = 2> <OutPorts = 1>
ST_2 : Operation 97 [1/1] (0.76ns)   --->   "%icmp_ln116_3 = icmp_eq  i8 %centre_direction_load, i8 0" [../src/non_maximum_suppression.cpp:116]   --->   Operation 97 'icmp' 'icmp_ln116_3' <Predicate = (!icmp_ln105)> <Delay = 0.76> <CoreInst = "Cmp">   --->   Core 9 'Cmp' <Latency = 0> <II = 1> <Delay = 0.76> <FuncUnit> <Opcode : 'seteq' 'setne' 'setle' 'setge' 'setlt' 'setgt'> <InPorts = 2> <OutPorts = 1>
ST_2 : Operation 98 [1/1] (0.00ns)   --->   "%sel_tmp4 = bitconcatenate i4 @_ssdm_op_BitConcatenate.i4.i1.i1.i1.i1, i1 %icmp_ln116, i1 %icmp_ln116_1, i1 %icmp_ln116_2, i1 %icmp_ln116_3" [../src/non_maximum_suppression.cpp:116]   --->   Operation 98 'bitconcatenate' 'sel_tmp4' <Predicate = (!icmp_ln105)> <Delay = 0.00>
ST_2 : Operation 99 [1/1] (0.52ns)   --->   "%neighbourOne_4 = sparsemux i16 @_ssdm_op_SparseMux.ap_auto.5i16.i16.i4, i4 8, i16 %neighbourOne_3, i4 4, i16 %neighbourOne_2, i4 2, i16 %neighbourOne_1, i4 1, i16 %neighbourOne, i4 0, i16 0, i16 0, i4 %sel_tmp4" [../src/non_maximum_suppression.cpp:142]   --->   Operation 99 'sparsemux' 'neighbourOne_4' <Predicate = (!icmp_ln105)> <Delay = 0.52> <CoreInst = "OneHotSparseMux_HasDef">   --->   Core 152 'OneHotSparseMux_HasDef' <Latency = 0> <II = 1> <Delay = 0.52> <FuncUnit> <Opcode : 'sparsemux'> <InPorts = 2> <OutPorts = 1>
ST_2 : Operation 100 [1/1] (0.52ns)   --->   "%neighbourTwo_4 = sparsemux i16 @_ssdm_op_SparseMux.ap_auto.5i16.i16.i4, i4 8, i16 %neighbourTwo_3, i4 4, i16 %neighbourTwo_2, i4 2, i16 %neighbourTwo_1, i4 1, i16 %neighbourTwo, i4 0, i16 0, i16 0, i4 %sel_tmp4" [../src/non_maximum_suppression.cpp:145]   --->   Operation 100 'sparsemux' 'neighbourTwo_4' <Predicate = (!icmp_ln105)> <Delay = 0.52> <CoreInst = "OneHotSparseMux_HasDef">   --->   Core 152 'OneHotSparseMux_HasDef' <Latency = 0> <II = 1> <Delay = 0.52> <FuncUnit> <Opcode : 'sparsemux'> <InPorts = 2> <OutPorts = 1>
ST_2 : Operation 101 [1/1] (0.85ns)   --->   "%icmp_ln151 = icmp_ult  i16 %centre_magnitude_1, i16 %neighbourOne_4" [../src/non_maximum_suppression.cpp:151]   --->   Operation 101 'icmp' 'icmp_ln151' <Predicate = (!icmp_ln105)> <Delay = 0.85> <CoreInst = "Cmp">   --->   Core 9 'Cmp' <Latency = 0> <II = 1> <Delay = 0.85> <FuncUnit> <Opcode : 'seteq' 'setne' 'setle' 'setge' 'setlt' 'setgt'> <InPorts = 2> <OutPorts = 1>
ST_2 : Operation 102 [1/1] (0.00ns) (grouped into LUT with out node and_ln151)   --->   "%xor_ln151 = xor i1 %icmp_ln151, i1 1" [../src/non_maximum_suppression.cpp:151]   --->   Operation 102 'xor' 'xor_ln151' <Predicate = (!icmp_ln105)> <Delay = 0.00> <CoreInst = "LogicGate">   --->   Core 74 'LogicGate' <Latency = 0> <II = 1> <Delay = 0.28> <FuncUnit> <Opcode : 'and' 'or' 'xor'> <InPorts = 2> <OutPorts = 1>
ST_2 : Operation 103 [1/1] (0.85ns)   --->   "%icmp_ln152 = icmp_ult  i16 %centre_magnitude_1, i16 %neighbourTwo_4" [../src/non_maximum_suppression.cpp:152]   --->   Operation 103 'icmp' 'icmp_ln152' <Predicate = (!icmp_ln105)> <Delay = 0.85> <CoreInst = "Cmp">   --->   Core 9 'Cmp' <Latency = 0> <II = 1> <Delay = 0.85> <FuncUnit> <Opcode : 'seteq' 'setne' 'setle' 'setge' 'setlt' 'setgt'> <InPorts = 2> <OutPorts = 1>
ST_2 : Operation 104 [1/1] (0.00ns) (grouped into LUT with out node and_ln151)   --->   "%xor_ln152 = xor i1 %icmp_ln152, i1 1" [../src/non_maximum_suppression.cpp:152]   --->   Operation 104 'xor' 'xor_ln152' <Predicate = (!icmp_ln105)> <Delay = 0.00> <CoreInst = "LogicGate">   --->   Core 74 'LogicGate' <Latency = 0> <II = 1> <Delay = 0.28> <FuncUnit> <Opcode : 'and' 'or' 'xor'> <InPorts = 2> <OutPorts = 1>
ST_2 : Operation 105 [1/1] (0.28ns) (out node of the LUT)   --->   "%and_ln151 = and i1 %xor_ln151, i1 %xor_ln152" [../src/non_maximum_suppression.cpp:151]   --->   Operation 105 'and' 'and_ln151' <Predicate = (!icmp_ln105)> <Delay = 0.28> <CoreInst = "LogicGate">   --->   Core 74 'LogicGate' <Latency = 0> <II = 1> <Delay = 0.28> <FuncUnit> <Opcode : 'and' 'or' 'xor'> <InPorts = 2> <OutPorts = 1>
ST_2 : Operation 106 [1/1] (0.00ns)   --->   "%br_ln151 = br i1 %and_ln151, void %if.else, void %if.then138" [../src/non_maximum_suppression.cpp:151]   --->   Operation 106 'br' 'br_ln151' <Predicate = (!icmp_ln105)> <Delay = 0.00>
ST_2 : Operation 107 [1/2] ( I:1.23ns O:1.23ns )   --->   "%banked_magnitude = load i10 %lineBuffer_magnitude_addr" [../src/non_maximum_suppression.cpp:167]   --->   Operation 107 'load' 'banked_magnitude' <Predicate = (!icmp_ln105)> <Delay = 1.23> <CoreInst = "RAM">   --->   Core 82 'RAM' <Latency = 1> <II = 1> <Delay = 1.23> <Storage> <Opcode : 'load' 'store'> <Ports = 2> <Width = 16> <Depth = 640> <RAM>
ST_2 : Operation 108 [1/2] ( I:1.23ns O:1.23ns )   --->   "%banked_direction = load i10 %lineBuffer_direction_addr" [../src/non_maximum_suppression.cpp:167]   --->   Operation 108 'load' 'banked_direction' <Predicate = (!icmp_ln105 & tmp == 1)> <Delay = 1.23> <CoreInst = "RAM">   --->   Core 82 'RAM' <Latency = 1> <II = 1> <Delay = 1.23> <Storage> <Opcode : 'load' 'store'> <Ports = 2> <Width = 8> <Depth = 640> <RAM>
ST_2 : Operation 109 [1/2] ( I:1.23ns O:1.23ns )   --->   "%banked_magnitude_1 = load i10 %lineBuffer_magnitude_1_addr" [../src/non_maximum_suppression.cpp:167]   --->   Operation 109 'load' 'banked_magnitude_1' <Predicate = (!icmp_ln105)> <Delay = 1.23> <CoreInst = "RAM">   --->   Core 82 'RAM' <Latency = 1> <II = 1> <Delay = 1.23> <Storage> <Opcode : 'load' 'store'> <Ports = 2> <Width = 16> <Depth = 640> <RAM>
ST_2 : Operation 110 [1/2] ( I:1.23ns O:1.23ns )   --->   "%banked_magnitude_2 = load i10 %lineBuffer_magnitude_2_addr" [../src/non_maximum_suppression.cpp:167]   --->   Operation 110 'load' 'banked_magnitude_2' <Predicate = (!icmp_ln105)> <Delay = 1.23> <CoreInst = "RAM">   --->   Core 82 'RAM' <Latency = 1> <II = 1> <Delay = 1.23> <Storage> <Opcode : 'load' 'store'> <Ports = 2> <Width = 16> <Depth = 640> <RAM>
ST_2 : Operation 111 [1/2] ( I:1.23ns O:1.23ns )   --->   "%banked_direction_1 = load i10 %lineBuffer_direction_1_addr" [../src/non_maximum_suppression.cpp:167]   --->   Operation 111 'load' 'banked_direction_1' <Predicate = (!icmp_ln105 & tmp == 2)> <Delay = 1.23> <CoreInst = "RAM">   --->   Core 82 'RAM' <Latency = 1> <II = 1> <Delay = 1.23> <Storage> <Opcode : 'load' 'store'> <Ports = 2> <Width = 8> <Depth = 640> <RAM>
ST_2 : Operation 112 [1/2] ( I:1.23ns O:1.23ns )   --->   "%banked_direction_2 = load i10 %lineBuffer_direction_2_addr" [../src/non_maximum_suppression.cpp:167]   --->   Operation 112 'load' 'banked_direction_2' <Predicate = (!icmp_ln105 & tmp == 0)> <Delay = 1.23> <CoreInst = "RAM">   --->   Core 82 'RAM' <Latency = 1> <II = 1> <Delay = 1.23> <Storage> <Opcode : 'load' 'store'> <Ports = 2> <Width = 8> <Depth = 640> <RAM>
ST_2 : Operation 113 [1/1] (0.42ns)   --->   "%tmp_6 = sparsemux i16 @_ssdm_op_SparseMux.ap_auto.3i16.i16.i2, i2 0, i16 %banked_magnitude, i2 1, i16 %banked_magnitude_1, i2 2, i16 %banked_magnitude_2, i16 0, i2 %select_ln11_read" [../src/non_maximum_suppression.cpp:174]   --->   Operation 113 'sparsemux' 'tmp_6' <Predicate = (!icmp_ln105)> <Delay = 0.42> <CoreInst = "OneHotSparseMux_HasDef">   --->   Core 152 'OneHotSparseMux_HasDef' <Latency = 0> <II = 1> <Delay = 0.42> <FuncUnit> <Opcode : 'sparsemux'> <InPorts = 2> <OutPorts = 1>
ST_2 : Operation 114 [1/1] (0.42ns)   --->   "%tmp_7 = sparsemux i16 @_ssdm_op_SparseMux.ap_auto.3i16.i16.i2, i2 1, i16 %banked_magnitude, i2 2, i16 %banked_magnitude_1, i2 0, i16 %banked_magnitude_2, i16 0, i2 %tmp" [../src/non_maximum_suppression.cpp:174]   --->   Operation 114 'sparsemux' 'tmp_7' <Predicate = (!icmp_ln105)> <Delay = 0.42> <CoreInst = "OneHotSparseMux_HasDef">   --->   Core 152 'OneHotSparseMux_HasDef' <Latency = 0> <II = 1> <Delay = 0.42> <FuncUnit> <Opcode : 'sparsemux'> <InPorts = 2> <OutPorts = 1>
ST_2 : Operation 115 [1/1] (0.42ns)   --->   "%tmp_10 = sparsemux i16 @_ssdm_op_SparseMux.ap_auto.3i16.i16.i2, i2 0, i16 %banked_magnitude, i2 1, i16 %banked_magnitude_1, i2 2, i16 %banked_magnitude_2, i16 0, i2 %tmp" [../src/non_maximum_suppression.cpp:174]   --->   Operation 115 'sparsemux' 'tmp_10' <Predicate = (!icmp_ln105)> <Delay = 0.42> <CoreInst = "OneHotSparseMux_HasDef">   --->   Core 152 'OneHotSparseMux_HasDef' <Latency = 0> <II = 1> <Delay = 0.42> <FuncUnit> <Opcode : 'sparsemux'> <InPorts = 2> <OutPorts = 1>
ST_2 : Operation 116 [1/1] (0.42ns)   --->   "%tmp_11 = sparsemux i8 @_ssdm_op_SparseMux.ap_auto.3i8.i8.i2, i2 1, i8 %banked_direction, i2 2, i8 %banked_direction_1, i2 0, i8 %banked_direction_2, i8 0, i2 %tmp" [../src/non_maximum_suppression.cpp:174]   --->   Operation 116 'sparsemux' 'tmp_11' <Predicate = (!icmp_ln105)> <Delay = 0.42> <CoreInst = "OneHotSparseMux_HasDef">   --->   Core 152 'OneHotSparseMux_HasDef' <Latency = 0> <II = 1> <Delay = 0.42> <FuncUnit> <Opcode : 'sparsemux'> <InPorts = 2> <OutPorts = 1>
ST_2 : Operation 117 [1/1] (0.42ns)   --->   "%store_ln174 = store i8 %tmp_11, i8 %p_1_147" [../src/non_maximum_suppression.cpp:174]   --->   Operation 117 'store' 'store_ln174' <Predicate = (!icmp_ln105)> <Delay = 0.42>
ST_2 : Operation 118 [1/1] (0.42ns)   --->   "%store_ln174 = store i16 %tmp_7, i16 %p_0_144" [../src/non_maximum_suppression.cpp:174]   --->   Operation 118 'store' 'store_ln174' <Predicate = (!icmp_ln105)> <Delay = 0.42>
ST_2 : Operation 119 [1/1] (0.42ns)   --->   "%store_ln174 = store i16 %tmp_10, i16 %p_0_242" [../src/non_maximum_suppression.cpp:174]   --->   Operation 119 'store' 'store_ln174' <Predicate = (!icmp_ln105)> <Delay = 0.42>
ST_2 : Operation 120 [1/1] (0.42ns)   --->   "%store_ln129 = store i16 %p_0_242_load, i16 %p_028_240" [../src/non_maximum_suppression.cpp:129]   --->   Operation 120 'store' 'store_ln129' <Predicate = (!icmp_ln105)> <Delay = 0.42>
ST_2 : Operation 121 [1/1] (0.42ns)   --->   "%store_ln0 = store i16 %p_037_load, i16 %p_03739"   --->   Operation 121 'store' 'store_ln0' <Predicate = (!icmp_ln105)> <Delay = 0.42>
ST_2 : Operation 122 [1/1] (0.42ns)   --->   "%store_ln108 = store i16 %p_0_144_load, i16 %centre_magnitude" [../src/non_maximum_suppression.cpp:108]   --->   Operation 122 'store' 'store_ln108' <Predicate = (!icmp_ln105)> <Delay = 0.42>
ST_2 : Operation 123 [1/1] (0.42ns)   --->   "%store_ln152 = store i16 %centre_magnitude_1, i16 %p_028_13443" [../src/non_maximum_suppression.cpp:152]   --->   Operation 123 'store' 'store_ln152' <Predicate = (!icmp_ln105)> <Delay = 0.42>
ST_2 : Operation 124 [1/1] (0.42ns)   --->   "%store_ln134 = store i16 %p_03739_load, i16 %p_0373941" [../src/non_maximum_suppression.cpp:134]   --->   Operation 124 'store' 'store_ln134' <Predicate = (!icmp_ln105)> <Delay = 0.42>
ST_2 : Operation 125 [1/1] (0.42ns)   --->   "%store_ln137 = store i16 %p_028_240_load, i16 %p_030_238" [../src/non_maximum_suppression.cpp:137]   --->   Operation 125 'store' 'store_ln137' <Predicate = (!icmp_ln105)> <Delay = 0.42>
ST_2 : Operation 126 [1/1] (0.42ns)   --->   "%store_ln174 = store i16 %tmp_6, i16 %p_037" [../src/non_maximum_suppression.cpp:174]   --->   Operation 126 'store' 'store_ln174' <Predicate = (!icmp_ln105)> <Delay = 0.42>
ST_2 : Operation 127 [1/1] (0.42ns)   --->   "%store_ln108 = store i8 %p_1_147_load, i8 %centre_direction" [../src/non_maximum_suppression.cpp:108]   --->   Operation 127 'store' 'store_ln108' <Predicate = (!icmp_ln105)> <Delay = 0.42>
ST_2 : Operation 128 [1/1] (0.00ns)   --->   "%br_ln105 = br void %for.body52" [../src/non_maximum_suppression.cpp:105]   --->   Operation 128 'br' 'br_ln105' <Predicate = (!icmp_ln105)> <Delay = 0.00>
ST_2 : Operation 133 [1/1] (0.42ns)   --->   "%ret_ln0 = ret"   --->   Operation 133 'ret' 'ret_ln0' <Predicate = (icmp_ln105)> <Delay = 0.42>

State 3 <SV = 2> <Delay = 1.75>
ST_3 : Operation 129 [1/1] ( I:1.75ns O:1.75ns )   --->   "%write_ln157 = write void @_ssdm_op_Write.ap_fifo.volatile.i16P0A, i16 %nms_out, i16 0" [../src/non_maximum_suppression.cpp:157]   --->   Operation 129 'write' 'write_ln157' <Predicate = (!and_ln151)> <Delay = 1.75> <CoreInst = "FIFO">   --->   Core 77 'FIFO' <Latency = 0> <II = 1> <Delay = 1.75> <Storage> <Opcode : 'read' 'write' 'nbread' 'nbwrite'> <Ports = 0> <Width = 16> <Depth = 1280> <FIFO>
ST_3 : Operation 130 [1/1] (0.00ns)   --->   "%br_ln0 = br void %VITIS_LOOP_165_6"   --->   Operation 130 'br' 'br_ln0' <Predicate = (!and_ln151)> <Delay = 0.00>
ST_3 : Operation 131 [1/1] ( I:1.75ns O:1.75ns )   --->   "%write_ln154 = write void @_ssdm_op_Write.ap_fifo.volatile.i16P0A, i16 %nms_out, i16 %centre_magnitude_1" [../src/non_maximum_suppression.cpp:154]   --->   Operation 131 'write' 'write_ln154' <Predicate = (and_ln151)> <Delay = 1.75> <CoreInst = "FIFO">   --->   Core 77 'FIFO' <Latency = 0> <II = 1> <Delay = 1.75> <Storage> <Opcode : 'read' 'write' 'nbread' 'nbwrite'> <Ports = 0> <Width = 16> <Depth = 1280> <FIFO>
ST_3 : Operation 132 [1/1] (0.00ns)   --->   "%br_ln155 = br void %VITIS_LOOP_165_6" [../src/non_maximum_suppression.cpp:155]   --->   Operation 132 'br' 'br_ln155' <Predicate = (and_ln151)> <Delay = 0.00>


============================================================
+ Verbose Summary: Binding
============================================================
STG Binding: 
---------------- STG Properties BEGIN ----------------
- Is combinational: 0
- Is one-state seq: 0
- Is datapath-only: 0
- Is pipelined: 0
- Is top level: 0
Port [ Return ] is wired: 1; IO mode=ap_ctrl_hs:ce=0
Port [ tmp_4]:  wired=1; compound=0; hidden=0; nouse=0; global=0; static=0; extern=0; dir=0; type=0; pingpong=0; private_global=0; IO mode=ap_none:ce=0
Port [ tmp_3]:  wired=1; compound=0; hidden=0; nouse=0; global=0; static=0; extern=0; dir=0; type=0; pingpong=0; private_global=0; IO mode=ap_none:ce=0
Port [ tmp_8]:  wired=1; compound=0; hidden=0; nouse=0; global=0; static=0; extern=0; dir=0; type=0; pingpong=0; private_global=0; IO mode=ap_none:ce=0
Port [ tmp_5]:  wired=1; compound=0; hidden=0; nouse=0; global=0; static=0; extern=0; dir=0; type=0; pingpong=0; private_global=0; IO mode=ap_none:ce=0
Port [ tmp_s]:  wired=1; compound=0; hidden=0; nouse=0; global=0; static=0; extern=0; dir=0; type=0; pingpong=0; private_global=0; IO mode=ap_none:ce=0
Port [ tmp_1]:  wired=1; compound=0; hidden=0; nouse=0; global=0; static=0; extern=0; dir=0; type=0; pingpong=0; private_global=0; IO mode=ap_none:ce=0
Port [ tmp_2]:  wired=1; compound=0; hidden=0; nouse=0; global=0; static=0; extern=0; dir=0; type=0; pingpong=0; private_global=0; IO mode=ap_none:ce=0
Port [ tmp_9]:  wired=1; compound=0; hidden=0; nouse=0; global=0; static=0; extern=0; dir=0; type=0; pingpong=0; private_global=0; IO mode=ap_none:ce=0
Port [ outputRow]:  wired=1; compound=0; hidden=0; nouse=0; global=0; static=0; extern=0; dir=0; type=0; pingpong=0; private_global=0; IO mode=ap_none:ce=0
Port [ lineBuffer_magnitude]:  wired=1; compound=1; hidden=0; nouse=0; global=0; static=0; extern=0; dir=0; type=1; pingpong=0; private_global=0; MemPort=[13]; IO mode=ap_memory:ce=0
Port [ lineBuffer_direction]:  wired=1; compound=1; hidden=0; nouse=0; global=0; static=0; extern=0; dir=0; type=1; pingpong=0; private_global=0; MemPort=[13]; IO mode=ap_memory:ce=0
Port [ lineBuffer_magnitude_1]:  wired=1; compound=1; hidden=0; nouse=0; global=0; static=0; extern=0; dir=0; type=1; pingpong=0; private_global=0; MemPort=[13]; IO mode=ap_memory:ce=0
Port [ lineBuffer_direction_1]:  wired=1; compound=1; hidden=0; nouse=0; global=0; static=0; extern=0; dir=0; type=1; pingpong=0; private_global=0; MemPort=[13]; IO mode=ap_memory:ce=0
Port [ lineBuffer_magnitude_2]:  wired=1; compound=1; hidden=0; nouse=0; global=0; static=0; extern=0; dir=0; type=1; pingpong=0; private_global=0; MemPort=[13]; IO mode=ap_memory:ce=0
Port [ lineBuffer_direction_2]:  wired=1; compound=1; hidden=0; nouse=0; global=0; static=0; extern=0; dir=0; type=1; pingpong=0; private_global=0; MemPort=[13]; IO mode=ap_memory:ce=0
Port [ select_ln11]:  wired=1; compound=0; hidden=0; nouse=0; global=0; static=0; extern=0; dir=0; type=0; pingpong=0; private_global=0; IO mode=ap_none:ce=0
Port [ empty]:  wired=1; compound=0; hidden=0; nouse=0; global=0; static=0; extern=0; dir=0; type=0; pingpong=0; private_global=0; IO mode=ap_none:ce=0
Port [ nms_out]:  wired=1; compound=1; hidden=0; nouse=0; global=0; static=0; extern=0; dir=1; type=3; pingpong=0; private_global=0; IO mode=ap_fifo:ce=0
---------------- STG Properties END ------------------

---------------- Datapath Model BEGIN ----------------

<LifeTime>
<method=bitvector/>
column_3                    (alloca           ) [ 0100]
centre_direction            (alloca           ) [ 0110]
p_037                       (alloca           ) [ 0110]
p_030_238                   (alloca           ) [ 0110]
p_0373941                   (alloca           ) [ 0110]
p_028_13443                 (alloca           ) [ 0110]
centre_magnitude            (alloca           ) [ 0110]
p_03739                     (alloca           ) [ 0110]
p_028_240                   (alloca           ) [ 0110]
p_0_242                     (alloca           ) [ 0110]
p_0_144                     (alloca           ) [ 0110]
p_1_147                     (alloca           ) [ 0110]
tmp                         (read             ) [ 0110]
select_ln11_read            (read             ) [ 0110]
outputRow_read              (read             ) [ 0000]
tmp_9_read                  (read             ) [ 0000]
tmp_2_read                  (read             ) [ 0000]
tmp_1_read                  (read             ) [ 0000]
tmp_read                    (read             ) [ 0000]
tmp_5_read                  (read             ) [ 0000]
tmp_8_read                  (read             ) [ 0000]
tmp_3_read                  (read             ) [ 0000]
tmp_4_read                  (read             ) [ 0000]
specinterface_ln0           (specinterface    ) [ 0000]
hasBottom                   (icmp             ) [ 0110]
hasTop                      (icmp             ) [ 0110]
store_ln0                   (store            ) [ 0000]
store_ln0                   (store            ) [ 0000]
store_ln0                   (store            ) [ 0000]
store_ln0                   (store            ) [ 0000]
store_ln0                   (store            ) [ 0000]
store_ln108                 (store            ) [ 0000]
store_ln0                   (store            ) [ 0000]
store_ln0                   (store            ) [ 0000]
store_ln0                   (store            ) [ 0000]
store_ln0                   (store            ) [ 0000]
store_ln108                 (store            ) [ 0000]
store_ln105                 (store            ) [ 0000]
br_ln0                      (br               ) [ 0000]
column                      (load             ) [ 0000]
icmp_ln105                  (icmp             ) [ 0110]
column_4                    (add              ) [ 0000]
br_ln105                    (br               ) [ 0000]
hasLeft                     (icmp             ) [ 0110]
hasRight                    (icmp             ) [ 0110]
add_ln160                   (add              ) [ 0000]
icmp_ln17                   (icmp             ) [ 0000]
nextColumn                  (select           ) [ 0000]
zext_ln167                  (zext             ) [ 0000]
lineBuffer_magnitude_addr   (getelementptr    ) [ 0110]
lineBuffer_direction_addr   (getelementptr    ) [ 0110]
lineBuffer_magnitude_1_addr (getelementptr    ) [ 0110]
lineBuffer_direction_1_addr (getelementptr    ) [ 0110]
lineBuffer_magnitude_2_addr (getelementptr    ) [ 0110]
lineBuffer_direction_2_addr (getelementptr    ) [ 0110]
store_ln105                 (store            ) [ 0000]
p_037_load                  (load             ) [ 0000]
centre_magnitude_1          (load             ) [ 0101]
p_03739_load                (load             ) [ 0000]
p_028_240_load              (load             ) [ 0000]
p_0_242_load                (load             ) [ 0000]
p_0_144_load                (load             ) [ 0000]
p_1_147_load                (load             ) [ 0000]
centre_direction_load       (load             ) [ 0000]
p_030_238_load              (load             ) [ 0000]
p_0373941_load              (load             ) [ 0000]
p_028_13443_load            (load             ) [ 0000]
specpipeline_ln106          (specpipeline     ) [ 0000]
speclooptripcount_ln105     (speclooptripcount) [ 0000]
specloopname_ln105          (specloopname     ) [ 0000]
neighbourOne                (select           ) [ 0000]
neighbourTwo                (select           ) [ 0000]
and_ln126                   (and              ) [ 0000]
neighbourOne_1              (select           ) [ 0000]
and_ln129                   (and              ) [ 0000]
neighbourTwo_1              (select           ) [ 0000]
neighbourOne_2              (select           ) [ 0000]
neighbourTwo_2              (select           ) [ 0000]
and_ln142                   (and              ) [ 0000]
neighbourOne_3              (select           ) [ 0000]
and_ln145                   (and              ) [ 0000]
neighbourTwo_3              (select           ) [ 0000]
icmp_ln116                  (icmp             ) [ 0000]
icmp_ln116_1                (icmp             ) [ 0000]
icmp_ln116_2                (icmp             ) [ 0000]
icmp_ln116_3                (icmp             ) [ 0000]
sel_tmp4                    (bitconcatenate   ) [ 0000]
neighbourOne_4              (sparsemux        ) [ 0000]
neighbourTwo_4              (sparsemux        ) [ 0000]
icmp_ln151                  (icmp             ) [ 0000]
xor_ln151                   (xor              ) [ 0000]
icmp_ln152                  (icmp             ) [ 0000]
xor_ln152                   (xor              ) [ 0000]
and_ln151                   (and              ) [ 0101]
br_ln151                    (br               ) [ 0000]
banked_magnitude            (load             ) [ 0000]
banked_direction            (load             ) [ 0000]
banked_magnitude_1          (load             ) [ 0000]
banked_magnitude_2          (load             ) [ 0000]
banked_direction_1          (load             ) [ 0000]
banked_direction_2          (load             ) [ 0000]
tmp_6                       (sparsemux        ) [ 0000]
tmp_7                       (sparsemux        ) [ 0000]
tmp_10                      (sparsemux        ) [ 0000]
tmp_11                      (sparsemux        ) [ 0000]
store_ln174                 (store            ) [ 0000]
store_ln174                 (store            ) [ 0000]
store_ln174                 (store            ) [ 0000]
store_ln129                 (store            ) [ 0000]
store_ln0                   (store            ) [ 0000]
store_ln108                 (store            ) [ 0000]
store_ln152                 (store            ) [ 0000]
store_ln134                 (store            ) [ 0000]
store_ln137                 (store            ) [ 0000]
store_ln174                 (store            ) [ 0000]
store_ln108                 (store            ) [ 0000]
br_ln105                    (br               ) [ 0000]
write_ln157                 (write            ) [ 0000]
br_ln0                      (br               ) [ 0000]
write_ln154                 (write            ) [ 0000]
br_ln155                    (br               ) [ 0000]
ret_ln0                     (ret              ) [ 0000]
</LifeTime>

<model>

<comp_list>
<comp id="0" class="1000" name="tmp_4">
<pin_list>
<pin id="1" dir="1" index="0" bw="1" slack="0"/>
</pin_list>
<bind>
<StgValue><ssdm name="tmp_4"/></StgValue>
</bind>
</comp>

<comp id="2" class="1000" name="tmp_3">
<pin_list>
<pin id="3" dir="1" index="0" bw="1" slack="0"/>
</pin_list>
<bind>
<StgValue><ssdm name="tmp_3"/></StgValue>
</bind>
</comp>

<comp id="4" class="1000" name="tmp_8">
<pin_list>
<pin id="5" dir="1" index="0" bw="1" slack="0"/>
</pin_list>
<bind>
<StgValue><ssdm name="tmp_8"/></StgValue>
</bind>
</comp>

<comp id="6" class="1000" name="tmp_5">
<pin_list>
<pin id="7" dir="1" index="0" bw="1" slack="0"/>
</pin_list>
<bind>
<StgValue><ssdm name="tmp_5"/></StgValue>
</bind>
</comp>

<comp id="8" class="1000" name="tmp_s">
<pin_list>
<pin id="9" dir="1" index="0" bw="1" slack="0"/>
</pin_list>
<bind>
<StgValue><ssdm name="tmp_s"/></StgValue>
</bind>
</comp>

<comp id="10" class="1000" name="tmp_1">
<pin_list>
<pin id="11" dir="1" index="0" bw="1" slack="0"/>
</pin_list>
<bind>
<StgValue><ssdm name="tmp_1"/></StgValue>
</bind>
</comp>

<comp id="12" class="1000" name="tmp_2">
<pin_list>
<pin id="13" dir="1" index="0" bw="1" slack="0"/>
</pin_list>
<bind>
<StgValue><ssdm name="tmp_2"/></StgValue>
</bind>
</comp>

<comp id="14" class="1000" name="tmp_9">
<pin_list>
<pin id="15" dir="1" index="0" bw="1" slack="0"/>
</pin_list>
<bind>
<StgValue><ssdm name="tmp_9"/></StgValue>
</bind>
</comp>

<comp id="16" class="1000" name="outputRow">
<pin_list>
<pin id="17" dir="1" index="0" bw="1" slack="0"/>
</pin_list>
<bind>
<StgValue><ssdm name="outputRow"/></StgValue>
</bind>
</comp>

<comp id="18" class="1000" name="lineBuffer_magnitude">
<pin_list>
<pin id="19" dir="1" index="0" bw="1" slack="0"/>
</pin_list>
<bind>
<StgValue><ssdm name="lineBuffer_magnitude"/><MemPortTyVec>1 3 </MemPortTyVec>
</StgValue>
</bind>
</comp>

<comp id="20" class="1000" name="lineBuffer_direction">
<pin_list>
<pin id="21" dir="1" index="0" bw="1" slack="0"/>
</pin_list>
<bind>
<StgValue><ssdm name="lineBuffer_direction"/><MemPortTyVec>1 3 </MemPortTyVec>
</StgValue>
</bind>
</comp>

<comp id="22" class="1000" name="lineBuffer_magnitude_1">
<pin_list>
<pin id="23" dir="1" index="0" bw="1" slack="0"/>
</pin_list>
<bind>
<StgValue><ssdm name="lineBuffer_magnitude_1"/><MemPortTyVec>1 3 </MemPortTyVec>
</StgValue>
</bind>
</comp>

<comp id="24" class="1000" name="lineBuffer_direction_1">
<pin_list>
<pin id="25" dir="1" index="0" bw="1" slack="0"/>
</pin_list>
<bind>
<StgValue><ssdm name="lineBuffer_direction_1"/><MemPortTyVec>1 3 </MemPortTyVec>
</StgValue>
</bind>
</comp>

<comp id="26" class="1000" name="lineBuffer_magnitude_2">
<pin_list>
<pin id="27" dir="1" index="0" bw="1" slack="0"/>
</pin_list>
<bind>
<StgValue><ssdm name="lineBuffer_magnitude_2"/><MemPortTyVec>1 3 </MemPortTyVec>
</StgValue>
</bind>
</comp>

<comp id="28" class="1000" name="lineBuffer_direction_2">
<pin_list>
<pin id="29" dir="1" index="0" bw="1" slack="0"/>
</pin_list>
<bind>
<StgValue><ssdm name="lineBuffer_direction_2"/><MemPortTyVec>1 3 </MemPortTyVec>
</StgValue>
</bind>
</comp>

<comp id="30" class="1000" name="select_ln11">
<pin_list>
<pin id="31" dir="1" index="0" bw="1" slack="0"/>
</pin_list>
<bind>
<StgValue><ssdm name="select_ln11"/></StgValue>
</bind>
</comp>

<comp id="32" class="1000" name="empty">
<pin_list>
<pin id="33" dir="1" index="0" bw="1" slack="0"/>
</pin_list>
<bind>
<StgValue><ssdm name="empty"/></StgValue>
</bind>
</comp>

<comp id="34" class="1000" name="nms_out">
<pin_list>
<pin id="35" dir="1" index="0" bw="1" slack="0"/>
</pin_list>
<bind>
<StgValue><ssdm name="nms_out"/></StgValue>
</bind>
</comp>

<comp id="36" class="1001" name="const_36">
<pin_list>
<pin id="37" dir="1" index="0" bw="1" slack="0"/>
</pin_list>
<bind>
<StgValue><ssdm name=""/></StgValue>
</bind>
</comp>

<comp id="38" class="1001" name="const_38">
<pin_list>
<pin id="39" dir="1" index="0" bw="1" slack="0"/>
</pin_list>
<bind>
<StgValue><ssdm name="_ssdm_op_Read.ap_auto.i2"/></StgValue>
</bind>
</comp>

<comp id="40" class="1001" name="const_40">
<pin_list>
<pin id="41" dir="1" index="0" bw="1" slack="0"/>
</pin_list>
<bind>
<StgValue><ssdm name="_ssdm_op_Read.ap_auto.i9"/></StgValue>
</bind>
</comp>

<comp id="42" class="1001" name="const_42">
<pin_list>
<pin id="43" dir="1" index="0" bw="1" slack="0"/>
</pin_list>
<bind>
<StgValue><ssdm name="_ssdm_op_Read.ap_auto.i8"/></StgValue>
</bind>
</comp>

<comp id="44" class="1001" name="const_44">
<pin_list>
<pin id="45" dir="1" index="0" bw="1" slack="0"/>
</pin_list>
<bind>
<StgValue><ssdm name="_ssdm_op_Read.ap_auto.i16"/></StgValue>
</bind>
</comp>

<comp id="46" class="1001" name="const_46">
<pin_list>
<pin id="47" dir="1" index="0" bw="1" slack="2147483647"/>
</pin_list>
<bind>
<StgValue><ssdm name="_ssdm_op_SpecInterface"/></StgValue>
</bind>
</comp>

<comp id="48" class="1001" name="const_48">
<pin_list>
<pin id="49" dir="1" index="0" bw="1" slack="2147483647"/>
</pin_list>
<bind>
<StgValue><ssdm name="empty_10"/></StgValue>
</bind>
</comp>

<comp id="50" class="1001" name="const_50">
<pin_list>
<pin id="51" dir="1" index="0" bw="1" slack="2147483647"/>
</pin_list>
<bind>
<StgValue><ssdm name=""/></StgValue>
</bind>
</comp>

<comp id="52" class="1001" name="const_52">
<pin_list>
<pin id="53" dir="1" index="0" bw="1" slack="2147483647"/>
</pin_list>
<bind>
<StgValue><ssdm name="empty_4"/></StgValue>
</bind>
</comp>

<comp id="54" class="1001" name="const_54">
<pin_list>
<pin id="55" dir="1" index="0" bw="1" slack="2147483647"/>
</pin_list>
<bind>
<StgValue><ssdm name=""/></StgValue>
</bind>
</comp>

<comp id="56" class="1001" name="const_56">
<pin_list>
<pin id="57" dir="1" index="0" bw="1" slack="0"/>
</pin_list>
<bind>
<StgValue><ssdm name=""/></StgValue>
</bind>
</comp>

<comp id="58" class="1001" name="const_58">
<pin_list>
<pin id="59" dir="1" index="0" bw="1" slack="0"/>
</pin_list>
<bind>
<StgValue><ssdm name=""/></StgValue>
</bind>
</comp>

<comp id="60" class="1001" name="const_60">
<pin_list>
<pin id="61" dir="1" index="0" bw="1" slack="0"/>
</pin_list>
<bind>
<StgValue><ssdm name=""/></StgValue>
</bind>
</comp>

<comp id="62" class="1001" name="const_62">
<pin_list>
<pin id="63" dir="1" index="0" bw="1" slack="0"/>
</pin_list>
<bind>
<StgValue><ssdm name=""/></StgValue>
</bind>
</comp>

<comp id="64" class="1001" name="const_64">
<pin_list>
<pin id="65" dir="1" index="0" bw="1" slack="0"/>
</pin_list>
<bind>
<StgValue><ssdm name=""/></StgValue>
</bind>
</comp>

<comp id="66" class="1001" name="const_66">
<pin_list>
<pin id="67" dir="1" index="0" bw="1" slack="0"/>
</pin_list>
<bind>
<StgValue><ssdm name=""/></StgValue>
</bind>
</comp>

<comp id="68" class="1001" name="const_68">
<pin_list>
<pin id="69" dir="1" index="0" bw="1" slack="0"/>
</pin_list>
<bind>
<StgValue><ssdm name=""/></StgValue>
</bind>
</comp>

<comp id="70" class="1001" name="const_70">
<pin_list>
<pin id="71" dir="1" index="0" bw="1" slack="0"/>
</pin_list>
<bind>
<StgValue><ssdm name=""/></StgValue>
</bind>
</comp>

<comp id="72" class="1001" name="const_72">
<pin_list>
<pin id="73" dir="1" index="0" bw="1" slack="2147483647"/>
</pin_list>
<bind>
<StgValue><ssdm name="_ssdm_op_SpecPipeline"/></StgValue>
</bind>
</comp>

<comp id="74" class="1001" name="const_74">
<pin_list>
<pin id="75" dir="1" index="0" bw="1" slack="2147483647"/>
</pin_list>
<bind>
<StgValue><ssdm name="_ssdm_op_SpecLoopTripCount"/></StgValue>
</bind>
</comp>

<comp id="76" class="1001" name="const_76">
<pin_list>
<pin id="77" dir="1" index="0" bw="1" slack="2147483647"/>
</pin_list>
<bind>
<StgValue><ssdm name=""/></StgValue>
</bind>
</comp>

<comp id="78" class="1001" name="const_78">
<pin_list>
<pin id="79" dir="1" index="0" bw="1" slack="2147483647"/>
</pin_list>
<bind>
<StgValue><ssdm name="_ssdm_op_SpecLoopName"/></StgValue>
</bind>
</comp>

<comp id="80" class="1001" name="const_80">
<pin_list>
<pin id="81" dir="1" index="0" bw="1" slack="2147483647"/>
</pin_list>
<bind>
<StgValue><ssdm name="empty_24"/></StgValue>
</bind>
</comp>

<comp id="82" class="1001" name="const_82">
<pin_list>
<pin id="83" dir="1" index="0" bw="1" slack="0"/>
</pin_list>
<bind>
<StgValue><ssdm name=""/></StgValue>
</bind>
</comp>

<comp id="84" class="1001" name="const_84">
<pin_list>
<pin id="85" dir="1" index="0" bw="1" slack="0"/>
</pin_list>
<bind>
<StgValue><ssdm name=""/></StgValue>
</bind>
</comp>

<comp id="86" class="1001" name="const_86">
<pin_list>
<pin id="87" dir="1" index="0" bw="1" slack="0"/>
</pin_list>
<bind>
<StgValue><ssdm name=""/></StgValue>
</bind>
</comp>

<comp id="88" class="1001" name="const_88">
<pin_list>
<pin id="89" dir="1" index="0" bw="1" slack="0"/>
</pin_list>
<bind>
<StgValue><ssdm name=""/></StgValue>
</bind>
</comp>

<comp id="90" class="1001" name="const_90">
<pin_list>
<pin id="91" dir="1" index="0" bw="1" slack="0"/>
</pin_list>
<bind>
<StgValue><ssdm name=""/></StgValue>
</bind>
</comp>

<comp id="92" class="1001" name="const_92">
<pin_list>
<pin id="93" dir="1" index="0" bw="1" slack="0"/>
</pin_list>
<bind>
<StgValue><ssdm name="_ssdm_op_BitConcatenate.i4.i1.i1.i1.i1"/></StgValue>
</bind>
</comp>

<comp id="94" class="1001" name="const_94">
<pin_list>
<pin id="95" dir="1" index="0" bw="1" slack="0"/>
</pin_list>
<bind>
<StgValue><ssdm name="_ssdm_op_SparseMux.ap_auto.5i16.i16.i4"/></StgValue>
</bind>
</comp>

<comp id="96" class="1001" name="const_96">
<pin_list>
<pin id="97" dir="1" index="0" bw="1" slack="0"/>
</pin_list>
<bind>
<StgValue><ssdm name=""/></StgValue>
</bind>
</comp>

<comp id="98" class="1001" name="const_98">
<pin_list>
<pin id="99" dir="1" index="0" bw="1" slack="0"/>
</pin_list>
<bind>
<StgValue><ssdm name=""/></StgValue>
</bind>
</comp>

<comp id="100" class="1001" name="const_100">
<pin_list>
<pin id="101" dir="1" index="0" bw="1" slack="0"/>
</pin_list>
<bind>
<StgValue><ssdm name=""/></StgValue>
</bind>
</comp>

<comp id="102" class="1001" name="const_102">
<pin_list>
<pin id="103" dir="1" index="0" bw="1" slack="0"/>
</pin_list>
<bind>
<StgValue><ssdm name=""/></StgValue>
</bind>
</comp>

<comp id="104" class="1001" name="const_104">
<pin_list>
<pin id="105" dir="1" index="0" bw="1" slack="0"/>
</pin_list>
<bind>
<StgValue><ssdm name=""/></StgValue>
</bind>
</comp>

<comp id="106" class="1001" name="const_106">
<pin_list>
<pin id="107" dir="1" index="0" bw="1" slack="0"/>
</pin_list>
<bind>
<StgValue><ssdm name=""/></StgValue>
</bind>
</comp>

<comp id="108" class="1001" name="const_108">
<pin_list>
<pin id="109" dir="1" index="0" bw="1" slack="0"/>
</pin_list>
<bind>
<StgValue><ssdm name=""/></StgValue>
</bind>
</comp>

<comp id="110" class="1001" name="const_110">
<pin_list>
<pin id="111" dir="1" index="0" bw="1" slack="0"/>
</pin_list>
<bind>
<StgValue><ssdm name="_ssdm_op_SparseMux.ap_auto.3i16.i16.i2"/></StgValue>
</bind>
</comp>

<comp id="112" class="1001" name="const_112">
<pin_list>
<pin id="113" dir="1" index="0" bw="1" slack="0"/>
</pin_list>
<bind>
<StgValue><ssdm name=""/></StgValue>
</bind>
</comp>

<comp id="114" class="1001" name="const_114">
<pin_list>
<pin id="115" dir="1" index="0" bw="1" slack="0"/>
</pin_list>
<bind>
<StgValue><ssdm name=""/></StgValue>
</bind>
</comp>

<comp id="116" class="1001" name="const_116">
<pin_list>
<pin id="117" dir="1" index="0" bw="1" slack="0"/>
</pin_list>
<bind>
<StgValue><ssdm name=""/></StgValue>
</bind>
</comp>

<comp id="118" class="1001" name="const_118">
<pin_list>
<pin id="119" dir="1" index="0" bw="1" slack="0"/>
</pin_list>
<bind>
<StgValue><ssdm name="_ssdm_op_SparseMux.ap_auto.3i8.i8.i2"/></StgValue>
</bind>
</comp>

<comp id="120" class="1001" name="const_120">
<pin_list>
<pin id="121" dir="1" index="0" bw="1" slack="0"/>
</pin_list>
<bind>
<StgValue><ssdm name=""/></StgValue>
</bind>
</comp>

<comp id="122" class="1001" name="const_122">
<pin_list>
<pin id="123" dir="1" index="0" bw="1" slack="0"/>
</pin_list>
<bind>
<StgValue><ssdm name="_ssdm_op_Write.ap_fifo.volatile.i16P0A"/></StgValue>
</bind>
</comp>

<comp id="124" class="1004" name="column_3_fu_124">
<pin_list>
<pin id="125" dir="0" index="0" bw="1" slack="0"/>
<pin id="126" dir="1" index="1" bw="10" slack="0"/>
</pin_list>
<bind>
<opcode="alloca(26) " fcode="alloca"/>
<opset="column_3/1 "/>
</bind>
</comp>

<comp id="128" class="1004" name="centre_direction_fu_128">
<pin_list>
<pin id="129" dir="0" index="0" bw="1" slack="0"/>
<pin id="130" dir="1" index="1" bw="8" slack="0"/>
</pin_list>
<bind>
<opcode="alloca(26) " fcode="alloca"/>
<opset="centre_direction/1 "/>
</bind>
</comp>

<comp id="132" class="1004" name="p_037_fu_132">
<pin_list>
<pin id="133" dir="0" index="0" bw="1" slack="0"/>
<pin id="134" dir="1" index="1" bw="16" slack="0"/>
</pin_list>
<bind>
<opcode="alloca(26) " fcode="alloca"/>
<opset="p_037/1 "/>
</bind>
</comp>

<comp id="136" class="1004" name="p_030_238_fu_136">
<pin_list>
<pin id="137" dir="0" index="0" bw="1" slack="0"/>
<pin id="138" dir="1" index="1" bw="16" slack="0"/>
</pin_list>
<bind>
<opcode="alloca(26) " fcode="alloca"/>
<opset="p_030_238/1 "/>
</bind>
</comp>

<comp id="140" class="1004" name="p_0373941_fu_140">
<pin_list>
<pin id="141" dir="0" index="0" bw="1" slack="0"/>
<pin id="142" dir="1" index="1" bw="16" slack="0"/>
</pin_list>
<bind>
<opcode="alloca(26) " fcode="alloca"/>
<opset="p_0373941/1 "/>
</bind>
</comp>

<comp id="144" class="1004" name="p_028_13443_fu_144">
<pin_list>
<pin id="145" dir="0" index="0" bw="1" slack="0"/>
<pin id="146" dir="1" index="1" bw="16" slack="0"/>
</pin_list>
<bind>
<opcode="alloca(26) " fcode="alloca"/>
<opset="p_028_13443/1 "/>
</bind>
</comp>

<comp id="148" class="1004" name="centre_magnitude_fu_148">
<pin_list>
<pin id="149" dir="0" index="0" bw="1" slack="0"/>
<pin id="150" dir="1" index="1" bw="16" slack="0"/>
</pin_list>
<bind>
<opcode="alloca(26) " fcode="alloca"/>
<opset="centre_magnitude/1 "/>
</bind>
</comp>

<comp id="152" class="1004" name="p_03739_fu_152">
<pin_list>
<pin id="153" dir="0" index="0" bw="1" slack="0"/>
<pin id="154" dir="1" index="1" bw="16" slack="0"/>
</pin_list>
<bind>
<opcode="alloca(26) " fcode="alloca"/>
<opset="p_03739/1 "/>
</bind>
</comp>

<comp id="156" class="1004" name="p_028_240_fu_156">
<pin_list>
<pin id="157" dir="0" index="0" bw="1" slack="0"/>
<pin id="158" dir="1" index="1" bw="16" slack="0"/>
</pin_list>
<bind>
<opcode="alloca(26) " fcode="alloca"/>
<opset="p_028_240/1 "/>
</bind>
</comp>

<comp id="160" class="1004" name="p_0_242_fu_160">
<pin_list>
<pin id="161" dir="0" index="0" bw="1" slack="0"/>
<pin id="162" dir="1" index="1" bw="16" slack="0"/>
</pin_list>
<bind>
<opcode="alloca(26) " fcode="alloca"/>
<opset="p_0_242/1 "/>
</bind>
</comp>

<comp id="164" class="1004" name="p_0_144_fu_164">
<pin_list>
<pin id="165" dir="0" index="0" bw="1" slack="0"/>
<pin id="166" dir="1" index="1" bw="16" slack="0"/>
</pin_list>
<bind>
<opcode="alloca(26) " fcode="alloca"/>
<opset="p_0_144/1 "/>
</bind>
</comp>

<comp id="168" class="1004" name="p_1_147_fu_168">
<pin_list>
<pin id="169" dir="0" index="0" bw="1" slack="0"/>
<pin id="170" dir="1" index="1" bw="8" slack="0"/>
</pin_list>
<bind>
<opcode="alloca(26) " fcode="alloca"/>
<opset="p_1_147/1 "/>
</bind>
</comp>

<comp id="172" class="1004" name="tmp_read_fu_172">
<pin_list>
<pin id="173" dir="0" index="0" bw="2" slack="0"/>
<pin id="174" dir="0" index="1" bw="2" slack="0"/>
<pin id="175" dir="1" index="2" bw="2" slack="1"/>
</pin_list>
<bind>
<opcode="read(1150) " fcode="read"/>
<opset="tmp/1 "/>
</bind>
</comp>

<comp id="178" class="1004" name="select_ln11_read_read_fu_178">
<pin_list>
<pin id="179" dir="0" index="0" bw="2" slack="0"/>
<pin id="180" dir="0" index="1" bw="2" slack="0"/>
<pin id="181" dir="1" index="2" bw="2" slack="1"/>
</pin_list>
<bind>
<opcode="read(1150) " fcode="read"/>
<opset="select_ln11_read/1 "/>
</bind>
</comp>

<comp id="184" class="1004" name="outputRow_read_read_fu_184">
<pin_list>
<pin id="185" dir="0" index="0" bw="9" slack="0"/>
<pin id="186" dir="0" index="1" bw="9" slack="0"/>
<pin id="187" dir="1" index="2" bw="9" slack="0"/>
</pin_list>
<bind>
<opcode="read(1150) " fcode="read"/>
<opset="outputRow_read/1 "/>
</bind>
</comp>

<comp id="190" class="1004" name="tmp_9_read_read_fu_190">
<pin_list>
<pin id="191" dir="0" index="0" bw="8" slack="0"/>
<pin id="192" dir="0" index="1" bw="8" slack="0"/>
<pin id="193" dir="1" index="2" bw="8" slack="0"/>
</pin_list>
<bind>
<opcode="read(1150) " fcode="read"/>
<opset="tmp_9_read/1 "/>
</bind>
</comp>

<comp id="196" class="1004" name="tmp_2_read_read_fu_196">
<pin_list>
<pin id="197" dir="0" index="0" bw="16" slack="0"/>
<pin id="198" dir="0" index="1" bw="16" slack="0"/>
<pin id="199" dir="1" index="2" bw="16" slack="0"/>
</pin_list>
<bind>
<opcode="read(1150) " fcode="read"/>
<opset="tmp_2_read/1 "/>
</bind>
</comp>

<comp id="202" class="1004" name="tmp_1_read_read_fu_202">
<pin_list>
<pin id="203" dir="0" index="0" bw="16" slack="0"/>
<pin id="204" dir="0" index="1" bw="16" slack="0"/>
<pin id="205" dir="1" index="2" bw="16" slack="0"/>
</pin_list>
<bind>
<opcode="read(1150) " fcode="read"/>
<opset="tmp_1_read/1 "/>
</bind>
</comp>

<comp id="208" class="1004" name="tmp_read_read_fu_208">
<pin_list>
<pin id="209" dir="0" index="0" bw="16" slack="0"/>
<pin id="210" dir="0" index="1" bw="16" slack="0"/>
<pin id="211" dir="1" index="2" bw="16" slack="0"/>
</pin_list>
<bind>
<opcode="read(1150) " fcode="read"/>
<opset="tmp_read/1 "/>
</bind>
</comp>

<comp id="214" class="1004" name="tmp_5_read_read_fu_214">
<pin_list>
<pin id="215" dir="0" index="0" bw="16" slack="0"/>
<pin id="216" dir="0" index="1" bw="16" slack="0"/>
<pin id="217" dir="1" index="2" bw="16" slack="0"/>
</pin_list>
<bind>
<opcode="read(1150) " fcode="read"/>
<opset="tmp_5_read/1 "/>
</bind>
</comp>

<comp id="220" class="1004" name="tmp_8_read_read_fu_220">
<pin_list>
<pin id="221" dir="0" index="0" bw="16" slack="0"/>
<pin id="222" dir="0" index="1" bw="16" slack="0"/>
<pin id="223" dir="1" index="2" bw="16" slack="0"/>
</pin_list>
<bind>
<opcode="read(1150) " fcode="read"/>
<opset="tmp_8_read/1 "/>
</bind>
</comp>

<comp id="226" class="1004" name="tmp_3_read_read_fu_226">
<pin_list>
<pin id="227" dir="0" index="0" bw="16" slack="0"/>
<pin id="228" dir="0" index="1" bw="16" slack="0"/>
<pin id="229" dir="1" index="2" bw="16" slack="0"/>
</pin_list>
<bind>
<opcode="read(1150) " fcode="read"/>
<opset="tmp_3_read/1 "/>
</bind>
</comp>

<comp id="232" class="1004" name="tmp_4_read_read_fu_232">
<pin_list>
<pin id="233" dir="0" index="0" bw="8" slack="0"/>
<pin id="234" dir="0" index="1" bw="8" slack="0"/>
<pin id="235" dir="1" index="2" bw="8" slack="0"/>
</pin_list>
<bind>
<opcode="read(1150) " fcode="read"/>
<opset="tmp_4_read/1 "/>
</bind>
</comp>

<comp id="238" class="1004" name="grp_write_fu_238">
<pin_list>
<pin id="239" dir="0" index="0" bw="0" slack="0"/>
<pin id="240" dir="0" index="1" bw="16" slack="0"/>
<pin id="241" dir="0" index="2" bw="16" slack="0"/>
<pin id="242" dir="1" index="3" bw="0" slack="2147483647"/>
</pin_list>
<bind>
<opcode="write(1151) " fcode="write"/>
<opset="write_ln157/3 write_ln154/3 "/>
</bind>
</comp>

<comp id="246" class="1004" name="lineBuffer_magnitude_addr_gep_fu_246">
<pin_list>
<pin id="247" dir="0" index="0" bw="16" slack="0"/>
<pin id="248" dir="0" index="1" bw="1" slack="0"/>
<pin id="249" dir="0" index="2" bw="10" slack="0"/>
<pin id="250" dir="1" index="3" bw="10" slack="0"/>
</pin_list>
<bind>
<opcode="getelementptr(29) " fcode="getelementptr"/>
<opset="lineBuffer_magnitude_addr/1 "/>
</bind>
</comp>

<comp id="253" class="1004" name="lineBuffer_direction_addr_gep_fu_253">
<pin_list>
<pin id="254" dir="0" index="0" bw="8" slack="0"/>
<pin id="255" dir="0" index="1" bw="1" slack="0"/>
<pin id="256" dir="0" index="2" bw="10" slack="0"/>
<pin id="257" dir="1" index="3" bw="10" slack="0"/>
</pin_list>
<bind>
<opcode="getelementptr(29) " fcode="getelementptr"/>
<opset="lineBuffer_direction_addr/1 "/>
</bind>
</comp>

<comp id="260" class="1004" name="grp_access_fu_260">
<pin_list>
<pin id="261" dir="0" index="0" bw="10" slack="0"/>
<pin id="262" dir="0" index="1" bw="16" slack="2147483647"/>
<pin id="263" dir="0" index="2" bw="0" slack="2147483647"/>
<pin id="264" dir="1" index="3" bw="16" slack="0"/>
</pin_list>
<bind>
<opcode="load(27) " fcode="load"/>
<opset="banked_magnitude/1 "/>
</bind>
</comp>

<comp id="266" class="1004" name="grp_access_fu_266">
<pin_list>
<pin id="267" dir="0" index="0" bw="10" slack="0"/>
<pin id="268" dir="0" index="1" bw="8" slack="2147483647"/>
<pin id="269" dir="0" index="2" bw="0" slack="2147483647"/>
<pin id="270" dir="1" index="3" bw="8" slack="0"/>
</pin_list>
<bind>
<opcode="load(27) " fcode="load"/>
<opset="banked_direction/1 "/>
</bind>
</comp>

<comp id="272" class="1004" name="lineBuffer_magnitude_1_addr_gep_fu_272">
<pin_list>
<pin id="273" dir="0" index="0" bw="16" slack="0"/>
<pin id="274" dir="0" index="1" bw="1" slack="0"/>
<pin id="275" dir="0" index="2" bw="10" slack="0"/>
<pin id="276" dir="1" index="3" bw="10" slack="0"/>
</pin_list>
<bind>
<opcode="getelementptr(29) " fcode="getelementptr"/>
<opset="lineBuffer_magnitude_1_addr/1 "/>
</bind>
</comp>

<comp id="279" class="1004" name="lineBuffer_direction_1_addr_gep_fu_279">
<pin_list>
<pin id="280" dir="0" index="0" bw="8" slack="0"/>
<pin id="281" dir="0" index="1" bw="1" slack="0"/>
<pin id="282" dir="0" index="2" bw="10" slack="0"/>
<pin id="283" dir="1" index="3" bw="10" slack="0"/>
</pin_list>
<bind>
<opcode="getelementptr(29) " fcode="getelementptr"/>
<opset="lineBuffer_direction_1_addr/1 "/>
</bind>
</comp>

<comp id="286" class="1004" name="lineBuffer_magnitude_2_addr_gep_fu_286">
<pin_list>
<pin id="287" dir="0" index="0" bw="16" slack="0"/>
<pin id="288" dir="0" index="1" bw="1" slack="0"/>
<pin id="289" dir="0" index="2" bw="10" slack="0"/>
<pin id="290" dir="1" index="3" bw="10" slack="0"/>
</pin_list>
<bind>
<opcode="getelementptr(29) " fcode="getelementptr"/>
<opset="lineBuffer_magnitude_2_addr/1 "/>
</bind>
</comp>

<comp id="293" class="1004" name="lineBuffer_direction_2_addr_gep_fu_293">
<pin_list>
<pin id="294" dir="0" index="0" bw="8" slack="0"/>
<pin id="295" dir="0" index="1" bw="1" slack="0"/>
<pin id="296" dir="0" index="2" bw="10" slack="0"/>
<pin id="297" dir="1" index="3" bw="10" slack="0"/>
</pin_list>
<bind>
<opcode="getelementptr(29) " fcode="getelementptr"/>
<opset="lineBuffer_direction_2_addr/1 "/>
</bind>
</comp>

<comp id="300" class="1004" name="grp_access_fu_300">
<pin_list>
<pin id="301" dir="0" index="0" bw="10" slack="0"/>
<pin id="302" dir="0" index="1" bw="16" slack="2147483647"/>
<pin id="303" dir="0" index="2" bw="0" slack="2147483647"/>
<pin id="304" dir="1" index="3" bw="16" slack="0"/>
</pin_list>
<bind>
<opcode="load(27) " fcode="load"/>
<opset="banked_magnitude_1/1 "/>
</bind>
</comp>

<comp id="306" class="1004" name="grp_access_fu_306">
<pin_list>
<pin id="307" dir="0" index="0" bw="10" slack="0"/>
<pin id="308" dir="0" index="1" bw="16" slack="2147483647"/>
<pin id="309" dir="0" index="2" bw="0" slack="2147483647"/>
<pin id="310" dir="1" index="3" bw="16" slack="0"/>
</pin_list>
<bind>
<opcode="load(27) " fcode="load"/>
<opset="banked_magnitude_2/1 "/>
</bind>
</comp>

<comp id="312" class="1004" name="grp_access_fu_312">
<pin_list>
<pin id="313" dir="0" index="0" bw="10" slack="0"/>
<pin id="314" dir="0" index="1" bw="8" slack="2147483647"/>
<pin id="315" dir="0" index="2" bw="0" slack="2147483647"/>
<pin id="316" dir="1" index="3" bw="8" slack="0"/>
</pin_list>
<bind>
<opcode="load(27) " fcode="load"/>
<opset="banked_direction_1/1 "/>
</bind>
</comp>

<comp id="318" class="1004" name="grp_access_fu_318">
<pin_list>
<pin id="319" dir="0" index="0" bw="10" slack="0"/>
<pin id="320" dir="0" index="1" bw="8" slack="2147483647"/>
<pin id="321" dir="0" index="2" bw="0" slack="2147483647"/>
<pin id="322" dir="1" index="3" bw="8" slack="0"/>
</pin_list>
<bind>
<opcode="load(27) " fcode="load"/>
<opset="banked_direction_2/1 "/>
</bind>
</comp>

<comp id="324" class="1004" name="hasBottom_fu_324">
<pin_list>
<pin id="325" dir="0" index="0" bw="9" slack="0"/>
<pin id="326" dir="0" index="1" bw="9" slack="0"/>
<pin id="327" dir="1" index="2" bw="1" slack="1"/>
</pin_list>
<bind>
<opcode="icmp(45) " fcode="icmp"/>
<opset="hasBottom/1 "/>
</bind>
</comp>

<comp id="330" class="1004" name="hasTop_fu_330">
<pin_list>
<pin id="331" dir="0" index="0" bw="9" slack="0"/>
<pin id="332" dir="0" index="1" bw="9" slack="0"/>
<pin id="333" dir="1" index="2" bw="1" slack="1"/>
</pin_list>
<bind>
<opcode="icmp(45) " fcode="icmp"/>
<opset="hasTop/1 "/>
</bind>
</comp>

<comp id="336" class="1004" name="store_ln0_store_fu_336">
<pin_list>
<pin id="337" dir="0" index="0" bw="8" slack="0"/>
<pin id="338" dir="0" index="1" bw="8" slack="0"/>
<pin id="339" dir="1" index="2" bw="0" slack="2147483647"/>
</pin_list>
<bind>
<opcode="store(28) " fcode="store"/>
<opset="store_ln0/1 "/>
</bind>
</comp>

<comp id="341" class="1004" name="store_ln0_store_fu_341">
<pin_list>
<pin id="342" dir="0" index="0" bw="16" slack="0"/>
<pin id="343" dir="0" index="1" bw="16" slack="0"/>
<pin id="344" dir="1" index="2" bw="0" slack="2147483647"/>
</pin_list>
<bind>
<opcode="store(28) " fcode="store"/>
<opset="store_ln0/1 "/>
</bind>
</comp>

<comp id="346" class="1004" name="store_ln0_store_fu_346">
<pin_list>
<pin id="347" dir="0" index="0" bw="16" slack="0"/>
<pin id="348" dir="0" index="1" bw="16" slack="0"/>
<pin id="349" dir="1" index="2" bw="0" slack="2147483647"/>
</pin_list>
<bind>
<opcode="store(28) " fcode="store"/>
<opset="store_ln0/1 "/>
</bind>
</comp>

<comp id="351" class="1004" name="store_ln0_store_fu_351">
<pin_list>
<pin id="352" dir="0" index="0" bw="16" slack="0"/>
<pin id="353" dir="0" index="1" bw="16" slack="0"/>
<pin id="354" dir="1" index="2" bw="0" slack="2147483647"/>
</pin_list>
<bind>
<opcode="store(28) " fcode="store"/>
<opset="store_ln0/1 "/>
</bind>
</comp>

<comp id="356" class="1004" name="store_ln0_store_fu_356">
<pin_list>
<pin id="357" dir="0" index="0" bw="16" slack="0"/>
<pin id="358" dir="0" index="1" bw="16" slack="0"/>
<pin id="359" dir="1" index="2" bw="0" slack="2147483647"/>
</pin_list>
<bind>
<opcode="store(28) " fcode="store"/>
<opset="store_ln0/1 "/>
</bind>
</comp>

<comp id="361" class="1004" name="store_ln108_store_fu_361">
<pin_list>
<pin id="362" dir="0" index="0" bw="16" slack="0"/>
<pin id="363" dir="0" index="1" bw="16" slack="0"/>
<pin id="364" dir="1" index="2" bw="0" slack="2147483647"/>
</pin_list>
<bind>
<opcode="store(28) " fcode="store"/>
<opset="store_ln108/1 "/>
</bind>
</comp>

<comp id="366" class="1004" name="store_ln0_store_fu_366">
<pin_list>
<pin id="367" dir="0" index="0" bw="16" slack="0"/>
<pin id="368" dir="0" index="1" bw="16" slack="0"/>
<pin id="369" dir="1" index="2" bw="0" slack="2147483647"/>
</pin_list>
<bind>
<opcode="store(28) " fcode="store"/>
<opset="store_ln0/1 "/>
</bind>
</comp>

<comp id="371" class="1004" name="store_ln0_store_fu_371">
<pin_list>
<pin id="372" dir="0" index="0" bw="16" slack="0"/>
<pin id="373" dir="0" index="1" bw="16" slack="0"/>
<pin id="374" dir="1" index="2" bw="0" slack="2147483647"/>
</pin_list>
<bind>
<opcode="store(28) " fcode="store"/>
<opset="store_ln0/1 "/>
</bind>
</comp>

<comp id="376" class="1004" name="store_ln0_store_fu_376">
<pin_list>
<pin id="377" dir="0" index="0" bw="16" slack="0"/>
<pin id="378" dir="0" index="1" bw="16" slack="0"/>
<pin id="379" dir="1" index="2" bw="0" slack="2147483647"/>
</pin_list>
<bind>
<opcode="store(28) " fcode="store"/>
<opset="store_ln0/1 "/>
</bind>
</comp>

<comp id="381" class="1004" name="store_ln0_store_fu_381">
<pin_list>
<pin id="382" dir="0" index="0" bw="16" slack="0"/>
<pin id="383" dir="0" index="1" bw="16" slack="0"/>
<pin id="384" dir="1" index="2" bw="0" slack="2147483647"/>
</pin_list>
<bind>
<opcode="store(28) " fcode="store"/>
<opset="store_ln0/1 "/>
</bind>
</comp>

<comp id="386" class="1004" name="store_ln108_store_fu_386">
<pin_list>
<pin id="387" dir="0" index="0" bw="8" slack="0"/>
<pin id="388" dir="0" index="1" bw="8" slack="0"/>
<pin id="389" dir="1" index="2" bw="0" slack="2147483647"/>
</pin_list>
<bind>
<opcode="store(28) " fcode="store"/>
<opset="store_ln108/1 "/>
</bind>
</comp>

<comp id="391" class="1004" name="store_ln105_store_fu_391">
<pin_list>
<pin id="392" dir="0" index="0" bw="1" slack="0"/>
<pin id="393" dir="0" index="1" bw="10" slack="0"/>
<pin id="394" dir="1" index="2" bw="0" slack="2147483647"/>
</pin_list>
<bind>
<opcode="store(28) " fcode="store"/>
<opset="store_ln105/1 "/>
</bind>
</comp>

<comp id="396" class="1004" name="column_load_fu_396">
<pin_list>
<pin id="397" dir="0" index="0" bw="10" slack="0"/>
<pin id="398" dir="1" index="1" bw="10" slack="0"/>
</pin_list>
<bind>
<opcode="load(27) " fcode="load"/>
<opset="column/1 "/>
</bind>
</comp>

<comp id="399" class="1004" name="icmp_ln105_fu_399">
<pin_list>
<pin id="400" dir="0" index="0" bw="10" slack="0"/>
<pin id="401" dir="0" index="1" bw="10" slack="0"/>
<pin id="402" dir="1" index="2" bw="1" slack="1"/>
</pin_list>
<bind>
<opcode="icmp(45) " fcode="icmp"/>
<opset="icmp_ln105/1 "/>
</bind>
</comp>

<comp id="405" class="1004" name="column_4_fu_405">
<pin_list>
<pin id="406" dir="0" index="0" bw="10" slack="0"/>
<pin id="407" dir="0" index="1" bw="1" slack="0"/>
<pin id="408" dir="1" index="2" bw="10" slack="0"/>
</pin_list>
<bind>
<opcode="add(8) " fcode="add"/>
<opset="column_4/1 "/>
</bind>
</comp>

<comp id="411" class="1004" name="hasLeft_fu_411">
<pin_list>
<pin id="412" dir="0" index="0" bw="10" slack="0"/>
<pin id="413" dir="0" index="1" bw="10" slack="0"/>
<pin id="414" dir="1" index="2" bw="1" slack="1"/>
</pin_list>
<bind>
<opcode="icmp(45) " fcode="icmp"/>
<opset="hasLeft/1 "/>
</bind>
</comp>

<comp id="417" class="1004" name="hasRight_fu_417">
<pin_list>
<pin id="418" dir="0" index="0" bw="10" slack="0"/>
<pin id="419" dir="0" index="1" bw="10" slack="0"/>
<pin id="420" dir="1" index="2" bw="1" slack="1"/>
</pin_list>
<bind>
<opcode="icmp(45) " fcode="icmp"/>
<opset="hasRight/1 "/>
</bind>
</comp>

<comp id="423" class="1004" name="add_ln160_fu_423">
<pin_list>
<pin id="424" dir="0" index="0" bw="10" slack="0"/>
<pin id="425" dir="0" index="1" bw="3" slack="0"/>
<pin id="426" dir="1" index="2" bw="10" slack="0"/>
</pin_list>
<bind>
<opcode="add(8) " fcode="add"/>
<opset="add_ln160/1 "/>
</bind>
</comp>

<comp id="429" class="1004" name="icmp_ln17_fu_429">
<pin_list>
<pin id="430" dir="0" index="0" bw="10" slack="0"/>
<pin id="431" dir="0" index="1" bw="10" slack="0"/>
<pin id="432" dir="1" index="2" bw="1" slack="0"/>
</pin_list>
<bind>
<opcode="icmp(45) " fcode="icmp"/>
<opset="icmp_ln17/1 "/>
</bind>
</comp>

<comp id="435" class="1004" name="nextColumn_fu_435">
<pin_list>
<pin id="436" dir="0" index="0" bw="1" slack="0"/>
<pin id="437" dir="0" index="1" bw="10" slack="0"/>
<pin id="438" dir="0" index="2" bw="10" slack="0"/>
<pin id="439" dir="1" index="3" bw="10" slack="0"/>
</pin_list>
<bind>
<opcode="select(49) " fcode="select"/>
<opset="nextColumn/1 "/>
</bind>
</comp>

<comp id="443" class="1004" name="zext_ln167_fu_443">
<pin_list>
<pin id="444" dir="0" index="0" bw="10" slack="0"/>
<pin id="445" dir="1" index="1" bw="64" slack="0"/>
</pin_list>
<bind>
<opcode="zext(34) " fcode="zext"/>
<opset="zext_ln167/1 "/>
</bind>
</comp>

<comp id="453" class="1004" name="store_ln105_store_fu_453">
<pin_list>
<pin id="454" dir="0" index="0" bw="10" slack="0"/>
<pin id="455" dir="0" index="1" bw="10" slack="0"/>
<pin id="456" dir="1" index="2" bw="0" slack="2147483647"/>
</pin_list>
<bind>
<opcode="store(28) " fcode="store"/>
<opset="store_ln105/1 "/>
</bind>
</comp>

<comp id="458" class="1004" name="p_037_load_load_fu_458">
<pin_list>
<pin id="459" dir="0" index="0" bw="16" slack="1"/>
<pin id="460" dir="1" index="1" bw="16" slack="0"/>
</pin_list>
<bind>
<opcode="load(27) " fcode="load"/>
<opset="p_037_load/2 "/>
</bind>
</comp>

<comp id="461" class="1004" name="centre_magnitude_1_load_fu_461">
<pin_list>
<pin id="462" dir="0" index="0" bw="16" slack="1"/>
<pin id="463" dir="1" index="1" bw="16" slack="0"/>
</pin_list>
<bind>
<opcode="load(27) " fcode="load"/>
<opset="centre_magnitude_1/2 "/>
</bind>
</comp>

<comp id="464" class="1004" name="p_03739_load_load_fu_464">
<pin_list>
<pin id="465" dir="0" index="0" bw="16" slack="1"/>
<pin id="466" dir="1" index="1" bw="16" slack="0"/>
</pin_list>
<bind>
<opcode="load(27) " fcode="load"/>
<opset="p_03739_load/2 "/>
</bind>
</comp>

<comp id="467" class="1004" name="p_028_240_load_load_fu_467">
<pin_list>
<pin id="468" dir="0" index="0" bw="16" slack="1"/>
<pin id="469" dir="1" index="1" bw="16" slack="0"/>
</pin_list>
<bind>
<opcode="load(27) " fcode="load"/>
<opset="p_028_240_load/2 "/>
</bind>
</comp>

<comp id="470" class="1004" name="p_0_242_load_load_fu_470">
<pin_list>
<pin id="471" dir="0" index="0" bw="16" slack="1"/>
<pin id="472" dir="1" index="1" bw="16" slack="0"/>
</pin_list>
<bind>
<opcode="load(27) " fcode="load"/>
<opset="p_0_242_load/2 "/>
</bind>
</comp>

<comp id="473" class="1004" name="p_0_144_load_load_fu_473">
<pin_list>
<pin id="474" dir="0" index="0" bw="16" slack="1"/>
<pin id="475" dir="1" index="1" bw="16" slack="0"/>
</pin_list>
<bind>
<opcode="load(27) " fcode="load"/>
<opset="p_0_144_load/2 "/>
</bind>
</comp>

<comp id="476" class="1004" name="p_1_147_load_load_fu_476">
<pin_list>
<pin id="477" dir="0" index="0" bw="8" slack="1"/>
<pin id="478" dir="1" index="1" bw="8" slack="0"/>
</pin_list>
<bind>
<opcode="load(27) " fcode="load"/>
<opset="p_1_147_load/2 "/>
</bind>
</comp>

<comp id="479" class="1004" name="centre_direction_load_load_fu_479">
<pin_list>
<pin id="480" dir="0" index="0" bw="8" slack="1"/>
<pin id="481" dir="1" index="1" bw="8" slack="0"/>
</pin_list>
<bind>
<opcode="load(27) " fcode="load"/>
<opset="centre_direction_load/2 "/>
</bind>
</comp>

<comp id="482" class="1004" name="p_030_238_load_load_fu_482">
<pin_list>
<pin id="483" dir="0" index="0" bw="16" slack="1"/>
<pin id="484" dir="1" index="1" bw="16" slack="0"/>
</pin_list>
<bind>
<opcode="load(27) " fcode="load"/>
<opset="p_030_238_load/2 "/>
</bind>
</comp>

<comp id="485" class="1004" name="p_0373941_load_load_fu_485">
<pin_list>
<pin id="486" dir="0" index="0" bw="16" slack="1"/>
<pin id="487" dir="1" index="1" bw="16" slack="0"/>
</pin_list>
<bind>
<opcode="load(27) " fcode="load"/>
<opset="p_0373941_load/2 "/>
</bind>
</comp>

<comp id="488" class="1004" name="p_028_13443_load_load_fu_488">
<pin_list>
<pin id="489" dir="0" index="0" bw="16" slack="1"/>
<pin id="490" dir="1" index="1" bw="16" slack="0"/>
</pin_list>
<bind>
<opcode="load(27) " fcode="load"/>
<opset="p_028_13443_load/2 "/>
</bind>
</comp>

<comp id="491" class="1004" name="neighbourOne_fu_491">
<pin_list>
<pin id="492" dir="0" index="0" bw="1" slack="1"/>
<pin id="493" dir="0" index="1" bw="16" slack="0"/>
<pin id="494" dir="0" index="2" bw="16" slack="0"/>
<pin id="495" dir="1" index="3" bw="16" slack="0"/>
</pin_list>
<bind>
<opcode="select(49) " fcode="select"/>
<opset="neighbourOne/2 "/>
</bind>
</comp>

<comp id="498" class="1004" name="neighbourTwo_fu_498">
<pin_list>
<pin id="499" dir="0" index="0" bw="1" slack="1"/>
<pin id="500" dir="0" index="1" bw="16" slack="0"/>
<pin id="501" dir="0" index="2" bw="16" slack="0"/>
<pin id="502" dir="1" index="3" bw="16" slack="0"/>
</pin_list>
<bind>
<opcode="select(49) " fcode="select"/>
<opset="neighbourTwo/2 "/>
</bind>
</comp>

<comp id="505" class="1004" name="and_ln126_fu_505">
<pin_list>
<pin id="506" dir="0" index="0" bw="1" slack="1"/>
<pin id="507" dir="0" index="1" bw="1" slack="1"/>
<pin id="508" dir="1" index="2" bw="1" slack="0"/>
</pin_list>
<bind>
<opcode="and(23) " fcode="and"/>
<opset="and_ln126/2 "/>
</bind>
</comp>

<comp id="509" class="1004" name="neighbourOne_1_fu_509">
<pin_list>
<pin id="510" dir="0" index="0" bw="1" slack="0"/>
<pin id="511" dir="0" index="1" bw="16" slack="0"/>
<pin id="512" dir="0" index="2" bw="16" slack="0"/>
<pin id="513" dir="1" index="3" bw="16" slack="0"/>
</pin_list>
<bind>
<opcode="select(49) " fcode="select"/>
<opset="neighbourOne_1/2 "/>
</bind>
</comp>

<comp id="517" class="1004" name="and_ln129_fu_517">
<pin_list>
<pin id="518" dir="0" index="0" bw="1" slack="1"/>
<pin id="519" dir="0" index="1" bw="1" slack="1"/>
<pin id="520" dir="1" index="2" bw="1" slack="0"/>
</pin_list>
<bind>
<opcode="and(23) " fcode="and"/>
<opset="and_ln129/2 "/>
</bind>
</comp>

<comp id="521" class="1004" name="neighbourTwo_1_fu_521">
<pin_list>
<pin id="522" dir="0" index="0" bw="1" slack="0"/>
<pin id="523" dir="0" index="1" bw="16" slack="0"/>
<pin id="524" dir="0" index="2" bw="16" slack="0"/>
<pin id="525" dir="1" index="3" bw="16" slack="0"/>
</pin_list>
<bind>
<opcode="select(49) " fcode="select"/>
<opset="neighbourTwo_1/2 "/>
</bind>
</comp>

<comp id="529" class="1004" name="neighbourOne_2_fu_529">
<pin_list>
<pin id="530" dir="0" index="0" bw="1" slack="1"/>
<pin id="531" dir="0" index="1" bw="16" slack="0"/>
<pin id="532" dir="0" index="2" bw="16" slack="0"/>
<pin id="533" dir="1" index="3" bw="16" slack="0"/>
</pin_list>
<bind>
<opcode="select(49) " fcode="select"/>
<opset="neighbourOne_2/2 "/>
</bind>
</comp>

<comp id="536" class="1004" name="neighbourTwo_2_fu_536">
<pin_list>
<pin id="537" dir="0" index="0" bw="1" slack="1"/>
<pin id="538" dir="0" index="1" bw="16" slack="0"/>
<pin id="539" dir="0" index="2" bw="16" slack="0"/>
<pin id="540" dir="1" index="3" bw="16" slack="0"/>
</pin_list>
<bind>
<opcode="select(49) " fcode="select"/>
<opset="neighbourTwo_2/2 "/>
</bind>
</comp>

<comp id="543" class="1004" name="and_ln142_fu_543">
<pin_list>
<pin id="544" dir="0" index="0" bw="1" slack="1"/>
<pin id="545" dir="0" index="1" bw="1" slack="1"/>
<pin id="546" dir="1" index="2" bw="1" slack="0"/>
</pin_list>
<bind>
<opcode="and(23) " fcode="and"/>
<opset="and_ln142/2 "/>
</bind>
</comp>

<comp id="547" class="1004" name="neighbourOne_3_fu_547">
<pin_list>
<pin id="548" dir="0" index="0" bw="1" slack="0"/>
<pin id="549" dir="0" index="1" bw="16" slack="0"/>
<pin id="550" dir="0" index="2" bw="16" slack="0"/>
<pin id="551" dir="1" index="3" bw="16" slack="0"/>
</pin_list>
<bind>
<opcode="select(49) " fcode="select"/>
<opset="neighbourOne_3/2 "/>
</bind>
</comp>

<comp id="555" class="1004" name="and_ln145_fu_555">
<pin_list>
<pin id="556" dir="0" index="0" bw="1" slack="1"/>
<pin id="557" dir="0" index="1" bw="1" slack="1"/>
<pin id="558" dir="1" index="2" bw="1" slack="0"/>
</pin_list>
<bind>
<opcode="and(23) " fcode="and"/>
<opset="and_ln145/2 "/>
</bind>
</comp>

<comp id="559" class="1004" name="neighbourTwo_3_fu_559">
<pin_list>
<pin id="560" dir="0" index="0" bw="1" slack="0"/>
<pin id="561" dir="0" index="1" bw="16" slack="0"/>
<pin id="562" dir="0" index="2" bw="16" slack="0"/>
<pin id="563" dir="1" index="3" bw="16" slack="0"/>
</pin_list>
<bind>
<opcode="select(49) " fcode="select"/>
<opset="neighbourTwo_3/2 "/>
</bind>
</comp>

<comp id="567" class="1004" name="icmp_ln116_fu_567">
<pin_list>
<pin id="568" dir="0" index="0" bw="8" slack="0"/>
<pin id="569" dir="0" index="1" bw="8" slack="0"/>
<pin id="570" dir="1" index="2" bw="1" slack="0"/>
</pin_list>
<bind>
<opcode="icmp(45) " fcode="icmp"/>
<opset="icmp_ln116/2 "/>
</bind>
</comp>

<comp id="573" class="1004" name="icmp_ln116_1_fu_573">
<pin_list>
<pin id="574" dir="0" index="0" bw="8" slack="0"/>
<pin id="575" dir="0" index="1" bw="8" slack="0"/>
<pin id="576" dir="1" index="2" bw="1" slack="0"/>
</pin_list>
<bind>
<opcode="icmp(45) " fcode="icmp"/>
<opset="icmp_ln116_1/2 "/>
</bind>
</comp>

<comp id="579" class="1004" name="icmp_ln116_2_fu_579">
<pin_list>
<pin id="580" dir="0" index="0" bw="8" slack="0"/>
<pin id="581" dir="0" index="1" bw="8" slack="0"/>
<pin id="582" dir="1" index="2" bw="1" slack="0"/>
</pin_list>
<bind>
<opcode="icmp(45) " fcode="icmp"/>
<opset="icmp_ln116_2/2 "/>
</bind>
</comp>

<comp id="585" class="1004" name="icmp_ln116_3_fu_585">
<pin_list>
<pin id="586" dir="0" index="0" bw="8" slack="0"/>
<pin id="587" dir="0" index="1" bw="8" slack="0"/>
<pin id="588" dir="1" index="2" bw="1" slack="0"/>
</pin_list>
<bind>
<opcode="icmp(45) " fcode="icmp"/>
<opset="icmp_ln116_3/2 "/>
</bind>
</comp>

<comp id="591" class="1004" name="sel_tmp4_fu_591">
<pin_list>
<pin id="592" dir="0" index="0" bw="4" slack="0"/>
<pin id="593" dir="0" index="1" bw="1" slack="0"/>
<pin id="594" dir="0" index="2" bw="1" slack="0"/>
<pin id="595" dir="0" index="3" bw="1" slack="0"/>
<pin id="596" dir="0" index="4" bw="1" slack="0"/>
<pin id="597" dir="1" index="5" bw="4" slack="0"/>
</pin_list>
<bind>
<opcode="bitconcatenate(1004) " fcode="bitconcatenate"/>
<opset="sel_tmp4/2 "/>
</bind>
</comp>

<comp id="603" class="1004" name="neighbourOne_4_fu_603">
<pin_list>
<pin id="604" dir="0" index="0" bw="16" slack="0"/>
<pin id="605" dir="0" index="1" bw="4" slack="0"/>
<pin id="606" dir="0" index="2" bw="16" slack="0"/>
<pin id="607" dir="0" index="3" bw="4" slack="0"/>
<pin id="608" dir="0" index="4" bw="16" slack="0"/>
<pin id="609" dir="0" index="5" bw="4" slack="0"/>
<pin id="610" dir="0" index="6" bw="16" slack="0"/>
<pin id="611" dir="0" index="7" bw="4" slack="0"/>
<pin id="612" dir="0" index="8" bw="16" slack="0"/>
<pin id="613" dir="0" index="9" bw="4" slack="0"/>
<pin id="614" dir="0" index="10" bw="16" slack="0"/>
<pin id="615" dir="0" index="11" bw="16" slack="0"/>
<pin id="616" dir="0" index="12" bw="4" slack="0"/>
<pin id="617" dir="1" index="13" bw="16" slack="0"/>
</pin_list>
<bind>
<opcode="sparsemux(1197) " fcode="sparsemux"/>
<opset="neighbourOne_4/2 "/>
</bind>
</comp>

<comp id="631" class="1004" name="neighbourTwo_4_fu_631">
<pin_list>
<pin id="632" dir="0" index="0" bw="16" slack="0"/>
<pin id="633" dir="0" index="1" bw="4" slack="0"/>
<pin id="634" dir="0" index="2" bw="16" slack="0"/>
<pin id="635" dir="0" index="3" bw="4" slack="0"/>
<pin id="636" dir="0" index="4" bw="16" slack="0"/>
<pin id="637" dir="0" index="5" bw="4" slack="0"/>
<pin id="638" dir="0" index="6" bw="16" slack="0"/>
<pin id="639" dir="0" index="7" bw="4" slack="0"/>
<pin id="640" dir="0" index="8" bw="16" slack="0"/>
<pin id="641" dir="0" index="9" bw="4" slack="0"/>
<pin id="642" dir="0" index="10" bw="16" slack="0"/>
<pin id="643" dir="0" index="11" bw="16" slack="0"/>
<pin id="644" dir="0" index="12" bw="4" slack="0"/>
<pin id="645" dir="1" index="13" bw="16" slack="0"/>
</pin_list>
<bind>
<opcode="sparsemux(1197) " fcode="sparsemux"/>
<opset="neighbourTwo_4/2 "/>
</bind>
</comp>

<comp id="659" class="1004" name="icmp_ln151_fu_659">
<pin_list>
<pin id="660" dir="0" index="0" bw="16" slack="0"/>
<pin id="661" dir="0" index="1" bw="16" slack="0"/>
<pin id="662" dir="1" index="2" bw="1" slack="0"/>
</pin_list>
<bind>
<opcode="icmp(45) " fcode="icmp"/>
<opset="icmp_ln151/2 "/>
</bind>
</comp>

<comp id="665" class="1004" name="xor_ln151_fu_665">
<pin_list>
<pin id="666" dir="0" index="0" bw="1" slack="0"/>
<pin id="667" dir="0" index="1" bw="1" slack="0"/>
<pin id="668" dir="1" index="2" bw="1" slack="0"/>
</pin_list>
<bind>
<opcode="xor(25) " fcode="xor"/>
<opset="xor_ln151/2 "/>
</bind>
</comp>

<comp id="671" class="1004" name="icmp_ln152_fu_671">
<pin_list>
<pin id="672" dir="0" index="0" bw="16" slack="0"/>
<pin id="673" dir="0" index="1" bw="16" slack="0"/>
<pin id="674" dir="1" index="2" bw="1" slack="0"/>
</pin_list>
<bind>
<opcode="icmp(45) " fcode="icmp"/>
<opset="icmp_ln152/2 "/>
</bind>
</comp>

<comp id="677" class="1004" name="xor_ln152_fu_677">
<pin_list>
<pin id="678" dir="0" index="0" bw="1" slack="0"/>
<pin id="679" dir="0" index="1" bw="1" slack="0"/>
<pin id="680" dir="1" index="2" bw="1" slack="0"/>
</pin_list>
<bind>
<opcode="xor(25) " fcode="xor"/>
<opset="xor_ln152/2 "/>
</bind>
</comp>

<comp id="683" class="1004" name="and_ln151_fu_683">
<pin_list>
<pin id="684" dir="0" index="0" bw="1" slack="0"/>
<pin id="685" dir="0" index="1" bw="1" slack="0"/>
<pin id="686" dir="1" index="2" bw="1" slack="1"/>
</pin_list>
<bind>
<opcode="and(23) " fcode="and"/>
<opset="and_ln151/2 "/>
</bind>
</comp>

<comp id="689" class="1004" name="tmp_6_fu_689">
<pin_list>
<pin id="690" dir="0" index="0" bw="16" slack="0"/>
<pin id="691" dir="0" index="1" bw="2" slack="0"/>
<pin id="692" dir="0" index="2" bw="16" slack="0"/>
<pin id="693" dir="0" index="3" bw="2" slack="0"/>
<pin id="694" dir="0" index="4" bw="16" slack="0"/>
<pin id="695" dir="0" index="5" bw="2" slack="0"/>
<pin id="696" dir="0" index="6" bw="16" slack="0"/>
<pin id="697" dir="0" index="7" bw="16" slack="0"/>
<pin id="698" dir="0" index="8" bw="2" slack="1"/>
<pin id="699" dir="1" index="9" bw="16" slack="0"/>
</pin_list>
<bind>
<opcode="sparsemux(1197) " fcode="sparsemux"/>
<opset="tmp_6/2 "/>
</bind>
</comp>

<comp id="708" class="1004" name="tmp_7_fu_708">
<pin_list>
<pin id="709" dir="0" index="0" bw="16" slack="0"/>
<pin id="710" dir="0" index="1" bw="2" slack="0"/>
<pin id="711" dir="0" index="2" bw="16" slack="0"/>
<pin id="712" dir="0" index="3" bw="2" slack="0"/>
<pin id="713" dir="0" index="4" bw="16" slack="0"/>
<pin id="714" dir="0" index="5" bw="2" slack="0"/>
<pin id="715" dir="0" index="6" bw="16" slack="0"/>
<pin id="716" dir="0" index="7" bw="16" slack="0"/>
<pin id="717" dir="0" index="8" bw="2" slack="1"/>
<pin id="718" dir="1" index="9" bw="16" slack="0"/>
</pin_list>
<bind>
<opcode="sparsemux(1197) " fcode="sparsemux"/>
<opset="tmp_7/2 "/>
</bind>
</comp>

<comp id="727" class="1004" name="tmp_10_fu_727">
<pin_list>
<pin id="728" dir="0" index="0" bw="16" slack="0"/>
<pin id="729" dir="0" index="1" bw="2" slack="0"/>
<pin id="730" dir="0" index="2" bw="16" slack="0"/>
<pin id="731" dir="0" index="3" bw="2" slack="0"/>
<pin id="732" dir="0" index="4" bw="16" slack="0"/>
<pin id="733" dir="0" index="5" bw="2" slack="0"/>
<pin id="734" dir="0" index="6" bw="16" slack="0"/>
<pin id="735" dir="0" index="7" bw="16" slack="0"/>
<pin id="736" dir="0" index="8" bw="2" slack="1"/>
<pin id="737" dir="1" index="9" bw="16" slack="0"/>
</pin_list>
<bind>
<opcode="sparsemux(1197) " fcode="sparsemux"/>
<opset="tmp_10/2 "/>
</bind>
</comp>

<comp id="746" class="1004" name="tmp_11_fu_746">
<pin_list>
<pin id="747" dir="0" index="0" bw="8" slack="0"/>
<pin id="748" dir="0" index="1" bw="2" slack="0"/>
<pin id="749" dir="0" index="2" bw="8" slack="0"/>
<pin id="750" dir="0" index="3" bw="2" slack="0"/>
<pin id="751" dir="0" index="4" bw="8" slack="0"/>
<pin id="752" dir="0" index="5" bw="2" slack="0"/>
<pin id="753" dir="0" index="6" bw="8" slack="0"/>
<pin id="754" dir="0" index="7" bw="8" slack="0"/>
<pin id="755" dir="0" index="8" bw="2" slack="1"/>
<pin id="756" dir="1" index="9" bw="8" slack="0"/>
</pin_list>
<bind>
<opcode="sparsemux(1197) " fcode="sparsemux"/>
<opset="tmp_11/2 "/>
</bind>
</comp>

<comp id="765" class="1004" name="store_ln174_store_fu_765">
<pin_list>
<pin id="766" dir="0" index="0" bw="8" slack="0"/>
<pin id="767" dir="0" index="1" bw="8" slack="1"/>
<pin id="768" dir="1" index="2" bw="0" slack="2147483647"/>
</pin_list>
<bind>
<opcode="store(28) " fcode="store"/>
<opset="store_ln174/2 "/>
</bind>
</comp>

<comp id="770" class="1004" name="store_ln174_store_fu_770">
<pin_list>
<pin id="771" dir="0" index="0" bw="16" slack="0"/>
<pin id="772" dir="0" index="1" bw="16" slack="1"/>
<pin id="773" dir="1" index="2" bw="0" slack="2147483647"/>
</pin_list>
<bind>
<opcode="store(28) " fcode="store"/>
<opset="store_ln174/2 "/>
</bind>
</comp>

<comp id="775" class="1004" name="store_ln174_store_fu_775">
<pin_list>
<pin id="776" dir="0" index="0" bw="16" slack="0"/>
<pin id="777" dir="0" index="1" bw="16" slack="1"/>
<pin id="778" dir="1" index="2" bw="0" slack="2147483647"/>
</pin_list>
<bind>
<opcode="store(28) " fcode="store"/>
<opset="store_ln174/2 "/>
</bind>
</comp>

<comp id="780" class="1004" name="store_ln129_store_fu_780">
<pin_list>
<pin id="781" dir="0" index="0" bw="16" slack="0"/>
<pin id="782" dir="0" index="1" bw="16" slack="1"/>
<pin id="783" dir="1" index="2" bw="0" slack="2147483647"/>
</pin_list>
<bind>
<opcode="store(28) " fcode="store"/>
<opset="store_ln129/2 "/>
</bind>
</comp>

<comp id="785" class="1004" name="store_ln0_store_fu_785">
<pin_list>
<pin id="786" dir="0" index="0" bw="16" slack="0"/>
<pin id="787" dir="0" index="1" bw="16" slack="1"/>
<pin id="788" dir="1" index="2" bw="0" slack="2147483647"/>
</pin_list>
<bind>
<opcode="store(28) " fcode="store"/>
<opset="store_ln0/2 "/>
</bind>
</comp>

<comp id="790" class="1004" name="store_ln108_store_fu_790">
<pin_list>
<pin id="791" dir="0" index="0" bw="16" slack="0"/>
<pin id="792" dir="0" index="1" bw="16" slack="1"/>
<pin id="793" dir="1" index="2" bw="0" slack="2147483647"/>
</pin_list>
<bind>
<opcode="store(28) " fcode="store"/>
<opset="store_ln108/2 "/>
</bind>
</comp>

<comp id="795" class="1004" name="store_ln152_store_fu_795">
<pin_list>
<pin id="796" dir="0" index="0" bw="16" slack="0"/>
<pin id="797" dir="0" index="1" bw="16" slack="1"/>
<pin id="798" dir="1" index="2" bw="0" slack="2147483647"/>
</pin_list>
<bind>
<opcode="store(28) " fcode="store"/>
<opset="store_ln152/2 "/>
</bind>
</comp>

<comp id="800" class="1004" name="store_ln134_store_fu_800">
<pin_list>
<pin id="801" dir="0" index="0" bw="16" slack="0"/>
<pin id="802" dir="0" index="1" bw="16" slack="1"/>
<pin id="803" dir="1" index="2" bw="0" slack="2147483647"/>
</pin_list>
<bind>
<opcode="store(28) " fcode="store"/>
<opset="store_ln134/2 "/>
</bind>
</comp>

<comp id="805" class="1004" name="store_ln137_store_fu_805">
<pin_list>
<pin id="806" dir="0" index="0" bw="16" slack="0"/>
<pin id="807" dir="0" index="1" bw="16" slack="1"/>
<pin id="808" dir="1" index="2" bw="0" slack="2147483647"/>
</pin_list>
<bind>
<opcode="store(28) " fcode="store"/>
<opset="store_ln137/2 "/>
</bind>
</comp>

<comp id="810" class="1004" name="store_ln174_store_fu_810">
<pin_list>
<pin id="811" dir="0" index="0" bw="16" slack="0"/>
<pin id="812" dir="0" index="1" bw="16" slack="1"/>
<pin id="813" dir="1" index="2" bw="0" slack="2147483647"/>
</pin_list>
<bind>
<opcode="store(28) " fcode="store"/>
<opset="store_ln174/2 "/>
</bind>
</comp>

<comp id="815" class="1004" name="store_ln108_store_fu_815">
<pin_list>
<pin id="816" dir="0" index="0" bw="8" slack="0"/>
<pin id="817" dir="0" index="1" bw="8" slack="1"/>
<pin id="818" dir="1" index="2" bw="0" slack="2147483647"/>
</pin_list>
<bind>
<opcode="store(28) " fcode="store"/>
<opset="store_ln108/2 "/>
</bind>
</comp>

<comp id="820" class="1005" name="column_3_reg_820">
<pin_list>
<pin id="821" dir="0" index="0" bw="10" slack="0"/>
<pin id="822" dir="1" index="1" bw="10" slack="0"/>
</pin_list>
<bind>
<opset="column_3 "/>
</bind>
</comp>

<comp id="827" class="1005" name="centre_direction_reg_827">
<pin_list>
<pin id="828" dir="0" index="0" bw="8" slack="0"/>
<pin id="829" dir="1" index="1" bw="8" slack="0"/>
</pin_list>
<bind>
<opset="centre_direction "/>
</bind>
</comp>

<comp id="834" class="1005" name="p_037_reg_834">
<pin_list>
<pin id="835" dir="0" index="0" bw="16" slack="0"/>
<pin id="836" dir="1" index="1" bw="16" slack="0"/>
</pin_list>
<bind>
<opset="p_037 "/>
</bind>
</comp>

<comp id="841" class="1005" name="p_030_238_reg_841">
<pin_list>
<pin id="842" dir="0" index="0" bw="16" slack="0"/>
<pin id="843" dir="1" index="1" bw="16" slack="0"/>
</pin_list>
<bind>
<opset="p_030_238 "/>
</bind>
</comp>

<comp id="848" class="1005" name="p_0373941_reg_848">
<pin_list>
<pin id="849" dir="0" index="0" bw="16" slack="0"/>
<pin id="850" dir="1" index="1" bw="16" slack="0"/>
</pin_list>
<bind>
<opset="p_0373941 "/>
</bind>
</comp>

<comp id="855" class="1005" name="p_028_13443_reg_855">
<pin_list>
<pin id="856" dir="0" index="0" bw="16" slack="0"/>
<pin id="857" dir="1" index="1" bw="16" slack="0"/>
</pin_list>
<bind>
<opset="p_028_13443 "/>
</bind>
</comp>

<comp id="862" class="1005" name="centre_magnitude_reg_862">
<pin_list>
<pin id="863" dir="0" index="0" bw="16" slack="0"/>
<pin id="864" dir="1" index="1" bw="16" slack="0"/>
</pin_list>
<bind>
<opset="centre_magnitude "/>
</bind>
</comp>

<comp id="869" class="1005" name="p_03739_reg_869">
<pin_list>
<pin id="870" dir="0" index="0" bw="16" slack="0"/>
<pin id="871" dir="1" index="1" bw="16" slack="0"/>
</pin_list>
<bind>
<opset="p_03739 "/>
</bind>
</comp>

<comp id="876" class="1005" name="p_028_240_reg_876">
<pin_list>
<pin id="877" dir="0" index="0" bw="16" slack="0"/>
<pin id="878" dir="1" index="1" bw="16" slack="0"/>
</pin_list>
<bind>
<opset="p_028_240 "/>
</bind>
</comp>

<comp id="883" class="1005" name="p_0_242_reg_883">
<pin_list>
<pin id="884" dir="0" index="0" bw="16" slack="0"/>
<pin id="885" dir="1" index="1" bw="16" slack="0"/>
</pin_list>
<bind>
<opset="p_0_242 "/>
</bind>
</comp>

<comp id="890" class="1005" name="p_0_144_reg_890">
<pin_list>
<pin id="891" dir="0" index="0" bw="16" slack="0"/>
<pin id="892" dir="1" index="1" bw="16" slack="0"/>
</pin_list>
<bind>
<opset="p_0_144 "/>
</bind>
</comp>

<comp id="897" class="1005" name="p_1_147_reg_897">
<pin_list>
<pin id="898" dir="0" index="0" bw="8" slack="0"/>
<pin id="899" dir="1" index="1" bw="8" slack="0"/>
</pin_list>
<bind>
<opset="p_1_147 "/>
</bind>
</comp>

<comp id="904" class="1005" name="tmp_reg_904">
<pin_list>
<pin id="905" dir="0" index="0" bw="2" slack="1"/>
<pin id="906" dir="1" index="1" bw="2" slack="1"/>
</pin_list>
<bind>
<opset="tmp "/>
</bind>
</comp>

<comp id="911" class="1005" name="select_ln11_read_reg_911">
<pin_list>
<pin id="912" dir="0" index="0" bw="2" slack="1"/>
<pin id="913" dir="1" index="1" bw="2" slack="1"/>
</pin_list>
<bind>
<opset="select_ln11_read "/>
</bind>
</comp>

<comp id="916" class="1005" name="hasBottom_reg_916">
<pin_list>
<pin id="917" dir="0" index="0" bw="1" slack="1"/>
<pin id="918" dir="1" index="1" bw="1" slack="1"/>
</pin_list>
<bind>
<opset="hasBottom "/>
</bind>
</comp>

<comp id="923" class="1005" name="hasTop_reg_923">
<pin_list>
<pin id="924" dir="0" index="0" bw="1" slack="1"/>
<pin id="925" dir="1" index="1" bw="1" slack="1"/>
</pin_list>
<bind>
<opset="hasTop "/>
</bind>
</comp>

<comp id="930" class="1005" name="icmp_ln105_reg_930">
<pin_list>
<pin id="931" dir="0" index="0" bw="1" slack="1"/>
<pin id="932" dir="1" index="1" bw="1" slack="2147483647"/>
</pin_list>
<bind>
<opset="icmp_ln105 "/>
</bind>
</comp>

<comp id="934" class="1005" name="hasLeft_reg_934">
<pin_list>
<pin id="935" dir="0" index="0" bw="1" slack="1"/>
<pin id="936" dir="1" index="1" bw="1" slack="1"/>
</pin_list>
<bind>
<opset="hasLeft "/>
</bind>
</comp>

<comp id="941" class="1005" name="hasRight_reg_941">
<pin_list>
<pin id="942" dir="0" index="0" bw="1" slack="1"/>
<pin id="943" dir="1" index="1" bw="1" slack="1"/>
</pin_list>
<bind>
<opset="hasRight "/>
</bind>
</comp>

<comp id="948" class="1005" name="lineBuffer_magnitude_addr_reg_948">
<pin_list>
<pin id="949" dir="0" index="0" bw="10" slack="1"/>
<pin id="950" dir="1" index="1" bw="10" slack="1"/>
</pin_list>
<bind>
<opset="lineBuffer_magnitude_addr "/>
</bind>
</comp>

<comp id="953" class="1005" name="lineBuffer_direction_addr_reg_953">
<pin_list>
<pin id="954" dir="0" index="0" bw="10" slack="1"/>
<pin id="955" dir="1" index="1" bw="10" slack="1"/>
</pin_list>
<bind>
<opset="lineBuffer_direction_addr "/>
</bind>
</comp>

<comp id="958" class="1005" name="lineBuffer_magnitude_1_addr_reg_958">
<pin_list>
<pin id="959" dir="0" index="0" bw="10" slack="1"/>
<pin id="960" dir="1" index="1" bw="10" slack="1"/>
</pin_list>
<bind>
<opset="lineBuffer_magnitude_1_addr "/>
</bind>
</comp>

<comp id="963" class="1005" name="lineBuffer_direction_1_addr_reg_963">
<pin_list>
<pin id="964" dir="0" index="0" bw="10" slack="1"/>
<pin id="965" dir="1" index="1" bw="10" slack="1"/>
</pin_list>
<bind>
<opset="lineBuffer_direction_1_addr "/>
</bind>
</comp>

<comp id="968" class="1005" name="lineBuffer_magnitude_2_addr_reg_968">
<pin_list>
<pin id="969" dir="0" index="0" bw="10" slack="1"/>
<pin id="970" dir="1" index="1" bw="10" slack="1"/>
</pin_list>
<bind>
<opset="lineBuffer_magnitude_2_addr "/>
</bind>
</comp>

<comp id="973" class="1005" name="lineBuffer_direction_2_addr_reg_973">
<pin_list>
<pin id="974" dir="0" index="0" bw="10" slack="1"/>
<pin id="975" dir="1" index="1" bw="10" slack="1"/>
</pin_list>
<bind>
<opset="lineBuffer_direction_2_addr "/>
</bind>
</comp>

<comp id="978" class="1005" name="centre_magnitude_1_reg_978">
<pin_list>
<pin id="979" dir="0" index="0" bw="16" slack="1"/>
<pin id="980" dir="1" index="1" bw="16" slack="1"/>
</pin_list>
<bind>
<opset="centre_magnitude_1 "/>
</bind>
</comp>

<comp id="983" class="1005" name="and_ln151_reg_983">
<pin_list>
<pin id="984" dir="0" index="0" bw="1" slack="1"/>
<pin id="985" dir="1" index="1" bw="1" slack="2147483647"/>
</pin_list>
<bind>
<opset="and_ln151 "/>
</bind>
</comp>

</comp_list>

<net_list>
<net id="127"><net_src comp="36" pin="0"/><net_sink comp="124" pin=0"/></net>

<net id="131"><net_src comp="36" pin="0"/><net_sink comp="128" pin=0"/></net>

<net id="135"><net_src comp="36" pin="0"/><net_sink comp="132" pin=0"/></net>

<net id="139"><net_src comp="36" pin="0"/><net_sink comp="136" pin=0"/></net>

<net id="143"><net_src comp="36" pin="0"/><net_sink comp="140" pin=0"/></net>

<net id="147"><net_src comp="36" pin="0"/><net_sink comp="144" pin=0"/></net>

<net id="151"><net_src comp="36" pin="0"/><net_sink comp="148" pin=0"/></net>

<net id="155"><net_src comp="36" pin="0"/><net_sink comp="152" pin=0"/></net>

<net id="159"><net_src comp="36" pin="0"/><net_sink comp="156" pin=0"/></net>

<net id="163"><net_src comp="36" pin="0"/><net_sink comp="160" pin=0"/></net>

<net id="167"><net_src comp="36" pin="0"/><net_sink comp="164" pin=0"/></net>

<net id="171"><net_src comp="36" pin="0"/><net_sink comp="168" pin=0"/></net>

<net id="176"><net_src comp="38" pin="0"/><net_sink comp="172" pin=0"/></net>

<net id="177"><net_src comp="32" pin="0"/><net_sink comp="172" pin=1"/></net>

<net id="182"><net_src comp="38" pin="0"/><net_sink comp="178" pin=0"/></net>

<net id="183"><net_src comp="30" pin="0"/><net_sink comp="178" pin=1"/></net>

<net id="188"><net_src comp="40" pin="0"/><net_sink comp="184" pin=0"/></net>

<net id="189"><net_src comp="16" pin="0"/><net_sink comp="184" pin=1"/></net>

<net id="194"><net_src comp="42" pin="0"/><net_sink comp="190" pin=0"/></net>

<net id="195"><net_src comp="14" pin="0"/><net_sink comp="190" pin=1"/></net>

<net id="200"><net_src comp="44" pin="0"/><net_sink comp="196" pin=0"/></net>

<net id="201"><net_src comp="12" pin="0"/><net_sink comp="196" pin=1"/></net>

<net id="206"><net_src comp="44" pin="0"/><net_sink comp="202" pin=0"/></net>

<net id="207"><net_src comp="10" pin="0"/><net_sink comp="202" pin=1"/></net>

<net id="212"><net_src comp="44" pin="0"/><net_sink comp="208" pin=0"/></net>

<net id="213"><net_src comp="8" pin="0"/><net_sink comp="208" pin=1"/></net>

<net id="218"><net_src comp="44" pin="0"/><net_sink comp="214" pin=0"/></net>

<net id="219"><net_src comp="6" pin="0"/><net_sink comp="214" pin=1"/></net>

<net id="224"><net_src comp="44" pin="0"/><net_sink comp="220" pin=0"/></net>

<net id="225"><net_src comp="4" pin="0"/><net_sink comp="220" pin=1"/></net>

<net id="230"><net_src comp="44" pin="0"/><net_sink comp="226" pin=0"/></net>

<net id="231"><net_src comp="2" pin="0"/><net_sink comp="226" pin=1"/></net>

<net id="236"><net_src comp="42" pin="0"/><net_sink comp="232" pin=0"/></net>

<net id="237"><net_src comp="0" pin="0"/><net_sink comp="232" pin=1"/></net>

<net id="243"><net_src comp="122" pin="0"/><net_sink comp="238" pin=0"/></net>

<net id="244"><net_src comp="34" pin="0"/><net_sink comp="238" pin=1"/></net>

<net id="245"><net_src comp="82" pin="0"/><net_sink comp="238" pin=2"/></net>

<net id="251"><net_src comp="18" pin="0"/><net_sink comp="246" pin=0"/></net>

<net id="252"><net_src comp="70" pin="0"/><net_sink comp="246" pin=1"/></net>

<net id="258"><net_src comp="20" pin="0"/><net_sink comp="253" pin=0"/></net>

<net id="259"><net_src comp="70" pin="0"/><net_sink comp="253" pin=1"/></net>

<net id="265"><net_src comp="246" pin="3"/><net_sink comp="260" pin=0"/></net>

<net id="271"><net_src comp="253" pin="3"/><net_sink comp="266" pin=0"/></net>

<net id="277"><net_src comp="22" pin="0"/><net_sink comp="272" pin=0"/></net>

<net id="278"><net_src comp="70" pin="0"/><net_sink comp="272" pin=1"/></net>

<net id="284"><net_src comp="24" pin="0"/><net_sink comp="279" pin=0"/></net>

<net id="285"><net_src comp="70" pin="0"/><net_sink comp="279" pin=1"/></net>

<net id="291"><net_src comp="26" pin="0"/><net_sink comp="286" pin=0"/></net>

<net id="292"><net_src comp="70" pin="0"/><net_sink comp="286" pin=1"/></net>

<net id="298"><net_src comp="28" pin="0"/><net_sink comp="293" pin=0"/></net>

<net id="299"><net_src comp="70" pin="0"/><net_sink comp="293" pin=1"/></net>

<net id="305"><net_src comp="272" pin="3"/><net_sink comp="300" pin=0"/></net>

<net id="311"><net_src comp="286" pin="3"/><net_sink comp="306" pin=0"/></net>

<net id="317"><net_src comp="279" pin="3"/><net_sink comp="312" pin=0"/></net>

<net id="323"><net_src comp="293" pin="3"/><net_sink comp="318" pin=0"/></net>

<net id="328"><net_src comp="184" pin="2"/><net_sink comp="324" pin=0"/></net>

<net id="329"><net_src comp="56" pin="0"/><net_sink comp="324" pin=1"/></net>

<net id="334"><net_src comp="184" pin="2"/><net_sink comp="330" pin=0"/></net>

<net id="335"><net_src comp="58" pin="0"/><net_sink comp="330" pin=1"/></net>

<net id="340"><net_src comp="232" pin="2"/><net_sink comp="336" pin=0"/></net>

<net id="345"><net_src comp="226" pin="2"/><net_sink comp="341" pin=0"/></net>

<net id="350"><net_src comp="214" pin="2"/><net_sink comp="346" pin=0"/></net>

<net id="355"><net_src comp="202" pin="2"/><net_sink comp="351" pin=0"/></net>

<net id="360"><net_src comp="208" pin="2"/><net_sink comp="356" pin=0"/></net>

<net id="365"><net_src comp="220" pin="2"/><net_sink comp="361" pin=0"/></net>

<net id="370"><net_src comp="220" pin="2"/><net_sink comp="366" pin=0"/></net>

<net id="375"><net_src comp="208" pin="2"/><net_sink comp="371" pin=0"/></net>

<net id="380"><net_src comp="202" pin="2"/><net_sink comp="376" pin=0"/></net>

<net id="385"><net_src comp="196" pin="2"/><net_sink comp="381" pin=0"/></net>

<net id="390"><net_src comp="190" pin="2"/><net_sink comp="386" pin=0"/></net>

<net id="395"><net_src comp="60" pin="0"/><net_sink comp="391" pin=0"/></net>

<net id="403"><net_src comp="396" pin="1"/><net_sink comp="399" pin=0"/></net>

<net id="404"><net_src comp="62" pin="0"/><net_sink comp="399" pin=1"/></net>

<net id="409"><net_src comp="396" pin="1"/><net_sink comp="405" pin=0"/></net>

<net id="410"><net_src comp="64" pin="0"/><net_sink comp="405" pin=1"/></net>

<net id="415"><net_src comp="396" pin="1"/><net_sink comp="411" pin=0"/></net>

<net id="416"><net_src comp="60" pin="0"/><net_sink comp="411" pin=1"/></net>

<net id="421"><net_src comp="396" pin="1"/><net_sink comp="417" pin=0"/></net>

<net id="422"><net_src comp="66" pin="0"/><net_sink comp="417" pin=1"/></net>

<net id="427"><net_src comp="396" pin="1"/><net_sink comp="423" pin=0"/></net>

<net id="428"><net_src comp="68" pin="0"/><net_sink comp="423" pin=1"/></net>

<net id="433"><net_src comp="423" pin="2"/><net_sink comp="429" pin=0"/></net>

<net id="434"><net_src comp="66" pin="0"/><net_sink comp="429" pin=1"/></net>

<net id="440"><net_src comp="429" pin="2"/><net_sink comp="435" pin=0"/></net>

<net id="441"><net_src comp="66" pin="0"/><net_sink comp="435" pin=1"/></net>

<net id="442"><net_src comp="423" pin="2"/><net_sink comp="435" pin=2"/></net>

<net id="446"><net_src comp="435" pin="3"/><net_sink comp="443" pin=0"/></net>

<net id="447"><net_src comp="443" pin="1"/><net_sink comp="246" pin=2"/></net>

<net id="448"><net_src comp="443" pin="1"/><net_sink comp="253" pin=2"/></net>

<net id="449"><net_src comp="443" pin="1"/><net_sink comp="272" pin=2"/></net>

<net id="450"><net_src comp="443" pin="1"/><net_sink comp="279" pin=2"/></net>

<net id="451"><net_src comp="443" pin="1"/><net_sink comp="286" pin=2"/></net>

<net id="452"><net_src comp="443" pin="1"/><net_sink comp="293" pin=2"/></net>

<net id="457"><net_src comp="405" pin="2"/><net_sink comp="453" pin=0"/></net>

<net id="496"><net_src comp="488" pin="1"/><net_sink comp="491" pin=1"/></net>

<net id="497"><net_src comp="82" pin="0"/><net_sink comp="491" pin=2"/></net>

<net id="503"><net_src comp="473" pin="1"/><net_sink comp="498" pin=1"/></net>

<net id="504"><net_src comp="82" pin="0"/><net_sink comp="498" pin=2"/></net>

<net id="514"><net_src comp="505" pin="2"/><net_sink comp="509" pin=0"/></net>

<net id="515"><net_src comp="485" pin="1"/><net_sink comp="509" pin=1"/></net>

<net id="516"><net_src comp="82" pin="0"/><net_sink comp="509" pin=2"/></net>

<net id="526"><net_src comp="517" pin="2"/><net_sink comp="521" pin=0"/></net>

<net id="527"><net_src comp="470" pin="1"/><net_sink comp="521" pin=1"/></net>

<net id="528"><net_src comp="82" pin="0"/><net_sink comp="521" pin=2"/></net>

<net id="534"><net_src comp="464" pin="1"/><net_sink comp="529" pin=1"/></net>

<net id="535"><net_src comp="82" pin="0"/><net_sink comp="529" pin=2"/></net>

<net id="541"><net_src comp="467" pin="1"/><net_sink comp="536" pin=1"/></net>

<net id="542"><net_src comp="82" pin="0"/><net_sink comp="536" pin=2"/></net>

<net id="552"><net_src comp="543" pin="2"/><net_sink comp="547" pin=0"/></net>

<net id="553"><net_src comp="458" pin="1"/><net_sink comp="547" pin=1"/></net>

<net id="554"><net_src comp="82" pin="0"/><net_sink comp="547" pin=2"/></net>

<net id="564"><net_src comp="555" pin="2"/><net_sink comp="559" pin=0"/></net>

<net id="565"><net_src comp="482" pin="1"/><net_sink comp="559" pin=1"/></net>

<net id="566"><net_src comp="82" pin="0"/><net_sink comp="559" pin=2"/></net>

<net id="571"><net_src comp="479" pin="1"/><net_sink comp="567" pin=0"/></net>

<net id="572"><net_src comp="84" pin="0"/><net_sink comp="567" pin=1"/></net>

<net id="577"><net_src comp="479" pin="1"/><net_sink comp="573" pin=0"/></net>

<net id="578"><net_src comp="86" pin="0"/><net_sink comp="573" pin=1"/></net>

<net id="583"><net_src comp="479" pin="1"/><net_sink comp="579" pin=0"/></net>

<net id="584"><net_src comp="88" pin="0"/><net_sink comp="579" pin=1"/></net>

<net id="589"><net_src comp="479" pin="1"/><net_sink comp="585" pin=0"/></net>

<net id="590"><net_src comp="90" pin="0"/><net_sink comp="585" pin=1"/></net>

<net id="598"><net_src comp="92" pin="0"/><net_sink comp="591" pin=0"/></net>

<net id="599"><net_src comp="567" pin="2"/><net_sink comp="591" pin=1"/></net>

<net id="600"><net_src comp="573" pin="2"/><net_sink comp="591" pin=2"/></net>

<net id="601"><net_src comp="579" pin="2"/><net_sink comp="591" pin=3"/></net>

<net id="602"><net_src comp="585" pin="2"/><net_sink comp="591" pin=4"/></net>

<net id="618"><net_src comp="94" pin="0"/><net_sink comp="603" pin=0"/></net>

<net id="619"><net_src comp="96" pin="0"/><net_sink comp="603" pin=1"/></net>

<net id="620"><net_src comp="547" pin="3"/><net_sink comp="603" pin=2"/></net>

<net id="621"><net_src comp="98" pin="0"/><net_sink comp="603" pin=3"/></net>

<net id="622"><net_src comp="529" pin="3"/><net_sink comp="603" pin=4"/></net>

<net id="623"><net_src comp="100" pin="0"/><net_sink comp="603" pin=5"/></net>

<net id="624"><net_src comp="509" pin="3"/><net_sink comp="603" pin=6"/></net>

<net id="625"><net_src comp="102" pin="0"/><net_sink comp="603" pin=7"/></net>

<net id="626"><net_src comp="491" pin="3"/><net_sink comp="603" pin=8"/></net>

<net id="627"><net_src comp="104" pin="0"/><net_sink comp="603" pin=9"/></net>

<net id="628"><net_src comp="82" pin="0"/><net_sink comp="603" pin=10"/></net>

<net id="629"><net_src comp="106" pin="0"/><net_sink comp="603" pin=11"/></net>

<net id="630"><net_src comp="591" pin="5"/><net_sink comp="603" pin=12"/></net>

<net id="646"><net_src comp="94" pin="0"/><net_sink comp="631" pin=0"/></net>

<net id="647"><net_src comp="96" pin="0"/><net_sink comp="631" pin=1"/></net>

<net id="648"><net_src comp="559" pin="3"/><net_sink comp="631" pin=2"/></net>

<net id="649"><net_src comp="98" pin="0"/><net_sink comp="631" pin=3"/></net>

<net id="650"><net_src comp="536" pin="3"/><net_sink comp="631" pin=4"/></net>

<net id="651"><net_src comp="100" pin="0"/><net_sink comp="631" pin=5"/></net>

<net id="652"><net_src comp="521" pin="3"/><net_sink comp="631" pin=6"/></net>

<net id="653"><net_src comp="102" pin="0"/><net_sink comp="631" pin=7"/></net>

<net id="654"><net_src comp="498" pin="3"/><net_sink comp="631" pin=8"/></net>

<net id="655"><net_src comp="104" pin="0"/><net_sink comp="631" pin=9"/></net>

<net id="656"><net_src comp="82" pin="0"/><net_sink comp="631" pin=10"/></net>

<net id="657"><net_src comp="106" pin="0"/><net_sink comp="631" pin=11"/></net>

<net id="658"><net_src comp="591" pin="5"/><net_sink comp="631" pin=12"/></net>

<net id="663"><net_src comp="461" pin="1"/><net_sink comp="659" pin=0"/></net>

<net id="664"><net_src comp="603" pin="13"/><net_sink comp="659" pin=1"/></net>

<net id="669"><net_src comp="659" pin="2"/><net_sink comp="665" pin=0"/></net>

<net id="670"><net_src comp="108" pin="0"/><net_sink comp="665" pin=1"/></net>

<net id="675"><net_src comp="461" pin="1"/><net_sink comp="671" pin=0"/></net>

<net id="676"><net_src comp="631" pin="13"/><net_sink comp="671" pin=1"/></net>

<net id="681"><net_src comp="671" pin="2"/><net_sink comp="677" pin=0"/></net>

<net id="682"><net_src comp="108" pin="0"/><net_sink comp="677" pin=1"/></net>

<net id="687"><net_src comp="665" pin="2"/><net_sink comp="683" pin=0"/></net>

<net id="688"><net_src comp="677" pin="2"/><net_sink comp="683" pin=1"/></net>

<net id="700"><net_src comp="110" pin="0"/><net_sink comp="689" pin=0"/></net>

<net id="701"><net_src comp="112" pin="0"/><net_sink comp="689" pin=1"/></net>

<net id="702"><net_src comp="260" pin="3"/><net_sink comp="689" pin=2"/></net>

<net id="703"><net_src comp="114" pin="0"/><net_sink comp="689" pin=3"/></net>

<net id="704"><net_src comp="300" pin="3"/><net_sink comp="689" pin=4"/></net>

<net id="705"><net_src comp="116" pin="0"/><net_sink comp="689" pin=5"/></net>

<net id="706"><net_src comp="306" pin="3"/><net_sink comp="689" pin=6"/></net>

<net id="707"><net_src comp="106" pin="0"/><net_sink comp="689" pin=7"/></net>

<net id="719"><net_src comp="110" pin="0"/><net_sink comp="708" pin=0"/></net>

<net id="720"><net_src comp="114" pin="0"/><net_sink comp="708" pin=1"/></net>

<net id="721"><net_src comp="260" pin="3"/><net_sink comp="708" pin=2"/></net>

<net id="722"><net_src comp="116" pin="0"/><net_sink comp="708" pin=3"/></net>

<net id="723"><net_src comp="300" pin="3"/><net_sink comp="708" pin=4"/></net>

<net id="724"><net_src comp="112" pin="0"/><net_sink comp="708" pin=5"/></net>

<net id="725"><net_src comp="306" pin="3"/><net_sink comp="708" pin=6"/></net>

<net id="726"><net_src comp="106" pin="0"/><net_sink comp="708" pin=7"/></net>

<net id="738"><net_src comp="110" pin="0"/><net_sink comp="727" pin=0"/></net>

<net id="739"><net_src comp="112" pin="0"/><net_sink comp="727" pin=1"/></net>

<net id="740"><net_src comp="260" pin="3"/><net_sink comp="727" pin=2"/></net>

<net id="741"><net_src comp="114" pin="0"/><net_sink comp="727" pin=3"/></net>

<net id="742"><net_src comp="300" pin="3"/><net_sink comp="727" pin=4"/></net>

<net id="743"><net_src comp="116" pin="0"/><net_sink comp="727" pin=5"/></net>

<net id="744"><net_src comp="306" pin="3"/><net_sink comp="727" pin=6"/></net>

<net id="745"><net_src comp="106" pin="0"/><net_sink comp="727" pin=7"/></net>

<net id="757"><net_src comp="118" pin="0"/><net_sink comp="746" pin=0"/></net>

<net id="758"><net_src comp="114" pin="0"/><net_sink comp="746" pin=1"/></net>

<net id="759"><net_src comp="266" pin="3"/><net_sink comp="746" pin=2"/></net>

<net id="760"><net_src comp="116" pin="0"/><net_sink comp="746" pin=3"/></net>

<net id="761"><net_src comp="312" pin="3"/><net_sink comp="746" pin=4"/></net>

<net id="762"><net_src comp="112" pin="0"/><net_sink comp="746" pin=5"/></net>

<net id="763"><net_src comp="318" pin="3"/><net_sink comp="746" pin=6"/></net>

<net id="764"><net_src comp="120" pin="0"/><net_sink comp="746" pin=7"/></net>

<net id="769"><net_src comp="746" pin="9"/><net_sink comp="765" pin=0"/></net>

<net id="774"><net_src comp="708" pin="9"/><net_sink comp="770" pin=0"/></net>

<net id="779"><net_src comp="727" pin="9"/><net_sink comp="775" pin=0"/></net>

<net id="784"><net_src comp="470" pin="1"/><net_sink comp="780" pin=0"/></net>

<net id="789"><net_src comp="458" pin="1"/><net_sink comp="785" pin=0"/></net>

<net id="794"><net_src comp="473" pin="1"/><net_sink comp="790" pin=0"/></net>

<net id="799"><net_src comp="461" pin="1"/><net_sink comp="795" pin=0"/></net>

<net id="804"><net_src comp="464" pin="1"/><net_sink comp="800" pin=0"/></net>

<net id="809"><net_src comp="467" pin="1"/><net_sink comp="805" pin=0"/></net>

<net id="814"><net_src comp="689" pin="9"/><net_sink comp="810" pin=0"/></net>

<net id="819"><net_src comp="476" pin="1"/><net_sink comp="815" pin=0"/></net>

<net id="823"><net_src comp="124" pin="1"/><net_sink comp="820" pin=0"/></net>

<net id="824"><net_src comp="820" pin="1"/><net_sink comp="391" pin=1"/></net>

<net id="825"><net_src comp="820" pin="1"/><net_sink comp="396" pin=0"/></net>

<net id="826"><net_src comp="820" pin="1"/><net_sink comp="453" pin=1"/></net>

<net id="830"><net_src comp="128" pin="1"/><net_sink comp="827" pin=0"/></net>

<net id="831"><net_src comp="827" pin="1"/><net_sink comp="386" pin=1"/></net>

<net id="832"><net_src comp="827" pin="1"/><net_sink comp="479" pin=0"/></net>

<net id="833"><net_src comp="827" pin="1"/><net_sink comp="815" pin=1"/></net>

<net id="837"><net_src comp="132" pin="1"/><net_sink comp="834" pin=0"/></net>

<net id="838"><net_src comp="834" pin="1"/><net_sink comp="381" pin=1"/></net>

<net id="839"><net_src comp="834" pin="1"/><net_sink comp="458" pin=0"/></net>

<net id="840"><net_src comp="834" pin="1"/><net_sink comp="810" pin=1"/></net>

<net id="844"><net_src comp="136" pin="1"/><net_sink comp="841" pin=0"/></net>

<net id="845"><net_src comp="841" pin="1"/><net_sink comp="376" pin=1"/></net>

<net id="846"><net_src comp="841" pin="1"/><net_sink comp="482" pin=0"/></net>

<net id="847"><net_src comp="841" pin="1"/><net_sink comp="805" pin=1"/></net>

<net id="851"><net_src comp="140" pin="1"/><net_sink comp="848" pin=0"/></net>

<net id="852"><net_src comp="848" pin="1"/><net_sink comp="371" pin=1"/></net>

<net id="853"><net_src comp="848" pin="1"/><net_sink comp="485" pin=0"/></net>

<net id="854"><net_src comp="848" pin="1"/><net_sink comp="800" pin=1"/></net>

<net id="858"><net_src comp="144" pin="1"/><net_sink comp="855" pin=0"/></net>

<net id="859"><net_src comp="855" pin="1"/><net_sink comp="366" pin=1"/></net>

<net id="860"><net_src comp="855" pin="1"/><net_sink comp="488" pin=0"/></net>

<net id="861"><net_src comp="855" pin="1"/><net_sink comp="795" pin=1"/></net>

<net id="865"><net_src comp="148" pin="1"/><net_sink comp="862" pin=0"/></net>

<net id="866"><net_src comp="862" pin="1"/><net_sink comp="361" pin=1"/></net>

<net id="867"><net_src comp="862" pin="1"/><net_sink comp="461" pin=0"/></net>

<net id="868"><net_src comp="862" pin="1"/><net_sink comp="790" pin=1"/></net>

<net id="872"><net_src comp="152" pin="1"/><net_sink comp="869" pin=0"/></net>

<net id="873"><net_src comp="869" pin="1"/><net_sink comp="356" pin=1"/></net>

<net id="874"><net_src comp="869" pin="1"/><net_sink comp="464" pin=0"/></net>

<net id="875"><net_src comp="869" pin="1"/><net_sink comp="785" pin=1"/></net>

<net id="879"><net_src comp="156" pin="1"/><net_sink comp="876" pin=0"/></net>

<net id="880"><net_src comp="876" pin="1"/><net_sink comp="351" pin=1"/></net>

<net id="881"><net_src comp="876" pin="1"/><net_sink comp="467" pin=0"/></net>

<net id="882"><net_src comp="876" pin="1"/><net_sink comp="780" pin=1"/></net>

<net id="886"><net_src comp="160" pin="1"/><net_sink comp="883" pin=0"/></net>

<net id="887"><net_src comp="883" pin="1"/><net_sink comp="346" pin=1"/></net>

<net id="888"><net_src comp="883" pin="1"/><net_sink comp="470" pin=0"/></net>

<net id="889"><net_src comp="883" pin="1"/><net_sink comp="775" pin=1"/></net>

<net id="893"><net_src comp="164" pin="1"/><net_sink comp="890" pin=0"/></net>

<net id="894"><net_src comp="890" pin="1"/><net_sink comp="341" pin=1"/></net>

<net id="895"><net_src comp="890" pin="1"/><net_sink comp="473" pin=0"/></net>

<net id="896"><net_src comp="890" pin="1"/><net_sink comp="770" pin=1"/></net>

<net id="900"><net_src comp="168" pin="1"/><net_sink comp="897" pin=0"/></net>

<net id="901"><net_src comp="897" pin="1"/><net_sink comp="336" pin=1"/></net>

<net id="902"><net_src comp="897" pin="1"/><net_sink comp="476" pin=0"/></net>

<net id="903"><net_src comp="897" pin="1"/><net_sink comp="765" pin=1"/></net>

<net id="907"><net_src comp="172" pin="2"/><net_sink comp="904" pin=0"/></net>

<net id="908"><net_src comp="904" pin="1"/><net_sink comp="708" pin=8"/></net>

<net id="909"><net_src comp="904" pin="1"/><net_sink comp="727" pin=8"/></net>

<net id="910"><net_src comp="904" pin="1"/><net_sink comp="746" pin=8"/></net>

<net id="914"><net_src comp="178" pin="2"/><net_sink comp="911" pin=0"/></net>

<net id="915"><net_src comp="911" pin="1"/><net_sink comp="689" pin=8"/></net>

<net id="919"><net_src comp="324" pin="2"/><net_sink comp="916" pin=0"/></net>

<net id="920"><net_src comp="916" pin="1"/><net_sink comp="517" pin=0"/></net>

<net id="921"><net_src comp="916" pin="1"/><net_sink comp="536" pin=0"/></net>

<net id="922"><net_src comp="916" pin="1"/><net_sink comp="555" pin=0"/></net>

<net id="926"><net_src comp="330" pin="2"/><net_sink comp="923" pin=0"/></net>

<net id="927"><net_src comp="923" pin="1"/><net_sink comp="505" pin=0"/></net>

<net id="928"><net_src comp="923" pin="1"/><net_sink comp="529" pin=0"/></net>

<net id="929"><net_src comp="923" pin="1"/><net_sink comp="543" pin=0"/></net>

<net id="933"><net_src comp="399" pin="2"/><net_sink comp="930" pin=0"/></net>

<net id="937"><net_src comp="411" pin="2"/><net_sink comp="934" pin=0"/></net>

<net id="938"><net_src comp="934" pin="1"/><net_sink comp="491" pin=0"/></net>

<net id="939"><net_src comp="934" pin="1"/><net_sink comp="505" pin=1"/></net>

<net id="940"><net_src comp="934" pin="1"/><net_sink comp="555" pin=1"/></net>

<net id="944"><net_src comp="417" pin="2"/><net_sink comp="941" pin=0"/></net>

<net id="945"><net_src comp="941" pin="1"/><net_sink comp="498" pin=0"/></net>

<net id="946"><net_src comp="941" pin="1"/><net_sink comp="517" pin=1"/></net>

<net id="947"><net_src comp="941" pin="1"/><net_sink comp="543" pin=1"/></net>

<net id="951"><net_src comp="246" pin="3"/><net_sink comp="948" pin=0"/></net>

<net id="952"><net_src comp="948" pin="1"/><net_sink comp="260" pin=0"/></net>

<net id="956"><net_src comp="253" pin="3"/><net_sink comp="953" pin=0"/></net>

<net id="957"><net_src comp="953" pin="1"/><net_sink comp="266" pin=0"/></net>

<net id="961"><net_src comp="272" pin="3"/><net_sink comp="958" pin=0"/></net>

<net id="962"><net_src comp="958" pin="1"/><net_sink comp="300" pin=0"/></net>

<net id="966"><net_src comp="279" pin="3"/><net_sink comp="963" pin=0"/></net>

<net id="967"><net_src comp="963" pin="1"/><net_sink comp="312" pin=0"/></net>

<net id="971"><net_src comp="286" pin="3"/><net_sink comp="968" pin=0"/></net>

<net id="972"><net_src comp="968" pin="1"/><net_sink comp="306" pin=0"/></net>

<net id="976"><net_src comp="293" pin="3"/><net_sink comp="973" pin=0"/></net>

<net id="977"><net_src comp="973" pin="1"/><net_sink comp="318" pin=0"/></net>

<net id="981"><net_src comp="461" pin="1"/><net_sink comp="978" pin=0"/></net>

<net id="982"><net_src comp="978" pin="1"/><net_sink comp="238" pin=2"/></net>

<net id="986"><net_src comp="683" pin="2"/><net_sink comp="983" pin=0"/></net>

</net_list>

</model> 
---------------- Datapath Model END ------------------

* FSMD analyzer results:
  - Output states:
	Port: nms_out | {3 }
 - Input state : 
	Port: non_maximum_suppression_Pipeline_VITIS_LOOP_105_5 : tmp_4 | {1 }
	Port: non_maximum_suppression_Pipeline_VITIS_LOOP_105_5 : tmp_3 | {1 }
	Port: non_maximum_suppression_Pipeline_VITIS_LOOP_105_5 : tmp_8 | {1 }
	Port: non_maximum_suppression_Pipeline_VITIS_LOOP_105_5 : tmp_5 | {1 }
	Port: non_maximum_suppression_Pipeline_VITIS_LOOP_105_5 : tmp_s | {1 }
	Port: non_maximum_suppression_Pipeline_VITIS_LOOP_105_5 : tmp_1 | {1 }
	Port: non_maximum_suppression_Pipeline_VITIS_LOOP_105_5 : tmp_2 | {1 }
	Port: non_maximum_suppression_Pipeline_VITIS_LOOP_105_5 : tmp_9 | {1 }
	Port: non_maximum_suppression_Pipeline_VITIS_LOOP_105_5 : outputRow | {1 }
	Port: non_maximum_suppression_Pipeline_VITIS_LOOP_105_5 : lineBuffer_magnitude | {1 2 }
	Port: non_maximum_suppression_Pipeline_VITIS_LOOP_105_5 : lineBuffer_direction | {1 2 }
	Port: non_maximum_suppression_Pipeline_VITIS_LOOP_105_5 : lineBuffer_magnitude_1 | {1 2 }
	Port: non_maximum_suppression_Pipeline_VITIS_LOOP_105_5 : lineBuffer_direction_1 | {1 2 }
	Port: non_maximum_suppression_Pipeline_VITIS_LOOP_105_5 : lineBuffer_magnitude_2 | {1 2 }
	Port: non_maximum_suppression_Pipeline_VITIS_LOOP_105_5 : lineBuffer_direction_2 | {1 2 }
	Port: non_maximum_suppression_Pipeline_VITIS_LOOP_105_5 : select_ln11 | {1 }
	Port: non_maximum_suppression_Pipeline_VITIS_LOOP_105_5 : empty | {1 }
	Port: non_maximum_suppression_Pipeline_VITIS_LOOP_105_5 : nms_out | {}
  - Chain level:
	State 1
		store_ln105 : 1
		column : 1
		icmp_ln105 : 2
		column_4 : 2
		br_ln105 : 3
		hasLeft : 2
		hasRight : 2
		add_ln160 : 2
		icmp_ln17 : 3
		nextColumn : 4
		zext_ln167 : 5
		lineBuffer_magnitude_addr : 6
		lineBuffer_direction_addr : 6
		banked_magnitude : 7
		banked_direction : 7
		lineBuffer_magnitude_1_addr : 6
		lineBuffer_direction_1_addr : 6
		lineBuffer_magnitude_2_addr : 6
		lineBuffer_direction_2_addr : 6
		banked_magnitude_1 : 7
		banked_magnitude_2 : 7
		banked_direction_1 : 7
		banked_direction_2 : 7
		store_ln105 : 3
	State 2
		neighbourOne : 1
		neighbourTwo : 1
		neighbourOne_2 : 1
		neighbourTwo_2 : 1
		icmp_ln116 : 1
		icmp_ln116_1 : 1
		icmp_ln116_2 : 1
		icmp_ln116_3 : 1
		sel_tmp4 : 2
		neighbourOne_4 : 3
		neighbourTwo_4 : 3
		icmp_ln151 : 4
		xor_ln151 : 5
		icmp_ln152 : 4
		xor_ln152 : 5
		and_ln151 : 5
		br_ln151 : 5
		tmp_6 : 1
		tmp_7 : 1
		tmp_10 : 1
		tmp_11 : 1
		store_ln174 : 2
		store_ln174 : 2
		store_ln174 : 2
		store_ln129 : 1
		store_ln0 : 1
		store_ln108 : 1
		store_ln152 : 1
		store_ln134 : 1
		store_ln137 : 1
		store_ln174 : 2
		store_ln108 : 1
	State 3


============================================================
+ Verbose Summary: Datapath Resource usage 
============================================================

* Functional unit list:
|----------|------------------------------|---------|---------|
| Operation|        Functional Unit       |    FF   |   LUT   |
|----------|------------------------------|---------|---------|
|          |       hasBottom_fu_324       |    0    |    16   |
|          |         hasTop_fu_330        |    0    |    16   |
|          |       icmp_ln105_fu_399      |    0    |    17   |
|          |        hasLeft_fu_411        |    0    |    17   |
|          |        hasRight_fu_417       |    0    |    17   |
|   icmp   |       icmp_ln17_fu_429       |    0    |    17   |
|          |       icmp_ln116_fu_567      |    0    |    15   |
|          |      icmp_ln116_1_fu_573     |    0    |    15   |
|          |      icmp_ln116_2_fu_579     |    0    |    15   |
|          |      icmp_ln116_3_fu_585     |    0    |    15   |
|          |       icmp_ln151_fu_659      |    0    |    23   |
|          |       icmp_ln152_fu_671      |    0    |    23   |
|----------|------------------------------|---------|---------|
|          |       nextColumn_fu_435      |    0    |    10   |
|          |      neighbourOne_fu_491     |    0    |    16   |
|          |      neighbourTwo_fu_498     |    0    |    16   |
|          |     neighbourOne_1_fu_509    |    0    |    16   |
|  select  |     neighbourTwo_1_fu_521    |    0    |    16   |
|          |     neighbourOne_2_fu_529    |    0    |    16   |
|          |     neighbourTwo_2_fu_536    |    0    |    16   |
|          |     neighbourOne_3_fu_547    |    0    |    16   |
|          |     neighbourTwo_3_fu_559    |    0    |    16   |
|----------|------------------------------|---------|---------|
|          |     neighbourOne_4_fu_603    |    0    |    20   |
|          |     neighbourTwo_4_fu_631    |    0    |    20   |
| sparsemux|         tmp_6_fu_689         |    0    |    9    |
|          |         tmp_7_fu_708         |    0    |    9    |
|          |         tmp_10_fu_727        |    0    |    9    |
|          |         tmp_11_fu_746        |    0    |    9    |
|----------|------------------------------|---------|---------|
|    add   |        column_4_fu_405       |    0    |    17   |
|          |       add_ln160_fu_423       |    0    |    17   |
|----------|------------------------------|---------|---------|
|          |       and_ln126_fu_505       |    0    |    2    |
|          |       and_ln129_fu_517       |    0    |    2    |
|    and   |       and_ln142_fu_543       |    0    |    2    |
|          |       and_ln145_fu_555       |    0    |    2    |
|          |       and_ln151_fu_683       |    0    |    2    |
|----------|------------------------------|---------|---------|
|    xor   |       xor_ln151_fu_665       |    0    |    2    |
|          |       xor_ln152_fu_677       |    0    |    2    |
|----------|------------------------------|---------|---------|
|          |        tmp_read_fu_172       |    0    |    0    |
|          | select_ln11_read_read_fu_178 |    0    |    0    |
|          |  outputRow_read_read_fu_184  |    0    |    0    |
|          |    tmp_9_read_read_fu_190    |    0    |    0    |
|          |    tmp_2_read_read_fu_196    |    0    |    0    |
|   read   |    tmp_1_read_read_fu_202    |    0    |    0    |
|          |     tmp_read_read_fu_208     |    0    |    0    |
|          |    tmp_5_read_read_fu_214    |    0    |    0    |
|          |    tmp_8_read_read_fu_220    |    0    |    0    |
|          |    tmp_3_read_read_fu_226    |    0    |    0    |
|          |    tmp_4_read_read_fu_232    |    0    |    0    |
|----------|------------------------------|---------|---------|
|   write  |       grp_write_fu_238       |    0    |    0    |
|----------|------------------------------|---------|---------|
|   zext   |       zext_ln167_fu_443      |    0    |    0    |
|----------|------------------------------|---------|---------|
|bitconcatenate|        sel_tmp4_fu_591       |    0    |    0    |
|----------|------------------------------|---------|---------|
|   Total  |                              |    0    |   468   |
|----------|------------------------------|---------|---------|

Memories:
N/A

* Register list:
+-----------------------------------+--------+
|                                   |   FF   |
+-----------------------------------+--------+
|         and_ln151_reg_983         |    1   |
|      centre_direction_reg_827     |    8   |
|     centre_magnitude_1_reg_978    |   16   |
|      centre_magnitude_reg_862     |   16   |
|          column_3_reg_820         |   10   |
|         hasBottom_reg_916         |    1   |
|          hasLeft_reg_934          |    1   |
|          hasRight_reg_941         |    1   |
|           hasTop_reg_923          |    1   |
|         icmp_ln105_reg_930        |    1   |
|lineBuffer_direction_1_addr_reg_963|   10   |
|lineBuffer_direction_2_addr_reg_973|   10   |
| lineBuffer_direction_addr_reg_953 |   10   |
|lineBuffer_magnitude_1_addr_reg_958|   10   |
|lineBuffer_magnitude_2_addr_reg_968|   10   |
| lineBuffer_magnitude_addr_reg_948 |   10   |
|        p_028_13443_reg_855        |   16   |
|         p_028_240_reg_876         |   16   |
|         p_030_238_reg_841         |   16   |
|         p_0373941_reg_848         |   16   |
|          p_03739_reg_869          |   16   |
|           p_037_reg_834           |   16   |
|          p_0_144_reg_890          |   16   |
|          p_0_242_reg_883          |   16   |
|          p_1_147_reg_897          |    8   |
|      select_ln11_read_reg_911     |    2   |
|            tmp_reg_904            |    2   |
+-----------------------------------+--------+
|               Total               |   256  |
+-----------------------------------+--------+

* Multiplexer (MUX) list: 
|-------------------|------|------|------|--------||---------||---------||---------|
|        Comp       |  Pin | Size |  BW  | S x BW ||  Delay  ||    FF   ||   LUT   |
|-------------------|------|------|------|--------||---------||---------||---------|
|  grp_write_fu_238 |  p2  |   2  |  16  |   32   ||    0    ||    9    |
| grp_access_fu_260 |  p0  |   2  |  10  |   20   ||    0    ||    9    |
| grp_access_fu_266 |  p0  |   2  |  10  |   20   ||    0    ||    9    |
| grp_access_fu_300 |  p0  |   2  |  10  |   20   ||    0    ||    9    |
| grp_access_fu_306 |  p0  |   2  |  10  |   20   ||    0    ||    9    |
| grp_access_fu_312 |  p0  |   2  |  10  |   20   ||    0    ||    9    |
| grp_access_fu_318 |  p0  |   2  |  10  |   20   ||    0    ||    9    |
|-------------------|------|------|------|--------||---------||---------||---------|
|       Total       |      |      |      |   152  ||  2.989  ||    0    ||    63   |
|-------------------|------|------|------|--------||---------||---------||---------|



* Summary:
+-----------+--------+--------+--------+
|           |  Delay |   FF   |   LUT  |
+-----------+--------+--------+--------+
|  Function |    -   |    0   |   468  |
|   Memory  |    -   |    -   |    -   |
|Multiplexer|    2   |    0   |   63   |
|  Register |    -   |   256  |    -   |
+-----------+--------+--------+--------+
|   Total   |    2   |   256  |   531  |
+-----------+--------+--------+--------+
