

================================================================
== Vitis HLS Report for 'non_maximum_suppression'
================================================================
* Date:           Sat Aug  1 12:52:06 2026

* Version:        2025.2 (Build 6295257 on Nov 14 2025)
* Project:        canny_top
* Solution:       hls (Vitis Kernel Flow Target)
* Product family: zynquplus
* Target device:  xck26-sfvc784-2LV-c


================================================================
== Performance Estimates
================================================================
+ Timing: 
    * Summary: 
    +--------+---------+----------+------------+
    |  Clock |  Target | Estimated| Uncertainty|
    +--------+---------+----------+------------+
    |ap_clk  |  5.00 ns|  3.324 ns|     1.35 ns|
    +--------+---------+----------+------------+

+ Latency: 
    * Summary: 
    +---------+---------+----------+----------+------+--------+---------+
    |  Latency (cycles) |  Latency (absolute) |    Interval   | Pipeline|
    |   min   |   max   |    min   |    max   |  min |   max  |   Type  |
    +---------+---------+----------+----------+------+--------+---------+
    |     1540|   536086|  7.700 us|  2.680 ms|  1540|  536086|       no|
    +---------+---------+----------+----------+------+--------+---------+

    + Detail: 
        * Instance: 
        +--------------------------------------------------------------+---------------------------------------------------+---------+---------+----------+----------+-----+-----+-------------------+
        |                                                              |                                                   |  Latency (cycles) |  Latency (absolute) |  Interval |      Pipeline     |
        |                           Instance                           |                       Module                      |   min   |   max   |    min   |    max   | min | max |        Type       |
        +--------------------------------------------------------------+---------------------------------------------------+---------+---------+----------+----------+-----+-----+-------------------+
        |grp_non_maximum_suppression_Pipeline_VITIS_LOOP_50_2_fu_254   |non_maximum_suppression_Pipeline_VITIS_LOOP_50_2   |      514|      514|  2.570 us|  2.570 us|    0|    0|  loop pipeline stp|
        |grp_non_maximum_suppression_Pipeline_VITIS_LOOP_105_5_fu_267  |non_maximum_suppression_Pipeline_VITIS_LOOP_105_5  |      515|      515|  2.575 us|  2.575 us|    0|    0|  loop pipeline stp|
        +--------------------------------------------------------------+---------------------------------------------------+---------+---------+----------+----------+-----+-----+-------------------+

        * Loop: 
        +-------------------+---------+---------+----------+-----------+-----------+------+----------+
        |                   |  Latency (cycles) | Iteration|  Initiation Interval  | Trip |          |
        |     Loop Name     |   min   |   max   |  Latency |  achieved |   target  | Count| Pipelined|
        +-------------------+---------+---------+----------+-----------+-----------+------+----------+
        |- VITIS_LOOP_46_1  |     1539|   536085|  3 ~ 1045|          -|          -|   513|        no|
        +-------------------+---------+---------+----------+-----------+-----------+------+----------+

============================================================
+ Verbose Summary: Synthesis Manager
============================================================
InlineROM: 1
ExposeGlobal: 0
============================================================
+ Verbose Summary: CDFG Model
============================================================
IsTopModel: 0
ResetActiveHigh: 1
IsCombinational: 2
IsDatapathOnly: 0
HasWiredReturn: 1
HasMFsm: 0
HasVarLatency: 1
IsPipeline: 0
IsRtlPipelined: 0
IsInstanceOverlapped: 0
IsDontTouch: 0
HasImplIP: 0
IsGatedGlobalClock: 0


============================================================
+ Verbose Summary: Schedule
============================================================
* Number of FSM states : 17
* Pipeline : 0
* Dataflow Pipeline: 0

* FSM state transitions: 
1 --> 2 
2 --> 3 
3 --> 4 17 
4 --> 5 
5 --> 6 
6 --> 7 
7 --> 8 
8 --> 9 
9 --> 10 
10 --> 11 
11 --> 12 
12 --> 13 
13 --> 14 
14 --> 15 
15 --> 16 
16 --> 17 
17 --> 2 

* FSM state operations: 

State 1 <SV = 0> <Delay = 1.23>
ST_1 : Operation 18 [1/1] (0.00ns)   --->   "%phi_urem141 = alloca i32 1"   --->   Operation 18 'alloca' 'phi_urem141' <Predicate = true> <Delay = 0.00>
ST_1 : Operation 19 [1/1] (0.00ns)   --->   "%phi_urem = alloca i32 1"   --->   Operation 19 'alloca' 'phi_urem' <Predicate = true> <Delay = 0.00>
ST_1 : Operation 20 [1/1] (0.00ns)   --->   "%row_2 = alloca i32 1" [../src/non_maximum_suppression.cpp:9->../src/non_maximum_suppression.cpp:79]   --->   Operation 20 'alloca' 'row_2' <Predicate = true> <Delay = 0.00>
ST_1 : Operation 21 [1/1] (0.00ns)   --->   "%specinterface_ln0 = specinterface void @_ssdm_op_SpecInterface, i16 %nms_out, void @empty_11, i32 0, i32 0, void @empty_5, i32 0, i32 0, void @empty_5, void @empty_5, void @empty_5, i32 0, i32 0, i32 0, i32 0, void @empty_5, void @empty_5, i32 4294967295, i32 0, i32 0, i32 0"   --->   Operation 21 'specinterface' 'specinterface_ln0' <Predicate = true> <Delay = 0.00>
ST_1 : Operation 22 [1/1] (0.00ns)   --->   "%specinterface_ln0 = specinterface void @_ssdm_op_SpecInterface, i24 %sobel_out, void @empty_11, i32 0, i32 0, void @empty_5, i32 0, i32 0, void @empty_5, void @empty_5, void @empty_5, i32 0, i32 0, i32 0, i32 0, void @empty_5, void @empty_5, i32 4294967295, i32 0, i32 0, i32 0"   --->   Operation 22 'specinterface' 'specinterface_ln0' <Predicate = true> <Delay = 0.00>
ST_1 : Operation 23 [1/1] (1.23ns)   --->   "%lineBuffer_magnitude = alloca i64 1" [../src/non_maximum_suppression.cpp:41]   --->   Operation 23 'alloca' 'lineBuffer_magnitude' <Predicate = true> <Delay = 1.23> <CoreInst = "RAM">   --->   Core 82 'RAM' <Latency = 1> <II = 1> <Delay = 1.23> <Storage> <Opcode : 'load' 'store'> <Ports = 2> <Width = 16> <Depth = 512> <RAM>
ST_1 : Operation 24 [1/1] (1.23ns)   --->   "%lineBuffer_magnitude_1 = alloca i64 1" [../src/non_maximum_suppression.cpp:41]   --->   Operation 24 'alloca' 'lineBuffer_magnitude_1' <Predicate = true> <Delay = 1.23> <CoreInst = "RAM">   --->   Core 82 'RAM' <Latency = 1> <II = 1> <Delay = 1.23> <Storage> <Opcode : 'load' 'store'> <Ports = 2> <Width = 16> <Depth = 512> <RAM>
ST_1 : Operation 25 [1/1] (1.23ns)   --->   "%lineBuffer_magnitude_2 = alloca i64 1" [../src/non_maximum_suppression.cpp:41]   --->   Operation 25 'alloca' 'lineBuffer_magnitude_2' <Predicate = true> <Delay = 1.23> <CoreInst = "RAM">   --->   Core 82 'RAM' <Latency = 1> <II = 1> <Delay = 1.23> <Storage> <Opcode : 'load' 'store'> <Ports = 2> <Width = 16> <Depth = 512> <RAM>
ST_1 : Operation 26 [1/1] (1.23ns)   --->   "%lineBuffer_direction = alloca i64 1" [../src/non_maximum_suppression.cpp:41]   --->   Operation 26 'alloca' 'lineBuffer_direction' <Predicate = true> <Delay = 1.23> <CoreInst = "RAM">   --->   Core 82 'RAM' <Latency = 1> <II = 1> <Delay = 1.23> <Storage> <Opcode : 'load' 'store'> <Ports = 2> <Width = 8> <Depth = 512> <RAM>
ST_1 : Operation 27 [1/1] (1.23ns)   --->   "%lineBuffer_direction_1 = alloca i64 1" [../src/non_maximum_suppression.cpp:41]   --->   Operation 27 'alloca' 'lineBuffer_direction_1' <Predicate = true> <Delay = 1.23> <CoreInst = "RAM">   --->   Core 82 'RAM' <Latency = 1> <II = 1> <Delay = 1.23> <Storage> <Opcode : 'load' 'store'> <Ports = 2> <Width = 8> <Depth = 512> <RAM>
ST_1 : Operation 28 [1/1] (1.23ns)   --->   "%lineBuffer_direction_2 = alloca i64 1" [../src/non_maximum_suppression.cpp:41]   --->   Operation 28 'alloca' 'lineBuffer_direction_2' <Predicate = true> <Delay = 1.23> <CoreInst = "RAM">   --->   Core 82 'RAM' <Latency = 1> <II = 1> <Delay = 1.23> <Storage> <Opcode : 'load' 'store'> <Ports = 2> <Width = 8> <Depth = 512> <RAM>
ST_1 : Operation 29 [1/1] (0.00ns)   --->   "%lineBuffer_magnitude_addr = getelementptr i16 %lineBuffer_magnitude, i64 0, i64 0" [../src/non_maximum_suppression.cpp:101]   --->   Operation 29 'getelementptr' 'lineBuffer_magnitude_addr' <Predicate = true> <Delay = 0.00>
ST_1 : Operation 30 [1/1] (0.00ns)   --->   "%lineBuffer_magnitude_1_addr = getelementptr i16 %lineBuffer_magnitude_1, i64 0, i64 0" [../src/non_maximum_suppression.cpp:101]   --->   Operation 30 'getelementptr' 'lineBuffer_magnitude_1_addr' <Predicate = true> <Delay = 0.00>
ST_1 : Operation 31 [1/1] (0.00ns)   --->   "%lineBuffer_magnitude_2_addr = getelementptr i16 %lineBuffer_magnitude_2, i64 0, i64 0" [../src/non_maximum_suppression.cpp:101]   --->   Operation 31 'getelementptr' 'lineBuffer_magnitude_2_addr' <Predicate = true> <Delay = 0.00>
ST_1 : Operation 32 [1/1] (0.00ns)   --->   "%lineBuffer_direction_addr = getelementptr i8 %lineBuffer_direction, i64 0, i64 0" [../src/non_maximum_suppression.cpp:101]   --->   Operation 32 'getelementptr' 'lineBuffer_direction_addr' <Predicate = true> <Delay = 0.00>
ST_1 : Operation 33 [1/1] (0.00ns)   --->   "%lineBuffer_direction_1_addr = getelementptr i8 %lineBuffer_direction_1, i64 0, i64 0" [../src/non_maximum_suppression.cpp:101]   --->   Operation 33 'getelementptr' 'lineBuffer_direction_1_addr' <Predicate = true> <Delay = 0.00>
ST_1 : Operation 34 [1/1] (0.00ns)   --->   "%lineBuffer_direction_2_addr = getelementptr i8 %lineBuffer_direction_2, i64 0, i64 0" [../src/non_maximum_suppression.cpp:101]   --->   Operation 34 'getelementptr' 'lineBuffer_direction_2_addr' <Predicate = true> <Delay = 0.00>
ST_1 : Operation 35 [1/1] (0.00ns)   --->   "%lineBuffer_magnitude_addr_1 = getelementptr i16 %lineBuffer_magnitude, i64 0, i64 1" [../src/non_maximum_suppression.cpp:101]   --->   Operation 35 'getelementptr' 'lineBuffer_magnitude_addr_1' <Predicate = true> <Delay = 0.00>
ST_1 : Operation 36 [1/1] (0.00ns)   --->   "%lineBuffer_magnitude_1_addr_1 = getelementptr i16 %lineBuffer_magnitude_1, i64 0, i64 1" [../src/non_maximum_suppression.cpp:101]   --->   Operation 36 'getelementptr' 'lineBuffer_magnitude_1_addr_1' <Predicate = true> <Delay = 0.00>
ST_1 : Operation 37 [1/1] (0.00ns)   --->   "%lineBuffer_magnitude_2_addr_1 = getelementptr i16 %lineBuffer_magnitude_2, i64 0, i64 1" [../src/non_maximum_suppression.cpp:101]   --->   Operation 37 'getelementptr' 'lineBuffer_magnitude_2_addr_1' <Predicate = true> <Delay = 0.00>
ST_1 : Operation 38 [1/1] (0.00ns)   --->   "%lineBuffer_direction_addr_1 = getelementptr i8 %lineBuffer_direction, i64 0, i64 1" [../src/non_maximum_suppression.cpp:101]   --->   Operation 38 'getelementptr' 'lineBuffer_direction_addr_1' <Predicate = true> <Delay = 0.00>
ST_1 : Operation 39 [1/1] (0.00ns)   --->   "%lineBuffer_direction_1_addr_1 = getelementptr i8 %lineBuffer_direction_1, i64 0, i64 1" [../src/non_maximum_suppression.cpp:101]   --->   Operation 39 'getelementptr' 'lineBuffer_direction_1_addr_1' <Predicate = true> <Delay = 0.00>
ST_1 : Operation 40 [1/1] (0.00ns)   --->   "%lineBuffer_direction_2_addr_1 = getelementptr i8 %lineBuffer_direction_2, i64 0, i64 1" [../src/non_maximum_suppression.cpp:101]   --->   Operation 40 'getelementptr' 'lineBuffer_direction_2_addr_1' <Predicate = true> <Delay = 0.00>
ST_1 : Operation 41 [1/1] (0.42ns)   --->   "%store_ln9 = store i10 0, i10 %row_2" [../src/non_maximum_suppression.cpp:9->../src/non_maximum_suppression.cpp:79]   --->   Operation 41 'store' 'store_ln9' <Predicate = true> <Delay = 0.42>
ST_1 : Operation 42 [1/1] (0.42ns)   --->   "%store_ln0 = store i10 0, i10 %phi_urem"   --->   Operation 42 'store' 'store_ln0' <Predicate = true> <Delay = 0.42>
ST_1 : Operation 43 [1/1] (0.42ns)   --->   "%store_ln0 = store i10 0, i10 %phi_urem141"   --->   Operation 43 'store' 'store_ln0' <Predicate = true> <Delay = 0.42>
ST_1 : Operation 44 [1/1] (0.00ns)   --->   "%br_ln46 = br void %for.body" [../src/non_maximum_suppression.cpp:46]   --->   Operation 44 'br' 'br_ln46' <Predicate = true> <Delay = 0.00>

State 2 <SV = 1> <Delay = 1.33>
ST_2 : Operation 45 [1/1] (0.00ns)   --->   "%row_3 = load i10 %row_2" [../src/non_maximum_suppression.cpp:77]   --->   Operation 45 'load' 'row_3' <Predicate = true> <Delay = 0.00>
ST_2 : Operation 46 [1/1] (0.78ns)   --->   "%icmp_ln46 = icmp_eq  i10 %row_3, i10 513" [../src/non_maximum_suppression.cpp:46]   --->   Operation 46 'icmp' 'icmp_ln46' <Predicate = true> <Delay = 0.78> <CoreInst = "Cmp">   --->   Core 9 'Cmp' <Latency = 0> <II = 1> <Delay = 0.78> <FuncUnit> <Opcode : 'seteq' 'setne' 'setle' 'setge' 'setlt' 'setgt'> <InPorts = 2> <OutPorts = 1>
ST_2 : Operation 47 [1/1] (0.00ns)   --->   "%speclooptripcount_ln0 = speclooptripcount void @_ssdm_op_SpecLoopTripCount, i64 513, i64 513, i64 513"   --->   Operation 47 'speclooptripcount' 'speclooptripcount_ln0' <Predicate = true> <Delay = 0.00>
ST_2 : Operation 48 [1/1] (0.78ns)   --->   "%rowsReceived = add i10 %row_3, i10 1" [../src/non_maximum_suppression.cpp:55]   --->   Operation 48 'add' 'rowsReceived' <Predicate = true> <Delay = 0.78> <CoreInst = "Adder">   --->   Core 1 'Adder' <Latency = 0> <II = 1> <Delay = 0.78> <FuncUnit> <Opcode : 'add' 'sub'> <InPorts = 2> <OutPorts = 1>
ST_2 : Operation 49 [1/1] (0.00ns)   --->   "%br_ln46 = br i1 %icmp_ln46, void %for.body.split, void %for.end189" [../src/non_maximum_suppression.cpp:46]   --->   Operation 49 'br' 'br_ln46' <Predicate = true> <Delay = 0.00>
ST_2 : Operation 50 [1/1] (0.00ns)   --->   "%specloopname_ln46 = specloopname void @_ssdm_op_SpecLoopName, void @empty_18" [../src/non_maximum_suppression.cpp:46]   --->   Operation 50 'specloopname' 'specloopname_ln46' <Predicate = (!icmp_ln46)> <Delay = 0.00>
ST_2 : Operation 51 [1/1] (0.00ns)   --->   "%tmp = bitselect i1 @_ssdm_op_BitSelect.i1.i10.i32, i10 %row_3, i32 9" [../src/non_maximum_suppression.cpp:47]   --->   Operation 51 'bitselect' 'tmp' <Predicate = (!icmp_ln46)> <Delay = 0.00>
ST_2 : Operation 52 [1/1] (0.00ns)   --->   "%br_ln47 = br i1 %tmp, void %VITIS_LOOP_50_2, void %if.end" [../src/non_maximum_suppression.cpp:47]   --->   Operation 52 'br' 'br_ln47' <Predicate = (!icmp_ln46)> <Delay = 0.00>
ST_2 : Operation 53 [1/1] (0.00ns)   --->   "%phi_urem_load_2 = load i10 %phi_urem" [../src/non_maximum_suppression.cpp:52]   --->   Operation 53 'load' 'phi_urem_load_2' <Predicate = (!icmp_ln46 & !tmp)> <Delay = 0.00>
ST_2 : Operation 54 [1/1] (0.00ns)   --->   "%trunc_ln52 = trunc i10 %phi_urem_load_2" [../src/non_maximum_suppression.cpp:52]   --->   Operation 54 'trunc' 'trunc_ln52' <Predicate = (!icmp_ln46 & !tmp)> <Delay = 0.00>
ST_2 : Operation 55 [2/2] (0.54ns)   --->   "%call_ln52 = call void @non_maximum_suppression_Pipeline_VITIS_LOOP_50_2, i8 %lineBuffer_direction_2, i8 %lineBuffer_direction_1, i8 %lineBuffer_direction, i16 %lineBuffer_magnitude_2, i16 %lineBuffer_magnitude_1, i16 %lineBuffer_magnitude, i24 %sobel_out, i2 %trunc_ln52" [../src/non_maximum_suppression.cpp:52]   --->   Operation 55 'call' 'call_ln52' <Predicate = (!icmp_ln46 & !tmp)> <Delay = 0.54> <CoreType = "Generic">   --->   Generic Core
ST_2 : Operation 56 [1/1] (0.00ns)   --->   "%ret_ln178 = ret" [../src/non_maximum_suppression.cpp:178]   --->   Operation 56 'ret' 'ret_ln178' <Predicate = (icmp_ln46)> <Delay = 0.00>

State 3 <SV = 2> <Delay = 2.18>
ST_3 : Operation 57 [1/2] (1.64ns)   --->   "%call_ln52 = call void @non_maximum_suppression_Pipeline_VITIS_LOOP_50_2, i8 %lineBuffer_direction_2, i8 %lineBuffer_direction_1, i8 %lineBuffer_direction, i16 %lineBuffer_magnitude_2, i16 %lineBuffer_magnitude_1, i16 %lineBuffer_magnitude, i24 %sobel_out, i2 %trunc_ln52" [../src/non_maximum_suppression.cpp:52]   --->   Operation 57 'call' 'call_ln52' <Predicate = (!tmp)> <Delay = 1.64> <CoreType = "Generic">   --->   Generic Core
ST_3 : Operation 58 [1/1] (0.00ns)   --->   "%br_ln0 = br void %if.end"   --->   Operation 58 'br' 'br_ln0' <Predicate = (!tmp)> <Delay = 0.00>
ST_3 : Operation 59 [1/1] (0.78ns)   --->   "%outputRow = add i10 %row_3, i10 1023" [../src/non_maximum_suppression.cpp:61]   --->   Operation 59 'add' 'outputRow' <Predicate = true> <Delay = 0.78> <CoreInst = "Adder">   --->   Core 1 'Adder' <Latency = 0> <II = 1> <Delay = 0.78> <FuncUnit> <Opcode : 'add' 'sub'> <InPorts = 2> <OutPorts = 1>
ST_3 : Operation 60 [1/1] (0.00ns)   --->   "%trunc_ln61 = trunc i10 %outputRow" [../src/non_maximum_suppression.cpp:61]   --->   Operation 60 'trunc' 'trunc_ln61' <Predicate = true> <Delay = 0.00>
ST_3 : Operation 61 [1/1] (0.00ns)   --->   "%tmp_20 = bitselect i1 @_ssdm_op_BitSelect.i1.i10.i32, i10 %outputRow, i32 9" [../src/non_maximum_suppression.cpp:63]   --->   Operation 61 'bitselect' 'tmp_20' <Predicate = true> <Delay = 0.00>
ST_3 : Operation 62 [1/1] (0.00ns)   --->   "%br_ln63 = br i1 %tmp_20, void %VITIS_LOOP_91_3, void %cleanup" [../src/non_maximum_suppression.cpp:63]   --->   Operation 62 'br' 'br_ln63' <Predicate = true> <Delay = 0.00>
ST_3 : Operation 63 [1/1] (0.78ns)   --->   "%add_ln77 = add i10 %row_3, i10 1022" [../src/non_maximum_suppression.cpp:77]   --->   Operation 63 'add' 'add_ln77' <Predicate = (!tmp_20)> <Delay = 0.78> <CoreInst = "Adder">   --->   Core 1 'Adder' <Latency = 0> <II = 1> <Delay = 0.78> <FuncUnit> <Opcode : 'add' 'sub'> <InPorts = 2> <OutPorts = 1>
ST_3 : Operation 64 [14/14] (1.39ns)   --->   "%result = srem i10 %add_ln77, i10 3" [../src/non_maximum_suppression.cpp:10->../src/non_maximum_suppression.cpp:77]   --->   Operation 64 'srem' 'result' <Predicate = (!tmp_20)> <Delay = 1.39> <CoreInst = "DivnS_SEQ">   --->   Core 7 'DivnS_SEQ' <Latency = 13> <II = 10> <Delay = 1.39> <FuncUnit> <Opcode : 'udiv' 'sdiv' 'urem' 'srem'> <InPorts = 2> <OutPorts = 1>

State 4 <SV = 3> <Delay = 1.39>
ST_4 : Operation 65 [13/14] (1.39ns)   --->   "%result = srem i10 %add_ln77, i10 3" [../src/non_maximum_suppression.cpp:10->../src/non_maximum_suppression.cpp:77]   --->   Operation 65 'srem' 'result' <Predicate = true> <Delay = 1.39> <CoreInst = "DivnS_SEQ">   --->   Core 7 'DivnS_SEQ' <Latency = 13> <II = 10> <Delay = 1.39> <FuncUnit> <Opcode : 'udiv' 'sdiv' 'urem' 'srem'> <InPorts = 2> <OutPorts = 1>
ST_4 : Operation 66 [2/2] (1.23ns)   --->   "%lineBuffer_direction_load = load i9 %lineBuffer_direction_addr" [../src/non_maximum_suppression.cpp:100]   --->   Operation 66 'load' 'lineBuffer_direction_load' <Predicate = true> <Delay = 1.23> <CoreInst = "RAM">   --->   Core 82 'RAM' <Latency = 1> <II = 1> <Delay = 1.23> <Storage> <Opcode : 'load' 'store'> <Ports = 2> <Width = 8> <Depth = 512> <RAM>
ST_4 : Operation 67 [2/2] (1.23ns)   --->   "%lineBuffer_direction_1_load = load i9 %lineBuffer_direction_1_addr" [../src/non_maximum_suppression.cpp:100]   --->   Operation 67 'load' 'lineBuffer_direction_1_load' <Predicate = true> <Delay = 1.23> <CoreInst = "RAM">   --->   Core 82 'RAM' <Latency = 1> <II = 1> <Delay = 1.23> <Storage> <Opcode : 'load' 'store'> <Ports = 2> <Width = 8> <Depth = 512> <RAM>
ST_4 : Operation 68 [2/2] (1.23ns)   --->   "%lineBuffer_direction_2_load = load i9 %lineBuffer_direction_2_addr" [../src/non_maximum_suppression.cpp:100]   --->   Operation 68 'load' 'lineBuffer_direction_2_load' <Predicate = true> <Delay = 1.23> <CoreInst = "RAM">   --->   Core 82 'RAM' <Latency = 1> <II = 1> <Delay = 1.23> <Storage> <Opcode : 'load' 'store'> <Ports = 2> <Width = 8> <Depth = 512> <RAM>
ST_4 : Operation 69 [2/2] (1.23ns)   --->   "%lineBuffer_direction_load_1 = load i9 %lineBuffer_direction_addr_1" [../src/non_maximum_suppression.cpp:100]   --->   Operation 69 'load' 'lineBuffer_direction_load_1' <Predicate = true> <Delay = 1.23> <CoreInst = "RAM">   --->   Core 82 'RAM' <Latency = 1> <II = 1> <Delay = 1.23> <Storage> <Opcode : 'load' 'store'> <Ports = 2> <Width = 8> <Depth = 512> <RAM>
ST_4 : Operation 70 [2/2] (1.23ns)   --->   "%lineBuffer_direction_1_load_1 = load i9 %lineBuffer_direction_1_addr_1" [../src/non_maximum_suppression.cpp:100]   --->   Operation 70 'load' 'lineBuffer_direction_1_load_1' <Predicate = true> <Delay = 1.23> <CoreInst = "RAM">   --->   Core 82 'RAM' <Latency = 1> <II = 1> <Delay = 1.23> <Storage> <Opcode : 'load' 'store'> <Ports = 2> <Width = 8> <Depth = 512> <RAM>
ST_4 : Operation 71 [2/2] (1.23ns)   --->   "%lineBuffer_direction_2_load_1 = load i9 %lineBuffer_direction_2_addr_1" [../src/non_maximum_suppression.cpp:100]   --->   Operation 71 'load' 'lineBuffer_direction_2_load_1' <Predicate = true> <Delay = 1.23> <CoreInst = "RAM">   --->   Core 82 'RAM' <Latency = 1> <II = 1> <Delay = 1.23> <Storage> <Opcode : 'load' 'store'> <Ports = 2> <Width = 8> <Depth = 512> <RAM>

State 5 <SV = 4> <Delay = 1.66>
ST_5 : Operation 72 [1/1] (0.00ns)   --->   "%phi_urem141_load_1 = load i10 %phi_urem141" [../src/non_maximum_suppression.cpp:9->../src/non_maximum_suppression.cpp:79]   --->   Operation 72 'load' 'phi_urem141_load_1' <Predicate = true> <Delay = 0.00>
ST_5 : Operation 73 [12/14] (1.39ns)   --->   "%result = srem i10 %add_ln77, i10 3" [../src/non_maximum_suppression.cpp:10->../src/non_maximum_suppression.cpp:77]   --->   Operation 73 'srem' 'result' <Predicate = true> <Delay = 1.39> <CoreInst = "DivnS_SEQ">   --->   Core 7 'DivnS_SEQ' <Latency = 13> <II = 10> <Delay = 1.39> <FuncUnit> <Opcode : 'udiv' 'sdiv' 'urem' 'srem'> <InPorts = 2> <OutPorts = 1>
ST_5 : Operation 74 [1/1] (0.00ns)   --->   "%trunc_ln9 = trunc i10 %phi_urem141_load_1" [../src/non_maximum_suppression.cpp:9->../src/non_maximum_suppression.cpp:79]   --->   Operation 74 'trunc' 'trunc_ln9' <Predicate = true> <Delay = 0.00>
ST_5 : Operation 75 [1/2] ( I:1.23ns O:1.23ns )   --->   "%lineBuffer_direction_load = load i9 %lineBuffer_direction_addr" [../src/non_maximum_suppression.cpp:100]   --->   Operation 75 'load' 'lineBuffer_direction_load' <Predicate = true> <Delay = 1.23> <CoreInst = "RAM">   --->   Core 82 'RAM' <Latency = 1> <II = 1> <Delay = 1.23> <Storage> <Opcode : 'load' 'store'> <Ports = 2> <Width = 8> <Depth = 512> <RAM>
ST_5 : Operation 76 [1/2] ( I:1.23ns O:1.23ns )   --->   "%lineBuffer_direction_1_load = load i9 %lineBuffer_direction_1_addr" [../src/non_maximum_suppression.cpp:100]   --->   Operation 76 'load' 'lineBuffer_direction_1_load' <Predicate = true> <Delay = 1.23> <CoreInst = "RAM">   --->   Core 82 'RAM' <Latency = 1> <II = 1> <Delay = 1.23> <Storage> <Opcode : 'load' 'store'> <Ports = 2> <Width = 8> <Depth = 512> <RAM>
ST_5 : Operation 77 [1/2] ( I:1.23ns O:1.23ns )   --->   "%lineBuffer_direction_2_load = load i9 %lineBuffer_direction_2_addr" [../src/non_maximum_suppression.cpp:100]   --->   Operation 77 'load' 'lineBuffer_direction_2_load' <Predicate = true> <Delay = 1.23> <CoreInst = "RAM">   --->   Core 82 'RAM' <Latency = 1> <II = 1> <Delay = 1.23> <Storage> <Opcode : 'load' 'store'> <Ports = 2> <Width = 8> <Depth = 512> <RAM>
ST_5 : Operation 78 [1/1] (0.42ns)   --->   "%tmp_9 = sparsemux i8 @_ssdm_op_SparseMux.ap_auto.3i8.i8.i2, i2 1, i8 %lineBuffer_direction_load, i2 2, i8 %lineBuffer_direction_1_load, i2 0, i8 %lineBuffer_direction_2_load, i8 0, i2 %trunc_ln9" [../src/non_maximum_suppression.cpp:100]   --->   Operation 78 'sparsemux' 'tmp_9' <Predicate = true> <Delay = 0.42> <CoreInst = "OneHotSparseMux_HasDef">   --->   Core 152 'OneHotSparseMux_HasDef' <Latency = 0> <II = 1> <Delay = 0.42> <FuncUnit> <Opcode : 'sparsemux'> <InPorts = 2> <OutPorts = 1>
ST_5 : Operation 79 [1/2] ( I:1.23ns O:1.23ns )   --->   "%lineBuffer_direction_load_1 = load i9 %lineBuffer_direction_addr_1" [../src/non_maximum_suppression.cpp:100]   --->   Operation 79 'load' 'lineBuffer_direction_load_1' <Predicate = true> <Delay = 1.23> <CoreInst = "RAM">   --->   Core 82 'RAM' <Latency = 1> <II = 1> <Delay = 1.23> <Storage> <Opcode : 'load' 'store'> <Ports = 2> <Width = 8> <Depth = 512> <RAM>
ST_5 : Operation 80 [1/2] ( I:1.23ns O:1.23ns )   --->   "%lineBuffer_direction_1_load_1 = load i9 %lineBuffer_direction_1_addr_1" [../src/non_maximum_suppression.cpp:100]   --->   Operation 80 'load' 'lineBuffer_direction_1_load_1' <Predicate = true> <Delay = 1.23> <CoreInst = "RAM">   --->   Core 82 'RAM' <Latency = 1> <II = 1> <Delay = 1.23> <Storage> <Opcode : 'load' 'store'> <Ports = 2> <Width = 8> <Depth = 512> <RAM>
ST_5 : Operation 81 [1/2] ( I:1.23ns O:1.23ns )   --->   "%lineBuffer_direction_2_load_1 = load i9 %lineBuffer_direction_2_addr_1" [../src/non_maximum_suppression.cpp:100]   --->   Operation 81 'load' 'lineBuffer_direction_2_load_1' <Predicate = true> <Delay = 1.23> <CoreInst = "RAM">   --->   Core 82 'RAM' <Latency = 1> <II = 1> <Delay = 1.23> <Storage> <Opcode : 'load' 'store'> <Ports = 2> <Width = 8> <Depth = 512> <RAM>
ST_5 : Operation 82 [1/1] (0.42ns)   --->   "%tmp_4 = sparsemux i8 @_ssdm_op_SparseMux.ap_auto.3i8.i8.i2, i2 1, i8 %lineBuffer_direction_load_1, i2 2, i8 %lineBuffer_direction_1_load_1, i2 0, i8 %lineBuffer_direction_2_load_1, i8 0, i2 %trunc_ln9" [../src/non_maximum_suppression.cpp:100]   --->   Operation 82 'sparsemux' 'tmp_4' <Predicate = true> <Delay = 0.42> <CoreInst = "OneHotSparseMux_HasDef">   --->   Core 152 'OneHotSparseMux_HasDef' <Latency = 0> <II = 1> <Delay = 0.42> <FuncUnit> <Opcode : 'sparsemux'> <InPorts = 2> <OutPorts = 1>

State 6 <SV = 5> <Delay = 1.39>
ST_6 : Operation 83 [11/14] (1.39ns)   --->   "%result = srem i10 %add_ln77, i10 3" [../src/non_maximum_suppression.cpp:10->../src/non_maximum_suppression.cpp:77]   --->   Operation 83 'srem' 'result' <Predicate = true> <Delay = 1.39> <CoreInst = "DivnS_SEQ">   --->   Core 7 'DivnS_SEQ' <Latency = 13> <II = 10> <Delay = 1.39> <FuncUnit> <Opcode : 'udiv' 'sdiv' 'urem' 'srem'> <InPorts = 2> <OutPorts = 1>

State 7 <SV = 6> <Delay = 1.39>
ST_7 : Operation 84 [10/14] (1.39ns)   --->   "%result = srem i10 %add_ln77, i10 3" [../src/non_maximum_suppression.cpp:10->../src/non_maximum_suppression.cpp:77]   --->   Operation 84 'srem' 'result' <Predicate = true> <Delay = 1.39> <CoreInst = "DivnS_SEQ">   --->   Core 7 'DivnS_SEQ' <Latency = 13> <II = 10> <Delay = 1.39> <FuncUnit> <Opcode : 'udiv' 'sdiv' 'urem' 'srem'> <InPorts = 2> <OutPorts = 1>

State 8 <SV = 7> <Delay = 1.39>
ST_8 : Operation 85 [9/14] (1.39ns)   --->   "%result = srem i10 %add_ln77, i10 3" [../src/non_maximum_suppression.cpp:10->../src/non_maximum_suppression.cpp:77]   --->   Operation 85 'srem' 'result' <Predicate = true> <Delay = 1.39> <CoreInst = "DivnS_SEQ">   --->   Core 7 'DivnS_SEQ' <Latency = 13> <II = 10> <Delay = 1.39> <FuncUnit> <Opcode : 'udiv' 'sdiv' 'urem' 'srem'> <InPorts = 2> <OutPorts = 1>

State 9 <SV = 8> <Delay = 1.39>
ST_9 : Operation 86 [8/14] (1.39ns)   --->   "%result = srem i10 %add_ln77, i10 3" [../src/non_maximum_suppression.cpp:10->../src/non_maximum_suppression.cpp:77]   --->   Operation 86 'srem' 'result' <Predicate = true> <Delay = 1.39> <CoreInst = "DivnS_SEQ">   --->   Core 7 'DivnS_SEQ' <Latency = 13> <II = 10> <Delay = 1.39> <FuncUnit> <Opcode : 'udiv' 'sdiv' 'urem' 'srem'> <InPorts = 2> <OutPorts = 1>

State 10 <SV = 9> <Delay = 1.39>
ST_10 : Operation 87 [7/14] (1.39ns)   --->   "%result = srem i10 %add_ln77, i10 3" [../src/non_maximum_suppression.cpp:10->../src/non_maximum_suppression.cpp:77]   --->   Operation 87 'srem' 'result' <Predicate = true> <Delay = 1.39> <CoreInst = "DivnS_SEQ">   --->   Core 7 'DivnS_SEQ' <Latency = 13> <II = 10> <Delay = 1.39> <FuncUnit> <Opcode : 'udiv' 'sdiv' 'urem' 'srem'> <InPorts = 2> <OutPorts = 1>

State 11 <SV = 10> <Delay = 1.39>
ST_11 : Operation 88 [6/14] (1.39ns)   --->   "%result = srem i10 %add_ln77, i10 3" [../src/non_maximum_suppression.cpp:10->../src/non_maximum_suppression.cpp:77]   --->   Operation 88 'srem' 'result' <Predicate = true> <Delay = 1.39> <CoreInst = "DivnS_SEQ">   --->   Core 7 'DivnS_SEQ' <Latency = 13> <II = 10> <Delay = 1.39> <FuncUnit> <Opcode : 'udiv' 'sdiv' 'urem' 'srem'> <InPorts = 2> <OutPorts = 1>

State 12 <SV = 11> <Delay = 1.39>
ST_12 : Operation 89 [5/14] (1.39ns)   --->   "%result = srem i10 %add_ln77, i10 3" [../src/non_maximum_suppression.cpp:10->../src/non_maximum_suppression.cpp:77]   --->   Operation 89 'srem' 'result' <Predicate = true> <Delay = 1.39> <CoreInst = "DivnS_SEQ">   --->   Core 7 'DivnS_SEQ' <Latency = 13> <II = 10> <Delay = 1.39> <FuncUnit> <Opcode : 'udiv' 'sdiv' 'urem' 'srem'> <InPorts = 2> <OutPorts = 1>

State 13 <SV = 12> <Delay = 1.39>
ST_13 : Operation 90 [4/14] (1.39ns)   --->   "%result = srem i10 %add_ln77, i10 3" [../src/non_maximum_suppression.cpp:10->../src/non_maximum_suppression.cpp:77]   --->   Operation 90 'srem' 'result' <Predicate = true> <Delay = 1.39> <CoreInst = "DivnS_SEQ">   --->   Core 7 'DivnS_SEQ' <Latency = 13> <II = 10> <Delay = 1.39> <FuncUnit> <Opcode : 'udiv' 'sdiv' 'urem' 'srem'> <InPorts = 2> <OutPorts = 1>

State 14 <SV = 13> <Delay = 1.39>
ST_14 : Operation 91 [3/14] (1.39ns)   --->   "%result = srem i10 %add_ln77, i10 3" [../src/non_maximum_suppression.cpp:10->../src/non_maximum_suppression.cpp:77]   --->   Operation 91 'srem' 'result' <Predicate = true> <Delay = 1.39> <CoreInst = "DivnS_SEQ">   --->   Core 7 'DivnS_SEQ' <Latency = 13> <II = 10> <Delay = 1.39> <FuncUnit> <Opcode : 'udiv' 'sdiv' 'urem' 'srem'> <InPorts = 2> <OutPorts = 1>
ST_14 : Operation 92 [2/2] (1.23ns)   --->   "%lineBuffer_magnitude_load = load i9 %lineBuffer_magnitude_addr" [../src/non_maximum_suppression.cpp:100]   --->   Operation 92 'load' 'lineBuffer_magnitude_load' <Predicate = true> <Delay = 1.23> <CoreInst = "RAM">   --->   Core 82 'RAM' <Latency = 1> <II = 1> <Delay = 1.23> <Storage> <Opcode : 'load' 'store'> <Ports = 2> <Width = 16> <Depth = 512> <RAM>
ST_14 : Operation 93 [2/2] (1.23ns)   --->   "%lineBuffer_magnitude_1_load = load i9 %lineBuffer_magnitude_1_addr" [../src/non_maximum_suppression.cpp:100]   --->   Operation 93 'load' 'lineBuffer_magnitude_1_load' <Predicate = true> <Delay = 1.23> <CoreInst = "RAM">   --->   Core 82 'RAM' <Latency = 1> <II = 1> <Delay = 1.23> <Storage> <Opcode : 'load' 'store'> <Ports = 2> <Width = 16> <Depth = 512> <RAM>
ST_14 : Operation 94 [2/2] (1.23ns)   --->   "%lineBuffer_magnitude_2_load = load i9 %lineBuffer_magnitude_2_addr" [../src/non_maximum_suppression.cpp:100]   --->   Operation 94 'load' 'lineBuffer_magnitude_2_load' <Predicate = true> <Delay = 1.23> <CoreInst = "RAM">   --->   Core 82 'RAM' <Latency = 1> <II = 1> <Delay = 1.23> <Storage> <Opcode : 'load' 'store'> <Ports = 2> <Width = 16> <Depth = 512> <RAM>
ST_14 : Operation 95 [2/2] (1.23ns)   --->   "%lineBuffer_magnitude_load_1 = load i9 %lineBuffer_magnitude_addr_1" [../src/non_maximum_suppression.cpp:100]   --->   Operation 95 'load' 'lineBuffer_magnitude_load_1' <Predicate = true> <Delay = 1.23> <CoreInst = "RAM">   --->   Core 82 'RAM' <Latency = 1> <II = 1> <Delay = 1.23> <Storage> <Opcode : 'load' 'store'> <Ports = 2> <Width = 16> <Depth = 512> <RAM>
ST_14 : Operation 96 [2/2] (1.23ns)   --->   "%lineBuffer_magnitude_1_load_1 = load i9 %lineBuffer_magnitude_1_addr_1" [../src/non_maximum_suppression.cpp:100]   --->   Operation 96 'load' 'lineBuffer_magnitude_1_load_1' <Predicate = true> <Delay = 1.23> <CoreInst = "RAM">   --->   Core 82 'RAM' <Latency = 1> <II = 1> <Delay = 1.23> <Storage> <Opcode : 'load' 'store'> <Ports = 2> <Width = 16> <Depth = 512> <RAM>
ST_14 : Operation 97 [2/2] (1.23ns)   --->   "%lineBuffer_magnitude_2_load_1 = load i9 %lineBuffer_magnitude_2_addr_1" [../src/non_maximum_suppression.cpp:100]   --->   Operation 97 'load' 'lineBuffer_magnitude_2_load_1' <Predicate = true> <Delay = 1.23> <CoreInst = "RAM">   --->   Core 82 'RAM' <Latency = 1> <II = 1> <Delay = 1.23> <Storage> <Opcode : 'load' 'store'> <Ports = 2> <Width = 16> <Depth = 512> <RAM>

State 15 <SV = 14> <Delay = 1.39>
ST_15 : Operation 98 [2/14] (1.39ns)   --->   "%result = srem i10 %add_ln77, i10 3" [../src/non_maximum_suppression.cpp:10->../src/non_maximum_suppression.cpp:77]   --->   Operation 98 'srem' 'result' <Predicate = true> <Delay = 1.39> <CoreInst = "DivnS_SEQ">   --->   Core 7 'DivnS_SEQ' <Latency = 13> <II = 10> <Delay = 1.39> <FuncUnit> <Opcode : 'udiv' 'sdiv' 'urem' 'srem'> <InPorts = 2> <OutPorts = 1>
ST_15 : Operation 99 [1/2] ( I:1.23ns O:1.23ns )   --->   "%lineBuffer_magnitude_load = load i9 %lineBuffer_magnitude_addr" [../src/non_maximum_suppression.cpp:100]   --->   Operation 99 'load' 'lineBuffer_magnitude_load' <Predicate = true> <Delay = 1.23> <CoreInst = "RAM">   --->   Core 82 'RAM' <Latency = 1> <II = 1> <Delay = 1.23> <Storage> <Opcode : 'load' 'store'> <Ports = 2> <Width = 16> <Depth = 512> <RAM>
ST_15 : Operation 100 [1/2] ( I:1.23ns O:1.23ns )   --->   "%lineBuffer_magnitude_1_load = load i9 %lineBuffer_magnitude_1_addr" [../src/non_maximum_suppression.cpp:100]   --->   Operation 100 'load' 'lineBuffer_magnitude_1_load' <Predicate = true> <Delay = 1.23> <CoreInst = "RAM">   --->   Core 82 'RAM' <Latency = 1> <II = 1> <Delay = 1.23> <Storage> <Opcode : 'load' 'store'> <Ports = 2> <Width = 16> <Depth = 512> <RAM>
ST_15 : Operation 101 [1/2] ( I:1.23ns O:1.23ns )   --->   "%lineBuffer_magnitude_2_load = load i9 %lineBuffer_magnitude_2_addr" [../src/non_maximum_suppression.cpp:100]   --->   Operation 101 'load' 'lineBuffer_magnitude_2_load' <Predicate = true> <Delay = 1.23> <CoreInst = "RAM">   --->   Core 82 'RAM' <Latency = 1> <II = 1> <Delay = 1.23> <Storage> <Opcode : 'load' 'store'> <Ports = 2> <Width = 16> <Depth = 512> <RAM>
ST_15 : Operation 102 [1/2] ( I:1.23ns O:1.23ns )   --->   "%lineBuffer_magnitude_load_1 = load i9 %lineBuffer_magnitude_addr_1" [../src/non_maximum_suppression.cpp:100]   --->   Operation 102 'load' 'lineBuffer_magnitude_load_1' <Predicate = true> <Delay = 1.23> <CoreInst = "RAM">   --->   Core 82 'RAM' <Latency = 1> <II = 1> <Delay = 1.23> <Storage> <Opcode : 'load' 'store'> <Ports = 2> <Width = 16> <Depth = 512> <RAM>
ST_15 : Operation 103 [1/2] ( I:1.23ns O:1.23ns )   --->   "%lineBuffer_magnitude_1_load_1 = load i9 %lineBuffer_magnitude_1_addr_1" [../src/non_maximum_suppression.cpp:100]   --->   Operation 103 'load' 'lineBuffer_magnitude_1_load_1' <Predicate = true> <Delay = 1.23> <CoreInst = "RAM">   --->   Core 82 'RAM' <Latency = 1> <II = 1> <Delay = 1.23> <Storage> <Opcode : 'load' 'store'> <Ports = 2> <Width = 16> <Depth = 512> <RAM>
ST_15 : Operation 104 [1/2] ( I:1.23ns O:1.23ns )   --->   "%lineBuffer_magnitude_2_load_1 = load i9 %lineBuffer_magnitude_2_addr_1" [../src/non_maximum_suppression.cpp:100]   --->   Operation 104 'load' 'lineBuffer_magnitude_2_load_1' <Predicate = true> <Delay = 1.23> <CoreInst = "RAM">   --->   Core 82 'RAM' <Latency = 1> <II = 1> <Delay = 1.23> <Storage> <Opcode : 'load' 'store'> <Ports = 2> <Width = 16> <Depth = 512> <RAM>

State 16 <SV = 15> <Delay = 3.32>
ST_16 : Operation 105 [1/14] (1.39ns)   --->   "%result = srem i10 %add_ln77, i10 3" [../src/non_maximum_suppression.cpp:10->../src/non_maximum_suppression.cpp:77]   --->   Operation 105 'srem' 'result' <Predicate = true> <Delay = 1.39> <CoreInst = "DivnS_SEQ">   --->   Core 7 'DivnS_SEQ' <Latency = 13> <II = 10> <Delay = 1.39> <FuncUnit> <Opcode : 'udiv' 'sdiv' 'urem' 'srem'> <InPorts = 2> <OutPorts = 1>
ST_16 : Operation 106 [1/1] (0.00ns)   --->   "%trunc_ln10 = trunc i10 %result" [../src/non_maximum_suppression.cpp:10->../src/non_maximum_suppression.cpp:77]   --->   Operation 106 'trunc' 'trunc_ln10' <Predicate = true> <Delay = 0.00>
ST_16 : Operation 107 [1/1] (0.00ns)   --->   "%tmp_21 = bitselect i1 @_ssdm_op_BitSelect.i1.i10.i32, i10 %result, i32 2" [../src/non_maximum_suppression.cpp:11->../src/non_maximum_suppression.cpp:77]   --->   Operation 107 'bitselect' 'tmp_21' <Predicate = true> <Delay = 0.00>
ST_16 : Operation 108 [1/1] (0.54ns)   --->   "%add_ln11 = add i2 %trunc_ln10, i2 3" [../src/non_maximum_suppression.cpp:11->../src/non_maximum_suppression.cpp:77]   --->   Operation 108 'add' 'add_ln11' <Predicate = true> <Delay = 0.54> <CoreInst = "Adder">   --->   Core 1 'Adder' <Latency = 0> <II = 1> <Delay = 0.54> <FuncUnit> <Opcode : 'add' 'sub'> <InPorts = 2> <OutPorts = 1>
ST_16 : Operation 109 [1/1] (0.17ns)   --->   "%select_ln11 = select i1 %tmp_21, i2 %add_ln11, i2 %trunc_ln10" [../src/non_maximum_suppression.cpp:11->../src/non_maximum_suppression.cpp:77]   --->   Operation 109 'select' 'select_ln11' <Predicate = true> <Delay = 0.17> <CoreInst = "Sel">   --->   Core 73 'Sel' <Latency = 0> <II = 1> <Delay = 0.17> <FuncUnit> <Opcode : 'select'> <InPorts = 3> <OutPorts = 1>
ST_16 : Operation 110 [1/1] (0.42ns)   --->   "%tmp_s = sparsemux i16 @_ssdm_op_SparseMux.ap_auto.3i16.i16.i2, i2 0, i16 %lineBuffer_magnitude_load, i2 1, i16 %lineBuffer_magnitude_1_load, i2 2, i16 %lineBuffer_magnitude_2_load, i16 0, i2 %select_ln11" [../src/non_maximum_suppression.cpp:100]   --->   Operation 110 'sparsemux' 'tmp_s' <Predicate = true> <Delay = 0.42> <CoreInst = "OneHotSparseMux_HasDef">   --->   Core 152 'OneHotSparseMux_HasDef' <Latency = 0> <II = 1> <Delay = 0.42> <FuncUnit> <Opcode : 'sparsemux'> <InPorts = 2> <OutPorts = 1>
ST_16 : Operation 111 [1/1] (0.42ns)   --->   "%tmp_8 = sparsemux i16 @_ssdm_op_SparseMux.ap_auto.3i16.i16.i2, i2 1, i16 %lineBuffer_magnitude_load, i2 2, i16 %lineBuffer_magnitude_1_load, i2 0, i16 %lineBuffer_magnitude_2_load, i16 0, i2 %trunc_ln9" [../src/non_maximum_suppression.cpp:100]   --->   Operation 111 'sparsemux' 'tmp_8' <Predicate = true> <Delay = 0.42> <CoreInst = "OneHotSparseMux_HasDef">   --->   Core 152 'OneHotSparseMux_HasDef' <Latency = 0> <II = 1> <Delay = 0.42> <FuncUnit> <Opcode : 'sparsemux'> <InPorts = 2> <OutPorts = 1>
ST_16 : Operation 112 [1/1] (0.42ns)   --->   "%tmp_1 = sparsemux i16 @_ssdm_op_SparseMux.ap_auto.3i16.i16.i2, i2 0, i16 %lineBuffer_magnitude_load, i2 1, i16 %lineBuffer_magnitude_1_load, i2 2, i16 %lineBuffer_magnitude_2_load, i16 0, i2 %trunc_ln9" [../src/non_maximum_suppression.cpp:100]   --->   Operation 112 'sparsemux' 'tmp_1' <Predicate = true> <Delay = 0.42> <CoreInst = "OneHotSparseMux_HasDef">   --->   Core 152 'OneHotSparseMux_HasDef' <Latency = 0> <II = 1> <Delay = 0.42> <FuncUnit> <Opcode : 'sparsemux'> <InPorts = 2> <OutPorts = 1>
ST_16 : Operation 113 [1/1] (0.42ns)   --->   "%tmp_2 = sparsemux i16 @_ssdm_op_SparseMux.ap_auto.3i16.i16.i2, i2 0, i16 %lineBuffer_magnitude_load_1, i2 1, i16 %lineBuffer_magnitude_1_load_1, i2 2, i16 %lineBuffer_magnitude_2_load_1, i16 0, i2 %select_ln11" [../src/non_maximum_suppression.cpp:100]   --->   Operation 113 'sparsemux' 'tmp_2' <Predicate = true> <Delay = 0.42> <CoreInst = "OneHotSparseMux_HasDef">   --->   Core 152 'OneHotSparseMux_HasDef' <Latency = 0> <II = 1> <Delay = 0.42> <FuncUnit> <Opcode : 'sparsemux'> <InPorts = 2> <OutPorts = 1>
ST_16 : Operation 114 [1/1] (0.42ns)   --->   "%tmp_3 = sparsemux i16 @_ssdm_op_SparseMux.ap_auto.3i16.i16.i2, i2 1, i16 %lineBuffer_magnitude_load_1, i2 2, i16 %lineBuffer_magnitude_1_load_1, i2 0, i16 %lineBuffer_magnitude_2_load_1, i16 0, i2 %trunc_ln9" [../src/non_maximum_suppression.cpp:100]   --->   Operation 114 'sparsemux' 'tmp_3' <Predicate = true> <Delay = 0.42> <CoreInst = "OneHotSparseMux_HasDef">   --->   Core 152 'OneHotSparseMux_HasDef' <Latency = 0> <II = 1> <Delay = 0.42> <FuncUnit> <Opcode : 'sparsemux'> <InPorts = 2> <OutPorts = 1>
ST_16 : Operation 115 [1/1] (0.42ns)   --->   "%tmp_5 = sparsemux i16 @_ssdm_op_SparseMux.ap_auto.3i16.i16.i2, i2 0, i16 %lineBuffer_magnitude_load_1, i2 1, i16 %lineBuffer_magnitude_1_load_1, i2 2, i16 %lineBuffer_magnitude_2_load_1, i16 0, i2 %trunc_ln9" [../src/non_maximum_suppression.cpp:100]   --->   Operation 115 'sparsemux' 'tmp_5' <Predicate = true> <Delay = 0.42> <CoreInst = "OneHotSparseMux_HasDef">   --->   Core 152 'OneHotSparseMux_HasDef' <Latency = 0> <II = 1> <Delay = 0.42> <FuncUnit> <Opcode : 'sparsemux'> <InPorts = 2> <OutPorts = 1>
ST_16 : Operation 116 [2/2] (0.77ns)   --->   "%call_ln100 = call void @non_maximum_suppression_Pipeline_VITIS_LOOP_105_5, i8 %tmp_4, i16 %tmp_3, i16 %tmp_8, i16 %tmp_5, i16 %tmp_s, i16 %tmp_1, i16 %tmp_2, i8 %tmp_9, i9 %trunc_ln61, i16 %lineBuffer_magnitude, i8 %lineBuffer_direction, i16 %lineBuffer_magnitude_1, i8 %lineBuffer_direction_1, i16 %lineBuffer_magnitude_2, i8 %lineBuffer_direction_2, i2 %select_ln11, i2 %trunc_ln9, i16 %nms_out" [../src/non_maximum_suppression.cpp:100]   --->   Operation 116 'call' 'call_ln100' <Predicate = true> <Delay = 0.77> <CoreType = "Generic">   --->   Generic Core

State 17 <SV = 16> <Delay = 1.61>
ST_17 : Operation 117 [1/2] (0.00ns)   --->   "%call_ln100 = call void @non_maximum_suppression_Pipeline_VITIS_LOOP_105_5, i8 %tmp_4, i16 %tmp_3, i16 %tmp_8, i16 %tmp_5, i16 %tmp_s, i16 %tmp_1, i16 %tmp_2, i8 %tmp_9, i9 %trunc_ln61, i16 %lineBuffer_magnitude, i8 %lineBuffer_direction, i16 %lineBuffer_magnitude_1, i8 %lineBuffer_direction_1, i16 %lineBuffer_magnitude_2, i8 %lineBuffer_direction_2, i2 %select_ln11, i2 %trunc_ln9, i16 %nms_out" [../src/non_maximum_suppression.cpp:100]   --->   Operation 117 'call' 'call_ln100' <Predicate = (!tmp_20)> <Delay = 0.00> <CoreType = "Generic">   --->   Generic Core
ST_17 : Operation 118 [1/1] (0.00ns)   --->   "%br_ln0 = br void %cleanup"   --->   Operation 118 'br' 'br_ln0' <Predicate = (!tmp_20)> <Delay = 0.00>
ST_17 : Operation 119 [1/1] (0.00ns)   --->   "%phi_urem141_load = load i10 %phi_urem141" [../src/non_maximum_suppression.cpp:44]   --->   Operation 119 'load' 'phi_urem141_load' <Predicate = true> <Delay = 0.00>
ST_17 : Operation 120 [1/1] (0.00ns)   --->   "%phi_urem_load = load i10 %phi_urem" [../src/non_maximum_suppression.cpp:44]   --->   Operation 120 'load' 'phi_urem_load' <Predicate = true> <Delay = 0.00>
ST_17 : Operation 121 [1/1] (0.78ns)   --->   "%add_ln44 = add i10 %phi_urem141_load, i10 1" [../src/non_maximum_suppression.cpp:44]   --->   Operation 121 'add' 'add_ln44' <Predicate = true> <Delay = 0.78> <CoreInst = "Adder">   --->   Core 1 'Adder' <Latency = 0> <II = 1> <Delay = 0.78> <FuncUnit> <Opcode : 'add' 'sub'> <InPorts = 2> <OutPorts = 1>
ST_17 : Operation 122 [1/1] (0.78ns)   --->   "%icmp_ln44 = icmp_eq  i10 %phi_urem141_load, i10 2" [../src/non_maximum_suppression.cpp:44]   --->   Operation 122 'icmp' 'icmp_ln44' <Predicate = true> <Delay = 0.78> <CoreInst = "Cmp">   --->   Core 9 'Cmp' <Latency = 0> <II = 1> <Delay = 0.78> <FuncUnit> <Opcode : 'seteq' 'setne' 'setle' 'setge' 'setlt' 'setgt'> <InPorts = 2> <OutPorts = 1>
ST_17 : Operation 123 [1/1] (0.40ns)   --->   "%select_ln44 = select i1 %icmp_ln44, i10 0, i10 %add_ln44" [../src/non_maximum_suppression.cpp:44]   --->   Operation 123 'select' 'select_ln44' <Predicate = true> <Delay = 0.40> <CoreInst = "Sel">   --->   Core 73 'Sel' <Latency = 0> <II = 1> <Delay = 0.40> <FuncUnit> <Opcode : 'select'> <InPorts = 3> <OutPorts = 1>
ST_17 : Operation 124 [1/1] (0.78ns)   --->   "%add_ln44_1 = add i10 %phi_urem_load, i10 1" [../src/non_maximum_suppression.cpp:44]   --->   Operation 124 'add' 'add_ln44_1' <Predicate = true> <Delay = 0.78> <CoreInst = "Adder">   --->   Core 1 'Adder' <Latency = 0> <II = 1> <Delay = 0.78> <FuncUnit> <Opcode : 'add' 'sub'> <InPorts = 2> <OutPorts = 1>
ST_17 : Operation 125 [1/1] (0.78ns)   --->   "%icmp_ln44_1 = icmp_eq  i10 %phi_urem_load, i10 2" [../src/non_maximum_suppression.cpp:44]   --->   Operation 125 'icmp' 'icmp_ln44_1' <Predicate = true> <Delay = 0.78> <CoreInst = "Cmp">   --->   Core 9 'Cmp' <Latency = 0> <II = 1> <Delay = 0.78> <FuncUnit> <Opcode : 'seteq' 'setne' 'setle' 'setge' 'setlt' 'setgt'> <InPorts = 2> <OutPorts = 1>
ST_17 : Operation 126 [1/1] (0.40ns)   --->   "%select_ln44_1 = select i1 %icmp_ln44_1, i10 0, i10 %add_ln44_1" [../src/non_maximum_suppression.cpp:44]   --->   Operation 126 'select' 'select_ln44_1' <Predicate = true> <Delay = 0.40> <CoreInst = "Sel">   --->   Core 73 'Sel' <Latency = 0> <II = 1> <Delay = 0.40> <FuncUnit> <Opcode : 'select'> <InPorts = 3> <OutPorts = 1>
ST_17 : Operation 127 [1/1] (0.42ns)   --->   "%store_ln9 = store i10 %rowsReceived, i10 %row_2" [../src/non_maximum_suppression.cpp:9->../src/non_maximum_suppression.cpp:79]   --->   Operation 127 'store' 'store_ln9' <Predicate = true> <Delay = 0.42>
ST_17 : Operation 128 [1/1] (0.42ns)   --->   "%store_ln44 = store i10 %select_ln44_1, i10 %phi_urem" [../src/non_maximum_suppression.cpp:44]   --->   Operation 128 'store' 'store_ln44' <Predicate = true> <Delay = 0.42>
ST_17 : Operation 129 [1/1] (0.42ns)   --->   "%store_ln44 = store i10 %select_ln44, i10 %phi_urem141" [../src/non_maximum_suppression.cpp:44]   --->   Operation 129 'store' 'store_ln44' <Predicate = true> <Delay = 0.42>
ST_17 : Operation 130 [1/1] (0.00ns)   --->   "%br_ln46 = br void %for.body" [../src/non_maximum_suppression.cpp:46]   --->   Operation 130 'br' 'br_ln46' <Predicate = true> <Delay = 0.00>


============================================================
+ Verbose Summary: Binding
============================================================
STG Binding: 
---------------- STG Properties BEGIN ----------------
- Is combinational: 0
- Is one-state seq: 0
- Is datapath-only: 0
- Is pipelined: 0
- Is top level: 0
Port [ Return ] is wired: 1; IO mode=ap_ctrl_hs:ce=0
Port [ sobel_out]:  wired=1; compound=1; hidden=0; nouse=0; global=0; static=0; extern=0; dir=0; type=3; pingpong=0; private_global=0; IO mode=ap_fifo:ce=0
Port [ nms_out]:  wired=1; compound=1; hidden=0; nouse=0; global=0; static=0; extern=0; dir=1; type=3; pingpong=0; private_global=0; IO mode=ap_fifo:ce=0
---------------- STG Properties END ------------------

---------------- Datapath Model BEGIN ----------------

<LifeTime>
<method=bitvector/>
phi_urem141                   (alloca           ) [ 011111111111111111]
phi_urem                      (alloca           ) [ 011111111111111111]
row_2                         (alloca           ) [ 011111111111111111]
specinterface_ln0             (specinterface    ) [ 000000000000000000]
specinterface_ln0             (specinterface    ) [ 000000000000000000]
lineBuffer_magnitude          (alloca           ) [ 001111111111111111]
lineBuffer_magnitude_1        (alloca           ) [ 001111111111111111]
lineBuffer_magnitude_2        (alloca           ) [ 001111111111111111]
lineBuffer_direction          (alloca           ) [ 001111111111111111]
lineBuffer_direction_1        (alloca           ) [ 001111111111111111]
lineBuffer_direction_2        (alloca           ) [ 001111111111111111]
lineBuffer_magnitude_addr     (getelementptr    ) [ 001111111111111111]
lineBuffer_magnitude_1_addr   (getelementptr    ) [ 001111111111111111]
lineBuffer_magnitude_2_addr   (getelementptr    ) [ 001111111111111111]
lineBuffer_direction_addr     (getelementptr    ) [ 001111111111111111]
lineBuffer_direction_1_addr   (getelementptr    ) [ 001111111111111111]
lineBuffer_direction_2_addr   (getelementptr    ) [ 001111111111111111]
lineBuffer_magnitude_addr_1   (getelementptr    ) [ 001111111111111111]
lineBuffer_magnitude_1_addr_1 (getelementptr    ) [ 001111111111111111]
lineBuffer_magnitude_2_addr_1 (getelementptr    ) [ 001111111111111111]
lineBuffer_direction_addr_1   (getelementptr    ) [ 001111111111111111]
lineBuffer_direction_1_addr_1 (getelementptr    ) [ 001111111111111111]
lineBuffer_direction_2_addr_1 (getelementptr    ) [ 001111111111111111]
store_ln9                     (store            ) [ 000000000000000000]
store_ln0                     (store            ) [ 000000000000000000]
store_ln0                     (store            ) [ 000000000000000000]
br_ln46                       (br               ) [ 000000000000000000]
row_3                         (load             ) [ 000100000000000000]
icmp_ln46                     (icmp             ) [ 001111111111111111]
speclooptripcount_ln0         (speclooptripcount) [ 000000000000000000]
rowsReceived                  (add              ) [ 000111111111111111]
br_ln46                       (br               ) [ 000000000000000000]
specloopname_ln46             (specloopname     ) [ 000000000000000000]
tmp                           (bitselect        ) [ 001111111111111111]
br_ln47                       (br               ) [ 000000000000000000]
phi_urem_load_2               (load             ) [ 000000000000000000]
trunc_ln52                    (trunc            ) [ 000100000000000000]
ret_ln178                     (ret              ) [ 000000000000000000]
call_ln52                     (call             ) [ 000000000000000000]
br_ln0                        (br               ) [ 000000000000000000]
outputRow                     (add              ) [ 000000000000000000]
trunc_ln61                    (trunc            ) [ 000011111111111111]
tmp_20                        (bitselect        ) [ 001111111111111111]
br_ln63                       (br               ) [ 000000000000000000]
add_ln77                      (add              ) [ 000011111111111110]
phi_urem141_load_1            (load             ) [ 000000000000000000]
trunc_ln9                     (trunc            ) [ 001100111111111111]
lineBuffer_direction_load     (load             ) [ 000000000000000000]
lineBuffer_direction_1_load   (load             ) [ 000000000000000000]
lineBuffer_direction_2_load   (load             ) [ 000000000000000000]
tmp_9                         (sparsemux        ) [ 001100111111111111]
lineBuffer_direction_load_1   (load             ) [ 000000000000000000]
lineBuffer_direction_1_load_1 (load             ) [ 000000000000000000]
lineBuffer_direction_2_load_1 (load             ) [ 000000000000000000]
tmp_4                         (sparsemux        ) [ 001100111111111111]
lineBuffer_magnitude_load     (load             ) [ 000000000000000010]
lineBuffer_magnitude_1_load   (load             ) [ 000000000000000010]
lineBuffer_magnitude_2_load   (load             ) [ 000000000000000010]
lineBuffer_magnitude_load_1   (load             ) [ 000000000000000010]
lineBuffer_magnitude_1_load_1 (load             ) [ 000000000000000010]
lineBuffer_magnitude_2_load_1 (load             ) [ 000000000000000010]
result                        (srem             ) [ 000000000000000000]
trunc_ln10                    (trunc            ) [ 000000000000000000]
tmp_21                        (bitselect        ) [ 000000000000000000]
add_ln11                      (add              ) [ 000000000000000000]
select_ln11                   (select           ) [ 001100000000000001]
tmp_s                         (sparsemux        ) [ 001100000000000001]
tmp_8                         (sparsemux        ) [ 001100000000000001]
tmp_1                         (sparsemux        ) [ 001100000000000001]
tmp_2                         (sparsemux        ) [ 001100000000000001]
tmp_3                         (sparsemux        ) [ 001100000000000001]
tmp_5                         (sparsemux        ) [ 001100000000000001]
call_ln100                    (call             ) [ 000000000000000000]
br_ln0                        (br               ) [ 000000000000000000]
phi_urem141_load              (load             ) [ 000000000000000000]
phi_urem_load                 (load             ) [ 000000000000000000]
add_ln44                      (add              ) [ 000000000000000000]
icmp_ln44                     (icmp             ) [ 000000000000000000]
select_ln44                   (select           ) [ 000000000000000000]
add_ln44_1                    (add              ) [ 000000000000000000]
icmp_ln44_1                   (icmp             ) [ 000000000000000000]
select_ln44_1                 (select           ) [ 000000000000000000]
store_ln9                     (store            ) [ 000000000000000000]
store_ln44                    (store            ) [ 000000000000000000]
store_ln44                    (store            ) [ 000000000000000000]
br_ln46                       (br               ) [ 000000000000000000]
</LifeTime>

<model>

<comp_list>
<comp id="0" class="1000" name="sobel_out">
<pin_list>
<pin id="1" dir="1" index="0" bw="1" slack="0"/>
</pin_list>
<bind>
<StgValue><ssdm name="sobel_out"/></StgValue>
</bind>
</comp>

<comp id="2" class="1000" name="nms_out">
<pin_list>
<pin id="3" dir="1" index="0" bw="1" slack="0"/>
</pin_list>
<bind>
<StgValue><ssdm name="nms_out"/></StgValue>
</bind>
</comp>

<comp id="4" class="1001" name="const_4">
<pin_list>
<pin id="5" dir="1" index="0" bw="1" slack="0"/>
</pin_list>
<bind>
<StgValue><ssdm name=""/></StgValue>
</bind>
</comp>

<comp id="6" class="1001" name="const_6">
<pin_list>
<pin id="7" dir="1" index="0" bw="1" slack="2147483647"/>
</pin_list>
<bind>
<StgValue><ssdm name="_ssdm_op_SpecInterface"/></StgValue>
</bind>
</comp>

<comp id="8" class="1001" name="const_8">
<pin_list>
<pin id="9" dir="1" index="0" bw="1" slack="2147483647"/>
</pin_list>
<bind>
<StgValue><ssdm name="empty_11"/></StgValue>
</bind>
</comp>

<comp id="10" class="1001" name="const_10">
<pin_list>
<pin id="11" dir="1" index="0" bw="1" slack="2147483647"/>
</pin_list>
<bind>
<StgValue><ssdm name=""/></StgValue>
</bind>
</comp>

<comp id="12" class="1001" name="const_12">
<pin_list>
<pin id="13" dir="1" index="0" bw="1" slack="2147483647"/>
</pin_list>
<bind>
<StgValue><ssdm name="empty_5"/></StgValue>
</bind>
</comp>

<comp id="14" class="1001" name="const_14">
<pin_list>
<pin id="15" dir="1" index="0" bw="1" slack="2147483647"/>
</pin_list>
<bind>
<StgValue><ssdm name=""/></StgValue>
</bind>
</comp>

<comp id="16" class="1001" name="const_16">
<pin_list>
<pin id="17" dir="1" index="0" bw="1" slack="0"/>
</pin_list>
<bind>
<StgValue><ssdm name=""/></StgValue>
</bind>
</comp>

<comp id="18" class="1001" name="const_18">
<pin_list>
<pin id="19" dir="1" index="0" bw="1" slack="0"/>
</pin_list>
<bind>
<StgValue><ssdm name=""/></StgValue>
</bind>
</comp>

<comp id="20" class="1001" name="const_20">
<pin_list>
<pin id="21" dir="1" index="0" bw="1" slack="0"/>
</pin_list>
<bind>
<StgValue><ssdm name=""/></StgValue>
</bind>
</comp>

<comp id="22" class="1001" name="const_22">
<pin_list>
<pin id="23" dir="1" index="0" bw="1" slack="0"/>
</pin_list>
<bind>
<StgValue><ssdm name=""/></StgValue>
</bind>
</comp>

<comp id="24" class="1001" name="const_24">
<pin_list>
<pin id="25" dir="1" index="0" bw="1" slack="2147483647"/>
</pin_list>
<bind>
<StgValue><ssdm name="_ssdm_op_SpecLoopTripCount"/></StgValue>
</bind>
</comp>

<comp id="26" class="1001" name="const_26">
<pin_list>
<pin id="27" dir="1" index="0" bw="1" slack="2147483647"/>
</pin_list>
<bind>
<StgValue><ssdm name=""/></StgValue>
</bind>
</comp>

<comp id="28" class="1001" name="const_28">
<pin_list>
<pin id="29" dir="1" index="0" bw="1" slack="0"/>
</pin_list>
<bind>
<StgValue><ssdm name=""/></StgValue>
</bind>
</comp>

<comp id="30" class="1001" name="const_30">
<pin_list>
<pin id="31" dir="1" index="0" bw="1" slack="2147483647"/>
</pin_list>
<bind>
<StgValue><ssdm name="_ssdm_op_SpecLoopName"/></StgValue>
</bind>
</comp>

<comp id="32" class="1001" name="const_32">
<pin_list>
<pin id="33" dir="1" index="0" bw="1" slack="2147483647"/>
</pin_list>
<bind>
<StgValue><ssdm name="empty_18"/></StgValue>
</bind>
</comp>

<comp id="34" class="1001" name="const_34">
<pin_list>
<pin id="35" dir="1" index="0" bw="1" slack="0"/>
</pin_list>
<bind>
<StgValue><ssdm name="_ssdm_op_BitSelect.i1.i10.i32"/></StgValue>
</bind>
</comp>

<comp id="36" class="1001" name="const_36">
<pin_list>
<pin id="37" dir="1" index="0" bw="1" slack="0"/>
</pin_list>
<bind>
<StgValue><ssdm name=""/></StgValue>
</bind>
</comp>

<comp id="38" class="1001" name="const_38">
<pin_list>
<pin id="39" dir="1" index="0" bw="1" slack="0"/>
</pin_list>
<bind>
<StgValue><ssdm name="non_maximum_suppression_Pipeline_VITIS_LOOP_50_2"/></StgValue>
</bind>
</comp>

<comp id="40" class="1001" name="const_40">
<pin_list>
<pin id="41" dir="1" index="0" bw="1" slack="0"/>
</pin_list>
<bind>
<StgValue><ssdm name=""/></StgValue>
</bind>
</comp>

<comp id="42" class="1001" name="const_42">
<pin_list>
<pin id="43" dir="1" index="0" bw="1" slack="0"/>
</pin_list>
<bind>
<StgValue><ssdm name=""/></StgValue>
</bind>
</comp>

<comp id="44" class="1001" name="const_44">
<pin_list>
<pin id="45" dir="1" index="0" bw="1" slack="0"/>
</pin_list>
<bind>
<StgValue><ssdm name=""/></StgValue>
</bind>
</comp>

<comp id="46" class="1001" name="const_46">
<pin_list>
<pin id="47" dir="1" index="0" bw="1" slack="0"/>
</pin_list>
<bind>
<StgValue><ssdm name="_ssdm_op_SparseMux.ap_auto.3i8.i8.i2"/></StgValue>
</bind>
</comp>

<comp id="48" class="1001" name="const_48">
<pin_list>
<pin id="49" dir="1" index="0" bw="1" slack="0"/>
</pin_list>
<bind>
<StgValue><ssdm name=""/></StgValue>
</bind>
</comp>

<comp id="50" class="1001" name="const_50">
<pin_list>
<pin id="51" dir="1" index="0" bw="1" slack="0"/>
</pin_list>
<bind>
<StgValue><ssdm name=""/></StgValue>
</bind>
</comp>

<comp id="52" class="1001" name="const_52">
<pin_list>
<pin id="53" dir="1" index="0" bw="1" slack="0"/>
</pin_list>
<bind>
<StgValue><ssdm name=""/></StgValue>
</bind>
</comp>

<comp id="54" class="1001" name="const_54">
<pin_list>
<pin id="55" dir="1" index="0" bw="1" slack="0"/>
</pin_list>
<bind>
<StgValue><ssdm name=""/></StgValue>
</bind>
</comp>

<comp id="56" class="1001" name="const_56">
<pin_list>
<pin id="57" dir="1" index="0" bw="1" slack="0"/>
</pin_list>
<bind>
<StgValue><ssdm name=""/></StgValue>
</bind>
</comp>

<comp id="58" class="1001" name="const_58">
<pin_list>
<pin id="59" dir="1" index="0" bw="1" slack="0"/>
</pin_list>
<bind>
<StgValue><ssdm name=""/></StgValue>
</bind>
</comp>

<comp id="60" class="1001" name="const_60">
<pin_list>
<pin id="61" dir="1" index="0" bw="1" slack="0"/>
</pin_list>
<bind>
<StgValue><ssdm name="_ssdm_op_SparseMux.ap_auto.3i16.i16.i2"/></StgValue>
</bind>
</comp>

<comp id="62" class="1001" name="const_62">
<pin_list>
<pin id="63" dir="1" index="0" bw="1" slack="0"/>
</pin_list>
<bind>
<StgValue><ssdm name=""/></StgValue>
</bind>
</comp>

<comp id="64" class="1001" name="const_64">
<pin_list>
<pin id="65" dir="1" index="0" bw="1" slack="0"/>
</pin_list>
<bind>
<StgValue><ssdm name="non_maximum_suppression_Pipeline_VITIS_LOOP_105_5"/></StgValue>
</bind>
</comp>

<comp id="66" class="1001" name="const_66">
<pin_list>
<pin id="67" dir="1" index="0" bw="1" slack="0"/>
</pin_list>
<bind>
<StgValue><ssdm name=""/></StgValue>
</bind>
</comp>

<comp id="68" class="1004" name="phi_urem141_fu_68">
<pin_list>
<pin id="69" dir="0" index="0" bw="1" slack="0"/>
<pin id="70" dir="1" index="1" bw="10" slack="0"/>
</pin_list>
<bind>
<opcode="alloca(26) " fcode="alloca"/>
<opset="phi_urem141/1 "/>
</bind>
</comp>

<comp id="72" class="1004" name="phi_urem_fu_72">
<pin_list>
<pin id="73" dir="0" index="0" bw="1" slack="0"/>
<pin id="74" dir="1" index="1" bw="10" slack="0"/>
</pin_list>
<bind>
<opcode="alloca(26) " fcode="alloca"/>
<opset="phi_urem/1 "/>
</bind>
</comp>

<comp id="76" class="1004" name="row_2_fu_76">
<pin_list>
<pin id="77" dir="0" index="0" bw="1" slack="0"/>
<pin id="78" dir="1" index="1" bw="10" slack="0"/>
</pin_list>
<bind>
<opcode="alloca(26) " fcode="alloca"/>
<opset="row_2/1 "/>
</bind>
</comp>

<comp id="80" class="1004" name="lineBuffer_magnitude_alloca_fu_80">
<pin_list>
<pin id="81" dir="0" index="0" bw="1" slack="0"/>
<pin id="82" dir="1" index="1" bw="16" slack="0"/>
</pin_list>
<bind>
<opcode="alloca(26) " fcode="alloca"/>
<opset="lineBuffer_magnitude/1 "/>
</bind>
</comp>

<comp id="84" class="1004" name="lineBuffer_magnitude_1_alloca_fu_84">
<pin_list>
<pin id="85" dir="0" index="0" bw="1" slack="0"/>
<pin id="86" dir="1" index="1" bw="16" slack="0"/>
</pin_list>
<bind>
<opcode="alloca(26) " fcode="alloca"/>
<opset="lineBuffer_magnitude_1/1 "/>
</bind>
</comp>

<comp id="88" class="1004" name="lineBuffer_magnitude_2_alloca_fu_88">
<pin_list>
<pin id="89" dir="0" index="0" bw="1" slack="0"/>
<pin id="90" dir="1" index="1" bw="16" slack="0"/>
</pin_list>
<bind>
<opcode="alloca(26) " fcode="alloca"/>
<opset="lineBuffer_magnitude_2/1 "/>
</bind>
</comp>

<comp id="92" class="1004" name="lineBuffer_direction_alloca_fu_92">
<pin_list>
<pin id="93" dir="0" index="0" bw="1" slack="0"/>
<pin id="94" dir="1" index="1" bw="8" slack="0"/>
</pin_list>
<bind>
<opcode="alloca(26) " fcode="alloca"/>
<opset="lineBuffer_direction/1 "/>
</bind>
</comp>

<comp id="96" class="1004" name="lineBuffer_direction_1_alloca_fu_96">
<pin_list>
<pin id="97" dir="0" index="0" bw="1" slack="0"/>
<pin id="98" dir="1" index="1" bw="8" slack="0"/>
</pin_list>
<bind>
<opcode="alloca(26) " fcode="alloca"/>
<opset="lineBuffer_direction_1/1 "/>
</bind>
</comp>

<comp id="100" class="1004" name="lineBuffer_direction_2_alloca_fu_100">
<pin_list>
<pin id="101" dir="0" index="0" bw="1" slack="0"/>
<pin id="102" dir="1" index="1" bw="8" slack="0"/>
</pin_list>
<bind>
<opcode="alloca(26) " fcode="alloca"/>
<opset="lineBuffer_direction_2/1 "/>
</bind>
</comp>

<comp id="104" class="1004" name="lineBuffer_magnitude_addr_gep_fu_104">
<pin_list>
<pin id="105" dir="0" index="0" bw="16" slack="0"/>
<pin id="106" dir="0" index="1" bw="1" slack="0"/>
<pin id="107" dir="0" index="2" bw="1" slack="0"/>
<pin id="108" dir="1" index="3" bw="9" slack="13"/>
</pin_list>
<bind>
<opcode="getelementptr(29) " fcode="getelementptr"/>
<opset="lineBuffer_magnitude_addr/1 "/>
</bind>
</comp>

<comp id="112" class="1004" name="lineBuffer_magnitude_1_addr_gep_fu_112">
<pin_list>
<pin id="113" dir="0" index="0" bw="16" slack="0"/>
<pin id="114" dir="0" index="1" bw="1" slack="0"/>
<pin id="115" dir="0" index="2" bw="1" slack="0"/>
<pin id="116" dir="1" index="3" bw="9" slack="13"/>
</pin_list>
<bind>
<opcode="getelementptr(29) " fcode="getelementptr"/>
<opset="lineBuffer_magnitude_1_addr/1 "/>
</bind>
</comp>

<comp id="120" class="1004" name="lineBuffer_magnitude_2_addr_gep_fu_120">
<pin_list>
<pin id="121" dir="0" index="0" bw="16" slack="0"/>
<pin id="122" dir="0" index="1" bw="1" slack="0"/>
<pin id="123" dir="0" index="2" bw="1" slack="0"/>
<pin id="124" dir="1" index="3" bw="9" slack="13"/>
</pin_list>
<bind>
<opcode="getelementptr(29) " fcode="getelementptr"/>
<opset="lineBuffer_magnitude_2_addr/1 "/>
</bind>
</comp>

<comp id="128" class="1004" name="lineBuffer_direction_addr_gep_fu_128">
<pin_list>
<pin id="129" dir="0" index="0" bw="8" slack="0"/>
<pin id="130" dir="0" index="1" bw="1" slack="0"/>
<pin id="131" dir="0" index="2" bw="1" slack="0"/>
<pin id="132" dir="1" index="3" bw="9" slack="3"/>
</pin_list>
<bind>
<opcode="getelementptr(29) " fcode="getelementptr"/>
<opset="lineBuffer_direction_addr/1 "/>
</bind>
</comp>

<comp id="136" class="1004" name="lineBuffer_direction_1_addr_gep_fu_136">
<pin_list>
<pin id="137" dir="0" index="0" bw="8" slack="0"/>
<pin id="138" dir="0" index="1" bw="1" slack="0"/>
<pin id="139" dir="0" index="2" bw="1" slack="0"/>
<pin id="140" dir="1" index="3" bw="9" slack="3"/>
</pin_list>
<bind>
<opcode="getelementptr(29) " fcode="getelementptr"/>
<opset="lineBuffer_direction_1_addr/1 "/>
</bind>
</comp>

<comp id="144" class="1004" name="lineBuffer_direction_2_addr_gep_fu_144">
<pin_list>
<pin id="145" dir="0" index="0" bw="8" slack="0"/>
<pin id="146" dir="0" index="1" bw="1" slack="0"/>
<pin id="147" dir="0" index="2" bw="1" slack="0"/>
<pin id="148" dir="1" index="3" bw="9" slack="3"/>
</pin_list>
<bind>
<opcode="getelementptr(29) " fcode="getelementptr"/>
<opset="lineBuffer_direction_2_addr/1 "/>
</bind>
</comp>

<comp id="152" class="1004" name="lineBuffer_magnitude_addr_1_gep_fu_152">
<pin_list>
<pin id="153" dir="0" index="0" bw="16" slack="0"/>
<pin id="154" dir="0" index="1" bw="1" slack="0"/>
<pin id="155" dir="0" index="2" bw="1" slack="0"/>
<pin id="156" dir="1" index="3" bw="9" slack="13"/>
</pin_list>
<bind>
<opcode="getelementptr(29) " fcode="getelementptr"/>
<opset="lineBuffer_magnitude_addr_1/1 "/>
</bind>
</comp>

<comp id="160" class="1004" name="lineBuffer_magnitude_1_addr_1_gep_fu_160">
<pin_list>
<pin id="161" dir="0" index="0" bw="16" slack="0"/>
<pin id="162" dir="0" index="1" bw="1" slack="0"/>
<pin id="163" dir="0" index="2" bw="1" slack="0"/>
<pin id="164" dir="1" index="3" bw="9" slack="13"/>
</pin_list>
<bind>
<opcode="getelementptr(29) " fcode="getelementptr"/>
<opset="lineBuffer_magnitude_1_addr_1/1 "/>
</bind>
</comp>

<comp id="168" class="1004" name="lineBuffer_magnitude_2_addr_1_gep_fu_168">
<pin_list>
<pin id="169" dir="0" index="0" bw="16" slack="0"/>
<pin id="170" dir="0" index="1" bw="1" slack="0"/>
<pin id="171" dir="0" index="2" bw="1" slack="0"/>
<pin id="172" dir="1" index="3" bw="9" slack="13"/>
</pin_list>
<bind>
<opcode="getelementptr(29) " fcode="getelementptr"/>
<opset="lineBuffer_magnitude_2_addr_1/1 "/>
</bind>
</comp>

<comp id="176" class="1004" name="lineBuffer_direction_addr_1_gep_fu_176">
<pin_list>
<pin id="177" dir="0" index="0" bw="8" slack="0"/>
<pin id="178" dir="0" index="1" bw="1" slack="0"/>
<pin id="179" dir="0" index="2" bw="1" slack="0"/>
<pin id="180" dir="1" index="3" bw="9" slack="3"/>
</pin_list>
<bind>
<opcode="getelementptr(29) " fcode="getelementptr"/>
<opset="lineBuffer_direction_addr_1/1 "/>
</bind>
</comp>

<comp id="184" class="1004" name="lineBuffer_direction_1_addr_1_gep_fu_184">
<pin_list>
<pin id="185" dir="0" index="0" bw="8" slack="0"/>
<pin id="186" dir="0" index="1" bw="1" slack="0"/>
<pin id="187" dir="0" index="2" bw="1" slack="0"/>
<pin id="188" dir="1" index="3" bw="9" slack="3"/>
</pin_list>
<bind>
<opcode="getelementptr(29) " fcode="getelementptr"/>
<opset="lineBuffer_direction_1_addr_1/1 "/>
</bind>
</comp>

<comp id="192" class="1004" name="lineBuffer_direction_2_addr_1_gep_fu_192">
<pin_list>
<pin id="193" dir="0" index="0" bw="8" slack="0"/>
<pin id="194" dir="0" index="1" bw="1" slack="0"/>
<pin id="195" dir="0" index="2" bw="1" slack="0"/>
<pin id="196" dir="1" index="3" bw="9" slack="3"/>
</pin_list>
<bind>
<opcode="getelementptr(29) " fcode="getelementptr"/>
<opset="lineBuffer_direction_2_addr_1/1 "/>
</bind>
</comp>

<comp id="200" class="1004" name="grp_access_fu_200">
<pin_list>
<pin id="201" dir="0" index="0" bw="9" slack="3"/>
<pin id="202" dir="0" index="1" bw="8" slack="2147483647"/>
<pin id="203" dir="0" index="2" bw="0" slack="3"/>
<pin id="205" dir="0" index="4" bw="9" slack="2147483647"/>
<pin id="206" dir="0" index="5" bw="8" slack="2147483647"/>
<pin id="207" dir="0" index="6" bw="0" slack="2147483647"/>
<pin id="204" dir="1" index="3" bw="8" slack="0"/>
<pin id="208" dir="1" index="7" bw="8" slack="0"/>
</pin_list>
<bind>
<opcode="load(27) " fcode="load"/>
<opset="lineBuffer_direction_load/4 lineBuffer_direction_load_1/4 "/>
</bind>
</comp>

<comp id="209" class="1004" name="grp_access_fu_209">
<pin_list>
<pin id="210" dir="0" index="0" bw="9" slack="3"/>
<pin id="211" dir="0" index="1" bw="8" slack="2147483647"/>
<pin id="212" dir="0" index="2" bw="0" slack="3"/>
<pin id="214" dir="0" index="4" bw="9" slack="2147483647"/>
<pin id="215" dir="0" index="5" bw="8" slack="2147483647"/>
<pin id="216" dir="0" index="6" bw="0" slack="2147483647"/>
<pin id="213" dir="1" index="3" bw="8" slack="0"/>
<pin id="217" dir="1" index="7" bw="8" slack="0"/>
</pin_list>
<bind>
<opcode="load(27) " fcode="load"/>
<opset="lineBuffer_direction_1_load/4 lineBuffer_direction_1_load_1/4 "/>
</bind>
</comp>

<comp id="218" class="1004" name="grp_access_fu_218">
<pin_list>
<pin id="219" dir="0" index="0" bw="9" slack="3"/>
<pin id="220" dir="0" index="1" bw="8" slack="2147483647"/>
<pin id="221" dir="0" index="2" bw="0" slack="3"/>
<pin id="223" dir="0" index="4" bw="9" slack="2147483647"/>
<pin id="224" dir="0" index="5" bw="8" slack="2147483647"/>
<pin id="225" dir="0" index="6" bw="0" slack="2147483647"/>
<pin id="222" dir="1" index="3" bw="8" slack="0"/>
<pin id="226" dir="1" index="7" bw="8" slack="0"/>
</pin_list>
<bind>
<opcode="load(27) " fcode="load"/>
<opset="lineBuffer_direction_2_load/4 lineBuffer_direction_2_load_1/4 "/>
</bind>
</comp>

<comp id="227" class="1004" name="grp_access_fu_227">
<pin_list>
<pin id="228" dir="0" index="0" bw="9" slack="13"/>
<pin id="229" dir="0" index="1" bw="16" slack="2147483647"/>
<pin id="230" dir="0" index="2" bw="0" slack="13"/>
<pin id="232" dir="0" index="4" bw="9" slack="2147483647"/>
<pin id="233" dir="0" index="5" bw="16" slack="2147483647"/>
<pin id="234" dir="0" index="6" bw="0" slack="2147483647"/>
<pin id="231" dir="1" index="3" bw="16" slack="1"/>
<pin id="235" dir="1" index="7" bw="16" slack="1"/>
</pin_list>
<bind>
<opcode="load(27) " fcode="load"/>
<opset="lineBuffer_magnitude_load/14 lineBuffer_magnitude_load_1/14 "/>
</bind>
</comp>

<comp id="236" class="1004" name="grp_access_fu_236">
<pin_list>
<pin id="237" dir="0" index="0" bw="9" slack="13"/>
<pin id="238" dir="0" index="1" bw="16" slack="2147483647"/>
<pin id="239" dir="0" index="2" bw="0" slack="13"/>
<pin id="241" dir="0" index="4" bw="9" slack="2147483647"/>
<pin id="242" dir="0" index="5" bw="16" slack="2147483647"/>
<pin id="243" dir="0" index="6" bw="0" slack="2147483647"/>
<pin id="240" dir="1" index="3" bw="16" slack="1"/>
<pin id="244" dir="1" index="7" bw="16" slack="1"/>
</pin_list>
<bind>
<opcode="load(27) " fcode="load"/>
<opset="lineBuffer_magnitude_1_load/14 lineBuffer_magnitude_1_load_1/14 "/>
</bind>
</comp>

<comp id="245" class="1004" name="grp_access_fu_245">
<pin_list>
<pin id="246" dir="0" index="0" bw="9" slack="13"/>
<pin id="247" dir="0" index="1" bw="16" slack="2147483647"/>
<pin id="248" dir="0" index="2" bw="0" slack="13"/>
<pin id="250" dir="0" index="4" bw="9" slack="2147483647"/>
<pin id="251" dir="0" index="5" bw="16" slack="2147483647"/>
<pin id="252" dir="0" index="6" bw="0" slack="2147483647"/>
<pin id="249" dir="1" index="3" bw="16" slack="1"/>
<pin id="253" dir="1" index="7" bw="16" slack="1"/>
</pin_list>
<bind>
<opcode="load(27) " fcode="load"/>
<opset="lineBuffer_magnitude_2_load/14 lineBuffer_magnitude_2_load_1/14 "/>
</bind>
</comp>

<comp id="254" class="1004" name="grp_non_maximum_suppression_Pipeline_VITIS_LOOP_50_2_fu_254">
<pin_list>
<pin id="255" dir="0" index="0" bw="0" slack="0"/>
<pin id="256" dir="0" index="1" bw="8" slack="2147483647"/>
<pin id="257" dir="0" index="2" bw="8" slack="2147483647"/>
<pin id="258" dir="0" index="3" bw="8" slack="2147483647"/>
<pin id="259" dir="0" index="4" bw="16" slack="2147483647"/>
<pin id="260" dir="0" index="5" bw="16" slack="2147483647"/>
<pin id="261" dir="0" index="6" bw="16" slack="2147483647"/>
<pin id="262" dir="0" index="7" bw="24" slack="0"/>
<pin id="263" dir="0" index="8" bw="2" slack="0"/>
<pin id="264" dir="1" index="9" bw="0" slack="2147483647"/>
</pin_list>
<bind>
<opcode="call(48) " fcode="call"/>
<opset="call_ln52/2 "/>
</bind>
</comp>

<comp id="267" class="1004" name="grp_non_maximum_suppression_Pipeline_VITIS_LOOP_105_5_fu_267">
<pin_list>
<pin id="268" dir="0" index="0" bw="0" slack="0"/>
<pin id="269" dir="0" index="1" bw="8" slack="11"/>
<pin id="270" dir="0" index="2" bw="16" slack="0"/>
<pin id="271" dir="0" index="3" bw="16" slack="0"/>
<pin id="272" dir="0" index="4" bw="16" slack="0"/>
<pin id="273" dir="0" index="5" bw="16" slack="0"/>
<pin id="274" dir="0" index="6" bw="16" slack="0"/>
<pin id="275" dir="0" index="7" bw="16" slack="0"/>
<pin id="276" dir="0" index="8" bw="8" slack="11"/>
<pin id="277" dir="0" index="9" bw="9" slack="13"/>
<pin id="278" dir="0" index="10" bw="16" slack="2147483647"/>
<pin id="279" dir="0" index="11" bw="8" slack="2147483647"/>
<pin id="280" dir="0" index="12" bw="16" slack="2147483647"/>
<pin id="281" dir="0" index="13" bw="8" slack="2147483647"/>
<pin id="282" dir="0" index="14" bw="16" slack="2147483647"/>
<pin id="283" dir="0" index="15" bw="8" slack="2147483647"/>
<pin id="284" dir="0" index="16" bw="2" slack="0"/>
<pin id="285" dir="0" index="17" bw="2" slack="11"/>
<pin id="286" dir="0" index="18" bw="16" slack="0"/>
<pin id="287" dir="1" index="19" bw="0" slack="2147483647"/>
</pin_list>
<bind>
<opcode="call(48) " fcode="call"/>
<opset="call_ln100/16 "/>
</bind>
</comp>

<comp id="290" class="1004" name="grp_load_fu_290">
<pin_list>
<pin id="291" dir="0" index="0" bw="10" slack="1"/>
<pin id="292" dir="1" index="1" bw="10" slack="0"/>
</pin_list>
<bind>
<opcode="load(27) " fcode="load"/>
<opset="phi_urem_load_2/2 phi_urem_load/17 "/>
</bind>
</comp>

<comp id="293" class="1004" name="grp_load_fu_293">
<pin_list>
<pin id="294" dir="0" index="0" bw="10" slack="4"/>
<pin id="295" dir="1" index="1" bw="10" slack="0"/>
</pin_list>
<bind>
<opcode="load(27) " fcode="load"/>
<opset="phi_urem141_load_1/5 phi_urem141_load/17 "/>
</bind>
</comp>

<comp id="296" class="1004" name="store_ln9_store_fu_296">
<pin_list>
<pin id="297" dir="0" index="0" bw="1" slack="0"/>
<pin id="298" dir="0" index="1" bw="10" slack="0"/>
<pin id="299" dir="1" index="2" bw="0" slack="2147483647"/>
</pin_list>
<bind>
<opcode="store(28) " fcode="store"/>
<opset="store_ln9/1 "/>
</bind>
</comp>

<comp id="301" class="1004" name="store_ln0_store_fu_301">
<pin_list>
<pin id="302" dir="0" index="0" bw="1" slack="0"/>
<pin id="303" dir="0" index="1" bw="10" slack="0"/>
<pin id="304" dir="1" index="2" bw="0" slack="2147483647"/>
</pin_list>
<bind>
<opcode="store(28) " fcode="store"/>
<opset="store_ln0/1 "/>
</bind>
</comp>

<comp id="306" class="1004" name="store_ln0_store_fu_306">
<pin_list>
<pin id="307" dir="0" index="0" bw="1" slack="0"/>
<pin id="308" dir="0" index="1" bw="10" slack="0"/>
<pin id="309" dir="1" index="2" bw="0" slack="2147483647"/>
</pin_list>
<bind>
<opcode="store(28) " fcode="store"/>
<opset="store_ln0/1 "/>
</bind>
</comp>

<comp id="311" class="1004" name="row_3_load_fu_311">
<pin_list>
<pin id="312" dir="0" index="0" bw="10" slack="1"/>
<pin id="313" dir="1" index="1" bw="10" slack="0"/>
</pin_list>
<bind>
<opcode="load(27) " fcode="load"/>
<opset="row_3/2 "/>
</bind>
</comp>

<comp id="314" class="1004" name="icmp_ln46_fu_314">
<pin_list>
<pin id="315" dir="0" index="0" bw="10" slack="0"/>
<pin id="316" dir="0" index="1" bw="10" slack="0"/>
<pin id="317" dir="1" index="2" bw="1" slack="2147483647"/>
</pin_list>
<bind>
<opcode="icmp(45) " fcode="icmp"/>
<opset="icmp_ln46/2 "/>
</bind>
</comp>

<comp id="320" class="1004" name="rowsReceived_fu_320">
<pin_list>
<pin id="321" dir="0" index="0" bw="10" slack="0"/>
<pin id="322" dir="0" index="1" bw="1" slack="0"/>
<pin id="323" dir="1" index="2" bw="10" slack="15"/>
</pin_list>
<bind>
<opcode="add(8) " fcode="add"/>
<opset="rowsReceived/2 "/>
</bind>
</comp>

<comp id="326" class="1004" name="tmp_fu_326">
<pin_list>
<pin id="327" dir="0" index="0" bw="1" slack="0"/>
<pin id="328" dir="0" index="1" bw="10" slack="0"/>
<pin id="329" dir="0" index="2" bw="5" slack="0"/>
<pin id="330" dir="1" index="3" bw="1" slack="1"/>
</pin_list>
<bind>
<opcode="bitselect(1000) " fcode="bitselect"/>
<opset="tmp/2 "/>
</bind>
</comp>

<comp id="334" class="1004" name="trunc_ln52_fu_334">
<pin_list>
<pin id="335" dir="0" index="0" bw="10" slack="0"/>
<pin id="336" dir="1" index="1" bw="2" slack="0"/>
</pin_list>
<bind>
<opcode="trunc(33) " fcode="trunc"/>
<opset="trunc_ln52/2 "/>
</bind>
</comp>

<comp id="339" class="1004" name="outputRow_fu_339">
<pin_list>
<pin id="340" dir="0" index="0" bw="10" slack="2147483647"/>
<pin id="341" dir="0" index="1" bw="1" slack="0"/>
<pin id="342" dir="1" index="2" bw="10" slack="0"/>
</pin_list>
<bind>
<opcode="add(8) " fcode="add"/>
<opset="outputRow/3 "/>
</bind>
</comp>

<comp id="344" class="1004" name="trunc_ln61_fu_344">
<pin_list>
<pin id="345" dir="0" index="0" bw="10" slack="0"/>
<pin id="346" dir="1" index="1" bw="9" slack="13"/>
</pin_list>
<bind>
<opcode="trunc(33) " fcode="trunc"/>
<opset="trunc_ln61/3 "/>
</bind>
</comp>

<comp id="348" class="1004" name="tmp_20_fu_348">
<pin_list>
<pin id="349" dir="0" index="0" bw="1" slack="0"/>
<pin id="350" dir="0" index="1" bw="10" slack="0"/>
<pin id="351" dir="0" index="2" bw="5" slack="0"/>
<pin id="352" dir="1" index="3" bw="1" slack="14"/>
</pin_list>
<bind>
<opcode="bitselect(1000) " fcode="bitselect"/>
<opset="tmp_20/3 "/>
</bind>
</comp>

<comp id="356" class="1004" name="add_ln77_fu_356">
<pin_list>
<pin id="357" dir="0" index="0" bw="10" slack="2147483647"/>
<pin id="358" dir="0" index="1" bw="2" slack="0"/>
<pin id="359" dir="1" index="2" bw="10" slack="0"/>
</pin_list>
<bind>
<opcode="add(8) " fcode="add"/>
<opset="add_ln77/3 "/>
</bind>
</comp>

<comp id="361" class="1004" name="grp_fu_361">
<pin_list>
<pin id="362" dir="0" index="0" bw="10" slack="0"/>
<pin id="363" dir="0" index="1" bw="3" slack="0"/>
<pin id="364" dir="1" index="2" bw="10" slack="0"/>
</pin_list>
<bind>
<opcode="srem(18) " fcode="srem"/>
<opset="result/3 "/>
</bind>
</comp>

<comp id="367" class="1004" name="trunc_ln9_fu_367">
<pin_list>
<pin id="368" dir="0" index="0" bw="10" slack="0"/>
<pin id="369" dir="1" index="1" bw="2" slack="0"/>
</pin_list>
<bind>
<opcode="trunc(33) " fcode="trunc"/>
<opset="trunc_ln9/5 "/>
</bind>
</comp>

<comp id="371" class="1004" name="tmp_9_fu_371">
<pin_list>
<pin id="372" dir="0" index="0" bw="8" slack="0"/>
<pin id="373" dir="0" index="1" bw="2" slack="0"/>
<pin id="374" dir="0" index="2" bw="8" slack="0"/>
<pin id="375" dir="0" index="3" bw="2" slack="0"/>
<pin id="376" dir="0" index="4" bw="8" slack="0"/>
<pin id="377" dir="0" index="5" bw="2" slack="0"/>
<pin id="378" dir="0" index="6" bw="8" slack="0"/>
<pin id="379" dir="0" index="7" bw="8" slack="0"/>
<pin id="380" dir="0" index="8" bw="2" slack="0"/>
<pin id="381" dir="1" index="9" bw="8" slack="11"/>
</pin_list>
<bind>
<opcode="sparsemux(1197) " fcode="sparsemux"/>
<opset="tmp_9/5 "/>
</bind>
</comp>

<comp id="391" class="1004" name="tmp_4_fu_391">
<pin_list>
<pin id="392" dir="0" index="0" bw="8" slack="0"/>
<pin id="393" dir="0" index="1" bw="2" slack="0"/>
<pin id="394" dir="0" index="2" bw="8" slack="0"/>
<pin id="395" dir="0" index="3" bw="2" slack="0"/>
<pin id="396" dir="0" index="4" bw="8" slack="0"/>
<pin id="397" dir="0" index="5" bw="2" slack="0"/>
<pin id="398" dir="0" index="6" bw="8" slack="0"/>
<pin id="399" dir="0" index="7" bw="8" slack="0"/>
<pin id="400" dir="0" index="8" bw="2" slack="0"/>
<pin id="401" dir="1" index="9" bw="8" slack="11"/>
</pin_list>
<bind>
<opcode="sparsemux(1197) " fcode="sparsemux"/>
<opset="tmp_4/5 "/>
</bind>
</comp>

<comp id="411" class="1004" name="trunc_ln10_fu_411">
<pin_list>
<pin id="412" dir="0" index="0" bw="3" slack="0"/>
<pin id="413" dir="1" index="1" bw="2" slack="0"/>
</pin_list>
<bind>
<opcode="trunc(33) " fcode="trunc"/>
<opset="trunc_ln10/16 "/>
</bind>
</comp>

<comp id="415" class="1004" name="tmp_21_fu_415">
<pin_list>
<pin id="416" dir="0" index="0" bw="1" slack="0"/>
<pin id="417" dir="0" index="1" bw="3" slack="0"/>
<pin id="418" dir="0" index="2" bw="3" slack="0"/>
<pin id="419" dir="1" index="3" bw="1" slack="0"/>
</pin_list>
<bind>
<opcode="bitselect(1000) " fcode="bitselect"/>
<opset="tmp_21/16 "/>
</bind>
</comp>

<comp id="423" class="1004" name="add_ln11_fu_423">
<pin_list>
<pin id="424" dir="0" index="0" bw="2" slack="0"/>
<pin id="425" dir="0" index="1" bw="1" slack="0"/>
<pin id="426" dir="1" index="2" bw="2" slack="0"/>
</pin_list>
<bind>
<opcode="add(8) " fcode="add"/>
<opset="add_ln11/16 "/>
</bind>
</comp>

<comp id="429" class="1004" name="select_ln11_fu_429">
<pin_list>
<pin id="430" dir="0" index="0" bw="1" slack="0"/>
<pin id="431" dir="0" index="1" bw="2" slack="0"/>
<pin id="432" dir="0" index="2" bw="2" slack="0"/>
<pin id="433" dir="1" index="3" bw="2" slack="0"/>
</pin_list>
<bind>
<opcode="select(49) " fcode="select"/>
<opset="select_ln11/16 "/>
</bind>
</comp>

<comp id="438" class="1004" name="tmp_s_fu_438">
<pin_list>
<pin id="439" dir="0" index="0" bw="16" slack="0"/>
<pin id="440" dir="0" index="1" bw="2" slack="0"/>
<pin id="441" dir="0" index="2" bw="16" slack="1"/>
<pin id="442" dir="0" index="3" bw="2" slack="0"/>
<pin id="443" dir="0" index="4" bw="16" slack="1"/>
<pin id="444" dir="0" index="5" bw="2" slack="0"/>
<pin id="445" dir="0" index="6" bw="16" slack="1"/>
<pin id="446" dir="0" index="7" bw="16" slack="0"/>
<pin id="447" dir="0" index="8" bw="2" slack="0"/>
<pin id="448" dir="1" index="9" bw="16" slack="0"/>
</pin_list>
<bind>
<opcode="sparsemux(1197) " fcode="sparsemux"/>
<opset="tmp_s/16 "/>
</bind>
</comp>

<comp id="456" class="1004" name="tmp_8_fu_456">
<pin_list>
<pin id="457" dir="0" index="0" bw="16" slack="0"/>
<pin id="458" dir="0" index="1" bw="2" slack="0"/>
<pin id="459" dir="0" index="2" bw="16" slack="1"/>
<pin id="460" dir="0" index="3" bw="2" slack="0"/>
<pin id="461" dir="0" index="4" bw="16" slack="1"/>
<pin id="462" dir="0" index="5" bw="2" slack="0"/>
<pin id="463" dir="0" index="6" bw="16" slack="1"/>
<pin id="464" dir="0" index="7" bw="16" slack="0"/>
<pin id="465" dir="0" index="8" bw="2" slack="11"/>
<pin id="466" dir="1" index="9" bw="16" slack="0"/>
</pin_list>
<bind>
<opcode="sparsemux(1197) " fcode="sparsemux"/>
<opset="tmp_8/16 "/>
</bind>
</comp>

<comp id="473" class="1004" name="tmp_1_fu_473">
<pin_list>
<pin id="474" dir="0" index="0" bw="16" slack="0"/>
<pin id="475" dir="0" index="1" bw="2" slack="0"/>
<pin id="476" dir="0" index="2" bw="16" slack="1"/>
<pin id="477" dir="0" index="3" bw="2" slack="0"/>
<pin id="478" dir="0" index="4" bw="16" slack="1"/>
<pin id="479" dir="0" index="5" bw="2" slack="0"/>
<pin id="480" dir="0" index="6" bw="16" slack="1"/>
<pin id="481" dir="0" index="7" bw="16" slack="0"/>
<pin id="482" dir="0" index="8" bw="2" slack="11"/>
<pin id="483" dir="1" index="9" bw="16" slack="0"/>
</pin_list>
<bind>
<opcode="sparsemux(1197) " fcode="sparsemux"/>
<opset="tmp_1/16 "/>
</bind>
</comp>

<comp id="490" class="1004" name="tmp_2_fu_490">
<pin_list>
<pin id="491" dir="0" index="0" bw="16" slack="0"/>
<pin id="492" dir="0" index="1" bw="2" slack="0"/>
<pin id="493" dir="0" index="2" bw="16" slack="1"/>
<pin id="494" dir="0" index="3" bw="2" slack="0"/>
<pin id="495" dir="0" index="4" bw="16" slack="1"/>
<pin id="496" dir="0" index="5" bw="2" slack="0"/>
<pin id="497" dir="0" index="6" bw="16" slack="1"/>
<pin id="498" dir="0" index="7" bw="16" slack="0"/>
<pin id="499" dir="0" index="8" bw="2" slack="0"/>
<pin id="500" dir="1" index="9" bw="16" slack="0"/>
</pin_list>
<bind>
<opcode="sparsemux(1197) " fcode="sparsemux"/>
<opset="tmp_2/16 "/>
</bind>
</comp>

<comp id="508" class="1004" name="tmp_3_fu_508">
<pin_list>
<pin id="509" dir="0" index="0" bw="16" slack="0"/>
<pin id="510" dir="0" index="1" bw="2" slack="0"/>
<pin id="511" dir="0" index="2" bw="16" slack="1"/>
<pin id="512" dir="0" index="3" bw="2" slack="0"/>
<pin id="513" dir="0" index="4" bw="16" slack="1"/>
<pin id="514" dir="0" index="5" bw="2" slack="0"/>
<pin id="515" dir="0" index="6" bw="16" slack="1"/>
<pin id="516" dir="0" index="7" bw="16" slack="0"/>
<pin id="517" dir="0" index="8" bw="2" slack="11"/>
<pin id="518" dir="1" index="9" bw="16" slack="0"/>
</pin_list>
<bind>
<opcode="sparsemux(1197) " fcode="sparsemux"/>
<opset="tmp_3/16 "/>
</bind>
</comp>

<comp id="525" class="1004" name="tmp_5_fu_525">
<pin_list>
<pin id="526" dir="0" index="0" bw="16" slack="0"/>
<pin id="527" dir="0" index="1" bw="2" slack="0"/>
<pin id="528" dir="0" index="2" bw="16" slack="1"/>
<pin id="529" dir="0" index="3" bw="2" slack="0"/>
<pin id="530" dir="0" index="4" bw="16" slack="1"/>
<pin id="531" dir="0" index="5" bw="2" slack="0"/>
<pin id="532" dir="0" index="6" bw="16" slack="1"/>
<pin id="533" dir="0" index="7" bw="16" slack="0"/>
<pin id="534" dir="0" index="8" bw="2" slack="11"/>
<pin id="535" dir="1" index="9" bw="16" slack="0"/>
</pin_list>
<bind>
<opcode="sparsemux(1197) " fcode="sparsemux"/>
<opset="tmp_5/16 "/>
</bind>
</comp>

<comp id="542" class="1004" name="add_ln44_fu_542">
<pin_list>
<pin id="543" dir="0" index="0" bw="10" slack="0"/>
<pin id="544" dir="0" index="1" bw="1" slack="0"/>
<pin id="545" dir="1" index="2" bw="10" slack="0"/>
</pin_list>
<bind>
<opcode="add(8) " fcode="add"/>
<opset="add_ln44/17 "/>
</bind>
</comp>

<comp id="548" class="1004" name="icmp_ln44_fu_548">
<pin_list>
<pin id="549" dir="0" index="0" bw="10" slack="0"/>
<pin id="550" dir="0" index="1" bw="3" slack="0"/>
<pin id="551" dir="1" index="2" bw="1" slack="0"/>
</pin_list>
<bind>
<opcode="icmp(45) " fcode="icmp"/>
<opset="icmp_ln44/17 "/>
</bind>
</comp>

<comp id="554" class="1004" name="select_ln44_fu_554">
<pin_list>
<pin id="555" dir="0" index="0" bw="1" slack="0"/>
<pin id="556" dir="0" index="1" bw="1" slack="0"/>
<pin id="557" dir="0" index="2" bw="10" slack="0"/>
<pin id="558" dir="1" index="3" bw="10" slack="0"/>
</pin_list>
<bind>
<opcode="select(49) " fcode="select"/>
<opset="select_ln44/17 "/>
</bind>
</comp>

<comp id="562" class="1004" name="add_ln44_1_fu_562">
<pin_list>
<pin id="563" dir="0" index="0" bw="10" slack="0"/>
<pin id="564" dir="0" index="1" bw="1" slack="0"/>
<pin id="565" dir="1" index="2" bw="10" slack="0"/>
</pin_list>
<bind>
<opcode="add(8) " fcode="add"/>
<opset="add_ln44_1/17 "/>
</bind>
</comp>

<comp id="568" class="1004" name="icmp_ln44_1_fu_568">
<pin_list>
<pin id="569" dir="0" index="0" bw="10" slack="0"/>
<pin id="570" dir="0" index="1" bw="3" slack="0"/>
<pin id="571" dir="1" index="2" bw="1" slack="0"/>
</pin_list>
<bind>
<opcode="icmp(45) " fcode="icmp"/>
<opset="icmp_ln44_1/17 "/>
</bind>
</comp>

<comp id="574" class="1004" name="select_ln44_1_fu_574">
<pin_list>
<pin id="575" dir="0" index="0" bw="1" slack="0"/>
<pin id="576" dir="0" index="1" bw="1" slack="0"/>
<pin id="577" dir="0" index="2" bw="10" slack="0"/>
<pin id="578" dir="1" index="3" bw="10" slack="0"/>
</pin_list>
<bind>
<opcode="select(49) " fcode="select"/>
<opset="select_ln44_1/17 "/>
</bind>
</comp>

<comp id="582" class="1004" name="store_ln9_store_fu_582">
<pin_list>
<pin id="583" dir="0" index="0" bw="10" slack="15"/>
<pin id="584" dir="0" index="1" bw="10" slack="16"/>
<pin id="585" dir="1" index="2" bw="0" slack="2147483647"/>
</pin_list>
<bind>
<opcode="store(28) " fcode="store"/>
<opset="store_ln9/17 "/>
</bind>
</comp>

<comp id="586" class="1004" name="store_ln44_store_fu_586">
<pin_list>
<pin id="587" dir="0" index="0" bw="10" slack="0"/>
<pin id="588" dir="0" index="1" bw="10" slack="16"/>
<pin id="589" dir="1" index="2" bw="0" slack="2147483647"/>
</pin_list>
<bind>
<opcode="store(28) " fcode="store"/>
<opset="store_ln44/17 "/>
</bind>
</comp>

<comp id="591" class="1004" name="store_ln44_store_fu_591">
<pin_list>
<pin id="592" dir="0" index="0" bw="10" slack="0"/>
<pin id="593" dir="0" index="1" bw="10" slack="16"/>
<pin id="594" dir="1" index="2" bw="0" slack="2147483647"/>
</pin_list>
<bind>
<opcode="store(28) " fcode="store"/>
<opset="store_ln44/17 "/>
</bind>
</comp>

<comp id="596" class="1005" name="phi_urem141_reg_596">
<pin_list>
<pin id="597" dir="0" index="0" bw="10" slack="0"/>
<pin id="598" dir="1" index="1" bw="10" slack="0"/>
</pin_list>
<bind>
<opset="phi_urem141 "/>
</bind>
</comp>

<comp id="603" class="1005" name="phi_urem_reg_603">
<pin_list>
<pin id="604" dir="0" index="0" bw="10" slack="0"/>
<pin id="605" dir="1" index="1" bw="10" slack="0"/>
</pin_list>
<bind>
<opset="phi_urem "/>
</bind>
</comp>

<comp id="610" class="1005" name="row_2_reg_610">
<pin_list>
<pin id="611" dir="0" index="0" bw="10" slack="0"/>
<pin id="612" dir="1" index="1" bw="10" slack="0"/>
</pin_list>
<bind>
<opset="row_2 "/>
</bind>
</comp>

<comp id="617" class="1005" name="lineBuffer_magnitude_addr_reg_617">
<pin_list>
<pin id="618" dir="0" index="0" bw="9" slack="13"/>
<pin id="619" dir="1" index="1" bw="9" slack="13"/>
</pin_list>
<bind>
<opset="lineBuffer_magnitude_addr "/>
</bind>
</comp>

<comp id="622" class="1005" name="lineBuffer_magnitude_1_addr_reg_622">
<pin_list>
<pin id="623" dir="0" index="0" bw="9" slack="13"/>
<pin id="624" dir="1" index="1" bw="9" slack="13"/>
</pin_list>
<bind>
<opset="lineBuffer_magnitude_1_addr "/>
</bind>
</comp>

<comp id="627" class="1005" name="lineBuffer_magnitude_2_addr_reg_627">
<pin_list>
<pin id="628" dir="0" index="0" bw="9" slack="13"/>
<pin id="629" dir="1" index="1" bw="9" slack="13"/>
</pin_list>
<bind>
<opset="lineBuffer_magnitude_2_addr "/>
</bind>
</comp>

<comp id="632" class="1005" name="lineBuffer_direction_addr_reg_632">
<pin_list>
<pin id="633" dir="0" index="0" bw="9" slack="3"/>
<pin id="634" dir="1" index="1" bw="9" slack="3"/>
</pin_list>
<bind>
<opset="lineBuffer_direction_addr "/>
</bind>
</comp>

<comp id="637" class="1005" name="lineBuffer_direction_1_addr_reg_637">
<pin_list>
<pin id="638" dir="0" index="0" bw="9" slack="3"/>
<pin id="639" dir="1" index="1" bw="9" slack="3"/>
</pin_list>
<bind>
<opset="lineBuffer_direction_1_addr "/>
</bind>
</comp>

<comp id="642" class="1005" name="lineBuffer_direction_2_addr_reg_642">
<pin_list>
<pin id="643" dir="0" index="0" bw="9" slack="3"/>
<pin id="644" dir="1" index="1" bw="9" slack="3"/>
</pin_list>
<bind>
<opset="lineBuffer_direction_2_addr "/>
</bind>
</comp>

<comp id="647" class="1005" name="lineBuffer_magnitude_addr_1_reg_647">
<pin_list>
<pin id="648" dir="0" index="0" bw="9" slack="13"/>
<pin id="649" dir="1" index="1" bw="9" slack="13"/>
</pin_list>
<bind>
<opset="lineBuffer_magnitude_addr_1 "/>
</bind>
</comp>

<comp id="652" class="1005" name="lineBuffer_magnitude_1_addr_1_reg_652">
<pin_list>
<pin id="653" dir="0" index="0" bw="9" slack="13"/>
<pin id="654" dir="1" index="1" bw="9" slack="13"/>
</pin_list>
<bind>
<opset="lineBuffer_magnitude_1_addr_1 "/>
</bind>
</comp>

<comp id="657" class="1005" name="lineBuffer_magnitude_2_addr_1_reg_657">
<pin_list>
<pin id="658" dir="0" index="0" bw="9" slack="13"/>
<pin id="659" dir="1" index="1" bw="9" slack="13"/>
</pin_list>
<bind>
<opset="lineBuffer_magnitude_2_addr_1 "/>
</bind>
</comp>

<comp id="662" class="1005" name="lineBuffer_direction_addr_1_reg_662">
<pin_list>
<pin id="663" dir="0" index="0" bw="9" slack="3"/>
<pin id="664" dir="1" index="1" bw="9" slack="3"/>
</pin_list>
<bind>
<opset="lineBuffer_direction_addr_1 "/>
</bind>
</comp>

<comp id="667" class="1005" name="lineBuffer_direction_1_addr_1_reg_667">
<pin_list>
<pin id="668" dir="0" index="0" bw="9" slack="3"/>
<pin id="669" dir="1" index="1" bw="9" slack="3"/>
</pin_list>
<bind>
<opset="lineBuffer_direction_1_addr_1 "/>
</bind>
</comp>

<comp id="672" class="1005" name="lineBuffer_direction_2_addr_1_reg_672">
<pin_list>
<pin id="673" dir="0" index="0" bw="9" slack="3"/>
<pin id="674" dir="1" index="1" bw="9" slack="3"/>
</pin_list>
<bind>
<opset="lineBuffer_direction_2_addr_1 "/>
</bind>
</comp>

<comp id="683" class="1005" name="rowsReceived_reg_683">
<pin_list>
<pin id="684" dir="0" index="0" bw="10" slack="15"/>
<pin id="685" dir="1" index="1" bw="10" slack="15"/>
</pin_list>
<bind>
<opset="rowsReceived "/>
</bind>
</comp>

<comp id="688" class="1005" name="tmp_reg_688">
<pin_list>
<pin id="689" dir="0" index="0" bw="1" slack="1"/>
<pin id="690" dir="1" index="1" bw="1" slack="2147483647"/>
</pin_list>
<bind>
<opset="tmp "/>
</bind>
</comp>

<comp id="692" class="1005" name="trunc_ln52_reg_692">
<pin_list>
<pin id="693" dir="0" index="0" bw="2" slack="1"/>
<pin id="694" dir="1" index="1" bw="2" slack="1"/>
</pin_list>
<bind>
<opset="trunc_ln52 "/>
</bind>
</comp>

<comp id="697" class="1005" name="trunc_ln61_reg_697">
<pin_list>
<pin id="698" dir="0" index="0" bw="9" slack="13"/>
<pin id="699" dir="1" index="1" bw="9" slack="13"/>
</pin_list>
<bind>
<opset="trunc_ln61 "/>
</bind>
</comp>

<comp id="702" class="1005" name="tmp_20_reg_702">
<pin_list>
<pin id="703" dir="0" index="0" bw="1" slack="14"/>
<pin id="704" dir="1" index="1" bw="1" slack="2147483647"/>
</pin_list>
<bind>
<opset="tmp_20 "/>
</bind>
</comp>

<comp id="706" class="1005" name="add_ln77_reg_706">
<pin_list>
<pin id="707" dir="0" index="0" bw="10" slack="1"/>
<pin id="708" dir="1" index="1" bw="10" slack="1"/>
</pin_list>
<bind>
<opset="add_ln77 "/>
</bind>
</comp>

<comp id="711" class="1005" name="trunc_ln9_reg_711">
<pin_list>
<pin id="712" dir="0" index="0" bw="2" slack="11"/>
<pin id="713" dir="1" index="1" bw="2" slack="11"/>
</pin_list>
<bind>
<opset="trunc_ln9 "/>
</bind>
</comp>

<comp id="720" class="1005" name="tmp_9_reg_720">
<pin_list>
<pin id="721" dir="0" index="0" bw="8" slack="11"/>
<pin id="722" dir="1" index="1" bw="8" slack="11"/>
</pin_list>
<bind>
<opset="tmp_9 "/>
</bind>
</comp>

<comp id="725" class="1005" name="tmp_4_reg_725">
<pin_list>
<pin id="726" dir="0" index="0" bw="8" slack="11"/>
<pin id="727" dir="1" index="1" bw="8" slack="11"/>
</pin_list>
<bind>
<opset="tmp_4 "/>
</bind>
</comp>

<comp id="730" class="1005" name="lineBuffer_magnitude_load_reg_730">
<pin_list>
<pin id="731" dir="0" index="0" bw="16" slack="1"/>
<pin id="732" dir="1" index="1" bw="16" slack="1"/>
</pin_list>
<bind>
<opset="lineBuffer_magnitude_load "/>
</bind>
</comp>

<comp id="737" class="1005" name="lineBuffer_magnitude_1_load_reg_737">
<pin_list>
<pin id="738" dir="0" index="0" bw="16" slack="1"/>
<pin id="739" dir="1" index="1" bw="16" slack="1"/>
</pin_list>
<bind>
<opset="lineBuffer_magnitude_1_load "/>
</bind>
</comp>

<comp id="744" class="1005" name="lineBuffer_magnitude_2_load_reg_744">
<pin_list>
<pin id="745" dir="0" index="0" bw="16" slack="1"/>
<pin id="746" dir="1" index="1" bw="16" slack="1"/>
</pin_list>
<bind>
<opset="lineBuffer_magnitude_2_load "/>
</bind>
</comp>

<comp id="751" class="1005" name="lineBuffer_magnitude_load_1_reg_751">
<pin_list>
<pin id="752" dir="0" index="0" bw="16" slack="1"/>
<pin id="753" dir="1" index="1" bw="16" slack="1"/>
</pin_list>
<bind>
<opset="lineBuffer_magnitude_load_1 "/>
</bind>
</comp>

<comp id="758" class="1005" name="lineBuffer_magnitude_1_load_1_reg_758">
<pin_list>
<pin id="759" dir="0" index="0" bw="16" slack="1"/>
<pin id="760" dir="1" index="1" bw="16" slack="1"/>
</pin_list>
<bind>
<opset="lineBuffer_magnitude_1_load_1 "/>
</bind>
</comp>

<comp id="765" class="1005" name="lineBuffer_magnitude_2_load_1_reg_765">
<pin_list>
<pin id="766" dir="0" index="0" bw="16" slack="1"/>
<pin id="767" dir="1" index="1" bw="16" slack="1"/>
</pin_list>
<bind>
<opset="lineBuffer_magnitude_2_load_1 "/>
</bind>
</comp>

<comp id="772" class="1005" name="select_ln11_reg_772">
<pin_list>
<pin id="773" dir="0" index="0" bw="2" slack="1"/>
<pin id="774" dir="1" index="1" bw="2" slack="1"/>
</pin_list>
<bind>
<opset="select_ln11 "/>
</bind>
</comp>

<comp id="777" class="1005" name="tmp_s_reg_777">
<pin_list>
<pin id="778" dir="0" index="0" bw="16" slack="1"/>
<pin id="779" dir="1" index="1" bw="16" slack="1"/>
</pin_list>
<bind>
<opset="tmp_s "/>
</bind>
</comp>

<comp id="782" class="1005" name="tmp_8_reg_782">
<pin_list>
<pin id="783" dir="0" index="0" bw="16" slack="1"/>
<pin id="784" dir="1" index="1" bw="16" slack="1"/>
</pin_list>
<bind>
<opset="tmp_8 "/>
</bind>
</comp>

<comp id="787" class="1005" name="tmp_1_reg_787">
<pin_list>
<pin id="788" dir="0" index="0" bw="16" slack="1"/>
<pin id="789" dir="1" index="1" bw="16" slack="1"/>
</pin_list>
<bind>
<opset="tmp_1 "/>
</bind>
</comp>

<comp id="792" class="1005" name="tmp_2_reg_792">
<pin_list>
<pin id="793" dir="0" index="0" bw="16" slack="1"/>
<pin id="794" dir="1" index="1" bw="16" slack="1"/>
</pin_list>
<bind>
<opset="tmp_2 "/>
</bind>
</comp>

<comp id="797" class="1005" name="tmp_3_reg_797">
<pin_list>
<pin id="798" dir="0" index="0" bw="16" slack="1"/>
<pin id="799" dir="1" index="1" bw="16" slack="1"/>
</pin_list>
<bind>
<opset="tmp_3 "/>
</bind>
</comp>

<comp id="802" class="1005" name="tmp_5_reg_802">
<pin_list>
<pin id="803" dir="0" index="0" bw="16" slack="1"/>
<pin id="804" dir="1" index="1" bw="16" slack="1"/>
</pin_list>
<bind>
<opset="tmp_5 "/>
</bind>
</comp>

</comp_list>

<net_list>
<net id="71"><net_src comp="4" pin="0"/><net_sink comp="68" pin=0"/></net>

<net id="75"><net_src comp="4" pin="0"/><net_sink comp="72" pin=0"/></net>

<net id="79"><net_src comp="4" pin="0"/><net_sink comp="76" pin=0"/></net>

<net id="83"><net_src comp="16" pin="0"/><net_sink comp="80" pin=0"/></net>

<net id="87"><net_src comp="16" pin="0"/><net_sink comp="84" pin=0"/></net>

<net id="91"><net_src comp="16" pin="0"/><net_sink comp="88" pin=0"/></net>

<net id="95"><net_src comp="16" pin="0"/><net_sink comp="92" pin=0"/></net>

<net id="99"><net_src comp="16" pin="0"/><net_sink comp="96" pin=0"/></net>

<net id="103"><net_src comp="16" pin="0"/><net_sink comp="100" pin=0"/></net>

<net id="109"><net_src comp="80" pin="1"/><net_sink comp="104" pin=0"/></net>

<net id="110"><net_src comp="18" pin="0"/><net_sink comp="104" pin=1"/></net>

<net id="111"><net_src comp="18" pin="0"/><net_sink comp="104" pin=2"/></net>

<net id="117"><net_src comp="84" pin="1"/><net_sink comp="112" pin=0"/></net>

<net id="118"><net_src comp="18" pin="0"/><net_sink comp="112" pin=1"/></net>

<net id="119"><net_src comp="18" pin="0"/><net_sink comp="112" pin=2"/></net>

<net id="125"><net_src comp="88" pin="1"/><net_sink comp="120" pin=0"/></net>

<net id="126"><net_src comp="18" pin="0"/><net_sink comp="120" pin=1"/></net>

<net id="127"><net_src comp="18" pin="0"/><net_sink comp="120" pin=2"/></net>

<net id="133"><net_src comp="92" pin="1"/><net_sink comp="128" pin=0"/></net>

<net id="134"><net_src comp="18" pin="0"/><net_sink comp="128" pin=1"/></net>

<net id="135"><net_src comp="18" pin="0"/><net_sink comp="128" pin=2"/></net>

<net id="141"><net_src comp="96" pin="1"/><net_sink comp="136" pin=0"/></net>

<net id="142"><net_src comp="18" pin="0"/><net_sink comp="136" pin=1"/></net>

<net id="143"><net_src comp="18" pin="0"/><net_sink comp="136" pin=2"/></net>

<net id="149"><net_src comp="100" pin="1"/><net_sink comp="144" pin=0"/></net>

<net id="150"><net_src comp="18" pin="0"/><net_sink comp="144" pin=1"/></net>

<net id="151"><net_src comp="18" pin="0"/><net_sink comp="144" pin=2"/></net>

<net id="157"><net_src comp="80" pin="1"/><net_sink comp="152" pin=0"/></net>

<net id="158"><net_src comp="18" pin="0"/><net_sink comp="152" pin=1"/></net>

<net id="159"><net_src comp="16" pin="0"/><net_sink comp="152" pin=2"/></net>

<net id="165"><net_src comp="84" pin="1"/><net_sink comp="160" pin=0"/></net>

<net id="166"><net_src comp="18" pin="0"/><net_sink comp="160" pin=1"/></net>

<net id="167"><net_src comp="16" pin="0"/><net_sink comp="160" pin=2"/></net>

<net id="173"><net_src comp="88" pin="1"/><net_sink comp="168" pin=0"/></net>

<net id="174"><net_src comp="18" pin="0"/><net_sink comp="168" pin=1"/></net>

<net id="175"><net_src comp="16" pin="0"/><net_sink comp="168" pin=2"/></net>

<net id="181"><net_src comp="92" pin="1"/><net_sink comp="176" pin=0"/></net>

<net id="182"><net_src comp="18" pin="0"/><net_sink comp="176" pin=1"/></net>

<net id="183"><net_src comp="16" pin="0"/><net_sink comp="176" pin=2"/></net>

<net id="189"><net_src comp="96" pin="1"/><net_sink comp="184" pin=0"/></net>

<net id="190"><net_src comp="18" pin="0"/><net_sink comp="184" pin=1"/></net>

<net id="191"><net_src comp="16" pin="0"/><net_sink comp="184" pin=2"/></net>

<net id="197"><net_src comp="100" pin="1"/><net_sink comp="192" pin=0"/></net>

<net id="198"><net_src comp="18" pin="0"/><net_sink comp="192" pin=1"/></net>

<net id="199"><net_src comp="16" pin="0"/><net_sink comp="192" pin=2"/></net>

<net id="265"><net_src comp="38" pin="0"/><net_sink comp="254" pin=0"/></net>

<net id="266"><net_src comp="0" pin="0"/><net_sink comp="254" pin=7"/></net>

<net id="288"><net_src comp="64" pin="0"/><net_sink comp="267" pin=0"/></net>

<net id="289"><net_src comp="2" pin="0"/><net_sink comp="267" pin=18"/></net>

<net id="300"><net_src comp="20" pin="0"/><net_sink comp="296" pin=0"/></net>

<net id="305"><net_src comp="20" pin="0"/><net_sink comp="301" pin=0"/></net>

<net id="310"><net_src comp="20" pin="0"/><net_sink comp="306" pin=0"/></net>

<net id="318"><net_src comp="311" pin="1"/><net_sink comp="314" pin=0"/></net>

<net id="319"><net_src comp="22" pin="0"/><net_sink comp="314" pin=1"/></net>

<net id="324"><net_src comp="311" pin="1"/><net_sink comp="320" pin=0"/></net>

<net id="325"><net_src comp="28" pin="0"/><net_sink comp="320" pin=1"/></net>

<net id="331"><net_src comp="34" pin="0"/><net_sink comp="326" pin=0"/></net>

<net id="332"><net_src comp="311" pin="1"/><net_sink comp="326" pin=1"/></net>

<net id="333"><net_src comp="36" pin="0"/><net_sink comp="326" pin=2"/></net>

<net id="337"><net_src comp="290" pin="1"/><net_sink comp="334" pin=0"/></net>

<net id="338"><net_src comp="334" pin="1"/><net_sink comp="254" pin=8"/></net>

<net id="343"><net_src comp="40" pin="0"/><net_sink comp="339" pin=1"/></net>

<net id="347"><net_src comp="339" pin="2"/><net_sink comp="344" pin=0"/></net>

<net id="353"><net_src comp="34" pin="0"/><net_sink comp="348" pin=0"/></net>

<net id="354"><net_src comp="339" pin="2"/><net_sink comp="348" pin=1"/></net>

<net id="355"><net_src comp="36" pin="0"/><net_sink comp="348" pin=2"/></net>

<net id="360"><net_src comp="42" pin="0"/><net_sink comp="356" pin=1"/></net>

<net id="365"><net_src comp="356" pin="2"/><net_sink comp="361" pin=0"/></net>

<net id="366"><net_src comp="44" pin="0"/><net_sink comp="361" pin=1"/></net>

<net id="370"><net_src comp="293" pin="1"/><net_sink comp="367" pin=0"/></net>

<net id="382"><net_src comp="46" pin="0"/><net_sink comp="371" pin=0"/></net>

<net id="383"><net_src comp="48" pin="0"/><net_sink comp="371" pin=1"/></net>

<net id="384"><net_src comp="200" pin="7"/><net_sink comp="371" pin=2"/></net>

<net id="385"><net_src comp="50" pin="0"/><net_sink comp="371" pin=3"/></net>

<net id="386"><net_src comp="209" pin="7"/><net_sink comp="371" pin=4"/></net>

<net id="387"><net_src comp="52" pin="0"/><net_sink comp="371" pin=5"/></net>

<net id="388"><net_src comp="218" pin="7"/><net_sink comp="371" pin=6"/></net>

<net id="389"><net_src comp="54" pin="0"/><net_sink comp="371" pin=7"/></net>

<net id="390"><net_src comp="367" pin="1"/><net_sink comp="371" pin=8"/></net>

<net id="402"><net_src comp="46" pin="0"/><net_sink comp="391" pin=0"/></net>

<net id="403"><net_src comp="48" pin="0"/><net_sink comp="391" pin=1"/></net>

<net id="404"><net_src comp="200" pin="3"/><net_sink comp="391" pin=2"/></net>

<net id="405"><net_src comp="50" pin="0"/><net_sink comp="391" pin=3"/></net>

<net id="406"><net_src comp="209" pin="3"/><net_sink comp="391" pin=4"/></net>

<net id="407"><net_src comp="52" pin="0"/><net_sink comp="391" pin=5"/></net>

<net id="408"><net_src comp="218" pin="3"/><net_sink comp="391" pin=6"/></net>

<net id="409"><net_src comp="54" pin="0"/><net_sink comp="391" pin=7"/></net>

<net id="410"><net_src comp="367" pin="1"/><net_sink comp="391" pin=8"/></net>

<net id="414"><net_src comp="361" pin="2"/><net_sink comp="411" pin=0"/></net>

<net id="420"><net_src comp="34" pin="0"/><net_sink comp="415" pin=0"/></net>

<net id="421"><net_src comp="361" pin="2"/><net_sink comp="415" pin=1"/></net>

<net id="422"><net_src comp="56" pin="0"/><net_sink comp="415" pin=2"/></net>

<net id="427"><net_src comp="411" pin="1"/><net_sink comp="423" pin=0"/></net>

<net id="428"><net_src comp="58" pin="0"/><net_sink comp="423" pin=1"/></net>

<net id="434"><net_src comp="415" pin="3"/><net_sink comp="429" pin=0"/></net>

<net id="435"><net_src comp="423" pin="2"/><net_sink comp="429" pin=1"/></net>

<net id="436"><net_src comp="411" pin="1"/><net_sink comp="429" pin=2"/></net>

<net id="437"><net_src comp="429" pin="3"/><net_sink comp="267" pin=16"/></net>

<net id="449"><net_src comp="60" pin="0"/><net_sink comp="438" pin=0"/></net>

<net id="450"><net_src comp="52" pin="0"/><net_sink comp="438" pin=1"/></net>

<net id="451"><net_src comp="48" pin="0"/><net_sink comp="438" pin=3"/></net>

<net id="452"><net_src comp="50" pin="0"/><net_sink comp="438" pin=5"/></net>

<net id="453"><net_src comp="62" pin="0"/><net_sink comp="438" pin=7"/></net>

<net id="454"><net_src comp="429" pin="3"/><net_sink comp="438" pin=8"/></net>

<net id="455"><net_src comp="438" pin="9"/><net_sink comp="267" pin=5"/></net>

<net id="467"><net_src comp="60" pin="0"/><net_sink comp="456" pin=0"/></net>

<net id="468"><net_src comp="48" pin="0"/><net_sink comp="456" pin=1"/></net>

<net id="469"><net_src comp="50" pin="0"/><net_sink comp="456" pin=3"/></net>

<net id="470"><net_src comp="52" pin="0"/><net_sink comp="456" pin=5"/></net>

<net id="471"><net_src comp="62" pin="0"/><net_sink comp="456" pin=7"/></net>

<net id="472"><net_src comp="456" pin="9"/><net_sink comp="267" pin=3"/></net>

<net id="484"><net_src comp="60" pin="0"/><net_sink comp="473" pin=0"/></net>

<net id="485"><net_src comp="52" pin="0"/><net_sink comp="473" pin=1"/></net>

<net id="486"><net_src comp="48" pin="0"/><net_sink comp="473" pin=3"/></net>

<net id="487"><net_src comp="50" pin="0"/><net_sink comp="473" pin=5"/></net>

<net id="488"><net_src comp="62" pin="0"/><net_sink comp="473" pin=7"/></net>

<net id="489"><net_src comp="473" pin="9"/><net_sink comp="267" pin=6"/></net>

<net id="501"><net_src comp="60" pin="0"/><net_sink comp="490" pin=0"/></net>

<net id="502"><net_src comp="52" pin="0"/><net_sink comp="490" pin=1"/></net>

<net id="503"><net_src comp="48" pin="0"/><net_sink comp="490" pin=3"/></net>

<net id="504"><net_src comp="50" pin="0"/><net_sink comp="490" pin=5"/></net>

<net id="505"><net_src comp="62" pin="0"/><net_sink comp="490" pin=7"/></net>

<net id="506"><net_src comp="429" pin="3"/><net_sink comp="490" pin=8"/></net>

<net id="507"><net_src comp="490" pin="9"/><net_sink comp="267" pin=7"/></net>

<net id="519"><net_src comp="60" pin="0"/><net_sink comp="508" pin=0"/></net>

<net id="520"><net_src comp="48" pin="0"/><net_sink comp="508" pin=1"/></net>

<net id="521"><net_src comp="50" pin="0"/><net_sink comp="508" pin=3"/></net>

<net id="522"><net_src comp="52" pin="0"/><net_sink comp="508" pin=5"/></net>

<net id="523"><net_src comp="62" pin="0"/><net_sink comp="508" pin=7"/></net>

<net id="524"><net_src comp="508" pin="9"/><net_sink comp="267" pin=2"/></net>

<net id="536"><net_src comp="60" pin="0"/><net_sink comp="525" pin=0"/></net>

<net id="537"><net_src comp="52" pin="0"/><net_sink comp="525" pin=1"/></net>

<net id="538"><net_src comp="48" pin="0"/><net_sink comp="525" pin=3"/></net>

<net id="539"><net_src comp="50" pin="0"/><net_sink comp="525" pin=5"/></net>

<net id="540"><net_src comp="62" pin="0"/><net_sink comp="525" pin=7"/></net>

<net id="541"><net_src comp="525" pin="9"/><net_sink comp="267" pin=4"/></net>

<net id="546"><net_src comp="293" pin="1"/><net_sink comp="542" pin=0"/></net>

<net id="547"><net_src comp="28" pin="0"/><net_sink comp="542" pin=1"/></net>

<net id="552"><net_src comp="293" pin="1"/><net_sink comp="548" pin=0"/></net>

<net id="553"><net_src comp="66" pin="0"/><net_sink comp="548" pin=1"/></net>

<net id="559"><net_src comp="548" pin="2"/><net_sink comp="554" pin=0"/></net>

<net id="560"><net_src comp="20" pin="0"/><net_sink comp="554" pin=1"/></net>

<net id="561"><net_src comp="542" pin="2"/><net_sink comp="554" pin=2"/></net>

<net id="566"><net_src comp="290" pin="1"/><net_sink comp="562" pin=0"/></net>

<net id="567"><net_src comp="28" pin="0"/><net_sink comp="562" pin=1"/></net>

<net id="572"><net_src comp="290" pin="1"/><net_sink comp="568" pin=0"/></net>

<net id="573"><net_src comp="66" pin="0"/><net_sink comp="568" pin=1"/></net>

<net id="579"><net_src comp="568" pin="2"/><net_sink comp="574" pin=0"/></net>

<net id="580"><net_src comp="20" pin="0"/><net_sink comp="574" pin=1"/></net>

<net id="581"><net_src comp="562" pin="2"/><net_sink comp="574" pin=2"/></net>

<net id="590"><net_src comp="574" pin="3"/><net_sink comp="586" pin=0"/></net>

<net id="595"><net_src comp="554" pin="3"/><net_sink comp="591" pin=0"/></net>

<net id="599"><net_src comp="68" pin="1"/><net_sink comp="596" pin=0"/></net>

<net id="600"><net_src comp="596" pin="1"/><net_sink comp="306" pin=1"/></net>

<net id="601"><net_src comp="596" pin="1"/><net_sink comp="293" pin=0"/></net>

<net id="602"><net_src comp="596" pin="1"/><net_sink comp="591" pin=1"/></net>

<net id="606"><net_src comp="72" pin="1"/><net_sink comp="603" pin=0"/></net>

<net id="607"><net_src comp="603" pin="1"/><net_sink comp="301" pin=1"/></net>

<net id="608"><net_src comp="603" pin="1"/><net_sink comp="290" pin=0"/></net>

<net id="609"><net_src comp="603" pin="1"/><net_sink comp="586" pin=1"/></net>

<net id="613"><net_src comp="76" pin="1"/><net_sink comp="610" pin=0"/></net>

<net id="614"><net_src comp="610" pin="1"/><net_sink comp="296" pin=1"/></net>

<net id="615"><net_src comp="610" pin="1"/><net_sink comp="311" pin=0"/></net>

<net id="616"><net_src comp="610" pin="1"/><net_sink comp="582" pin=1"/></net>

<net id="620"><net_src comp="104" pin="3"/><net_sink comp="617" pin=0"/></net>

<net id="621"><net_src comp="617" pin="1"/><net_sink comp="227" pin=2"/></net>

<net id="625"><net_src comp="112" pin="3"/><net_sink comp="622" pin=0"/></net>

<net id="626"><net_src comp="622" pin="1"/><net_sink comp="236" pin=2"/></net>

<net id="630"><net_src comp="120" pin="3"/><net_sink comp="627" pin=0"/></net>

<net id="631"><net_src comp="627" pin="1"/><net_sink comp="245" pin=2"/></net>

<net id="635"><net_src comp="128" pin="3"/><net_sink comp="632" pin=0"/></net>

<net id="636"><net_src comp="632" pin="1"/><net_sink comp="200" pin=2"/></net>

<net id="640"><net_src comp="136" pin="3"/><net_sink comp="637" pin=0"/></net>

<net id="641"><net_src comp="637" pin="1"/><net_sink comp="209" pin=2"/></net>

<net id="645"><net_src comp="144" pin="3"/><net_sink comp="642" pin=0"/></net>

<net id="646"><net_src comp="642" pin="1"/><net_sink comp="218" pin=2"/></net>

<net id="650"><net_src comp="152" pin="3"/><net_sink comp="647" pin=0"/></net>

<net id="651"><net_src comp="647" pin="1"/><net_sink comp="227" pin=0"/></net>

<net id="655"><net_src comp="160" pin="3"/><net_sink comp="652" pin=0"/></net>

<net id="656"><net_src comp="652" pin="1"/><net_sink comp="236" pin=0"/></net>

<net id="660"><net_src comp="168" pin="3"/><net_sink comp="657" pin=0"/></net>

<net id="661"><net_src comp="657" pin="1"/><net_sink comp="245" pin=0"/></net>

<net id="665"><net_src comp="176" pin="3"/><net_sink comp="662" pin=0"/></net>

<net id="666"><net_src comp="662" pin="1"/><net_sink comp="200" pin=0"/></net>

<net id="670"><net_src comp="184" pin="3"/><net_sink comp="667" pin=0"/></net>

<net id="671"><net_src comp="667" pin="1"/><net_sink comp="209" pin=0"/></net>

<net id="675"><net_src comp="192" pin="3"/><net_sink comp="672" pin=0"/></net>

<net id="676"><net_src comp="672" pin="1"/><net_sink comp="218" pin=0"/></net>

<net id="686"><net_src comp="320" pin="2"/><net_sink comp="683" pin=0"/></net>

<net id="687"><net_src comp="683" pin="1"/><net_sink comp="582" pin=0"/></net>

<net id="691"><net_src comp="326" pin="3"/><net_sink comp="688" pin=0"/></net>

<net id="695"><net_src comp="334" pin="1"/><net_sink comp="692" pin=0"/></net>

<net id="696"><net_src comp="692" pin="1"/><net_sink comp="254" pin=8"/></net>

<net id="700"><net_src comp="344" pin="1"/><net_sink comp="697" pin=0"/></net>

<net id="701"><net_src comp="697" pin="1"/><net_sink comp="267" pin=9"/></net>

<net id="705"><net_src comp="348" pin="3"/><net_sink comp="702" pin=0"/></net>

<net id="709"><net_src comp="356" pin="2"/><net_sink comp="706" pin=0"/></net>

<net id="710"><net_src comp="706" pin="1"/><net_sink comp="361" pin=0"/></net>

<net id="714"><net_src comp="367" pin="1"/><net_sink comp="711" pin=0"/></net>

<net id="715"><net_src comp="711" pin="1"/><net_sink comp="456" pin=8"/></net>

<net id="716"><net_src comp="711" pin="1"/><net_sink comp="473" pin=8"/></net>

<net id="717"><net_src comp="711" pin="1"/><net_sink comp="508" pin=8"/></net>

<net id="718"><net_src comp="711" pin="1"/><net_sink comp="525" pin=8"/></net>

<net id="719"><net_src comp="711" pin="1"/><net_sink comp="267" pin=17"/></net>

<net id="723"><net_src comp="371" pin="9"/><net_sink comp="720" pin=0"/></net>

<net id="724"><net_src comp="720" pin="1"/><net_sink comp="267" pin=8"/></net>

<net id="728"><net_src comp="391" pin="9"/><net_sink comp="725" pin=0"/></net>

<net id="729"><net_src comp="725" pin="1"/><net_sink comp="267" pin=1"/></net>

<net id="733"><net_src comp="227" pin="7"/><net_sink comp="730" pin=0"/></net>

<net id="734"><net_src comp="730" pin="1"/><net_sink comp="438" pin=2"/></net>

<net id="735"><net_src comp="730" pin="1"/><net_sink comp="456" pin=2"/></net>

<net id="736"><net_src comp="730" pin="1"/><net_sink comp="473" pin=2"/></net>

<net id="740"><net_src comp="236" pin="7"/><net_sink comp="737" pin=0"/></net>

<net id="741"><net_src comp="737" pin="1"/><net_sink comp="438" pin=4"/></net>

<net id="742"><net_src comp="737" pin="1"/><net_sink comp="456" pin=4"/></net>

<net id="743"><net_src comp="737" pin="1"/><net_sink comp="473" pin=4"/></net>

<net id="747"><net_src comp="245" pin="7"/><net_sink comp="744" pin=0"/></net>

<net id="748"><net_src comp="744" pin="1"/><net_sink comp="438" pin=6"/></net>

<net id="749"><net_src comp="744" pin="1"/><net_sink comp="456" pin=6"/></net>

<net id="750"><net_src comp="744" pin="1"/><net_sink comp="473" pin=6"/></net>

<net id="754"><net_src comp="227" pin="3"/><net_sink comp="751" pin=0"/></net>

<net id="755"><net_src comp="751" pin="1"/><net_sink comp="490" pin=2"/></net>

<net id="756"><net_src comp="751" pin="1"/><net_sink comp="508" pin=2"/></net>

<net id="757"><net_src comp="751" pin="1"/><net_sink comp="525" pin=2"/></net>

<net id="761"><net_src comp="236" pin="3"/><net_sink comp="758" pin=0"/></net>

<net id="762"><net_src comp="758" pin="1"/><net_sink comp="490" pin=4"/></net>

<net id="763"><net_src comp="758" pin="1"/><net_sink comp="508" pin=4"/></net>

<net id="764"><net_src comp="758" pin="1"/><net_sink comp="525" pin=4"/></net>

<net id="768"><net_src comp="245" pin="3"/><net_sink comp="765" pin=0"/></net>

<net id="769"><net_src comp="765" pin="1"/><net_sink comp="490" pin=6"/></net>

<net id="770"><net_src comp="765" pin="1"/><net_sink comp="508" pin=6"/></net>

<net id="771"><net_src comp="765" pin="1"/><net_sink comp="525" pin=6"/></net>

<net id="775"><net_src comp="429" pin="3"/><net_sink comp="772" pin=0"/></net>

<net id="776"><net_src comp="772" pin="1"/><net_sink comp="267" pin=16"/></net>

<net id="780"><net_src comp="438" pin="9"/><net_sink comp="777" pin=0"/></net>

<net id="781"><net_src comp="777" pin="1"/><net_sink comp="267" pin=5"/></net>

<net id="785"><net_src comp="456" pin="9"/><net_sink comp="782" pin=0"/></net>

<net id="786"><net_src comp="782" pin="1"/><net_sink comp="267" pin=3"/></net>

<net id="790"><net_src comp="473" pin="9"/><net_sink comp="787" pin=0"/></net>

<net id="791"><net_src comp="787" pin="1"/><net_sink comp="267" pin=6"/></net>

<net id="795"><net_src comp="490" pin="9"/><net_sink comp="792" pin=0"/></net>

<net id="796"><net_src comp="792" pin="1"/><net_sink comp="267" pin=7"/></net>

<net id="800"><net_src comp="508" pin="9"/><net_sink comp="797" pin=0"/></net>

<net id="801"><net_src comp="797" pin="1"/><net_sink comp="267" pin=2"/></net>

<net id="805"><net_src comp="525" pin="9"/><net_sink comp="802" pin=0"/></net>

<net id="806"><net_src comp="802" pin="1"/><net_sink comp="267" pin=4"/></net>

</net_list>

</model> 
---------------- Datapath Model END ------------------

* FSMD analyzer results:
  - Output states:
	Port: nms_out | {16 17 }
 - Input state : 
	Port: non_maximum_suppression : sobel_out | {2 3 }
  - Chain level:
	State 1
		lineBuffer_magnitude_addr : 1
		lineBuffer_magnitude_1_addr : 1
		lineBuffer_magnitude_2_addr : 1
		lineBuffer_direction_addr : 1
		lineBuffer_direction_1_addr : 1
		lineBuffer_direction_2_addr : 1
		lineBuffer_magnitude_addr_1 : 1
		lineBuffer_magnitude_1_addr_1 : 1
		lineBuffer_magnitude_2_addr_1 : 1
		lineBuffer_direction_addr_1 : 1
		lineBuffer_direction_1_addr_1 : 1
		lineBuffer_direction_2_addr_1 : 1
		store_ln9 : 1
		store_ln0 : 1
		store_ln0 : 1
	State 2
		icmp_ln46 : 1
		rowsReceived : 1
		br_ln46 : 2
		tmp : 1
		br_ln47 : 2
		trunc_ln52 : 1
		call_ln52 : 2
	State 3
		trunc_ln61 : 1
		tmp_20 : 1
		br_ln63 : 2
		result : 1
	State 4
	State 5
		trunc_ln9 : 1
		tmp_9 : 2
		tmp_4 : 2
	State 6
	State 7
	State 8
	State 9
	State 10
	State 11
	State 12
	State 13
	State 14
	State 15
	State 16
		trunc_ln10 : 1
		tmp_21 : 1
		add_ln11 : 2
		select_ln11 : 3
		tmp_s : 4
		tmp_2 : 4
		call_ln100 : 5
	State 17
		add_ln44 : 1
		icmp_ln44 : 1
		select_ln44 : 2
		add_ln44_1 : 1
		icmp_ln44_1 : 1
		select_ln44_1 : 2
		store_ln44 : 3
		store_ln44 : 3


============================================================
+ Verbose Summary: Datapath Resource usage 
============================================================

* Functional unit list:
|----------|--------------------------------------------------------------|---------|---------|---------|
| Operation|                        Functional Unit                       |  Delay  |    FF   |   LUT   |
|----------|--------------------------------------------------------------|---------|---------|---------|
|   call   |  grp_non_maximum_suppression_Pipeline_VITIS_LOOP_50_2_fu_254 |    0    |    22   |    34   |
|          | grp_non_maximum_suppression_Pipeline_VITIS_LOOP_105_5_fu_267 |  2.989  |   250   |   513   |
|----------|--------------------------------------------------------------|---------|---------|---------|
|   srem   |                          grp_fu_361                          |    0    |   131   |    56   |
|----------|--------------------------------------------------------------|---------|---------|---------|
|          |                      rowsReceived_fu_320                     |    0    |    0    |    17   |
|          |                       outputRow_fu_339                       |    0    |    0    |    17   |
|    add   |                        add_ln77_fu_356                       |    0    |    0    |    17   |
|          |                        add_ln11_fu_423                       |    0    |    0    |    9    |
|          |                        add_ln44_fu_542                       |    0    |    0    |    17   |
|          |                       add_ln44_1_fu_562                      |    0    |    0    |    17   |
|----------|--------------------------------------------------------------|---------|---------|---------|
|          |                         tmp_9_fu_371                         |    0    |    0    |    9    |
|          |                         tmp_4_fu_391                         |    0    |    0    |    9    |
|          |                         tmp_s_fu_438                         |    0    |    0    |    9    |
| sparsemux|                         tmp_8_fu_456                         |    0    |    0    |    9    |
|          |                         tmp_1_fu_473                         |    0    |    0    |    9    |
|          |                         tmp_2_fu_490                         |    0    |    0    |    9    |
|          |                         tmp_3_fu_508                         |    0    |    0    |    9    |
|          |                         tmp_5_fu_525                         |    0    |    0    |    9    |
|----------|--------------------------------------------------------------|---------|---------|---------|
|          |                       icmp_ln46_fu_314                       |    0    |    0    |    17   |
|   icmp   |                       icmp_ln44_fu_548                       |    0    |    0    |    17   |
|          |                      icmp_ln44_1_fu_568                      |    0    |    0    |    17   |
|----------|--------------------------------------------------------------|---------|---------|---------|
|          |                      select_ln11_fu_429                      |    0    |    0    |    2    |
|  select  |                      select_ln44_fu_554                      |    0    |    0    |    10   |
|          |                     select_ln44_1_fu_574                     |    0    |    0    |    10   |
|----------|--------------------------------------------------------------|---------|---------|---------|
|          |                          tmp_fu_326                          |    0    |    0    |    0    |
| bitselect|                         tmp_20_fu_348                        |    0    |    0    |    0    |
|          |                         tmp_21_fu_415                        |    0    |    0    |    0    |
|----------|--------------------------------------------------------------|---------|---------|---------|
|          |                       trunc_ln52_fu_334                      |    0    |    0    |    0    |
|   trunc  |                       trunc_ln61_fu_344                      |    0    |    0    |    0    |
|          |                       trunc_ln9_fu_367                       |    0    |    0    |    0    |
|          |                       trunc_ln10_fu_411                      |    0    |    0    |    0    |
|----------|--------------------------------------------------------------|---------|---------|---------|
|   Total  |                                                              |  2.989  |   403   |   842   |
|----------|--------------------------------------------------------------|---------|---------|---------|

Memories:
+----------------------+--------+--------+--------+--------+
|                      |  BRAM  |   FF   |   LUT  |  URAM  |
+----------------------+--------+--------+--------+--------+
| lineBuffer_direction |    1   |    0   |    0   |    0   |
|lineBuffer_direction_1|    1   |    0   |    0   |    0   |
|lineBuffer_direction_2|    1   |    0   |    0   |    0   |
| lineBuffer_magnitude |    1   |    0   |    0   |    0   |
|lineBuffer_magnitude_1|    1   |    0   |    0   |    0   |
|lineBuffer_magnitude_2|    1   |    0   |    0   |    0   |
+----------------------+--------+--------+--------+--------+
|         Total        |    6   |    0   |    0   |    0   |
+----------------------+--------+--------+--------+--------+

* Register list:
+-------------------------------------+--------+
|                                     |   FF   |
+-------------------------------------+--------+
|           add_ln77_reg_706          |   10   |
|lineBuffer_direction_1_addr_1_reg_667|    9   |
| lineBuffer_direction_1_addr_reg_637 |    9   |
|lineBuffer_direction_2_addr_1_reg_672|    9   |
| lineBuffer_direction_2_addr_reg_642 |    9   |
| lineBuffer_direction_addr_1_reg_662 |    9   |
|  lineBuffer_direction_addr_reg_632  |    9   |
|lineBuffer_magnitude_1_addr_1_reg_652|    9   |
| lineBuffer_magnitude_1_addr_reg_622 |    9   |
|lineBuffer_magnitude_1_load_1_reg_758|   16   |
| lineBuffer_magnitude_1_load_reg_737 |   16   |
|lineBuffer_magnitude_2_addr_1_reg_657|    9   |
| lineBuffer_magnitude_2_addr_reg_627 |    9   |
|lineBuffer_magnitude_2_load_1_reg_765|   16   |
| lineBuffer_magnitude_2_load_reg_744 |   16   |
| lineBuffer_magnitude_addr_1_reg_647 |    9   |
|  lineBuffer_magnitude_addr_reg_617  |    9   |
| lineBuffer_magnitude_load_1_reg_751 |   16   |
|  lineBuffer_magnitude_load_reg_730  |   16   |
|         phi_urem141_reg_596         |   10   |
|           phi_urem_reg_603          |   10   |
|            row_2_reg_610            |   10   |
|         rowsReceived_reg_683        |   10   |
|         select_ln11_reg_772         |    2   |
|            tmp_1_reg_787            |   16   |
|            tmp_20_reg_702           |    1   |
|            tmp_2_reg_792            |   16   |
|            tmp_3_reg_797            |   16   |
|            tmp_4_reg_725            |    8   |
|            tmp_5_reg_802            |   16   |
|            tmp_8_reg_782            |   16   |
|            tmp_9_reg_720            |    8   |
|             tmp_reg_688             |    1   |
|            tmp_s_reg_777            |   16   |
|          trunc_ln52_reg_692         |    2   |
|          trunc_ln61_reg_697         |    9   |
|          trunc_ln9_reg_711          |    2   |
+-------------------------------------+--------+
|                Total                |   383  |
+-------------------------------------+--------+

* Multiplexer (MUX) list: 
|--------------------------------------------------------------|------|------|------|--------||---------||---------||---------|
|                             Comp                             |  Pin | Size |  BW  | S x BW ||  Delay  ||    FF   ||   LUT   |
|--------------------------------------------------------------|------|------|------|--------||---------||---------||---------|
|  grp_non_maximum_suppression_Pipeline_VITIS_LOOP_50_2_fu_254 |  p8  |   2  |   2  |    4   ||    0    ||    9    |
| grp_non_maximum_suppression_Pipeline_VITIS_LOOP_105_5_fu_267 |  p2  |   2  |  16  |   32   ||    0    ||    9    |
| grp_non_maximum_suppression_Pipeline_VITIS_LOOP_105_5_fu_267 |  p3  |   2  |  16  |   32   ||    0    ||    9    |
| grp_non_maximum_suppression_Pipeline_VITIS_LOOP_105_5_fu_267 |  p4  |   2  |  16  |   32   ||    0    ||    9    |
| grp_non_maximum_suppression_Pipeline_VITIS_LOOP_105_5_fu_267 |  p5  |   2  |  16  |   32   ||    0    ||    9    |
| grp_non_maximum_suppression_Pipeline_VITIS_LOOP_105_5_fu_267 |  p6  |   2  |  16  |   32   ||    0    ||    9    |
| grp_non_maximum_suppression_Pipeline_VITIS_LOOP_105_5_fu_267 |  p7  |   2  |  16  |   32   ||    0    ||    9    |
| grp_non_maximum_suppression_Pipeline_VITIS_LOOP_105_5_fu_267 |  p16 |   2  |   2  |    4   ||    0    ||    9    |
|                          grp_fu_361                          |  p0  |   2  |  10  |   20   ||    0    ||    9    |
|--------------------------------------------------------------|------|------|------|--------||---------||---------||---------|
|                             Total                            |      |      |      |   220  ||  3.843  ||    0    ||    81   |
|--------------------------------------------------------------|------|------|------|--------||---------||---------||---------|



* Summary:
+-----------+--------+--------+--------+--------+--------+
|           |  BRAM  |  Delay |   FF   |   LUT  |  URAM  |
+-----------+--------+--------+--------+--------+--------+
|  Function |    -   |    2   |   403  |   842  |    -   |
|   Memory  |    6   |    -   |    0   |    0   |    0   |
|Multiplexer|    -   |    3   |    0   |   81   |    -   |
|  Register |    -   |    -   |   383  |    -   |    -   |
+-----------+--------+--------+--------+--------+--------+
|   Total   |    6   |    6   |   786  |   923  |    0   |
+-----------+--------+--------+--------+--------+--------+
