

================================================================
== Vitis HLS Report for 'non_maximum_suppression_Pipeline_VITIS_LOOP_112_4'
================================================================
* Date:           Thu Jul 30 19:40:44 2026

* Version:        2025.2 (Build 6295257 on Nov 14 2025)
* Project:        canny_top
* Solution:       hls (Vitis Kernel Flow Target)
* Product family: zynquplus
* Target device:  xck26-sfvc784-2LV-c


================================================================
== Performance Estimates
================================================================
+ Timing: 
    * Summary: 
    +--------+---------+----------+------------+
    |  Clock |  Target | Estimated| Uncertainty|
    +--------+---------+----------+------------+
    |ap_clk  |  5.00 ns|  3.497 ns|     1.35 ns|
    +--------+---------+----------+------------+

+ Latency: 
    * Summary: 
    +---------+---------+----------+----------+-----+-----+-------------------+
    |  Latency (cycles) |  Latency (absolute) |  Interval |      Pipeline     |
    |   min   |   max   |    min   |    max   | min | max |        Type       |
    +---------+---------+----------+----------+-----+-----+-------------------+
    |      515|      515|  2.575 us|  2.575 us|    0|    0|  loop pipeline stp|
    +---------+---------+----------+----------+-----+-----+-------------------+

    + Detail: 
        * Instance: 
        N/A

        * Loop: 
        +--------------------+---------+---------+----------+-----------+-----------+------+----------+
        |                    |  Latency (cycles) | Iteration|  Initiation Interval  | Trip |          |
        |      Loop Name     |   min   |   max   |  Latency |  achieved |   target  | Count| Pipelined|
        +--------------------+---------+---------+----------+-----------+-----------+------+----------+
        |- VITIS_LOOP_112_4  |      513|      513|         2|          1|          1|   512|       yes|
        +--------------------+---------+---------+----------+-----------+-----------+------+----------+



================================================================
== Utilization Estimates
================================================================
* Summary: 
+-----------------+---------+------+--------+--------+-----+
|       Name      | BRAM_18K|  DSP |   FF   |   LUT  | URAM|
+-----------------+---------+------+--------+--------+-----+
|DSP              |        -|     -|       -|       -|    -|
|Expression       |        -|     -|       0|     313|    -|
|FIFO             |        -|     -|       -|       -|    -|
|Instance         |        -|     -|       0|      36|    -|
|Memory           |        -|     -|       -|       -|    -|
|Multiplexer      |        -|     -|       0|     187|    -|
|Register         |        -|     -|     132|       -|    -|
+-----------------+---------+------+--------+--------+-----+
|Total            |        0|     0|     132|     536|    0|
+-----------------+---------+------+--------+--------+-----+
|Available        |      288|  1248|  234240|  117120|   64|
+-----------------+---------+------+--------+--------+-----+
|Utilization (%)  |        0|     0|      ~0|      ~0|    0|
+-----------------+---------+------+--------+--------+-----+

+ Detail: 
    * Instance: 
    +---------------------------+----------------------+---------+----+---+----+-----+
    |          Instance         |        Module        | BRAM_18K| DSP| FF| LUT| URAM|
    +---------------------------+----------------------+---------+----+---+----+-----+
    |sparsemux_7_2_11_1_1_U151  |sparsemux_7_2_11_1_1  |        0|   0|  0|   9|    0|
    |sparsemux_7_2_11_1_1_U152  |sparsemux_7_2_11_1_1  |        0|   0|  0|   9|    0|
    |sparsemux_7_2_11_1_1_U153  |sparsemux_7_2_11_1_1  |        0|   0|  0|   9|    0|
    |sparsemux_7_2_2_1_1_U154   |sparsemux_7_2_2_1_1   |        0|   0|  0|   9|    0|
    +---------------------------+----------------------+---------+----+---+----+-----+
    |Total                      |                      |        0|   0|  0|  36|    0|
    +---------------------------+----------------------+---------+----+---+----+-----+

    * DSP: 
    N/A

    * Memory: 
    N/A

    * FIFO: 
    N/A

    * Expression: 
    +--------------------------+----------+----+---+----+------------+------------+
    |       Variable Name      | Operation| DSP| FF| LUT| Bitwidth P0| Bitwidth P1|
    +--------------------------+----------+----+---+----+------------+------------+
    |add_ln112_fu_422_p2       |         +|   0|  0|  17|          10|           1|
    |add_ln167_fu_448_p2       |         +|   0|  0|  17|          10|           2|
    |and_ln133_fu_543_p2       |       and|   0|  0|   2|           1|           1|
    |and_ln136_fu_556_p2       |       and|   0|  0|   2|           1|           1|
    |and_ln149_fu_575_p2       |       and|   0|  0|   2|           1|           1|
    |and_ln152_fu_588_p2       |       and|   0|  0|   2|           1|           1|
    |and_ln158_fu_647_p2       |       and|   0|  0|   2|           1|           1|
    |hasBottom_fu_341_p2       |      icmp|   0|  0|  38|          31|           9|
    |hasLeft_fu_428_p2         |      icmp|   0|  0|  17|          10|           1|
    |hasRight_fu_434_p2        |      icmp|   0|  0|  17|          10|           9|
    |hasTop_fu_347_p2          |      icmp|   0|  0|  38|          31|           1|
    |icmp_ln112_fu_416_p2      |      icmp|   0|  0|  18|          10|          11|
    |icmp_ln158_fu_623_p2      |      icmp|   0|  0|  18|          11|          11|
    |icmp_ln159_fu_635_p2      |      icmp|   0|  0|  18|          11|          11|
    |neighbourOne_1_fu_579_p3  |    select|   0|  0|  10|           1|          11|
    |neighbourOne_2_fu_547_p3  |    select|   0|  0|  10|           1|          11|
    |neighbourOne_3_fu_524_p3  |    select|   0|  0|  10|           1|          11|
    |neighbourOne_fu_604_p3    |    select|   0|  0|  10|           1|          11|
    |neighbourTwo_1_fu_592_p3  |    select|   0|  0|  10|           1|          11|
    |neighbourTwo_2_fu_560_p3  |    select|   0|  0|  10|           1|          11|
    |neighbourTwo_3_fu_532_p3  |    select|   0|  0|  10|           1|          11|
    |neighbourTwo_fu_612_p3    |    select|   0|  0|  10|           1|          11|
    |nextColumn_fu_466_p3      |    select|   0|  0|   9|           1|           2|
    |select_ln158_fu_653_p3    |    select|   0|  0|  10|           1|          11|
    |ap_enable_pp0             |       xor|   0|  0|   2|           1|           2|
    |xor_ln158_fu_629_p2       |       xor|   0|  0|   2|           1|           2|
    |xor_ln159_fu_641_p2       |       xor|   0|  0|   2|           1|           2|
    +--------------------------+----------+----+---+----+------------+------------+
    |Total                     |          |   0|  0| 313|         152|         168|
    +--------------------------+----------+----+---+----+------------+------------+

    * Multiplexer: 
    +-----------------------------------------+----+-----------+-----+-----------+
    |                   Name                  | LUT| Input Size| Bits| Total Bits|
    +-----------------------------------------+----+-----------+-----+-----------+
    |ap_done_int                              |   9|          2|    1|          2|
    |ap_loop_exit_ready_pp0_iter1_reg         |   9|          2|    1|          2|
    |ap_phi_mux_neighbourOne_4_phi_fu_318_p8  |  26|          5|   11|         55|
    |ap_phi_mux_neighbourTwo_4_phi_fu_331_p8  |  26|          5|   11|         55|
    |ap_sig_allocacmp_column                  |   9|          2|   10|         20|
    |centre_direction_fu_104                  |   9|          2|    2|          4|
    |centre_magnitude_fu_128                  |   9|          2|   11|         22|
    |column_2_fu_124                          |   9|          2|   10|         20|
    |p_027_14149_i_fu_120                     |   9|          2|   11|         22|
    |p_027_246_i_fu_136                       |   9|          2|   11|         22|
    |p_029_244_i_fu_112                       |   9|          2|   11|         22|
    |p_0434547_i_fu_116                       |   9|          2|   11|         22|
    |p_04345_i_fu_132                         |   9|          2|   11|         22|
    |p_043_i_fu_108                           |   9|          2|   11|         22|
    |p_0_150_i_fu_144                         |   9|          2|   11|         22|
    |p_0_248_i_fu_140                         |   9|          2|   11|         22|
    |p_1_153_i_fu_148                         |   9|          2|    2|          4|
    +-----------------------------------------+----+-----------+-----+-----------+
    |Total                                    | 187|         40|  147|        360|
    +-----------------------------------------+----+-----------+-----+-----------+

    * Register: 
    +----------------------------------+----+----+-----+-----------+
    |               Name               | FF | LUT| Bits| Const Bits|
    +----------------------------------+----+----+-----+-----------+
    |ap_CS_fsm                         |   1|   0|    1|          0|
    |ap_done_reg                       |   1|   0|    1|          0|
    |ap_enable_reg_pp0_iter1           |   1|   0|    1|          0|
    |ap_loop_exit_ready_pp0_iter1_reg  |   1|   0|    1|          0|
    |centre_direction_fu_104           |   2|   0|    2|          0|
    |centre_magnitude_fu_128           |  11|   0|   11|          0|
    |column_2_fu_124                   |  10|   0|   10|          0|
    |column_reg_908                    |  10|   0|   10|          0|
    |hasBottom_reg_894                 |   1|   0|    1|          0|
    |hasLeft_reg_917                   |   1|   0|    1|          0|
    |hasRight_reg_924                  |   1|   0|    1|          0|
    |hasTop_reg_901                    |   1|   0|    1|          0|
    |icmp_ln112_reg_913                |   1|   0|    1|          0|
    |p_027_14149_i_fu_120              |  11|   0|   11|          0|
    |p_027_246_i_fu_136                |  11|   0|   11|          0|
    |p_029_244_i_fu_112                |  11|   0|   11|          0|
    |p_0434547_i_fu_116                |  11|   0|   11|          0|
    |p_04345_i_fu_132                  |  11|   0|   11|          0|
    |p_043_i_fu_108                    |  11|   0|   11|          0|
    |p_0_150_i_fu_144                  |  11|   0|   11|          0|
    |p_0_248_i_fu_140                  |  11|   0|   11|          0|
    |p_1_153_i_fu_148                  |   2|   0|    2|          0|
    +----------------------------------+----+----+-----+-----------+
    |Total                             | 132|   0|  132|          0|
    +----------------------------------+----+----+-----+-----------+



================================================================
== Interface
================================================================
* Summary: 
+-------------------------------------------------------+-----+-----+------------+---------------------------------------------------+--------------+
|                       RTL Ports                       | Dir | Bits|  Protocol  |                   Source Object                   |    C Type    |
+-------------------------------------------------------+-----+-----+------------+---------------------------------------------------+--------------+
|ap_clk                                                 |   in|    1|  ap_ctrl_hs|  non_maximum_suppression_Pipeline_VITIS_LOOP_112_4|  return value|
|ap_rst                                                 |   in|    1|  ap_ctrl_hs|  non_maximum_suppression_Pipeline_VITIS_LOOP_112_4|  return value|
|ap_start                                               |   in|    1|  ap_ctrl_hs|  non_maximum_suppression_Pipeline_VITIS_LOOP_112_4|  return value|
|ap_done                                                |  out|    1|  ap_ctrl_hs|  non_maximum_suppression_Pipeline_VITIS_LOOP_112_4|  return value|
|ap_idle                                                |  out|    1|  ap_ctrl_hs|  non_maximum_suppression_Pipeline_VITIS_LOOP_112_4|  return value|
|ap_ready                                               |  out|    1|  ap_ctrl_hs|  non_maximum_suppression_Pipeline_VITIS_LOOP_112_4|  return value|
|tmp_5                                                  |   in|    2|     ap_none|                                              tmp_5|        scalar|
|tmp_4                                                  |   in|   11|     ap_none|                                              tmp_4|        scalar|
|tmp_s                                                  |   in|   11|     ap_none|                                              tmp_s|        scalar|
|tmp_6                                                  |   in|   11|     ap_none|                                              tmp_6|        scalar|
|tmp                                                    |   in|   11|     ap_none|                                                tmp|        scalar|
|tmp_2                                                  |   in|   11|     ap_none|                                              tmp_2|        scalar|
|tmp_3                                                  |   in|   11|     ap_none|                                              tmp_3|        scalar|
|tmp_1                                                  |   in|    2|     ap_none|                                              tmp_1|        scalar|
|outputRow                                              |   in|   31|     ap_none|                                          outputRow|        scalar|
|out_nonmax_address0                                    |  out|    9|   ap_memory|                                         out_nonmax|         array|
|out_nonmax_ce0                                         |  out|    1|   ap_memory|                                         out_nonmax|         array|
|out_nonmax_we0                                         |  out|    1|   ap_memory|                                         out_nonmax|         array|
|out_nonmax_d0                                          |  out|   11|   ap_memory|                                         out_nonmax|         array|
|select_ln14                                            |   in|    2|     ap_none|                                        select_ln14|        scalar|
|p_smodpost                                             |   in|    2|     ap_none|                                         p_smodpost|        scalar|
|select_ln14_1                                          |   in|    2|     ap_none|                                      select_ln14_1|        scalar|
|p_anonymous_namespace_lineBuffer_magnitude_0_address0  |  out|    9|   ap_memory|       p_anonymous_namespace_lineBuffer_magnitude_0|         array|
|p_anonymous_namespace_lineBuffer_magnitude_0_ce0       |  out|    1|   ap_memory|       p_anonymous_namespace_lineBuffer_magnitude_0|         array|
|p_anonymous_namespace_lineBuffer_magnitude_0_q0        |   in|   11|   ap_memory|       p_anonymous_namespace_lineBuffer_magnitude_0|         array|
|p_anonymous_namespace_lineBuffer_direction_0_address0  |  out|    9|   ap_memory|       p_anonymous_namespace_lineBuffer_direction_0|         array|
|p_anonymous_namespace_lineBuffer_direction_0_ce0       |  out|    1|   ap_memory|       p_anonymous_namespace_lineBuffer_direction_0|         array|
|p_anonymous_namespace_lineBuffer_direction_0_q0        |   in|    2|   ap_memory|       p_anonymous_namespace_lineBuffer_direction_0|         array|
|p_anonymous_namespace_lineBuffer_magnitude_1_address0  |  out|    9|   ap_memory|       p_anonymous_namespace_lineBuffer_magnitude_1|         array|
|p_anonymous_namespace_lineBuffer_magnitude_1_ce0       |  out|    1|   ap_memory|       p_anonymous_namespace_lineBuffer_magnitude_1|         array|
|p_anonymous_namespace_lineBuffer_magnitude_1_q0        |   in|   11|   ap_memory|       p_anonymous_namespace_lineBuffer_magnitude_1|         array|
|p_anonymous_namespace_lineBuffer_magnitude_2_address0  |  out|    9|   ap_memory|       p_anonymous_namespace_lineBuffer_magnitude_2|         array|
|p_anonymous_namespace_lineBuffer_magnitude_2_ce0       |  out|    1|   ap_memory|       p_anonymous_namespace_lineBuffer_magnitude_2|         array|
|p_anonymous_namespace_lineBuffer_magnitude_2_q0        |   in|   11|   ap_memory|       p_anonymous_namespace_lineBuffer_magnitude_2|         array|
|p_anonymous_namespace_lineBuffer_direction_1_address0  |  out|    9|   ap_memory|       p_anonymous_namespace_lineBuffer_direction_1|         array|
|p_anonymous_namespace_lineBuffer_direction_1_ce0       |  out|    1|   ap_memory|       p_anonymous_namespace_lineBuffer_direction_1|         array|
|p_anonymous_namespace_lineBuffer_direction_1_q0        |   in|    2|   ap_memory|       p_anonymous_namespace_lineBuffer_direction_1|         array|
|p_anonymous_namespace_lineBuffer_direction_2_address0  |  out|    9|   ap_memory|       p_anonymous_namespace_lineBuffer_direction_2|         array|
|p_anonymous_namespace_lineBuffer_direction_2_ce0       |  out|    1|   ap_memory|       p_anonymous_namespace_lineBuffer_direction_2|         array|
|p_anonymous_namespace_lineBuffer_direction_2_q0        |   in|    2|   ap_memory|       p_anonymous_namespace_lineBuffer_direction_2|         array|
+-------------------------------------------------------+-----+-----+------------+---------------------------------------------------+--------------+

============================================================
+ Verbose Summary: Synthesis Manager
============================================================
InlineROM: 1
ExposeGlobal: 0
============================================================
+ Verbose Summary: CDFG Model
============================================================
IsTopModel: 0
ResetActiveHigh: 1
IsCombinational: 2
IsDatapathOnly: 2
HasWiredReturn: 1
HasMFsm: 2
HasVarLatency: 1
IsPipeline: 0
IsRtlPipelined: 0
IsInstanceOverlapped: 0
IsDontTouch: 0
HasImplIP: 0
IsGatedGlobalClock: 0

+ Individual pipeline summary: 
  * Pipeline-0: initiation interval (II) = 1, depth = 2


============================================================
+ Verbose Summary: Schedule
============================================================
* Number of FSM states : 2
* Pipeline : 1
  Pipeline-0 : II = 1, D = 2, States = { 1 2 }
* Dataflow Pipeline: 0

* FSM state transitions: 
1 --> 2 
2 --> 

* FSM state operations: 

State 1 <SV = 0> <Delay = 2.83>
ST_1 : Operation 5 [1/1] (0.00ns)   --->   "%centre_direction = alloca i32 1" [../src/non_maximum_suppression.cpp:115->../src/canny_top.cpp:32]   --->   Operation 5 'alloca' 'centre_direction' <Predicate = true> <Delay = 0.00>
ST_1 : Operation 6 [1/1] (0.00ns)   --->   "%p_043_i = alloca i32 1"   --->   Operation 6 'alloca' 'p_043_i' <Predicate = true> <Delay = 0.00>
ST_1 : Operation 7 [1/1] (0.00ns)   --->   "%p_029_244_i = alloca i32 1"   --->   Operation 7 'alloca' 'p_029_244_i' <Predicate = true> <Delay = 0.00>
ST_1 : Operation 8 [1/1] (0.00ns)   --->   "%p_0434547_i = alloca i32 1"   --->   Operation 8 'alloca' 'p_0434547_i' <Predicate = true> <Delay = 0.00>
ST_1 : Operation 9 [1/1] (0.00ns)   --->   "%p_027_14149_i = alloca i32 1"   --->   Operation 9 'alloca' 'p_027_14149_i' <Predicate = true> <Delay = 0.00>
ST_1 : Operation 10 [1/1] (0.00ns)   --->   "%column_2 = alloca i32 1" [../src/non_maximum_suppression.cpp:112->../src/canny_top.cpp:32]   --->   Operation 10 'alloca' 'column_2' <Predicate = true> <Delay = 0.00>
ST_1 : Operation 11 [1/1] (0.00ns)   --->   "%centre_magnitude = alloca i32 1" [../src/non_maximum_suppression.cpp:115->../src/canny_top.cpp:32]   --->   Operation 11 'alloca' 'centre_magnitude' <Predicate = true> <Delay = 0.00>
ST_1 : Operation 12 [1/1] (0.00ns)   --->   "%p_04345_i = alloca i32 1"   --->   Operation 12 'alloca' 'p_04345_i' <Predicate = true> <Delay = 0.00>
ST_1 : Operation 13 [1/1] (0.00ns)   --->   "%p_027_246_i = alloca i32 1"   --->   Operation 13 'alloca' 'p_027_246_i' <Predicate = true> <Delay = 0.00>
ST_1 : Operation 14 [1/1] (0.00ns)   --->   "%p_0_248_i = alloca i32 1"   --->   Operation 14 'alloca' 'p_0_248_i' <Predicate = true> <Delay = 0.00>
ST_1 : Operation 15 [1/1] (0.00ns)   --->   "%p_0_150_i = alloca i32 1"   --->   Operation 15 'alloca' 'p_0_150_i' <Predicate = true> <Delay = 0.00>
ST_1 : Operation 16 [1/1] (0.00ns)   --->   "%p_1_153_i = alloca i32 1"   --->   Operation 16 'alloca' 'p_1_153_i' <Predicate = true> <Delay = 0.00>
ST_1 : Operation 17 [1/1] (0.00ns)   --->   "%select_ln14_1_read = read i2 @_ssdm_op_Read.ap_auto.i2, i2 %select_ln14_1" [../src/non_maximum_suppression.cpp:75->../src/canny_top.cpp:32]   --->   Operation 17 'read' 'select_ln14_1_read' <Predicate = true> <Delay = 0.00>
ST_1 : Operation 18 [1/1] (0.00ns)   --->   "%p_smodpost_read = read i2 @_ssdm_op_Read.ap_auto.i2, i2 %p_smodpost" [../src/non_maximum_suppression.cpp:75->../src/canny_top.cpp:32]   --->   Operation 18 'read' 'p_smodpost_read' <Predicate = true> <Delay = 0.00>
ST_1 : Operation 19 [1/1] (0.00ns)   --->   "%select_ln14_read = read i2 @_ssdm_op_Read.ap_auto.i2, i2 %select_ln14" [../src/non_maximum_suppression.cpp:75->../src/canny_top.cpp:32]   --->   Operation 19 'read' 'select_ln14_read' <Predicate = true> <Delay = 0.00>
ST_1 : Operation 20 [1/1] (0.00ns)   --->   "%outputRow_read = read i31 @_ssdm_op_Read.ap_auto.i31, i31 %outputRow" [../src/non_maximum_suppression.cpp:75->../src/canny_top.cpp:32]   --->   Operation 20 'read' 'outputRow_read' <Predicate = true> <Delay = 0.00>
ST_1 : Operation 21 [1/1] (0.00ns)   --->   "%tmp_1_read = read i2 @_ssdm_op_Read.ap_auto.i2, i2 %tmp_1" [../src/non_maximum_suppression.cpp:75->../src/canny_top.cpp:32]   --->   Operation 21 'read' 'tmp_1_read' <Predicate = true> <Delay = 0.00>
ST_1 : Operation 22 [1/1] (0.00ns)   --->   "%tmp_3_read = read i11 @_ssdm_op_Read.ap_auto.i11, i11 %tmp_3" [../src/non_maximum_suppression.cpp:75->../src/canny_top.cpp:32]   --->   Operation 22 'read' 'tmp_3_read' <Predicate = true> <Delay = 0.00>
ST_1 : Operation 23 [1/1] (0.00ns)   --->   "%tmp_2_read = read i11 @_ssdm_op_Read.ap_auto.i11, i11 %tmp_2" [../src/non_maximum_suppression.cpp:75->../src/canny_top.cpp:32]   --->   Operation 23 'read' 'tmp_2_read' <Predicate = true> <Delay = 0.00>
ST_1 : Operation 24 [1/1] (0.00ns)   --->   "%tmp_read = read i11 @_ssdm_op_Read.ap_auto.i11, i11 %tmp" [../src/non_maximum_suppression.cpp:75->../src/canny_top.cpp:32]   --->   Operation 24 'read' 'tmp_read' <Predicate = true> <Delay = 0.00>
ST_1 : Operation 25 [1/1] (0.00ns)   --->   "%tmp_6_read = read i11 @_ssdm_op_Read.ap_auto.i11, i11 %tmp_6" [../src/non_maximum_suppression.cpp:75->../src/canny_top.cpp:32]   --->   Operation 25 'read' 'tmp_6_read' <Predicate = true> <Delay = 0.00>
ST_1 : Operation 26 [1/1] (0.00ns)   --->   "%tmp_read_39 = read i11 @_ssdm_op_Read.ap_auto.i11, i11 %tmp_s" [../src/non_maximum_suppression.cpp:75->../src/canny_top.cpp:32]   --->   Operation 26 'read' 'tmp_read_39' <Predicate = true> <Delay = 0.00>
ST_1 : Operation 27 [1/1] (0.00ns)   --->   "%tmp_4_read = read i11 @_ssdm_op_Read.ap_auto.i11, i11 %tmp_4" [../src/non_maximum_suppression.cpp:75->../src/canny_top.cpp:32]   --->   Operation 27 'read' 'tmp_4_read' <Predicate = true> <Delay = 0.00>
ST_1 : Operation 28 [1/1] (0.00ns)   --->   "%tmp_5_read = read i2 @_ssdm_op_Read.ap_auto.i2, i2 %tmp_5" [../src/non_maximum_suppression.cpp:75->../src/canny_top.cpp:32]   --->   Operation 28 'read' 'tmp_5_read' <Predicate = true> <Delay = 0.00>
ST_1 : Operation 29 [1/1] (1.00ns)   --->   "%hasBottom = icmp_ult  i31 %outputRow_read, i31 511" [../src/non_maximum_suppression.cpp:75->../src/canny_top.cpp:32]   --->   Operation 29 'icmp' 'hasBottom' <Predicate = true> <Delay = 1.00> <CoreInst = "Cmp">   --->   Core 9 'Cmp' <Latency = 0> <II = 1> <Delay = 1.00> <FuncUnit> <Opcode : 'seteq' 'setne' 'setle' 'setge' 'setlt' 'setgt'> <InPorts = 2> <OutPorts = 1>
ST_1 : Operation 30 [1/1] (1.00ns)   --->   "%hasTop = icmp_ne  i31 %outputRow_read, i31 0" [../src/non_maximum_suppression.cpp:74->../src/canny_top.cpp:32]   --->   Operation 30 'icmp' 'hasTop' <Predicate = true> <Delay = 1.00> <CoreInst = "Cmp">   --->   Core 9 'Cmp' <Latency = 0> <II = 1> <Delay = 1.00> <FuncUnit> <Opcode : 'seteq' 'setne' 'setle' 'setge' 'setlt' 'setgt'> <InPorts = 2> <OutPorts = 1>
ST_1 : Operation 31 [1/1] (0.42ns)   --->   "%store_ln75 = store i2 %tmp_5_read, i2 %p_1_153_i" [../src/non_maximum_suppression.cpp:75->../src/canny_top.cpp:32]   --->   Operation 31 'store' 'store_ln75' <Predicate = true> <Delay = 0.42>
ST_1 : Operation 32 [1/1] (0.42ns)   --->   "%store_ln75 = store i11 %tmp_4_read, i11 %p_0_150_i" [../src/non_maximum_suppression.cpp:75->../src/canny_top.cpp:32]   --->   Operation 32 'store' 'store_ln75' <Predicate = true> <Delay = 0.42>
ST_1 : Operation 33 [1/1] (0.42ns)   --->   "%store_ln75 = store i11 %tmp_6_read, i11 %p_0_248_i" [../src/non_maximum_suppression.cpp:75->../src/canny_top.cpp:32]   --->   Operation 33 'store' 'store_ln75' <Predicate = true> <Delay = 0.42>
ST_1 : Operation 34 [1/1] (0.42ns)   --->   "%store_ln75 = store i11 %tmp_2_read, i11 %p_027_246_i" [../src/non_maximum_suppression.cpp:75->../src/canny_top.cpp:32]   --->   Operation 34 'store' 'store_ln75' <Predicate = true> <Delay = 0.42>
ST_1 : Operation 35 [1/1] (0.42ns)   --->   "%store_ln75 = store i11 %tmp_read, i11 %p_04345_i" [../src/non_maximum_suppression.cpp:75->../src/canny_top.cpp:32]   --->   Operation 35 'store' 'store_ln75' <Predicate = true> <Delay = 0.42>
ST_1 : Operation 36 [1/1] (0.42ns)   --->   "%store_ln115 = store i11 %tmp_read_39, i11 %centre_magnitude" [../src/non_maximum_suppression.cpp:115->../src/canny_top.cpp:32]   --->   Operation 36 'store' 'store_ln115' <Predicate = true> <Delay = 0.42>
ST_1 : Operation 37 [1/1] (0.42ns)   --->   "%store_ln112 = store i10 0, i10 %column_2" [../src/non_maximum_suppression.cpp:112->../src/canny_top.cpp:32]   --->   Operation 37 'store' 'store_ln112' <Predicate = true> <Delay = 0.42>
ST_1 : Operation 38 [1/1] (0.42ns)   --->   "%store_ln75 = store i11 %tmp_read_39, i11 %p_027_14149_i" [../src/non_maximum_suppression.cpp:75->../src/canny_top.cpp:32]   --->   Operation 38 'store' 'store_ln75' <Predicate = true> <Delay = 0.42>
ST_1 : Operation 39 [1/1] (0.42ns)   --->   "%store_ln75 = store i11 %tmp_read, i11 %p_0434547_i" [../src/non_maximum_suppression.cpp:75->../src/canny_top.cpp:32]   --->   Operation 39 'store' 'store_ln75' <Predicate = true> <Delay = 0.42>
ST_1 : Operation 40 [1/1] (0.42ns)   --->   "%store_ln75 = store i11 %tmp_2_read, i11 %p_029_244_i" [../src/non_maximum_suppression.cpp:75->../src/canny_top.cpp:32]   --->   Operation 40 'store' 'store_ln75' <Predicate = true> <Delay = 0.42>
ST_1 : Operation 41 [1/1] (0.42ns)   --->   "%store_ln75 = store i11 %tmp_3_read, i11 %p_043_i" [../src/non_maximum_suppression.cpp:75->../src/canny_top.cpp:32]   --->   Operation 41 'store' 'store_ln75' <Predicate = true> <Delay = 0.42>
ST_1 : Operation 42 [1/1] (0.42ns)   --->   "%store_ln115 = store i2 %tmp_1_read, i2 %centre_direction" [../src/non_maximum_suppression.cpp:115->../src/canny_top.cpp:32]   --->   Operation 42 'store' 'store_ln115' <Predicate = true> <Delay = 0.42>
ST_1 : Operation 43 [1/1] (0.00ns)   --->   "%br_ln0 = br void %for.body49.i"   --->   Operation 43 'br' 'br_ln0' <Predicate = true> <Delay = 0.00>
ST_1 : Operation 44 [1/1] (0.00ns)   --->   "%column = load i10 %column_2" [../src/non_maximum_suppression.cpp:112->../src/canny_top.cpp:32]   --->   Operation 44 'load' 'column' <Predicate = true> <Delay = 0.00>
ST_1 : Operation 45 [1/1] (0.78ns)   --->   "%icmp_ln112 = icmp_eq  i10 %column, i10 512" [../src/non_maximum_suppression.cpp:112->../src/canny_top.cpp:32]   --->   Operation 45 'icmp' 'icmp_ln112' <Predicate = true> <Delay = 0.78> <CoreInst = "Cmp">   --->   Core 9 'Cmp' <Latency = 0> <II = 1> <Delay = 0.79> <FuncUnit> <Opcode : 'seteq' 'setne' 'setle' 'setge' 'setlt' 'setgt'> <InPorts = 2> <OutPorts = 1>
ST_1 : Operation 46 [1/1] (0.78ns)   --->   "%add_ln112 = add i10 %column, i10 1" [../src/non_maximum_suppression.cpp:112->../src/canny_top.cpp:32]   --->   Operation 46 'add' 'add_ln112' <Predicate = true> <Delay = 0.78> <CoreInst = "Adder">   --->   Core 1 'Adder' <Latency = 0> <II = 1> <Delay = 0.78> <FuncUnit> <Opcode : 'add' 'sub'> <InPorts = 2> <OutPorts = 1>
ST_1 : Operation 47 [1/1] (0.00ns)   --->   "%br_ln112 = br i1 %icmp_ln112, void %for.body49.split.i, void %_Z23non_maximum_suppressionPK13GradientPixelPtbPb.3.exit.loopexit.exitStub" [../src/non_maximum_suppression.cpp:112->../src/canny_top.cpp:32]   --->   Operation 47 'br' 'br_ln112' <Predicate = true> <Delay = 0.00>
ST_1 : Operation 48 [1/1] (0.78ns)   --->   "%hasLeft = icmp_ne  i10 %column, i10 0" [../src/non_maximum_suppression.cpp:117->../src/canny_top.cpp:32]   --->   Operation 48 'icmp' 'hasLeft' <Predicate = (!icmp_ln112)> <Delay = 0.78> <CoreInst = "Cmp">   --->   Core 9 'Cmp' <Latency = 0> <II = 1> <Delay = 0.78> <FuncUnit> <Opcode : 'seteq' 'setne' 'setle' 'setge' 'setlt' 'setgt'> <InPorts = 2> <OutPorts = 1>
ST_1 : Operation 49 [1/1] (0.78ns)   --->   "%hasRight = icmp_ult  i10 %column, i10 511" [../src/non_maximum_suppression.cpp:118->../src/canny_top.cpp:32]   --->   Operation 49 'icmp' 'hasRight' <Predicate = (!icmp_ln112)> <Delay = 0.78> <CoreInst = "Cmp">   --->   Core 9 'Cmp' <Latency = 0> <II = 1> <Delay = 0.78> <FuncUnit> <Opcode : 'seteq' 'setne' 'setle' 'setge' 'setlt' 'setgt'> <InPorts = 2> <OutPorts = 1>
ST_1 : Operation 50 [1/1] (0.00ns)   --->   "%trunc_ln167 = trunc i10 %column" [../src/non_maximum_suppression.cpp:167->../src/canny_top.cpp:32]   --->   Operation 50 'trunc' 'trunc_ln167' <Predicate = (!icmp_ln112)> <Delay = 0.00>
ST_1 : Operation 51 [1/1] (0.00ns)   --->   "%zext_ln167 = zext i9 %trunc_ln167" [../src/non_maximum_suppression.cpp:167->../src/canny_top.cpp:32]   --->   Operation 51 'zext' 'zext_ln167' <Predicate = (!icmp_ln112)> <Delay = 0.00>
ST_1 : Operation 52 [1/1] (0.77ns)   --->   "%add_ln167 = add i10 %zext_ln167, i10 2" [../src/non_maximum_suppression.cpp:167->../src/canny_top.cpp:32]   --->   Operation 52 'add' 'add_ln167' <Predicate = (!icmp_ln112)> <Delay = 0.77> <CoreInst = "Adder">   --->   Core 1 'Adder' <Latency = 0> <II = 1> <Delay = 0.78> <FuncUnit> <Opcode : 'add' 'sub'> <InPorts = 2> <OutPorts = 1>
ST_1 : Operation 53 [1/1] (0.00ns)   --->   "%trunc_ln17 = trunc i10 %add_ln167" [../src/non_maximum_suppression.cpp:17->../src/non_maximum_suppression.cpp:167->../src/canny_top.cpp:32]   --->   Operation 53 'trunc' 'trunc_ln17' <Predicate = (!icmp_ln112)> <Delay = 0.00>
ST_1 : Operation 54 [1/1] (0.00ns)   --->   "%tmp_22 = bitselect i1 @_ssdm_op_BitSelect.i1.i10.i32, i10 %add_ln167, i32 9" [../src/non_maximum_suppression.cpp:20->../src/non_maximum_suppression.cpp:167->../src/canny_top.cpp:32]   --->   Operation 54 'bitselect' 'tmp_22' <Predicate = (!icmp_ln112)> <Delay = 0.00>
ST_1 : Operation 55 [1/1] (0.39ns)   --->   "%nextColumn = select i1 %tmp_22, i9 511, i9 %trunc_ln17" [../src/non_maximum_suppression.cpp:18->../src/non_maximum_suppression.cpp:167->../src/canny_top.cpp:32]   --->   Operation 55 'select' 'nextColumn' <Predicate = (!icmp_ln112)> <Delay = 0.39> <CoreInst = "Sel">   --->   Core 73 'Sel' <Latency = 0> <II = 1> <Delay = 0.39> <FuncUnit> <Opcode : 'select'> <InPorts = 3> <OutPorts = 1>
ST_1 : Operation 56 [1/1] (0.00ns)   --->   "%zext_ln174 = zext i9 %nextColumn" [../src/non_maximum_suppression.cpp:174->../src/canny_top.cpp:32]   --->   Operation 56 'zext' 'zext_ln174' <Predicate = (!icmp_ln112)> <Delay = 0.00>
ST_1 : Operation 57 [1/1] (0.00ns)   --->   "%p_anonymous_namespace_lineBuffer_magnitude_0_addr = getelementptr i11 %p_anonymous_namespace_lineBuffer_magnitude_0, i64 0, i64 %zext_ln174" [../src/non_maximum_suppression.cpp:174->../src/canny_top.cpp:32]   --->   Operation 57 'getelementptr' 'p_anonymous_namespace_lineBuffer_magnitude_0_addr' <Predicate = (!icmp_ln112)> <Delay = 0.00>
ST_1 : Operation 58 [1/1] (0.00ns)   --->   "%p_anonymous_namespace_lineBuffer_direction_0_addr = getelementptr i2 %p_anonymous_namespace_lineBuffer_direction_0, i64 0, i64 %zext_ln174" [../src/non_maximum_suppression.cpp:174->../src/canny_top.cpp:32]   --->   Operation 58 'getelementptr' 'p_anonymous_namespace_lineBuffer_direction_0_addr' <Predicate = (!icmp_ln112 & p_smodpost_read == 1)> <Delay = 0.00>
ST_1 : Operation 59 [2/2] (1.23ns)   --->   "%banked_magnitude = load i9 %p_anonymous_namespace_lineBuffer_magnitude_0_addr" [../src/non_maximum_suppression.cpp:174->../src/canny_top.cpp:32]   --->   Operation 59 'load' 'banked_magnitude' <Predicate = (!icmp_ln112)> <Delay = 1.23> <CoreInst = "RAM">   --->   Core 82 'RAM' <Latency = 1> <II = 1> <Delay = 1.23> <Storage> <Opcode : 'load' 'store'> <Ports = 2> <Width = 11> <Depth = 512> <RAM>
ST_1 : Operation 60 [2/2] (1.23ns)   --->   "%banked_direction = load i9 %p_anonymous_namespace_lineBuffer_direction_0_addr" [../src/non_maximum_suppression.cpp:174->../src/canny_top.cpp:32]   --->   Operation 60 'load' 'banked_direction' <Predicate = (!icmp_ln112 & p_smodpost_read == 1)> <Delay = 1.23> <CoreInst = "RAM">   --->   Core 82 'RAM' <Latency = 1> <II = 1> <Delay = 1.23> <Storage> <Opcode : 'load' 'store'> <Ports = 2> <Width = 2> <Depth = 512> <RAM>
ST_1 : Operation 61 [1/1] (0.00ns)   --->   "%p_anonymous_namespace_lineBuffer_magnitude_1_addr = getelementptr i11 %p_anonymous_namespace_lineBuffer_magnitude_1, i64 0, i64 %zext_ln174" [../src/non_maximum_suppression.cpp:174->../src/canny_top.cpp:32]   --->   Operation 61 'getelementptr' 'p_anonymous_namespace_lineBuffer_magnitude_1_addr' <Predicate = (!icmp_ln112)> <Delay = 0.00>
ST_1 : Operation 62 [1/1] (0.00ns)   --->   "%p_anonymous_namespace_lineBuffer_direction_1_addr = getelementptr i2 %p_anonymous_namespace_lineBuffer_direction_1, i64 0, i64 %zext_ln174" [../src/non_maximum_suppression.cpp:174->../src/canny_top.cpp:32]   --->   Operation 62 'getelementptr' 'p_anonymous_namespace_lineBuffer_direction_1_addr' <Predicate = (!icmp_ln112 & p_smodpost_read == 2)> <Delay = 0.00>
ST_1 : Operation 63 [1/1] (0.00ns)   --->   "%p_anonymous_namespace_lineBuffer_magnitude_2_addr = getelementptr i11 %p_anonymous_namespace_lineBuffer_magnitude_2, i64 0, i64 %zext_ln174" [../src/non_maximum_suppression.cpp:174->../src/canny_top.cpp:32]   --->   Operation 63 'getelementptr' 'p_anonymous_namespace_lineBuffer_magnitude_2_addr' <Predicate = (!icmp_ln112)> <Delay = 0.00>
ST_1 : Operation 64 [1/1] (0.00ns)   --->   "%p_anonymous_namespace_lineBuffer_direction_2_addr = getelementptr i2 %p_anonymous_namespace_lineBuffer_direction_2, i64 0, i64 %zext_ln174" [../src/non_maximum_suppression.cpp:174->../src/canny_top.cpp:32]   --->   Operation 64 'getelementptr' 'p_anonymous_namespace_lineBuffer_direction_2_addr' <Predicate = (!icmp_ln112 & p_smodpost_read == 0)> <Delay = 0.00>
ST_1 : Operation 65 [2/2] (1.23ns)   --->   "%banked_magnitude_1 = load i9 %p_anonymous_namespace_lineBuffer_magnitude_1_addr" [../src/non_maximum_suppression.cpp:174->../src/canny_top.cpp:32]   --->   Operation 65 'load' 'banked_magnitude_1' <Predicate = (!icmp_ln112)> <Delay = 1.23> <CoreInst = "RAM">   --->   Core 82 'RAM' <Latency = 1> <II = 1> <Delay = 1.23> <Storage> <Opcode : 'load' 'store'> <Ports = 2> <Width = 11> <Depth = 512> <RAM>
ST_1 : Operation 66 [2/2] (1.23ns)   --->   "%banked_magnitude_2 = load i9 %p_anonymous_namespace_lineBuffer_magnitude_2_addr" [../src/non_maximum_suppression.cpp:174->../src/canny_top.cpp:32]   --->   Operation 66 'load' 'banked_magnitude_2' <Predicate = (!icmp_ln112)> <Delay = 1.23> <CoreInst = "RAM">   --->   Core 82 'RAM' <Latency = 1> <II = 1> <Delay = 1.23> <Storage> <Opcode : 'load' 'store'> <Ports = 2> <Width = 11> <Depth = 512> <RAM>
ST_1 : Operation 67 [2/2] (1.23ns)   --->   "%banked_direction_1 = load i9 %p_anonymous_namespace_lineBuffer_direction_1_addr" [../src/non_maximum_suppression.cpp:174->../src/canny_top.cpp:32]   --->   Operation 67 'load' 'banked_direction_1' <Predicate = (!icmp_ln112 & p_smodpost_read == 2)> <Delay = 1.23> <CoreInst = "RAM">   --->   Core 82 'RAM' <Latency = 1> <II = 1> <Delay = 1.23> <Storage> <Opcode : 'load' 'store'> <Ports = 2> <Width = 2> <Depth = 512> <RAM>
ST_1 : Operation 68 [2/2] (1.23ns)   --->   "%banked_direction_2 = load i9 %p_anonymous_namespace_lineBuffer_direction_2_addr" [../src/non_maximum_suppression.cpp:174->../src/canny_top.cpp:32]   --->   Operation 68 'load' 'banked_direction_2' <Predicate = (!icmp_ln112 & p_smodpost_read == 0)> <Delay = 1.23> <CoreInst = "RAM">   --->   Core 82 'RAM' <Latency = 1> <II = 1> <Delay = 1.23> <Storage> <Opcode : 'load' 'store'> <Ports = 2> <Width = 2> <Depth = 512> <RAM>
ST_1 : Operation 69 [1/1] (0.42ns)   --->   "%store_ln112 = store i10 %add_ln112, i10 %column_2" [../src/non_maximum_suppression.cpp:112->../src/canny_top.cpp:32]   --->   Operation 69 'store' 'store_ln112' <Predicate = (!icmp_ln112)> <Delay = 0.42>

State 2 <SV = 1> <Delay = 3.49>
ST_2 : Operation 70 [1/1] (0.00ns)   --->   "%centre_magnitude_1 = load i11 %centre_magnitude" [../src/non_maximum_suppression.cpp:159->../src/canny_top.cpp:32]   --->   Operation 70 'load' 'centre_magnitude_1' <Predicate = true> <Delay = 0.00>
ST_2 : Operation 71 [1/1] (0.00ns)   --->   "%p_04345_i_load = load i11 %p_04345_i"   --->   Operation 71 'load' 'p_04345_i_load' <Predicate = true> <Delay = 0.00>
ST_2 : Operation 72 [1/1] (0.00ns)   --->   "%p_027_246_i_load = load i11 %p_027_246_i"   --->   Operation 72 'load' 'p_027_246_i_load' <Predicate = true> <Delay = 0.00>
ST_2 : Operation 73 [1/1] (0.00ns)   --->   "%p_0_248_i_load = load i11 %p_0_248_i"   --->   Operation 73 'load' 'p_0_248_i_load' <Predicate = true> <Delay = 0.00>
ST_2 : Operation 74 [1/1] (0.00ns)   --->   "%p_0_150_i_load = load i11 %p_0_150_i"   --->   Operation 74 'load' 'p_0_150_i_load' <Predicate = true> <Delay = 0.00>
ST_2 : Operation 75 [1/1] (0.00ns)   --->   "%p_1_153_i_load = load i2 %p_1_153_i"   --->   Operation 75 'load' 'p_1_153_i_load' <Predicate = true> <Delay = 0.00>
ST_2 : Operation 76 [1/1] (0.00ns)   --->   "%centre_direction_load = load i2 %centre_direction" [../src/non_maximum_suppression.cpp:123->../src/canny_top.cpp:32]   --->   Operation 76 'load' 'centre_direction_load' <Predicate = (!icmp_ln112)> <Delay = 0.00>
ST_2 : Operation 77 [1/1] (0.00ns)   --->   "%zext_ln112 = zext i10 %column" [../src/non_maximum_suppression.cpp:112->../src/canny_top.cpp:32]   --->   Operation 77 'zext' 'zext_ln112' <Predicate = (!icmp_ln112)> <Delay = 0.00>
ST_2 : Operation 78 [1/1] (0.00ns)   --->   "%specpipeline_ln113 = specpipeline void @_ssdm_op_SpecPipeline, i32 1, i32 0, i32 0, i32 0, i32 4294967295, void @empty_14" [../src/non_maximum_suppression.cpp:113->../src/canny_top.cpp:32]   --->   Operation 78 'specpipeline' 'specpipeline_ln113' <Predicate = (!icmp_ln112)> <Delay = 0.00>
ST_2 : Operation 79 [1/1] (0.00ns)   --->   "%speclooptripcount_ln112 = speclooptripcount void @_ssdm_op_SpecLoopTripCount, i64 512, i64 512, i64 512" [../src/non_maximum_suppression.cpp:112->../src/canny_top.cpp:32]   --->   Operation 79 'speclooptripcount' 'speclooptripcount_ln112' <Predicate = (!icmp_ln112)> <Delay = 0.00>
ST_2 : Operation 80 [1/1] (0.00ns)   --->   "%specloopname_ln112 = specloopname void @_ssdm_op_SpecLoopName, void @empty_2" [../src/non_maximum_suppression.cpp:112->../src/canny_top.cpp:32]   --->   Operation 80 'specloopname' 'specloopname_ln112' <Predicate = (!icmp_ln112)> <Delay = 0.00>
ST_2 : Operation 81 [1/1] (0.54ns)   --->   "%switch_ln123 = switch i2 %centre_direction_load, void %sw.bb.i, i2 3, void %sw.bb105.i, i2 1, void %sw.bb66.i, i2 2, void %sw.bb86.i" [../src/non_maximum_suppression.cpp:123->../src/canny_top.cpp:32]   --->   Operation 81 'switch' 'switch_ln123' <Predicate = (!icmp_ln112)> <Delay = 0.54>
ST_2 : Operation 82 [1/1] (0.38ns)   --->   "%neighbourOne_3 = select i1 %hasTop, i11 %p_04345_i_load, i11 0" [../src/non_maximum_suppression.cpp:141->../src/canny_top.cpp:32]   --->   Operation 82 'select' 'neighbourOne_3' <Predicate = (!icmp_ln112 & centre_direction_load == 2)> <Delay = 0.38> <CoreInst = "Sel">   --->   Core 73 'Sel' <Latency = 0> <II = 1> <Delay = 0.38> <FuncUnit> <Opcode : 'select'> <InPorts = 3> <OutPorts = 1>
ST_2 : Operation 83 [1/1] (0.38ns)   --->   "%neighbourTwo_3 = select i1 %hasBottom, i11 %p_027_246_i_load, i11 0" [../src/non_maximum_suppression.cpp:144->../src/canny_top.cpp:32]   --->   Operation 83 'select' 'neighbourTwo_3' <Predicate = (!icmp_ln112 & centre_direction_load == 2)> <Delay = 0.38> <CoreInst = "Sel">   --->   Core 73 'Sel' <Latency = 0> <II = 1> <Delay = 0.38> <FuncUnit> <Opcode : 'select'> <InPorts = 3> <OutPorts = 1>
ST_2 : Operation 84 [1/1] (0.52ns)   --->   "%br_ln146 = br void %sw.epilog.i" [../src/non_maximum_suppression.cpp:146->../src/canny_top.cpp:32]   --->   Operation 84 'br' 'br_ln146' <Predicate = (!icmp_ln112 & centre_direction_load == 2)> <Delay = 0.52>
ST_2 : Operation 85 [1/1] (0.00ns)   --->   "%p_0434547_i_load = load i11 %p_0434547_i" [../src/non_maximum_suppression.cpp:133->../src/canny_top.cpp:32]   --->   Operation 85 'load' 'p_0434547_i_load' <Predicate = (!icmp_ln112 & centre_direction_load == 1)> <Delay = 0.00>
ST_2 : Operation 86 [1/1] (0.00ns) (grouped into LUT with out node neighbourOne_2)   --->   "%and_ln133 = and i1 %hasTop, i1 %hasLeft" [../src/non_maximum_suppression.cpp:133->../src/canny_top.cpp:32]   --->   Operation 86 'and' 'and_ln133' <Predicate = (!icmp_ln112 & centre_direction_load == 1)> <Delay = 0.00> <CoreInst = "LogicGate">   --->   Core 74 'LogicGate' <Latency = 0> <II = 1> <Delay = 0.28> <FuncUnit> <Opcode : 'and' 'or' 'xor'> <InPorts = 2> <OutPorts = 1>
ST_2 : Operation 87 [1/1] (0.38ns) (out node of the LUT)   --->   "%neighbourOne_2 = select i1 %and_ln133, i11 %p_0434547_i_load, i11 0" [../src/non_maximum_suppression.cpp:133->../src/canny_top.cpp:32]   --->   Operation 87 'select' 'neighbourOne_2' <Predicate = (!icmp_ln112 & centre_direction_load == 1)> <Delay = 0.38> <CoreInst = "Sel">   --->   Core 73 'Sel' <Latency = 0> <II = 1> <Delay = 0.38> <FuncUnit> <Opcode : 'select'> <InPorts = 3> <OutPorts = 1>
ST_2 : Operation 88 [1/1] (0.00ns) (grouped into LUT with out node neighbourTwo_2)   --->   "%and_ln136 = and i1 %hasBottom, i1 %hasRight" [../src/non_maximum_suppression.cpp:136->../src/canny_top.cpp:32]   --->   Operation 88 'and' 'and_ln136' <Predicate = (!icmp_ln112 & centre_direction_load == 1)> <Delay = 0.00> <CoreInst = "LogicGate">   --->   Core 74 'LogicGate' <Latency = 0> <II = 1> <Delay = 0.28> <FuncUnit> <Opcode : 'and' 'or' 'xor'> <InPorts = 2> <OutPorts = 1>
ST_2 : Operation 89 [1/1] (0.38ns) (out node of the LUT)   --->   "%neighbourTwo_2 = select i1 %and_ln136, i11 %p_0_248_i_load, i11 0" [../src/non_maximum_suppression.cpp:136->../src/canny_top.cpp:32]   --->   Operation 89 'select' 'neighbourTwo_2' <Predicate = (!icmp_ln112 & centre_direction_load == 1)> <Delay = 0.38> <CoreInst = "Sel">   --->   Core 73 'Sel' <Latency = 0> <II = 1> <Delay = 0.38> <FuncUnit> <Opcode : 'select'> <InPorts = 3> <OutPorts = 1>
ST_2 : Operation 90 [1/1] (0.52ns)   --->   "%br_ln138 = br void %sw.epilog.i" [../src/non_maximum_suppression.cpp:138->../src/canny_top.cpp:32]   --->   Operation 90 'br' 'br_ln138' <Predicate = (!icmp_ln112 & centre_direction_load == 1)> <Delay = 0.52>
ST_2 : Operation 91 [1/1] (0.00ns)   --->   "%p_043_i_load_1 = load i11 %p_043_i" [../src/non_maximum_suppression.cpp:149->../src/canny_top.cpp:32]   --->   Operation 91 'load' 'p_043_i_load_1' <Predicate = (!icmp_ln112 & centre_direction_load == 3)> <Delay = 0.00>
ST_2 : Operation 92 [1/1] (0.00ns)   --->   "%p_029_244_i_load = load i11 %p_029_244_i" [../src/non_maximum_suppression.cpp:152->../src/canny_top.cpp:32]   --->   Operation 92 'load' 'p_029_244_i_load' <Predicate = (!icmp_ln112 & centre_direction_load == 3)> <Delay = 0.00>
ST_2 : Operation 93 [1/1] (0.00ns) (grouped into LUT with out node neighbourOne_1)   --->   "%and_ln149 = and i1 %hasTop, i1 %hasRight" [../src/non_maximum_suppression.cpp:149->../src/canny_top.cpp:32]   --->   Operation 93 'and' 'and_ln149' <Predicate = (!icmp_ln112 & centre_direction_load == 3)> <Delay = 0.00> <CoreInst = "LogicGate">   --->   Core 74 'LogicGate' <Latency = 0> <II = 1> <Delay = 0.28> <FuncUnit> <Opcode : 'and' 'or' 'xor'> <InPorts = 2> <OutPorts = 1>
ST_2 : Operation 94 [1/1] (0.38ns) (out node of the LUT)   --->   "%neighbourOne_1 = select i1 %and_ln149, i11 %p_043_i_load_1, i11 0" [../src/non_maximum_suppression.cpp:149->../src/canny_top.cpp:32]   --->   Operation 94 'select' 'neighbourOne_1' <Predicate = (!icmp_ln112 & centre_direction_load == 3)> <Delay = 0.38> <CoreInst = "Sel">   --->   Core 73 'Sel' <Latency = 0> <II = 1> <Delay = 0.38> <FuncUnit> <Opcode : 'select'> <InPorts = 3> <OutPorts = 1>
ST_2 : Operation 95 [1/1] (0.00ns) (grouped into LUT with out node neighbourTwo_1)   --->   "%and_ln152 = and i1 %hasBottom, i1 %hasLeft" [../src/non_maximum_suppression.cpp:152->../src/canny_top.cpp:32]   --->   Operation 95 'and' 'and_ln152' <Predicate = (!icmp_ln112 & centre_direction_load == 3)> <Delay = 0.00> <CoreInst = "LogicGate">   --->   Core 74 'LogicGate' <Latency = 0> <II = 1> <Delay = 0.28> <FuncUnit> <Opcode : 'and' 'or' 'xor'> <InPorts = 2> <OutPorts = 1>
ST_2 : Operation 96 [1/1] (0.38ns) (out node of the LUT)   --->   "%neighbourTwo_1 = select i1 %and_ln152, i11 %p_029_244_i_load, i11 0" [../src/non_maximum_suppression.cpp:152->../src/canny_top.cpp:32]   --->   Operation 96 'select' 'neighbourTwo_1' <Predicate = (!icmp_ln112 & centre_direction_load == 3)> <Delay = 0.38> <CoreInst = "Sel">   --->   Core 73 'Sel' <Latency = 0> <II = 1> <Delay = 0.38> <FuncUnit> <Opcode : 'select'> <InPorts = 3> <OutPorts = 1>
ST_2 : Operation 97 [1/1] (0.52ns)   --->   "%br_ln154 = br void %sw.epilog.i" [../src/non_maximum_suppression.cpp:154->../src/canny_top.cpp:32]   --->   Operation 97 'br' 'br_ln154' <Predicate = (!icmp_ln112 & centre_direction_load == 3)> <Delay = 0.52>
ST_2 : Operation 98 [1/1] (0.00ns)   --->   "%p_027_14149_i_load = load i11 %p_027_14149_i" [../src/non_maximum_suppression.cpp:125->../src/canny_top.cpp:32]   --->   Operation 98 'load' 'p_027_14149_i_load' <Predicate = (!icmp_ln112 & centre_direction_load == 0 & hasLeft)> <Delay = 0.00>
ST_2 : Operation 99 [1/1] (0.38ns)   --->   "%neighbourOne = select i1 %hasLeft, i11 %p_027_14149_i_load, i11 0" [../src/non_maximum_suppression.cpp:125->../src/canny_top.cpp:32]   --->   Operation 99 'select' 'neighbourOne' <Predicate = (!icmp_ln112 & centre_direction_load == 0)> <Delay = 0.38> <CoreInst = "Sel">   --->   Core 73 'Sel' <Latency = 0> <II = 1> <Delay = 0.38> <FuncUnit> <Opcode : 'select'> <InPorts = 3> <OutPorts = 1>
ST_2 : Operation 100 [1/1] (0.38ns)   --->   "%neighbourTwo = select i1 %hasRight, i11 %p_0_150_i_load, i11 0" [../src/non_maximum_suppression.cpp:128->../src/canny_top.cpp:32]   --->   Operation 100 'select' 'neighbourTwo' <Predicate = (!icmp_ln112 & centre_direction_load == 0)> <Delay = 0.38> <CoreInst = "Sel">   --->   Core 73 'Sel' <Latency = 0> <II = 1> <Delay = 0.38> <FuncUnit> <Opcode : 'select'> <InPorts = 3> <OutPorts = 1>
ST_2 : Operation 101 [1/1] (0.52ns)   --->   "%br_ln130 = br void %sw.epilog.i" [../src/non_maximum_suppression.cpp:130->../src/canny_top.cpp:32]   --->   Operation 101 'br' 'br_ln130' <Predicate = (!icmp_ln112 & centre_direction_load == 0)> <Delay = 0.52>
ST_2 : Operation 102 [1/1] (0.00ns)   --->   "%neighbourOne_4 = phi i11 %neighbourOne_1, void %sw.bb105.i, i11 %neighbourOne_3, void %sw.bb86.i, i11 %neighbourOne_2, void %sw.bb66.i, i11 %neighbourOne, void %sw.bb.i"   --->   Operation 102 'phi' 'neighbourOne_4' <Predicate = (!icmp_ln112)> <Delay = 0.00>
ST_2 : Operation 103 [1/1] (0.00ns)   --->   "%neighbourTwo_4 = phi i11 %neighbourTwo_1, void %sw.bb105.i, i11 %neighbourTwo_3, void %sw.bb86.i, i11 %neighbourTwo_2, void %sw.bb66.i, i11 %neighbourTwo, void %sw.bb.i"   --->   Operation 103 'phi' 'neighbourTwo_4' <Predicate = (!icmp_ln112)> <Delay = 0.00>
ST_2 : Operation 104 [1/1] (0.00ns)   --->   "%p_043_i_load = load i11 %p_043_i"   --->   Operation 104 'load' 'p_043_i_load' <Predicate = (!icmp_ln112)> <Delay = 0.00>
ST_2 : Operation 105 [1/1] (0.79ns)   --->   "%icmp_ln158 = icmp_ult  i11 %centre_magnitude_1, i11 %neighbourOne_4" [../src/non_maximum_suppression.cpp:158->../src/canny_top.cpp:32]   --->   Operation 105 'icmp' 'icmp_ln158' <Predicate = (!icmp_ln112)> <Delay = 0.79> <CoreInst = "Cmp">   --->   Core 9 'Cmp' <Latency = 0> <II = 1> <Delay = 0.79> <FuncUnit> <Opcode : 'seteq' 'setne' 'setle' 'setge' 'setlt' 'setgt'> <InPorts = 2> <OutPorts = 1>
ST_2 : Operation 106 [1/1] (0.00ns) (grouped into LUT with out node select_ln158)   --->   "%xor_ln158 = xor i1 %icmp_ln158, i1 1" [../src/non_maximum_suppression.cpp:158->../src/canny_top.cpp:32]   --->   Operation 106 'xor' 'xor_ln158' <Predicate = (!icmp_ln112)> <Delay = 0.00> <CoreInst = "LogicGate">   --->   Core 74 'LogicGate' <Latency = 0> <II = 1> <Delay = 0.28> <FuncUnit> <Opcode : 'and' 'or' 'xor'> <InPorts = 2> <OutPorts = 1>
ST_2 : Operation 107 [1/1] (0.79ns)   --->   "%icmp_ln159 = icmp_ult  i11 %centre_magnitude_1, i11 %neighbourTwo_4" [../src/non_maximum_suppression.cpp:159->../src/canny_top.cpp:32]   --->   Operation 107 'icmp' 'icmp_ln159' <Predicate = (!icmp_ln112)> <Delay = 0.79> <CoreInst = "Cmp">   --->   Core 9 'Cmp' <Latency = 0> <II = 1> <Delay = 0.79> <FuncUnit> <Opcode : 'seteq' 'setne' 'setle' 'setge' 'setlt' 'setgt'> <InPorts = 2> <OutPorts = 1>
ST_2 : Operation 108 [1/1] (0.00ns) (grouped into LUT with out node select_ln158)   --->   "%xor_ln159 = xor i1 %icmp_ln159, i1 1" [../src/non_maximum_suppression.cpp:159->../src/canny_top.cpp:32]   --->   Operation 108 'xor' 'xor_ln159' <Predicate = (!icmp_ln112)> <Delay = 0.00> <CoreInst = "LogicGate">   --->   Core 74 'LogicGate' <Latency = 0> <II = 1> <Delay = 0.28> <FuncUnit> <Opcode : 'and' 'or' 'xor'> <InPorts = 2> <OutPorts = 1>
ST_2 : Operation 109 [1/1] (0.00ns) (grouped into LUT with out node select_ln158)   --->   "%and_ln158 = and i1 %xor_ln158, i1 %xor_ln159" [../src/non_maximum_suppression.cpp:158->../src/canny_top.cpp:32]   --->   Operation 109 'and' 'and_ln158' <Predicate = (!icmp_ln112)> <Delay = 0.00> <CoreInst = "LogicGate">   --->   Core 74 'LogicGate' <Latency = 0> <II = 1> <Delay = 0.28> <FuncUnit> <Opcode : 'and' 'or' 'xor'> <InPorts = 2> <OutPorts = 1>
ST_2 : Operation 110 [1/1] (0.00ns)   --->   "%out_nonmax_addr = getelementptr i11 %out_nonmax, i64 0, i64 %zext_ln112" [../src/non_maximum_suppression.cpp:164->../src/canny_top.cpp:32]   --->   Operation 110 'getelementptr' 'out_nonmax_addr' <Predicate = (!icmp_ln112)> <Delay = 0.00>
ST_2 : Operation 111 [1/1] (0.38ns) (out node of the LUT)   --->   "%select_ln158 = select i1 %and_ln158, i11 %centre_magnitude_1, i11 0" [../src/non_maximum_suppression.cpp:158->../src/canny_top.cpp:32]   --->   Operation 111 'select' 'select_ln158' <Predicate = (!icmp_ln112)> <Delay = 0.38> <CoreInst = "Sel">   --->   Core 73 'Sel' <Latency = 0> <II = 1> <Delay = 0.38> <FuncUnit> <Opcode : 'select'> <InPorts = 3> <OutPorts = 1>
ST_2 : Operation 112 [1/1] ( I:1.23ns O:1.23ns )   --->   "%store_ln158 = store i11 %select_ln158, i9 %out_nonmax_addr" [../src/non_maximum_suppression.cpp:158->../src/canny_top.cpp:32]   --->   Operation 112 'store' 'store_ln158' <Predicate = (!icmp_ln112)> <Delay = 1.23> <CoreInst = "RAM">   --->   Core 82 'RAM' <Latency = 1> <II = 1> <Delay = 1.23> <Storage> <Opcode : 'load' 'store'> <Ports = 2> <Width = 11> <Depth = 512> <RAM>
ST_2 : Operation 113 [1/2] ( I:1.23ns O:1.23ns )   --->   "%banked_magnitude = load i9 %p_anonymous_namespace_lineBuffer_magnitude_0_addr" [../src/non_maximum_suppression.cpp:174->../src/canny_top.cpp:32]   --->   Operation 113 'load' 'banked_magnitude' <Predicate = (!icmp_ln112)> <Delay = 1.23> <CoreInst = "RAM">   --->   Core 82 'RAM' <Latency = 1> <II = 1> <Delay = 1.23> <Storage> <Opcode : 'load' 'store'> <Ports = 2> <Width = 11> <Depth = 512> <RAM>
ST_2 : Operation 114 [1/2] ( I:1.23ns O:1.23ns )   --->   "%banked_direction = load i9 %p_anonymous_namespace_lineBuffer_direction_0_addr" [../src/non_maximum_suppression.cpp:174->../src/canny_top.cpp:32]   --->   Operation 114 'load' 'banked_direction' <Predicate = (!icmp_ln112 & p_smodpost_read == 1)> <Delay = 1.23> <CoreInst = "RAM">   --->   Core 82 'RAM' <Latency = 1> <II = 1> <Delay = 1.23> <Storage> <Opcode : 'load' 'store'> <Ports = 2> <Width = 2> <Depth = 512> <RAM>
ST_2 : Operation 115 [1/2] ( I:1.23ns O:1.23ns )   --->   "%banked_magnitude_1 = load i9 %p_anonymous_namespace_lineBuffer_magnitude_1_addr" [../src/non_maximum_suppression.cpp:174->../src/canny_top.cpp:32]   --->   Operation 115 'load' 'banked_magnitude_1' <Predicate = (!icmp_ln112)> <Delay = 1.23> <CoreInst = "RAM">   --->   Core 82 'RAM' <Latency = 1> <II = 1> <Delay = 1.23> <Storage> <Opcode : 'load' 'store'> <Ports = 2> <Width = 11> <Depth = 512> <RAM>
ST_2 : Operation 116 [1/2] ( I:1.23ns O:1.23ns )   --->   "%banked_magnitude_2 = load i9 %p_anonymous_namespace_lineBuffer_magnitude_2_addr" [../src/non_maximum_suppression.cpp:174->../src/canny_top.cpp:32]   --->   Operation 116 'load' 'banked_magnitude_2' <Predicate = (!icmp_ln112)> <Delay = 1.23> <CoreInst = "RAM">   --->   Core 82 'RAM' <Latency = 1> <II = 1> <Delay = 1.23> <Storage> <Opcode : 'load' 'store'> <Ports = 2> <Width = 11> <Depth = 512> <RAM>
ST_2 : Operation 117 [1/2] ( I:1.23ns O:1.23ns )   --->   "%banked_direction_1 = load i9 %p_anonymous_namespace_lineBuffer_direction_1_addr" [../src/non_maximum_suppression.cpp:174->../src/canny_top.cpp:32]   --->   Operation 117 'load' 'banked_direction_1' <Predicate = (!icmp_ln112 & p_smodpost_read == 2)> <Delay = 1.23> <CoreInst = "RAM">   --->   Core 82 'RAM' <Latency = 1> <II = 1> <Delay = 1.23> <Storage> <Opcode : 'load' 'store'> <Ports = 2> <Width = 2> <Depth = 512> <RAM>
ST_2 : Operation 118 [1/2] ( I:1.23ns O:1.23ns )   --->   "%banked_direction_2 = load i9 %p_anonymous_namespace_lineBuffer_direction_2_addr" [../src/non_maximum_suppression.cpp:174->../src/canny_top.cpp:32]   --->   Operation 118 'load' 'banked_direction_2' <Predicate = (!icmp_ln112 & p_smodpost_read == 0)> <Delay = 1.23> <CoreInst = "RAM">   --->   Core 82 'RAM' <Latency = 1> <II = 1> <Delay = 1.23> <Storage> <Opcode : 'load' 'store'> <Ports = 2> <Width = 2> <Depth = 512> <RAM>
ST_2 : Operation 119 [1/1] (0.42ns)   --->   "%tmp_7 = sparsemux i11 @_ssdm_op_SparseMux.ap_auto.3i11.i11.i2, i2 0, i11 %banked_magnitude, i2 1, i11 %banked_magnitude_1, i2 2, i11 %banked_magnitude_2, i11 0, i2 %select_ln14_read" [../src/non_maximum_suppression.cpp:181->../src/canny_top.cpp:32]   --->   Operation 119 'sparsemux' 'tmp_7' <Predicate = (!icmp_ln112)> <Delay = 0.42> <CoreInst = "OneHotSparseMux_HasDef">   --->   Core 152 'OneHotSparseMux_HasDef' <Latency = 0> <II = 1> <Delay = 0.42> <FuncUnit> <Opcode : 'sparsemux'> <InPorts = 2> <OutPorts = 1>
ST_2 : Operation 120 [1/1] (0.42ns)   --->   "%tmp_8 = sparsemux i11 @_ssdm_op_SparseMux.ap_auto.3i11.i11.i2, i2 1, i11 %banked_magnitude, i2 2, i11 %banked_magnitude_1, i2 0, i11 %banked_magnitude_2, i11 0, i2 %p_smodpost_read" [../src/non_maximum_suppression.cpp:181->../src/canny_top.cpp:32]   --->   Operation 120 'sparsemux' 'tmp_8' <Predicate = (!icmp_ln112)> <Delay = 0.42> <CoreInst = "OneHotSparseMux_HasDef">   --->   Core 152 'OneHotSparseMux_HasDef' <Latency = 0> <II = 1> <Delay = 0.42> <FuncUnit> <Opcode : 'sparsemux'> <InPorts = 2> <OutPorts = 1>
ST_2 : Operation 121 [1/1] (0.42ns)   --->   "%tmp_9 = sparsemux i11 @_ssdm_op_SparseMux.ap_auto.3i11.i11.i2, i2 0, i11 %banked_magnitude, i2 1, i11 %banked_magnitude_1, i2 2, i11 %banked_magnitude_2, i11 0, i2 %select_ln14_1_read" [../src/non_maximum_suppression.cpp:181->../src/canny_top.cpp:32]   --->   Operation 121 'sparsemux' 'tmp_9' <Predicate = (!icmp_ln112)> <Delay = 0.42> <CoreInst = "OneHotSparseMux_HasDef">   --->   Core 152 'OneHotSparseMux_HasDef' <Latency = 0> <II = 1> <Delay = 0.42> <FuncUnit> <Opcode : 'sparsemux'> <InPorts = 2> <OutPorts = 1>
ST_2 : Operation 122 [1/1] (0.42ns)   --->   "%tmp_10 = sparsemux i2 @_ssdm_op_SparseMux.ap_auto.3i2.i2.i2, i2 1, i2 %banked_direction, i2 2, i2 %banked_direction_1, i2 0, i2 %banked_direction_2, i2 0, i2 %p_smodpost_read" [../src/non_maximum_suppression.cpp:181->../src/canny_top.cpp:32]   --->   Operation 122 'sparsemux' 'tmp_10' <Predicate = (!icmp_ln112)> <Delay = 0.42> <CoreInst = "OneHotSparseMux_HasDef">   --->   Core 152 'OneHotSparseMux_HasDef' <Latency = 0> <II = 1> <Delay = 0.42> <FuncUnit> <Opcode : 'sparsemux'> <InPorts = 2> <OutPorts = 1>
ST_2 : Operation 123 [1/1] (0.42ns)   --->   "%store_ln181 = store i2 %tmp_10, i2 %p_1_153_i" [../src/non_maximum_suppression.cpp:181->../src/canny_top.cpp:32]   --->   Operation 123 'store' 'store_ln181' <Predicate = (!icmp_ln112)> <Delay = 0.42>
ST_2 : Operation 124 [1/1] (0.42ns)   --->   "%store_ln181 = store i11 %tmp_8, i11 %p_0_150_i" [../src/non_maximum_suppression.cpp:181->../src/canny_top.cpp:32]   --->   Operation 124 'store' 'store_ln181' <Predicate = (!icmp_ln112)> <Delay = 0.42>
ST_2 : Operation 125 [1/1] (0.42ns)   --->   "%store_ln181 = store i11 %tmp_9, i11 %p_0_248_i" [../src/non_maximum_suppression.cpp:181->../src/canny_top.cpp:32]   --->   Operation 125 'store' 'store_ln181' <Predicate = (!icmp_ln112)> <Delay = 0.42>
ST_2 : Operation 126 [1/1] (0.42ns)   --->   "%store_ln0 = store i11 %p_0_248_i_load, i11 %p_027_246_i"   --->   Operation 126 'store' 'store_ln0' <Predicate = (!icmp_ln112)> <Delay = 0.42>
ST_2 : Operation 127 [1/1] (0.42ns)   --->   "%store_ln0 = store i11 %p_043_i_load, i11 %p_04345_i"   --->   Operation 127 'store' 'store_ln0' <Predicate = (!icmp_ln112)> <Delay = 0.42>
ST_2 : Operation 128 [1/1] (0.42ns)   --->   "%store_ln115 = store i11 %p_0_150_i_load, i11 %centre_magnitude" [../src/non_maximum_suppression.cpp:115->../src/canny_top.cpp:32]   --->   Operation 128 'store' 'store_ln115' <Predicate = (!icmp_ln112)> <Delay = 0.42>
ST_2 : Operation 129 [1/1] (0.42ns)   --->   "%store_ln159 = store i11 %centre_magnitude_1, i11 %p_027_14149_i" [../src/non_maximum_suppression.cpp:159->../src/canny_top.cpp:32]   --->   Operation 129 'store' 'store_ln159' <Predicate = (!icmp_ln112)> <Delay = 0.42>
ST_2 : Operation 130 [1/1] (0.42ns)   --->   "%store_ln0 = store i11 %p_04345_i_load, i11 %p_0434547_i"   --->   Operation 130 'store' 'store_ln0' <Predicate = (!icmp_ln112)> <Delay = 0.42>
ST_2 : Operation 131 [1/1] (0.42ns)   --->   "%store_ln0 = store i11 %p_027_246_i_load, i11 %p_029_244_i"   --->   Operation 131 'store' 'store_ln0' <Predicate = (!icmp_ln112)> <Delay = 0.42>
ST_2 : Operation 132 [1/1] (0.42ns)   --->   "%store_ln181 = store i11 %tmp_7, i11 %p_043_i" [../src/non_maximum_suppression.cpp:181->../src/canny_top.cpp:32]   --->   Operation 132 'store' 'store_ln181' <Predicate = (!icmp_ln112)> <Delay = 0.42>
ST_2 : Operation 133 [1/1] (0.42ns)   --->   "%store_ln115 = store i2 %p_1_153_i_load, i2 %centre_direction" [../src/non_maximum_suppression.cpp:115->../src/canny_top.cpp:32]   --->   Operation 133 'store' 'store_ln115' <Predicate = (!icmp_ln112)> <Delay = 0.42>
ST_2 : Operation 134 [1/1] (0.00ns)   --->   "%br_ln112 = br void %for.body49.i" [../src/non_maximum_suppression.cpp:112->../src/canny_top.cpp:32]   --->   Operation 134 'br' 'br_ln112' <Predicate = (!icmp_ln112)> <Delay = 0.00>
ST_2 : Operation 135 [1/1] (0.42ns)   --->   "%ret_ln0 = ret"   --->   Operation 135 'ret' 'ret_ln0' <Predicate = (icmp_ln112)> <Delay = 0.42>


============================================================
+ Verbose Summary: Binding
============================================================
STG Binding: 
---------------- STG Properties BEGIN ----------------
- Is combinational: 0
- Is one-state seq: 0
- Is datapath-only: 0
- Is pipelined: 0
- Is top level: 0
Port [ Return ] is wired: 1; IO mode=ap_ctrl_hs:ce=0
Port [ tmp_5]:  wired=1; compound=0; hidden=0; nouse=0; global=0; static=0; extern=0; dir=0; type=0; pingpong=0; private_global=0; IO mode=ap_none:ce=0
Port [ tmp_4]:  wired=1; compound=0; hidden=0; nouse=0; global=0; static=0; extern=0; dir=0; type=0; pingpong=0; private_global=0; IO mode=ap_none:ce=0
Port [ tmp_s]:  wired=1; compound=0; hidden=0; nouse=0; global=0; static=0; extern=0; dir=0; type=0; pingpong=0; private_global=0; IO mode=ap_none:ce=0
Port [ tmp_6]:  wired=1; compound=0; hidden=0; nouse=0; global=0; static=0; extern=0; dir=0; type=0; pingpong=0; private_global=0; IO mode=ap_none:ce=0
Port [ tmp]:  wired=1; compound=0; hidden=0; nouse=0; global=0; static=0; extern=0; dir=0; type=0; pingpong=0; private_global=0; IO mode=ap_none:ce=0
Port [ tmp_2]:  wired=1; compound=0; hidden=0; nouse=0; global=0; static=0; extern=0; dir=0; type=0; pingpong=0; private_global=0; IO mode=ap_none:ce=0
Port [ tmp_3]:  wired=1; compound=0; hidden=0; nouse=0; global=0; static=0; extern=0; dir=0; type=0; pingpong=0; private_global=0; IO mode=ap_none:ce=0
Port [ tmp_1]:  wired=1; compound=0; hidden=0; nouse=0; global=0; static=0; extern=0; dir=0; type=0; pingpong=0; private_global=0; IO mode=ap_none:ce=0
Port [ outputRow]:  wired=1; compound=0; hidden=0; nouse=0; global=0; static=0; extern=0; dir=0; type=0; pingpong=0; private_global=0; IO mode=ap_none:ce=0
Port [ out_nonmax]:  wired=1; compound=1; hidden=0; nouse=0; global=0; static=0; extern=0; dir=1; type=1; pingpong=1; private_global=0; MemPort=[03]; IO mode=ap_memory:ce=0
Port [ select_ln14]:  wired=1; compound=0; hidden=0; nouse=0; global=0; static=0; extern=0; dir=0; type=0; pingpong=0; private_global=0; IO mode=ap_none:ce=0
Port [ p_smodpost]:  wired=1; compound=0; hidden=0; nouse=0; global=0; static=0; extern=0; dir=0; type=0; pingpong=0; private_global=0; IO mode=ap_none:ce=0
Port [ select_ln14_1]:  wired=1; compound=0; hidden=0; nouse=0; global=0; static=0; extern=0; dir=0; type=0; pingpong=0; private_global=0; IO mode=ap_none:ce=0
Port [ p_anonymous_namespace_lineBuffer_magnitude_0]:  wired=1; compound=1; hidden=0; nouse=0; global=1; static=1; extern=0; dir=0; type=1; pingpong=0; private_global=0; MemPort=[13]; IO mode=ap_memory:ce=0
Port [ p_anonymous_namespace_lineBuffer_direction_0]:  wired=1; compound=1; hidden=0; nouse=0; global=1; static=1; extern=0; dir=0; type=1; pingpong=0; private_global=0; MemPort=[13]; IO mode=ap_memory:ce=0
Port [ p_anonymous_namespace_lineBuffer_magnitude_1]:  wired=1; compound=1; hidden=0; nouse=0; global=1; static=1; extern=0; dir=0; type=1; pingpong=0; private_global=0; MemPort=[13]; IO mode=ap_memory:ce=0
Port [ p_anonymous_namespace_lineBuffer_magnitude_2]:  wired=1; compound=1; hidden=0; nouse=0; global=1; static=1; extern=0; dir=0; type=1; pingpong=0; private_global=0; MemPort=[13]; IO mode=ap_memory:ce=0
Port [ p_anonymous_namespace_lineBuffer_direction_1]:  wired=1; compound=1; hidden=0; nouse=0; global=1; static=1; extern=0; dir=0; type=1; pingpong=0; private_global=0; MemPort=[13]; IO mode=ap_memory:ce=0
Port [ p_anonymous_namespace_lineBuffer_direction_2]:  wired=1; compound=1; hidden=0; nouse=0; global=1; static=1; extern=0; dir=0; type=1; pingpong=0; private_global=0; MemPort=[13]; IO mode=ap_memory:ce=0
---------------- STG Properties END ------------------

---------------- Datapath Model BEGIN ----------------

<LifeTime>
<method=bitvector/>
centre_direction                                  (alloca           ) [ 011]
p_043_i                                           (alloca           ) [ 011]
p_029_244_i                                       (alloca           ) [ 011]
p_0434547_i                                       (alloca           ) [ 011]
p_027_14149_i                                     (alloca           ) [ 011]
column_2                                          (alloca           ) [ 010]
centre_magnitude                                  (alloca           ) [ 011]
p_04345_i                                         (alloca           ) [ 011]
p_027_246_i                                       (alloca           ) [ 011]
p_0_248_i                                         (alloca           ) [ 011]
p_0_150_i                                         (alloca           ) [ 011]
p_1_153_i                                         (alloca           ) [ 011]
select_ln14_1_read                                (read             ) [ 011]
p_smodpost_read                                   (read             ) [ 011]
select_ln14_read                                  (read             ) [ 011]
outputRow_read                                    (read             ) [ 000]
tmp_1_read                                        (read             ) [ 000]
tmp_3_read                                        (read             ) [ 000]
tmp_2_read                                        (read             ) [ 000]
tmp_read                                          (read             ) [ 000]
tmp_6_read                                        (read             ) [ 000]
tmp_read_39                                       (read             ) [ 000]
tmp_4_read                                        (read             ) [ 000]
tmp_5_read                                        (read             ) [ 000]
hasBottom                                         (icmp             ) [ 011]
hasTop                                            (icmp             ) [ 011]
store_ln75                                        (store            ) [ 000]
store_ln75                                        (store            ) [ 000]
store_ln75                                        (store            ) [ 000]
store_ln75                                        (store            ) [ 000]
store_ln75                                        (store            ) [ 000]
store_ln115                                       (store            ) [ 000]
store_ln112                                       (store            ) [ 000]
store_ln75                                        (store            ) [ 000]
store_ln75                                        (store            ) [ 000]
store_ln75                                        (store            ) [ 000]
store_ln75                                        (store            ) [ 000]
store_ln115                                       (store            ) [ 000]
br_ln0                                            (br               ) [ 000]
column                                            (load             ) [ 011]
icmp_ln112                                        (icmp             ) [ 011]
add_ln112                                         (add              ) [ 000]
br_ln112                                          (br               ) [ 000]
hasLeft                                           (icmp             ) [ 011]
hasRight                                          (icmp             ) [ 011]
trunc_ln167                                       (trunc            ) [ 000]
zext_ln167                                        (zext             ) [ 000]
add_ln167                                         (add              ) [ 000]
trunc_ln17                                        (trunc            ) [ 000]
tmp_22                                            (bitselect        ) [ 000]
nextColumn                                        (select           ) [ 000]
zext_ln174                                        (zext             ) [ 000]
p_anonymous_namespace_lineBuffer_magnitude_0_addr (getelementptr    ) [ 011]
p_anonymous_namespace_lineBuffer_direction_0_addr (getelementptr    ) [ 011]
p_anonymous_namespace_lineBuffer_magnitude_1_addr (getelementptr    ) [ 011]
p_anonymous_namespace_lineBuffer_direction_1_addr (getelementptr    ) [ 011]
p_anonymous_namespace_lineBuffer_magnitude_2_addr (getelementptr    ) [ 011]
p_anonymous_namespace_lineBuffer_direction_2_addr (getelementptr    ) [ 011]
store_ln112                                       (store            ) [ 000]
centre_magnitude_1                                (load             ) [ 000]
p_04345_i_load                                    (load             ) [ 000]
p_027_246_i_load                                  (load             ) [ 000]
p_0_248_i_load                                    (load             ) [ 000]
p_0_150_i_load                                    (load             ) [ 000]
p_1_153_i_load                                    (load             ) [ 000]
centre_direction_load                             (load             ) [ 011]
zext_ln112                                        (zext             ) [ 000]
specpipeline_ln113                                (specpipeline     ) [ 000]
speclooptripcount_ln112                           (speclooptripcount) [ 000]
specloopname_ln112                                (specloopname     ) [ 000]
switch_ln123                                      (switch           ) [ 000]
neighbourOne_3                                    (select           ) [ 000]
neighbourTwo_3                                    (select           ) [ 000]
br_ln146                                          (br               ) [ 000]
p_0434547_i_load                                  (load             ) [ 000]
and_ln133                                         (and              ) [ 000]
neighbourOne_2                                    (select           ) [ 000]
and_ln136                                         (and              ) [ 000]
neighbourTwo_2                                    (select           ) [ 000]
br_ln138                                          (br               ) [ 000]
p_043_i_load_1                                    (load             ) [ 000]
p_029_244_i_load                                  (load             ) [ 000]
and_ln149                                         (and              ) [ 000]
neighbourOne_1                                    (select           ) [ 000]
and_ln152                                         (and              ) [ 000]
neighbourTwo_1                                    (select           ) [ 000]
br_ln154                                          (br               ) [ 000]
p_027_14149_i_load                                (load             ) [ 000]
neighbourOne                                      (select           ) [ 000]
neighbourTwo                                      (select           ) [ 000]
br_ln130                                          (br               ) [ 000]
neighbourOne_4                                    (phi              ) [ 000]
neighbourTwo_4                                    (phi              ) [ 000]
p_043_i_load                                      (load             ) [ 000]
icmp_ln158                                        (icmp             ) [ 000]
xor_ln158                                         (xor              ) [ 000]
icmp_ln159                                        (icmp             ) [ 000]
xor_ln159                                         (xor              ) [ 000]
and_ln158                                         (and              ) [ 000]
out_nonmax_addr                                   (getelementptr    ) [ 000]
select_ln158                                      (select           ) [ 000]
store_ln158                                       (store            ) [ 000]
banked_magnitude                                  (load             ) [ 000]
banked_direction                                  (load             ) [ 000]
banked_magnitude_1                                (load             ) [ 000]
banked_magnitude_2                                (load             ) [ 000]
banked_direction_1                                (load             ) [ 000]
banked_direction_2                                (load             ) [ 000]
tmp_7                                             (sparsemux        ) [ 000]
tmp_8                                             (sparsemux        ) [ 000]
tmp_9                                             (sparsemux        ) [ 000]
tmp_10                                            (sparsemux        ) [ 000]
store_ln181                                       (store            ) [ 000]
store_ln181                                       (store            ) [ 000]
store_ln181                                       (store            ) [ 000]
store_ln0                                         (store            ) [ 000]
store_ln0                                         (store            ) [ 000]
store_ln115                                       (store            ) [ 000]
store_ln159                                       (store            ) [ 000]
store_ln0                                         (store            ) [ 000]
store_ln0                                         (store            ) [ 000]
store_ln181                                       (store            ) [ 000]
store_ln115                                       (store            ) [ 000]
br_ln112                                          (br               ) [ 000]
ret_ln0                                           (ret              ) [ 000]
</LifeTime>

<model>

<comp_list>
<comp id="0" class="1000" name="tmp_5">
<pin_list>
<pin id="1" dir="1" index="0" bw="1" slack="0"/>
</pin_list>
<bind>
<StgValue><ssdm name="tmp_5"/></StgValue>
</bind>
</comp>

<comp id="2" class="1000" name="tmp_4">
<pin_list>
<pin id="3" dir="1" index="0" bw="1" slack="0"/>
</pin_list>
<bind>
<StgValue><ssdm name="tmp_4"/></StgValue>
</bind>
</comp>

<comp id="4" class="1000" name="tmp_s">
<pin_list>
<pin id="5" dir="1" index="0" bw="1" slack="0"/>
</pin_list>
<bind>
<StgValue><ssdm name="tmp_s"/></StgValue>
</bind>
</comp>

<comp id="6" class="1000" name="tmp_6">
<pin_list>
<pin id="7" dir="1" index="0" bw="1" slack="0"/>
</pin_list>
<bind>
<StgValue><ssdm name="tmp_6"/></StgValue>
</bind>
</comp>

<comp id="8" class="1000" name="tmp">
<pin_list>
<pin id="9" dir="1" index="0" bw="1" slack="0"/>
</pin_list>
<bind>
<StgValue><ssdm name="tmp"/></StgValue>
</bind>
</comp>

<comp id="10" class="1000" name="tmp_2">
<pin_list>
<pin id="11" dir="1" index="0" bw="1" slack="0"/>
</pin_list>
<bind>
<StgValue><ssdm name="tmp_2"/></StgValue>
</bind>
</comp>

<comp id="12" class="1000" name="tmp_3">
<pin_list>
<pin id="13" dir="1" index="0" bw="1" slack="0"/>
</pin_list>
<bind>
<StgValue><ssdm name="tmp_3"/></StgValue>
</bind>
</comp>

<comp id="14" class="1000" name="tmp_1">
<pin_list>
<pin id="15" dir="1" index="0" bw="1" slack="0"/>
</pin_list>
<bind>
<StgValue><ssdm name="tmp_1"/></StgValue>
</bind>
</comp>

<comp id="16" class="1000" name="outputRow">
<pin_list>
<pin id="17" dir="1" index="0" bw="1" slack="0"/>
</pin_list>
<bind>
<StgValue><ssdm name="outputRow"/></StgValue>
</bind>
</comp>

<comp id="18" class="1000" name="out_nonmax">
<pin_list>
<pin id="19" dir="1" index="0" bw="1" slack="0"/>
</pin_list>
<bind>
<StgValue><ssdm name="out_nonmax"/><MemPortTyVec>0 3 </MemPortTyVec>
</StgValue>
</bind>
</comp>

<comp id="20" class="1000" name="select_ln14">
<pin_list>
<pin id="21" dir="1" index="0" bw="1" slack="0"/>
</pin_list>
<bind>
<StgValue><ssdm name="select_ln14"/></StgValue>
</bind>
</comp>

<comp id="22" class="1000" name="p_smodpost">
<pin_list>
<pin id="23" dir="1" index="0" bw="1" slack="0"/>
</pin_list>
<bind>
<StgValue><ssdm name="p_smodpost"/></StgValue>
</bind>
</comp>

<comp id="24" class="1000" name="select_ln14_1">
<pin_list>
<pin id="25" dir="1" index="0" bw="1" slack="0"/>
</pin_list>
<bind>
<StgValue><ssdm name="select_ln14_1"/></StgValue>
</bind>
</comp>

<comp id="26" class="1000" name="p_anonymous_namespace_lineBuffer_magnitude_0">
<pin_list>
<pin id="27" dir="1" index="0" bw="1" slack="0"/>
</pin_list>
<bind>
<StgValue><ssdm name="p_anonymous_namespace_lineBuffer_magnitude_0"/><MemPortTyVec>1 3 </MemPortTyVec>
</StgValue>
</bind>
</comp>

<comp id="28" class="1000" name="p_anonymous_namespace_lineBuffer_direction_0">
<pin_list>
<pin id="29" dir="1" index="0" bw="1" slack="0"/>
</pin_list>
<bind>
<StgValue><ssdm name="p_anonymous_namespace_lineBuffer_direction_0"/><MemPortTyVec>1 3 </MemPortTyVec>
</StgValue>
</bind>
</comp>

<comp id="30" class="1000" name="p_anonymous_namespace_lineBuffer_magnitude_1">
<pin_list>
<pin id="31" dir="1" index="0" bw="1" slack="0"/>
</pin_list>
<bind>
<StgValue><ssdm name="p_anonymous_namespace_lineBuffer_magnitude_1"/><MemPortTyVec>1 3 </MemPortTyVec>
</StgValue>
</bind>
</comp>

<comp id="32" class="1000" name="p_anonymous_namespace_lineBuffer_magnitude_2">
<pin_list>
<pin id="33" dir="1" index="0" bw="1" slack="0"/>
</pin_list>
<bind>
<StgValue><ssdm name="p_anonymous_namespace_lineBuffer_magnitude_2"/><MemPortTyVec>1 3 </MemPortTyVec>
</StgValue>
</bind>
</comp>

<comp id="34" class="1000" name="p_anonymous_namespace_lineBuffer_direction_1">
<pin_list>
<pin id="35" dir="1" index="0" bw="1" slack="0"/>
</pin_list>
<bind>
<StgValue><ssdm name="p_anonymous_namespace_lineBuffer_direction_1"/><MemPortTyVec>1 3 </MemPortTyVec>
</StgValue>
</bind>
</comp>

<comp id="36" class="1000" name="p_anonymous_namespace_lineBuffer_direction_2">
<pin_list>
<pin id="37" dir="1" index="0" bw="1" slack="0"/>
</pin_list>
<bind>
<StgValue><ssdm name="p_anonymous_namespace_lineBuffer_direction_2"/><MemPortTyVec>1 3 </MemPortTyVec>
</StgValue>
</bind>
</comp>

<comp id="38" class="1001" name="const_38">
<pin_list>
<pin id="39" dir="1" index="0" bw="1" slack="0"/>
</pin_list>
<bind>
<StgValue><ssdm name=""/></StgValue>
</bind>
</comp>

<comp id="40" class="1001" name="const_40">
<pin_list>
<pin id="41" dir="1" index="0" bw="1" slack="0"/>
</pin_list>
<bind>
<StgValue><ssdm name="_ssdm_op_Read.ap_auto.i2"/></StgValue>
</bind>
</comp>

<comp id="42" class="1001" name="const_42">
<pin_list>
<pin id="43" dir="1" index="0" bw="1" slack="0"/>
</pin_list>
<bind>
<StgValue><ssdm name="_ssdm_op_Read.ap_auto.i31"/></StgValue>
</bind>
</comp>

<comp id="44" class="1001" name="const_44">
<pin_list>
<pin id="45" dir="1" index="0" bw="1" slack="0"/>
</pin_list>
<bind>
<StgValue><ssdm name="_ssdm_op_Read.ap_auto.i11"/></StgValue>
</bind>
</comp>

<comp id="46" class="1001" name="const_46">
<pin_list>
<pin id="47" dir="1" index="0" bw="1" slack="0"/>
</pin_list>
<bind>
<StgValue><ssdm name=""/></StgValue>
</bind>
</comp>

<comp id="48" class="1001" name="const_48">
<pin_list>
<pin id="49" dir="1" index="0" bw="1" slack="0"/>
</pin_list>
<bind>
<StgValue><ssdm name=""/></StgValue>
</bind>
</comp>

<comp id="50" class="1001" name="const_50">
<pin_list>
<pin id="51" dir="1" index="0" bw="1" slack="0"/>
</pin_list>
<bind>
<StgValue><ssdm name=""/></StgValue>
</bind>
</comp>

<comp id="52" class="1001" name="const_52">
<pin_list>
<pin id="53" dir="1" index="0" bw="1" slack="0"/>
</pin_list>
<bind>
<StgValue><ssdm name=""/></StgValue>
</bind>
</comp>

<comp id="54" class="1001" name="const_54">
<pin_list>
<pin id="55" dir="1" index="0" bw="1" slack="0"/>
</pin_list>
<bind>
<StgValue><ssdm name=""/></StgValue>
</bind>
</comp>

<comp id="56" class="1001" name="const_56">
<pin_list>
<pin id="57" dir="1" index="0" bw="1" slack="0"/>
</pin_list>
<bind>
<StgValue><ssdm name=""/></StgValue>
</bind>
</comp>

<comp id="58" class="1001" name="const_58">
<pin_list>
<pin id="59" dir="1" index="0" bw="1" slack="0"/>
</pin_list>
<bind>
<StgValue><ssdm name=""/></StgValue>
</bind>
</comp>

<comp id="60" class="1001" name="const_60">
<pin_list>
<pin id="61" dir="1" index="0" bw="1" slack="0"/>
</pin_list>
<bind>
<StgValue><ssdm name="_ssdm_op_BitSelect.i1.i10.i32"/></StgValue>
</bind>
</comp>

<comp id="62" class="1001" name="const_62">
<pin_list>
<pin id="63" dir="1" index="0" bw="1" slack="0"/>
</pin_list>
<bind>
<StgValue><ssdm name=""/></StgValue>
</bind>
</comp>

<comp id="64" class="1001" name="const_64">
<pin_list>
<pin id="65" dir="1" index="0" bw="1" slack="0"/>
</pin_list>
<bind>
<StgValue><ssdm name=""/></StgValue>
</bind>
</comp>

<comp id="66" class="1001" name="const_66">
<pin_list>
<pin id="67" dir="1" index="0" bw="1" slack="0"/>
</pin_list>
<bind>
<StgValue><ssdm name=""/></StgValue>
</bind>
</comp>

<comp id="68" class="1001" name="const_68">
<pin_list>
<pin id="69" dir="1" index="0" bw="1" slack="2147483647"/>
</pin_list>
<bind>
<StgValue><ssdm name="_ssdm_op_SpecPipeline"/></StgValue>
</bind>
</comp>

<comp id="70" class="1001" name="const_70">
<pin_list>
<pin id="71" dir="1" index="0" bw="1" slack="2147483647"/>
</pin_list>
<bind>
<StgValue><ssdm name=""/></StgValue>
</bind>
</comp>

<comp id="72" class="1001" name="const_72">
<pin_list>
<pin id="73" dir="1" index="0" bw="1" slack="2147483647"/>
</pin_list>
<bind>
<StgValue><ssdm name=""/></StgValue>
</bind>
</comp>

<comp id="74" class="1001" name="const_74">
<pin_list>
<pin id="75" dir="1" index="0" bw="1" slack="2147483647"/>
</pin_list>
<bind>
<StgValue><ssdm name="empty_14"/></StgValue>
</bind>
</comp>

<comp id="76" class="1001" name="const_76">
<pin_list>
<pin id="77" dir="1" index="0" bw="1" slack="2147483647"/>
</pin_list>
<bind>
<StgValue><ssdm name="_ssdm_op_SpecLoopTripCount"/></StgValue>
</bind>
</comp>

<comp id="78" class="1001" name="const_78">
<pin_list>
<pin id="79" dir="1" index="0" bw="1" slack="2147483647"/>
</pin_list>
<bind>
<StgValue><ssdm name=""/></StgValue>
</bind>
</comp>

<comp id="80" class="1001" name="const_80">
<pin_list>
<pin id="81" dir="1" index="0" bw="1" slack="2147483647"/>
</pin_list>
<bind>
<StgValue><ssdm name="_ssdm_op_SpecLoopName"/></StgValue>
</bind>
</comp>

<comp id="82" class="1001" name="const_82">
<pin_list>
<pin id="83" dir="1" index="0" bw="1" slack="2147483647"/>
</pin_list>
<bind>
<StgValue><ssdm name="empty_2"/></StgValue>
</bind>
</comp>

<comp id="84" class="1001" name="const_84">
<pin_list>
<pin id="85" dir="1" index="0" bw="1" slack="0"/>
</pin_list>
<bind>
<StgValue><ssdm name=""/></StgValue>
</bind>
</comp>

<comp id="86" class="1001" name="const_86">
<pin_list>
<pin id="87" dir="1" index="0" bw="1" slack="0"/>
</pin_list>
<bind>
<StgValue><ssdm name=""/></StgValue>
</bind>
</comp>

<comp id="88" class="1001" name="const_88">
<pin_list>
<pin id="89" dir="1" index="0" bw="1" slack="0"/>
</pin_list>
<bind>
<StgValue><ssdm name=""/></StgValue>
</bind>
</comp>

<comp id="90" class="1001" name="const_90">
<pin_list>
<pin id="91" dir="1" index="0" bw="1" slack="0"/>
</pin_list>
<bind>
<StgValue><ssdm name=""/></StgValue>
</bind>
</comp>

<comp id="92" class="1001" name="const_92">
<pin_list>
<pin id="93" dir="1" index="0" bw="1" slack="0"/>
</pin_list>
<bind>
<StgValue><ssdm name=""/></StgValue>
</bind>
</comp>

<comp id="94" class="1001" name="const_94">
<pin_list>
<pin id="95" dir="1" index="0" bw="1" slack="0"/>
</pin_list>
<bind>
<StgValue><ssdm name="_ssdm_op_SparseMux.ap_auto.3i11.i11.i2"/></StgValue>
</bind>
</comp>

<comp id="96" class="1001" name="const_96">
<pin_list>
<pin id="97" dir="1" index="0" bw="1" slack="0"/>
</pin_list>
<bind>
<StgValue><ssdm name=""/></StgValue>
</bind>
</comp>

<comp id="98" class="1001" name="const_98">
<pin_list>
<pin id="99" dir="1" index="0" bw="1" slack="0"/>
</pin_list>
<bind>
<StgValue><ssdm name=""/></StgValue>
</bind>
</comp>

<comp id="100" class="1001" name="const_100">
<pin_list>
<pin id="101" dir="1" index="0" bw="1" slack="0"/>
</pin_list>
<bind>
<StgValue><ssdm name="_ssdm_op_SparseMux.ap_auto.3i2.i2.i2"/></StgValue>
</bind>
</comp>

<comp id="102" class="1001" name="const_102">
<pin_list>
<pin id="103" dir="1" index="0" bw="1" slack="0"/>
</pin_list>
<bind>
<StgValue><ssdm name=""/></StgValue>
</bind>
</comp>

<comp id="104" class="1004" name="centre_direction_fu_104">
<pin_list>
<pin id="105" dir="0" index="0" bw="1" slack="0"/>
<pin id="106" dir="1" index="1" bw="2" slack="0"/>
</pin_list>
<bind>
<opcode="alloca(26) " fcode="alloca"/>
<opset="centre_direction/1 "/>
</bind>
</comp>

<comp id="108" class="1004" name="p_043_i_fu_108">
<pin_list>
<pin id="109" dir="0" index="0" bw="1" slack="0"/>
<pin id="110" dir="1" index="1" bw="11" slack="0"/>
</pin_list>
<bind>
<opcode="alloca(26) " fcode="alloca"/>
<opset="p_043_i/1 "/>
</bind>
</comp>

<comp id="112" class="1004" name="p_029_244_i_fu_112">
<pin_list>
<pin id="113" dir="0" index="0" bw="1" slack="0"/>
<pin id="114" dir="1" index="1" bw="11" slack="0"/>
</pin_list>
<bind>
<opcode="alloca(26) " fcode="alloca"/>
<opset="p_029_244_i/1 "/>
</bind>
</comp>

<comp id="116" class="1004" name="p_0434547_i_fu_116">
<pin_list>
<pin id="117" dir="0" index="0" bw="1" slack="0"/>
<pin id="118" dir="1" index="1" bw="11" slack="0"/>
</pin_list>
<bind>
<opcode="alloca(26) " fcode="alloca"/>
<opset="p_0434547_i/1 "/>
</bind>
</comp>

<comp id="120" class="1004" name="p_027_14149_i_fu_120">
<pin_list>
<pin id="121" dir="0" index="0" bw="1" slack="0"/>
<pin id="122" dir="1" index="1" bw="11" slack="0"/>
</pin_list>
<bind>
<opcode="alloca(26) " fcode="alloca"/>
<opset="p_027_14149_i/1 "/>
</bind>
</comp>

<comp id="124" class="1004" name="column_2_fu_124">
<pin_list>
<pin id="125" dir="0" index="0" bw="1" slack="0"/>
<pin id="126" dir="1" index="1" bw="10" slack="0"/>
</pin_list>
<bind>
<opcode="alloca(26) " fcode="alloca"/>
<opset="column_2/1 "/>
</bind>
</comp>

<comp id="128" class="1004" name="centre_magnitude_fu_128">
<pin_list>
<pin id="129" dir="0" index="0" bw="1" slack="0"/>
<pin id="130" dir="1" index="1" bw="11" slack="0"/>
</pin_list>
<bind>
<opcode="alloca(26) " fcode="alloca"/>
<opset="centre_magnitude/1 "/>
</bind>
</comp>

<comp id="132" class="1004" name="p_04345_i_fu_132">
<pin_list>
<pin id="133" dir="0" index="0" bw="1" slack="0"/>
<pin id="134" dir="1" index="1" bw="11" slack="0"/>
</pin_list>
<bind>
<opcode="alloca(26) " fcode="alloca"/>
<opset="p_04345_i/1 "/>
</bind>
</comp>

<comp id="136" class="1004" name="p_027_246_i_fu_136">
<pin_list>
<pin id="137" dir="0" index="0" bw="1" slack="0"/>
<pin id="138" dir="1" index="1" bw="11" slack="0"/>
</pin_list>
<bind>
<opcode="alloca(26) " fcode="alloca"/>
<opset="p_027_246_i/1 "/>
</bind>
</comp>

<comp id="140" class="1004" name="p_0_248_i_fu_140">
<pin_list>
<pin id="141" dir="0" index="0" bw="1" slack="0"/>
<pin id="142" dir="1" index="1" bw="11" slack="0"/>
</pin_list>
<bind>
<opcode="alloca(26) " fcode="alloca"/>
<opset="p_0_248_i/1 "/>
</bind>
</comp>

<comp id="144" class="1004" name="p_0_150_i_fu_144">
<pin_list>
<pin id="145" dir="0" index="0" bw="1" slack="0"/>
<pin id="146" dir="1" index="1" bw="11" slack="0"/>
</pin_list>
<bind>
<opcode="alloca(26) " fcode="alloca"/>
<opset="p_0_150_i/1 "/>
</bind>
</comp>

<comp id="148" class="1004" name="p_1_153_i_fu_148">
<pin_list>
<pin id="149" dir="0" index="0" bw="1" slack="0"/>
<pin id="150" dir="1" index="1" bw="2" slack="0"/>
</pin_list>
<bind>
<opcode="alloca(26) " fcode="alloca"/>
<opset="p_1_153_i/1 "/>
</bind>
</comp>

<comp id="152" class="1004" name="select_ln14_1_read_read_fu_152">
<pin_list>
<pin id="153" dir="0" index="0" bw="2" slack="0"/>
<pin id="154" dir="0" index="1" bw="2" slack="0"/>
<pin id="155" dir="1" index="2" bw="2" slack="1"/>
</pin_list>
<bind>
<opcode="read(1150) " fcode="read"/>
<opset="select_ln14_1_read/1 "/>
</bind>
</comp>

<comp id="158" class="1004" name="p_smodpost_read_read_fu_158">
<pin_list>
<pin id="159" dir="0" index="0" bw="2" slack="0"/>
<pin id="160" dir="0" index="1" bw="2" slack="0"/>
<pin id="161" dir="1" index="2" bw="2" slack="1"/>
</pin_list>
<bind>
<opcode="read(1150) " fcode="read"/>
<opset="p_smodpost_read/1 "/>
</bind>
</comp>

<comp id="164" class="1004" name="select_ln14_read_read_fu_164">
<pin_list>
<pin id="165" dir="0" index="0" bw="2" slack="0"/>
<pin id="166" dir="0" index="1" bw="2" slack="0"/>
<pin id="167" dir="1" index="2" bw="2" slack="1"/>
</pin_list>
<bind>
<opcode="read(1150) " fcode="read"/>
<opset="select_ln14_read/1 "/>
</bind>
</comp>

<comp id="170" class="1004" name="outputRow_read_read_fu_170">
<pin_list>
<pin id="171" dir="0" index="0" bw="31" slack="0"/>
<pin id="172" dir="0" index="1" bw="31" slack="0"/>
<pin id="173" dir="1" index="2" bw="31" slack="0"/>
</pin_list>
<bind>
<opcode="read(1150) " fcode="read"/>
<opset="outputRow_read/1 "/>
</bind>
</comp>

<comp id="176" class="1004" name="tmp_1_read_read_fu_176">
<pin_list>
<pin id="177" dir="0" index="0" bw="2" slack="0"/>
<pin id="178" dir="0" index="1" bw="2" slack="0"/>
<pin id="179" dir="1" index="2" bw="2" slack="0"/>
</pin_list>
<bind>
<opcode="read(1150) " fcode="read"/>
<opset="tmp_1_read/1 "/>
</bind>
</comp>

<comp id="182" class="1004" name="tmp_3_read_read_fu_182">
<pin_list>
<pin id="183" dir="0" index="0" bw="11" slack="0"/>
<pin id="184" dir="0" index="1" bw="11" slack="0"/>
<pin id="185" dir="1" index="2" bw="11" slack="0"/>
</pin_list>
<bind>
<opcode="read(1150) " fcode="read"/>
<opset="tmp_3_read/1 "/>
</bind>
</comp>

<comp id="188" class="1004" name="tmp_2_read_read_fu_188">
<pin_list>
<pin id="189" dir="0" index="0" bw="11" slack="0"/>
<pin id="190" dir="0" index="1" bw="11" slack="0"/>
<pin id="191" dir="1" index="2" bw="11" slack="0"/>
</pin_list>
<bind>
<opcode="read(1150) " fcode="read"/>
<opset="tmp_2_read/1 "/>
</bind>
</comp>

<comp id="194" class="1004" name="tmp_read_read_fu_194">
<pin_list>
<pin id="195" dir="0" index="0" bw="11" slack="0"/>
<pin id="196" dir="0" index="1" bw="11" slack="0"/>
<pin id="197" dir="1" index="2" bw="11" slack="0"/>
</pin_list>
<bind>
<opcode="read(1150) " fcode="read"/>
<opset="tmp_read/1 "/>
</bind>
</comp>

<comp id="200" class="1004" name="tmp_6_read_read_fu_200">
<pin_list>
<pin id="201" dir="0" index="0" bw="11" slack="0"/>
<pin id="202" dir="0" index="1" bw="11" slack="0"/>
<pin id="203" dir="1" index="2" bw="11" slack="0"/>
</pin_list>
<bind>
<opcode="read(1150) " fcode="read"/>
<opset="tmp_6_read/1 "/>
</bind>
</comp>

<comp id="206" class="1004" name="tmp_read_39_read_fu_206">
<pin_list>
<pin id="207" dir="0" index="0" bw="11" slack="0"/>
<pin id="208" dir="0" index="1" bw="11" slack="0"/>
<pin id="209" dir="1" index="2" bw="11" slack="0"/>
</pin_list>
<bind>
<opcode="read(1150) " fcode="read"/>
<opset="tmp_read_39/1 "/>
</bind>
</comp>

<comp id="212" class="1004" name="tmp_4_read_read_fu_212">
<pin_list>
<pin id="213" dir="0" index="0" bw="11" slack="0"/>
<pin id="214" dir="0" index="1" bw="11" slack="0"/>
<pin id="215" dir="1" index="2" bw="11" slack="0"/>
</pin_list>
<bind>
<opcode="read(1150) " fcode="read"/>
<opset="tmp_4_read/1 "/>
</bind>
</comp>

<comp id="218" class="1004" name="tmp_5_read_read_fu_218">
<pin_list>
<pin id="219" dir="0" index="0" bw="2" slack="0"/>
<pin id="220" dir="0" index="1" bw="2" slack="0"/>
<pin id="221" dir="1" index="2" bw="2" slack="0"/>
</pin_list>
<bind>
<opcode="read(1150) " fcode="read"/>
<opset="tmp_5_read/1 "/>
</bind>
</comp>

<comp id="224" class="1004" name="p_anonymous_namespace_lineBuffer_magnitude_0_addr_gep_fu_224">
<pin_list>
<pin id="225" dir="0" index="0" bw="11" slack="0"/>
<pin id="226" dir="0" index="1" bw="1" slack="0"/>
<pin id="227" dir="0" index="2" bw="9" slack="0"/>
<pin id="228" dir="1" index="3" bw="9" slack="0"/>
</pin_list>
<bind>
<opcode="getelementptr(29) " fcode="getelementptr"/>
<opset="p_anonymous_namespace_lineBuffer_magnitude_0_addr/1 "/>
</bind>
</comp>

<comp id="231" class="1004" name="p_anonymous_namespace_lineBuffer_direction_0_addr_gep_fu_231">
<pin_list>
<pin id="232" dir="0" index="0" bw="2" slack="0"/>
<pin id="233" dir="0" index="1" bw="1" slack="0"/>
<pin id="234" dir="0" index="2" bw="9" slack="0"/>
<pin id="235" dir="1" index="3" bw="9" slack="0"/>
</pin_list>
<bind>
<opcode="getelementptr(29) " fcode="getelementptr"/>
<opset="p_anonymous_namespace_lineBuffer_direction_0_addr/1 "/>
</bind>
</comp>

<comp id="238" class="1004" name="grp_access_fu_238">
<pin_list>
<pin id="239" dir="0" index="0" bw="9" slack="0"/>
<pin id="240" dir="0" index="1" bw="11" slack="2147483647"/>
<pin id="241" dir="0" index="2" bw="0" slack="2147483647"/>
<pin id="242" dir="1" index="3" bw="11" slack="0"/>
</pin_list>
<bind>
<opcode="load(27) " fcode="load"/>
<opset="banked_magnitude/1 "/>
</bind>
</comp>

<comp id="244" class="1004" name="grp_access_fu_244">
<pin_list>
<pin id="245" dir="0" index="0" bw="9" slack="0"/>
<pin id="246" dir="0" index="1" bw="2" slack="2147483647"/>
<pin id="247" dir="0" index="2" bw="0" slack="2147483647"/>
<pin id="248" dir="1" index="3" bw="2" slack="0"/>
</pin_list>
<bind>
<opcode="load(27) " fcode="load"/>
<opset="banked_direction/1 "/>
</bind>
</comp>

<comp id="250" class="1004" name="p_anonymous_namespace_lineBuffer_magnitude_1_addr_gep_fu_250">
<pin_list>
<pin id="251" dir="0" index="0" bw="11" slack="0"/>
<pin id="252" dir="0" index="1" bw="1" slack="0"/>
<pin id="253" dir="0" index="2" bw="9" slack="0"/>
<pin id="254" dir="1" index="3" bw="9" slack="0"/>
</pin_list>
<bind>
<opcode="getelementptr(29) " fcode="getelementptr"/>
<opset="p_anonymous_namespace_lineBuffer_magnitude_1_addr/1 "/>
</bind>
</comp>

<comp id="257" class="1004" name="p_anonymous_namespace_lineBuffer_direction_1_addr_gep_fu_257">
<pin_list>
<pin id="258" dir="0" index="0" bw="2" slack="0"/>
<pin id="259" dir="0" index="1" bw="1" slack="0"/>
<pin id="260" dir="0" index="2" bw="9" slack="0"/>
<pin id="261" dir="1" index="3" bw="9" slack="0"/>
</pin_list>
<bind>
<opcode="getelementptr(29) " fcode="getelementptr"/>
<opset="p_anonymous_namespace_lineBuffer_direction_1_addr/1 "/>
</bind>
</comp>

<comp id="264" class="1004" name="p_anonymous_namespace_lineBuffer_magnitude_2_addr_gep_fu_264">
<pin_list>
<pin id="265" dir="0" index="0" bw="11" slack="0"/>
<pin id="266" dir="0" index="1" bw="1" slack="0"/>
<pin id="267" dir="0" index="2" bw="9" slack="0"/>
<pin id="268" dir="1" index="3" bw="9" slack="0"/>
</pin_list>
<bind>
<opcode="getelementptr(29) " fcode="getelementptr"/>
<opset="p_anonymous_namespace_lineBuffer_magnitude_2_addr/1 "/>
</bind>
</comp>

<comp id="271" class="1004" name="p_anonymous_namespace_lineBuffer_direction_2_addr_gep_fu_271">
<pin_list>
<pin id="272" dir="0" index="0" bw="2" slack="0"/>
<pin id="273" dir="0" index="1" bw="1" slack="0"/>
<pin id="274" dir="0" index="2" bw="9" slack="0"/>
<pin id="275" dir="1" index="3" bw="9" slack="0"/>
</pin_list>
<bind>
<opcode="getelementptr(29) " fcode="getelementptr"/>
<opset="p_anonymous_namespace_lineBuffer_direction_2_addr/1 "/>
</bind>
</comp>

<comp id="278" class="1004" name="grp_access_fu_278">
<pin_list>
<pin id="279" dir="0" index="0" bw="9" slack="0"/>
<pin id="280" dir="0" index="1" bw="11" slack="2147483647"/>
<pin id="281" dir="0" index="2" bw="0" slack="2147483647"/>
<pin id="282" dir="1" index="3" bw="11" slack="0"/>
</pin_list>
<bind>
<opcode="load(27) " fcode="load"/>
<opset="banked_magnitude_1/1 "/>
</bind>
</comp>

<comp id="284" class="1004" name="grp_access_fu_284">
<pin_list>
<pin id="285" dir="0" index="0" bw="9" slack="0"/>
<pin id="286" dir="0" index="1" bw="11" slack="2147483647"/>
<pin id="287" dir="0" index="2" bw="0" slack="2147483647"/>
<pin id="288" dir="1" index="3" bw="11" slack="0"/>
</pin_list>
<bind>
<opcode="load(27) " fcode="load"/>
<opset="banked_magnitude_2/1 "/>
</bind>
</comp>

<comp id="290" class="1004" name="grp_access_fu_290">
<pin_list>
<pin id="291" dir="0" index="0" bw="9" slack="0"/>
<pin id="292" dir="0" index="1" bw="2" slack="2147483647"/>
<pin id="293" dir="0" index="2" bw="0" slack="2147483647"/>
<pin id="294" dir="1" index="3" bw="2" slack="0"/>
</pin_list>
<bind>
<opcode="load(27) " fcode="load"/>
<opset="banked_direction_1/1 "/>
</bind>
</comp>

<comp id="296" class="1004" name="grp_access_fu_296">
<pin_list>
<pin id="297" dir="0" index="0" bw="9" slack="0"/>
<pin id="298" dir="0" index="1" bw="2" slack="2147483647"/>
<pin id="299" dir="0" index="2" bw="0" slack="2147483647"/>
<pin id="300" dir="1" index="3" bw="2" slack="0"/>
</pin_list>
<bind>
<opcode="load(27) " fcode="load"/>
<opset="banked_direction_2/1 "/>
</bind>
</comp>

<comp id="302" class="1004" name="out_nonmax_addr_gep_fu_302">
<pin_list>
<pin id="303" dir="0" index="0" bw="11" slack="0"/>
<pin id="304" dir="0" index="1" bw="1" slack="0"/>
<pin id="305" dir="0" index="2" bw="10" slack="0"/>
<pin id="306" dir="1" index="3" bw="9" slack="0"/>
</pin_list>
<bind>
<opcode="getelementptr(29) " fcode="getelementptr"/>
<opset="out_nonmax_addr/2 "/>
</bind>
</comp>

<comp id="309" class="1004" name="store_ln158_access_fu_309">
<pin_list>
<pin id="310" dir="0" index="0" bw="9" slack="0"/>
<pin id="311" dir="0" index="1" bw="11" slack="0"/>
<pin id="312" dir="0" index="2" bw="0" slack="2147483647"/>
<pin id="313" dir="1" index="3" bw="11" slack="2147483647"/>
</pin_list>
<bind>
<opcode="store(28) " fcode="store"/>
<opset="store_ln158/2 "/>
</bind>
</comp>

<comp id="315" class="1005" name="neighbourOne_4_reg_315">
<pin_list>
<pin id="316" dir="0" index="0" bw="11" slack="2147483647"/>
<pin id="317" dir="1" index="1" bw="11" slack="2147483647"/>
</pin_list>
<bind>
<opset="neighbourOne_4 (phireg) "/>
</bind>
</comp>

<comp id="318" class="1004" name="neighbourOne_4_phi_fu_318">
<pin_list>
<pin id="319" dir="0" index="0" bw="11" slack="0"/>
<pin id="320" dir="0" index="1" bw="0" slack="2147483647"/>
<pin id="321" dir="0" index="2" bw="11" slack="0"/>
<pin id="322" dir="0" index="3" bw="0" slack="2147483647"/>
<pin id="323" dir="0" index="4" bw="11" slack="0"/>
<pin id="324" dir="0" index="5" bw="0" slack="2147483647"/>
<pin id="325" dir="0" index="6" bw="11" slack="0"/>
<pin id="326" dir="0" index="7" bw="0" slack="2147483647"/>
<pin id="327" dir="1" index="8" bw="11" slack="0"/>
</pin_list>
<bind>
<opcode="phi(47) " fcode="phi"/>
<opset="neighbourOne_4/2 "/>
</bind>
</comp>

<comp id="328" class="1005" name="neighbourTwo_4_reg_328">
<pin_list>
<pin id="329" dir="0" index="0" bw="11" slack="2147483647"/>
<pin id="330" dir="1" index="1" bw="11" slack="2147483647"/>
</pin_list>
<bind>
<opset="neighbourTwo_4 (phireg) "/>
</bind>
</comp>

<comp id="331" class="1004" name="neighbourTwo_4_phi_fu_331">
<pin_list>
<pin id="332" dir="0" index="0" bw="11" slack="0"/>
<pin id="333" dir="0" index="1" bw="0" slack="2147483647"/>
<pin id="334" dir="0" index="2" bw="11" slack="0"/>
<pin id="335" dir="0" index="3" bw="0" slack="2147483647"/>
<pin id="336" dir="0" index="4" bw="11" slack="0"/>
<pin id="337" dir="0" index="5" bw="0" slack="2147483647"/>
<pin id="338" dir="0" index="6" bw="11" slack="0"/>
<pin id="339" dir="0" index="7" bw="0" slack="2147483647"/>
<pin id="340" dir="1" index="8" bw="11" slack="0"/>
</pin_list>
<bind>
<opcode="phi(47) " fcode="phi"/>
<opset="neighbourTwo_4/2 "/>
</bind>
</comp>

<comp id="341" class="1004" name="hasBottom_fu_341">
<pin_list>
<pin id="342" dir="0" index="0" bw="31" slack="0"/>
<pin id="343" dir="0" index="1" bw="31" slack="0"/>
<pin id="344" dir="1" index="2" bw="1" slack="1"/>
</pin_list>
<bind>
<opcode="icmp(45) " fcode="icmp"/>
<opset="hasBottom/1 "/>
</bind>
</comp>

<comp id="347" class="1004" name="hasTop_fu_347">
<pin_list>
<pin id="348" dir="0" index="0" bw="31" slack="0"/>
<pin id="349" dir="0" index="1" bw="31" slack="0"/>
<pin id="350" dir="1" index="2" bw="1" slack="1"/>
</pin_list>
<bind>
<opcode="icmp(45) " fcode="icmp"/>
<opset="hasTop/1 "/>
</bind>
</comp>

<comp id="353" class="1004" name="store_ln75_store_fu_353">
<pin_list>
<pin id="354" dir="0" index="0" bw="2" slack="0"/>
<pin id="355" dir="0" index="1" bw="2" slack="0"/>
<pin id="356" dir="1" index="2" bw="0" slack="2147483647"/>
</pin_list>
<bind>
<opcode="store(28) " fcode="store"/>
<opset="store_ln75/1 "/>
</bind>
</comp>

<comp id="358" class="1004" name="store_ln75_store_fu_358">
<pin_list>
<pin id="359" dir="0" index="0" bw="11" slack="0"/>
<pin id="360" dir="0" index="1" bw="11" slack="0"/>
<pin id="361" dir="1" index="2" bw="0" slack="2147483647"/>
</pin_list>
<bind>
<opcode="store(28) " fcode="store"/>
<opset="store_ln75/1 "/>
</bind>
</comp>

<comp id="363" class="1004" name="store_ln75_store_fu_363">
<pin_list>
<pin id="364" dir="0" index="0" bw="11" slack="0"/>
<pin id="365" dir="0" index="1" bw="11" slack="0"/>
<pin id="366" dir="1" index="2" bw="0" slack="2147483647"/>
</pin_list>
<bind>
<opcode="store(28) " fcode="store"/>
<opset="store_ln75/1 "/>
</bind>
</comp>

<comp id="368" class="1004" name="store_ln75_store_fu_368">
<pin_list>
<pin id="369" dir="0" index="0" bw="11" slack="0"/>
<pin id="370" dir="0" index="1" bw="11" slack="0"/>
<pin id="371" dir="1" index="2" bw="0" slack="2147483647"/>
</pin_list>
<bind>
<opcode="store(28) " fcode="store"/>
<opset="store_ln75/1 "/>
</bind>
</comp>

<comp id="373" class="1004" name="store_ln75_store_fu_373">
<pin_list>
<pin id="374" dir="0" index="0" bw="11" slack="0"/>
<pin id="375" dir="0" index="1" bw="11" slack="0"/>
<pin id="376" dir="1" index="2" bw="0" slack="2147483647"/>
</pin_list>
<bind>
<opcode="store(28) " fcode="store"/>
<opset="store_ln75/1 "/>
</bind>
</comp>

<comp id="378" class="1004" name="store_ln115_store_fu_378">
<pin_list>
<pin id="379" dir="0" index="0" bw="11" slack="0"/>
<pin id="380" dir="0" index="1" bw="11" slack="0"/>
<pin id="381" dir="1" index="2" bw="0" slack="2147483647"/>
</pin_list>
<bind>
<opcode="store(28) " fcode="store"/>
<opset="store_ln115/1 "/>
</bind>
</comp>

<comp id="383" class="1004" name="store_ln112_store_fu_383">
<pin_list>
<pin id="384" dir="0" index="0" bw="1" slack="0"/>
<pin id="385" dir="0" index="1" bw="10" slack="0"/>
<pin id="386" dir="1" index="2" bw="0" slack="2147483647"/>
</pin_list>
<bind>
<opcode="store(28) " fcode="store"/>
<opset="store_ln112/1 "/>
</bind>
</comp>

<comp id="388" class="1004" name="store_ln75_store_fu_388">
<pin_list>
<pin id="389" dir="0" index="0" bw="11" slack="0"/>
<pin id="390" dir="0" index="1" bw="11" slack="0"/>
<pin id="391" dir="1" index="2" bw="0" slack="2147483647"/>
</pin_list>
<bind>
<opcode="store(28) " fcode="store"/>
<opset="store_ln75/1 "/>
</bind>
</comp>

<comp id="393" class="1004" name="store_ln75_store_fu_393">
<pin_list>
<pin id="394" dir="0" index="0" bw="11" slack="0"/>
<pin id="395" dir="0" index="1" bw="11" slack="0"/>
<pin id="396" dir="1" index="2" bw="0" slack="2147483647"/>
</pin_list>
<bind>
<opcode="store(28) " fcode="store"/>
<opset="store_ln75/1 "/>
</bind>
</comp>

<comp id="398" class="1004" name="store_ln75_store_fu_398">
<pin_list>
<pin id="399" dir="0" index="0" bw="11" slack="0"/>
<pin id="400" dir="0" index="1" bw="11" slack="0"/>
<pin id="401" dir="1" index="2" bw="0" slack="2147483647"/>
</pin_list>
<bind>
<opcode="store(28) " fcode="store"/>
<opset="store_ln75/1 "/>
</bind>
</comp>

<comp id="403" class="1004" name="store_ln75_store_fu_403">
<pin_list>
<pin id="404" dir="0" index="0" bw="11" slack="0"/>
<pin id="405" dir="0" index="1" bw="11" slack="0"/>
<pin id="406" dir="1" index="2" bw="0" slack="2147483647"/>
</pin_list>
<bind>
<opcode="store(28) " fcode="store"/>
<opset="store_ln75/1 "/>
</bind>
</comp>

<comp id="408" class="1004" name="store_ln115_store_fu_408">
<pin_list>
<pin id="409" dir="0" index="0" bw="2" slack="0"/>
<pin id="410" dir="0" index="1" bw="2" slack="0"/>
<pin id="411" dir="1" index="2" bw="0" slack="2147483647"/>
</pin_list>
<bind>
<opcode="store(28) " fcode="store"/>
<opset="store_ln115/1 "/>
</bind>
</comp>

<comp id="413" class="1004" name="column_load_fu_413">
<pin_list>
<pin id="414" dir="0" index="0" bw="10" slack="0"/>
<pin id="415" dir="1" index="1" bw="10" slack="0"/>
</pin_list>
<bind>
<opcode="load(27) " fcode="load"/>
<opset="column/1 "/>
</bind>
</comp>

<comp id="416" class="1004" name="icmp_ln112_fu_416">
<pin_list>
<pin id="417" dir="0" index="0" bw="10" slack="0"/>
<pin id="418" dir="0" index="1" bw="10" slack="0"/>
<pin id="419" dir="1" index="2" bw="1" slack="1"/>
</pin_list>
<bind>
<opcode="icmp(45) " fcode="icmp"/>
<opset="icmp_ln112/1 "/>
</bind>
</comp>

<comp id="422" class="1004" name="add_ln112_fu_422">
<pin_list>
<pin id="423" dir="0" index="0" bw="10" slack="0"/>
<pin id="424" dir="0" index="1" bw="1" slack="0"/>
<pin id="425" dir="1" index="2" bw="10" slack="0"/>
</pin_list>
<bind>
<opcode="add(8) " fcode="add"/>
<opset="add_ln112/1 "/>
</bind>
</comp>

<comp id="428" class="1004" name="hasLeft_fu_428">
<pin_list>
<pin id="429" dir="0" index="0" bw="10" slack="0"/>
<pin id="430" dir="0" index="1" bw="10" slack="0"/>
<pin id="431" dir="1" index="2" bw="1" slack="1"/>
</pin_list>
<bind>
<opcode="icmp(45) " fcode="icmp"/>
<opset="hasLeft/1 "/>
</bind>
</comp>

<comp id="434" class="1004" name="hasRight_fu_434">
<pin_list>
<pin id="435" dir="0" index="0" bw="10" slack="0"/>
<pin id="436" dir="0" index="1" bw="10" slack="0"/>
<pin id="437" dir="1" index="2" bw="1" slack="1"/>
</pin_list>
<bind>
<opcode="icmp(45) " fcode="icmp"/>
<opset="hasRight/1 "/>
</bind>
</comp>

<comp id="440" class="1004" name="trunc_ln167_fu_440">
<pin_list>
<pin id="441" dir="0" index="0" bw="10" slack="0"/>
<pin id="442" dir="1" index="1" bw="9" slack="0"/>
</pin_list>
<bind>
<opcode="trunc(33) " fcode="trunc"/>
<opset="trunc_ln167/1 "/>
</bind>
</comp>

<comp id="444" class="1004" name="zext_ln167_fu_444">
<pin_list>
<pin id="445" dir="0" index="0" bw="9" slack="0"/>
<pin id="446" dir="1" index="1" bw="10" slack="0"/>
</pin_list>
<bind>
<opcode="zext(34) " fcode="zext"/>
<opset="zext_ln167/1 "/>
</bind>
</comp>

<comp id="448" class="1004" name="add_ln167_fu_448">
<pin_list>
<pin id="449" dir="0" index="0" bw="9" slack="0"/>
<pin id="450" dir="0" index="1" bw="3" slack="0"/>
<pin id="451" dir="1" index="2" bw="10" slack="0"/>
</pin_list>
<bind>
<opcode="add(8) " fcode="add"/>
<opset="add_ln167/1 "/>
</bind>
</comp>

<comp id="454" class="1004" name="trunc_ln17_fu_454">
<pin_list>
<pin id="455" dir="0" index="0" bw="10" slack="0"/>
<pin id="456" dir="1" index="1" bw="9" slack="0"/>
</pin_list>
<bind>
<opcode="trunc(33) " fcode="trunc"/>
<opset="trunc_ln17/1 "/>
</bind>
</comp>

<comp id="458" class="1004" name="tmp_22_fu_458">
<pin_list>
<pin id="459" dir="0" index="0" bw="1" slack="0"/>
<pin id="460" dir="0" index="1" bw="10" slack="0"/>
<pin id="461" dir="0" index="2" bw="5" slack="0"/>
<pin id="462" dir="1" index="3" bw="1" slack="0"/>
</pin_list>
<bind>
<opcode="bitselect(1000) " fcode="bitselect"/>
<opset="tmp_22/1 "/>
</bind>
</comp>

<comp id="466" class="1004" name="nextColumn_fu_466">
<pin_list>
<pin id="467" dir="0" index="0" bw="1" slack="0"/>
<pin id="468" dir="0" index="1" bw="9" slack="0"/>
<pin id="469" dir="0" index="2" bw="9" slack="0"/>
<pin id="470" dir="1" index="3" bw="9" slack="0"/>
</pin_list>
<bind>
<opcode="select(49) " fcode="select"/>
<opset="nextColumn/1 "/>
</bind>
</comp>

<comp id="474" class="1004" name="zext_ln174_fu_474">
<pin_list>
<pin id="475" dir="0" index="0" bw="9" slack="0"/>
<pin id="476" dir="1" index="1" bw="64" slack="0"/>
</pin_list>
<bind>
<opcode="zext(34) " fcode="zext"/>
<opset="zext_ln174/1 "/>
</bind>
</comp>

<comp id="484" class="1004" name="store_ln112_store_fu_484">
<pin_list>
<pin id="485" dir="0" index="0" bw="10" slack="0"/>
<pin id="486" dir="0" index="1" bw="10" slack="0"/>
<pin id="487" dir="1" index="2" bw="0" slack="2147483647"/>
</pin_list>
<bind>
<opcode="store(28) " fcode="store"/>
<opset="store_ln112/1 "/>
</bind>
</comp>

<comp id="489" class="1004" name="centre_magnitude_1_load_fu_489">
<pin_list>
<pin id="490" dir="0" index="0" bw="11" slack="1"/>
<pin id="491" dir="1" index="1" bw="11" slack="0"/>
</pin_list>
<bind>
<opcode="load(27) " fcode="load"/>
<opset="centre_magnitude_1/2 "/>
</bind>
</comp>

<comp id="492" class="1004" name="p_04345_i_load_load_fu_492">
<pin_list>
<pin id="493" dir="0" index="0" bw="11" slack="1"/>
<pin id="494" dir="1" index="1" bw="11" slack="0"/>
</pin_list>
<bind>
<opcode="load(27) " fcode="load"/>
<opset="p_04345_i_load/2 "/>
</bind>
</comp>

<comp id="495" class="1004" name="p_027_246_i_load_load_fu_495">
<pin_list>
<pin id="496" dir="0" index="0" bw="11" slack="1"/>
<pin id="497" dir="1" index="1" bw="11" slack="0"/>
</pin_list>
<bind>
<opcode="load(27) " fcode="load"/>
<opset="p_027_246_i_load/2 "/>
</bind>
</comp>

<comp id="498" class="1004" name="p_0_248_i_load_load_fu_498">
<pin_list>
<pin id="499" dir="0" index="0" bw="11" slack="1"/>
<pin id="500" dir="1" index="1" bw="11" slack="0"/>
</pin_list>
<bind>
<opcode="load(27) " fcode="load"/>
<opset="p_0_248_i_load/2 "/>
</bind>
</comp>

<comp id="501" class="1004" name="p_0_150_i_load_load_fu_501">
<pin_list>
<pin id="502" dir="0" index="0" bw="11" slack="1"/>
<pin id="503" dir="1" index="1" bw="11" slack="0"/>
</pin_list>
<bind>
<opcode="load(27) " fcode="load"/>
<opset="p_0_150_i_load/2 "/>
</bind>
</comp>

<comp id="504" class="1004" name="p_1_153_i_load_load_fu_504">
<pin_list>
<pin id="505" dir="0" index="0" bw="2" slack="1"/>
<pin id="506" dir="1" index="1" bw="2" slack="0"/>
</pin_list>
<bind>
<opcode="load(27) " fcode="load"/>
<opset="p_1_153_i_load/2 "/>
</bind>
</comp>

<comp id="507" class="1004" name="centre_direction_load_load_fu_507">
<pin_list>
<pin id="508" dir="0" index="0" bw="2" slack="1"/>
<pin id="509" dir="1" index="1" bw="2" slack="0"/>
</pin_list>
<bind>
<opcode="load(27) " fcode="load"/>
<opset="centre_direction_load/2 "/>
</bind>
</comp>

<comp id="510" class="1004" name="zext_ln112_fu_510">
<pin_list>
<pin id="511" dir="0" index="0" bw="10" slack="1"/>
<pin id="512" dir="1" index="1" bw="64" slack="0"/>
</pin_list>
<bind>
<opcode="zext(34) " fcode="zext"/>
<opset="zext_ln112/2 "/>
</bind>
</comp>

<comp id="514" class="1004" name="switch_ln123_fu_514">
<pin_list>
<pin id="515" dir="0" index="0" bw="2" slack="0"/>
<pin id="516" dir="0" index="1" bw="1" slack="0"/>
<pin id="517" dir="0" index="2" bw="1" slack="0"/>
<pin id="518" dir="0" index="3" bw="2" slack="0"/>
<pin id="519" dir="1" index="4" bw="0" slack="2147483647"/>
</pin_list>
<bind>
<opcode="switch(3) " fcode="switch"/>
<opset="switch_ln123/2 "/>
</bind>
</comp>

<comp id="524" class="1004" name="neighbourOne_3_fu_524">
<pin_list>
<pin id="525" dir="0" index="0" bw="1" slack="1"/>
<pin id="526" dir="0" index="1" bw="11" slack="0"/>
<pin id="527" dir="0" index="2" bw="11" slack="0"/>
<pin id="528" dir="1" index="3" bw="11" slack="0"/>
</pin_list>
<bind>
<opcode="select(49) " fcode="select"/>
<opset="neighbourOne_3/2 "/>
</bind>
</comp>

<comp id="532" class="1004" name="neighbourTwo_3_fu_532">
<pin_list>
<pin id="533" dir="0" index="0" bw="1" slack="1"/>
<pin id="534" dir="0" index="1" bw="11" slack="0"/>
<pin id="535" dir="0" index="2" bw="11" slack="0"/>
<pin id="536" dir="1" index="3" bw="11" slack="0"/>
</pin_list>
<bind>
<opcode="select(49) " fcode="select"/>
<opset="neighbourTwo_3/2 "/>
</bind>
</comp>

<comp id="540" class="1004" name="p_0434547_i_load_load_fu_540">
<pin_list>
<pin id="541" dir="0" index="0" bw="11" slack="1"/>
<pin id="542" dir="1" index="1" bw="11" slack="0"/>
</pin_list>
<bind>
<opcode="load(27) " fcode="load"/>
<opset="p_0434547_i_load/2 "/>
</bind>
</comp>

<comp id="543" class="1004" name="and_ln133_fu_543">
<pin_list>
<pin id="544" dir="0" index="0" bw="1" slack="1"/>
<pin id="545" dir="0" index="1" bw="1" slack="1"/>
<pin id="546" dir="1" index="2" bw="1" slack="0"/>
</pin_list>
<bind>
<opcode="and(23) " fcode="and"/>
<opset="and_ln133/2 "/>
</bind>
</comp>

<comp id="547" class="1004" name="neighbourOne_2_fu_547">
<pin_list>
<pin id="548" dir="0" index="0" bw="1" slack="0"/>
<pin id="549" dir="0" index="1" bw="11" slack="0"/>
<pin id="550" dir="0" index="2" bw="11" slack="0"/>
<pin id="551" dir="1" index="3" bw="11" slack="0"/>
</pin_list>
<bind>
<opcode="select(49) " fcode="select"/>
<opset="neighbourOne_2/2 "/>
</bind>
</comp>

<comp id="556" class="1004" name="and_ln136_fu_556">
<pin_list>
<pin id="557" dir="0" index="0" bw="1" slack="1"/>
<pin id="558" dir="0" index="1" bw="1" slack="1"/>
<pin id="559" dir="1" index="2" bw="1" slack="0"/>
</pin_list>
<bind>
<opcode="and(23) " fcode="and"/>
<opset="and_ln136/2 "/>
</bind>
</comp>

<comp id="560" class="1004" name="neighbourTwo_2_fu_560">
<pin_list>
<pin id="561" dir="0" index="0" bw="1" slack="0"/>
<pin id="562" dir="0" index="1" bw="11" slack="0"/>
<pin id="563" dir="0" index="2" bw="11" slack="0"/>
<pin id="564" dir="1" index="3" bw="11" slack="0"/>
</pin_list>
<bind>
<opcode="select(49) " fcode="select"/>
<opset="neighbourTwo_2/2 "/>
</bind>
</comp>

<comp id="569" class="1004" name="p_043_i_load_1_load_fu_569">
<pin_list>
<pin id="570" dir="0" index="0" bw="11" slack="1"/>
<pin id="571" dir="1" index="1" bw="11" slack="0"/>
</pin_list>
<bind>
<opcode="load(27) " fcode="load"/>
<opset="p_043_i_load_1/2 "/>
</bind>
</comp>

<comp id="572" class="1004" name="p_029_244_i_load_load_fu_572">
<pin_list>
<pin id="573" dir="0" index="0" bw="11" slack="1"/>
<pin id="574" dir="1" index="1" bw="11" slack="0"/>
</pin_list>
<bind>
<opcode="load(27) " fcode="load"/>
<opset="p_029_244_i_load/2 "/>
</bind>
</comp>

<comp id="575" class="1004" name="and_ln149_fu_575">
<pin_list>
<pin id="576" dir="0" index="0" bw="1" slack="1"/>
<pin id="577" dir="0" index="1" bw="1" slack="1"/>
<pin id="578" dir="1" index="2" bw="1" slack="0"/>
</pin_list>
<bind>
<opcode="and(23) " fcode="and"/>
<opset="and_ln149/2 "/>
</bind>
</comp>

<comp id="579" class="1004" name="neighbourOne_1_fu_579">
<pin_list>
<pin id="580" dir="0" index="0" bw="1" slack="0"/>
<pin id="581" dir="0" index="1" bw="11" slack="0"/>
<pin id="582" dir="0" index="2" bw="11" slack="0"/>
<pin id="583" dir="1" index="3" bw="11" slack="0"/>
</pin_list>
<bind>
<opcode="select(49) " fcode="select"/>
<opset="neighbourOne_1/2 "/>
</bind>
</comp>

<comp id="588" class="1004" name="and_ln152_fu_588">
<pin_list>
<pin id="589" dir="0" index="0" bw="1" slack="1"/>
<pin id="590" dir="0" index="1" bw="1" slack="1"/>
<pin id="591" dir="1" index="2" bw="1" slack="0"/>
</pin_list>
<bind>
<opcode="and(23) " fcode="and"/>
<opset="and_ln152/2 "/>
</bind>
</comp>

<comp id="592" class="1004" name="neighbourTwo_1_fu_592">
<pin_list>
<pin id="593" dir="0" index="0" bw="1" slack="0"/>
<pin id="594" dir="0" index="1" bw="11" slack="0"/>
<pin id="595" dir="0" index="2" bw="11" slack="0"/>
<pin id="596" dir="1" index="3" bw="11" slack="0"/>
</pin_list>
<bind>
<opcode="select(49) " fcode="select"/>
<opset="neighbourTwo_1/2 "/>
</bind>
</comp>

<comp id="601" class="1004" name="p_027_14149_i_load_load_fu_601">
<pin_list>
<pin id="602" dir="0" index="0" bw="11" slack="1"/>
<pin id="603" dir="1" index="1" bw="11" slack="0"/>
</pin_list>
<bind>
<opcode="load(27) " fcode="load"/>
<opset="p_027_14149_i_load/2 "/>
</bind>
</comp>

<comp id="604" class="1004" name="neighbourOne_fu_604">
<pin_list>
<pin id="605" dir="0" index="0" bw="1" slack="1"/>
<pin id="606" dir="0" index="1" bw="11" slack="0"/>
<pin id="607" dir="0" index="2" bw="11" slack="0"/>
<pin id="608" dir="1" index="3" bw="11" slack="0"/>
</pin_list>
<bind>
<opcode="select(49) " fcode="select"/>
<opset="neighbourOne/2 "/>
</bind>
</comp>

<comp id="612" class="1004" name="neighbourTwo_fu_612">
<pin_list>
<pin id="613" dir="0" index="0" bw="1" slack="1"/>
<pin id="614" dir="0" index="1" bw="11" slack="0"/>
<pin id="615" dir="0" index="2" bw="11" slack="0"/>
<pin id="616" dir="1" index="3" bw="11" slack="0"/>
</pin_list>
<bind>
<opcode="select(49) " fcode="select"/>
<opset="neighbourTwo/2 "/>
</bind>
</comp>

<comp id="620" class="1004" name="p_043_i_load_load_fu_620">
<pin_list>
<pin id="621" dir="0" index="0" bw="11" slack="1"/>
<pin id="622" dir="1" index="1" bw="11" slack="0"/>
</pin_list>
<bind>
<opcode="load(27) " fcode="load"/>
<opset="p_043_i_load/2 "/>
</bind>
</comp>

<comp id="623" class="1004" name="icmp_ln158_fu_623">
<pin_list>
<pin id="624" dir="0" index="0" bw="11" slack="0"/>
<pin id="625" dir="0" index="1" bw="11" slack="0"/>
<pin id="626" dir="1" index="2" bw="1" slack="0"/>
</pin_list>
<bind>
<opcode="icmp(45) " fcode="icmp"/>
<opset="icmp_ln158/2 "/>
</bind>
</comp>

<comp id="629" class="1004" name="xor_ln158_fu_629">
<pin_list>
<pin id="630" dir="0" index="0" bw="1" slack="0"/>
<pin id="631" dir="0" index="1" bw="1" slack="0"/>
<pin id="632" dir="1" index="2" bw="1" slack="0"/>
</pin_list>
<bind>
<opcode="xor(25) " fcode="xor"/>
<opset="xor_ln158/2 "/>
</bind>
</comp>

<comp id="635" class="1004" name="icmp_ln159_fu_635">
<pin_list>
<pin id="636" dir="0" index="0" bw="11" slack="0"/>
<pin id="637" dir="0" index="1" bw="11" slack="0"/>
<pin id="638" dir="1" index="2" bw="1" slack="0"/>
</pin_list>
<bind>
<opcode="icmp(45) " fcode="icmp"/>
<opset="icmp_ln159/2 "/>
</bind>
</comp>

<comp id="641" class="1004" name="xor_ln159_fu_641">
<pin_list>
<pin id="642" dir="0" index="0" bw="1" slack="0"/>
<pin id="643" dir="0" index="1" bw="1" slack="0"/>
<pin id="644" dir="1" index="2" bw="1" slack="0"/>
</pin_list>
<bind>
<opcode="xor(25) " fcode="xor"/>
<opset="xor_ln159/2 "/>
</bind>
</comp>

<comp id="647" class="1004" name="and_ln158_fu_647">
<pin_list>
<pin id="648" dir="0" index="0" bw="1" slack="0"/>
<pin id="649" dir="0" index="1" bw="1" slack="0"/>
<pin id="650" dir="1" index="2" bw="1" slack="0"/>
</pin_list>
<bind>
<opcode="and(23) " fcode="and"/>
<opset="and_ln158/2 "/>
</bind>
</comp>

<comp id="653" class="1004" name="select_ln158_fu_653">
<pin_list>
<pin id="654" dir="0" index="0" bw="1" slack="0"/>
<pin id="655" dir="0" index="1" bw="11" slack="0"/>
<pin id="656" dir="0" index="2" bw="11" slack="0"/>
<pin id="657" dir="1" index="3" bw="11" slack="0"/>
</pin_list>
<bind>
<opcode="select(49) " fcode="select"/>
<opset="select_ln158/2 "/>
</bind>
</comp>

<comp id="662" class="1004" name="tmp_7_fu_662">
<pin_list>
<pin id="663" dir="0" index="0" bw="11" slack="0"/>
<pin id="664" dir="0" index="1" bw="2" slack="0"/>
<pin id="665" dir="0" index="2" bw="11" slack="0"/>
<pin id="666" dir="0" index="3" bw="2" slack="0"/>
<pin id="667" dir="0" index="4" bw="11" slack="0"/>
<pin id="668" dir="0" index="5" bw="2" slack="0"/>
<pin id="669" dir="0" index="6" bw="11" slack="0"/>
<pin id="670" dir="0" index="7" bw="11" slack="0"/>
<pin id="671" dir="0" index="8" bw="2" slack="1"/>
<pin id="672" dir="1" index="9" bw="11" slack="0"/>
</pin_list>
<bind>
<opcode="sparsemux(1197) " fcode="sparsemux"/>
<opset="tmp_7/2 "/>
</bind>
</comp>

<comp id="681" class="1004" name="tmp_8_fu_681">
<pin_list>
<pin id="682" dir="0" index="0" bw="11" slack="0"/>
<pin id="683" dir="0" index="1" bw="2" slack="0"/>
<pin id="684" dir="0" index="2" bw="11" slack="0"/>
<pin id="685" dir="0" index="3" bw="2" slack="0"/>
<pin id="686" dir="0" index="4" bw="11" slack="0"/>
<pin id="687" dir="0" index="5" bw="2" slack="0"/>
<pin id="688" dir="0" index="6" bw="11" slack="0"/>
<pin id="689" dir="0" index="7" bw="11" slack="0"/>
<pin id="690" dir="0" index="8" bw="2" slack="1"/>
<pin id="691" dir="1" index="9" bw="11" slack="0"/>
</pin_list>
<bind>
<opcode="sparsemux(1197) " fcode="sparsemux"/>
<opset="tmp_8/2 "/>
</bind>
</comp>

<comp id="700" class="1004" name="tmp_9_fu_700">
<pin_list>
<pin id="701" dir="0" index="0" bw="11" slack="0"/>
<pin id="702" dir="0" index="1" bw="2" slack="0"/>
<pin id="703" dir="0" index="2" bw="11" slack="0"/>
<pin id="704" dir="0" index="3" bw="2" slack="0"/>
<pin id="705" dir="0" index="4" bw="11" slack="0"/>
<pin id="706" dir="0" index="5" bw="2" slack="0"/>
<pin id="707" dir="0" index="6" bw="11" slack="0"/>
<pin id="708" dir="0" index="7" bw="11" slack="0"/>
<pin id="709" dir="0" index="8" bw="2" slack="1"/>
<pin id="710" dir="1" index="9" bw="11" slack="0"/>
</pin_list>
<bind>
<opcode="sparsemux(1197) " fcode="sparsemux"/>
<opset="tmp_9/2 "/>
</bind>
</comp>

<comp id="719" class="1004" name="tmp_10_fu_719">
<pin_list>
<pin id="720" dir="0" index="0" bw="2" slack="0"/>
<pin id="721" dir="0" index="1" bw="2" slack="0"/>
<pin id="722" dir="0" index="2" bw="2" slack="0"/>
<pin id="723" dir="0" index="3" bw="2" slack="0"/>
<pin id="724" dir="0" index="4" bw="2" slack="0"/>
<pin id="725" dir="0" index="5" bw="2" slack="0"/>
<pin id="726" dir="0" index="6" bw="2" slack="0"/>
<pin id="727" dir="0" index="7" bw="2" slack="0"/>
<pin id="728" dir="0" index="8" bw="2" slack="1"/>
<pin id="729" dir="1" index="9" bw="2" slack="0"/>
</pin_list>
<bind>
<opcode="sparsemux(1197) " fcode="sparsemux"/>
<opset="tmp_10/2 "/>
</bind>
</comp>

<comp id="738" class="1004" name="store_ln181_store_fu_738">
<pin_list>
<pin id="739" dir="0" index="0" bw="2" slack="0"/>
<pin id="740" dir="0" index="1" bw="2" slack="1"/>
<pin id="741" dir="1" index="2" bw="0" slack="2147483647"/>
</pin_list>
<bind>
<opcode="store(28) " fcode="store"/>
<opset="store_ln181/2 "/>
</bind>
</comp>

<comp id="743" class="1004" name="store_ln181_store_fu_743">
<pin_list>
<pin id="744" dir="0" index="0" bw="11" slack="0"/>
<pin id="745" dir="0" index="1" bw="11" slack="1"/>
<pin id="746" dir="1" index="2" bw="0" slack="2147483647"/>
</pin_list>
<bind>
<opcode="store(28) " fcode="store"/>
<opset="store_ln181/2 "/>
</bind>
</comp>

<comp id="748" class="1004" name="store_ln181_store_fu_748">
<pin_list>
<pin id="749" dir="0" index="0" bw="11" slack="0"/>
<pin id="750" dir="0" index="1" bw="11" slack="1"/>
<pin id="751" dir="1" index="2" bw="0" slack="2147483647"/>
</pin_list>
<bind>
<opcode="store(28) " fcode="store"/>
<opset="store_ln181/2 "/>
</bind>
</comp>

<comp id="753" class="1004" name="store_ln0_store_fu_753">
<pin_list>
<pin id="754" dir="0" index="0" bw="11" slack="0"/>
<pin id="755" dir="0" index="1" bw="11" slack="1"/>
<pin id="756" dir="1" index="2" bw="0" slack="2147483647"/>
</pin_list>
<bind>
<opcode="store(28) " fcode="store"/>
<opset="store_ln0/2 "/>
</bind>
</comp>

<comp id="758" class="1004" name="store_ln0_store_fu_758">
<pin_list>
<pin id="759" dir="0" index="0" bw="11" slack="0"/>
<pin id="760" dir="0" index="1" bw="11" slack="1"/>
<pin id="761" dir="1" index="2" bw="0" slack="2147483647"/>
</pin_list>
<bind>
<opcode="store(28) " fcode="store"/>
<opset="store_ln0/2 "/>
</bind>
</comp>

<comp id="763" class="1004" name="store_ln115_store_fu_763">
<pin_list>
<pin id="764" dir="0" index="0" bw="11" slack="0"/>
<pin id="765" dir="0" index="1" bw="11" slack="1"/>
<pin id="766" dir="1" index="2" bw="0" slack="2147483647"/>
</pin_list>
<bind>
<opcode="store(28) " fcode="store"/>
<opset="store_ln115/2 "/>
</bind>
</comp>

<comp id="768" class="1004" name="store_ln159_store_fu_768">
<pin_list>
<pin id="769" dir="0" index="0" bw="11" slack="0"/>
<pin id="770" dir="0" index="1" bw="11" slack="1"/>
<pin id="771" dir="1" index="2" bw="0" slack="2147483647"/>
</pin_list>
<bind>
<opcode="store(28) " fcode="store"/>
<opset="store_ln159/2 "/>
</bind>
</comp>

<comp id="773" class="1004" name="store_ln0_store_fu_773">
<pin_list>
<pin id="774" dir="0" index="0" bw="11" slack="0"/>
<pin id="775" dir="0" index="1" bw="11" slack="1"/>
<pin id="776" dir="1" index="2" bw="0" slack="2147483647"/>
</pin_list>
<bind>
<opcode="store(28) " fcode="store"/>
<opset="store_ln0/2 "/>
</bind>
</comp>

<comp id="778" class="1004" name="store_ln0_store_fu_778">
<pin_list>
<pin id="779" dir="0" index="0" bw="11" slack="0"/>
<pin id="780" dir="0" index="1" bw="11" slack="1"/>
<pin id="781" dir="1" index="2" bw="0" slack="2147483647"/>
</pin_list>
<bind>
<opcode="store(28) " fcode="store"/>
<opset="store_ln0/2 "/>
</bind>
</comp>

<comp id="783" class="1004" name="store_ln181_store_fu_783">
<pin_list>
<pin id="784" dir="0" index="0" bw="11" slack="0"/>
<pin id="785" dir="0" index="1" bw="11" slack="1"/>
<pin id="786" dir="1" index="2" bw="0" slack="2147483647"/>
</pin_list>
<bind>
<opcode="store(28) " fcode="store"/>
<opset="store_ln181/2 "/>
</bind>
</comp>

<comp id="788" class="1004" name="store_ln115_store_fu_788">
<pin_list>
<pin id="789" dir="0" index="0" bw="2" slack="0"/>
<pin id="790" dir="0" index="1" bw="2" slack="1"/>
<pin id="791" dir="1" index="2" bw="0" slack="2147483647"/>
</pin_list>
<bind>
<opcode="store(28) " fcode="store"/>
<opset="store_ln115/2 "/>
</bind>
</comp>

<comp id="793" class="1005" name="centre_direction_reg_793">
<pin_list>
<pin id="794" dir="0" index="0" bw="2" slack="0"/>
<pin id="795" dir="1" index="1" bw="2" slack="0"/>
</pin_list>
<bind>
<opset="centre_direction "/>
</bind>
</comp>

<comp id="800" class="1005" name="p_043_i_reg_800">
<pin_list>
<pin id="801" dir="0" index="0" bw="11" slack="0"/>
<pin id="802" dir="1" index="1" bw="11" slack="0"/>
</pin_list>
<bind>
<opset="p_043_i "/>
</bind>
</comp>

<comp id="808" class="1005" name="p_029_244_i_reg_808">
<pin_list>
<pin id="809" dir="0" index="0" bw="11" slack="0"/>
<pin id="810" dir="1" index="1" bw="11" slack="0"/>
</pin_list>
<bind>
<opset="p_029_244_i "/>
</bind>
</comp>

<comp id="815" class="1005" name="p_0434547_i_reg_815">
<pin_list>
<pin id="816" dir="0" index="0" bw="11" slack="0"/>
<pin id="817" dir="1" index="1" bw="11" slack="0"/>
</pin_list>
<bind>
<opset="p_0434547_i "/>
</bind>
</comp>

<comp id="822" class="1005" name="p_027_14149_i_reg_822">
<pin_list>
<pin id="823" dir="0" index="0" bw="11" slack="0"/>
<pin id="824" dir="1" index="1" bw="11" slack="0"/>
</pin_list>
<bind>
<opset="p_027_14149_i "/>
</bind>
</comp>

<comp id="829" class="1005" name="column_2_reg_829">
<pin_list>
<pin id="830" dir="0" index="0" bw="10" slack="0"/>
<pin id="831" dir="1" index="1" bw="10" slack="0"/>
</pin_list>
<bind>
<opset="column_2 "/>
</bind>
</comp>

<comp id="836" class="1005" name="centre_magnitude_reg_836">
<pin_list>
<pin id="837" dir="0" index="0" bw="11" slack="0"/>
<pin id="838" dir="1" index="1" bw="11" slack="0"/>
</pin_list>
<bind>
<opset="centre_magnitude "/>
</bind>
</comp>

<comp id="843" class="1005" name="p_04345_i_reg_843">
<pin_list>
<pin id="844" dir="0" index="0" bw="11" slack="0"/>
<pin id="845" dir="1" index="1" bw="11" slack="0"/>
</pin_list>
<bind>
<opset="p_04345_i "/>
</bind>
</comp>

<comp id="850" class="1005" name="p_027_246_i_reg_850">
<pin_list>
<pin id="851" dir="0" index="0" bw="11" slack="0"/>
<pin id="852" dir="1" index="1" bw="11" slack="0"/>
</pin_list>
<bind>
<opset="p_027_246_i "/>
</bind>
</comp>

<comp id="857" class="1005" name="p_0_248_i_reg_857">
<pin_list>
<pin id="858" dir="0" index="0" bw="11" slack="0"/>
<pin id="859" dir="1" index="1" bw="11" slack="0"/>
</pin_list>
<bind>
<opset="p_0_248_i "/>
</bind>
</comp>

<comp id="864" class="1005" name="p_0_150_i_reg_864">
<pin_list>
<pin id="865" dir="0" index="0" bw="11" slack="0"/>
<pin id="866" dir="1" index="1" bw="11" slack="0"/>
</pin_list>
<bind>
<opset="p_0_150_i "/>
</bind>
</comp>

<comp id="871" class="1005" name="p_1_153_i_reg_871">
<pin_list>
<pin id="872" dir="0" index="0" bw="2" slack="0"/>
<pin id="873" dir="1" index="1" bw="2" slack="0"/>
</pin_list>
<bind>
<opset="p_1_153_i "/>
</bind>
</comp>

<comp id="878" class="1005" name="select_ln14_1_read_reg_878">
<pin_list>
<pin id="879" dir="0" index="0" bw="2" slack="1"/>
<pin id="880" dir="1" index="1" bw="2" slack="1"/>
</pin_list>
<bind>
<opset="select_ln14_1_read "/>
</bind>
</comp>

<comp id="883" class="1005" name="p_smodpost_read_reg_883">
<pin_list>
<pin id="884" dir="0" index="0" bw="2" slack="1"/>
<pin id="885" dir="1" index="1" bw="2" slack="1"/>
</pin_list>
<bind>
<opset="p_smodpost_read "/>
</bind>
</comp>

<comp id="889" class="1005" name="select_ln14_read_reg_889">
<pin_list>
<pin id="890" dir="0" index="0" bw="2" slack="1"/>
<pin id="891" dir="1" index="1" bw="2" slack="1"/>
</pin_list>
<bind>
<opset="select_ln14_read "/>
</bind>
</comp>

<comp id="894" class="1005" name="hasBottom_reg_894">
<pin_list>
<pin id="895" dir="0" index="0" bw="1" slack="1"/>
<pin id="896" dir="1" index="1" bw="1" slack="1"/>
</pin_list>
<bind>
<opset="hasBottom "/>
</bind>
</comp>

<comp id="901" class="1005" name="hasTop_reg_901">
<pin_list>
<pin id="902" dir="0" index="0" bw="1" slack="1"/>
<pin id="903" dir="1" index="1" bw="1" slack="1"/>
</pin_list>
<bind>
<opset="hasTop "/>
</bind>
</comp>

<comp id="908" class="1005" name="column_reg_908">
<pin_list>
<pin id="909" dir="0" index="0" bw="10" slack="1"/>
<pin id="910" dir="1" index="1" bw="10" slack="1"/>
</pin_list>
<bind>
<opset="column "/>
</bind>
</comp>

<comp id="913" class="1005" name="icmp_ln112_reg_913">
<pin_list>
<pin id="914" dir="0" index="0" bw="1" slack="1"/>
<pin id="915" dir="1" index="1" bw="1" slack="2147483647"/>
</pin_list>
<bind>
<opset="icmp_ln112 "/>
</bind>
</comp>

<comp id="917" class="1005" name="hasLeft_reg_917">
<pin_list>
<pin id="918" dir="0" index="0" bw="1" slack="1"/>
<pin id="919" dir="1" index="1" bw="1" slack="1"/>
</pin_list>
<bind>
<opset="hasLeft "/>
</bind>
</comp>

<comp id="924" class="1005" name="hasRight_reg_924">
<pin_list>
<pin id="925" dir="0" index="0" bw="1" slack="1"/>
<pin id="926" dir="1" index="1" bw="1" slack="1"/>
</pin_list>
<bind>
<opset="hasRight "/>
</bind>
</comp>

<comp id="931" class="1005" name="p_anonymous_namespace_lineBuffer_magnitude_0_addr_reg_931">
<pin_list>
<pin id="932" dir="0" index="0" bw="9" slack="1"/>
<pin id="933" dir="1" index="1" bw="9" slack="1"/>
</pin_list>
<bind>
<opset="p_anonymous_namespace_lineBuffer_magnitude_0_addr "/>
</bind>
</comp>

<comp id="936" class="1005" name="p_anonymous_namespace_lineBuffer_direction_0_addr_reg_936">
<pin_list>
<pin id="937" dir="0" index="0" bw="9" slack="1"/>
<pin id="938" dir="1" index="1" bw="9" slack="1"/>
</pin_list>
<bind>
<opset="p_anonymous_namespace_lineBuffer_direction_0_addr "/>
</bind>
</comp>

<comp id="941" class="1005" name="p_anonymous_namespace_lineBuffer_magnitude_1_addr_reg_941">
<pin_list>
<pin id="942" dir="0" index="0" bw="9" slack="1"/>
<pin id="943" dir="1" index="1" bw="9" slack="1"/>
</pin_list>
<bind>
<opset="p_anonymous_namespace_lineBuffer_magnitude_1_addr "/>
</bind>
</comp>

<comp id="946" class="1005" name="p_anonymous_namespace_lineBuffer_direction_1_addr_reg_946">
<pin_list>
<pin id="947" dir="0" index="0" bw="9" slack="1"/>
<pin id="948" dir="1" index="1" bw="9" slack="1"/>
</pin_list>
<bind>
<opset="p_anonymous_namespace_lineBuffer_direction_1_addr "/>
</bind>
</comp>

<comp id="951" class="1005" name="p_anonymous_namespace_lineBuffer_magnitude_2_addr_reg_951">
<pin_list>
<pin id="952" dir="0" index="0" bw="9" slack="1"/>
<pin id="953" dir="1" index="1" bw="9" slack="1"/>
</pin_list>
<bind>
<opset="p_anonymous_namespace_lineBuffer_magnitude_2_addr "/>
</bind>
</comp>

<comp id="956" class="1005" name="p_anonymous_namespace_lineBuffer_direction_2_addr_reg_956">
<pin_list>
<pin id="957" dir="0" index="0" bw="9" slack="1"/>
<pin id="958" dir="1" index="1" bw="9" slack="1"/>
</pin_list>
<bind>
<opset="p_anonymous_namespace_lineBuffer_direction_2_addr "/>
</bind>
</comp>

</comp_list>

<net_list>
<net id="107"><net_src comp="38" pin="0"/><net_sink comp="104" pin=0"/></net>

<net id="111"><net_src comp="38" pin="0"/><net_sink comp="108" pin=0"/></net>

<net id="115"><net_src comp="38" pin="0"/><net_sink comp="112" pin=0"/></net>

<net id="119"><net_src comp="38" pin="0"/><net_sink comp="116" pin=0"/></net>

<net id="123"><net_src comp="38" pin="0"/><net_sink comp="120" pin=0"/></net>

<net id="127"><net_src comp="38" pin="0"/><net_sink comp="124" pin=0"/></net>

<net id="131"><net_src comp="38" pin="0"/><net_sink comp="128" pin=0"/></net>

<net id="135"><net_src comp="38" pin="0"/><net_sink comp="132" pin=0"/></net>

<net id="139"><net_src comp="38" pin="0"/><net_sink comp="136" pin=0"/></net>

<net id="143"><net_src comp="38" pin="0"/><net_sink comp="140" pin=0"/></net>

<net id="147"><net_src comp="38" pin="0"/><net_sink comp="144" pin=0"/></net>

<net id="151"><net_src comp="38" pin="0"/><net_sink comp="148" pin=0"/></net>

<net id="156"><net_src comp="40" pin="0"/><net_sink comp="152" pin=0"/></net>

<net id="157"><net_src comp="24" pin="0"/><net_sink comp="152" pin=1"/></net>

<net id="162"><net_src comp="40" pin="0"/><net_sink comp="158" pin=0"/></net>

<net id="163"><net_src comp="22" pin="0"/><net_sink comp="158" pin=1"/></net>

<net id="168"><net_src comp="40" pin="0"/><net_sink comp="164" pin=0"/></net>

<net id="169"><net_src comp="20" pin="0"/><net_sink comp="164" pin=1"/></net>

<net id="174"><net_src comp="42" pin="0"/><net_sink comp="170" pin=0"/></net>

<net id="175"><net_src comp="16" pin="0"/><net_sink comp="170" pin=1"/></net>

<net id="180"><net_src comp="40" pin="0"/><net_sink comp="176" pin=0"/></net>

<net id="181"><net_src comp="14" pin="0"/><net_sink comp="176" pin=1"/></net>

<net id="186"><net_src comp="44" pin="0"/><net_sink comp="182" pin=0"/></net>

<net id="187"><net_src comp="12" pin="0"/><net_sink comp="182" pin=1"/></net>

<net id="192"><net_src comp="44" pin="0"/><net_sink comp="188" pin=0"/></net>

<net id="193"><net_src comp="10" pin="0"/><net_sink comp="188" pin=1"/></net>

<net id="198"><net_src comp="44" pin="0"/><net_sink comp="194" pin=0"/></net>

<net id="199"><net_src comp="8" pin="0"/><net_sink comp="194" pin=1"/></net>

<net id="204"><net_src comp="44" pin="0"/><net_sink comp="200" pin=0"/></net>

<net id="205"><net_src comp="6" pin="0"/><net_sink comp="200" pin=1"/></net>

<net id="210"><net_src comp="44" pin="0"/><net_sink comp="206" pin=0"/></net>

<net id="211"><net_src comp="4" pin="0"/><net_sink comp="206" pin=1"/></net>

<net id="216"><net_src comp="44" pin="0"/><net_sink comp="212" pin=0"/></net>

<net id="217"><net_src comp="2" pin="0"/><net_sink comp="212" pin=1"/></net>

<net id="222"><net_src comp="40" pin="0"/><net_sink comp="218" pin=0"/></net>

<net id="223"><net_src comp="0" pin="0"/><net_sink comp="218" pin=1"/></net>

<net id="229"><net_src comp="26" pin="0"/><net_sink comp="224" pin=0"/></net>

<net id="230"><net_src comp="66" pin="0"/><net_sink comp="224" pin=1"/></net>

<net id="236"><net_src comp="28" pin="0"/><net_sink comp="231" pin=0"/></net>

<net id="237"><net_src comp="66" pin="0"/><net_sink comp="231" pin=1"/></net>

<net id="243"><net_src comp="224" pin="3"/><net_sink comp="238" pin=0"/></net>

<net id="249"><net_src comp="231" pin="3"/><net_sink comp="244" pin=0"/></net>

<net id="255"><net_src comp="30" pin="0"/><net_sink comp="250" pin=0"/></net>

<net id="256"><net_src comp="66" pin="0"/><net_sink comp="250" pin=1"/></net>

<net id="262"><net_src comp="34" pin="0"/><net_sink comp="257" pin=0"/></net>

<net id="263"><net_src comp="66" pin="0"/><net_sink comp="257" pin=1"/></net>

<net id="269"><net_src comp="32" pin="0"/><net_sink comp="264" pin=0"/></net>

<net id="270"><net_src comp="66" pin="0"/><net_sink comp="264" pin=1"/></net>

<net id="276"><net_src comp="36" pin="0"/><net_sink comp="271" pin=0"/></net>

<net id="277"><net_src comp="66" pin="0"/><net_sink comp="271" pin=1"/></net>

<net id="283"><net_src comp="250" pin="3"/><net_sink comp="278" pin=0"/></net>

<net id="289"><net_src comp="264" pin="3"/><net_sink comp="284" pin=0"/></net>

<net id="295"><net_src comp="257" pin="3"/><net_sink comp="290" pin=0"/></net>

<net id="301"><net_src comp="271" pin="3"/><net_sink comp="296" pin=0"/></net>

<net id="307"><net_src comp="18" pin="0"/><net_sink comp="302" pin=0"/></net>

<net id="308"><net_src comp="66" pin="0"/><net_sink comp="302" pin=1"/></net>

<net id="314"><net_src comp="302" pin="3"/><net_sink comp="309" pin=0"/></net>

<net id="345"><net_src comp="170" pin="2"/><net_sink comp="341" pin=0"/></net>

<net id="346"><net_src comp="46" pin="0"/><net_sink comp="341" pin=1"/></net>

<net id="351"><net_src comp="170" pin="2"/><net_sink comp="347" pin=0"/></net>

<net id="352"><net_src comp="48" pin="0"/><net_sink comp="347" pin=1"/></net>

<net id="357"><net_src comp="218" pin="2"/><net_sink comp="353" pin=0"/></net>

<net id="362"><net_src comp="212" pin="2"/><net_sink comp="358" pin=0"/></net>

<net id="367"><net_src comp="200" pin="2"/><net_sink comp="363" pin=0"/></net>

<net id="372"><net_src comp="188" pin="2"/><net_sink comp="368" pin=0"/></net>

<net id="377"><net_src comp="194" pin="2"/><net_sink comp="373" pin=0"/></net>

<net id="382"><net_src comp="206" pin="2"/><net_sink comp="378" pin=0"/></net>

<net id="387"><net_src comp="50" pin="0"/><net_sink comp="383" pin=0"/></net>

<net id="392"><net_src comp="206" pin="2"/><net_sink comp="388" pin=0"/></net>

<net id="397"><net_src comp="194" pin="2"/><net_sink comp="393" pin=0"/></net>

<net id="402"><net_src comp="188" pin="2"/><net_sink comp="398" pin=0"/></net>

<net id="407"><net_src comp="182" pin="2"/><net_sink comp="403" pin=0"/></net>

<net id="412"><net_src comp="176" pin="2"/><net_sink comp="408" pin=0"/></net>

<net id="420"><net_src comp="413" pin="1"/><net_sink comp="416" pin=0"/></net>

<net id="421"><net_src comp="52" pin="0"/><net_sink comp="416" pin=1"/></net>

<net id="426"><net_src comp="413" pin="1"/><net_sink comp="422" pin=0"/></net>

<net id="427"><net_src comp="54" pin="0"/><net_sink comp="422" pin=1"/></net>

<net id="432"><net_src comp="413" pin="1"/><net_sink comp="428" pin=0"/></net>

<net id="433"><net_src comp="50" pin="0"/><net_sink comp="428" pin=1"/></net>

<net id="438"><net_src comp="413" pin="1"/><net_sink comp="434" pin=0"/></net>

<net id="439"><net_src comp="56" pin="0"/><net_sink comp="434" pin=1"/></net>

<net id="443"><net_src comp="413" pin="1"/><net_sink comp="440" pin=0"/></net>

<net id="447"><net_src comp="440" pin="1"/><net_sink comp="444" pin=0"/></net>

<net id="452"><net_src comp="444" pin="1"/><net_sink comp="448" pin=0"/></net>

<net id="453"><net_src comp="58" pin="0"/><net_sink comp="448" pin=1"/></net>

<net id="457"><net_src comp="448" pin="2"/><net_sink comp="454" pin=0"/></net>

<net id="463"><net_src comp="60" pin="0"/><net_sink comp="458" pin=0"/></net>

<net id="464"><net_src comp="448" pin="2"/><net_sink comp="458" pin=1"/></net>

<net id="465"><net_src comp="62" pin="0"/><net_sink comp="458" pin=2"/></net>

<net id="471"><net_src comp="458" pin="3"/><net_sink comp="466" pin=0"/></net>

<net id="472"><net_src comp="64" pin="0"/><net_sink comp="466" pin=1"/></net>

<net id="473"><net_src comp="454" pin="1"/><net_sink comp="466" pin=2"/></net>

<net id="477"><net_src comp="466" pin="3"/><net_sink comp="474" pin=0"/></net>

<net id="478"><net_src comp="474" pin="1"/><net_sink comp="224" pin=2"/></net>

<net id="479"><net_src comp="474" pin="1"/><net_sink comp="231" pin=2"/></net>

<net id="480"><net_src comp="474" pin="1"/><net_sink comp="250" pin=2"/></net>

<net id="481"><net_src comp="474" pin="1"/><net_sink comp="257" pin=2"/></net>

<net id="482"><net_src comp="474" pin="1"/><net_sink comp="264" pin=2"/></net>

<net id="483"><net_src comp="474" pin="1"/><net_sink comp="271" pin=2"/></net>

<net id="488"><net_src comp="422" pin="2"/><net_sink comp="484" pin=0"/></net>

<net id="513"><net_src comp="510" pin="1"/><net_sink comp="302" pin=2"/></net>

<net id="520"><net_src comp="507" pin="1"/><net_sink comp="514" pin=0"/></net>

<net id="521"><net_src comp="84" pin="0"/><net_sink comp="514" pin=1"/></net>

<net id="522"><net_src comp="86" pin="0"/><net_sink comp="514" pin=2"/></net>

<net id="523"><net_src comp="88" pin="0"/><net_sink comp="514" pin=3"/></net>

<net id="529"><net_src comp="492" pin="1"/><net_sink comp="524" pin=1"/></net>

<net id="530"><net_src comp="90" pin="0"/><net_sink comp="524" pin=2"/></net>

<net id="531"><net_src comp="524" pin="3"/><net_sink comp="318" pin=2"/></net>

<net id="537"><net_src comp="495" pin="1"/><net_sink comp="532" pin=1"/></net>

<net id="538"><net_src comp="90" pin="0"/><net_sink comp="532" pin=2"/></net>

<net id="539"><net_src comp="532" pin="3"/><net_sink comp="331" pin=2"/></net>

<net id="552"><net_src comp="543" pin="2"/><net_sink comp="547" pin=0"/></net>

<net id="553"><net_src comp="540" pin="1"/><net_sink comp="547" pin=1"/></net>

<net id="554"><net_src comp="90" pin="0"/><net_sink comp="547" pin=2"/></net>

<net id="555"><net_src comp="547" pin="3"/><net_sink comp="318" pin=4"/></net>

<net id="565"><net_src comp="556" pin="2"/><net_sink comp="560" pin=0"/></net>

<net id="566"><net_src comp="498" pin="1"/><net_sink comp="560" pin=1"/></net>

<net id="567"><net_src comp="90" pin="0"/><net_sink comp="560" pin=2"/></net>

<net id="568"><net_src comp="560" pin="3"/><net_sink comp="331" pin=4"/></net>

<net id="584"><net_src comp="575" pin="2"/><net_sink comp="579" pin=0"/></net>

<net id="585"><net_src comp="569" pin="1"/><net_sink comp="579" pin=1"/></net>

<net id="586"><net_src comp="90" pin="0"/><net_sink comp="579" pin=2"/></net>

<net id="587"><net_src comp="579" pin="3"/><net_sink comp="318" pin=0"/></net>

<net id="597"><net_src comp="588" pin="2"/><net_sink comp="592" pin=0"/></net>

<net id="598"><net_src comp="572" pin="1"/><net_sink comp="592" pin=1"/></net>

<net id="599"><net_src comp="90" pin="0"/><net_sink comp="592" pin=2"/></net>

<net id="600"><net_src comp="592" pin="3"/><net_sink comp="331" pin=0"/></net>

<net id="609"><net_src comp="601" pin="1"/><net_sink comp="604" pin=1"/></net>

<net id="610"><net_src comp="90" pin="0"/><net_sink comp="604" pin=2"/></net>

<net id="611"><net_src comp="604" pin="3"/><net_sink comp="318" pin=6"/></net>

<net id="617"><net_src comp="501" pin="1"/><net_sink comp="612" pin=1"/></net>

<net id="618"><net_src comp="90" pin="0"/><net_sink comp="612" pin=2"/></net>

<net id="619"><net_src comp="612" pin="3"/><net_sink comp="331" pin=6"/></net>

<net id="627"><net_src comp="489" pin="1"/><net_sink comp="623" pin=0"/></net>

<net id="628"><net_src comp="318" pin="8"/><net_sink comp="623" pin=1"/></net>

<net id="633"><net_src comp="623" pin="2"/><net_sink comp="629" pin=0"/></net>

<net id="634"><net_src comp="92" pin="0"/><net_sink comp="629" pin=1"/></net>

<net id="639"><net_src comp="489" pin="1"/><net_sink comp="635" pin=0"/></net>

<net id="640"><net_src comp="331" pin="8"/><net_sink comp="635" pin=1"/></net>

<net id="645"><net_src comp="635" pin="2"/><net_sink comp="641" pin=0"/></net>

<net id="646"><net_src comp="92" pin="0"/><net_sink comp="641" pin=1"/></net>

<net id="651"><net_src comp="629" pin="2"/><net_sink comp="647" pin=0"/></net>

<net id="652"><net_src comp="641" pin="2"/><net_sink comp="647" pin=1"/></net>

<net id="658"><net_src comp="647" pin="2"/><net_sink comp="653" pin=0"/></net>

<net id="659"><net_src comp="489" pin="1"/><net_sink comp="653" pin=1"/></net>

<net id="660"><net_src comp="90" pin="0"/><net_sink comp="653" pin=2"/></net>

<net id="661"><net_src comp="653" pin="3"/><net_sink comp="309" pin=1"/></net>

<net id="673"><net_src comp="94" pin="0"/><net_sink comp="662" pin=0"/></net>

<net id="674"><net_src comp="96" pin="0"/><net_sink comp="662" pin=1"/></net>

<net id="675"><net_src comp="238" pin="3"/><net_sink comp="662" pin=2"/></net>

<net id="676"><net_src comp="86" pin="0"/><net_sink comp="662" pin=3"/></net>

<net id="677"><net_src comp="278" pin="3"/><net_sink comp="662" pin=4"/></net>

<net id="678"><net_src comp="88" pin="0"/><net_sink comp="662" pin=5"/></net>

<net id="679"><net_src comp="284" pin="3"/><net_sink comp="662" pin=6"/></net>

<net id="680"><net_src comp="98" pin="0"/><net_sink comp="662" pin=7"/></net>

<net id="692"><net_src comp="94" pin="0"/><net_sink comp="681" pin=0"/></net>

<net id="693"><net_src comp="86" pin="0"/><net_sink comp="681" pin=1"/></net>

<net id="694"><net_src comp="238" pin="3"/><net_sink comp="681" pin=2"/></net>

<net id="695"><net_src comp="88" pin="0"/><net_sink comp="681" pin=3"/></net>

<net id="696"><net_src comp="278" pin="3"/><net_sink comp="681" pin=4"/></net>

<net id="697"><net_src comp="96" pin="0"/><net_sink comp="681" pin=5"/></net>

<net id="698"><net_src comp="284" pin="3"/><net_sink comp="681" pin=6"/></net>

<net id="699"><net_src comp="98" pin="0"/><net_sink comp="681" pin=7"/></net>

<net id="711"><net_src comp="94" pin="0"/><net_sink comp="700" pin=0"/></net>

<net id="712"><net_src comp="96" pin="0"/><net_sink comp="700" pin=1"/></net>

<net id="713"><net_src comp="238" pin="3"/><net_sink comp="700" pin=2"/></net>

<net id="714"><net_src comp="86" pin="0"/><net_sink comp="700" pin=3"/></net>

<net id="715"><net_src comp="278" pin="3"/><net_sink comp="700" pin=4"/></net>

<net id="716"><net_src comp="88" pin="0"/><net_sink comp="700" pin=5"/></net>

<net id="717"><net_src comp="284" pin="3"/><net_sink comp="700" pin=6"/></net>

<net id="718"><net_src comp="98" pin="0"/><net_sink comp="700" pin=7"/></net>

<net id="730"><net_src comp="100" pin="0"/><net_sink comp="719" pin=0"/></net>

<net id="731"><net_src comp="86" pin="0"/><net_sink comp="719" pin=1"/></net>

<net id="732"><net_src comp="244" pin="3"/><net_sink comp="719" pin=2"/></net>

<net id="733"><net_src comp="88" pin="0"/><net_sink comp="719" pin=3"/></net>

<net id="734"><net_src comp="290" pin="3"/><net_sink comp="719" pin=4"/></net>

<net id="735"><net_src comp="96" pin="0"/><net_sink comp="719" pin=5"/></net>

<net id="736"><net_src comp="296" pin="3"/><net_sink comp="719" pin=6"/></net>

<net id="737"><net_src comp="102" pin="0"/><net_sink comp="719" pin=7"/></net>

<net id="742"><net_src comp="719" pin="9"/><net_sink comp="738" pin=0"/></net>

<net id="747"><net_src comp="681" pin="9"/><net_sink comp="743" pin=0"/></net>

<net id="752"><net_src comp="700" pin="9"/><net_sink comp="748" pin=0"/></net>

<net id="757"><net_src comp="498" pin="1"/><net_sink comp="753" pin=0"/></net>

<net id="762"><net_src comp="620" pin="1"/><net_sink comp="758" pin=0"/></net>

<net id="767"><net_src comp="501" pin="1"/><net_sink comp="763" pin=0"/></net>

<net id="772"><net_src comp="489" pin="1"/><net_sink comp="768" pin=0"/></net>

<net id="777"><net_src comp="492" pin="1"/><net_sink comp="773" pin=0"/></net>

<net id="782"><net_src comp="495" pin="1"/><net_sink comp="778" pin=0"/></net>

<net id="787"><net_src comp="662" pin="9"/><net_sink comp="783" pin=0"/></net>

<net id="792"><net_src comp="504" pin="1"/><net_sink comp="788" pin=0"/></net>

<net id="796"><net_src comp="104" pin="1"/><net_sink comp="793" pin=0"/></net>

<net id="797"><net_src comp="793" pin="1"/><net_sink comp="408" pin=1"/></net>

<net id="798"><net_src comp="793" pin="1"/><net_sink comp="507" pin=0"/></net>

<net id="799"><net_src comp="793" pin="1"/><net_sink comp="788" pin=1"/></net>

<net id="803"><net_src comp="108" pin="1"/><net_sink comp="800" pin=0"/></net>

<net id="804"><net_src comp="800" pin="1"/><net_sink comp="403" pin=1"/></net>

<net id="805"><net_src comp="800" pin="1"/><net_sink comp="569" pin=0"/></net>

<net id="806"><net_src comp="800" pin="1"/><net_sink comp="620" pin=0"/></net>

<net id="807"><net_src comp="800" pin="1"/><net_sink comp="783" pin=1"/></net>

<net id="811"><net_src comp="112" pin="1"/><net_sink comp="808" pin=0"/></net>

<net id="812"><net_src comp="808" pin="1"/><net_sink comp="398" pin=1"/></net>

<net id="813"><net_src comp="808" pin="1"/><net_sink comp="572" pin=0"/></net>

<net id="814"><net_src comp="808" pin="1"/><net_sink comp="778" pin=1"/></net>

<net id="818"><net_src comp="116" pin="1"/><net_sink comp="815" pin=0"/></net>

<net id="819"><net_src comp="815" pin="1"/><net_sink comp="393" pin=1"/></net>

<net id="820"><net_src comp="815" pin="1"/><net_sink comp="540" pin=0"/></net>

<net id="821"><net_src comp="815" pin="1"/><net_sink comp="773" pin=1"/></net>

<net id="825"><net_src comp="120" pin="1"/><net_sink comp="822" pin=0"/></net>

<net id="826"><net_src comp="822" pin="1"/><net_sink comp="388" pin=1"/></net>

<net id="827"><net_src comp="822" pin="1"/><net_sink comp="601" pin=0"/></net>

<net id="828"><net_src comp="822" pin="1"/><net_sink comp="768" pin=1"/></net>

<net id="832"><net_src comp="124" pin="1"/><net_sink comp="829" pin=0"/></net>

<net id="833"><net_src comp="829" pin="1"/><net_sink comp="383" pin=1"/></net>

<net id="834"><net_src comp="829" pin="1"/><net_sink comp="413" pin=0"/></net>

<net id="835"><net_src comp="829" pin="1"/><net_sink comp="484" pin=1"/></net>

<net id="839"><net_src comp="128" pin="1"/><net_sink comp="836" pin=0"/></net>

<net id="840"><net_src comp="836" pin="1"/><net_sink comp="378" pin=1"/></net>

<net id="841"><net_src comp="836" pin="1"/><net_sink comp="489" pin=0"/></net>

<net id="842"><net_src comp="836" pin="1"/><net_sink comp="763" pin=1"/></net>

<net id="846"><net_src comp="132" pin="1"/><net_sink comp="843" pin=0"/></net>

<net id="847"><net_src comp="843" pin="1"/><net_sink comp="373" pin=1"/></net>

<net id="848"><net_src comp="843" pin="1"/><net_sink comp="492" pin=0"/></net>

<net id="849"><net_src comp="843" pin="1"/><net_sink comp="758" pin=1"/></net>

<net id="853"><net_src comp="136" pin="1"/><net_sink comp="850" pin=0"/></net>

<net id="854"><net_src comp="850" pin="1"/><net_sink comp="368" pin=1"/></net>

<net id="855"><net_src comp="850" pin="1"/><net_sink comp="495" pin=0"/></net>

<net id="856"><net_src comp="850" pin="1"/><net_sink comp="753" pin=1"/></net>

<net id="860"><net_src comp="140" pin="1"/><net_sink comp="857" pin=0"/></net>

<net id="861"><net_src comp="857" pin="1"/><net_sink comp="363" pin=1"/></net>

<net id="862"><net_src comp="857" pin="1"/><net_sink comp="498" pin=0"/></net>

<net id="863"><net_src comp="857" pin="1"/><net_sink comp="748" pin=1"/></net>

<net id="867"><net_src comp="144" pin="1"/><net_sink comp="864" pin=0"/></net>

<net id="868"><net_src comp="864" pin="1"/><net_sink comp="358" pin=1"/></net>

<net id="869"><net_src comp="864" pin="1"/><net_sink comp="501" pin=0"/></net>

<net id="870"><net_src comp="864" pin="1"/><net_sink comp="743" pin=1"/></net>

<net id="874"><net_src comp="148" pin="1"/><net_sink comp="871" pin=0"/></net>

<net id="875"><net_src comp="871" pin="1"/><net_sink comp="353" pin=1"/></net>

<net id="876"><net_src comp="871" pin="1"/><net_sink comp="504" pin=0"/></net>

<net id="877"><net_src comp="871" pin="1"/><net_sink comp="738" pin=1"/></net>

<net id="881"><net_src comp="152" pin="2"/><net_sink comp="878" pin=0"/></net>

<net id="882"><net_src comp="878" pin="1"/><net_sink comp="700" pin=8"/></net>

<net id="886"><net_src comp="158" pin="2"/><net_sink comp="883" pin=0"/></net>

<net id="887"><net_src comp="883" pin="1"/><net_sink comp="681" pin=8"/></net>

<net id="888"><net_src comp="883" pin="1"/><net_sink comp="719" pin=8"/></net>

<net id="892"><net_src comp="164" pin="2"/><net_sink comp="889" pin=0"/></net>

<net id="893"><net_src comp="889" pin="1"/><net_sink comp="662" pin=8"/></net>

<net id="897"><net_src comp="341" pin="2"/><net_sink comp="894" pin=0"/></net>

<net id="898"><net_src comp="894" pin="1"/><net_sink comp="532" pin=0"/></net>

<net id="899"><net_src comp="894" pin="1"/><net_sink comp="556" pin=0"/></net>

<net id="900"><net_src comp="894" pin="1"/><net_sink comp="588" pin=0"/></net>

<net id="904"><net_src comp="347" pin="2"/><net_sink comp="901" pin=0"/></net>

<net id="905"><net_src comp="901" pin="1"/><net_sink comp="524" pin=0"/></net>

<net id="906"><net_src comp="901" pin="1"/><net_sink comp="543" pin=0"/></net>

<net id="907"><net_src comp="901" pin="1"/><net_sink comp="575" pin=0"/></net>

<net id="911"><net_src comp="413" pin="1"/><net_sink comp="908" pin=0"/></net>

<net id="912"><net_src comp="908" pin="1"/><net_sink comp="510" pin=0"/></net>

<net id="916"><net_src comp="416" pin="2"/><net_sink comp="913" pin=0"/></net>

<net id="920"><net_src comp="428" pin="2"/><net_sink comp="917" pin=0"/></net>

<net id="921"><net_src comp="917" pin="1"/><net_sink comp="543" pin=1"/></net>

<net id="922"><net_src comp="917" pin="1"/><net_sink comp="588" pin=1"/></net>

<net id="923"><net_src comp="917" pin="1"/><net_sink comp="604" pin=0"/></net>

<net id="927"><net_src comp="434" pin="2"/><net_sink comp="924" pin=0"/></net>

<net id="928"><net_src comp="924" pin="1"/><net_sink comp="556" pin=1"/></net>

<net id="929"><net_src comp="924" pin="1"/><net_sink comp="575" pin=1"/></net>

<net id="930"><net_src comp="924" pin="1"/><net_sink comp="612" pin=0"/></net>

<net id="934"><net_src comp="224" pin="3"/><net_sink comp="931" pin=0"/></net>

<net id="935"><net_src comp="931" pin="1"/><net_sink comp="238" pin=0"/></net>

<net id="939"><net_src comp="231" pin="3"/><net_sink comp="936" pin=0"/></net>

<net id="940"><net_src comp="936" pin="1"/><net_sink comp="244" pin=0"/></net>

<net id="944"><net_src comp="250" pin="3"/><net_sink comp="941" pin=0"/></net>

<net id="945"><net_src comp="941" pin="1"/><net_sink comp="278" pin=0"/></net>

<net id="949"><net_src comp="257" pin="3"/><net_sink comp="946" pin=0"/></net>

<net id="950"><net_src comp="946" pin="1"/><net_sink comp="290" pin=0"/></net>

<net id="954"><net_src comp="264" pin="3"/><net_sink comp="951" pin=0"/></net>

<net id="955"><net_src comp="951" pin="1"/><net_sink comp="284" pin=0"/></net>

<net id="959"><net_src comp="271" pin="3"/><net_sink comp="956" pin=0"/></net>

<net id="960"><net_src comp="956" pin="1"/><net_sink comp="296" pin=0"/></net>

</net_list>

</model> 
---------------- Datapath Model END ------------------

* FSMD analyzer results:
  - Output states:
	Port: out_nonmax | {2 }
	Port: p_anonymous_namespace_lineBuffer_magnitude_0 | {}
	Port: p_anonymous_namespace_lineBuffer_direction_0 | {}
	Port: p_anonymous_namespace_lineBuffer_magnitude_1 | {}
	Port: p_anonymous_namespace_lineBuffer_magnitude_2 | {}
	Port: p_anonymous_namespace_lineBuffer_direction_1 | {}
	Port: p_anonymous_namespace_lineBuffer_direction_2 | {}
 - Input state : 
	Port: non_maximum_suppression_Pipeline_VITIS_LOOP_112_4 : tmp_5 | {1 }
	Port: non_maximum_suppression_Pipeline_VITIS_LOOP_112_4 : tmp_4 | {1 }
	Port: non_maximum_suppression_Pipeline_VITIS_LOOP_112_4 : tmp_s | {1 }
	Port: non_maximum_suppression_Pipeline_VITIS_LOOP_112_4 : tmp_6 | {1 }
	Port: non_maximum_suppression_Pipeline_VITIS_LOOP_112_4 : tmp | {1 }
	Port: non_maximum_suppression_Pipeline_VITIS_LOOP_112_4 : tmp_2 | {1 }
	Port: non_maximum_suppression_Pipeline_VITIS_LOOP_112_4 : tmp_3 | {1 }
	Port: non_maximum_suppression_Pipeline_VITIS_LOOP_112_4 : tmp_1 | {1 }
	Port: non_maximum_suppression_Pipeline_VITIS_LOOP_112_4 : outputRow | {1 }
	Port: non_maximum_suppression_Pipeline_VITIS_LOOP_112_4 : out_nonmax | {}
	Port: non_maximum_suppression_Pipeline_VITIS_LOOP_112_4 : select_ln14 | {1 }
	Port: non_maximum_suppression_Pipeline_VITIS_LOOP_112_4 : p_smodpost | {1 }
	Port: non_maximum_suppression_Pipeline_VITIS_LOOP_112_4 : select_ln14_1 | {1 }
	Port: non_maximum_suppression_Pipeline_VITIS_LOOP_112_4 : p_anonymous_namespace_lineBuffer_magnitude_0 | {1 2 }
	Port: non_maximum_suppression_Pipeline_VITIS_LOOP_112_4 : p_anonymous_namespace_lineBuffer_direction_0 | {1 2 }
	Port: non_maximum_suppression_Pipeline_VITIS_LOOP_112_4 : p_anonymous_namespace_lineBuffer_magnitude_1 | {1 2 }
	Port: non_maximum_suppression_Pipeline_VITIS_LOOP_112_4 : p_anonymous_namespace_lineBuffer_magnitude_2 | {1 2 }
	Port: non_maximum_suppression_Pipeline_VITIS_LOOP_112_4 : p_anonymous_namespace_lineBuffer_direction_1 | {1 2 }
	Port: non_maximum_suppression_Pipeline_VITIS_LOOP_112_4 : p_anonymous_namespace_lineBuffer_direction_2 | {1 2 }
  - Chain level:
	State 1
		store_ln112 : 1
		column : 1
		icmp_ln112 : 2
		add_ln112 : 2
		br_ln112 : 3
		hasLeft : 2
		hasRight : 2
		trunc_ln167 : 2
		zext_ln167 : 3
		add_ln167 : 4
		trunc_ln17 : 5
		tmp_22 : 5
		nextColumn : 6
		zext_ln174 : 7
		p_anonymous_namespace_lineBuffer_magnitude_0_addr : 8
		p_anonymous_namespace_lineBuffer_direction_0_addr : 8
		banked_magnitude : 9
		banked_direction : 9
		p_anonymous_namespace_lineBuffer_magnitude_1_addr : 8
		p_anonymous_namespace_lineBuffer_direction_1_addr : 8
		p_anonymous_namespace_lineBuffer_magnitude_2_addr : 8
		p_anonymous_namespace_lineBuffer_direction_2_addr : 8
		banked_magnitude_1 : 9
		banked_magnitude_2 : 9
		banked_direction_1 : 9
		banked_direction_2 : 9
		store_ln112 : 3
	State 2
		switch_ln123 : 1
		neighbourOne_3 : 1
		neighbourTwo_3 : 1
		neighbourOne : 1
		neighbourTwo : 1
		neighbourOne_4 : 2
		neighbourTwo_4 : 1
		icmp_ln158 : 3
		xor_ln158 : 4
		icmp_ln159 : 2
		xor_ln159 : 3
		and_ln158 : 4
		out_nonmax_addr : 1
		select_ln158 : 4
		store_ln158 : 5
		tmp_7 : 1
		tmp_8 : 1
		tmp_9 : 1
		tmp_10 : 1
		store_ln181 : 2
		store_ln181 : 2
		store_ln181 : 2
		store_ln0 : 1
		store_ln0 : 1
		store_ln115 : 1
		store_ln159 : 1
		store_ln0 : 1
		store_ln0 : 1
		store_ln181 : 2
		store_ln115 : 1


============================================================
+ Verbose Summary: Datapath Resource usage 
============================================================

* Functional unit list:
|----------|--------------------------------|---------|---------|
| Operation|         Functional Unit        |    FF   |   LUT   |
|----------|--------------------------------|---------|---------|
|          |        hasBottom_fu_341        |    0    |    38   |
|          |          hasTop_fu_347         |    0    |    38   |
|          |        icmp_ln112_fu_416       |    0    |    17   |
|   icmp   |         hasLeft_fu_428         |    0    |    17   |
|          |         hasRight_fu_434        |    0    |    17   |
|          |        icmp_ln158_fu_623       |    0    |    18   |
|          |        icmp_ln159_fu_635       |    0    |    18   |
|----------|--------------------------------|---------|---------|
|          |        nextColumn_fu_466       |    0    |    9    |
|          |      neighbourOne_3_fu_524     |    0    |    10   |
|          |      neighbourTwo_3_fu_532     |    0    |    10   |
|          |      neighbourOne_2_fu_547     |    0    |    10   |
|  select  |      neighbourTwo_2_fu_560     |    0    |    10   |
|          |      neighbourOne_1_fu_579     |    0    |    10   |
|          |      neighbourTwo_1_fu_592     |    0    |    10   |
|          |       neighbourOne_fu_604      |    0    |    10   |
|          |       neighbourTwo_fu_612      |    0    |    10   |
|          |       select_ln158_fu_653      |    0    |    10   |
|----------|--------------------------------|---------|---------|
|          |          tmp_7_fu_662          |    0    |    9    |
| sparsemux|          tmp_8_fu_681          |    0    |    9    |
|          |          tmp_9_fu_700          |    0    |    9    |
|          |          tmp_10_fu_719         |    0    |    9    |
|----------|--------------------------------|---------|---------|
|    add   |        add_ln112_fu_422        |    0    |    17   |
|          |        add_ln167_fu_448        |    0    |    16   |
|----------|--------------------------------|---------|---------|
|          |        and_ln133_fu_543        |    0    |    2    |
|          |        and_ln136_fu_556        |    0    |    2    |
|    and   |        and_ln149_fu_575        |    0    |    2    |
|          |        and_ln152_fu_588        |    0    |    2    |
|          |        and_ln158_fu_647        |    0    |    2    |
|----------|--------------------------------|---------|---------|
|    xor   |        xor_ln158_fu_629        |    0    |    2    |
|          |        xor_ln159_fu_641        |    0    |    2    |
|----------|--------------------------------|---------|---------|
|          | select_ln14_1_read_read_fu_152 |    0    |    0    |
|          |   p_smodpost_read_read_fu_158  |    0    |    0    |
|          |  select_ln14_read_read_fu_164  |    0    |    0    |
|          |   outputRow_read_read_fu_170   |    0    |    0    |
|          |     tmp_1_read_read_fu_176     |    0    |    0    |
|   read   |     tmp_3_read_read_fu_182     |    0    |    0    |
|          |     tmp_2_read_read_fu_188     |    0    |    0    |
|          |      tmp_read_read_fu_194      |    0    |    0    |
|          |     tmp_6_read_read_fu_200     |    0    |    0    |
|          |     tmp_read_39_read_fu_206    |    0    |    0    |
|          |     tmp_4_read_read_fu_212     |    0    |    0    |
|          |     tmp_5_read_read_fu_218     |    0    |    0    |
|----------|--------------------------------|---------|---------|
|   trunc  |       trunc_ln167_fu_440       |    0    |    0    |
|          |        trunc_ln17_fu_454       |    0    |    0    |
|----------|--------------------------------|---------|---------|
|          |        zext_ln167_fu_444       |    0    |    0    |
|   zext   |        zext_ln174_fu_474       |    0    |    0    |
|          |        zext_ln112_fu_510       |    0    |    0    |
|----------|--------------------------------|---------|---------|
| bitselect|          tmp_22_fu_458         |    0    |    0    |
|----------|--------------------------------|---------|---------|
|  switch  |       switch_ln123_fu_514      |    0    |    0    |
|----------|--------------------------------|---------|---------|
|   Total  |                                |    0    |   345   |
|----------|--------------------------------|---------|---------|

Memories:
N/A

* Register list:
+---------------------------------------------------------+--------+
|                                                         |   FF   |
+---------------------------------------------------------+--------+
|                 centre_direction_reg_793                |    2   |
|                 centre_magnitude_reg_836                |   11   |
|                     column_2_reg_829                    |   10   |
|                      column_reg_908                     |   10   |
|                    hasBottom_reg_894                    |    1   |
|                     hasLeft_reg_917                     |    1   |
|                     hasRight_reg_924                    |    1   |
|                      hasTop_reg_901                     |    1   |
|                    icmp_ln112_reg_913                   |    1   |
|                  neighbourOne_4_reg_315                 |   11   |
|                  neighbourTwo_4_reg_328                 |   11   |
|                  p_027_14149_i_reg_822                  |   11   |
|                   p_027_246_i_reg_850                   |   11   |
|                   p_029_244_i_reg_808                   |   11   |
|                   p_0434547_i_reg_815                   |   11   |
|                    p_04345_i_reg_843                    |   11   |
|                     p_043_i_reg_800                     |   11   |
|                    p_0_150_i_reg_864                    |   11   |
|                    p_0_248_i_reg_857                    |   11   |
|                    p_1_153_i_reg_871                    |    2   |
|p_anonymous_namespace_lineBuffer_direction_0_addr_reg_936|    9   |
|p_anonymous_namespace_lineBuffer_direction_1_addr_reg_946|    9   |
|p_anonymous_namespace_lineBuffer_direction_2_addr_reg_956|    9   |
|p_anonymous_namespace_lineBuffer_magnitude_0_addr_reg_931|    9   |
|p_anonymous_namespace_lineBuffer_magnitude_1_addr_reg_941|    9   |
|p_anonymous_namespace_lineBuffer_magnitude_2_addr_reg_951|    9   |
|                 p_smodpost_read_reg_883                 |    2   |
|                select_ln14_1_read_reg_878               |    2   |
|                 select_ln14_read_reg_889                |    2   |
+---------------------------------------------------------+--------+
|                          Total                          |   210  |
+---------------------------------------------------------+--------+

* Multiplexer (MUX) list: 
|-------------------|------|------|------|--------||---------||---------||---------|
|        Comp       |  Pin | Size |  BW  | S x BW ||  Delay  ||    FF   ||   LUT   |
|-------------------|------|------|------|--------||---------||---------||---------|
| grp_access_fu_238 |  p0  |   2  |   9  |   18   ||    0    ||    9    |
| grp_access_fu_244 |  p0  |   2  |   9  |   18   ||    0    ||    9    |
| grp_access_fu_278 |  p0  |   2  |   9  |   18   ||    0    ||    9    |
| grp_access_fu_284 |  p0  |   2  |   9  |   18   ||    0    ||    9    |
| grp_access_fu_290 |  p0  |   2  |   9  |   18   ||    0    ||    9    |
| grp_access_fu_296 |  p0  |   2  |   9  |   18   ||    0    ||    9    |
|-------------------|------|------|------|--------||---------||---------||---------|
|       Total       |      |      |      |   108  ||  2.562  ||    0    ||    54   |
|-------------------|------|------|------|--------||---------||---------||---------|



* Summary:
+-----------+--------+--------+--------+
|           |  Delay |   FF   |   LUT  |
+-----------+--------+--------+--------+
|  Function |    -   |    0   |   345  |
|   Memory  |    -   |    -   |    -   |
|Multiplexer|    2   |    0   |   54   |
|  Register |    -   |   210  |    -   |
+-----------+--------+--------+--------+
|   Total   |    2   |   210  |   399  |
+-----------+--------+--------+--------+
