

================================================================
== Vitis HLS Report for 'sobel'
================================================================
* Date:           Sat Aug  1 17:30:26 2026

* Version:        2025.2 (Build 6295257 on Nov 14 2025)
* Project:        canny_top
* Solution:       hls (Vitis Kernel Flow Target)
* Product family: zynquplus
* Target device:  xck26-sfvc784-2LV-c


================================================================
== Performance Estimates
================================================================
+ Timing: 
    * Summary: 
    +--------+---------+----------+------------+
    |  Clock |  Target | Estimated| Uncertainty|
    +--------+---------+----------+------------+
    |ap_clk  |  5.00 ns|  3.645 ns|     1.35 ns|
    +--------+---------+----------+------------+

+ Latency: 
    * Summary: 
    +---------+---------+----------+----------+------+--------+---------+
    |  Latency (cycles) |  Latency (absolute) |    Interval   | Pipeline|
    |   min   |   max   |    min   |    max   |  min |   max  |   Type  |
    +---------+---------+----------+----------+------+--------+---------+
    |     1444|   636845|  7.220 us|  3.184 ms|  1444|  636845|       no|
    +---------+---------+----------+----------+------+--------+---------+

    + Detail: 
        * Instance: 
        +--------------------------------------------+---------------------------------+---------+---------+----------+----------+-----+-----+-------------------+
        |                                            |                                 |  Latency (cycles) |  Latency (absolute) |  Interval |      Pipeline     |
        |                  Instance                  |              Module             |   min   |   max   |    min   |    max   | min | max |        Type       |
        +--------------------------------------------+---------------------------------+---------+---------+----------+----------+-----+-----+-------------------+
        |grp_sobel_Pipeline_VITIS_LOOP_96_2_fu_163   |sobel_Pipeline_VITIS_LOOP_96_2   |      642|      642|  3.210 us|  3.210 us|    0|    0|  loop pipeline stp|
        |grp_sobel_Pipeline_VITIS_LOOP_149_6_fu_173  |sobel_Pipeline_VITIS_LOOP_149_6  |      644|      644|  3.220 us|  3.220 us|    0|    0|  loop pipeline stp|
        +--------------------------------------------+---------------------------------+---------+---------+----------+----------+-----+-----+-------------------+

        * Loop: 
        +-------------------+---------+---------+----------+-----------+-----------+------+----------+
        |                   |  Latency (cycles) | Iteration|  Initiation Interval  | Trip |          |
        |     Loop Name     |   min   |   max   |  Latency |  achieved |   target  | Count| Pipelined|
        +-------------------+---------+---------+----------+-----------+-----------+------+----------+
        |- VITIS_LOOP_92_1  |     1443|   636844|  3 ~ 1324|          -|          -|   481|        no|
        +-------------------+---------+---------+----------+-----------+-----------+------+----------+



================================================================
== Utilization Estimates
================================================================
* Summary: 
+-----------------+---------+------+--------+--------+-----+
|       Name      | BRAM_18K|  DSP |   FF   |   LUT  | URAM|
+-----------------+---------+------+--------+--------+-----+
|DSP              |        -|     -|       -|       -|    -|
|Expression       |        -|     -|       0|     191|    -|
|FIFO             |        -|     -|       -|       -|    -|
|Instance         |        -|     2|     595|    1081|    -|
|Memory           |        3|     -|       0|       0|    0|
|Multiplexer      |        -|     -|       0|     333|    -|
|Register         |        -|     -|     196|       -|    -|
+-----------------+---------+------+--------+--------+-----+
|Total            |        3|     2|     791|    1605|    0|
+-----------------+---------+------+--------+--------+-----+
|Available        |      288|  1248|  234240|  117120|   64|
+-----------------+---------+------+--------+--------+-----+
|Utilization (%)  |        1|    ~0|      ~0|       1|    0|
+-----------------+---------+------+--------+--------+-----+

+ Detail: 
    * Instance: 
    +--------------------------------------------+---------------------------------+---------+----+-----+-----+-----+
    |                  Instance                  |              Module             | BRAM_18K| DSP|  FF | LUT | URAM|
    +--------------------------------------------+---------------------------------+---------+----+-----+-----+-----+
    |grp_sobel_Pipeline_VITIS_LOOP_149_6_fu_173  |sobel_Pipeline_VITIS_LOOP_149_6  |        0|   2|  178|  706|    0|
    |grp_sobel_Pipeline_VITIS_LOOP_96_2_fu_163   |sobel_Pipeline_VITIS_LOOP_96_2   |        0|   0|   23|   83|    0|
    |sparsemux_7_2_8_1_1_U160                    |sparsemux_7_2_8_1_1              |        0|   0|    0|    9|    0|
    |sparsemux_7_2_8_1_1_U161                    |sparsemux_7_2_8_1_1              |        0|   0|    0|    9|    0|
    |sparsemux_7_2_8_1_1_U162                    |sparsemux_7_2_8_1_1              |        0|   0|    0|    9|    0|
    |sparsemux_7_2_8_1_1_U163                    |sparsemux_7_2_8_1_1              |        0|   0|    0|    9|    0|
    |sparsemux_7_2_8_1_1_U164                    |sparsemux_7_2_8_1_1              |        0|   0|    0|    9|    0|
    |sparsemux_7_2_8_1_1_U165                    |sparsemux_7_2_8_1_1              |        0|   0|    0|    9|    0|
    |urem_32s_3ns_2_36_seq_1_U159                |urem_32s_3ns_2_36_seq_1          |        0|   0|  394|  238|    0|
    +--------------------------------------------+---------------------------------+---------+----+-----+-----+-----+
    |Total                                       |                                 |        0|   2|  595| 1081|    0|
    +--------------------------------------------+---------------------------------+---------+----+-----+-----+-----+

    * DSP: 
    N/A

    * Memory: 
    +----------------+--------------------------------+---------+---+----+-----+------+-----+------+-------------+
    |     Memory     |             Module             | BRAM_18K| FF| LUT| URAM| Words| Bits| Banks| W*Bits*Banks|
    +----------------+--------------------------------+---------+---+----+-----+------+-----+------+-------------+
    |lineBuffer_U    |sobel_lineBuffer_RAM_AUTO_1R1W  |        1|  0|   0|    0|   640|    8|     1|         5120|
    |lineBuffer_1_U  |sobel_lineBuffer_RAM_AUTO_1R1W  |        1|  0|   0|    0|   640|    8|     1|         5120|
    |lineBuffer_2_U  |sobel_lineBuffer_RAM_AUTO_1R1W  |        1|  0|   0|    0|   640|    8|     1|         5120|
    +----------------+--------------------------------+---------+---+----+-----+------+-----+------+-------------+
    |Total           |                                |        3|  0|   0|    0|  1920|   24|     3|        15360|
    +----------------+--------------------------------+---------+---+----+-----+------+-----+------+-------------+

    * FIFO: 
    N/A

    * Expression: 
    +----------------------------------+----------+----+---+----+------------+------------+
    |           Variable Name          | Operation| DSP| FF| LUT| Bitwidth P0| Bitwidth P1|
    +----------------------------------+----------+----+---+----+------------+------------+
    |add_ln120_fu_255_p2               |         +|   0|  0|  17|          10|           3|
    |add_ln90_1_fu_436_p2              |         +|   0|  0|  16|           9|           1|
    |add_ln90_fu_416_p2                |         +|   0|  0|  16|           9|           1|
    |outputRow_fu_242_p2               |         +|   0|  0|  17|          10|           2|
    |rowsReceived_fu_221_p2            |         +|   0|  0|  16|           9|           1|
    |ap_block_state39_on_subcall_done  |       and|   0|  0|   2|           1|           1|
    |ap_block_state3_on_subcall_done   |       and|   0|  0|   2|           1|           1|
    |icmp_ln63_fu_278_p2               |      icmp|   0|  0|  16|           9|           7|
    |icmp_ln90_1_fu_442_p2             |      icmp|   0|  0|  16|           9|           2|
    |icmp_ln90_fu_422_p2               |      icmp|   0|  0|  16|           9|           2|
    |icmp_ln92_fu_215_p2               |      icmp|   0|  0|  16|           9|           6|
    |icmp_ln93_fu_231_p2               |      icmp|   0|  0|  16|           9|           7|
    |ap_block_state1                   |        or|   0|  0|   2|           1|           1|
    |empty_57_fu_287_p3                |    select|   0|  0|   2|           1|           1|
    |select_ln23_fu_300_p3             |    select|   0|  0|   3|           1|           3|
    |select_ln90_1_fu_448_p3           |    select|   0|  0|   9|           1|           1|
    |select_ln90_fu_428_p3             |    select|   0|  0|   9|           1|           1|
    +----------------------------------+----------+----+---+----+------------+------------+
    |Total                             |          |   0|  0| 191|          99|          41|
    +----------------------------------+----------+----+---+----+------------+------------+

    * Multiplexer: 
    +-----------------------+-----+-----------+-----+-----------+
    |          Name         | LUT | Input Size| Bits| Total Bits|
    +-----------------------+-----+-----------+-----+-----------+
    |ap_NS_fsm              |  177|         40|    1|         40|
    |ap_done                |    9|          2|    1|          2|
    |lineBuffer_1_address0  |   14|          3|   10|         30|
    |lineBuffer_1_ce0       |   14|          3|    1|          3|
    |lineBuffer_1_we0       |    9|          2|    1|          2|
    |lineBuffer_2_address0  |   14|          3|   10|         30|
    |lineBuffer_2_ce0       |   14|          3|    1|          3|
    |lineBuffer_2_we0       |    9|          2|    1|          2|
    |lineBuffer_address0    |   14|          3|   10|         30|
    |lineBuffer_ce0         |   14|          3|    1|          3|
    |lineBuffer_we0         |    9|          2|    1|          2|
    |phi_urem69_fu_64       |    9|          2|    9|         18|
    |phi_urem_fu_68         |    9|          2|    9|         18|
    |real_start             |    9|          2|    1|          2|
    |row_1_fu_72            |    9|          2|    9|         18|
    +-----------------------+-----+-----------+-----+-----------+
    |Total                  |  333|         74|   66|        203|
    +-----------------------+-----+-----------+-----+-----------+

    * Register: 
    +---------------------------------------------------------+----+----+-----+-----------+
    |                           Name                          | FF | LUT| Bits| Const Bits|
    +---------------------------------------------------------+----+----+-----+-----------+
    |ap_CS_fsm                                                |  39|   0|   39|          0|
    |ap_done_reg                                              |   1|   0|    1|          0|
    |empty_57_reg_608                                         |   2|   0|    2|          0|
    |grp_sobel_Pipeline_VITIS_LOOP_149_6_fu_173_ap_start_reg  |   1|   0|    1|          0|
    |grp_sobel_Pipeline_VITIS_LOOP_96_2_fu_163_ap_start_reg   |   1|   0|    1|          0|
    |icmp_ln63_reg_561                                        |   1|   0|    1|          0|
    |icmp_ln93_reg_538                                        |   1|   0|    1|          0|
    |lineBuffer_1_load_1_reg_594                              |   8|   0|    8|          0|
    |lineBuffer_1_load_reg_573                                |   8|   0|    8|          0|
    |lineBuffer_2_load_1_reg_601                              |   8|   0|    8|          0|
    |lineBuffer_2_load_reg_580                                |   8|   0|    8|          0|
    |lineBuffer_load_1_reg_587                                |   8|   0|    8|          0|
    |lineBuffer_load_reg_566                                  |   8|   0|    8|          0|
    |phi_urem69_fu_64                                         |   9|   0|    9|          0|
    |phi_urem_fu_68                                           |   9|   0|    9|          0|
    |row_1_fu_72                                              |   9|   0|    9|          0|
    |rowsReceived_reg_527                                     |   9|   0|    9|          0|
    |select_ln23_reg_618                                      |   2|   0|    2|          0|
    |start_once_reg                                           |   1|   0|    1|          0|
    |tmp_17_reg_556                                           |   1|   0|    1|          0|
    |tmp_1_reg_623                                            |   8|   0|    8|          0|
    |tmp_2_reg_628                                            |   8|   0|    8|          0|
    |tmp_3_reg_633                                            |   8|   0|    8|          0|
    |tmp_4_reg_638                                            |   8|   0|    8|          0|
    |tmp_5_reg_643                                            |   8|   0|    8|          0|
    |tmp_6_reg_648                                            |   8|   0|    8|          0|
    |tmp_reg_547                                              |   1|   0|    1|          0|
    |trunc_ln60_reg_613                                       |   2|   0|    2|          0|
    |trunc_ln98_reg_542                                       |   2|   0|    2|          0|
    |zext_ln92_reg_532                                        |   9|   0|   10|          1|
    +---------------------------------------------------------+----+----+-----+-----------+
    |Total                                                    | 196|   0|  197|          1|
    +---------------------------------------------------------+----+----+-----+-----------+



================================================================
== Interface
================================================================
* Summary: 
+--------------------------+-----+-----+------------+--------------+--------------+
|         RTL Ports        | Dir | Bits|  Protocol  | Source Object|    C Type    |
+--------------------------+-----+-----+------------+--------------+--------------+
|ap_clk                    |   in|    1|  ap_ctrl_hs|         sobel|  return value|
|ap_rst                    |   in|    1|  ap_ctrl_hs|         sobel|  return value|
|ap_start                  |   in|    1|  ap_ctrl_hs|         sobel|  return value|
|start_full_n              |   in|    1|  ap_ctrl_hs|         sobel|  return value|
|ap_done                   |  out|    1|  ap_ctrl_hs|         sobel|  return value|
|ap_continue               |   in|    1|  ap_ctrl_hs|         sobel|  return value|
|ap_idle                   |  out|    1|  ap_ctrl_hs|         sobel|  return value|
|ap_ready                  |  out|    1|  ap_ctrl_hs|         sobel|  return value|
|start_out                 |  out|    1|  ap_ctrl_hs|         sobel|  return value|
|start_write               |  out|    1|  ap_ctrl_hs|         sobel|  return value|
|gauss_out_dout            |   in|    8|     ap_fifo|     gauss_out|       pointer|
|gauss_out_empty_n         |   in|    1|     ap_fifo|     gauss_out|       pointer|
|gauss_out_read            |  out|    1|     ap_fifo|     gauss_out|       pointer|
|gauss_out_num_data_valid  |   in|   12|     ap_fifo|     gauss_out|       pointer|
|gauss_out_fifo_cap        |   in|   12|     ap_fifo|     gauss_out|       pointer|
|sobel_out_din             |  out|   24|     ap_fifo|     sobel_out|       pointer|
|sobel_out_full_n          |   in|    1|     ap_fifo|     sobel_out|       pointer|
|sobel_out_write           |  out|    1|     ap_fifo|     sobel_out|       pointer|
|sobel_out_num_data_valid  |   in|   32|     ap_fifo|     sobel_out|       pointer|
|sobel_out_fifo_cap        |   in|   32|     ap_fifo|     sobel_out|       pointer|
+--------------------------+-----+-----+------------+--------------+--------------+

============================================================
+ Verbose Summary: Synthesis Manager
============================================================
InlineROM: 1
ExposeGlobal: 0
============================================================
+ Verbose Summary: CDFG Model
============================================================
IsTopModel: 0
ResetActiveHigh: 1
IsCombinational: 2
IsDatapathOnly: 0
HasWiredReturn: 1
HasMFsm: 0
HasVarLatency: 1
IsPipeline: 0
IsRtlPipelined: 0
IsInstanceOverlapped: 0
IsDontTouch: 0
HasImplIP: 0
IsGatedGlobalClock: 0


============================================================
+ Verbose Summary: Schedule
============================================================
* Number of FSM states : 39
* Pipeline : 0
* Dataflow Pipeline: 0

* FSM state transitions: 
1 --> 2 
2 --> 3 
3 --> 4 39 
4 --> 5 
5 --> 6 
6 --> 7 
7 --> 8 
8 --> 9 
9 --> 10 
10 --> 11 
11 --> 12 
12 --> 13 
13 --> 14 
14 --> 15 
15 --> 16 
16 --> 17 
17 --> 18 
18 --> 19 
19 --> 20 
20 --> 21 
21 --> 22 
22 --> 23 
23 --> 24 
24 --> 25 
25 --> 26 
26 --> 27 
27 --> 28 
28 --> 29 
29 --> 30 
30 --> 31 
31 --> 32 
32 --> 33 
33 --> 34 
34 --> 35 
35 --> 36 
36 --> 37 
37 --> 38 
38 --> 39 
39 --> 2 

* FSM state operations: 

State 1 <SV = 0> <Delay = 1.23>
ST_1 : Operation 40 [1/1] (0.00ns)   --->   "%phi_urem69 = alloca i32 1"   --->   Operation 40 'alloca' 'phi_urem69' <Predicate = true> <Delay = 0.00>
ST_1 : Operation 41 [1/1] (0.00ns)   --->   "%phi_urem = alloca i32 1"   --->   Operation 41 'alloca' 'phi_urem' <Predicate = true> <Delay = 0.00>
ST_1 : Operation 42 [1/1] (0.00ns)   --->   "%row_1 = alloca i32 1" [../src/sobel.cpp:60->../src/sobel.cpp:120]   --->   Operation 42 'alloca' 'row_1' <Predicate = true> <Delay = 0.00>
ST_1 : Operation 43 [1/1] (0.00ns)   --->   "%specinterface_ln0 = specinterface void @_ssdm_op_SpecInterface, i24 %sobel_out, void @empty_10, i32 0, i32 0, void @empty_4, i32 0, i32 0, void @empty_4, void @empty_4, void @empty_4, i32 0, i32 0, i32 0, i32 0, void @empty_4, void @empty_4, i32 4294967295, i32 0, i32 0, i32 0"   --->   Operation 43 'specinterface' 'specinterface_ln0' <Predicate = true> <Delay = 0.00>
ST_1 : Operation 44 [1/1] (0.00ns)   --->   "%specinterface_ln0 = specinterface void @_ssdm_op_SpecInterface, i8 %gauss_out, void @empty_10, i32 0, i32 0, void @empty_4, i32 0, i32 0, void @empty_4, void @empty_4, void @empty_4, i32 0, i32 0, i32 0, i32 0, void @empty_4, void @empty_4, i32 4294967295, i32 0, i32 0, i32 0"   --->   Operation 44 'specinterface' 'specinterface_ln0' <Predicate = true> <Delay = 0.00>
ST_1 : Operation 45 [1/1] (1.23ns)   --->   "%lineBuffer = alloca i64 1" [../src/sobel.cpp:87]   --->   Operation 45 'alloca' 'lineBuffer' <Predicate = true> <Delay = 1.23> <CoreInst = "RAM">   --->   Core 82 'RAM' <Latency = 1> <II = 1> <Delay = 1.23> <Storage> <Opcode : 'load' 'store'> <Ports = 2> <Width = 8> <Depth = 640> <RAM>
ST_1 : Operation 46 [1/1] (1.23ns)   --->   "%lineBuffer_1 = alloca i64 1" [../src/sobel.cpp:87]   --->   Operation 46 'alloca' 'lineBuffer_1' <Predicate = true> <Delay = 1.23> <CoreInst = "RAM">   --->   Core 82 'RAM' <Latency = 1> <II = 1> <Delay = 1.23> <Storage> <Opcode : 'load' 'store'> <Ports = 2> <Width = 8> <Depth = 640> <RAM>
ST_1 : Operation 47 [1/1] (1.23ns)   --->   "%lineBuffer_2 = alloca i64 1" [../src/sobel.cpp:87]   --->   Operation 47 'alloca' 'lineBuffer_2' <Predicate = true> <Delay = 1.23> <CoreInst = "RAM">   --->   Core 82 'RAM' <Latency = 1> <II = 1> <Delay = 1.23> <Storage> <Opcode : 'load' 'store'> <Ports = 2> <Width = 8> <Depth = 640> <RAM>
ST_1 : Operation 48 [1/1] (0.00ns)   --->   "%lineBuffer_addr = getelementptr i8 %lineBuffer, i64 0, i64 0" [../src/sobel.cpp:145]   --->   Operation 48 'getelementptr' 'lineBuffer_addr' <Predicate = true> <Delay = 0.00>
ST_1 : Operation 49 [1/1] (0.00ns)   --->   "%lineBuffer_1_addr = getelementptr i8 %lineBuffer_1, i64 0, i64 0" [../src/sobel.cpp:145]   --->   Operation 49 'getelementptr' 'lineBuffer_1_addr' <Predicate = true> <Delay = 0.00>
ST_1 : Operation 50 [1/1] (0.00ns)   --->   "%lineBuffer_2_addr = getelementptr i8 %lineBuffer_2, i64 0, i64 0" [../src/sobel.cpp:145]   --->   Operation 50 'getelementptr' 'lineBuffer_2_addr' <Predicate = true> <Delay = 0.00>
ST_1 : Operation 51 [1/1] (0.00ns)   --->   "%lineBuffer_addr_1 = getelementptr i8 %lineBuffer, i64 0, i64 1" [../src/sobel.cpp:145]   --->   Operation 51 'getelementptr' 'lineBuffer_addr_1' <Predicate = true> <Delay = 0.00>
ST_1 : Operation 52 [1/1] (0.00ns)   --->   "%lineBuffer_1_addr_1 = getelementptr i8 %lineBuffer_1, i64 0, i64 1" [../src/sobel.cpp:145]   --->   Operation 52 'getelementptr' 'lineBuffer_1_addr_1' <Predicate = true> <Delay = 0.00>
ST_1 : Operation 53 [1/1] (0.00ns)   --->   "%lineBuffer_2_addr_1 = getelementptr i8 %lineBuffer_2, i64 0, i64 1" [../src/sobel.cpp:145]   --->   Operation 53 'getelementptr' 'lineBuffer_2_addr_1' <Predicate = true> <Delay = 0.00>
ST_1 : Operation 54 [1/1] (0.42ns)   --->   "%store_ln60 = store i9 0, i9 %row_1" [../src/sobel.cpp:60->../src/sobel.cpp:120]   --->   Operation 54 'store' 'store_ln60' <Predicate = true> <Delay = 0.42>
ST_1 : Operation 55 [1/1] (0.42ns)   --->   "%store_ln0 = store i9 0, i9 %phi_urem"   --->   Operation 55 'store' 'store_ln0' <Predicate = true> <Delay = 0.42>
ST_1 : Operation 56 [1/1] (0.42ns)   --->   "%store_ln0 = store i9 0, i9 %phi_urem69"   --->   Operation 56 'store' 'store_ln0' <Predicate = true> <Delay = 0.42>
ST_1 : Operation 57 [1/1] (0.00ns)   --->   "%br_ln92 = br void %for.body" [../src/sobel.cpp:92]   --->   Operation 57 'br' 'br_ln92' <Predicate = true> <Delay = 0.00>

State 2 <SV = 1> <Delay = 1.32>
ST_2 : Operation 58 [1/1] (0.00ns)   --->   "%row_2 = load i9 %row_1" [../src/sobel.cpp:101]   --->   Operation 58 'load' 'row_2' <Predicate = true> <Delay = 0.00>
ST_2 : Operation 59 [1/1] (0.77ns)   --->   "%icmp_ln92 = icmp_eq  i9 %row_2, i9 481" [../src/sobel.cpp:92]   --->   Operation 59 'icmp' 'icmp_ln92' <Predicate = true> <Delay = 0.77> <CoreInst = "Cmp">   --->   Core 9 'Cmp' <Latency = 0> <II = 1> <Delay = 0.77> <FuncUnit> <Opcode : 'seteq' 'setne' 'setle' 'setge' 'setlt' 'setgt'> <InPorts = 2> <OutPorts = 1>
ST_2 : Operation 60 [1/1] (0.00ns)   --->   "%speclooptripcount_ln0 = speclooptripcount void @_ssdm_op_SpecLoopTripCount, i64 481, i64 481, i64 481"   --->   Operation 60 'speclooptripcount' 'speclooptripcount_ln0' <Predicate = true> <Delay = 0.00>
ST_2 : Operation 61 [1/1] (0.77ns)   --->   "%rowsReceived = add i9 %row_2, i9 1" [../src/sobel.cpp:101]   --->   Operation 61 'add' 'rowsReceived' <Predicate = true> <Delay = 0.77> <CoreInst = "Adder">   --->   Core 1 'Adder' <Latency = 0> <II = 1> <Delay = 0.77> <FuncUnit> <Opcode : 'add' 'sub'> <InPorts = 2> <OutPorts = 1>
ST_2 : Operation 62 [1/1] (0.00ns)   --->   "%br_ln92 = br i1 %icmp_ln92, void %for.body.split, void %for.end139" [../src/sobel.cpp:92]   --->   Operation 62 'br' 'br_ln92' <Predicate = true> <Delay = 0.00>
ST_2 : Operation 63 [1/1] (0.00ns)   --->   "%zext_ln92 = zext i9 %row_2" [../src/sobel.cpp:92]   --->   Operation 63 'zext' 'zext_ln92' <Predicate = (!icmp_ln92)> <Delay = 0.00>
ST_2 : Operation 64 [1/1] (0.00ns)   --->   "%specloopname_ln92 = specloopname void @_ssdm_op_SpecLoopName, void @empty_23" [../src/sobel.cpp:92]   --->   Operation 64 'specloopname' 'specloopname_ln92' <Predicate = (!icmp_ln92)> <Delay = 0.00>
ST_2 : Operation 65 [1/1] (0.77ns)   --->   "%icmp_ln93 = icmp_ult  i9 %row_2, i9 480" [../src/sobel.cpp:93]   --->   Operation 65 'icmp' 'icmp_ln93' <Predicate = (!icmp_ln92)> <Delay = 0.77> <CoreInst = "Cmp">   --->   Core 9 'Cmp' <Latency = 0> <II = 1> <Delay = 0.77> <FuncUnit> <Opcode : 'seteq' 'setne' 'setle' 'setge' 'setlt' 'setgt'> <InPorts = 2> <OutPorts = 1>
ST_2 : Operation 66 [1/1] (0.00ns)   --->   "%br_ln93 = br i1 %icmp_ln93, void %if.end, void %VITIS_LOOP_96_2" [../src/sobel.cpp:93]   --->   Operation 66 'br' 'br_ln93' <Predicate = (!icmp_ln92)> <Delay = 0.00>
ST_2 : Operation 67 [1/1] (0.00ns)   --->   "%phi_urem_load_1 = load i9 %phi_urem" [../src/sobel.cpp:98]   --->   Operation 67 'load' 'phi_urem_load_1' <Predicate = (!icmp_ln92 & icmp_ln93)> <Delay = 0.00>
ST_2 : Operation 68 [1/1] (0.00ns)   --->   "%trunc_ln98 = trunc i9 %phi_urem_load_1" [../src/sobel.cpp:98]   --->   Operation 68 'trunc' 'trunc_ln98' <Predicate = (!icmp_ln92 & icmp_ln93)> <Delay = 0.00>
ST_2 : Operation 69 [2/2] (0.54ns)   --->   "%call_ln98 = call void @sobel_Pipeline_VITIS_LOOP_96_2, i8 %lineBuffer_2, i8 %lineBuffer_1, i8 %lineBuffer, i8 %gauss_out, i2 %trunc_ln98" [../src/sobel.cpp:98]   --->   Operation 69 'call' 'call_ln98' <Predicate = (!icmp_ln92 & icmp_ln93)> <Delay = 0.54> <CoreType = "Generic">   --->   Generic Core
ST_2 : Operation 70 [1/1] (0.00ns)   --->   "%ret_ln203 = ret" [../src/sobel.cpp:203]   --->   Operation 70 'ret' 'ret_ln203' <Predicate = (icmp_ln92)> <Delay = 0.00>

State 3 <SV = 2> <Delay = 2.25>
ST_3 : Operation 71 [1/2] (1.64ns)   --->   "%call_ln98 = call void @sobel_Pipeline_VITIS_LOOP_96_2, i8 %lineBuffer_2, i8 %lineBuffer_1, i8 %lineBuffer, i8 %gauss_out, i2 %trunc_ln98" [../src/sobel.cpp:98]   --->   Operation 71 'call' 'call_ln98' <Predicate = (icmp_ln93)> <Delay = 1.64> <CoreType = "Generic">   --->   Generic Core
ST_3 : Operation 72 [1/1] (0.00ns)   --->   "%br_ln0 = br void %if.end"   --->   Operation 72 'br' 'br_ln0' <Predicate = (icmp_ln93)> <Delay = 0.00>
ST_3 : Operation 73 [1/1] (0.77ns)   --->   "%outputRow = add i10 %zext_ln92, i10 1023" [../src/sobel.cpp:103]   --->   Operation 73 'add' 'outputRow' <Predicate = true> <Delay = 0.77> <CoreInst = "Adder">   --->   Core 1 'Adder' <Latency = 0> <II = 1> <Delay = 0.78> <FuncUnit> <Opcode : 'add' 'sub'> <InPorts = 2> <OutPorts = 1>
ST_3 : Operation 74 [1/1] (0.00ns)   --->   "%tmp = bitselect i1 @_ssdm_op_BitSelect.i1.i10.i32, i10 %outputRow, i32 9" [../src/sobel.cpp:105]   --->   Operation 74 'bitselect' 'tmp' <Predicate = true> <Delay = 0.00>
ST_3 : Operation 75 [1/1] (0.00ns)   --->   "%br_ln105 = br i1 %tmp, void %VITIS_LOOP_116_3, void %cleanup" [../src/sobel.cpp:105]   --->   Operation 75 'br' 'br_ln105' <Predicate = true> <Delay = 0.00>
ST_3 : Operation 76 [1/1] (0.77ns)   --->   "%add_ln120 = add i10 %zext_ln92, i10 1022" [../src/sobel.cpp:120]   --->   Operation 76 'add' 'add_ln120' <Predicate = (!tmp)> <Delay = 0.77> <CoreInst = "Adder">   --->   Core 1 'Adder' <Latency = 0> <II = 1> <Delay = 0.78> <FuncUnit> <Opcode : 'add' 'sub'> <InPorts = 2> <OutPorts = 1>
ST_3 : Operation 77 [1/1] (0.00ns)   --->   "%sext_ln60 = sext i10 %add_ln120" [../src/sobel.cpp:60->../src/sobel.cpp:120]   --->   Operation 77 'sext' 'sext_ln60' <Predicate = (!tmp)> <Delay = 0.00>
ST_3 : Operation 78 [1/1] (0.00ns)   --->   "%tmp_17 = bitselect i1 @_ssdm_op_BitSelect.i1.i10.i32, i10 %add_ln120, i32 9" [../src/sobel.cpp:61->../src/sobel.cpp:120]   --->   Operation 78 'bitselect' 'tmp_17' <Predicate = (!tmp)> <Delay = 0.00>
ST_3 : Operation 79 [36/36] (1.47ns)   --->   "%sub16_op = urem i32 %sext_ln60, i32 3" [../src/sobel.cpp:60->../src/sobel.cpp:120]   --->   Operation 79 'urem' 'sub16_op' <Predicate = (!tmp)> <Delay = 1.47> <CoreInst = "DivnS_SEQ">   --->   Core 7 'DivnS_SEQ' <Latency = 35> <II = 2> <Delay = 1.47> <FuncUnit> <Opcode : 'udiv' 'sdiv' 'urem' 'srem'> <InPorts = 2> <OutPorts = 1>
ST_3 : Operation 80 [1/1] (0.77ns)   --->   "%icmp_ln63 = icmp_ugt  i9 %row_2, i9 479" [../src/sobel.cpp:63->../src/sobel.cpp:120]   --->   Operation 80 'icmp' 'icmp_ln63' <Predicate = (!tmp)> <Delay = 0.77> <CoreInst = "Cmp">   --->   Core 9 'Cmp' <Latency = 0> <II = 1> <Delay = 0.77> <FuncUnit> <Opcode : 'seteq' 'setne' 'setle' 'setge' 'setlt' 'setgt'> <InPorts = 2> <OutPorts = 1>

State 4 <SV = 3> <Delay = 1.47>
ST_4 : Operation 81 [35/36] (1.47ns)   --->   "%sub16_op = urem i32 %sext_ln60, i32 3" [../src/sobel.cpp:60->../src/sobel.cpp:120]   --->   Operation 81 'urem' 'sub16_op' <Predicate = true> <Delay = 1.47> <CoreInst = "DivnS_SEQ">   --->   Core 7 'DivnS_SEQ' <Latency = 35> <II = 2> <Delay = 1.47> <FuncUnit> <Opcode : 'udiv' 'sdiv' 'urem' 'srem'> <InPorts = 2> <OutPorts = 1>
ST_4 : Operation 82 [2/2] (1.23ns)   --->   "%lineBuffer_load = load i10 %lineBuffer_addr" [../src/sobel.cpp:145]   --->   Operation 82 'load' 'lineBuffer_load' <Predicate = true> <Delay = 1.23> <CoreInst = "RAM">   --->   Core 82 'RAM' <Latency = 1> <II = 1> <Delay = 1.23> <Storage> <Opcode : 'load' 'store'> <Ports = 2> <Width = 8> <Depth = 640> <RAM>
ST_4 : Operation 83 [2/2] (1.23ns)   --->   "%lineBuffer_1_load = load i10 %lineBuffer_1_addr" [../src/sobel.cpp:145]   --->   Operation 83 'load' 'lineBuffer_1_load' <Predicate = true> <Delay = 1.23> <CoreInst = "RAM">   --->   Core 82 'RAM' <Latency = 1> <II = 1> <Delay = 1.23> <Storage> <Opcode : 'load' 'store'> <Ports = 2> <Width = 8> <Depth = 640> <RAM>
ST_4 : Operation 84 [2/2] (1.23ns)   --->   "%lineBuffer_2_load = load i10 %lineBuffer_2_addr" [../src/sobel.cpp:145]   --->   Operation 84 'load' 'lineBuffer_2_load' <Predicate = true> <Delay = 1.23> <CoreInst = "RAM">   --->   Core 82 'RAM' <Latency = 1> <II = 1> <Delay = 1.23> <Storage> <Opcode : 'load' 'store'> <Ports = 2> <Width = 8> <Depth = 640> <RAM>
ST_4 : Operation 85 [2/2] (1.23ns)   --->   "%lineBuffer_load_1 = load i10 %lineBuffer_addr_1" [../src/sobel.cpp:145]   --->   Operation 85 'load' 'lineBuffer_load_1' <Predicate = true> <Delay = 1.23> <CoreInst = "RAM">   --->   Core 82 'RAM' <Latency = 1> <II = 1> <Delay = 1.23> <Storage> <Opcode : 'load' 'store'> <Ports = 2> <Width = 8> <Depth = 640> <RAM>
ST_4 : Operation 86 [2/2] (1.23ns)   --->   "%lineBuffer_1_load_1 = load i10 %lineBuffer_1_addr_1" [../src/sobel.cpp:145]   --->   Operation 86 'load' 'lineBuffer_1_load_1' <Predicate = true> <Delay = 1.23> <CoreInst = "RAM">   --->   Core 82 'RAM' <Latency = 1> <II = 1> <Delay = 1.23> <Storage> <Opcode : 'load' 'store'> <Ports = 2> <Width = 8> <Depth = 640> <RAM>
ST_4 : Operation 87 [2/2] (1.23ns)   --->   "%lineBuffer_2_load_1 = load i10 %lineBuffer_2_addr_1" [../src/sobel.cpp:145]   --->   Operation 87 'load' 'lineBuffer_2_load_1' <Predicate = true> <Delay = 1.23> <CoreInst = "RAM">   --->   Core 82 'RAM' <Latency = 1> <II = 1> <Delay = 1.23> <Storage> <Opcode : 'load' 'store'> <Ports = 2> <Width = 8> <Depth = 640> <RAM>

State 5 <SV = 4> <Delay = 1.47>
ST_5 : Operation 88 [34/36] (1.47ns)   --->   "%sub16_op = urem i32 %sext_ln60, i32 3" [../src/sobel.cpp:60->../src/sobel.cpp:120]   --->   Operation 88 'urem' 'sub16_op' <Predicate = true> <Delay = 1.47> <CoreInst = "DivnS_SEQ">   --->   Core 7 'DivnS_SEQ' <Latency = 35> <II = 2> <Delay = 1.47> <FuncUnit> <Opcode : 'udiv' 'sdiv' 'urem' 'srem'> <InPorts = 2> <OutPorts = 1>
ST_5 : Operation 89 [1/2] ( I:1.23ns O:1.23ns )   --->   "%lineBuffer_load = load i10 %lineBuffer_addr" [../src/sobel.cpp:145]   --->   Operation 89 'load' 'lineBuffer_load' <Predicate = true> <Delay = 1.23> <CoreInst = "RAM">   --->   Core 82 'RAM' <Latency = 1> <II = 1> <Delay = 1.23> <Storage> <Opcode : 'load' 'store'> <Ports = 2> <Width = 8> <Depth = 640> <RAM>
ST_5 : Operation 90 [1/2] ( I:1.23ns O:1.23ns )   --->   "%lineBuffer_1_load = load i10 %lineBuffer_1_addr" [../src/sobel.cpp:145]   --->   Operation 90 'load' 'lineBuffer_1_load' <Predicate = true> <Delay = 1.23> <CoreInst = "RAM">   --->   Core 82 'RAM' <Latency = 1> <II = 1> <Delay = 1.23> <Storage> <Opcode : 'load' 'store'> <Ports = 2> <Width = 8> <Depth = 640> <RAM>
ST_5 : Operation 91 [1/2] ( I:1.23ns O:1.23ns )   --->   "%lineBuffer_2_load = load i10 %lineBuffer_2_addr" [../src/sobel.cpp:145]   --->   Operation 91 'load' 'lineBuffer_2_load' <Predicate = true> <Delay = 1.23> <CoreInst = "RAM">   --->   Core 82 'RAM' <Latency = 1> <II = 1> <Delay = 1.23> <Storage> <Opcode : 'load' 'store'> <Ports = 2> <Width = 8> <Depth = 640> <RAM>
ST_5 : Operation 92 [1/2] ( I:1.23ns O:1.23ns )   --->   "%lineBuffer_load_1 = load i10 %lineBuffer_addr_1" [../src/sobel.cpp:145]   --->   Operation 92 'load' 'lineBuffer_load_1' <Predicate = true> <Delay = 1.23> <CoreInst = "RAM">   --->   Core 82 'RAM' <Latency = 1> <II = 1> <Delay = 1.23> <Storage> <Opcode : 'load' 'store'> <Ports = 2> <Width = 8> <Depth = 640> <RAM>
ST_5 : Operation 93 [1/2] ( I:1.23ns O:1.23ns )   --->   "%lineBuffer_1_load_1 = load i10 %lineBuffer_1_addr_1" [../src/sobel.cpp:145]   --->   Operation 93 'load' 'lineBuffer_1_load_1' <Predicate = true> <Delay = 1.23> <CoreInst = "RAM">   --->   Core 82 'RAM' <Latency = 1> <II = 1> <Delay = 1.23> <Storage> <Opcode : 'load' 'store'> <Ports = 2> <Width = 8> <Depth = 640> <RAM>
ST_5 : Operation 94 [1/2] ( I:1.23ns O:1.23ns )   --->   "%lineBuffer_2_load_1 = load i10 %lineBuffer_2_addr_1" [../src/sobel.cpp:145]   --->   Operation 94 'load' 'lineBuffer_2_load_1' <Predicate = true> <Delay = 1.23> <CoreInst = "RAM">   --->   Core 82 'RAM' <Latency = 1> <II = 1> <Delay = 1.23> <Storage> <Opcode : 'load' 'store'> <Ports = 2> <Width = 8> <Depth = 640> <RAM>

State 6 <SV = 5> <Delay = 1.47>
ST_6 : Operation 95 [33/36] (1.47ns)   --->   "%sub16_op = urem i32 %sext_ln60, i32 3" [../src/sobel.cpp:60->../src/sobel.cpp:120]   --->   Operation 95 'urem' 'sub16_op' <Predicate = true> <Delay = 1.47> <CoreInst = "DivnS_SEQ">   --->   Core 7 'DivnS_SEQ' <Latency = 35> <II = 2> <Delay = 1.47> <FuncUnit> <Opcode : 'udiv' 'sdiv' 'urem' 'srem'> <InPorts = 2> <OutPorts = 1>

State 7 <SV = 6> <Delay = 1.47>
ST_7 : Operation 96 [32/36] (1.47ns)   --->   "%sub16_op = urem i32 %sext_ln60, i32 3" [../src/sobel.cpp:60->../src/sobel.cpp:120]   --->   Operation 96 'urem' 'sub16_op' <Predicate = true> <Delay = 1.47> <CoreInst = "DivnS_SEQ">   --->   Core 7 'DivnS_SEQ' <Latency = 35> <II = 2> <Delay = 1.47> <FuncUnit> <Opcode : 'udiv' 'sdiv' 'urem' 'srem'> <InPorts = 2> <OutPorts = 1>

State 8 <SV = 7> <Delay = 1.47>
ST_8 : Operation 97 [31/36] (1.47ns)   --->   "%sub16_op = urem i32 %sext_ln60, i32 3" [../src/sobel.cpp:60->../src/sobel.cpp:120]   --->   Operation 97 'urem' 'sub16_op' <Predicate = true> <Delay = 1.47> <CoreInst = "DivnS_SEQ">   --->   Core 7 'DivnS_SEQ' <Latency = 35> <II = 2> <Delay = 1.47> <FuncUnit> <Opcode : 'udiv' 'sdiv' 'urem' 'srem'> <InPorts = 2> <OutPorts = 1>

State 9 <SV = 8> <Delay = 1.47>
ST_9 : Operation 98 [30/36] (1.47ns)   --->   "%sub16_op = urem i32 %sext_ln60, i32 3" [../src/sobel.cpp:60->../src/sobel.cpp:120]   --->   Operation 98 'urem' 'sub16_op' <Predicate = true> <Delay = 1.47> <CoreInst = "DivnS_SEQ">   --->   Core 7 'DivnS_SEQ' <Latency = 35> <II = 2> <Delay = 1.47> <FuncUnit> <Opcode : 'udiv' 'sdiv' 'urem' 'srem'> <InPorts = 2> <OutPorts = 1>

State 10 <SV = 9> <Delay = 1.47>
ST_10 : Operation 99 [29/36] (1.47ns)   --->   "%sub16_op = urem i32 %sext_ln60, i32 3" [../src/sobel.cpp:60->../src/sobel.cpp:120]   --->   Operation 99 'urem' 'sub16_op' <Predicate = true> <Delay = 1.47> <CoreInst = "DivnS_SEQ">   --->   Core 7 'DivnS_SEQ' <Latency = 35> <II = 2> <Delay = 1.47> <FuncUnit> <Opcode : 'udiv' 'sdiv' 'urem' 'srem'> <InPorts = 2> <OutPorts = 1>

State 11 <SV = 10> <Delay = 1.47>
ST_11 : Operation 100 [28/36] (1.47ns)   --->   "%sub16_op = urem i32 %sext_ln60, i32 3" [../src/sobel.cpp:60->../src/sobel.cpp:120]   --->   Operation 100 'urem' 'sub16_op' <Predicate = true> <Delay = 1.47> <CoreInst = "DivnS_SEQ">   --->   Core 7 'DivnS_SEQ' <Latency = 35> <II = 2> <Delay = 1.47> <FuncUnit> <Opcode : 'udiv' 'sdiv' 'urem' 'srem'> <InPorts = 2> <OutPorts = 1>

State 12 <SV = 11> <Delay = 1.47>
ST_12 : Operation 101 [27/36] (1.47ns)   --->   "%sub16_op = urem i32 %sext_ln60, i32 3" [../src/sobel.cpp:60->../src/sobel.cpp:120]   --->   Operation 101 'urem' 'sub16_op' <Predicate = true> <Delay = 1.47> <CoreInst = "DivnS_SEQ">   --->   Core 7 'DivnS_SEQ' <Latency = 35> <II = 2> <Delay = 1.47> <FuncUnit> <Opcode : 'udiv' 'sdiv' 'urem' 'srem'> <InPorts = 2> <OutPorts = 1>

State 13 <SV = 12> <Delay = 1.47>
ST_13 : Operation 102 [26/36] (1.47ns)   --->   "%sub16_op = urem i32 %sext_ln60, i32 3" [../src/sobel.cpp:60->../src/sobel.cpp:120]   --->   Operation 102 'urem' 'sub16_op' <Predicate = true> <Delay = 1.47> <CoreInst = "DivnS_SEQ">   --->   Core 7 'DivnS_SEQ' <Latency = 35> <II = 2> <Delay = 1.47> <FuncUnit> <Opcode : 'udiv' 'sdiv' 'urem' 'srem'> <InPorts = 2> <OutPorts = 1>

State 14 <SV = 13> <Delay = 1.47>
ST_14 : Operation 103 [25/36] (1.47ns)   --->   "%sub16_op = urem i32 %sext_ln60, i32 3" [../src/sobel.cpp:60->../src/sobel.cpp:120]   --->   Operation 103 'urem' 'sub16_op' <Predicate = true> <Delay = 1.47> <CoreInst = "DivnS_SEQ">   --->   Core 7 'DivnS_SEQ' <Latency = 35> <II = 2> <Delay = 1.47> <FuncUnit> <Opcode : 'udiv' 'sdiv' 'urem' 'srem'> <InPorts = 2> <OutPorts = 1>

State 15 <SV = 14> <Delay = 1.47>
ST_15 : Operation 104 [24/36] (1.47ns)   --->   "%sub16_op = urem i32 %sext_ln60, i32 3" [../src/sobel.cpp:60->../src/sobel.cpp:120]   --->   Operation 104 'urem' 'sub16_op' <Predicate = true> <Delay = 1.47> <CoreInst = "DivnS_SEQ">   --->   Core 7 'DivnS_SEQ' <Latency = 35> <II = 2> <Delay = 1.47> <FuncUnit> <Opcode : 'udiv' 'sdiv' 'urem' 'srem'> <InPorts = 2> <OutPorts = 1>

State 16 <SV = 15> <Delay = 1.47>
ST_16 : Operation 105 [23/36] (1.47ns)   --->   "%sub16_op = urem i32 %sext_ln60, i32 3" [../src/sobel.cpp:60->../src/sobel.cpp:120]   --->   Operation 105 'urem' 'sub16_op' <Predicate = true> <Delay = 1.47> <CoreInst = "DivnS_SEQ">   --->   Core 7 'DivnS_SEQ' <Latency = 35> <II = 2> <Delay = 1.47> <FuncUnit> <Opcode : 'udiv' 'sdiv' 'urem' 'srem'> <InPorts = 2> <OutPorts = 1>

State 17 <SV = 16> <Delay = 1.47>
ST_17 : Operation 106 [22/36] (1.47ns)   --->   "%sub16_op = urem i32 %sext_ln60, i32 3" [../src/sobel.cpp:60->../src/sobel.cpp:120]   --->   Operation 106 'urem' 'sub16_op' <Predicate = true> <Delay = 1.47> <CoreInst = "DivnS_SEQ">   --->   Core 7 'DivnS_SEQ' <Latency = 35> <II = 2> <Delay = 1.47> <FuncUnit> <Opcode : 'udiv' 'sdiv' 'urem' 'srem'> <InPorts = 2> <OutPorts = 1>

State 18 <SV = 17> <Delay = 1.47>
ST_18 : Operation 107 [21/36] (1.47ns)   --->   "%sub16_op = urem i32 %sext_ln60, i32 3" [../src/sobel.cpp:60->../src/sobel.cpp:120]   --->   Operation 107 'urem' 'sub16_op' <Predicate = true> <Delay = 1.47> <CoreInst = "DivnS_SEQ">   --->   Core 7 'DivnS_SEQ' <Latency = 35> <II = 2> <Delay = 1.47> <FuncUnit> <Opcode : 'udiv' 'sdiv' 'urem' 'srem'> <InPorts = 2> <OutPorts = 1>

State 19 <SV = 18> <Delay = 1.47>
ST_19 : Operation 108 [20/36] (1.47ns)   --->   "%sub16_op = urem i32 %sext_ln60, i32 3" [../src/sobel.cpp:60->../src/sobel.cpp:120]   --->   Operation 108 'urem' 'sub16_op' <Predicate = true> <Delay = 1.47> <CoreInst = "DivnS_SEQ">   --->   Core 7 'DivnS_SEQ' <Latency = 35> <II = 2> <Delay = 1.47> <FuncUnit> <Opcode : 'udiv' 'sdiv' 'urem' 'srem'> <InPorts = 2> <OutPorts = 1>

State 20 <SV = 19> <Delay = 1.47>
ST_20 : Operation 109 [19/36] (1.47ns)   --->   "%sub16_op = urem i32 %sext_ln60, i32 3" [../src/sobel.cpp:60->../src/sobel.cpp:120]   --->   Operation 109 'urem' 'sub16_op' <Predicate = true> <Delay = 1.47> <CoreInst = "DivnS_SEQ">   --->   Core 7 'DivnS_SEQ' <Latency = 35> <II = 2> <Delay = 1.47> <FuncUnit> <Opcode : 'udiv' 'sdiv' 'urem' 'srem'> <InPorts = 2> <OutPorts = 1>

State 21 <SV = 20> <Delay = 1.47>
ST_21 : Operation 110 [18/36] (1.47ns)   --->   "%sub16_op = urem i32 %sext_ln60, i32 3" [../src/sobel.cpp:60->../src/sobel.cpp:120]   --->   Operation 110 'urem' 'sub16_op' <Predicate = true> <Delay = 1.47> <CoreInst = "DivnS_SEQ">   --->   Core 7 'DivnS_SEQ' <Latency = 35> <II = 2> <Delay = 1.47> <FuncUnit> <Opcode : 'udiv' 'sdiv' 'urem' 'srem'> <InPorts = 2> <OutPorts = 1>

State 22 <SV = 21> <Delay = 1.47>
ST_22 : Operation 111 [17/36] (1.47ns)   --->   "%sub16_op = urem i32 %sext_ln60, i32 3" [../src/sobel.cpp:60->../src/sobel.cpp:120]   --->   Operation 111 'urem' 'sub16_op' <Predicate = true> <Delay = 1.47> <CoreInst = "DivnS_SEQ">   --->   Core 7 'DivnS_SEQ' <Latency = 35> <II = 2> <Delay = 1.47> <FuncUnit> <Opcode : 'udiv' 'sdiv' 'urem' 'srem'> <InPorts = 2> <OutPorts = 1>

State 23 <SV = 22> <Delay = 1.47>
ST_23 : Operation 112 [16/36] (1.47ns)   --->   "%sub16_op = urem i32 %sext_ln60, i32 3" [../src/sobel.cpp:60->../src/sobel.cpp:120]   --->   Operation 112 'urem' 'sub16_op' <Predicate = true> <Delay = 1.47> <CoreInst = "DivnS_SEQ">   --->   Core 7 'DivnS_SEQ' <Latency = 35> <II = 2> <Delay = 1.47> <FuncUnit> <Opcode : 'udiv' 'sdiv' 'urem' 'srem'> <InPorts = 2> <OutPorts = 1>

State 24 <SV = 23> <Delay = 1.47>
ST_24 : Operation 113 [15/36] (1.47ns)   --->   "%sub16_op = urem i32 %sext_ln60, i32 3" [../src/sobel.cpp:60->../src/sobel.cpp:120]   --->   Operation 113 'urem' 'sub16_op' <Predicate = true> <Delay = 1.47> <CoreInst = "DivnS_SEQ">   --->   Core 7 'DivnS_SEQ' <Latency = 35> <II = 2> <Delay = 1.47> <FuncUnit> <Opcode : 'udiv' 'sdiv' 'urem' 'srem'> <InPorts = 2> <OutPorts = 1>

State 25 <SV = 24> <Delay = 1.47>
ST_25 : Operation 114 [14/36] (1.47ns)   --->   "%sub16_op = urem i32 %sext_ln60, i32 3" [../src/sobel.cpp:60->../src/sobel.cpp:120]   --->   Operation 114 'urem' 'sub16_op' <Predicate = true> <Delay = 1.47> <CoreInst = "DivnS_SEQ">   --->   Core 7 'DivnS_SEQ' <Latency = 35> <II = 2> <Delay = 1.47> <FuncUnit> <Opcode : 'udiv' 'sdiv' 'urem' 'srem'> <InPorts = 2> <OutPorts = 1>

State 26 <SV = 25> <Delay = 1.47>
ST_26 : Operation 115 [13/36] (1.47ns)   --->   "%sub16_op = urem i32 %sext_ln60, i32 3" [../src/sobel.cpp:60->../src/sobel.cpp:120]   --->   Operation 115 'urem' 'sub16_op' <Predicate = true> <Delay = 1.47> <CoreInst = "DivnS_SEQ">   --->   Core 7 'DivnS_SEQ' <Latency = 35> <II = 2> <Delay = 1.47> <FuncUnit> <Opcode : 'udiv' 'sdiv' 'urem' 'srem'> <InPorts = 2> <OutPorts = 1>

State 27 <SV = 26> <Delay = 1.47>
ST_27 : Operation 116 [12/36] (1.47ns)   --->   "%sub16_op = urem i32 %sext_ln60, i32 3" [../src/sobel.cpp:60->../src/sobel.cpp:120]   --->   Operation 116 'urem' 'sub16_op' <Predicate = true> <Delay = 1.47> <CoreInst = "DivnS_SEQ">   --->   Core 7 'DivnS_SEQ' <Latency = 35> <II = 2> <Delay = 1.47> <FuncUnit> <Opcode : 'udiv' 'sdiv' 'urem' 'srem'> <InPorts = 2> <OutPorts = 1>

State 28 <SV = 27> <Delay = 1.47>
ST_28 : Operation 117 [11/36] (1.47ns)   --->   "%sub16_op = urem i32 %sext_ln60, i32 3" [../src/sobel.cpp:60->../src/sobel.cpp:120]   --->   Operation 117 'urem' 'sub16_op' <Predicate = true> <Delay = 1.47> <CoreInst = "DivnS_SEQ">   --->   Core 7 'DivnS_SEQ' <Latency = 35> <II = 2> <Delay = 1.47> <FuncUnit> <Opcode : 'udiv' 'sdiv' 'urem' 'srem'> <InPorts = 2> <OutPorts = 1>

State 29 <SV = 28> <Delay = 1.47>
ST_29 : Operation 118 [10/36] (1.47ns)   --->   "%sub16_op = urem i32 %sext_ln60, i32 3" [../src/sobel.cpp:60->../src/sobel.cpp:120]   --->   Operation 118 'urem' 'sub16_op' <Predicate = true> <Delay = 1.47> <CoreInst = "DivnS_SEQ">   --->   Core 7 'DivnS_SEQ' <Latency = 35> <II = 2> <Delay = 1.47> <FuncUnit> <Opcode : 'udiv' 'sdiv' 'urem' 'srem'> <InPorts = 2> <OutPorts = 1>

State 30 <SV = 29> <Delay = 1.47>
ST_30 : Operation 119 [9/36] (1.47ns)   --->   "%sub16_op = urem i32 %sext_ln60, i32 3" [../src/sobel.cpp:60->../src/sobel.cpp:120]   --->   Operation 119 'urem' 'sub16_op' <Predicate = true> <Delay = 1.47> <CoreInst = "DivnS_SEQ">   --->   Core 7 'DivnS_SEQ' <Latency = 35> <II = 2> <Delay = 1.47> <FuncUnit> <Opcode : 'udiv' 'sdiv' 'urem' 'srem'> <InPorts = 2> <OutPorts = 1>

State 31 <SV = 30> <Delay = 1.47>
ST_31 : Operation 120 [8/36] (1.47ns)   --->   "%sub16_op = urem i32 %sext_ln60, i32 3" [../src/sobel.cpp:60->../src/sobel.cpp:120]   --->   Operation 120 'urem' 'sub16_op' <Predicate = true> <Delay = 1.47> <CoreInst = "DivnS_SEQ">   --->   Core 7 'DivnS_SEQ' <Latency = 35> <II = 2> <Delay = 1.47> <FuncUnit> <Opcode : 'udiv' 'sdiv' 'urem' 'srem'> <InPorts = 2> <OutPorts = 1>

State 32 <SV = 31> <Delay = 1.47>
ST_32 : Operation 121 [7/36] (1.47ns)   --->   "%sub16_op = urem i32 %sext_ln60, i32 3" [../src/sobel.cpp:60->../src/sobel.cpp:120]   --->   Operation 121 'urem' 'sub16_op' <Predicate = true> <Delay = 1.47> <CoreInst = "DivnS_SEQ">   --->   Core 7 'DivnS_SEQ' <Latency = 35> <II = 2> <Delay = 1.47> <FuncUnit> <Opcode : 'udiv' 'sdiv' 'urem' 'srem'> <InPorts = 2> <OutPorts = 1>

State 33 <SV = 32> <Delay = 1.47>
ST_33 : Operation 122 [6/36] (1.47ns)   --->   "%sub16_op = urem i32 %sext_ln60, i32 3" [../src/sobel.cpp:60->../src/sobel.cpp:120]   --->   Operation 122 'urem' 'sub16_op' <Predicate = true> <Delay = 1.47> <CoreInst = "DivnS_SEQ">   --->   Core 7 'DivnS_SEQ' <Latency = 35> <II = 2> <Delay = 1.47> <FuncUnit> <Opcode : 'udiv' 'sdiv' 'urem' 'srem'> <InPorts = 2> <OutPorts = 1>

State 34 <SV = 33> <Delay = 1.47>
ST_34 : Operation 123 [5/36] (1.47ns)   --->   "%sub16_op = urem i32 %sext_ln60, i32 3" [../src/sobel.cpp:60->../src/sobel.cpp:120]   --->   Operation 123 'urem' 'sub16_op' <Predicate = true> <Delay = 1.47> <CoreInst = "DivnS_SEQ">   --->   Core 7 'DivnS_SEQ' <Latency = 35> <II = 2> <Delay = 1.47> <FuncUnit> <Opcode : 'udiv' 'sdiv' 'urem' 'srem'> <InPorts = 2> <OutPorts = 1>

State 35 <SV = 34> <Delay = 1.47>
ST_35 : Operation 124 [4/36] (1.47ns)   --->   "%sub16_op = urem i32 %sext_ln60, i32 3" [../src/sobel.cpp:60->../src/sobel.cpp:120]   --->   Operation 124 'urem' 'sub16_op' <Predicate = true> <Delay = 1.47> <CoreInst = "DivnS_SEQ">   --->   Core 7 'DivnS_SEQ' <Latency = 35> <II = 2> <Delay = 1.47> <FuncUnit> <Opcode : 'udiv' 'sdiv' 'urem' 'srem'> <InPorts = 2> <OutPorts = 1>

State 36 <SV = 35> <Delay = 1.47>
ST_36 : Operation 125 [3/36] (1.47ns)   --->   "%sub16_op = urem i32 %sext_ln60, i32 3" [../src/sobel.cpp:60->../src/sobel.cpp:120]   --->   Operation 125 'urem' 'sub16_op' <Predicate = true> <Delay = 1.47> <CoreInst = "DivnS_SEQ">   --->   Core 7 'DivnS_SEQ' <Latency = 35> <II = 2> <Delay = 1.47> <FuncUnit> <Opcode : 'udiv' 'sdiv' 'urem' 'srem'> <InPorts = 2> <OutPorts = 1>

State 37 <SV = 36> <Delay = 1.47>
ST_37 : Operation 126 [2/36] (1.47ns)   --->   "%sub16_op = urem i32 %sext_ln60, i32 3" [../src/sobel.cpp:60->../src/sobel.cpp:120]   --->   Operation 126 'urem' 'sub16_op' <Predicate = true> <Delay = 1.47> <CoreInst = "DivnS_SEQ">   --->   Core 7 'DivnS_SEQ' <Latency = 35> <II = 2> <Delay = 1.47> <FuncUnit> <Opcode : 'udiv' 'sdiv' 'urem' 'srem'> <InPorts = 2> <OutPorts = 1>

State 38 <SV = 37> <Delay = 2.50>
ST_38 : Operation 127 [1/1] (0.00ns)   --->   "%phi_urem69_load_1 = load i9 %phi_urem69" [../src/sobel.cpp:60->../src/sobel.cpp:120]   --->   Operation 127 'load' 'phi_urem69_load_1' <Predicate = true> <Delay = 0.00>
ST_38 : Operation 128 [1/36] (1.47ns)   --->   "%sub16_op = urem i32 %sext_ln60, i32 3" [../src/sobel.cpp:60->../src/sobel.cpp:120]   --->   Operation 128 'urem' 'sub16_op' <Predicate = true> <Delay = 1.47> <CoreInst = "DivnS_SEQ">   --->   Core 7 'DivnS_SEQ' <Latency = 35> <II = 2> <Delay = 1.47> <FuncUnit> <Opcode : 'udiv' 'sdiv' 'urem' 'srem'> <InPorts = 2> <OutPorts = 1>
ST_38 : Operation 129 [1/1] (0.00ns)   --->   "%empty = trunc i2 %sub16_op" [../src/sobel.cpp:60->../src/sobel.cpp:120]   --->   Operation 129 'trunc' 'empty' <Predicate = (!tmp_17)> <Delay = 0.00>
ST_38 : Operation 130 [1/1] (0.17ns)   --->   "%empty_57 = select i1 %tmp_17, i2 0, i2 %empty" [../src/sobel.cpp:61->../src/sobel.cpp:120]   --->   Operation 130 'select' 'empty_57' <Predicate = true> <Delay = 0.17> <CoreInst = "Sel">   --->   Core 73 'Sel' <Latency = 0> <II = 1> <Delay = 0.17> <FuncUnit> <Opcode : 'select'> <InPorts = 3> <OutPorts = 1>
ST_38 : Operation 131 [1/1] (0.00ns)   --->   "%trunc_ln60 = trunc i9 %phi_urem69_load_1" [../src/sobel.cpp:60->../src/sobel.cpp:120]   --->   Operation 131 'trunc' 'trunc_ln60' <Predicate = true> <Delay = 0.00>
ST_38 : Operation 132 [1/1] (0.17ns)   --->   "%select_ln23 = select i1 %icmp_ln63, i2 2, i2 %trunc_ln60" [../src/sobel.cpp:23->../src/sobel.cpp:119]   --->   Operation 132 'select' 'select_ln23' <Predicate = true> <Delay = 0.17> <CoreInst = "Sel">   --->   Core 73 'Sel' <Latency = 0> <II = 1> <Delay = 0.20> <FuncUnit> <Opcode : 'select'> <InPorts = 3> <OutPorts = 1>
ST_38 : Operation 133 [1/1] (0.42ns)   --->   "%tmp_1 = sparsemux i8 @_ssdm_op_SparseMux.ap_auto.3i8.i8.i2, i2 0, i8 %lineBuffer_load, i2 1, i8 %lineBuffer_1_load, i2 2, i8 %lineBuffer_2_load, i8 0, i2 %empty_57" [../src/sobel.cpp:145]   --->   Operation 133 'sparsemux' 'tmp_1' <Predicate = true> <Delay = 0.42> <CoreInst = "OneHotSparseMux_HasDef">   --->   Core 152 'OneHotSparseMux_HasDef' <Latency = 0> <II = 1> <Delay = 0.42> <FuncUnit> <Opcode : 'sparsemux'> <InPorts = 2> <OutPorts = 1>
ST_38 : Operation 134 [1/1] (0.42ns)   --->   "%tmp_2 = sparsemux i8 @_ssdm_op_SparseMux.ap_auto.3i8.i8.i2, i2 1, i8 %lineBuffer_load, i2 2, i8 %lineBuffer_1_load, i2 0, i8 %lineBuffer_2_load, i8 0, i2 %trunc_ln60" [../src/sobel.cpp:145]   --->   Operation 134 'sparsemux' 'tmp_2' <Predicate = true> <Delay = 0.42> <CoreInst = "OneHotSparseMux_HasDef">   --->   Core 152 'OneHotSparseMux_HasDef' <Latency = 0> <II = 1> <Delay = 0.42> <FuncUnit> <Opcode : 'sparsemux'> <InPorts = 2> <OutPorts = 1>
ST_38 : Operation 135 [1/1] (0.42ns)   --->   "%tmp_3 = sparsemux i8 @_ssdm_op_SparseMux.ap_auto.3i8.i8.i2, i2 0, i8 %lineBuffer_load, i2 1, i8 %lineBuffer_1_load, i2 2, i8 %lineBuffer_2_load, i8 0, i2 %select_ln23" [../src/sobel.cpp:145]   --->   Operation 135 'sparsemux' 'tmp_3' <Predicate = true> <Delay = 0.42> <CoreInst = "OneHotSparseMux_HasDef">   --->   Core 152 'OneHotSparseMux_HasDef' <Latency = 0> <II = 1> <Delay = 0.42> <FuncUnit> <Opcode : 'sparsemux'> <InPorts = 2> <OutPorts = 1>
ST_38 : Operation 136 [1/1] (0.42ns)   --->   "%tmp_4 = sparsemux i8 @_ssdm_op_SparseMux.ap_auto.3i8.i8.i2, i2 0, i8 %lineBuffer_load_1, i2 1, i8 %lineBuffer_1_load_1, i2 2, i8 %lineBuffer_2_load_1, i8 0, i2 %empty_57" [../src/sobel.cpp:145]   --->   Operation 136 'sparsemux' 'tmp_4' <Predicate = true> <Delay = 0.42> <CoreInst = "OneHotSparseMux_HasDef">   --->   Core 152 'OneHotSparseMux_HasDef' <Latency = 0> <II = 1> <Delay = 0.42> <FuncUnit> <Opcode : 'sparsemux'> <InPorts = 2> <OutPorts = 1>
ST_38 : Operation 137 [1/1] (0.42ns)   --->   "%tmp_5 = sparsemux i8 @_ssdm_op_SparseMux.ap_auto.3i8.i8.i2, i2 1, i8 %lineBuffer_load_1, i2 2, i8 %lineBuffer_1_load_1, i2 0, i8 %lineBuffer_2_load_1, i8 0, i2 %trunc_ln60" [../src/sobel.cpp:145]   --->   Operation 137 'sparsemux' 'tmp_5' <Predicate = true> <Delay = 0.42> <CoreInst = "OneHotSparseMux_HasDef">   --->   Core 152 'OneHotSparseMux_HasDef' <Latency = 0> <II = 1> <Delay = 0.42> <FuncUnit> <Opcode : 'sparsemux'> <InPorts = 2> <OutPorts = 1>
ST_38 : Operation 138 [1/1] (0.42ns)   --->   "%tmp_6 = sparsemux i8 @_ssdm_op_SparseMux.ap_auto.3i8.i8.i2, i2 0, i8 %lineBuffer_load_1, i2 1, i8 %lineBuffer_1_load_1, i2 2, i8 %lineBuffer_2_load_1, i8 0, i2 %select_ln23" [../src/sobel.cpp:145]   --->   Operation 138 'sparsemux' 'tmp_6' <Predicate = true> <Delay = 0.42> <CoreInst = "OneHotSparseMux_HasDef">   --->   Core 152 'OneHotSparseMux_HasDef' <Latency = 0> <II = 1> <Delay = 0.42> <FuncUnit> <Opcode : 'sparsemux'> <InPorts = 2> <OutPorts = 1>
ST_38 : Operation 139 [2/2] (0.42ns)   --->   "%call_ln145 = call void @sobel_Pipeline_VITIS_LOOP_149_6, i8 %tmp_2, i8 %tmp_6, i8 %tmp_3, i8 %tmp_5, i8 %tmp_4, i8 %tmp_1, i24 %sobel_out, i8 %lineBuffer, i8 %lineBuffer_1, i8 %lineBuffer_2, i2 %empty_57, i2 %trunc_ln60, i2 %select_ln23" [../src/sobel.cpp:145]   --->   Operation 139 'call' 'call_ln145' <Predicate = true> <Delay = 0.42> <CoreType = "Generic">   --->   Generic Core

State 39 <SV = 38> <Delay = 1.60>
ST_39 : Operation 140 [1/2] (0.00ns)   --->   "%call_ln145 = call void @sobel_Pipeline_VITIS_LOOP_149_6, i8 %tmp_2, i8 %tmp_6, i8 %tmp_3, i8 %tmp_5, i8 %tmp_4, i8 %tmp_1, i24 %sobel_out, i8 %lineBuffer, i8 %lineBuffer_1, i8 %lineBuffer_2, i2 %empty_57, i2 %trunc_ln60, i2 %select_ln23" [../src/sobel.cpp:145]   --->   Operation 140 'call' 'call_ln145' <Predicate = (!tmp)> <Delay = 0.00> <CoreType = "Generic">   --->   Generic Core
ST_39 : Operation 141 [1/1] (0.00ns)   --->   "%br_ln0 = br void %cleanup"   --->   Operation 141 'br' 'br_ln0' <Predicate = (!tmp)> <Delay = 0.00>
ST_39 : Operation 142 [1/1] (0.00ns)   --->   "%phi_urem69_load = load i9 %phi_urem69" [../src/sobel.cpp:90]   --->   Operation 142 'load' 'phi_urem69_load' <Predicate = true> <Delay = 0.00>
ST_39 : Operation 143 [1/1] (0.00ns)   --->   "%phi_urem_load = load i9 %phi_urem" [../src/sobel.cpp:90]   --->   Operation 143 'load' 'phi_urem_load' <Predicate = true> <Delay = 0.00>
ST_39 : Operation 144 [1/1] (0.77ns)   --->   "%add_ln90 = add i9 %phi_urem69_load, i9 1" [../src/sobel.cpp:90]   --->   Operation 144 'add' 'add_ln90' <Predicate = true> <Delay = 0.77> <CoreInst = "Adder">   --->   Core 1 'Adder' <Latency = 0> <II = 1> <Delay = 0.77> <FuncUnit> <Opcode : 'add' 'sub'> <InPorts = 2> <OutPorts = 1>
ST_39 : Operation 145 [1/1] (0.77ns)   --->   "%icmp_ln90 = icmp_eq  i9 %phi_urem69_load, i9 2" [../src/sobel.cpp:90]   --->   Operation 145 'icmp' 'icmp_ln90' <Predicate = true> <Delay = 0.77> <CoreInst = "Cmp">   --->   Core 9 'Cmp' <Latency = 0> <II = 1> <Delay = 0.77> <FuncUnit> <Opcode : 'seteq' 'setne' 'setle' 'setge' 'setlt' 'setgt'> <InPorts = 2> <OutPorts = 1>
ST_39 : Operation 146 [1/1] (0.39ns)   --->   "%select_ln90 = select i1 %icmp_ln90, i9 0, i9 %add_ln90" [../src/sobel.cpp:90]   --->   Operation 146 'select' 'select_ln90' <Predicate = true> <Delay = 0.39> <CoreInst = "Sel">   --->   Core 73 'Sel' <Latency = 0> <II = 1> <Delay = 0.39> <FuncUnit> <Opcode : 'select'> <InPorts = 3> <OutPorts = 1>
ST_39 : Operation 147 [1/1] (0.77ns)   --->   "%add_ln90_1 = add i9 %phi_urem_load, i9 1" [../src/sobel.cpp:90]   --->   Operation 147 'add' 'add_ln90_1' <Predicate = true> <Delay = 0.77> <CoreInst = "Adder">   --->   Core 1 'Adder' <Latency = 0> <II = 1> <Delay = 0.77> <FuncUnit> <Opcode : 'add' 'sub'> <InPorts = 2> <OutPorts = 1>
ST_39 : Operation 148 [1/1] (0.77ns)   --->   "%icmp_ln90_1 = icmp_eq  i9 %phi_urem_load, i9 2" [../src/sobel.cpp:90]   --->   Operation 148 'icmp' 'icmp_ln90_1' <Predicate = true> <Delay = 0.77> <CoreInst = "Cmp">   --->   Core 9 'Cmp' <Latency = 0> <II = 1> <Delay = 0.77> <FuncUnit> <Opcode : 'seteq' 'setne' 'setle' 'setge' 'setlt' 'setgt'> <InPorts = 2> <OutPorts = 1>
ST_39 : Operation 149 [1/1] (0.39ns)   --->   "%select_ln90_1 = select i1 %icmp_ln90_1, i9 0, i9 %add_ln90_1" [../src/sobel.cpp:90]   --->   Operation 149 'select' 'select_ln90_1' <Predicate = true> <Delay = 0.39> <CoreInst = "Sel">   --->   Core 73 'Sel' <Latency = 0> <II = 1> <Delay = 0.39> <FuncUnit> <Opcode : 'select'> <InPorts = 3> <OutPorts = 1>
ST_39 : Operation 150 [1/1] (0.42ns)   --->   "%store_ln60 = store i9 %rowsReceived, i9 %row_1" [../src/sobel.cpp:60->../src/sobel.cpp:120]   --->   Operation 150 'store' 'store_ln60' <Predicate = true> <Delay = 0.42>
ST_39 : Operation 151 [1/1] (0.42ns)   --->   "%store_ln90 = store i9 %select_ln90_1, i9 %phi_urem" [../src/sobel.cpp:90]   --->   Operation 151 'store' 'store_ln90' <Predicate = true> <Delay = 0.42>
ST_39 : Operation 152 [1/1] (0.42ns)   --->   "%store_ln90 = store i9 %select_ln90, i9 %phi_urem69" [../src/sobel.cpp:90]   --->   Operation 152 'store' 'store_ln90' <Predicate = true> <Delay = 0.42>
ST_39 : Operation 153 [1/1] (0.00ns)   --->   "%br_ln92 = br void %for.body" [../src/sobel.cpp:92]   --->   Operation 153 'br' 'br_ln92' <Predicate = true> <Delay = 0.00>


============================================================
+ Verbose Summary: Binding
============================================================
STG Binding: 
---------------- STG Properties BEGIN ----------------
- Is combinational: 0
- Is one-state seq: 0
- Is datapath-only: 0
- Is pipelined: 0
- Is top level: 0
Port [ Return ] is wired: 1; IO mode=ap_ctrl_hs:ce=0
Port [ gauss_out]:  wired=1; compound=1; hidden=0; nouse=0; global=0; static=0; extern=0; dir=0; type=3; pingpong=0; private_global=0; IO mode=ap_fifo:ce=0
Port [ sobel_out]:  wired=1; compound=1; hidden=0; nouse=0; global=0; static=0; extern=0; dir=1; type=3; pingpong=0; private_global=0; IO mode=ap_fifo:ce=0
---------------- STG Properties END ------------------

---------------- Datapath Model BEGIN ----------------

<LifeTime>
<method=bitvector/>
phi_urem69            (alloca           ) [ 0111111111111111111111111111111111111111]
phi_urem              (alloca           ) [ 0111111111111111111111111111111111111111]
row_1                 (alloca           ) [ 0111111111111111111111111111111111111111]
specinterface_ln0     (specinterface    ) [ 0000000000000000000000000000000000000000]
specinterface_ln0     (specinterface    ) [ 0000000000000000000000000000000000000000]
lineBuffer            (alloca           ) [ 0011111111111111111111111111111111111111]
lineBuffer_1          (alloca           ) [ 0011111111111111111111111111111111111111]
lineBuffer_2          (alloca           ) [ 0011111111111111111111111111111111111111]
lineBuffer_addr       (getelementptr    ) [ 0011111111111111111111111111111111111111]
lineBuffer_1_addr     (getelementptr    ) [ 0011111111111111111111111111111111111111]
lineBuffer_2_addr     (getelementptr    ) [ 0011111111111111111111111111111111111111]
lineBuffer_addr_1     (getelementptr    ) [ 0011111111111111111111111111111111111111]
lineBuffer_1_addr_1   (getelementptr    ) [ 0011111111111111111111111111111111111111]
lineBuffer_2_addr_1   (getelementptr    ) [ 0011111111111111111111111111111111111111]
store_ln60            (store            ) [ 0000000000000000000000000000000000000000]
store_ln0             (store            ) [ 0000000000000000000000000000000000000000]
store_ln0             (store            ) [ 0000000000000000000000000000000000000000]
br_ln92               (br               ) [ 0000000000000000000000000000000000000000]
row_2                 (load             ) [ 0001000000000000000000000000000000000000]
icmp_ln92             (icmp             ) [ 0011111111111111111111111111111111111111]
speclooptripcount_ln0 (speclooptripcount) [ 0000000000000000000000000000000000000000]
rowsReceived          (add              ) [ 0001111111111111111111111111111111111111]
br_ln92               (br               ) [ 0000000000000000000000000000000000000000]
zext_ln92             (zext             ) [ 0001000000000000000000000000000000000000]
specloopname_ln92     (specloopname     ) [ 0000000000000000000000000000000000000000]
icmp_ln93             (icmp             ) [ 0011111111111111111111111111111111111111]
br_ln93               (br               ) [ 0000000000000000000000000000000000000000]
phi_urem_load_1       (load             ) [ 0000000000000000000000000000000000000000]
trunc_ln98            (trunc            ) [ 0001000000000000000000000000000000000000]
ret_ln203             (ret              ) [ 0000000000000000000000000000000000000000]
call_ln98             (call             ) [ 0000000000000000000000000000000000000000]
br_ln0                (br               ) [ 0000000000000000000000000000000000000000]
outputRow             (add              ) [ 0000000000000000000000000000000000000000]
tmp                   (bitselect        ) [ 0011111111111111111111111111111111111111]
br_ln105              (br               ) [ 0000000000000000000000000000000000000000]
add_ln120             (add              ) [ 0000000000000000000000000000000000000000]
sext_ln60             (sext             ) [ 0000111111111111111111111111111111111110]
tmp_17                (bitselect        ) [ 0000111111111111111111111111111111111110]
icmp_ln63             (icmp             ) [ 0000111111111111111111111111111111111110]
lineBuffer_load       (load             ) [ 0000001111111111111111111111111111111110]
lineBuffer_1_load     (load             ) [ 0000001111111111111111111111111111111110]
lineBuffer_2_load     (load             ) [ 0000001111111111111111111111111111111110]
lineBuffer_load_1     (load             ) [ 0000001111111111111111111111111111111110]
lineBuffer_1_load_1   (load             ) [ 0000001111111111111111111111111111111110]
lineBuffer_2_load_1   (load             ) [ 0000001111111111111111111111111111111110]
phi_urem69_load_1     (load             ) [ 0000000000000000000000000000000000000000]
sub16_op              (urem             ) [ 0000000000000000000000000000000000000000]
empty                 (trunc            ) [ 0000000000000000000000000000000000000000]
empty_57              (select           ) [ 0011000000000000000000000000000000000001]
trunc_ln60            (trunc            ) [ 0011000000000000000000000000000000000001]
select_ln23           (select           ) [ 0011000000000000000000000000000000000001]
tmp_1                 (sparsemux        ) [ 0011000000000000000000000000000000000001]
tmp_2                 (sparsemux        ) [ 0011000000000000000000000000000000000001]
tmp_3                 (sparsemux        ) [ 0011000000000000000000000000000000000001]
tmp_4                 (sparsemux        ) [ 0011000000000000000000000000000000000001]
tmp_5                 (sparsemux        ) [ 0011000000000000000000000000000000000001]
tmp_6                 (sparsemux        ) [ 0011000000000000000000000000000000000001]
call_ln145            (call             ) [ 0000000000000000000000000000000000000000]
br_ln0                (br               ) [ 0000000000000000000000000000000000000000]
phi_urem69_load       (load             ) [ 0000000000000000000000000000000000000000]
phi_urem_load         (load             ) [ 0000000000000000000000000000000000000000]
add_ln90              (add              ) [ 0000000000000000000000000000000000000000]
icmp_ln90             (icmp             ) [ 0000000000000000000000000000000000000000]
select_ln90           (select           ) [ 0000000000000000000000000000000000000000]
add_ln90_1            (add              ) [ 0000000000000000000000000000000000000000]
icmp_ln90_1           (icmp             ) [ 0000000000000000000000000000000000000000]
select_ln90_1         (select           ) [ 0000000000000000000000000000000000000000]
store_ln60            (store            ) [ 0000000000000000000000000000000000000000]
store_ln90            (store            ) [ 0000000000000000000000000000000000000000]
store_ln90            (store            ) [ 0000000000000000000000000000000000000000]
br_ln92               (br               ) [ 0000000000000000000000000000000000000000]
</LifeTime>

<model>

<comp_list>
<comp id="0" class="1000" name="gauss_out">
<pin_list>
<pin id="1" dir="1" index="0" bw="1" slack="0"/>
</pin_list>
<bind>
<StgValue><ssdm name="gauss_out"/></StgValue>
</bind>
</comp>

<comp id="2" class="1000" name="sobel_out">
<pin_list>
<pin id="3" dir="1" index="0" bw="1" slack="0"/>
</pin_list>
<bind>
<StgValue><ssdm name="sobel_out"/></StgValue>
</bind>
</comp>

<comp id="4" class="1001" name="const_4">
<pin_list>
<pin id="5" dir="1" index="0" bw="1" slack="0"/>
</pin_list>
<bind>
<StgValue><ssdm name=""/></StgValue>
</bind>
</comp>

<comp id="6" class="1001" name="const_6">
<pin_list>
<pin id="7" dir="1" index="0" bw="1" slack="2147483647"/>
</pin_list>
<bind>
<StgValue><ssdm name="_ssdm_op_SpecInterface"/></StgValue>
</bind>
</comp>

<comp id="8" class="1001" name="const_8">
<pin_list>
<pin id="9" dir="1" index="0" bw="1" slack="2147483647"/>
</pin_list>
<bind>
<StgValue><ssdm name="empty_10"/></StgValue>
</bind>
</comp>

<comp id="10" class="1001" name="const_10">
<pin_list>
<pin id="11" dir="1" index="0" bw="1" slack="2147483647"/>
</pin_list>
<bind>
<StgValue><ssdm name=""/></StgValue>
</bind>
</comp>

<comp id="12" class="1001" name="const_12">
<pin_list>
<pin id="13" dir="1" index="0" bw="1" slack="2147483647"/>
</pin_list>
<bind>
<StgValue><ssdm name="empty_4"/></StgValue>
</bind>
</comp>

<comp id="14" class="1001" name="const_14">
<pin_list>
<pin id="15" dir="1" index="0" bw="1" slack="2147483647"/>
</pin_list>
<bind>
<StgValue><ssdm name=""/></StgValue>
</bind>
</comp>

<comp id="16" class="1001" name="const_16">
<pin_list>
<pin id="17" dir="1" index="0" bw="1" slack="0"/>
</pin_list>
<bind>
<StgValue><ssdm name=""/></StgValue>
</bind>
</comp>

<comp id="18" class="1001" name="const_18">
<pin_list>
<pin id="19" dir="1" index="0" bw="1" slack="0"/>
</pin_list>
<bind>
<StgValue><ssdm name=""/></StgValue>
</bind>
</comp>

<comp id="20" class="1001" name="const_20">
<pin_list>
<pin id="21" dir="1" index="0" bw="1" slack="0"/>
</pin_list>
<bind>
<StgValue><ssdm name=""/></StgValue>
</bind>
</comp>

<comp id="22" class="1001" name="const_22">
<pin_list>
<pin id="23" dir="1" index="0" bw="1" slack="0"/>
</pin_list>
<bind>
<StgValue><ssdm name=""/></StgValue>
</bind>
</comp>

<comp id="24" class="1001" name="const_24">
<pin_list>
<pin id="25" dir="1" index="0" bw="1" slack="2147483647"/>
</pin_list>
<bind>
<StgValue><ssdm name="_ssdm_op_SpecLoopTripCount"/></StgValue>
</bind>
</comp>

<comp id="26" class="1001" name="const_26">
<pin_list>
<pin id="27" dir="1" index="0" bw="1" slack="2147483647"/>
</pin_list>
<bind>
<StgValue><ssdm name=""/></StgValue>
</bind>
</comp>

<comp id="28" class="1001" name="const_28">
<pin_list>
<pin id="29" dir="1" index="0" bw="1" slack="0"/>
</pin_list>
<bind>
<StgValue><ssdm name=""/></StgValue>
</bind>
</comp>

<comp id="30" class="1001" name="const_30">
<pin_list>
<pin id="31" dir="1" index="0" bw="1" slack="2147483647"/>
</pin_list>
<bind>
<StgValue><ssdm name="_ssdm_op_SpecLoopName"/></StgValue>
</bind>
</comp>

<comp id="32" class="1001" name="const_32">
<pin_list>
<pin id="33" dir="1" index="0" bw="1" slack="2147483647"/>
</pin_list>
<bind>
<StgValue><ssdm name="empty_23"/></StgValue>
</bind>
</comp>

<comp id="34" class="1001" name="const_34">
<pin_list>
<pin id="35" dir="1" index="0" bw="1" slack="0"/>
</pin_list>
<bind>
<StgValue><ssdm name=""/></StgValue>
</bind>
</comp>

<comp id="36" class="1001" name="const_36">
<pin_list>
<pin id="37" dir="1" index="0" bw="1" slack="0"/>
</pin_list>
<bind>
<StgValue><ssdm name="sobel_Pipeline_VITIS_LOOP_96_2"/></StgValue>
</bind>
</comp>

<comp id="38" class="1001" name="const_38">
<pin_list>
<pin id="39" dir="1" index="0" bw="1" slack="0"/>
</pin_list>
<bind>
<StgValue><ssdm name=""/></StgValue>
</bind>
</comp>

<comp id="40" class="1001" name="const_40">
<pin_list>
<pin id="41" dir="1" index="0" bw="1" slack="0"/>
</pin_list>
<bind>
<StgValue><ssdm name="_ssdm_op_BitSelect.i1.i10.i32"/></StgValue>
</bind>
</comp>

<comp id="42" class="1001" name="const_42">
<pin_list>
<pin id="43" dir="1" index="0" bw="1" slack="0"/>
</pin_list>
<bind>
<StgValue><ssdm name=""/></StgValue>
</bind>
</comp>

<comp id="44" class="1001" name="const_44">
<pin_list>
<pin id="45" dir="1" index="0" bw="1" slack="0"/>
</pin_list>
<bind>
<StgValue><ssdm name=""/></StgValue>
</bind>
</comp>

<comp id="46" class="1001" name="const_46">
<pin_list>
<pin id="47" dir="1" index="0" bw="1" slack="0"/>
</pin_list>
<bind>
<StgValue><ssdm name=""/></StgValue>
</bind>
</comp>

<comp id="48" class="1001" name="const_48">
<pin_list>
<pin id="49" dir="1" index="0" bw="1" slack="0"/>
</pin_list>
<bind>
<StgValue><ssdm name=""/></StgValue>
</bind>
</comp>

<comp id="50" class="1001" name="const_50">
<pin_list>
<pin id="51" dir="1" index="0" bw="1" slack="0"/>
</pin_list>
<bind>
<StgValue><ssdm name=""/></StgValue>
</bind>
</comp>

<comp id="52" class="1001" name="const_52">
<pin_list>
<pin id="53" dir="1" index="0" bw="1" slack="0"/>
</pin_list>
<bind>
<StgValue><ssdm name=""/></StgValue>
</bind>
</comp>

<comp id="54" class="1001" name="const_54">
<pin_list>
<pin id="55" dir="1" index="0" bw="1" slack="0"/>
</pin_list>
<bind>
<StgValue><ssdm name="_ssdm_op_SparseMux.ap_auto.3i8.i8.i2"/></StgValue>
</bind>
</comp>

<comp id="56" class="1001" name="const_56">
<pin_list>
<pin id="57" dir="1" index="0" bw="1" slack="0"/>
</pin_list>
<bind>
<StgValue><ssdm name=""/></StgValue>
</bind>
</comp>

<comp id="58" class="1001" name="const_58">
<pin_list>
<pin id="59" dir="1" index="0" bw="1" slack="0"/>
</pin_list>
<bind>
<StgValue><ssdm name=""/></StgValue>
</bind>
</comp>

<comp id="60" class="1001" name="const_60">
<pin_list>
<pin id="61" dir="1" index="0" bw="1" slack="0"/>
</pin_list>
<bind>
<StgValue><ssdm name="sobel_Pipeline_VITIS_LOOP_149_6"/></StgValue>
</bind>
</comp>

<comp id="62" class="1001" name="const_62">
<pin_list>
<pin id="63" dir="1" index="0" bw="1" slack="0"/>
</pin_list>
<bind>
<StgValue><ssdm name=""/></StgValue>
</bind>
</comp>

<comp id="64" class="1004" name="phi_urem69_fu_64">
<pin_list>
<pin id="65" dir="0" index="0" bw="1" slack="0"/>
<pin id="66" dir="1" index="1" bw="9" slack="0"/>
</pin_list>
<bind>
<opcode="alloca(26) " fcode="alloca"/>
<opset="phi_urem69/1 "/>
</bind>
</comp>

<comp id="68" class="1004" name="phi_urem_fu_68">
<pin_list>
<pin id="69" dir="0" index="0" bw="1" slack="0"/>
<pin id="70" dir="1" index="1" bw="9" slack="0"/>
</pin_list>
<bind>
<opcode="alloca(26) " fcode="alloca"/>
<opset="phi_urem/1 "/>
</bind>
</comp>

<comp id="72" class="1004" name="row_1_fu_72">
<pin_list>
<pin id="73" dir="0" index="0" bw="1" slack="0"/>
<pin id="74" dir="1" index="1" bw="9" slack="0"/>
</pin_list>
<bind>
<opcode="alloca(26) " fcode="alloca"/>
<opset="row_1/1 "/>
</bind>
</comp>

<comp id="76" class="1004" name="lineBuffer_alloca_fu_76">
<pin_list>
<pin id="77" dir="0" index="0" bw="1" slack="0"/>
<pin id="78" dir="1" index="1" bw="8" slack="0"/>
</pin_list>
<bind>
<opcode="alloca(26) " fcode="alloca"/>
<opset="lineBuffer/1 "/>
</bind>
</comp>

<comp id="80" class="1004" name="lineBuffer_1_alloca_fu_80">
<pin_list>
<pin id="81" dir="0" index="0" bw="1" slack="0"/>
<pin id="82" dir="1" index="1" bw="8" slack="0"/>
</pin_list>
<bind>
<opcode="alloca(26) " fcode="alloca"/>
<opset="lineBuffer_1/1 "/>
</bind>
</comp>

<comp id="84" class="1004" name="lineBuffer_2_alloca_fu_84">
<pin_list>
<pin id="85" dir="0" index="0" bw="1" slack="0"/>
<pin id="86" dir="1" index="1" bw="8" slack="0"/>
</pin_list>
<bind>
<opcode="alloca(26) " fcode="alloca"/>
<opset="lineBuffer_2/1 "/>
</bind>
</comp>

<comp id="88" class="1004" name="lineBuffer_addr_gep_fu_88">
<pin_list>
<pin id="89" dir="0" index="0" bw="8" slack="0"/>
<pin id="90" dir="0" index="1" bw="1" slack="0"/>
<pin id="91" dir="0" index="2" bw="1" slack="0"/>
<pin id="92" dir="1" index="3" bw="10" slack="3"/>
</pin_list>
<bind>
<opcode="getelementptr(29) " fcode="getelementptr"/>
<opset="lineBuffer_addr/1 "/>
</bind>
</comp>

<comp id="96" class="1004" name="lineBuffer_1_addr_gep_fu_96">
<pin_list>
<pin id="97" dir="0" index="0" bw="8" slack="0"/>
<pin id="98" dir="0" index="1" bw="1" slack="0"/>
<pin id="99" dir="0" index="2" bw="1" slack="0"/>
<pin id="100" dir="1" index="3" bw="10" slack="3"/>
</pin_list>
<bind>
<opcode="getelementptr(29) " fcode="getelementptr"/>
<opset="lineBuffer_1_addr/1 "/>
</bind>
</comp>

<comp id="104" class="1004" name="lineBuffer_2_addr_gep_fu_104">
<pin_list>
<pin id="105" dir="0" index="0" bw="8" slack="0"/>
<pin id="106" dir="0" index="1" bw="1" slack="0"/>
<pin id="107" dir="0" index="2" bw="1" slack="0"/>
<pin id="108" dir="1" index="3" bw="10" slack="3"/>
</pin_list>
<bind>
<opcode="getelementptr(29) " fcode="getelementptr"/>
<opset="lineBuffer_2_addr/1 "/>
</bind>
</comp>

<comp id="112" class="1004" name="lineBuffer_addr_1_gep_fu_112">
<pin_list>
<pin id="113" dir="0" index="0" bw="8" slack="0"/>
<pin id="114" dir="0" index="1" bw="1" slack="0"/>
<pin id="115" dir="0" index="2" bw="1" slack="0"/>
<pin id="116" dir="1" index="3" bw="10" slack="3"/>
</pin_list>
<bind>
<opcode="getelementptr(29) " fcode="getelementptr"/>
<opset="lineBuffer_addr_1/1 "/>
</bind>
</comp>

<comp id="120" class="1004" name="lineBuffer_1_addr_1_gep_fu_120">
<pin_list>
<pin id="121" dir="0" index="0" bw="8" slack="0"/>
<pin id="122" dir="0" index="1" bw="1" slack="0"/>
<pin id="123" dir="0" index="2" bw="1" slack="0"/>
<pin id="124" dir="1" index="3" bw="10" slack="3"/>
</pin_list>
<bind>
<opcode="getelementptr(29) " fcode="getelementptr"/>
<opset="lineBuffer_1_addr_1/1 "/>
</bind>
</comp>

<comp id="128" class="1004" name="lineBuffer_2_addr_1_gep_fu_128">
<pin_list>
<pin id="129" dir="0" index="0" bw="8" slack="0"/>
<pin id="130" dir="0" index="1" bw="1" slack="0"/>
<pin id="131" dir="0" index="2" bw="1" slack="0"/>
<pin id="132" dir="1" index="3" bw="10" slack="3"/>
</pin_list>
<bind>
<opcode="getelementptr(29) " fcode="getelementptr"/>
<opset="lineBuffer_2_addr_1/1 "/>
</bind>
</comp>

<comp id="136" class="1004" name="grp_access_fu_136">
<pin_list>
<pin id="137" dir="0" index="0" bw="10" slack="3"/>
<pin id="138" dir="0" index="1" bw="8" slack="2147483647"/>
<pin id="139" dir="0" index="2" bw="0" slack="3"/>
<pin id="141" dir="0" index="4" bw="10" slack="2147483647"/>
<pin id="142" dir="0" index="5" bw="8" slack="2147483647"/>
<pin id="143" dir="0" index="6" bw="0" slack="2147483647"/>
<pin id="140" dir="1" index="3" bw="8" slack="33"/>
<pin id="144" dir="1" index="7" bw="8" slack="33"/>
</pin_list>
<bind>
<opcode="load(27) " fcode="load"/>
<opset="lineBuffer_load/4 lineBuffer_load_1/4 "/>
</bind>
</comp>

<comp id="145" class="1004" name="grp_access_fu_145">
<pin_list>
<pin id="146" dir="0" index="0" bw="10" slack="3"/>
<pin id="147" dir="0" index="1" bw="8" slack="2147483647"/>
<pin id="148" dir="0" index="2" bw="0" slack="3"/>
<pin id="150" dir="0" index="4" bw="10" slack="2147483647"/>
<pin id="151" dir="0" index="5" bw="8" slack="2147483647"/>
<pin id="152" dir="0" index="6" bw="0" slack="2147483647"/>
<pin id="149" dir="1" index="3" bw="8" slack="33"/>
<pin id="153" dir="1" index="7" bw="8" slack="33"/>
</pin_list>
<bind>
<opcode="load(27) " fcode="load"/>
<opset="lineBuffer_1_load/4 lineBuffer_1_load_1/4 "/>
</bind>
</comp>

<comp id="154" class="1004" name="grp_access_fu_154">
<pin_list>
<pin id="155" dir="0" index="0" bw="10" slack="3"/>
<pin id="156" dir="0" index="1" bw="8" slack="2147483647"/>
<pin id="157" dir="0" index="2" bw="0" slack="3"/>
<pin id="159" dir="0" index="4" bw="10" slack="2147483647"/>
<pin id="160" dir="0" index="5" bw="8" slack="2147483647"/>
<pin id="161" dir="0" index="6" bw="0" slack="2147483647"/>
<pin id="158" dir="1" index="3" bw="8" slack="33"/>
<pin id="162" dir="1" index="7" bw="8" slack="33"/>
</pin_list>
<bind>
<opcode="load(27) " fcode="load"/>
<opset="lineBuffer_2_load/4 lineBuffer_2_load_1/4 "/>
</bind>
</comp>

<comp id="163" class="1004" name="grp_sobel_Pipeline_VITIS_LOOP_96_2_fu_163">
<pin_list>
<pin id="164" dir="0" index="0" bw="0" slack="0"/>
<pin id="165" dir="0" index="1" bw="8" slack="2147483647"/>
<pin id="166" dir="0" index="2" bw="8" slack="2147483647"/>
<pin id="167" dir="0" index="3" bw="8" slack="2147483647"/>
<pin id="168" dir="0" index="4" bw="8" slack="0"/>
<pin id="169" dir="0" index="5" bw="2" slack="0"/>
<pin id="170" dir="1" index="6" bw="0" slack="2147483647"/>
</pin_list>
<bind>
<opcode="call(48) " fcode="call"/>
<opset="call_ln98/2 "/>
</bind>
</comp>

<comp id="173" class="1004" name="grp_sobel_Pipeline_VITIS_LOOP_149_6_fu_173">
<pin_list>
<pin id="174" dir="0" index="0" bw="0" slack="0"/>
<pin id="175" dir="0" index="1" bw="8" slack="0"/>
<pin id="176" dir="0" index="2" bw="8" slack="0"/>
<pin id="177" dir="0" index="3" bw="8" slack="0"/>
<pin id="178" dir="0" index="4" bw="8" slack="0"/>
<pin id="179" dir="0" index="5" bw="8" slack="0"/>
<pin id="180" dir="0" index="6" bw="8" slack="0"/>
<pin id="181" dir="0" index="7" bw="24" slack="0"/>
<pin id="182" dir="0" index="8" bw="8" slack="2147483647"/>
<pin id="183" dir="0" index="9" bw="8" slack="2147483647"/>
<pin id="184" dir="0" index="10" bw="8" slack="2147483647"/>
<pin id="185" dir="0" index="11" bw="2" slack="0"/>
<pin id="186" dir="0" index="12" bw="2" slack="0"/>
<pin id="187" dir="0" index="13" bw="2" slack="0"/>
<pin id="188" dir="1" index="14" bw="0" slack="2147483647"/>
</pin_list>
<bind>
<opcode="call(48) " fcode="call"/>
<opset="call_ln145/38 "/>
</bind>
</comp>

<comp id="191" class="1004" name="grp_load_fu_191">
<pin_list>
<pin id="192" dir="0" index="0" bw="9" slack="1"/>
<pin id="193" dir="1" index="1" bw="9" slack="0"/>
</pin_list>
<bind>
<opcode="load(27) " fcode="load"/>
<opset="phi_urem_load_1/2 phi_urem_load/39 "/>
</bind>
</comp>

<comp id="194" class="1004" name="grp_load_fu_194">
<pin_list>
<pin id="195" dir="0" index="0" bw="9" slack="37"/>
<pin id="196" dir="1" index="1" bw="9" slack="0"/>
</pin_list>
<bind>
<opcode="load(27) " fcode="load"/>
<opset="phi_urem69_load_1/38 phi_urem69_load/39 "/>
</bind>
</comp>

<comp id="197" class="1004" name="store_ln60_store_fu_197">
<pin_list>
<pin id="198" dir="0" index="0" bw="1" slack="0"/>
<pin id="199" dir="0" index="1" bw="9" slack="0"/>
<pin id="200" dir="1" index="2" bw="0" slack="2147483647"/>
</pin_list>
<bind>
<opcode="store(28) " fcode="store"/>
<opset="store_ln60/1 "/>
</bind>
</comp>

<comp id="202" class="1004" name="store_ln0_store_fu_202">
<pin_list>
<pin id="203" dir="0" index="0" bw="1" slack="0"/>
<pin id="204" dir="0" index="1" bw="9" slack="0"/>
<pin id="205" dir="1" index="2" bw="0" slack="2147483647"/>
</pin_list>
<bind>
<opcode="store(28) " fcode="store"/>
<opset="store_ln0/1 "/>
</bind>
</comp>

<comp id="207" class="1004" name="store_ln0_store_fu_207">
<pin_list>
<pin id="208" dir="0" index="0" bw="1" slack="0"/>
<pin id="209" dir="0" index="1" bw="9" slack="0"/>
<pin id="210" dir="1" index="2" bw="0" slack="2147483647"/>
</pin_list>
<bind>
<opcode="store(28) " fcode="store"/>
<opset="store_ln0/1 "/>
</bind>
</comp>

<comp id="212" class="1004" name="row_2_load_fu_212">
<pin_list>
<pin id="213" dir="0" index="0" bw="9" slack="1"/>
<pin id="214" dir="1" index="1" bw="9" slack="0"/>
</pin_list>
<bind>
<opcode="load(27) " fcode="load"/>
<opset="row_2/2 "/>
</bind>
</comp>

<comp id="215" class="1004" name="icmp_ln92_fu_215">
<pin_list>
<pin id="216" dir="0" index="0" bw="9" slack="0"/>
<pin id="217" dir="0" index="1" bw="9" slack="0"/>
<pin id="218" dir="1" index="2" bw="1" slack="2147483647"/>
</pin_list>
<bind>
<opcode="icmp(45) " fcode="icmp"/>
<opset="icmp_ln92/2 "/>
</bind>
</comp>

<comp id="221" class="1004" name="rowsReceived_fu_221">
<pin_list>
<pin id="222" dir="0" index="0" bw="9" slack="0"/>
<pin id="223" dir="0" index="1" bw="1" slack="0"/>
<pin id="224" dir="1" index="2" bw="9" slack="37"/>
</pin_list>
<bind>
<opcode="add(8) " fcode="add"/>
<opset="rowsReceived/2 "/>
</bind>
</comp>

<comp id="227" class="1004" name="zext_ln92_fu_227">
<pin_list>
<pin id="228" dir="0" index="0" bw="9" slack="0"/>
<pin id="229" dir="1" index="1" bw="10" slack="1"/>
</pin_list>
<bind>
<opcode="zext(34) " fcode="zext"/>
<opset="zext_ln92/2 "/>
</bind>
</comp>

<comp id="231" class="1004" name="icmp_ln93_fu_231">
<pin_list>
<pin id="232" dir="0" index="0" bw="9" slack="0"/>
<pin id="233" dir="0" index="1" bw="9" slack="0"/>
<pin id="234" dir="1" index="2" bw="1" slack="1"/>
</pin_list>
<bind>
<opcode="icmp(45) " fcode="icmp"/>
<opset="icmp_ln93/2 "/>
</bind>
</comp>

<comp id="237" class="1004" name="trunc_ln98_fu_237">
<pin_list>
<pin id="238" dir="0" index="0" bw="9" slack="0"/>
<pin id="239" dir="1" index="1" bw="2" slack="0"/>
</pin_list>
<bind>
<opcode="trunc(33) " fcode="trunc"/>
<opset="trunc_ln98/2 "/>
</bind>
</comp>

<comp id="242" class="1004" name="outputRow_fu_242">
<pin_list>
<pin id="243" dir="0" index="0" bw="9" slack="1"/>
<pin id="244" dir="0" index="1" bw="1" slack="0"/>
<pin id="245" dir="1" index="2" bw="10" slack="0"/>
</pin_list>
<bind>
<opcode="add(8) " fcode="add"/>
<opset="outputRow/3 "/>
</bind>
</comp>

<comp id="247" class="1004" name="tmp_fu_247">
<pin_list>
<pin id="248" dir="0" index="0" bw="1" slack="0"/>
<pin id="249" dir="0" index="1" bw="10" slack="0"/>
<pin id="250" dir="0" index="2" bw="5" slack="0"/>
<pin id="251" dir="1" index="3" bw="1" slack="36"/>
</pin_list>
<bind>
<opcode="bitselect(1000) " fcode="bitselect"/>
<opset="tmp/3 "/>
</bind>
</comp>

<comp id="255" class="1004" name="add_ln120_fu_255">
<pin_list>
<pin id="256" dir="0" index="0" bw="9" slack="1"/>
<pin id="257" dir="0" index="1" bw="2" slack="0"/>
<pin id="258" dir="1" index="2" bw="10" slack="0"/>
</pin_list>
<bind>
<opcode="add(8) " fcode="add"/>
<opset="add_ln120/3 "/>
</bind>
</comp>

<comp id="260" class="1004" name="sext_ln60_fu_260">
<pin_list>
<pin id="261" dir="0" index="0" bw="10" slack="0"/>
<pin id="262" dir="1" index="1" bw="32" slack="0"/>
</pin_list>
<bind>
<opcode="sext(35) " fcode="sext"/>
<opset="sext_ln60/3 "/>
</bind>
</comp>

<comp id="264" class="1004" name="tmp_17_fu_264">
<pin_list>
<pin id="265" dir="0" index="0" bw="1" slack="0"/>
<pin id="266" dir="0" index="1" bw="10" slack="0"/>
<pin id="267" dir="0" index="2" bw="5" slack="0"/>
<pin id="268" dir="1" index="3" bw="1" slack="35"/>
</pin_list>
<bind>
<opcode="bitselect(1000) " fcode="bitselect"/>
<opset="tmp_17/3 "/>
</bind>
</comp>

<comp id="272" class="1004" name="grp_fu_272">
<pin_list>
<pin id="273" dir="0" index="0" bw="32" slack="0"/>
<pin id="274" dir="0" index="1" bw="3" slack="0"/>
<pin id="275" dir="1" index="2" bw="2" slack="0"/>
</pin_list>
<bind>
<opcode="urem(17) " fcode="urem"/>
<opset="sub16_op/3 "/>
</bind>
</comp>

<comp id="278" class="1004" name="icmp_ln63_fu_278">
<pin_list>
<pin id="279" dir="0" index="0" bw="9" slack="2147483647"/>
<pin id="280" dir="0" index="1" bw="9" slack="0"/>
<pin id="281" dir="1" index="2" bw="1" slack="35"/>
</pin_list>
<bind>
<opcode="icmp(45) " fcode="icmp"/>
<opset="icmp_ln63/3 "/>
</bind>
</comp>

<comp id="283" class="1004" name="empty_fu_283">
<pin_list>
<pin id="284" dir="0" index="0" bw="2" slack="0"/>
<pin id="285" dir="1" index="1" bw="2" slack="0"/>
</pin_list>
<bind>
<opcode="trunc(33) " fcode="trunc"/>
<opset="empty/38 "/>
</bind>
</comp>

<comp id="287" class="1004" name="empty_57_fu_287">
<pin_list>
<pin id="288" dir="0" index="0" bw="1" slack="35"/>
<pin id="289" dir="0" index="1" bw="2" slack="0"/>
<pin id="290" dir="0" index="2" bw="2" slack="0"/>
<pin id="291" dir="1" index="3" bw="2" slack="0"/>
</pin_list>
<bind>
<opcode="select(49) " fcode="select"/>
<opset="empty_57/38 "/>
</bind>
</comp>

<comp id="295" class="1004" name="trunc_ln60_fu_295">
<pin_list>
<pin id="296" dir="0" index="0" bw="9" slack="0"/>
<pin id="297" dir="1" index="1" bw="2" slack="0"/>
</pin_list>
<bind>
<opcode="trunc(33) " fcode="trunc"/>
<opset="trunc_ln60/38 "/>
</bind>
</comp>

<comp id="300" class="1004" name="select_ln23_fu_300">
<pin_list>
<pin id="301" dir="0" index="0" bw="1" slack="35"/>
<pin id="302" dir="0" index="1" bw="2" slack="0"/>
<pin id="303" dir="0" index="2" bw="2" slack="0"/>
<pin id="304" dir="1" index="3" bw="2" slack="0"/>
</pin_list>
<bind>
<opcode="select(49) " fcode="select"/>
<opset="select_ln23/38 "/>
</bind>
</comp>

<comp id="308" class="1004" name="tmp_1_fu_308">
<pin_list>
<pin id="309" dir="0" index="0" bw="8" slack="0"/>
<pin id="310" dir="0" index="1" bw="2" slack="0"/>
<pin id="311" dir="0" index="2" bw="8" slack="33"/>
<pin id="312" dir="0" index="3" bw="2" slack="0"/>
<pin id="313" dir="0" index="4" bw="8" slack="33"/>
<pin id="314" dir="0" index="5" bw="2" slack="0"/>
<pin id="315" dir="0" index="6" bw="8" slack="33"/>
<pin id="316" dir="0" index="7" bw="8" slack="0"/>
<pin id="317" dir="0" index="8" bw="2" slack="0"/>
<pin id="318" dir="1" index="9" bw="8" slack="0"/>
</pin_list>
<bind>
<opcode="sparsemux(1197) " fcode="sparsemux"/>
<opset="tmp_1/38 "/>
</bind>
</comp>

<comp id="326" class="1004" name="tmp_2_fu_326">
<pin_list>
<pin id="327" dir="0" index="0" bw="8" slack="0"/>
<pin id="328" dir="0" index="1" bw="2" slack="0"/>
<pin id="329" dir="0" index="2" bw="8" slack="33"/>
<pin id="330" dir="0" index="3" bw="2" slack="0"/>
<pin id="331" dir="0" index="4" bw="8" slack="33"/>
<pin id="332" dir="0" index="5" bw="2" slack="0"/>
<pin id="333" dir="0" index="6" bw="8" slack="33"/>
<pin id="334" dir="0" index="7" bw="8" slack="0"/>
<pin id="335" dir="0" index="8" bw="2" slack="0"/>
<pin id="336" dir="1" index="9" bw="8" slack="0"/>
</pin_list>
<bind>
<opcode="sparsemux(1197) " fcode="sparsemux"/>
<opset="tmp_2/38 "/>
</bind>
</comp>

<comp id="344" class="1004" name="tmp_3_fu_344">
<pin_list>
<pin id="345" dir="0" index="0" bw="8" slack="0"/>
<pin id="346" dir="0" index="1" bw="2" slack="0"/>
<pin id="347" dir="0" index="2" bw="8" slack="33"/>
<pin id="348" dir="0" index="3" bw="2" slack="0"/>
<pin id="349" dir="0" index="4" bw="8" slack="33"/>
<pin id="350" dir="0" index="5" bw="2" slack="0"/>
<pin id="351" dir="0" index="6" bw="8" slack="33"/>
<pin id="352" dir="0" index="7" bw="8" slack="0"/>
<pin id="353" dir="0" index="8" bw="2" slack="0"/>
<pin id="354" dir="1" index="9" bw="8" slack="0"/>
</pin_list>
<bind>
<opcode="sparsemux(1197) " fcode="sparsemux"/>
<opset="tmp_3/38 "/>
</bind>
</comp>

<comp id="362" class="1004" name="tmp_4_fu_362">
<pin_list>
<pin id="363" dir="0" index="0" bw="8" slack="0"/>
<pin id="364" dir="0" index="1" bw="2" slack="0"/>
<pin id="365" dir="0" index="2" bw="8" slack="33"/>
<pin id="366" dir="0" index="3" bw="2" slack="0"/>
<pin id="367" dir="0" index="4" bw="8" slack="33"/>
<pin id="368" dir="0" index="5" bw="2" slack="0"/>
<pin id="369" dir="0" index="6" bw="8" slack="33"/>
<pin id="370" dir="0" index="7" bw="8" slack="0"/>
<pin id="371" dir="0" index="8" bw="2" slack="0"/>
<pin id="372" dir="1" index="9" bw="8" slack="0"/>
</pin_list>
<bind>
<opcode="sparsemux(1197) " fcode="sparsemux"/>
<opset="tmp_4/38 "/>
</bind>
</comp>

<comp id="380" class="1004" name="tmp_5_fu_380">
<pin_list>
<pin id="381" dir="0" index="0" bw="8" slack="0"/>
<pin id="382" dir="0" index="1" bw="2" slack="0"/>
<pin id="383" dir="0" index="2" bw="8" slack="33"/>
<pin id="384" dir="0" index="3" bw="2" slack="0"/>
<pin id="385" dir="0" index="4" bw="8" slack="33"/>
<pin id="386" dir="0" index="5" bw="2" slack="0"/>
<pin id="387" dir="0" index="6" bw="8" slack="33"/>
<pin id="388" dir="0" index="7" bw="8" slack="0"/>
<pin id="389" dir="0" index="8" bw="2" slack="0"/>
<pin id="390" dir="1" index="9" bw="8" slack="0"/>
</pin_list>
<bind>
<opcode="sparsemux(1197) " fcode="sparsemux"/>
<opset="tmp_5/38 "/>
</bind>
</comp>

<comp id="398" class="1004" name="tmp_6_fu_398">
<pin_list>
<pin id="399" dir="0" index="0" bw="8" slack="0"/>
<pin id="400" dir="0" index="1" bw="2" slack="0"/>
<pin id="401" dir="0" index="2" bw="8" slack="33"/>
<pin id="402" dir="0" index="3" bw="2" slack="0"/>
<pin id="403" dir="0" index="4" bw="8" slack="33"/>
<pin id="404" dir="0" index="5" bw="2" slack="0"/>
<pin id="405" dir="0" index="6" bw="8" slack="33"/>
<pin id="406" dir="0" index="7" bw="8" slack="0"/>
<pin id="407" dir="0" index="8" bw="2" slack="0"/>
<pin id="408" dir="1" index="9" bw="8" slack="0"/>
</pin_list>
<bind>
<opcode="sparsemux(1197) " fcode="sparsemux"/>
<opset="tmp_6/38 "/>
</bind>
</comp>

<comp id="416" class="1004" name="add_ln90_fu_416">
<pin_list>
<pin id="417" dir="0" index="0" bw="9" slack="0"/>
<pin id="418" dir="0" index="1" bw="1" slack="0"/>
<pin id="419" dir="1" index="2" bw="9" slack="0"/>
</pin_list>
<bind>
<opcode="add(8) " fcode="add"/>
<opset="add_ln90/39 "/>
</bind>
</comp>

<comp id="422" class="1004" name="icmp_ln90_fu_422">
<pin_list>
<pin id="423" dir="0" index="0" bw="9" slack="0"/>
<pin id="424" dir="0" index="1" bw="9" slack="0"/>
<pin id="425" dir="1" index="2" bw="1" slack="0"/>
</pin_list>
<bind>
<opcode="icmp(45) " fcode="icmp"/>
<opset="icmp_ln90/39 "/>
</bind>
</comp>

<comp id="428" class="1004" name="select_ln90_fu_428">
<pin_list>
<pin id="429" dir="0" index="0" bw="1" slack="0"/>
<pin id="430" dir="0" index="1" bw="9" slack="0"/>
<pin id="431" dir="0" index="2" bw="9" slack="0"/>
<pin id="432" dir="1" index="3" bw="9" slack="0"/>
</pin_list>
<bind>
<opcode="select(49) " fcode="select"/>
<opset="select_ln90/39 "/>
</bind>
</comp>

<comp id="436" class="1004" name="add_ln90_1_fu_436">
<pin_list>
<pin id="437" dir="0" index="0" bw="9" slack="0"/>
<pin id="438" dir="0" index="1" bw="1" slack="0"/>
<pin id="439" dir="1" index="2" bw="9" slack="0"/>
</pin_list>
<bind>
<opcode="add(8) " fcode="add"/>
<opset="add_ln90_1/39 "/>
</bind>
</comp>

<comp id="442" class="1004" name="icmp_ln90_1_fu_442">
<pin_list>
<pin id="443" dir="0" index="0" bw="9" slack="0"/>
<pin id="444" dir="0" index="1" bw="9" slack="0"/>
<pin id="445" dir="1" index="2" bw="1" slack="0"/>
</pin_list>
<bind>
<opcode="icmp(45) " fcode="icmp"/>
<opset="icmp_ln90_1/39 "/>
</bind>
</comp>

<comp id="448" class="1004" name="select_ln90_1_fu_448">
<pin_list>
<pin id="449" dir="0" index="0" bw="1" slack="0"/>
<pin id="450" dir="0" index="1" bw="9" slack="0"/>
<pin id="451" dir="0" index="2" bw="9" slack="0"/>
<pin id="452" dir="1" index="3" bw="9" slack="0"/>
</pin_list>
<bind>
<opcode="select(49) " fcode="select"/>
<opset="select_ln90_1/39 "/>
</bind>
</comp>

<comp id="456" class="1004" name="store_ln60_store_fu_456">
<pin_list>
<pin id="457" dir="0" index="0" bw="9" slack="37"/>
<pin id="458" dir="0" index="1" bw="9" slack="38"/>
<pin id="459" dir="1" index="2" bw="0" slack="2147483647"/>
</pin_list>
<bind>
<opcode="store(28) " fcode="store"/>
<opset="store_ln60/39 "/>
</bind>
</comp>

<comp id="460" class="1004" name="store_ln90_store_fu_460">
<pin_list>
<pin id="461" dir="0" index="0" bw="9" slack="0"/>
<pin id="462" dir="0" index="1" bw="9" slack="38"/>
<pin id="463" dir="1" index="2" bw="0" slack="2147483647"/>
</pin_list>
<bind>
<opcode="store(28) " fcode="store"/>
<opset="store_ln90/39 "/>
</bind>
</comp>

<comp id="465" class="1004" name="store_ln90_store_fu_465">
<pin_list>
<pin id="466" dir="0" index="0" bw="9" slack="0"/>
<pin id="467" dir="0" index="1" bw="9" slack="38"/>
<pin id="468" dir="1" index="2" bw="0" slack="2147483647"/>
</pin_list>
<bind>
<opcode="store(28) " fcode="store"/>
<opset="store_ln90/39 "/>
</bind>
</comp>

<comp id="470" class="1005" name="phi_urem69_reg_470">
<pin_list>
<pin id="471" dir="0" index="0" bw="9" slack="0"/>
<pin id="472" dir="1" index="1" bw="9" slack="0"/>
</pin_list>
<bind>
<opset="phi_urem69 "/>
</bind>
</comp>

<comp id="477" class="1005" name="phi_urem_reg_477">
<pin_list>
<pin id="478" dir="0" index="0" bw="9" slack="0"/>
<pin id="479" dir="1" index="1" bw="9" slack="0"/>
</pin_list>
<bind>
<opset="phi_urem "/>
</bind>
</comp>

<comp id="484" class="1005" name="row_1_reg_484">
<pin_list>
<pin id="485" dir="0" index="0" bw="9" slack="0"/>
<pin id="486" dir="1" index="1" bw="9" slack="0"/>
</pin_list>
<bind>
<opset="row_1 "/>
</bind>
</comp>

<comp id="491" class="1005" name="lineBuffer_addr_reg_491">
<pin_list>
<pin id="492" dir="0" index="0" bw="10" slack="3"/>
<pin id="493" dir="1" index="1" bw="10" slack="3"/>
</pin_list>
<bind>
<opset="lineBuffer_addr "/>
</bind>
</comp>

<comp id="496" class="1005" name="lineBuffer_1_addr_reg_496">
<pin_list>
<pin id="497" dir="0" index="0" bw="10" slack="3"/>
<pin id="498" dir="1" index="1" bw="10" slack="3"/>
</pin_list>
<bind>
<opset="lineBuffer_1_addr "/>
</bind>
</comp>

<comp id="501" class="1005" name="lineBuffer_2_addr_reg_501">
<pin_list>
<pin id="502" dir="0" index="0" bw="10" slack="3"/>
<pin id="503" dir="1" index="1" bw="10" slack="3"/>
</pin_list>
<bind>
<opset="lineBuffer_2_addr "/>
</bind>
</comp>

<comp id="506" class="1005" name="lineBuffer_addr_1_reg_506">
<pin_list>
<pin id="507" dir="0" index="0" bw="10" slack="3"/>
<pin id="508" dir="1" index="1" bw="10" slack="3"/>
</pin_list>
<bind>
<opset="lineBuffer_addr_1 "/>
</bind>
</comp>

<comp id="511" class="1005" name="lineBuffer_1_addr_1_reg_511">
<pin_list>
<pin id="512" dir="0" index="0" bw="10" slack="3"/>
<pin id="513" dir="1" index="1" bw="10" slack="3"/>
</pin_list>
<bind>
<opset="lineBuffer_1_addr_1 "/>
</bind>
</comp>

<comp id="516" class="1005" name="lineBuffer_2_addr_1_reg_516">
<pin_list>
<pin id="517" dir="0" index="0" bw="10" slack="3"/>
<pin id="518" dir="1" index="1" bw="10" slack="3"/>
</pin_list>
<bind>
<opset="lineBuffer_2_addr_1 "/>
</bind>
</comp>

<comp id="527" class="1005" name="rowsReceived_reg_527">
<pin_list>
<pin id="528" dir="0" index="0" bw="9" slack="37"/>
<pin id="529" dir="1" index="1" bw="9" slack="37"/>
</pin_list>
<bind>
<opset="rowsReceived "/>
</bind>
</comp>

<comp id="532" class="1005" name="zext_ln92_reg_532">
<pin_list>
<pin id="533" dir="0" index="0" bw="10" slack="1"/>
<pin id="534" dir="1" index="1" bw="10" slack="1"/>
</pin_list>
<bind>
<opset="zext_ln92 "/>
</bind>
</comp>

<comp id="538" class="1005" name="icmp_ln93_reg_538">
<pin_list>
<pin id="539" dir="0" index="0" bw="1" slack="1"/>
<pin id="540" dir="1" index="1" bw="1" slack="2147483647"/>
</pin_list>
<bind>
<opset="icmp_ln93 "/>
</bind>
</comp>

<comp id="542" class="1005" name="trunc_ln98_reg_542">
<pin_list>
<pin id="543" dir="0" index="0" bw="2" slack="1"/>
<pin id="544" dir="1" index="1" bw="2" slack="1"/>
</pin_list>
<bind>
<opset="trunc_ln98 "/>
</bind>
</comp>

<comp id="547" class="1005" name="tmp_reg_547">
<pin_list>
<pin id="548" dir="0" index="0" bw="1" slack="36"/>
<pin id="549" dir="1" index="1" bw="1" slack="2147483647"/>
</pin_list>
<bind>
<opset="tmp "/>
</bind>
</comp>

<comp id="551" class="1005" name="sext_ln60_reg_551">
<pin_list>
<pin id="552" dir="0" index="0" bw="32" slack="1"/>
<pin id="553" dir="1" index="1" bw="32" slack="1"/>
</pin_list>
<bind>
<opset="sext_ln60 "/>
</bind>
</comp>

<comp id="556" class="1005" name="tmp_17_reg_556">
<pin_list>
<pin id="557" dir="0" index="0" bw="1" slack="35"/>
<pin id="558" dir="1" index="1" bw="1" slack="35"/>
</pin_list>
<bind>
<opset="tmp_17 "/>
</bind>
</comp>

<comp id="561" class="1005" name="icmp_ln63_reg_561">
<pin_list>
<pin id="562" dir="0" index="0" bw="1" slack="35"/>
<pin id="563" dir="1" index="1" bw="1" slack="35"/>
</pin_list>
<bind>
<opset="icmp_ln63 "/>
</bind>
</comp>

<comp id="566" class="1005" name="lineBuffer_load_reg_566">
<pin_list>
<pin id="567" dir="0" index="0" bw="8" slack="33"/>
<pin id="568" dir="1" index="1" bw="8" slack="33"/>
</pin_list>
<bind>
<opset="lineBuffer_load "/>
</bind>
</comp>

<comp id="573" class="1005" name="lineBuffer_1_load_reg_573">
<pin_list>
<pin id="574" dir="0" index="0" bw="8" slack="33"/>
<pin id="575" dir="1" index="1" bw="8" slack="33"/>
</pin_list>
<bind>
<opset="lineBuffer_1_load "/>
</bind>
</comp>

<comp id="580" class="1005" name="lineBuffer_2_load_reg_580">
<pin_list>
<pin id="581" dir="0" index="0" bw="8" slack="33"/>
<pin id="582" dir="1" index="1" bw="8" slack="33"/>
</pin_list>
<bind>
<opset="lineBuffer_2_load "/>
</bind>
</comp>

<comp id="587" class="1005" name="lineBuffer_load_1_reg_587">
<pin_list>
<pin id="588" dir="0" index="0" bw="8" slack="33"/>
<pin id="589" dir="1" index="1" bw="8" slack="33"/>
</pin_list>
<bind>
<opset="lineBuffer_load_1 "/>
</bind>
</comp>

<comp id="594" class="1005" name="lineBuffer_1_load_1_reg_594">
<pin_list>
<pin id="595" dir="0" index="0" bw="8" slack="33"/>
<pin id="596" dir="1" index="1" bw="8" slack="33"/>
</pin_list>
<bind>
<opset="lineBuffer_1_load_1 "/>
</bind>
</comp>

<comp id="601" class="1005" name="lineBuffer_2_load_1_reg_601">
<pin_list>
<pin id="602" dir="0" index="0" bw="8" slack="33"/>
<pin id="603" dir="1" index="1" bw="8" slack="33"/>
</pin_list>
<bind>
<opset="lineBuffer_2_load_1 "/>
</bind>
</comp>

<comp id="608" class="1005" name="empty_57_reg_608">
<pin_list>
<pin id="609" dir="0" index="0" bw="2" slack="1"/>
<pin id="610" dir="1" index="1" bw="2" slack="1"/>
</pin_list>
<bind>
<opset="empty_57 "/>
</bind>
</comp>

<comp id="613" class="1005" name="trunc_ln60_reg_613">
<pin_list>
<pin id="614" dir="0" index="0" bw="2" slack="1"/>
<pin id="615" dir="1" index="1" bw="2" slack="1"/>
</pin_list>
<bind>
<opset="trunc_ln60 "/>
</bind>
</comp>

<comp id="618" class="1005" name="select_ln23_reg_618">
<pin_list>
<pin id="619" dir="0" index="0" bw="2" slack="1"/>
<pin id="620" dir="1" index="1" bw="2" slack="1"/>
</pin_list>
<bind>
<opset="select_ln23 "/>
</bind>
</comp>

<comp id="623" class="1005" name="tmp_1_reg_623">
<pin_list>
<pin id="624" dir="0" index="0" bw="8" slack="1"/>
<pin id="625" dir="1" index="1" bw="8" slack="1"/>
</pin_list>
<bind>
<opset="tmp_1 "/>
</bind>
</comp>

<comp id="628" class="1005" name="tmp_2_reg_628">
<pin_list>
<pin id="629" dir="0" index="0" bw="8" slack="1"/>
<pin id="630" dir="1" index="1" bw="8" slack="1"/>
</pin_list>
<bind>
<opset="tmp_2 "/>
</bind>
</comp>

<comp id="633" class="1005" name="tmp_3_reg_633">
<pin_list>
<pin id="634" dir="0" index="0" bw="8" slack="1"/>
<pin id="635" dir="1" index="1" bw="8" slack="1"/>
</pin_list>
<bind>
<opset="tmp_3 "/>
</bind>
</comp>

<comp id="638" class="1005" name="tmp_4_reg_638">
<pin_list>
<pin id="639" dir="0" index="0" bw="8" slack="1"/>
<pin id="640" dir="1" index="1" bw="8" slack="1"/>
</pin_list>
<bind>
<opset="tmp_4 "/>
</bind>
</comp>

<comp id="643" class="1005" name="tmp_5_reg_643">
<pin_list>
<pin id="644" dir="0" index="0" bw="8" slack="1"/>
<pin id="645" dir="1" index="1" bw="8" slack="1"/>
</pin_list>
<bind>
<opset="tmp_5 "/>
</bind>
</comp>

<comp id="648" class="1005" name="tmp_6_reg_648">
<pin_list>
<pin id="649" dir="0" index="0" bw="8" slack="1"/>
<pin id="650" dir="1" index="1" bw="8" slack="1"/>
</pin_list>
<bind>
<opset="tmp_6 "/>
</bind>
</comp>

</comp_list>

<net_list>
<net id="67"><net_src comp="4" pin="0"/><net_sink comp="64" pin=0"/></net>

<net id="71"><net_src comp="4" pin="0"/><net_sink comp="68" pin=0"/></net>

<net id="75"><net_src comp="4" pin="0"/><net_sink comp="72" pin=0"/></net>

<net id="79"><net_src comp="16" pin="0"/><net_sink comp="76" pin=0"/></net>

<net id="83"><net_src comp="16" pin="0"/><net_sink comp="80" pin=0"/></net>

<net id="87"><net_src comp="16" pin="0"/><net_sink comp="84" pin=0"/></net>

<net id="93"><net_src comp="76" pin="1"/><net_sink comp="88" pin=0"/></net>

<net id="94"><net_src comp="18" pin="0"/><net_sink comp="88" pin=1"/></net>

<net id="95"><net_src comp="18" pin="0"/><net_sink comp="88" pin=2"/></net>

<net id="101"><net_src comp="80" pin="1"/><net_sink comp="96" pin=0"/></net>

<net id="102"><net_src comp="18" pin="0"/><net_sink comp="96" pin=1"/></net>

<net id="103"><net_src comp="18" pin="0"/><net_sink comp="96" pin=2"/></net>

<net id="109"><net_src comp="84" pin="1"/><net_sink comp="104" pin=0"/></net>

<net id="110"><net_src comp="18" pin="0"/><net_sink comp="104" pin=1"/></net>

<net id="111"><net_src comp="18" pin="0"/><net_sink comp="104" pin=2"/></net>

<net id="117"><net_src comp="76" pin="1"/><net_sink comp="112" pin=0"/></net>

<net id="118"><net_src comp="18" pin="0"/><net_sink comp="112" pin=1"/></net>

<net id="119"><net_src comp="16" pin="0"/><net_sink comp="112" pin=2"/></net>

<net id="125"><net_src comp="80" pin="1"/><net_sink comp="120" pin=0"/></net>

<net id="126"><net_src comp="18" pin="0"/><net_sink comp="120" pin=1"/></net>

<net id="127"><net_src comp="16" pin="0"/><net_sink comp="120" pin=2"/></net>

<net id="133"><net_src comp="84" pin="1"/><net_sink comp="128" pin=0"/></net>

<net id="134"><net_src comp="18" pin="0"/><net_sink comp="128" pin=1"/></net>

<net id="135"><net_src comp="16" pin="0"/><net_sink comp="128" pin=2"/></net>

<net id="171"><net_src comp="36" pin="0"/><net_sink comp="163" pin=0"/></net>

<net id="172"><net_src comp="0" pin="0"/><net_sink comp="163" pin=4"/></net>

<net id="189"><net_src comp="60" pin="0"/><net_sink comp="173" pin=0"/></net>

<net id="190"><net_src comp="2" pin="0"/><net_sink comp="173" pin=7"/></net>

<net id="201"><net_src comp="20" pin="0"/><net_sink comp="197" pin=0"/></net>

<net id="206"><net_src comp="20" pin="0"/><net_sink comp="202" pin=0"/></net>

<net id="211"><net_src comp="20" pin="0"/><net_sink comp="207" pin=0"/></net>

<net id="219"><net_src comp="212" pin="1"/><net_sink comp="215" pin=0"/></net>

<net id="220"><net_src comp="22" pin="0"/><net_sink comp="215" pin=1"/></net>

<net id="225"><net_src comp="212" pin="1"/><net_sink comp="221" pin=0"/></net>

<net id="226"><net_src comp="28" pin="0"/><net_sink comp="221" pin=1"/></net>

<net id="230"><net_src comp="212" pin="1"/><net_sink comp="227" pin=0"/></net>

<net id="235"><net_src comp="212" pin="1"/><net_sink comp="231" pin=0"/></net>

<net id="236"><net_src comp="34" pin="0"/><net_sink comp="231" pin=1"/></net>

<net id="240"><net_src comp="191" pin="1"/><net_sink comp="237" pin=0"/></net>

<net id="241"><net_src comp="237" pin="1"/><net_sink comp="163" pin=5"/></net>

<net id="246"><net_src comp="38" pin="0"/><net_sink comp="242" pin=1"/></net>

<net id="252"><net_src comp="40" pin="0"/><net_sink comp="247" pin=0"/></net>

<net id="253"><net_src comp="242" pin="2"/><net_sink comp="247" pin=1"/></net>

<net id="254"><net_src comp="42" pin="0"/><net_sink comp="247" pin=2"/></net>

<net id="259"><net_src comp="44" pin="0"/><net_sink comp="255" pin=1"/></net>

<net id="263"><net_src comp="255" pin="2"/><net_sink comp="260" pin=0"/></net>

<net id="269"><net_src comp="40" pin="0"/><net_sink comp="264" pin=0"/></net>

<net id="270"><net_src comp="255" pin="2"/><net_sink comp="264" pin=1"/></net>

<net id="271"><net_src comp="42" pin="0"/><net_sink comp="264" pin=2"/></net>

<net id="276"><net_src comp="260" pin="1"/><net_sink comp="272" pin=0"/></net>

<net id="277"><net_src comp="46" pin="0"/><net_sink comp="272" pin=1"/></net>

<net id="282"><net_src comp="48" pin="0"/><net_sink comp="278" pin=1"/></net>

<net id="286"><net_src comp="272" pin="2"/><net_sink comp="283" pin=0"/></net>

<net id="292"><net_src comp="50" pin="0"/><net_sink comp="287" pin=1"/></net>

<net id="293"><net_src comp="283" pin="1"/><net_sink comp="287" pin=2"/></net>

<net id="294"><net_src comp="287" pin="3"/><net_sink comp="173" pin=11"/></net>

<net id="298"><net_src comp="194" pin="1"/><net_sink comp="295" pin=0"/></net>

<net id="299"><net_src comp="295" pin="1"/><net_sink comp="173" pin=12"/></net>

<net id="305"><net_src comp="52" pin="0"/><net_sink comp="300" pin=1"/></net>

<net id="306"><net_src comp="295" pin="1"/><net_sink comp="300" pin=2"/></net>

<net id="307"><net_src comp="300" pin="3"/><net_sink comp="173" pin=13"/></net>

<net id="319"><net_src comp="54" pin="0"/><net_sink comp="308" pin=0"/></net>

<net id="320"><net_src comp="50" pin="0"/><net_sink comp="308" pin=1"/></net>

<net id="321"><net_src comp="56" pin="0"/><net_sink comp="308" pin=3"/></net>

<net id="322"><net_src comp="52" pin="0"/><net_sink comp="308" pin=5"/></net>

<net id="323"><net_src comp="58" pin="0"/><net_sink comp="308" pin=7"/></net>

<net id="324"><net_src comp="287" pin="3"/><net_sink comp="308" pin=8"/></net>

<net id="325"><net_src comp="308" pin="9"/><net_sink comp="173" pin=6"/></net>

<net id="337"><net_src comp="54" pin="0"/><net_sink comp="326" pin=0"/></net>

<net id="338"><net_src comp="56" pin="0"/><net_sink comp="326" pin=1"/></net>

<net id="339"><net_src comp="52" pin="0"/><net_sink comp="326" pin=3"/></net>

<net id="340"><net_src comp="50" pin="0"/><net_sink comp="326" pin=5"/></net>

<net id="341"><net_src comp="58" pin="0"/><net_sink comp="326" pin=7"/></net>

<net id="342"><net_src comp="295" pin="1"/><net_sink comp="326" pin=8"/></net>

<net id="343"><net_src comp="326" pin="9"/><net_sink comp="173" pin=1"/></net>

<net id="355"><net_src comp="54" pin="0"/><net_sink comp="344" pin=0"/></net>

<net id="356"><net_src comp="50" pin="0"/><net_sink comp="344" pin=1"/></net>

<net id="357"><net_src comp="56" pin="0"/><net_sink comp="344" pin=3"/></net>

<net id="358"><net_src comp="52" pin="0"/><net_sink comp="344" pin=5"/></net>

<net id="359"><net_src comp="58" pin="0"/><net_sink comp="344" pin=7"/></net>

<net id="360"><net_src comp="300" pin="3"/><net_sink comp="344" pin=8"/></net>

<net id="361"><net_src comp="344" pin="9"/><net_sink comp="173" pin=3"/></net>

<net id="373"><net_src comp="54" pin="0"/><net_sink comp="362" pin=0"/></net>

<net id="374"><net_src comp="50" pin="0"/><net_sink comp="362" pin=1"/></net>

<net id="375"><net_src comp="56" pin="0"/><net_sink comp="362" pin=3"/></net>

<net id="376"><net_src comp="52" pin="0"/><net_sink comp="362" pin=5"/></net>

<net id="377"><net_src comp="58" pin="0"/><net_sink comp="362" pin=7"/></net>

<net id="378"><net_src comp="287" pin="3"/><net_sink comp="362" pin=8"/></net>

<net id="379"><net_src comp="362" pin="9"/><net_sink comp="173" pin=5"/></net>

<net id="391"><net_src comp="54" pin="0"/><net_sink comp="380" pin=0"/></net>

<net id="392"><net_src comp="56" pin="0"/><net_sink comp="380" pin=1"/></net>

<net id="393"><net_src comp="52" pin="0"/><net_sink comp="380" pin=3"/></net>

<net id="394"><net_src comp="50" pin="0"/><net_sink comp="380" pin=5"/></net>

<net id="395"><net_src comp="58" pin="0"/><net_sink comp="380" pin=7"/></net>

<net id="396"><net_src comp="295" pin="1"/><net_sink comp="380" pin=8"/></net>

<net id="397"><net_src comp="380" pin="9"/><net_sink comp="173" pin=4"/></net>

<net id="409"><net_src comp="54" pin="0"/><net_sink comp="398" pin=0"/></net>

<net id="410"><net_src comp="50" pin="0"/><net_sink comp="398" pin=1"/></net>

<net id="411"><net_src comp="56" pin="0"/><net_sink comp="398" pin=3"/></net>

<net id="412"><net_src comp="52" pin="0"/><net_sink comp="398" pin=5"/></net>

<net id="413"><net_src comp="58" pin="0"/><net_sink comp="398" pin=7"/></net>

<net id="414"><net_src comp="300" pin="3"/><net_sink comp="398" pin=8"/></net>

<net id="415"><net_src comp="398" pin="9"/><net_sink comp="173" pin=2"/></net>

<net id="420"><net_src comp="194" pin="1"/><net_sink comp="416" pin=0"/></net>

<net id="421"><net_src comp="28" pin="0"/><net_sink comp="416" pin=1"/></net>

<net id="426"><net_src comp="194" pin="1"/><net_sink comp="422" pin=0"/></net>

<net id="427"><net_src comp="62" pin="0"/><net_sink comp="422" pin=1"/></net>

<net id="433"><net_src comp="422" pin="2"/><net_sink comp="428" pin=0"/></net>

<net id="434"><net_src comp="20" pin="0"/><net_sink comp="428" pin=1"/></net>

<net id="435"><net_src comp="416" pin="2"/><net_sink comp="428" pin=2"/></net>

<net id="440"><net_src comp="191" pin="1"/><net_sink comp="436" pin=0"/></net>

<net id="441"><net_src comp="28" pin="0"/><net_sink comp="436" pin=1"/></net>

<net id="446"><net_src comp="191" pin="1"/><net_sink comp="442" pin=0"/></net>

<net id="447"><net_src comp="62" pin="0"/><net_sink comp="442" pin=1"/></net>

<net id="453"><net_src comp="442" pin="2"/><net_sink comp="448" pin=0"/></net>

<net id="454"><net_src comp="20" pin="0"/><net_sink comp="448" pin=1"/></net>

<net id="455"><net_src comp="436" pin="2"/><net_sink comp="448" pin=2"/></net>

<net id="464"><net_src comp="448" pin="3"/><net_sink comp="460" pin=0"/></net>

<net id="469"><net_src comp="428" pin="3"/><net_sink comp="465" pin=0"/></net>

<net id="473"><net_src comp="64" pin="1"/><net_sink comp="470" pin=0"/></net>

<net id="474"><net_src comp="470" pin="1"/><net_sink comp="207" pin=1"/></net>

<net id="475"><net_src comp="470" pin="1"/><net_sink comp="194" pin=0"/></net>

<net id="476"><net_src comp="470" pin="1"/><net_sink comp="465" pin=1"/></net>

<net id="480"><net_src comp="68" pin="1"/><net_sink comp="477" pin=0"/></net>

<net id="481"><net_src comp="477" pin="1"/><net_sink comp="202" pin=1"/></net>

<net id="482"><net_src comp="477" pin="1"/><net_sink comp="191" pin=0"/></net>

<net id="483"><net_src comp="477" pin="1"/><net_sink comp="460" pin=1"/></net>

<net id="487"><net_src comp="72" pin="1"/><net_sink comp="484" pin=0"/></net>

<net id="488"><net_src comp="484" pin="1"/><net_sink comp="197" pin=1"/></net>

<net id="489"><net_src comp="484" pin="1"/><net_sink comp="212" pin=0"/></net>

<net id="490"><net_src comp="484" pin="1"/><net_sink comp="456" pin=1"/></net>

<net id="494"><net_src comp="88" pin="3"/><net_sink comp="491" pin=0"/></net>

<net id="495"><net_src comp="491" pin="1"/><net_sink comp="136" pin=2"/></net>

<net id="499"><net_src comp="96" pin="3"/><net_sink comp="496" pin=0"/></net>

<net id="500"><net_src comp="496" pin="1"/><net_sink comp="145" pin=2"/></net>

<net id="504"><net_src comp="104" pin="3"/><net_sink comp="501" pin=0"/></net>

<net id="505"><net_src comp="501" pin="1"/><net_sink comp="154" pin=2"/></net>

<net id="509"><net_src comp="112" pin="3"/><net_sink comp="506" pin=0"/></net>

<net id="510"><net_src comp="506" pin="1"/><net_sink comp="136" pin=0"/></net>

<net id="514"><net_src comp="120" pin="3"/><net_sink comp="511" pin=0"/></net>

<net id="515"><net_src comp="511" pin="1"/><net_sink comp="145" pin=0"/></net>

<net id="519"><net_src comp="128" pin="3"/><net_sink comp="516" pin=0"/></net>

<net id="520"><net_src comp="516" pin="1"/><net_sink comp="154" pin=0"/></net>

<net id="530"><net_src comp="221" pin="2"/><net_sink comp="527" pin=0"/></net>

<net id="531"><net_src comp="527" pin="1"/><net_sink comp="456" pin=0"/></net>

<net id="535"><net_src comp="227" pin="1"/><net_sink comp="532" pin=0"/></net>

<net id="536"><net_src comp="532" pin="1"/><net_sink comp="242" pin=0"/></net>

<net id="537"><net_src comp="532" pin="1"/><net_sink comp="255" pin=0"/></net>

<net id="541"><net_src comp="231" pin="2"/><net_sink comp="538" pin=0"/></net>

<net id="545"><net_src comp="237" pin="1"/><net_sink comp="542" pin=0"/></net>

<net id="546"><net_src comp="542" pin="1"/><net_sink comp="163" pin=5"/></net>

<net id="550"><net_src comp="247" pin="3"/><net_sink comp="547" pin=0"/></net>

<net id="554"><net_src comp="260" pin="1"/><net_sink comp="551" pin=0"/></net>

<net id="555"><net_src comp="551" pin="1"/><net_sink comp="272" pin=0"/></net>

<net id="559"><net_src comp="264" pin="3"/><net_sink comp="556" pin=0"/></net>

<net id="560"><net_src comp="556" pin="1"/><net_sink comp="287" pin=0"/></net>

<net id="564"><net_src comp="278" pin="2"/><net_sink comp="561" pin=0"/></net>

<net id="565"><net_src comp="561" pin="1"/><net_sink comp="300" pin=0"/></net>

<net id="569"><net_src comp="136" pin="7"/><net_sink comp="566" pin=0"/></net>

<net id="570"><net_src comp="566" pin="1"/><net_sink comp="308" pin=2"/></net>

<net id="571"><net_src comp="566" pin="1"/><net_sink comp="326" pin=2"/></net>

<net id="572"><net_src comp="566" pin="1"/><net_sink comp="344" pin=2"/></net>

<net id="576"><net_src comp="145" pin="7"/><net_sink comp="573" pin=0"/></net>

<net id="577"><net_src comp="573" pin="1"/><net_sink comp="308" pin=4"/></net>

<net id="578"><net_src comp="573" pin="1"/><net_sink comp="326" pin=4"/></net>

<net id="579"><net_src comp="573" pin="1"/><net_sink comp="344" pin=4"/></net>

<net id="583"><net_src comp="154" pin="7"/><net_sink comp="580" pin=0"/></net>

<net id="584"><net_src comp="580" pin="1"/><net_sink comp="308" pin=6"/></net>

<net id="585"><net_src comp="580" pin="1"/><net_sink comp="326" pin=6"/></net>

<net id="586"><net_src comp="580" pin="1"/><net_sink comp="344" pin=6"/></net>

<net id="590"><net_src comp="136" pin="3"/><net_sink comp="587" pin=0"/></net>

<net id="591"><net_src comp="587" pin="1"/><net_sink comp="362" pin=2"/></net>

<net id="592"><net_src comp="587" pin="1"/><net_sink comp="380" pin=2"/></net>

<net id="593"><net_src comp="587" pin="1"/><net_sink comp="398" pin=2"/></net>

<net id="597"><net_src comp="145" pin="3"/><net_sink comp="594" pin=0"/></net>

<net id="598"><net_src comp="594" pin="1"/><net_sink comp="362" pin=4"/></net>

<net id="599"><net_src comp="594" pin="1"/><net_sink comp="380" pin=4"/></net>

<net id="600"><net_src comp="594" pin="1"/><net_sink comp="398" pin=4"/></net>

<net id="604"><net_src comp="154" pin="3"/><net_sink comp="601" pin=0"/></net>

<net id="605"><net_src comp="601" pin="1"/><net_sink comp="362" pin=6"/></net>

<net id="606"><net_src comp="601" pin="1"/><net_sink comp="380" pin=6"/></net>

<net id="607"><net_src comp="601" pin="1"/><net_sink comp="398" pin=6"/></net>

<net id="611"><net_src comp="287" pin="3"/><net_sink comp="608" pin=0"/></net>

<net id="612"><net_src comp="608" pin="1"/><net_sink comp="173" pin=11"/></net>

<net id="616"><net_src comp="295" pin="1"/><net_sink comp="613" pin=0"/></net>

<net id="617"><net_src comp="613" pin="1"/><net_sink comp="173" pin=12"/></net>

<net id="621"><net_src comp="300" pin="3"/><net_sink comp="618" pin=0"/></net>

<net id="622"><net_src comp="618" pin="1"/><net_sink comp="173" pin=13"/></net>

<net id="626"><net_src comp="308" pin="9"/><net_sink comp="623" pin=0"/></net>

<net id="627"><net_src comp="623" pin="1"/><net_sink comp="173" pin=6"/></net>

<net id="631"><net_src comp="326" pin="9"/><net_sink comp="628" pin=0"/></net>

<net id="632"><net_src comp="628" pin="1"/><net_sink comp="173" pin=1"/></net>

<net id="636"><net_src comp="344" pin="9"/><net_sink comp="633" pin=0"/></net>

<net id="637"><net_src comp="633" pin="1"/><net_sink comp="173" pin=3"/></net>

<net id="641"><net_src comp="362" pin="9"/><net_sink comp="638" pin=0"/></net>

<net id="642"><net_src comp="638" pin="1"/><net_sink comp="173" pin=5"/></net>

<net id="646"><net_src comp="380" pin="9"/><net_sink comp="643" pin=0"/></net>

<net id="647"><net_src comp="643" pin="1"/><net_sink comp="173" pin=4"/></net>

<net id="651"><net_src comp="398" pin="9"/><net_sink comp="648" pin=0"/></net>

<net id="652"><net_src comp="648" pin="1"/><net_sink comp="173" pin=2"/></net>

</net_list>

</model> 
---------------- Datapath Model END ------------------

* FSMD analyzer results:
  - Output states:
	Port: sobel_out | {38 39 }
 - Input state : 
	Port: sobel : gauss_out | {2 3 }
  - Chain level:
	State 1
		lineBuffer_addr : 1
		lineBuffer_1_addr : 1
		lineBuffer_2_addr : 1
		lineBuffer_addr_1 : 1
		lineBuffer_1_addr_1 : 1
		lineBuffer_2_addr_1 : 1
		store_ln60 : 1
		store_ln0 : 1
		store_ln0 : 1
	State 2
		icmp_ln92 : 1
		rowsReceived : 1
		br_ln92 : 2
		zext_ln92 : 1
		icmp_ln93 : 1
		br_ln93 : 2
		trunc_ln98 : 1
		call_ln98 : 2
	State 3
		tmp : 1
		br_ln105 : 2
		sext_ln60 : 1
		tmp_17 : 1
		sub16_op : 2
	State 4
	State 5
	State 6
	State 7
	State 8
	State 9
	State 10
	State 11
	State 12
	State 13
	State 14
	State 15
	State 16
	State 17
	State 18
	State 19
	State 20
	State 21
	State 22
	State 23
	State 24
	State 25
	State 26
	State 27
	State 28
	State 29
	State 30
	State 31
	State 32
	State 33
	State 34
	State 35
	State 36
	State 37
	State 38
		empty : 1
		empty_57 : 2
		trunc_ln60 : 1
		select_ln23 : 2
		tmp_1 : 3
		tmp_2 : 2
		tmp_3 : 3
		tmp_4 : 3
		tmp_5 : 2
		tmp_6 : 3
		call_ln145 : 4
	State 39
		add_ln90 : 1
		icmp_ln90 : 1
		select_ln90 : 2
		add_ln90_1 : 1
		icmp_ln90_1 : 1
		select_ln90_1 : 2
		store_ln90 : 3
		store_ln90 : 3


============================================================
+ Verbose Summary: Datapath Resource usage 
============================================================

* Functional unit list:
|----------|--------------------------------------------|---------|---------|---------|---------|
| Operation|               Functional Unit              |   DSP   |  Delay  |    FF   |   LUT   |
|----------|--------------------------------------------|---------|---------|---------|---------|
|   call   |  grp_sobel_Pipeline_VITIS_LOOP_96_2_fu_163 |    0    |    0    |    22   |    34   |
|          | grp_sobel_Pipeline_VITIS_LOOP_149_6_fu_173 |    2    |  1.281  |   185   |   595   |
|----------|--------------------------------------------|---------|---------|---------|---------|
|   urem   |                 grp_fu_272                 |    0    |    0    |   394   |   238   |
|----------|--------------------------------------------|---------|---------|---------|---------|
|          |              icmp_ln92_fu_215              |    0    |    0    |    0    |    16   |
|          |              icmp_ln93_fu_231              |    0    |    0    |    0    |    16   |
|   icmp   |              icmp_ln63_fu_278              |    0    |    0    |    0    |    16   |
|          |              icmp_ln90_fu_422              |    0    |    0    |    0    |    16   |
|          |             icmp_ln90_1_fu_442             |    0    |    0    |    0    |    16   |
|----------|--------------------------------------------|---------|---------|---------|---------|
|          |             rowsReceived_fu_221            |    0    |    0    |    0    |    16   |
|          |              outputRow_fu_242              |    0    |    0    |    0    |    16   |
|    add   |              add_ln120_fu_255              |    0    |    0    |    0    |    16   |
|          |               add_ln90_fu_416              |    0    |    0    |    0    |    16   |
|          |              add_ln90_1_fu_436             |    0    |    0    |    0    |    16   |
|----------|--------------------------------------------|---------|---------|---------|---------|
|          |                tmp_1_fu_308                |    0    |    0    |    0    |    9    |
|          |                tmp_2_fu_326                |    0    |    0    |    0    |    9    |
| sparsemux|                tmp_3_fu_344                |    0    |    0    |    0    |    9    |
|          |                tmp_4_fu_362                |    0    |    0    |    0    |    9    |
|          |                tmp_5_fu_380                |    0    |    0    |    0    |    9    |
|          |                tmp_6_fu_398                |    0    |    0    |    0    |    9    |
|----------|--------------------------------------------|---------|---------|---------|---------|
|          |               empty_57_fu_287              |    0    |    0    |    0    |    2    |
|  select  |             select_ln23_fu_300             |    0    |    0    |    0    |    2    |
|          |             select_ln90_fu_428             |    0    |    0    |    0    |    9    |
|          |            select_ln90_1_fu_448            |    0    |    0    |    0    |    9    |
|----------|--------------------------------------------|---------|---------|---------|---------|
|   zext   |              zext_ln92_fu_227              |    0    |    0    |    0    |    0    |
|----------|--------------------------------------------|---------|---------|---------|---------|
|          |              trunc_ln98_fu_237             |    0    |    0    |    0    |    0    |
|   trunc  |                empty_fu_283                |    0    |    0    |    0    |    0    |
|          |              trunc_ln60_fu_295             |    0    |    0    |    0    |    0    |
|----------|--------------------------------------------|---------|---------|---------|---------|
| bitselect|                 tmp_fu_247                 |    0    |    0    |    0    |    0    |
|          |                tmp_17_fu_264               |    0    |    0    |    0    |    0    |
|----------|--------------------------------------------|---------|---------|---------|---------|
|   sext   |              sext_ln60_fu_260              |    0    |    0    |    0    |    0    |
|----------|--------------------------------------------|---------|---------|---------|---------|
|   Total  |                                            |    2    |  1.281  |   601   |   1103  |
|----------|--------------------------------------------|---------|---------|---------|---------|

Memories:
+------------+--------+--------+--------+--------+
|            |  BRAM  |   FF   |   LUT  |  URAM  |
+------------+--------+--------+--------+--------+
| lineBuffer |    1   |    0   |    0   |    0   |
|lineBuffer_1|    1   |    0   |    0   |    0   |
|lineBuffer_2|    1   |    0   |    0   |    0   |
+------------+--------+--------+--------+--------+
|    Total   |    3   |    0   |    0   |    0   |
+------------+--------+--------+--------+--------+

* Register list:
+---------------------------+--------+
|                           |   FF   |
+---------------------------+--------+
|      empty_57_reg_608     |    2   |
|     icmp_ln63_reg_561     |    1   |
|     icmp_ln93_reg_538     |    1   |
|lineBuffer_1_addr_1_reg_511|   10   |
| lineBuffer_1_addr_reg_496 |   10   |
|lineBuffer_1_load_1_reg_594|    8   |
| lineBuffer_1_load_reg_573 |    8   |
|lineBuffer_2_addr_1_reg_516|   10   |
| lineBuffer_2_addr_reg_501 |   10   |
|lineBuffer_2_load_1_reg_601|    8   |
| lineBuffer_2_load_reg_580 |    8   |
| lineBuffer_addr_1_reg_506 |   10   |
|  lineBuffer_addr_reg_491  |   10   |
| lineBuffer_load_1_reg_587 |    8   |
|  lineBuffer_load_reg_566  |    8   |
|     phi_urem69_reg_470    |    9   |
|      phi_urem_reg_477     |    9   |
|       row_1_reg_484       |    9   |
|    rowsReceived_reg_527   |    9   |
|    select_ln23_reg_618    |    2   |
|     sext_ln60_reg_551     |   32   |
|       tmp_17_reg_556      |    1   |
|       tmp_1_reg_623       |    8   |
|       tmp_2_reg_628       |    8   |
|       tmp_3_reg_633       |    8   |
|       tmp_4_reg_638       |    8   |
|       tmp_5_reg_643       |    8   |
|       tmp_6_reg_648       |    8   |
|        tmp_reg_547        |    1   |
|     trunc_ln60_reg_613    |    2   |
|     trunc_ln98_reg_542    |    2   |
|     zext_ln92_reg_532     |   10   |
+---------------------------+--------+
|           Total           |   246  |
+---------------------------+--------+

* Multiplexer (MUX) list: 
|--------------------------------------------|------|------|------|--------||---------||---------||---------|
|                    Comp                    |  Pin | Size |  BW  | S x BW ||  Delay  ||    FF   ||   LUT   |
|--------------------------------------------|------|------|------|--------||---------||---------||---------|
|  grp_sobel_Pipeline_VITIS_LOOP_96_2_fu_163 |  p5  |   2  |   2  |    4   ||    0    ||    9    |
| grp_sobel_Pipeline_VITIS_LOOP_149_6_fu_173 |  p1  |   2  |   8  |   16   ||    0    ||    9    |
| grp_sobel_Pipeline_VITIS_LOOP_149_6_fu_173 |  p2  |   2  |   8  |   16   ||    0    ||    9    |
| grp_sobel_Pipeline_VITIS_LOOP_149_6_fu_173 |  p3  |   2  |   8  |   16   ||    0    ||    9    |
| grp_sobel_Pipeline_VITIS_LOOP_149_6_fu_173 |  p4  |   2  |   8  |   16   ||    0    ||    9    |
| grp_sobel_Pipeline_VITIS_LOOP_149_6_fu_173 |  p5  |   2  |   8  |   16   ||    0    ||    9    |
| grp_sobel_Pipeline_VITIS_LOOP_149_6_fu_173 |  p6  |   2  |   8  |   16   ||    0    ||    9    |
| grp_sobel_Pipeline_VITIS_LOOP_149_6_fu_173 |  p11 |   2  |   2  |    4   ||    0    ||    9    |
| grp_sobel_Pipeline_VITIS_LOOP_149_6_fu_173 |  p12 |   2  |   2  |    4   ||    0    ||    9    |
| grp_sobel_Pipeline_VITIS_LOOP_149_6_fu_173 |  p13 |   2  |   2  |    4   ||    0    ||    9    |
|                 grp_fu_272                 |  p0  |   2  |  32  |   64   ||    0    ||    9    |
|--------------------------------------------|------|------|------|--------||---------||---------||---------|
|                    Total                   |      |      |      |   176  ||  4.697  ||    0    ||    99   |
|--------------------------------------------|------|------|------|--------||---------||---------||---------|



* Summary:
+-----------+--------+--------+--------+--------+--------+--------+
|           |  BRAM  |   DSP  |  Delay |   FF   |   LUT  |  URAM  |
+-----------+--------+--------+--------+--------+--------+--------+
|  Function |    -   |    2   |    1   |   601  |  1103  |    -   |
|   Memory  |    3   |    -   |    -   |    0   |    0   |    0   |
|Multiplexer|    -   |    -   |    4   |    0   |   99   |    -   |
|  Register |    -   |    -   |    -   |   246  |    -   |    -   |
+-----------+--------+--------+--------+--------+--------+--------+
|   Total   |    3   |    2   |    5   |   847  |  1202  |    0   |
+-----------+--------+--------+--------+--------+--------+--------+
