

================================================================
== Vitis HLS Report for 'sobel_Pipeline_VITIS_LOOP_118_2'
================================================================
* Date:           Thu Jul 23 23:06:20 2026

* Version:        2025.2 (Build 6295257 on Nov 14 2025)
* Project:        canny_top
* Solution:       hls (Vitis Kernel Flow Target)
* Product family: zynquplus
* Target device:  xck26-sfvc784-2LV-c


================================================================
== Performance Estimates
================================================================
+ Timing: 
    * Summary: 
    +--------+---------+----------+------------+
    |  Clock |  Target | Estimated| Uncertainty|
    +--------+---------+----------+------------+
    |ap_clk  |  5.00 ns|  3.420 ns|     1.35 ns|
    +--------+---------+----------+------------+

+ Latency: 
    * Summary: 
    +---------+---------+----------+----------+-----+-----+-------------------+
    |  Latency (cycles) |  Latency (absolute) |  Interval |      Pipeline     |
    |   min   |   max   |    min   |    max   | min | max |        Type       |
    +---------+---------+----------+----------+-----+-----+-------------------+
    |     1602|     1602|  8.010 us|  8.010 us|    0|    0|  loop pipeline stp|
    +---------+---------+----------+----------+-----+-----+-------------------+

    + Detail: 
        * Instance: 
        N/A

        * Loop: 
        +--------------------+---------+---------+----------+-----------+-----------+------+----------+
        |                    |  Latency (cycles) | Iteration|  Initiation Interval  | Trip |          |
        |      Loop Name     |   min   |   max   |  Latency |  achieved |   target  | Count| Pipelined|
        +--------------------+---------+---------+----------+-----------+-----------+------+----------+
        |- VITIS_LOOP_118_2  |     1600|     1600|        74|          3|          1|   510|       yes|
        +--------------------+---------+---------+----------+-----------+-----------+------+----------+

============================================================
+ Verbose Summary: Synthesis Manager
============================================================
InlineROM: 1
ExposeGlobal: 0
============================================================
+ Verbose Summary: CDFG Model
============================================================
IsTopModel: 0
ResetActiveHigh: 1
IsCombinational: 0
IsDatapathOnly: 0
HasWiredReturn: 1
HasMFsm: 2
HasVarLatency: 1
IsPipeline: 0
IsRtlPipelined: 0
IsInstanceOverlapped: 0
IsDontTouch: 0
HasImplIP: 0
IsGatedGlobalClock: 0

+ Individual pipeline summary: 
  * Pipeline-0: initiation interval (II) = 3, depth = 74


============================================================
+ Verbose Summary: Schedule
============================================================
* Number of FSM states : 74
* Pipeline : 1
  Pipeline-0 : II = 3, D = 74, States = { 1 2 3 4 5 6 7 8 9 10 11 12 13 14 15 16 17 18 19 20 21 22 23 24 25 26 27 28 29 30 31 32 33 34 35 36 37 38 39 40 41 42 43 44 45 46 47 48 49 50 51 52 53 54 55 56 57 58 59 60 61 62 63 64 65 66 67 68 69 70 71 72 73 74 }
* Dataflow Pipeline: 0

* FSM state transitions: 
1 --> 2 
2 --> 3 
3 --> 4 
4 --> 5 
5 --> 6 
6 --> 7 
7 --> 8 
8 --> 9 
9 --> 10 
10 --> 11 
11 --> 12 
12 --> 13 
13 --> 14 
14 --> 15 
15 --> 16 
16 --> 17 
17 --> 18 
18 --> 19 
19 --> 20 
20 --> 21 
21 --> 22 
22 --> 23 
23 --> 24 
24 --> 25 
25 --> 26 
26 --> 27 
27 --> 28 
28 --> 29 
29 --> 30 
30 --> 31 
31 --> 32 
32 --> 33 
33 --> 34 
34 --> 35 
35 --> 36 
36 --> 37 
37 --> 38 
38 --> 39 
39 --> 40 
40 --> 41 
41 --> 42 
42 --> 43 
43 --> 44 
44 --> 45 
45 --> 46 
46 --> 47 
47 --> 48 
48 --> 49 
49 --> 50 
50 --> 51 
51 --> 52 
52 --> 53 
53 --> 54 
54 --> 55 
55 --> 56 
56 --> 57 
57 --> 58 
58 --> 59 
59 --> 60 
60 --> 61 
61 --> 62 
62 --> 63 
63 --> 64 
64 --> 65 
65 --> 66 
66 --> 67 
67 --> 68 
68 --> 69 
69 --> 70 
70 --> 71 
71 --> 72 
72 --> 73 
73 --> 74 
74 --> 

* FSM state operations: 

State 1 <SV = 0> <Delay = 1.20>
ST_1 : Operation 77 [1/1] (0.00ns)   --->   "%column_1 = alloca i32 1" [../src/sobel.cpp:118->../src/canny_top.cpp:25]   --->   Operation 77 'alloca' 'column_1' <Predicate = true> <Delay = 0.00>
ST_1 : Operation 78 [1/1] (0.00ns)   --->   "%result_7_read = read i2 @_ssdm_op_Read.ap_auto.i2, i2 %result_7"   --->   Operation 78 'read' 'result_7_read' <Predicate = true> <Delay = 0.00>
ST_1 : Operation 79 [1/1] (0.00ns)   --->   "%writeSlot_read = read i2 @_ssdm_op_Read.ap_auto.i2, i2 %writeSlot"   --->   Operation 79 'read' 'writeSlot_read' <Predicate = true> <Delay = 0.00>
ST_1 : Operation 80 [1/1] (0.00ns)   --->   "%result_read = read i2 @_ssdm_op_Read.ap_auto.i2, i2 %result"   --->   Operation 80 'read' 'result_read' <Predicate = true> <Delay = 0.00>
ST_1 : Operation 81 [1/1] (0.42ns)   --->   "%store_ln118 = store i9 1, i9 %column_1" [../src/sobel.cpp:118->../src/canny_top.cpp:25]   --->   Operation 81 'store' 'store_ln118' <Predicate = true> <Delay = 0.42>
ST_1 : Operation 82 [1/1] (0.00ns)   --->   "%br_ln0 = br void %VITIS_LOOP_122_3.i"   --->   Operation 82 'br' 'br_ln0' <Predicate = true> <Delay = 0.00>
ST_1 : Operation 83 [1/1] (0.00ns)   --->   "%column = load i9 %column_1" [../src/sobel.cpp:140->../src/canny_top.cpp:25]   --->   Operation 83 'load' 'column' <Predicate = true> <Delay = 0.00>
ST_1 : Operation 84 [1/1] (0.77ns)   --->   "%icmp_ln118 = icmp_eq  i9 %column, i9 511" [../src/sobel.cpp:118->../src/canny_top.cpp:25]   --->   Operation 84 'icmp' 'icmp_ln118' <Predicate = true> <Delay = 0.77> <CoreInst = "Cmp">   --->   Core 9 'Cmp' <Latency = 0> <II = 1> <Delay = 0.77> <FuncUnit> <Opcode : 'seteq' 'setne' 'setle' 'setge' 'setlt' 'setgt'> <InPorts = 2> <OutPorts = 1>
ST_1 : Operation 85 [1/1] (0.00ns)   --->   "%br_ln118 = br i1 %icmp_ln118, void %VITIS_LOOP_122_3.split.i_ifconv, void %cleanup76.i.loopexit.exitStub" [../src/sobel.cpp:118->../src/canny_top.cpp:25]   --->   Operation 85 'br' 'br_ln118' <Predicate = true> <Delay = 0.00>
ST_1 : Operation 86 [1/1] (0.00ns)   --->   "%trunc_ln118 = trunc i9 %column" [../src/sobel.cpp:118->../src/canny_top.cpp:25]   --->   Operation 86 'trunc' 'trunc_ln118' <Predicate = (!icmp_ln118)> <Delay = 0.00>

State 2 <SV = 1> <Delay = 2.01>
ST_2 : Operation 87 [1/1] (0.00ns)   --->   "%lshr_ln1 = partselect i8 @_ssdm_op_PartSelect.i8.i9.i32.i32, i9 %column, i32 1, i32 8" [../src/sobel.cpp:118->../src/canny_top.cpp:25]   --->   Operation 87 'partselect' 'lshr_ln1' <Predicate = (!icmp_ln118)> <Delay = 0.00>
ST_2 : Operation 88 [1/1] (0.00ns)   --->   "%tmp_5 = bitconcatenate i10 @_ssdm_op_BitConcatenate.i10.i2.i8, i2 %result_read, i8 %lshr_ln1" [../src/sobel.cpp:143->../src/canny_top.cpp:25]   --->   Operation 88 'bitconcatenate' 'tmp_5' <Predicate = (!icmp_ln118)> <Delay = 0.00>
ST_2 : Operation 89 [1/1] (0.00ns)   --->   "%zext_ln143 = zext i10 %tmp_5" [../src/sobel.cpp:143->../src/canny_top.cpp:25]   --->   Operation 89 'zext' 'zext_ln143' <Predicate = (!icmp_ln118)> <Delay = 0.00>
ST_2 : Operation 90 [1/1] (0.00ns)   --->   "%p_anonymous_namespace_lineBuffer_16_0_addr = getelementptr i8 %p_anonymous_namespace_lineBuffer_16_0, i64 0, i64 %zext_ln143" [../src/sobel.cpp:143->../src/canny_top.cpp:25]   --->   Operation 90 'getelementptr' 'p_anonymous_namespace_lineBuffer_16_0_addr' <Predicate = (!icmp_ln118 & !trunc_ln118)> <Delay = 0.00>
ST_2 : Operation 91 [1/1] (0.00ns)   --->   "%tmp_7 = bitconcatenate i10 @_ssdm_op_BitConcatenate.i10.i2.i8, i2 %writeSlot_read, i8 %lshr_ln1" [../src/sobel.cpp:143->../src/canny_top.cpp:25]   --->   Operation 91 'bitconcatenate' 'tmp_7' <Predicate = (!icmp_ln118)> <Delay = 0.00>
ST_2 : Operation 92 [1/1] (0.00ns)   --->   "%zext_ln143_1 = zext i10 %tmp_7" [../src/sobel.cpp:143->../src/canny_top.cpp:25]   --->   Operation 92 'zext' 'zext_ln143_1' <Predicate = (!icmp_ln118)> <Delay = 0.00>
ST_2 : Operation 93 [1/1] (0.00ns)   --->   "%p_anonymous_namespace_lineBuffer_16_0_addr_2 = getelementptr i8 %p_anonymous_namespace_lineBuffer_16_0, i64 0, i64 %zext_ln143_1" [../src/sobel.cpp:143->../src/canny_top.cpp:25]   --->   Operation 93 'getelementptr' 'p_anonymous_namespace_lineBuffer_16_0_addr_2' <Predicate = (!icmp_ln118 & !trunc_ln118)> <Delay = 0.00>
ST_2 : Operation 94 [1/1] (0.00ns)   --->   "%p_anonymous_namespace_lineBuffer_16_1_addr = getelementptr i8 %p_anonymous_namespace_lineBuffer_16_1, i64 0, i64 %zext_ln143" [../src/sobel.cpp:143->../src/canny_top.cpp:25]   --->   Operation 94 'getelementptr' 'p_anonymous_namespace_lineBuffer_16_1_addr' <Predicate = (!icmp_ln118 & trunc_ln118)> <Delay = 0.00>
ST_2 : Operation 95 [1/1] (0.00ns)   --->   "%p_anonymous_namespace_lineBuffer_16_1_addr_2 = getelementptr i8 %p_anonymous_namespace_lineBuffer_16_1, i64 0, i64 %zext_ln143_1" [../src/sobel.cpp:143->../src/canny_top.cpp:25]   --->   Operation 95 'getelementptr' 'p_anonymous_namespace_lineBuffer_16_1_addr_2' <Predicate = (!icmp_ln118 & trunc_ln118)> <Delay = 0.00>
ST_2 : Operation 96 [1/1] (0.77ns)   --->   "%add_ln140 = add i9 %column, i9 511" [../src/sobel.cpp:140->../src/canny_top.cpp:25]   --->   Operation 96 'add' 'add_ln140' <Predicate = (!icmp_ln118)> <Delay = 0.77> <CoreInst = "Adder">   --->   Core 1 'Adder' <Latency = 0> <II = 1> <Delay = 0.77> <FuncUnit> <Opcode : 'add' 'sub'> <InPorts = 2> <OutPorts = 1>
ST_2 : Operation 97 [1/1] (0.00ns)   --->   "%lshr_ln2 = partselect i8 @_ssdm_op_PartSelect.i8.i9.i32.i32, i9 %add_ln140, i32 1, i32 8" [../src/sobel.cpp:143->../src/canny_top.cpp:25]   --->   Operation 97 'partselect' 'lshr_ln2' <Predicate = (!icmp_ln118)> <Delay = 0.00>
ST_2 : Operation 98 [1/1] (0.00ns)   --->   "%tmp_9 = bitconcatenate i10 @_ssdm_op_BitConcatenate.i10.i2.i8, i2 %result_read, i8 %lshr_ln2" [../src/sobel.cpp:143->../src/canny_top.cpp:25]   --->   Operation 98 'bitconcatenate' 'tmp_9' <Predicate = (!icmp_ln118)> <Delay = 0.00>
ST_2 : Operation 99 [1/1] (0.00ns)   --->   "%zext_ln143_2 = zext i10 %tmp_9" [../src/sobel.cpp:143->../src/canny_top.cpp:25]   --->   Operation 99 'zext' 'zext_ln143_2' <Predicate = (!icmp_ln118)> <Delay = 0.00>
ST_2 : Operation 100 [1/1] (0.00ns)   --->   "%p_anonymous_namespace_lineBuffer_16_0_addr_1 = getelementptr i8 %p_anonymous_namespace_lineBuffer_16_0, i64 0, i64 %zext_ln143_2" [../src/sobel.cpp:143->../src/canny_top.cpp:25]   --->   Operation 100 'getelementptr' 'p_anonymous_namespace_lineBuffer_16_0_addr_1' <Predicate = (!icmp_ln118 & trunc_ln118)> <Delay = 0.00>
ST_2 : Operation 101 [1/1] (0.00ns)   --->   "%p_anonymous_namespace_lineBuffer_16_1_addr_1 = getelementptr i8 %p_anonymous_namespace_lineBuffer_16_1, i64 0, i64 %zext_ln143_2" [../src/sobel.cpp:143->../src/canny_top.cpp:25]   --->   Operation 101 'getelementptr' 'p_anonymous_namespace_lineBuffer_16_1_addr_1' <Predicate = (!icmp_ln118 & !trunc_ln118)> <Delay = 0.00>
ST_2 : Operation 102 [2/2] (1.23ns)   --->   "%p_anonymous_namespace_lineBuffer_16_0_load = load i10 %p_anonymous_namespace_lineBuffer_16_0_addr_1" [../src/sobel.cpp:143->../src/canny_top.cpp:25]   --->   Operation 102 'load' 'p_anonymous_namespace_lineBuffer_16_0_load' <Predicate = (!icmp_ln118 & trunc_ln118)> <Delay = 1.23> <CoreInst = "RAM">   --->   Core 82 'RAM' <Latency = 1> <II = 1> <Delay = 1.23> <Storage> <Opcode : 'load' 'store'> <Ports = 2> <Width = 8> <Depth = 768> <RAM>
ST_2 : Operation 103 [2/2] (1.23ns)   --->   "%p_anonymous_namespace_lineBuffer_16_1_load = load i10 %p_anonymous_namespace_lineBuffer_16_1_addr_1" [../src/sobel.cpp:143->../src/canny_top.cpp:25]   --->   Operation 103 'load' 'p_anonymous_namespace_lineBuffer_16_1_load' <Predicate = (!icmp_ln118 & !trunc_ln118)> <Delay = 1.23> <CoreInst = "RAM">   --->   Core 82 'RAM' <Latency = 1> <II = 1> <Delay = 1.23> <Storage> <Opcode : 'load' 'store'> <Ports = 2> <Width = 8> <Depth = 768> <RAM>
ST_2 : Operation 104 [2/2] (1.23ns)   --->   "%p_anonymous_namespace_lineBuffer_16_0_load_1 = load i10 %p_anonymous_namespace_lineBuffer_16_0_addr" [../src/sobel.cpp:143->../src/canny_top.cpp:25]   --->   Operation 104 'load' 'p_anonymous_namespace_lineBuffer_16_0_load_1' <Predicate = (!icmp_ln118 & !trunc_ln118)> <Delay = 1.23> <CoreInst = "RAM">   --->   Core 82 'RAM' <Latency = 1> <II = 1> <Delay = 1.23> <Storage> <Opcode : 'load' 'store'> <Ports = 2> <Width = 8> <Depth = 768> <RAM>
ST_2 : Operation 105 [2/2] (1.23ns)   --->   "%p_anonymous_namespace_lineBuffer_16_1_load_1 = load i10 %p_anonymous_namespace_lineBuffer_16_1_addr" [../src/sobel.cpp:143->../src/canny_top.cpp:25]   --->   Operation 105 'load' 'p_anonymous_namespace_lineBuffer_16_1_load_1' <Predicate = (!icmp_ln118 & trunc_ln118)> <Delay = 1.23> <CoreInst = "RAM">   --->   Core 82 'RAM' <Latency = 1> <II = 1> <Delay = 1.23> <Storage> <Opcode : 'load' 'store'> <Ports = 2> <Width = 8> <Depth = 768> <RAM>
ST_2 : Operation 106 [1/1] (0.77ns)   --->   "%add_ln140_1 = add i9 %column, i9 1" [../src/sobel.cpp:140->../src/canny_top.cpp:25]   --->   Operation 106 'add' 'add_ln140_1' <Predicate = (!icmp_ln118)> <Delay = 0.77> <CoreInst = "Adder">   --->   Core 1 'Adder' <Latency = 0> <II = 1> <Delay = 0.77> <FuncUnit> <Opcode : 'add' 'sub'> <InPorts = 2> <OutPorts = 1>
ST_2 : Operation 107 [1/1] (0.00ns)   --->   "%lshr_ln143_1 = partselect i8 @_ssdm_op_PartSelect.i8.i9.i32.i32, i9 %add_ln140_1, i32 1, i32 8" [../src/sobel.cpp:143->../src/canny_top.cpp:25]   --->   Operation 107 'partselect' 'lshr_ln143_1' <Predicate = (!icmp_ln118)> <Delay = 0.00>
ST_2 : Operation 108 [1/1] (0.00ns)   --->   "%tmp_2 = bitconcatenate i10 @_ssdm_op_BitConcatenate.i10.i2.i8, i2 %result_read, i8 %lshr_ln143_1" [../src/sobel.cpp:143->../src/canny_top.cpp:25]   --->   Operation 108 'bitconcatenate' 'tmp_2' <Predicate = (!icmp_ln118)> <Delay = 0.00>
ST_2 : Operation 109 [1/1] (0.00ns)   --->   "%zext_ln143_6 = zext i10 %tmp_2" [../src/sobel.cpp:143->../src/canny_top.cpp:25]   --->   Operation 109 'zext' 'zext_ln143_6' <Predicate = (!icmp_ln118)> <Delay = 0.00>
ST_2 : Operation 110 [1/1] (0.00ns)   --->   "%p_anonymous_namespace_lineBuffer_16_0_addr_3 = getelementptr i8 %p_anonymous_namespace_lineBuffer_16_0, i64 0, i64 %zext_ln143_6" [../src/sobel.cpp:143->../src/canny_top.cpp:25]   --->   Operation 110 'getelementptr' 'p_anonymous_namespace_lineBuffer_16_0_addr_3' <Predicate = (!icmp_ln118 & trunc_ln118)> <Delay = 0.00>
ST_2 : Operation 111 [1/1] (0.00ns)   --->   "%p_anonymous_namespace_lineBuffer_16_1_addr_3 = getelementptr i8 %p_anonymous_namespace_lineBuffer_16_1, i64 0, i64 %zext_ln143_6" [../src/sobel.cpp:143->../src/canny_top.cpp:25]   --->   Operation 111 'getelementptr' 'p_anonymous_namespace_lineBuffer_16_1_addr_3' <Predicate = (!icmp_ln118 & !trunc_ln118)> <Delay = 0.00>
ST_2 : Operation 112 [2/2] (1.23ns)   --->   "%p_anonymous_namespace_lineBuffer_16_0_load_2 = load i10 %p_anonymous_namespace_lineBuffer_16_0_addr_3" [../src/sobel.cpp:143->../src/canny_top.cpp:25]   --->   Operation 112 'load' 'p_anonymous_namespace_lineBuffer_16_0_load_2' <Predicate = (!icmp_ln118 & trunc_ln118)> <Delay = 1.23> <CoreInst = "RAM">   --->   Core 82 'RAM' <Latency = 1> <II = 1> <Delay = 1.23> <Storage> <Opcode : 'load' 'store'> <Ports = 2> <Width = 8> <Depth = 768> <RAM>
ST_2 : Operation 113 [2/2] (1.23ns)   --->   "%p_anonymous_namespace_lineBuffer_16_1_load_2 = load i10 %p_anonymous_namespace_lineBuffer_16_1_addr_3" [../src/sobel.cpp:143->../src/canny_top.cpp:25]   --->   Operation 113 'load' 'p_anonymous_namespace_lineBuffer_16_1_load_2' <Predicate = (!icmp_ln118 & !trunc_ln118)> <Delay = 1.23> <CoreInst = "RAM">   --->   Core 82 'RAM' <Latency = 1> <II = 1> <Delay = 1.23> <Storage> <Opcode : 'load' 'store'> <Ports = 2> <Width = 8> <Depth = 768> <RAM>
ST_2 : Operation 114 [2/2] (1.23ns)   --->   "%p_anonymous_namespace_lineBuffer_16_0_load_6 = load i10 %p_anonymous_namespace_lineBuffer_16_0_addr_2" [../src/sobel.cpp:143->../src/canny_top.cpp:25]   --->   Operation 114 'load' 'p_anonymous_namespace_lineBuffer_16_0_load_6' <Predicate = (!icmp_ln118 & !trunc_ln118)> <Delay = 1.23> <CoreInst = "RAM">   --->   Core 82 'RAM' <Latency = 1> <II = 1> <Delay = 1.23> <Storage> <Opcode : 'load' 'store'> <Ports = 2> <Width = 8> <Depth = 768> <RAM>
ST_2 : Operation 115 [2/2] (1.23ns)   --->   "%p_anonymous_namespace_lineBuffer_16_1_load_6 = load i10 %p_anonymous_namespace_lineBuffer_16_1_addr_2" [../src/sobel.cpp:143->../src/canny_top.cpp:25]   --->   Operation 115 'load' 'p_anonymous_namespace_lineBuffer_16_1_load_6' <Predicate = (!icmp_ln118 & trunc_ln118)> <Delay = 1.23> <CoreInst = "RAM">   --->   Core 82 'RAM' <Latency = 1> <II = 1> <Delay = 1.23> <Storage> <Opcode : 'load' 'store'> <Ports = 2> <Width = 8> <Depth = 768> <RAM>
ST_2 : Operation 116 [1/1] (0.42ns)   --->   "%store_ln118 = store i9 %add_ln140_1, i9 %column_1" [../src/sobel.cpp:118->../src/canny_top.cpp:25]   --->   Operation 116 'store' 'store_ln118' <Predicate = (!icmp_ln118)> <Delay = 0.42>

State 3 <SV = 2> <Delay = 2.39>
ST_3 : Operation 117 [1/1] (0.00ns)   --->   "%tmp_1 = bitconcatenate i10 @_ssdm_op_BitConcatenate.i10.i2.i8, i2 %writeSlot_read, i8 %lshr_ln2" [../src/sobel.cpp:143->../src/canny_top.cpp:25]   --->   Operation 117 'bitconcatenate' 'tmp_1' <Predicate = (!icmp_ln118)> <Delay = 0.00>
ST_3 : Operation 118 [1/1] (0.00ns)   --->   "%zext_ln143_5 = zext i10 %tmp_1" [../src/sobel.cpp:143->../src/canny_top.cpp:25]   --->   Operation 118 'zext' 'zext_ln143_5' <Predicate = (!icmp_ln118)> <Delay = 0.00>
ST_3 : Operation 119 [1/1] (0.00ns)   --->   "%p_anonymous_namespace_lineBuffer_16_0_addr_6 = getelementptr i8 %p_anonymous_namespace_lineBuffer_16_0, i64 0, i64 %zext_ln143_5" [../src/sobel.cpp:143->../src/canny_top.cpp:25]   --->   Operation 119 'getelementptr' 'p_anonymous_namespace_lineBuffer_16_0_addr_6' <Predicate = (!icmp_ln118 & trunc_ln118)> <Delay = 0.00>
ST_3 : Operation 120 [1/1] (0.00ns)   --->   "%p_anonymous_namespace_lineBuffer_16_1_addr_6 = getelementptr i8 %p_anonymous_namespace_lineBuffer_16_1, i64 0, i64 %zext_ln143_5" [../src/sobel.cpp:143->../src/canny_top.cpp:25]   --->   Operation 120 'getelementptr' 'p_anonymous_namespace_lineBuffer_16_1_addr_6' <Predicate = (!icmp_ln118 & !trunc_ln118)> <Delay = 0.00>
ST_3 : Operation 121 [1/2] ( I:1.23ns O:1.23ns )   --->   "%p_anonymous_namespace_lineBuffer_16_0_load = load i10 %p_anonymous_namespace_lineBuffer_16_0_addr_1" [../src/sobel.cpp:143->../src/canny_top.cpp:25]   --->   Operation 121 'load' 'p_anonymous_namespace_lineBuffer_16_0_load' <Predicate = (!icmp_ln118 & trunc_ln118)> <Delay = 1.23> <CoreInst = "RAM">   --->   Core 82 'RAM' <Latency = 1> <II = 1> <Delay = 1.23> <Storage> <Opcode : 'load' 'store'> <Ports = 2> <Width = 8> <Depth = 768> <RAM>
ST_3 : Operation 122 [1/2] ( I:1.23ns O:1.23ns )   --->   "%p_anonymous_namespace_lineBuffer_16_1_load = load i10 %p_anonymous_namespace_lineBuffer_16_1_addr_1" [../src/sobel.cpp:143->../src/canny_top.cpp:25]   --->   Operation 122 'load' 'p_anonymous_namespace_lineBuffer_16_1_load' <Predicate = (!icmp_ln118 & !trunc_ln118)> <Delay = 1.23> <CoreInst = "RAM">   --->   Core 82 'RAM' <Latency = 1> <II = 1> <Delay = 1.23> <Storage> <Opcode : 'load' 'store'> <Ports = 2> <Width = 8> <Depth = 768> <RAM>
ST_3 : Operation 123 [1/1] (0.39ns)   --->   "%pixel = select i1 %trunc_ln118, i8 %p_anonymous_namespace_lineBuffer_16_0_load, i8 %p_anonymous_namespace_lineBuffer_16_1_load" [../src/sobel.cpp:143->../src/canny_top.cpp:25]   --->   Operation 123 'select' 'pixel' <Predicate = (!icmp_ln118)> <Delay = 0.39> <CoreInst = "Sel">   --->   Core 73 'Sel' <Latency = 0> <II = 1> <Delay = 0.39> <FuncUnit> <Opcode : 'select'> <InPorts = 3> <OutPorts = 1>
ST_3 : Operation 124 [1/2] ( I:1.23ns O:1.23ns )   --->   "%p_anonymous_namespace_lineBuffer_16_0_load_1 = load i10 %p_anonymous_namespace_lineBuffer_16_0_addr" [../src/sobel.cpp:143->../src/canny_top.cpp:25]   --->   Operation 124 'load' 'p_anonymous_namespace_lineBuffer_16_0_load_1' <Predicate = (!icmp_ln118 & !trunc_ln118)> <Delay = 1.23> <CoreInst = "RAM">   --->   Core 82 'RAM' <Latency = 1> <II = 1> <Delay = 1.23> <Storage> <Opcode : 'load' 'store'> <Ports = 2> <Width = 8> <Depth = 768> <RAM>
ST_3 : Operation 125 [1/2] ( I:1.23ns O:1.23ns )   --->   "%p_anonymous_namespace_lineBuffer_16_1_load_1 = load i10 %p_anonymous_namespace_lineBuffer_16_1_addr" [../src/sobel.cpp:143->../src/canny_top.cpp:25]   --->   Operation 125 'load' 'p_anonymous_namespace_lineBuffer_16_1_load_1' <Predicate = (!icmp_ln118 & trunc_ln118)> <Delay = 1.23> <CoreInst = "RAM">   --->   Core 82 'RAM' <Latency = 1> <II = 1> <Delay = 1.23> <Storage> <Opcode : 'load' 'store'> <Ports = 2> <Width = 8> <Depth = 768> <RAM>
ST_3 : Operation 126 [1/1] (0.39ns)   --->   "%select_ln143 = select i1 %trunc_ln118, i8 %p_anonymous_namespace_lineBuffer_16_1_load_1, i8 %p_anonymous_namespace_lineBuffer_16_0_load_1" [../src/sobel.cpp:143->../src/canny_top.cpp:25]   --->   Operation 126 'select' 'select_ln143' <Predicate = (!icmp_ln118)> <Delay = 0.39> <CoreInst = "Sel">   --->   Core 73 'Sel' <Latency = 0> <II = 1> <Delay = 0.39> <FuncUnit> <Opcode : 'select'> <InPorts = 3> <OutPorts = 1>
ST_3 : Operation 127 [1/1] (0.00ns)   --->   "%zext_ln140 = zext i8 %select_ln143" [../src/sobel.cpp:140->../src/canny_top.cpp:25]   --->   Operation 127 'zext' 'zext_ln140' <Predicate = (!icmp_ln118)> <Delay = 0.00>
ST_3 : Operation 128 [1/1] (0.00ns)   --->   "%tmp_4 = bitconcatenate i10 @_ssdm_op_BitConcatenate.i10.i2.i8, i2 %writeSlot_read, i8 %lshr_ln143_1" [../src/sobel.cpp:143->../src/canny_top.cpp:25]   --->   Operation 128 'bitconcatenate' 'tmp_4' <Predicate = (!icmp_ln118)> <Delay = 0.00>
ST_3 : Operation 129 [1/1] (0.00ns)   --->   "%zext_ln143_8 = zext i10 %tmp_4" [../src/sobel.cpp:143->../src/canny_top.cpp:25]   --->   Operation 129 'zext' 'zext_ln143_8' <Predicate = (!icmp_ln118)> <Delay = 0.00>
ST_3 : Operation 130 [1/1] (0.00ns)   --->   "%p_anonymous_namespace_lineBuffer_16_0_addr_7 = getelementptr i8 %p_anonymous_namespace_lineBuffer_16_0, i64 0, i64 %zext_ln143_8" [../src/sobel.cpp:143->../src/canny_top.cpp:25]   --->   Operation 130 'getelementptr' 'p_anonymous_namespace_lineBuffer_16_0_addr_7' <Predicate = (!icmp_ln118 & trunc_ln118)> <Delay = 0.00>
ST_3 : Operation 131 [1/1] (0.00ns)   --->   "%p_anonymous_namespace_lineBuffer_16_1_addr_7 = getelementptr i8 %p_anonymous_namespace_lineBuffer_16_1, i64 0, i64 %zext_ln143_8" [../src/sobel.cpp:143->../src/canny_top.cpp:25]   --->   Operation 131 'getelementptr' 'p_anonymous_namespace_lineBuffer_16_1_addr_7' <Predicate = (!icmp_ln118 & !trunc_ln118)> <Delay = 0.00>
ST_3 : Operation 132 [1/2] ( I:1.23ns O:1.23ns )   --->   "%p_anonymous_namespace_lineBuffer_16_0_load_2 = load i10 %p_anonymous_namespace_lineBuffer_16_0_addr_3" [../src/sobel.cpp:143->../src/canny_top.cpp:25]   --->   Operation 132 'load' 'p_anonymous_namespace_lineBuffer_16_0_load_2' <Predicate = (!icmp_ln118 & trunc_ln118)> <Delay = 1.23> <CoreInst = "RAM">   --->   Core 82 'RAM' <Latency = 1> <II = 1> <Delay = 1.23> <Storage> <Opcode : 'load' 'store'> <Ports = 2> <Width = 8> <Depth = 768> <RAM>
ST_3 : Operation 133 [1/2] ( I:1.23ns O:1.23ns )   --->   "%p_anonymous_namespace_lineBuffer_16_1_load_2 = load i10 %p_anonymous_namespace_lineBuffer_16_1_addr_3" [../src/sobel.cpp:143->../src/canny_top.cpp:25]   --->   Operation 133 'load' 'p_anonymous_namespace_lineBuffer_16_1_load_2' <Predicate = (!icmp_ln118 & !trunc_ln118)> <Delay = 1.23> <CoreInst = "RAM">   --->   Core 82 'RAM' <Latency = 1> <II = 1> <Delay = 1.23> <Storage> <Opcode : 'load' 'store'> <Ports = 2> <Width = 8> <Depth = 768> <RAM>
ST_3 : Operation 134 [1/1] (0.39ns)   --->   "%pixel_1 = select i1 %trunc_ln118, i8 %p_anonymous_namespace_lineBuffer_16_0_load_2, i8 %p_anonymous_namespace_lineBuffer_16_1_load_2" [../src/sobel.cpp:143->../src/canny_top.cpp:25]   --->   Operation 134 'select' 'pixel_1' <Predicate = (!icmp_ln118)> <Delay = 0.39> <CoreInst = "Sel">   --->   Core 73 'Sel' <Latency = 0> <II = 1> <Delay = 0.39> <FuncUnit> <Opcode : 'select'> <InPorts = 3> <OutPorts = 1>
ST_3 : Operation 135 [2/2] (1.23ns)   --->   "%p_anonymous_namespace_lineBuffer_16_0_load_5 = load i10 %p_anonymous_namespace_lineBuffer_16_0_addr_6" [../src/sobel.cpp:143->../src/canny_top.cpp:25]   --->   Operation 135 'load' 'p_anonymous_namespace_lineBuffer_16_0_load_5' <Predicate = (!icmp_ln118 & trunc_ln118)> <Delay = 1.23> <CoreInst = "RAM">   --->   Core 82 'RAM' <Latency = 1> <II = 1> <Delay = 1.23> <Storage> <Opcode : 'load' 'store'> <Ports = 2> <Width = 8> <Depth = 768> <RAM>
ST_3 : Operation 136 [2/2] (1.23ns)   --->   "%p_anonymous_namespace_lineBuffer_16_1_load_5 = load i10 %p_anonymous_namespace_lineBuffer_16_1_addr_6" [../src/sobel.cpp:143->../src/canny_top.cpp:25]   --->   Operation 136 'load' 'p_anonymous_namespace_lineBuffer_16_1_load_5' <Predicate = (!icmp_ln118 & !trunc_ln118)> <Delay = 1.23> <CoreInst = "RAM">   --->   Core 82 'RAM' <Latency = 1> <II = 1> <Delay = 1.23> <Storage> <Opcode : 'load' 'store'> <Ports = 2> <Width = 8> <Depth = 768> <RAM>
ST_3 : Operation 137 [1/2] ( I:1.23ns O:1.23ns )   --->   "%p_anonymous_namespace_lineBuffer_16_0_load_6 = load i10 %p_anonymous_namespace_lineBuffer_16_0_addr_2" [../src/sobel.cpp:143->../src/canny_top.cpp:25]   --->   Operation 137 'load' 'p_anonymous_namespace_lineBuffer_16_0_load_6' <Predicate = (!icmp_ln118 & !trunc_ln118)> <Delay = 1.23> <CoreInst = "RAM">   --->   Core 82 'RAM' <Latency = 1> <II = 1> <Delay = 1.23> <Storage> <Opcode : 'load' 'store'> <Ports = 2> <Width = 8> <Depth = 768> <RAM>
ST_3 : Operation 138 [1/2] ( I:1.23ns O:1.23ns )   --->   "%p_anonymous_namespace_lineBuffer_16_1_load_6 = load i10 %p_anonymous_namespace_lineBuffer_16_1_addr_2" [../src/sobel.cpp:143->../src/canny_top.cpp:25]   --->   Operation 138 'load' 'p_anonymous_namespace_lineBuffer_16_1_load_6' <Predicate = (!icmp_ln118 & trunc_ln118)> <Delay = 1.23> <CoreInst = "RAM">   --->   Core 82 'RAM' <Latency = 1> <II = 1> <Delay = 1.23> <Storage> <Opcode : 'load' 'store'> <Ports = 2> <Width = 8> <Depth = 768> <RAM>
ST_3 : Operation 139 [1/1] (0.39ns)   --->   "%select_ln143_5 = select i1 %trunc_ln118, i8 %p_anonymous_namespace_lineBuffer_16_1_load_6, i8 %p_anonymous_namespace_lineBuffer_16_0_load_6" [../src/sobel.cpp:143->../src/canny_top.cpp:25]   --->   Operation 139 'select' 'select_ln143_5' <Predicate = (!icmp_ln118)> <Delay = 0.39> <CoreInst = "Sel">   --->   Core 73 'Sel' <Latency = 0> <II = 1> <Delay = 0.39> <FuncUnit> <Opcode : 'select'> <InPorts = 3> <OutPorts = 1>
ST_3 : Operation 140 [1/1] (0.00ns)   --->   "%select_ln143_6_cast = zext i8 %select_ln143_5" [../src/sobel.cpp:143->../src/canny_top.cpp:25]   --->   Operation 140 'zext' 'select_ln143_6_cast' <Predicate = (!icmp_ln118)> <Delay = 0.00>
ST_3 : Operation 141 [1/1] (0.76ns)   --->   "%tmp3 = sub i9 %select_ln143_6_cast, i9 %zext_ln140" [../src/sobel.cpp:143->../src/canny_top.cpp:25]   --->   Operation 141 'sub' 'tmp3' <Predicate = (!icmp_ln118)> <Delay = 0.76> <CoreInst = "Adder">   --->   Core 1 'Adder' <Latency = 0> <II = 1> <Delay = 0.76> <FuncUnit> <Opcode : 'add' 'sub'> <InPorts = 2> <OutPorts = 1>
ST_3 : Operation 142 [2/2] (1.23ns)   --->   "%p_anonymous_namespace_lineBuffer_16_0_load_7 = load i10 %p_anonymous_namespace_lineBuffer_16_0_addr_7" [../src/sobel.cpp:143->../src/canny_top.cpp:25]   --->   Operation 142 'load' 'p_anonymous_namespace_lineBuffer_16_0_load_7' <Predicate = (!icmp_ln118 & trunc_ln118)> <Delay = 1.23> <CoreInst = "RAM">   --->   Core 82 'RAM' <Latency = 1> <II = 1> <Delay = 1.23> <Storage> <Opcode : 'load' 'store'> <Ports = 2> <Width = 8> <Depth = 768> <RAM>
ST_3 : Operation 143 [2/2] (1.23ns)   --->   "%p_anonymous_namespace_lineBuffer_16_1_load_7 = load i10 %p_anonymous_namespace_lineBuffer_16_1_addr_7" [../src/sobel.cpp:143->../src/canny_top.cpp:25]   --->   Operation 143 'load' 'p_anonymous_namespace_lineBuffer_16_1_load_7' <Predicate = (!icmp_ln118 & !trunc_ln118)> <Delay = 1.23> <CoreInst = "RAM">   --->   Core 82 'RAM' <Latency = 1> <II = 1> <Delay = 1.23> <Storage> <Opcode : 'load' 'store'> <Ports = 2> <Width = 8> <Depth = 768> <RAM>

State 4 <SV = 3> <Delay = 3.37>
ST_4 : Operation 144 [1/1] (0.00ns)   --->   "%tmp_s = bitconcatenate i10 @_ssdm_op_BitConcatenate.i10.i2.i8, i2 %result_7_read, i8 %lshr_ln2" [../src/sobel.cpp:143->../src/canny_top.cpp:25]   --->   Operation 144 'bitconcatenate' 'tmp_s' <Predicate = true> <Delay = 0.00>
ST_4 : Operation 145 [1/1] (0.00ns)   --->   "%zext_ln143_3 = zext i10 %tmp_s" [../src/sobel.cpp:143->../src/canny_top.cpp:25]   --->   Operation 145 'zext' 'zext_ln143_3' <Predicate = true> <Delay = 0.00>
ST_4 : Operation 146 [1/1] (0.00ns)   --->   "%p_anonymous_namespace_lineBuffer_16_0_addr_4 = getelementptr i8 %p_anonymous_namespace_lineBuffer_16_0, i64 0, i64 %zext_ln143_3" [../src/sobel.cpp:143->../src/canny_top.cpp:25]   --->   Operation 146 'getelementptr' 'p_anonymous_namespace_lineBuffer_16_0_addr_4' <Predicate = (trunc_ln118)> <Delay = 0.00>
ST_4 : Operation 147 [1/1] (0.00ns)   --->   "%p_anonymous_namespace_lineBuffer_16_1_addr_4 = getelementptr i8 %p_anonymous_namespace_lineBuffer_16_1, i64 0, i64 %zext_ln143_3" [../src/sobel.cpp:143->../src/canny_top.cpp:25]   --->   Operation 147 'getelementptr' 'p_anonymous_namespace_lineBuffer_16_1_addr_4' <Predicate = (!trunc_ln118)> <Delay = 0.00>
ST_4 : Operation 148 [1/1] (0.00ns)   --->   "%zext_ln142 = zext i8 %pixel" [../src/sobel.cpp:142->../src/canny_top.cpp:25]   --->   Operation 148 'zext' 'zext_ln142' <Predicate = true> <Delay = 0.00>
ST_4 : Operation 149 [1/1] (0.00ns)   --->   "%tmp_3 = bitconcatenate i10 @_ssdm_op_BitConcatenate.i10.i2.i8, i2 %result_7_read, i8 %lshr_ln143_1" [../src/sobel.cpp:143->../src/canny_top.cpp:25]   --->   Operation 149 'bitconcatenate' 'tmp_3' <Predicate = true> <Delay = 0.00>
ST_4 : Operation 150 [1/1] (0.00ns)   --->   "%zext_ln143_7 = zext i10 %tmp_3" [../src/sobel.cpp:143->../src/canny_top.cpp:25]   --->   Operation 150 'zext' 'zext_ln143_7' <Predicate = true> <Delay = 0.00>
ST_4 : Operation 151 [1/1] (0.00ns)   --->   "%p_anonymous_namespace_lineBuffer_16_0_addr_5 = getelementptr i8 %p_anonymous_namespace_lineBuffer_16_0, i64 0, i64 %zext_ln143_7" [../src/sobel.cpp:143->../src/canny_top.cpp:25]   --->   Operation 151 'getelementptr' 'p_anonymous_namespace_lineBuffer_16_0_addr_5' <Predicate = (trunc_ln118)> <Delay = 0.00>
ST_4 : Operation 152 [1/1] (0.00ns)   --->   "%p_anonymous_namespace_lineBuffer_16_1_addr_5 = getelementptr i8 %p_anonymous_namespace_lineBuffer_16_1, i64 0, i64 %zext_ln143_7" [../src/sobel.cpp:143->../src/canny_top.cpp:25]   --->   Operation 152 'getelementptr' 'p_anonymous_namespace_lineBuffer_16_1_addr_5' <Predicate = (!trunc_ln118)> <Delay = 0.00>
ST_4 : Operation 153 [1/1] (0.00ns)   --->   "%zext_ln142_1 = zext i8 %pixel_1" [../src/sobel.cpp:142->../src/canny_top.cpp:25]   --->   Operation 153 'zext' 'zext_ln142_1' <Predicate = true> <Delay = 0.00>
ST_4 : Operation 154 [2/2] (1.23ns)   --->   "%p_anonymous_namespace_lineBuffer_16_0_load_3 = load i10 %p_anonymous_namespace_lineBuffer_16_0_addr_4" [../src/sobel.cpp:143->../src/canny_top.cpp:25]   --->   Operation 154 'load' 'p_anonymous_namespace_lineBuffer_16_0_load_3' <Predicate = (trunc_ln118)> <Delay = 1.23> <CoreInst = "RAM">   --->   Core 82 'RAM' <Latency = 1> <II = 1> <Delay = 1.23> <Storage> <Opcode : 'load' 'store'> <Ports = 2> <Width = 8> <Depth = 768> <RAM>
ST_4 : Operation 155 [2/2] (1.23ns)   --->   "%p_anonymous_namespace_lineBuffer_16_1_load_3 = load i10 %p_anonymous_namespace_lineBuffer_16_1_addr_4" [../src/sobel.cpp:143->../src/canny_top.cpp:25]   --->   Operation 155 'load' 'p_anonymous_namespace_lineBuffer_16_1_load_3' <Predicate = (!trunc_ln118)> <Delay = 1.23> <CoreInst = "RAM">   --->   Core 82 'RAM' <Latency = 1> <II = 1> <Delay = 1.23> <Storage> <Opcode : 'load' 'store'> <Ports = 2> <Width = 8> <Depth = 768> <RAM>
ST_4 : Operation 156 [2/2] (1.23ns)   --->   "%p_anonymous_namespace_lineBuffer_16_0_load_4 = load i10 %p_anonymous_namespace_lineBuffer_16_0_addr_5" [../src/sobel.cpp:143->../src/canny_top.cpp:25]   --->   Operation 156 'load' 'p_anonymous_namespace_lineBuffer_16_0_load_4' <Predicate = (trunc_ln118)> <Delay = 1.23> <CoreInst = "RAM">   --->   Core 82 'RAM' <Latency = 1> <II = 1> <Delay = 1.23> <Storage> <Opcode : 'load' 'store'> <Ports = 2> <Width = 8> <Depth = 768> <RAM>
ST_4 : Operation 157 [2/2] (1.23ns)   --->   "%p_anonymous_namespace_lineBuffer_16_1_load_4 = load i10 %p_anonymous_namespace_lineBuffer_16_1_addr_5" [../src/sobel.cpp:143->../src/canny_top.cpp:25]   --->   Operation 157 'load' 'p_anonymous_namespace_lineBuffer_16_1_load_4' <Predicate = (!trunc_ln118)> <Delay = 1.23> <CoreInst = "RAM">   --->   Core 82 'RAM' <Latency = 1> <II = 1> <Delay = 1.23> <Storage> <Opcode : 'load' 'store'> <Ports = 2> <Width = 8> <Depth = 768> <RAM>
ST_4 : Operation 158 [1/2] ( I:1.23ns O:1.23ns )   --->   "%p_anonymous_namespace_lineBuffer_16_0_load_5 = load i10 %p_anonymous_namespace_lineBuffer_16_0_addr_6" [../src/sobel.cpp:143->../src/canny_top.cpp:25]   --->   Operation 158 'load' 'p_anonymous_namespace_lineBuffer_16_0_load_5' <Predicate = (trunc_ln118)> <Delay = 1.23> <CoreInst = "RAM">   --->   Core 82 'RAM' <Latency = 1> <II = 1> <Delay = 1.23> <Storage> <Opcode : 'load' 'store'> <Ports = 2> <Width = 8> <Depth = 768> <RAM>
ST_4 : Operation 159 [1/2] ( I:1.23ns O:1.23ns )   --->   "%p_anonymous_namespace_lineBuffer_16_1_load_5 = load i10 %p_anonymous_namespace_lineBuffer_16_1_addr_6" [../src/sobel.cpp:143->../src/canny_top.cpp:25]   --->   Operation 159 'load' 'p_anonymous_namespace_lineBuffer_16_1_load_5' <Predicate = (!trunc_ln118)> <Delay = 1.23> <CoreInst = "RAM">   --->   Core 82 'RAM' <Latency = 1> <II = 1> <Delay = 1.23> <Storage> <Opcode : 'load' 'store'> <Ports = 2> <Width = 8> <Depth = 768> <RAM>
ST_4 : Operation 160 [1/1] (0.39ns)   --->   "%pixel_2 = select i1 %trunc_ln118, i8 %p_anonymous_namespace_lineBuffer_16_0_load_5, i8 %p_anonymous_namespace_lineBuffer_16_1_load_5" [../src/sobel.cpp:143->../src/canny_top.cpp:25]   --->   Operation 160 'select' 'pixel_2' <Predicate = true> <Delay = 0.39> <CoreInst = "Sel">   --->   Core 73 'Sel' <Latency = 0> <II = 1> <Delay = 0.39> <FuncUnit> <Opcode : 'select'> <InPorts = 3> <OutPorts = 1>
ST_4 : Operation 161 [1/1] (0.00ns)   --->   "%zext_ln142_2 = zext i8 %pixel_2" [../src/sobel.cpp:142->../src/canny_top.cpp:25]   --->   Operation 161 'zext' 'zext_ln142_2' <Predicate = true> <Delay = 0.00>
ST_4 : Operation 162 [1/1] (0.76ns)   --->   "%sub_ln145 = sub i9 %zext_ln142_1, i9 %zext_ln142" [../src/sobel.cpp:145->../src/canny_top.cpp:25]   --->   Operation 162 'sub' 'sub_ln145' <Predicate = true> <Delay = 0.76> <CoreInst = "Adder">   --->   Core 1 'Adder' <Latency = 0> <II = 1> <Delay = 0.76> <FuncUnit> <Opcode : 'add' 'sub'> <InPorts = 2> <OutPorts = 1>
ST_4 : Operation 163 [1/1] (0.00ns)   --->   "%tmp_8 = bitconcatenate i10 @_ssdm_op_BitConcatenate.i10.i9.i1, i9 %tmp3, i1 0" [../src/sobel.cpp:143->../src/canny_top.cpp:25]   --->   Operation 163 'bitconcatenate' 'tmp_8' <Predicate = true> <Delay = 0.00>
ST_4 : Operation 164 [1/1] (0.00ns)   --->   "%sext_ln149 = sext i10 %tmp_8" [../src/sobel.cpp:149->../src/canny_top.cpp:25]   --->   Operation 164 'sext' 'sext_ln149' <Predicate = true> <Delay = 0.00>
ST_4 : Operation 165 [1/1] (0.76ns)   --->   "%add_ln149 = add i9 %zext_ln142_1, i9 %zext_ln142" [../src/sobel.cpp:149->../src/canny_top.cpp:25]   --->   Operation 165 'add' 'add_ln149' <Predicate = true> <Delay = 0.76> <CoreInst = "Adder">   --->   Core 1 'Adder' <Latency = 0> <II = 1> <Delay = 0.76> <FuncUnit> <Opcode : 'add' 'sub'> <InPorts = 2> <OutPorts = 1>
ST_4 : Operation 166 [1/1] (0.00ns)   --->   "%zext_ln149 = zext i9 %add_ln149" [../src/sobel.cpp:149->../src/canny_top.cpp:25]   --->   Operation 166 'zext' 'zext_ln149' <Predicate = true> <Delay = 0.00>
ST_4 : Operation 167 [1/1] (0.00ns) (grouped into TernaryAdder)   --->   "%sub_ln149 = sub i10 %zext_ln142_2, i10 %zext_ln149" [../src/sobel.cpp:149->../src/canny_top.cpp:25]   --->   Operation 167 'sub' 'sub_ln149' <Predicate = true> <Delay = 0.00> <CoreInst = "TAddSub">   --->   Core 10 'TAddSub' <Latency = 0> <II = 1> <Delay = 0.45> <IPBlock> <Opcode : 'add' 'sub'> <InPorts = 3> <OutPorts = 1> <Sync> <CReg>
ST_4 : Operation 168 [1/2] ( I:1.23ns O:1.23ns )   --->   "%p_anonymous_namespace_lineBuffer_16_0_load_7 = load i10 %p_anonymous_namespace_lineBuffer_16_0_addr_7" [../src/sobel.cpp:143->../src/canny_top.cpp:25]   --->   Operation 168 'load' 'p_anonymous_namespace_lineBuffer_16_0_load_7' <Predicate = (trunc_ln118)> <Delay = 1.23> <CoreInst = "RAM">   --->   Core 82 'RAM' <Latency = 1> <II = 1> <Delay = 1.23> <Storage> <Opcode : 'load' 'store'> <Ports = 2> <Width = 8> <Depth = 768> <RAM>
ST_4 : Operation 169 [1/2] ( I:1.23ns O:1.23ns )   --->   "%p_anonymous_namespace_lineBuffer_16_1_load_7 = load i10 %p_anonymous_namespace_lineBuffer_16_1_addr_7" [../src/sobel.cpp:143->../src/canny_top.cpp:25]   --->   Operation 169 'load' 'p_anonymous_namespace_lineBuffer_16_1_load_7' <Predicate = (!trunc_ln118)> <Delay = 1.23> <CoreInst = "RAM">   --->   Core 82 'RAM' <Latency = 1> <II = 1> <Delay = 1.23> <Storage> <Opcode : 'load' 'store'> <Ports = 2> <Width = 8> <Depth = 768> <RAM>
ST_4 : Operation 170 [1/1] (0.39ns)   --->   "%pixel_3 = select i1 %trunc_ln118, i8 %p_anonymous_namespace_lineBuffer_16_0_load_7, i8 %p_anonymous_namespace_lineBuffer_16_1_load_7" [../src/sobel.cpp:143->../src/canny_top.cpp:25]   --->   Operation 170 'select' 'pixel_3' <Predicate = true> <Delay = 0.39> <CoreInst = "Sel">   --->   Core 73 'Sel' <Latency = 0> <II = 1> <Delay = 0.39> <FuncUnit> <Opcode : 'select'> <InPorts = 3> <OutPorts = 1>
ST_4 : Operation 171 [1/1] (0.00ns)   --->   "%zext_ln142_3 = zext i8 %pixel_3" [../src/sobel.cpp:142->../src/canny_top.cpp:25]   --->   Operation 171 'zext' 'zext_ln142_3' <Predicate = true> <Delay = 0.00>
ST_4 : Operation 172 [1/1] (0.96ns) (root node of TernaryAdder)   --->   "%add_ln149_1 = add i10 %sub_ln149, i10 %zext_ln142_3" [../src/sobel.cpp:149->../src/canny_top.cpp:25]   --->   Operation 172 'add' 'add_ln149_1' <Predicate = true> <Delay = 0.96> <CoreInst = "TAddSub">   --->   Core 10 'TAddSub' <Latency = 0> <II = 1> <Delay = 0.45> <IPBlock> <Opcode : 'add' 'sub'> <InPorts = 3> <OutPorts = 1> <Sync> <CReg>
ST_4 : Operation 173 [1/1] (0.00ns)   --->   "%sext_ln149_3 = sext i10 %add_ln149_1" [../src/sobel.cpp:149->../src/canny_top.cpp:25]   --->   Operation 173 'sext' 'sext_ln149_3' <Predicate = true> <Delay = 0.00>
ST_4 : Operation 174 [1/1] (0.78ns)   --->   "%add_ln149_2 = add i10 %add_ln149_1, i10 %tmp_8" [../src/sobel.cpp:149->../src/canny_top.cpp:25]   --->   Operation 174 'add' 'add_ln149_2' <Predicate = true> <Delay = 0.78> <CoreInst = "Adder">   --->   Core 1 'Adder' <Latency = 0> <II = 1> <Delay = 0.78> <FuncUnit> <Opcode : 'add' 'sub'> <InPorts = 2> <OutPorts = 1>
ST_4 : Operation 175 [1/1] (0.78ns)   --->   "%gradientY = add i11 %sext_ln149_3, i11 %sext_ln149" [../src/sobel.cpp:149->../src/canny_top.cpp:25]   --->   Operation 175 'add' 'gradientY' <Predicate = true> <Delay = 0.78> <CoreInst = "Adder">   --->   Core 1 'Adder' <Latency = 0> <II = 1> <Delay = 0.78> <FuncUnit> <Opcode : 'add' 'sub'> <InPorts = 2> <OutPorts = 1>

State 5 <SV = 4> <Delay = 3.33>
ST_5 : Operation 176 [1/2] ( I:1.23ns O:1.23ns )   --->   "%p_anonymous_namespace_lineBuffer_16_0_load_3 = load i10 %p_anonymous_namespace_lineBuffer_16_0_addr_4" [../src/sobel.cpp:143->../src/canny_top.cpp:25]   --->   Operation 176 'load' 'p_anonymous_namespace_lineBuffer_16_0_load_3' <Predicate = (trunc_ln118)> <Delay = 1.23> <CoreInst = "RAM">   --->   Core 82 'RAM' <Latency = 1> <II = 1> <Delay = 1.23> <Storage> <Opcode : 'load' 'store'> <Ports = 2> <Width = 8> <Depth = 768> <RAM>
ST_5 : Operation 177 [1/2] ( I:1.23ns O:1.23ns )   --->   "%p_anonymous_namespace_lineBuffer_16_1_load_3 = load i10 %p_anonymous_namespace_lineBuffer_16_1_addr_4" [../src/sobel.cpp:143->../src/canny_top.cpp:25]   --->   Operation 177 'load' 'p_anonymous_namespace_lineBuffer_16_1_load_3' <Predicate = (!trunc_ln118)> <Delay = 1.23> <CoreInst = "RAM">   --->   Core 82 'RAM' <Latency = 1> <II = 1> <Delay = 1.23> <Storage> <Opcode : 'load' 'store'> <Ports = 2> <Width = 8> <Depth = 768> <RAM>
ST_5 : Operation 178 [1/1] (0.39ns)   --->   "%select_ln143_2 = select i1 %trunc_ln118, i8 %p_anonymous_namespace_lineBuffer_16_0_load_3, i8 %p_anonymous_namespace_lineBuffer_16_1_load_3" [../src/sobel.cpp:143->../src/canny_top.cpp:25]   --->   Operation 178 'select' 'select_ln143_2' <Predicate = true> <Delay = 0.39> <CoreInst = "Sel">   --->   Core 73 'Sel' <Latency = 0> <II = 1> <Delay = 0.39> <FuncUnit> <Opcode : 'select'> <InPorts = 3> <OutPorts = 1>
ST_5 : Operation 179 [1/1] (0.00ns)   --->   "%zext_ln143_4 = zext i8 %select_ln143_2" [../src/sobel.cpp:143->../src/canny_top.cpp:25]   --->   Operation 179 'zext' 'zext_ln143_4' <Predicate = true> <Delay = 0.00>
ST_5 : Operation 180 [1/2] ( I:1.23ns O:1.23ns )   --->   "%p_anonymous_namespace_lineBuffer_16_0_load_4 = load i10 %p_anonymous_namespace_lineBuffer_16_0_addr_5" [../src/sobel.cpp:143->../src/canny_top.cpp:25]   --->   Operation 180 'load' 'p_anonymous_namespace_lineBuffer_16_0_load_4' <Predicate = (trunc_ln118)> <Delay = 1.23> <CoreInst = "RAM">   --->   Core 82 'RAM' <Latency = 1> <II = 1> <Delay = 1.23> <Storage> <Opcode : 'load' 'store'> <Ports = 2> <Width = 8> <Depth = 768> <RAM>
ST_5 : Operation 181 [1/2] ( I:1.23ns O:1.23ns )   --->   "%p_anonymous_namespace_lineBuffer_16_1_load_4 = load i10 %p_anonymous_namespace_lineBuffer_16_1_addr_5" [../src/sobel.cpp:143->../src/canny_top.cpp:25]   --->   Operation 181 'load' 'p_anonymous_namespace_lineBuffer_16_1_load_4' <Predicate = (!trunc_ln118)> <Delay = 1.23> <CoreInst = "RAM">   --->   Core 82 'RAM' <Latency = 1> <II = 1> <Delay = 1.23> <Storage> <Opcode : 'load' 'store'> <Ports = 2> <Width = 8> <Depth = 768> <RAM>
ST_5 : Operation 182 [1/1] (0.39ns)   --->   "%select_ln143_3 = select i1 %trunc_ln118, i8 %p_anonymous_namespace_lineBuffer_16_0_load_4, i8 %p_anonymous_namespace_lineBuffer_16_1_load_4" [../src/sobel.cpp:143->../src/canny_top.cpp:25]   --->   Operation 182 'select' 'select_ln143_3' <Predicate = true> <Delay = 0.39> <CoreInst = "Sel">   --->   Core 73 'Sel' <Latency = 0> <II = 1> <Delay = 0.39> <FuncUnit> <Opcode : 'select'> <InPorts = 3> <OutPorts = 1>
ST_5 : Operation 183 [1/1] (0.00ns)   --->   "%zext_ln25 = zext i8 %select_ln143_3" [../src/sobel.cpp:25->../src/sobel.cpp:130->../src/canny_top.cpp:25]   --->   Operation 183 'zext' 'zext_ln25' <Predicate = true> <Delay = 0.00>
ST_5 : Operation 184 [1/1] (0.00ns)   --->   "%sub_ln145_cast1 = sext i9 %sub_ln145" [../src/sobel.cpp:145->../src/canny_top.cpp:25]   --->   Operation 184 'sext' 'sub_ln145_cast1' <Predicate = true> <Delay = 0.00>
ST_5 : Operation 185 [1/1] (0.76ns)   --->   "%tmp = sub i9 %zext_ln25, i9 %zext_ln143_4" [../src/sobel.cpp:25->../src/sobel.cpp:130->../src/canny_top.cpp:25]   --->   Operation 185 'sub' 'tmp' <Predicate = true> <Delay = 0.76> <CoreInst = "Adder">   --->   Core 1 'Adder' <Latency = 0> <II = 1> <Delay = 0.76> <FuncUnit> <Opcode : 'add' 'sub'> <InPorts = 2> <OutPorts = 1>
ST_5 : Operation 186 [1/1] (0.00ns)   --->   "%tmp_6 = bitconcatenate i10 @_ssdm_op_BitConcatenate.i10.i9.i1, i9 %tmp, i1 0" [../src/sobel.cpp:25->../src/sobel.cpp:130->../src/canny_top.cpp:25]   --->   Operation 186 'bitconcatenate' 'tmp_6' <Predicate = true> <Delay = 0.00>
ST_5 : Operation 187 [1/1] (0.00ns)   --->   "%sext_ln119 = sext i10 %tmp_6" [../src/sobel.cpp:119->../src/canny_top.cpp:25]   --->   Operation 187 'sext' 'sext_ln119' <Predicate = true> <Delay = 0.00>
ST_5 : Operation 188 [1/1] (0.78ns)   --->   "%add_ln145 = add i11 %sext_ln119, i11 %sub_ln145_cast1" [../src/sobel.cpp:145->../src/canny_top.cpp:25]   --->   Operation 188 'add' 'add_ln145' <Predicate = true> <Delay = 0.78> <CoreInst = "Adder">   --->   Core 1 'Adder' <Latency = 0> <II = 1> <Delay = 0.78> <FuncUnit> <Opcode : 'add' 'sub'> <InPorts = 2> <OutPorts = 1>
ST_5 : Operation 189 [1/1] (0.00ns)   --->   "%sext_ln120 = sext i11 %gradientY" [../src/sobel.cpp:120->../src/canny_top.cpp:25]   --->   Operation 189 'sext' 'sext_ln120' <Predicate = true> <Delay = 0.00>
ST_5 : Operation 190 [1/1] (0.00ns)   --->   "%sext_ln120_1 = sext i11 %gradientY" [../src/sobel.cpp:120->../src/canny_top.cpp:25]   --->   Operation 190 'sext' 'sext_ln120_1' <Predicate = true> <Delay = 0.00>
ST_5 : Operation 191 [3/3] (0.99ns) (grouped into DSP with root node squaredMagnitude)   --->   "%mul_ln156_1 = mul i22 %sext_ln120_1, i22 %sext_ln120_1" [../src/sobel.cpp:156->../src/canny_top.cpp:25]   --->   Operation 191 'mul' 'mul_ln156_1' <Predicate = true> <Delay = 0.99> <CoreInst = "DSP48">   --->   Core 124 'DSP48' <Latency = 3> <II = 1> <Delay = 0.53> <IPBlock> <Opcode : 'add' 'sub' 'mul' 'select'> <InPorts = 0> <OutPorts = 1> <Sync> <CReg>
ST_5 : Operation 192 [1/1] (0.00ns)   --->   "%tmp_15 = bitselect i1 @_ssdm_op_BitSelect.i1.i32.i32, i32 %sext_ln120, i32 31" [../src/sobel.cpp:31->../src/sobel.cpp:39->../src/sobel.cpp:174->../src/canny_top.cpp:25]   --->   Operation 192 'bitselect' 'tmp_15' <Predicate = true> <Delay = 0.00>
ST_5 : Operation 193 [1/1] (0.78ns)   --->   "%sub_ln31_1 = sub i10 0, i10 %add_ln149_2" [../src/sobel.cpp:31->../src/sobel.cpp:39->../src/sobel.cpp:174->../src/canny_top.cpp:25]   --->   Operation 193 'sub' 'sub_ln31_1' <Predicate = true> <Delay = 0.78> <CoreInst = "Adder">   --->   Core 1 'Adder' <Latency = 0> <II = 1> <Delay = 0.78> <FuncUnit> <Opcode : 'add' 'sub'> <InPorts = 2> <OutPorts = 1>
ST_5 : Operation 194 [1/1] (0.40ns)   --->   "%absoluteY = select i1 %tmp_15, i10 %sub_ln31_1, i10 %add_ln149_2" [../src/sobel.cpp:31->../src/sobel.cpp:39->../src/sobel.cpp:174->../src/canny_top.cpp:25]   --->   Operation 194 'select' 'absoluteY' <Predicate = true> <Delay = 0.40> <CoreInst = "Sel">   --->   Core 73 'Sel' <Latency = 0> <II = 1> <Delay = 0.40> <FuncUnit> <Opcode : 'select'> <InPorts = 3> <OutPorts = 1>
ST_5 : Operation 195 [1/1] (0.00ns)   --->   "%zext_ln39 = zext i10 %absoluteY" [../src/sobel.cpp:39->../src/sobel.cpp:174->../src/canny_top.cpp:25]   --->   Operation 195 'zext' 'zext_ln39' <Predicate = true> <Delay = 0.00>
ST_5 : Operation 196 [1/1] (2.14ns)   --->   "%mul_ln45 = mul i20 %zext_ln39, i20 1000" [../src/sobel.cpp:45->../src/sobel.cpp:174->../src/canny_top.cpp:25]   --->   Operation 196 'mul' 'mul_ln45' <Predicate = true> <Delay = 2.14> <CoreInst = "Multiplier">   --->   Core 3 'Multiplier' <Latency = 0> <II = 1> <Delay = 2.14> <FuncUnit> <Opcode : 'mul'> <InPorts = 2> <OutPorts = 1>

State 6 <SV = 5> <Delay = 3.05>
ST_6 : Operation 197 [1/1] (0.00ns)   --->   "%zext_ln142_4 = zext i8 %pixel_2" [../src/sobel.cpp:142->../src/canny_top.cpp:25]   --->   Operation 197 'zext' 'zext_ln142_4' <Predicate = true> <Delay = 0.00>
ST_6 : Operation 198 [1/1] (0.00ns)   --->   "%zext_ln142_5 = zext i8 %pixel_3" [../src/sobel.cpp:142->../src/canny_top.cpp:25]   --->   Operation 198 'zext' 'zext_ln142_5' <Predicate = true> <Delay = 0.00>
ST_6 : Operation 199 [1/1] (0.00ns) (grouped into TernaryAdder)   --->   "%gradientX_2 = sub i11 %add_ln145, i11 %zext_ln142_4" [../src/sobel.cpp:145->../src/canny_top.cpp:25]   --->   Operation 199 'sub' 'gradientX_2' <Predicate = true> <Delay = 0.00> <CoreInst = "TAddSub">   --->   Core 10 'TAddSub' <Latency = 0> <II = 1> <Delay = 0.45> <IPBlock> <Opcode : 'add' 'sub'> <InPorts = 3> <OutPorts = 1> <Sync> <CReg>
ST_6 : Operation 200 [1/1] (0.91ns) (root node of TernaryAdder)   --->   "%gradientX = add i11 %gradientX_2, i11 %zext_ln142_5" [../src/sobel.cpp:145->../src/canny_top.cpp:25]   --->   Operation 200 'add' 'gradientX' <Predicate = true> <Delay = 0.91> <CoreInst = "TAddSub">   --->   Core 10 'TAddSub' <Latency = 0> <II = 1> <Delay = 0.45> <IPBlock> <Opcode : 'add' 'sub'> <InPorts = 3> <OutPorts = 1> <Sync> <CReg>
ST_6 : Operation 201 [1/1] (0.00ns)   --->   "%sext_ln149_1 = sext i11 %gradientX" [../src/sobel.cpp:149->../src/canny_top.cpp:25]   --->   Operation 201 'sext' 'sext_ln149_1' <Predicate = true> <Delay = 0.00>
ST_6 : Operation 202 [1/1] (0.00ns)   --->   "%trunc_ln149 = trunc i11 %gradientX" [../src/sobel.cpp:149->../src/canny_top.cpp:25]   --->   Operation 202 'trunc' 'trunc_ln149' <Predicate = true> <Delay = 0.00>
ST_6 : Operation 203 [1/1] (0.00ns)   --->   "%sext_ln149_2 = sext i11 %gradientX" [../src/sobel.cpp:149->../src/canny_top.cpp:25]   --->   Operation 203 'sext' 'sext_ln149_2' <Predicate = true> <Delay = 0.00>
ST_6 : Operation 204 [1/1] (2.14ns)   --->   "%mul_ln156 = mul i22 %sext_ln149_2, i22 %sext_ln149_2" [../src/sobel.cpp:156->../src/canny_top.cpp:25]   --->   Operation 204 'mul' 'mul_ln156' <Predicate = true> <Delay = 2.14> <CoreInst = "Multiplier">   --->   Core 3 'Multiplier' <Latency = 0> <II = 1> <Delay = 2.14> <FuncUnit> <Opcode : 'mul'> <InPorts = 2> <OutPorts = 1>
ST_6 : Operation 205 [2/3] (0.99ns) (grouped into DSP with root node squaredMagnitude)   --->   "%mul_ln156_1 = mul i22 %sext_ln120_1, i22 %sext_ln120_1" [../src/sobel.cpp:156->../src/canny_top.cpp:25]   --->   Operation 205 'mul' 'mul_ln156_1' <Predicate = true> <Delay = 0.99> <CoreInst = "DSP48">   --->   Core 124 'DSP48' <Latency = 3> <II = 1> <Delay = 0.53> <IPBlock> <Opcode : 'add' 'sub' 'mul' 'select'> <InPorts = 0> <OutPorts = 1> <Sync> <CReg>
ST_6 : Operation 206 [1/1] (0.00ns)   --->   "%tmp_14 = bitselect i1 @_ssdm_op_BitSelect.i1.i32.i32, i32 %sext_ln149_1, i32 31" [../src/sobel.cpp:31->../src/sobel.cpp:38->../src/sobel.cpp:174->../src/canny_top.cpp:25]   --->   Operation 206 'bitselect' 'tmp_14' <Predicate = true> <Delay = 0.00>
ST_6 : Operation 207 [1/1] (0.78ns)   --->   "%sub_ln31 = sub i10 0, i10 %trunc_ln149" [../src/sobel.cpp:31->../src/sobel.cpp:38->../src/sobel.cpp:174->../src/canny_top.cpp:25]   --->   Operation 207 'sub' 'sub_ln31' <Predicate = true> <Delay = 0.78> <CoreInst = "Adder">   --->   Core 1 'Adder' <Latency = 0> <II = 1> <Delay = 0.78> <FuncUnit> <Opcode : 'add' 'sub'> <InPorts = 2> <OutPorts = 1>
ST_6 : Operation 208 [1/1] (0.40ns)   --->   "%absoluteX = select i1 %tmp_14, i10 %sub_ln31, i10 %trunc_ln149" [../src/sobel.cpp:31->../src/sobel.cpp:38->../src/sobel.cpp:174->../src/canny_top.cpp:25]   --->   Operation 208 'select' 'absoluteX' <Predicate = true> <Delay = 0.40> <CoreInst = "Sel">   --->   Core 73 'Sel' <Latency = 0> <II = 1> <Delay = 0.40> <FuncUnit> <Opcode : 'select'> <InPorts = 3> <OutPorts = 1>
ST_6 : Operation 209 [1/1] (0.00ns) (grouped into LUT with out node icmp_ln41)   --->   "%or_ln41 = or i10 %absoluteX, i10 %absoluteY" [../src/sobel.cpp:41->../src/sobel.cpp:174->../src/canny_top.cpp:25]   --->   Operation 209 'or' 'or_ln41' <Predicate = true> <Delay = 0.00> <CoreInst = "LogicGate">   --->   Core 74 'LogicGate' <Latency = 0> <II = 1> <Delay = 0.35> <FuncUnit> <Opcode : 'and' 'or' 'xor'> <InPorts = 2> <OutPorts = 1>
ST_6 : Operation 210 [1/1] (0.78ns) (out node of the LUT)   --->   "%icmp_ln41 = icmp_eq  i10 %or_ln41, i10 0" [../src/sobel.cpp:41->../src/sobel.cpp:174->../src/canny_top.cpp:25]   --->   Operation 210 'icmp' 'icmp_ln41' <Predicate = true> <Delay = 0.78> <CoreInst = "Cmp">   --->   Core 9 'Cmp' <Latency = 0> <II = 1> <Delay = 0.78> <FuncUnit> <Opcode : 'seteq' 'setne' 'setle' 'setge' 'setlt' 'setgt'> <InPorts = 2> <OutPorts = 1>

State 7 <SV = 6> <Delay = 3.15>
ST_7 : Operation 211 [1/3] (0.00ns) (grouped into DSP with root node squaredMagnitude)   --->   "%mul_ln156_1 = mul i22 %sext_ln120_1, i22 %sext_ln120_1" [../src/sobel.cpp:156->../src/canny_top.cpp:25]   --->   Operation 211 'mul' 'mul_ln156_1' <Predicate = true> <Delay = 0.00> <CoreInst = "DSP48">   --->   Core 124 'DSP48' <Latency = 3> <II = 1> <Delay = 0.53> <IPBlock> <Opcode : 'add' 'sub' 'mul' 'select'> <InPorts = 0> <OutPorts = 1> <Sync> <CReg>
ST_7 : Operation 212 [2/2] (0.64ns) (root node of the DSP)   --->   "%squaredMagnitude = add i22 %mul_ln156, i22 %mul_ln156_1" [../src/sobel.cpp:156->../src/canny_top.cpp:25]   --->   Operation 212 'add' 'squaredMagnitude' <Predicate = true> <Delay = 0.64> <CoreInst = "DSP48">   --->   Core 124 'DSP48' <Latency = 3> <II = 1> <Delay = 0.53> <IPBlock> <Opcode : 'add' 'sub' 'mul' 'select'> <InPorts = 0> <OutPorts = 1> <Sync> <CReg>
ST_7 : Operation 213 [1/1] (0.00ns)   --->   "%zext_ln38 = zext i10 %absoluteX" [../src/sobel.cpp:38->../src/sobel.cpp:174->../src/canny_top.cpp:25]   --->   Operation 213 'zext' 'zext_ln38' <Predicate = true> <Delay = 0.00>
ST_7 : Operation 214 [1/1] (0.00ns)   --->   "%zext_ln38_1 = zext i10 %absoluteX" [../src/sobel.cpp:38->../src/sobel.cpp:174->../src/canny_top.cpp:25]   --->   Operation 214 'zext' 'zext_ln38_1' <Predicate = true> <Delay = 0.00>
ST_7 : Operation 215 [1/1] (0.00ns)   --->   "%zext_ln45 = zext i20 %mul_ln45" [../src/sobel.cpp:45->../src/sobel.cpp:174->../src/canny_top.cpp:25]   --->   Operation 215 'zext' 'zext_ln45' <Predicate = true> <Delay = 0.00>
ST_7 : Operation 216 [1/1] (0.00ns)   --->   "%zext_ln45_1 = zext i20 %mul_ln45" [../src/sobel.cpp:45->../src/sobel.cpp:174->../src/canny_top.cpp:25]   --->   Operation 216 'zext' 'zext_ln45_1' <Predicate = true> <Delay = 0.00>
ST_7 : Operation 217 [1/1] (2.11ns)   --->   "%mul_ln45_1 = mul i19 %zext_ln38_1, i19 414" [../src/sobel.cpp:45->../src/sobel.cpp:174->../src/canny_top.cpp:25]   --->   Operation 217 'mul' 'mul_ln45_1' <Predicate = true> <Delay = 2.11> <CoreInst = "Multiplier">   --->   Core 3 'Multiplier' <Latency = 0> <II = 1> <Delay = 2.11> <FuncUnit> <Opcode : 'mul'> <InPorts = 2> <OutPorts = 1>
ST_7 : Operation 218 [1/1] (0.00ns)   --->   "%zext_ln45_2 = zext i19 %mul_ln45_1" [../src/sobel.cpp:45->../src/sobel.cpp:174->../src/canny_top.cpp:25]   --->   Operation 218 'zext' 'zext_ln45_2' <Predicate = true> <Delay = 0.00>
ST_7 : Operation 219 [1/1] (0.89ns)   --->   "%icmp_ln45 = icmp_ugt  i21 %zext_ln45_1, i21 %zext_ln45_2" [../src/sobel.cpp:45->../src/sobel.cpp:174->../src/canny_top.cpp:25]   --->   Operation 219 'icmp' 'icmp_ln45' <Predicate = true> <Delay = 0.89> <CoreInst = "Cmp">   --->   Core 9 'Cmp' <Latency = 0> <II = 1> <Delay = 0.89> <FuncUnit> <Opcode : 'seteq' 'setne' 'setle' 'setge' 'setlt' 'setgt'> <InPorts = 2> <OutPorts = 1>
ST_7 : Operation 220 [1/1] (2.23ns)   --->   "%mul_ln49 = mul i22 %zext_ln38, i22 2414" [../src/sobel.cpp:49->../src/sobel.cpp:174->../src/canny_top.cpp:25]   --->   Operation 220 'mul' 'mul_ln49' <Predicate = true> <Delay = 2.23> <CoreInst = "Multiplier">   --->   Core 3 'Multiplier' <Latency = 0> <II = 1> <Delay = 2.23> <FuncUnit> <Opcode : 'mul'> <InPorts = 2> <OutPorts = 1>
ST_7 : Operation 221 [1/1] (0.00ns)   --->   "%zext_ln49 = zext i22 %mul_ln49" [../src/sobel.cpp:49->../src/sobel.cpp:174->../src/canny_top.cpp:25]   --->   Operation 221 'zext' 'zext_ln49' <Predicate = true> <Delay = 0.00>
ST_7 : Operation 222 [1/1] (0.91ns)   --->   "%icmp_ln49 = icmp_ult  i23 %zext_ln45, i23 %zext_ln49" [../src/sobel.cpp:49->../src/sobel.cpp:174->../src/canny_top.cpp:25]   --->   Operation 222 'icmp' 'icmp_ln49' <Predicate = true> <Delay = 0.91> <CoreInst = "Cmp">   --->   Core 9 'Cmp' <Latency = 0> <II = 1> <Delay = 0.91> <FuncUnit> <Opcode : 'seteq' 'setne' 'setle' 'setge' 'setlt' 'setgt'> <InPorts = 2> <OutPorts = 1>

State 8 <SV = 7> <Delay = 2.00>
ST_8 : Operation 223 [1/1] (0.00ns)   --->   "%zext_ln118 = zext i9 %column" [../src/sobel.cpp:118->../src/canny_top.cpp:25]   --->   Operation 223 'zext' 'zext_ln118' <Predicate = true> <Delay = 0.00>
ST_8 : Operation 224 [1/2] (0.64ns) (root node of the DSP)   --->   "%squaredMagnitude = add i22 %mul_ln156, i22 %mul_ln156_1" [../src/sobel.cpp:156->../src/canny_top.cpp:25]   --->   Operation 224 'add' 'squaredMagnitude' <Predicate = true> <Delay = 0.64> <CoreInst = "DSP48">   --->   Core 124 'DSP48' <Latency = 3> <II = 1> <Delay = 0.53> <IPBlock> <Opcode : 'add' 'sub' 'mul' 'select'> <InPorts = 0> <OutPorts = 1> <Sync> <CReg>
ST_8 : Operation 225 [1/1] (0.00ns) (grouped into LUT with out node retval_0_i_i)   --->   "%or_ln54 = or i11 %gradientX, i11 %gradientY" [../src/sobel.cpp:54->../src/sobel.cpp:174->../src/canny_top.cpp:25]   --->   Operation 225 'or' 'or_ln54' <Predicate = true> <Delay = 0.00> <CoreInst = "LogicGate">   --->   Core 74 'LogicGate' <Latency = 0> <II = 1> <Delay = 0.33> <FuncUnit> <Opcode : 'and' 'or' 'xor'> <InPorts = 2> <OutPorts = 1>
ST_8 : Operation 226 [1/1] (0.00ns) (grouped into LUT with out node retval_0_i_i)   --->   "%sext_ln55 = sext i11 %or_ln54" [../src/sobel.cpp:55->../src/sobel.cpp:174->../src/canny_top.cpp:25]   --->   Operation 226 'sext' 'sext_ln55' <Predicate = true> <Delay = 0.00>
ST_8 : Operation 227 [1/1] (0.00ns) (grouped into LUT with out node retval_0_i_i)   --->   "%and_ln55 = and i11 %gradientY, i11 %gradientX" [../src/sobel.cpp:55->../src/sobel.cpp:174->../src/canny_top.cpp:25]   --->   Operation 227 'and' 'and_ln55' <Predicate = true> <Delay = 0.00> <CoreInst = "LogicGate">   --->   Core 74 'LogicGate' <Latency = 0> <II = 1> <Delay = 0.33> <FuncUnit> <Opcode : 'and' 'or' 'xor'> <InPorts = 2> <OutPorts = 1>
ST_8 : Operation 228 [1/1] (0.00ns) (grouped into LUT with out node retval_0_i_i)   --->   "%sext_ln45 = sext i11 %and_ln55" [../src/sobel.cpp:45->../src/sobel.cpp:174->../src/canny_top.cpp:25]   --->   Operation 228 'sext' 'sext_ln45' <Predicate = true> <Delay = 0.00>
ST_8 : Operation 229 [1/1] (0.00ns) (grouped into LUT with out node retval_0_i_i)   --->   "%xor_ln45 = xor i1 %icmp_ln45, i1 1" [../src/sobel.cpp:45->../src/sobel.cpp:174->../src/canny_top.cpp:25]   --->   Operation 229 'xor' 'xor_ln45' <Predicate = true> <Delay = 0.00> <CoreInst = "LogicGate">   --->   Core 74 'LogicGate' <Latency = 0> <II = 1> <Delay = 0.28> <FuncUnit> <Opcode : 'and' 'or' 'xor'> <InPorts = 2> <OutPorts = 1>
ST_8 : Operation 230 [1/1] (0.00ns) (grouped into LUT with out node retval_0_i_i)   --->   "%or_ln45 = or i1 %icmp_ln41, i1 %xor_ln45" [../src/sobel.cpp:45->../src/sobel.cpp:174->../src/canny_top.cpp:25]   --->   Operation 230 'or' 'or_ln45' <Predicate = true> <Delay = 0.00> <CoreInst = "LogicGate">   --->   Core 74 'LogicGate' <Latency = 0> <II = 1> <Delay = 0.28> <FuncUnit> <Opcode : 'and' 'or' 'xor'> <InPorts = 2> <OutPorts = 1>
ST_8 : Operation 231 [1/1] (0.00ns) (grouped into LUT with out node and_ln45)   --->   "%xor_ln41 = xor i1 %icmp_ln41, i1 1" [../src/sobel.cpp:41->../src/sobel.cpp:174->../src/canny_top.cpp:25]   --->   Operation 231 'xor' 'xor_ln41' <Predicate = true> <Delay = 0.00> <CoreInst = "LogicGate">   --->   Core 74 'LogicGate' <Latency = 0> <II = 1> <Delay = 0.28> <FuncUnit> <Opcode : 'and' 'or' 'xor'> <InPorts = 2> <OutPorts = 1>
ST_8 : Operation 232 [1/1] (0.28ns) (out node of the LUT)   --->   "%and_ln45 = and i1 %icmp_ln45, i1 %xor_ln41" [../src/sobel.cpp:45->../src/sobel.cpp:174->../src/canny_top.cpp:25]   --->   Operation 232 'and' 'and_ln45' <Predicate = true> <Delay = 0.28> <CoreInst = "LogicGate">   --->   Core 74 'LogicGate' <Latency = 0> <II = 1> <Delay = 0.28> <FuncUnit> <Opcode : 'and' 'or' 'xor'> <InPorts = 2> <OutPorts = 1>
ST_8 : Operation 233 [1/1] (0.00ns) (grouped into LUT with out node retval_0_i_i)   --->   "%xor_ln49 = xor i1 %icmp_ln49, i1 1" [../src/sobel.cpp:49->../src/sobel.cpp:174->../src/canny_top.cpp:25]   --->   Operation 233 'xor' 'xor_ln49' <Predicate = true> <Delay = 0.00> <CoreInst = "LogicGate">   --->   Core 74 'LogicGate' <Latency = 0> <II = 1> <Delay = 0.28> <FuncUnit> <Opcode : 'and' 'or' 'xor'> <InPorts = 2> <OutPorts = 1>
ST_8 : Operation 234 [1/1] (0.00ns) (grouped into LUT with out node retval_0_i_i)   --->   "%and_ln49 = and i1 %and_ln45, i1 %xor_ln49" [../src/sobel.cpp:49->../src/sobel.cpp:174->../src/canny_top.cpp:25]   --->   Operation 234 'and' 'and_ln49' <Predicate = true> <Delay = 0.00> <CoreInst = "LogicGate">   --->   Core 74 'LogicGate' <Latency = 0> <II = 1> <Delay = 0.28> <FuncUnit> <Opcode : 'and' 'or' 'xor'> <InPorts = 2> <OutPorts = 1>
ST_8 : Operation 235 [1/1] (0.00ns) (grouped into LUT with out node retval_0_i_i)   --->   "%tmp_16 = bitselect i1 @_ssdm_op_BitSelect.i1.i32.i32, i32 %sext_ln55, i32 31" [../src/sobel.cpp:54->../src/sobel.cpp:174->../src/canny_top.cpp:25]   --->   Operation 235 'bitselect' 'tmp_16' <Predicate = true> <Delay = 0.00>
ST_8 : Operation 236 [1/1] (0.00ns) (grouped into LUT with out node retval_0_i_i)   --->   "%tmp_17 = bitselect i1 @_ssdm_op_BitSelect.i1.i32.i32, i32 %sext_ln45, i32 31" [../src/sobel.cpp:55->../src/sobel.cpp:174->../src/canny_top.cpp:25]   --->   Operation 236 'bitselect' 'tmp_17' <Predicate = true> <Delay = 0.00>
ST_8 : Operation 237 [1/1] (0.00ns) (grouped into LUT with out node retval_0_i_i)   --->   "%xor_ln55 = xor i1 %tmp_17, i1 1" [../src/sobel.cpp:55->../src/sobel.cpp:174->../src/canny_top.cpp:25]   --->   Operation 237 'xor' 'xor_ln55' <Predicate = true> <Delay = 0.00> <CoreInst = "LogicGate">   --->   Core 74 'LogicGate' <Latency = 0> <II = 1> <Delay = 0.28> <FuncUnit> <Opcode : 'and' 'or' 'xor'> <InPorts = 2> <OutPorts = 1>
ST_8 : Operation 238 [1/1] (0.00ns) (grouped into LUT with out node retval_0_i_i)   --->   "%and_ln55_1 = and i1 %and_ln45, i1 %icmp_ln49" [../src/sobel.cpp:55->../src/sobel.cpp:174->../src/canny_top.cpp:25]   --->   Operation 238 'and' 'and_ln55_1' <Predicate = true> <Delay = 0.00> <CoreInst = "LogicGate">   --->   Core 74 'LogicGate' <Latency = 0> <II = 1> <Delay = 0.28> <FuncUnit> <Opcode : 'and' 'or' 'xor'> <InPorts = 2> <OutPorts = 1>
ST_8 : Operation 239 [1/1] (0.00ns) (grouped into LUT with out node retval_0_i_i)   --->   "%and_ln55_2 = and i1 %tmp_16, i1 %xor_ln55" [../src/sobel.cpp:55->../src/sobel.cpp:174->../src/canny_top.cpp:25]   --->   Operation 239 'and' 'and_ln55_2' <Predicate = true> <Delay = 0.00> <CoreInst = "LogicGate">   --->   Core 74 'LogicGate' <Latency = 0> <II = 1> <Delay = 0.28> <FuncUnit> <Opcode : 'and' 'or' 'xor'> <InPorts = 2> <OutPorts = 1>
ST_8 : Operation 240 [1/1] (0.00ns) (grouped into LUT with out node retval_0_i_i)   --->   "%and_ln55_3 = and i1 %and_ln55_2, i1 %and_ln55_1" [../src/sobel.cpp:55->../src/sobel.cpp:174->../src/canny_top.cpp:25]   --->   Operation 240 'and' 'and_ln55_3' <Predicate = true> <Delay = 0.00> <CoreInst = "LogicGate">   --->   Core 74 'LogicGate' <Latency = 0> <II = 1> <Delay = 0.28> <FuncUnit> <Opcode : 'and' 'or' 'xor'> <InPorts = 2> <OutPorts = 1>
ST_8 : Operation 241 [1/1] (0.00ns) (grouped into LUT with out node retval_0_i_i)   --->   "%sel_tmp = bitconcatenate i3 @_ssdm_op_BitConcatenate.i3.i1.i1.i1, i1 %or_ln45, i1 %and_ln49, i1 %and_ln55_3" [../src/sobel.cpp:45->../src/sobel.cpp:174->../src/canny_top.cpp:25]   --->   Operation 241 'bitconcatenate' 'sel_tmp' <Predicate = true> <Delay = 0.00>
ST_8 : Operation 242 [1/1] (0.47ns) (out node of the LUT)   --->   "%retval_0_i_i = sparsemux i2 @_ssdm_op_SparseMux.ap_auto.4i2.i2.i3, i3 4, i2 0, i3 2, i2 2, i3 1, i2 3, i3 0, i2 1, i2 0, i3 %sel_tmp" [../src/sobel.cpp:45->../src/sobel.cpp:174->../src/canny_top.cpp:25]   --->   Operation 242 'sparsemux' 'retval_0_i_i' <Predicate = true> <Delay = 0.47> <CoreInst = "OneHotSparseMux_HasDef">   --->   Core 152 'OneHotSparseMux_HasDef' <Latency = 0> <II = 1> <Delay = 0.47> <FuncUnit> <Opcode : 'sparsemux'> <InPorts = 2> <OutPorts = 1>
ST_8 : Operation 243 [1/1] (0.00ns)   --->   "%out_sobel_direction_addr = getelementptr i2 %out_sobel_direction, i64 0, i64 %zext_ln118" [../src/sobel.cpp:173->../src/canny_top.cpp:25]   --->   Operation 243 'getelementptr' 'out_sobel_direction_addr' <Predicate = true> <Delay = 0.00>
ST_8 : Operation 244 [1/1] ( I:1.23ns O:1.23ns )   --->   "%store_ln173 = store i2 %retval_0_i_i, i9 %out_sobel_direction_addr" [../src/sobel.cpp:173->../src/canny_top.cpp:25]   --->   Operation 244 'store' 'store_ln173' <Predicate = true> <Delay = 1.23> <CoreInst = "RAM">   --->   Core 82 'RAM' <Latency = 1> <II = 1> <Delay = 1.23> <Storage> <Opcode : 'load' 'store'> <Ports = 2> <Width = 2> <Depth = 512> <RAM>

State 9 <SV = 8> <Delay = 3.31>
ST_9 : Operation 245 [1/1] (0.00ns)   --->   "%sext_ln162 = sext i22 %squaredMagnitude" [../src/sobel.cpp:162->../src/canny_top.cpp:25]   --->   Operation 245 'sext' 'sext_ln162' <Predicate = true> <Delay = 0.00>
ST_9 : Operation 246 [6/6] (3.31ns)   --->   "%conv59_i = sitodp i32 %sext_ln162" [../src/sobel.cpp:162->../src/canny_top.cpp:25]   --->   Operation 246 'sitodp' 'conv59_i' <Predicate = true> <Delay = 3.31> <CoreInst = "Int2Double">   --->   Core 66 'Int2Double' <Latency = 5> <II = 1> <Delay = 3.31> <FuncUnit> <Opcode : 'uitodp' 'sitodp'> <InPorts = 1> <OutPorts = 1>

State 10 <SV = 9> <Delay = 3.31>
ST_10 : Operation 247 [5/6] (3.31ns)   --->   "%conv59_i = sitodp i32 %sext_ln162" [../src/sobel.cpp:162->../src/canny_top.cpp:25]   --->   Operation 247 'sitodp' 'conv59_i' <Predicate = true> <Delay = 3.31> <CoreInst = "Int2Double">   --->   Core 66 'Int2Double' <Latency = 5> <II = 1> <Delay = 3.31> <FuncUnit> <Opcode : 'uitodp' 'sitodp'> <InPorts = 1> <OutPorts = 1>

State 11 <SV = 10> <Delay = 3.31>
ST_11 : Operation 248 [4/6] (3.31ns)   --->   "%conv59_i = sitodp i32 %sext_ln162" [../src/sobel.cpp:162->../src/canny_top.cpp:25]   --->   Operation 248 'sitodp' 'conv59_i' <Predicate = true> <Delay = 3.31> <CoreInst = "Int2Double">   --->   Core 66 'Int2Double' <Latency = 5> <II = 1> <Delay = 3.31> <FuncUnit> <Opcode : 'uitodp' 'sitodp'> <InPorts = 1> <OutPorts = 1>

State 12 <SV = 11> <Delay = 3.31>
ST_12 : Operation 249 [3/6] (3.31ns)   --->   "%conv59_i = sitodp i32 %sext_ln162" [../src/sobel.cpp:162->../src/canny_top.cpp:25]   --->   Operation 249 'sitodp' 'conv59_i' <Predicate = true> <Delay = 3.31> <CoreInst = "Int2Double">   --->   Core 66 'Int2Double' <Latency = 5> <II = 1> <Delay = 3.31> <FuncUnit> <Opcode : 'uitodp' 'sitodp'> <InPorts = 1> <OutPorts = 1>

State 13 <SV = 12> <Delay = 3.31>
ST_13 : Operation 250 [2/6] (3.31ns)   --->   "%conv59_i = sitodp i32 %sext_ln162" [../src/sobel.cpp:162->../src/canny_top.cpp:25]   --->   Operation 250 'sitodp' 'conv59_i' <Predicate = true> <Delay = 3.31> <CoreInst = "Int2Double">   --->   Core 66 'Int2Double' <Latency = 5> <II = 1> <Delay = 3.31> <FuncUnit> <Opcode : 'uitodp' 'sitodp'> <InPorts = 1> <OutPorts = 1>

State 14 <SV = 13> <Delay = 3.31>
ST_14 : Operation 251 [1/6] (3.31ns)   --->   "%conv59_i = sitodp i32 %sext_ln162" [../src/sobel.cpp:162->../src/canny_top.cpp:25]   --->   Operation 251 'sitodp' 'conv59_i' <Predicate = true> <Delay = 3.31> <CoreInst = "Int2Double">   --->   Core 66 'Int2Double' <Latency = 5> <II = 1> <Delay = 3.31> <FuncUnit> <Opcode : 'uitodp' 'sitodp'> <InPorts = 1> <OutPorts = 1>

State 15 <SV = 14> <Delay = 2.93>
ST_15 : Operation 252 [57/57] (2.93ns)   --->   "%dc = dsqrt i64 @llvm.sqrt.f64, i64 %conv59_i" [../src/sobel.cpp:161->../src/canny_top.cpp:25]   --->   Operation 252 'dsqrt' 'dc' <Predicate = true> <Delay = 2.93> <CoreInst = "DSqrt">   --->   Core 52 'DSqrt' <Latency = 56> <II = 1> <Delay = 2.93> <FuncUnit> <Opcode : 'dsqrt'> <InPorts = 1> <OutPorts = 1>

State 16 <SV = 15> <Delay = 2.93>
ST_16 : Operation 253 [56/57] (2.93ns)   --->   "%dc = dsqrt i64 @llvm.sqrt.f64, i64 %conv59_i" [../src/sobel.cpp:161->../src/canny_top.cpp:25]   --->   Operation 253 'dsqrt' 'dc' <Predicate = true> <Delay = 2.93> <CoreInst = "DSqrt">   --->   Core 52 'DSqrt' <Latency = 56> <II = 1> <Delay = 2.93> <FuncUnit> <Opcode : 'dsqrt'> <InPorts = 1> <OutPorts = 1>

State 17 <SV = 16> <Delay = 2.93>
ST_17 : Operation 254 [55/57] (2.93ns)   --->   "%dc = dsqrt i64 @llvm.sqrt.f64, i64 %conv59_i" [../src/sobel.cpp:161->../src/canny_top.cpp:25]   --->   Operation 254 'dsqrt' 'dc' <Predicate = true> <Delay = 2.93> <CoreInst = "DSqrt">   --->   Core 52 'DSqrt' <Latency = 56> <II = 1> <Delay = 2.93> <FuncUnit> <Opcode : 'dsqrt'> <InPorts = 1> <OutPorts = 1>

State 18 <SV = 17> <Delay = 2.93>
ST_18 : Operation 255 [54/57] (2.93ns)   --->   "%dc = dsqrt i64 @llvm.sqrt.f64, i64 %conv59_i" [../src/sobel.cpp:161->../src/canny_top.cpp:25]   --->   Operation 255 'dsqrt' 'dc' <Predicate = true> <Delay = 2.93> <CoreInst = "DSqrt">   --->   Core 52 'DSqrt' <Latency = 56> <II = 1> <Delay = 2.93> <FuncUnit> <Opcode : 'dsqrt'> <InPorts = 1> <OutPorts = 1>

State 19 <SV = 18> <Delay = 2.93>
ST_19 : Operation 256 [53/57] (2.93ns)   --->   "%dc = dsqrt i64 @llvm.sqrt.f64, i64 %conv59_i" [../src/sobel.cpp:161->../src/canny_top.cpp:25]   --->   Operation 256 'dsqrt' 'dc' <Predicate = true> <Delay = 2.93> <CoreInst = "DSqrt">   --->   Core 52 'DSqrt' <Latency = 56> <II = 1> <Delay = 2.93> <FuncUnit> <Opcode : 'dsqrt'> <InPorts = 1> <OutPorts = 1>

State 20 <SV = 19> <Delay = 2.93>
ST_20 : Operation 257 [52/57] (2.93ns)   --->   "%dc = dsqrt i64 @llvm.sqrt.f64, i64 %conv59_i" [../src/sobel.cpp:161->../src/canny_top.cpp:25]   --->   Operation 257 'dsqrt' 'dc' <Predicate = true> <Delay = 2.93> <CoreInst = "DSqrt">   --->   Core 52 'DSqrt' <Latency = 56> <II = 1> <Delay = 2.93> <FuncUnit> <Opcode : 'dsqrt'> <InPorts = 1> <OutPorts = 1>

State 21 <SV = 20> <Delay = 2.93>
ST_21 : Operation 258 [51/57] (2.93ns)   --->   "%dc = dsqrt i64 @llvm.sqrt.f64, i64 %conv59_i" [../src/sobel.cpp:161->../src/canny_top.cpp:25]   --->   Operation 258 'dsqrt' 'dc' <Predicate = true> <Delay = 2.93> <CoreInst = "DSqrt">   --->   Core 52 'DSqrt' <Latency = 56> <II = 1> <Delay = 2.93> <FuncUnit> <Opcode : 'dsqrt'> <InPorts = 1> <OutPorts = 1>

State 22 <SV = 21> <Delay = 2.93>
ST_22 : Operation 259 [50/57] (2.93ns)   --->   "%dc = dsqrt i64 @llvm.sqrt.f64, i64 %conv59_i" [../src/sobel.cpp:161->../src/canny_top.cpp:25]   --->   Operation 259 'dsqrt' 'dc' <Predicate = true> <Delay = 2.93> <CoreInst = "DSqrt">   --->   Core 52 'DSqrt' <Latency = 56> <II = 1> <Delay = 2.93> <FuncUnit> <Opcode : 'dsqrt'> <InPorts = 1> <OutPorts = 1>

State 23 <SV = 22> <Delay = 2.93>
ST_23 : Operation 260 [49/57] (2.93ns)   --->   "%dc = dsqrt i64 @llvm.sqrt.f64, i64 %conv59_i" [../src/sobel.cpp:161->../src/canny_top.cpp:25]   --->   Operation 260 'dsqrt' 'dc' <Predicate = true> <Delay = 2.93> <CoreInst = "DSqrt">   --->   Core 52 'DSqrt' <Latency = 56> <II = 1> <Delay = 2.93> <FuncUnit> <Opcode : 'dsqrt'> <InPorts = 1> <OutPorts = 1>

State 24 <SV = 23> <Delay = 2.93>
ST_24 : Operation 261 [48/57] (2.93ns)   --->   "%dc = dsqrt i64 @llvm.sqrt.f64, i64 %conv59_i" [../src/sobel.cpp:161->../src/canny_top.cpp:25]   --->   Operation 261 'dsqrt' 'dc' <Predicate = true> <Delay = 2.93> <CoreInst = "DSqrt">   --->   Core 52 'DSqrt' <Latency = 56> <II = 1> <Delay = 2.93> <FuncUnit> <Opcode : 'dsqrt'> <InPorts = 1> <OutPorts = 1>

State 25 <SV = 24> <Delay = 2.93>
ST_25 : Operation 262 [47/57] (2.93ns)   --->   "%dc = dsqrt i64 @llvm.sqrt.f64, i64 %conv59_i" [../src/sobel.cpp:161->../src/canny_top.cpp:25]   --->   Operation 262 'dsqrt' 'dc' <Predicate = true> <Delay = 2.93> <CoreInst = "DSqrt">   --->   Core 52 'DSqrt' <Latency = 56> <II = 1> <Delay = 2.93> <FuncUnit> <Opcode : 'dsqrt'> <InPorts = 1> <OutPorts = 1>

State 26 <SV = 25> <Delay = 2.93>
ST_26 : Operation 263 [46/57] (2.93ns)   --->   "%dc = dsqrt i64 @llvm.sqrt.f64, i64 %conv59_i" [../src/sobel.cpp:161->../src/canny_top.cpp:25]   --->   Operation 263 'dsqrt' 'dc' <Predicate = true> <Delay = 2.93> <CoreInst = "DSqrt">   --->   Core 52 'DSqrt' <Latency = 56> <II = 1> <Delay = 2.93> <FuncUnit> <Opcode : 'dsqrt'> <InPorts = 1> <OutPorts = 1>

State 27 <SV = 26> <Delay = 2.93>
ST_27 : Operation 264 [45/57] (2.93ns)   --->   "%dc = dsqrt i64 @llvm.sqrt.f64, i64 %conv59_i" [../src/sobel.cpp:161->../src/canny_top.cpp:25]   --->   Operation 264 'dsqrt' 'dc' <Predicate = true> <Delay = 2.93> <CoreInst = "DSqrt">   --->   Core 52 'DSqrt' <Latency = 56> <II = 1> <Delay = 2.93> <FuncUnit> <Opcode : 'dsqrt'> <InPorts = 1> <OutPorts = 1>

State 28 <SV = 27> <Delay = 2.93>
ST_28 : Operation 265 [44/57] (2.93ns)   --->   "%dc = dsqrt i64 @llvm.sqrt.f64, i64 %conv59_i" [../src/sobel.cpp:161->../src/canny_top.cpp:25]   --->   Operation 265 'dsqrt' 'dc' <Predicate = true> <Delay = 2.93> <CoreInst = "DSqrt">   --->   Core 52 'DSqrt' <Latency = 56> <II = 1> <Delay = 2.93> <FuncUnit> <Opcode : 'dsqrt'> <InPorts = 1> <OutPorts = 1>

State 29 <SV = 28> <Delay = 2.93>
ST_29 : Operation 266 [43/57] (2.93ns)   --->   "%dc = dsqrt i64 @llvm.sqrt.f64, i64 %conv59_i" [../src/sobel.cpp:161->../src/canny_top.cpp:25]   --->   Operation 266 'dsqrt' 'dc' <Predicate = true> <Delay = 2.93> <CoreInst = "DSqrt">   --->   Core 52 'DSqrt' <Latency = 56> <II = 1> <Delay = 2.93> <FuncUnit> <Opcode : 'dsqrt'> <InPorts = 1> <OutPorts = 1>

State 30 <SV = 29> <Delay = 2.93>
ST_30 : Operation 267 [42/57] (2.93ns)   --->   "%dc = dsqrt i64 @llvm.sqrt.f64, i64 %conv59_i" [../src/sobel.cpp:161->../src/canny_top.cpp:25]   --->   Operation 267 'dsqrt' 'dc' <Predicate = true> <Delay = 2.93> <CoreInst = "DSqrt">   --->   Core 52 'DSqrt' <Latency = 56> <II = 1> <Delay = 2.93> <FuncUnit> <Opcode : 'dsqrt'> <InPorts = 1> <OutPorts = 1>

State 31 <SV = 30> <Delay = 2.93>
ST_31 : Operation 268 [41/57] (2.93ns)   --->   "%dc = dsqrt i64 @llvm.sqrt.f64, i64 %conv59_i" [../src/sobel.cpp:161->../src/canny_top.cpp:25]   --->   Operation 268 'dsqrt' 'dc' <Predicate = true> <Delay = 2.93> <CoreInst = "DSqrt">   --->   Core 52 'DSqrt' <Latency = 56> <II = 1> <Delay = 2.93> <FuncUnit> <Opcode : 'dsqrt'> <InPorts = 1> <OutPorts = 1>

State 32 <SV = 31> <Delay = 2.93>
ST_32 : Operation 269 [40/57] (2.93ns)   --->   "%dc = dsqrt i64 @llvm.sqrt.f64, i64 %conv59_i" [../src/sobel.cpp:161->../src/canny_top.cpp:25]   --->   Operation 269 'dsqrt' 'dc' <Predicate = true> <Delay = 2.93> <CoreInst = "DSqrt">   --->   Core 52 'DSqrt' <Latency = 56> <II = 1> <Delay = 2.93> <FuncUnit> <Opcode : 'dsqrt'> <InPorts = 1> <OutPorts = 1>

State 33 <SV = 32> <Delay = 2.93>
ST_33 : Operation 270 [39/57] (2.93ns)   --->   "%dc = dsqrt i64 @llvm.sqrt.f64, i64 %conv59_i" [../src/sobel.cpp:161->../src/canny_top.cpp:25]   --->   Operation 270 'dsqrt' 'dc' <Predicate = true> <Delay = 2.93> <CoreInst = "DSqrt">   --->   Core 52 'DSqrt' <Latency = 56> <II = 1> <Delay = 2.93> <FuncUnit> <Opcode : 'dsqrt'> <InPorts = 1> <OutPorts = 1>

State 34 <SV = 33> <Delay = 2.93>
ST_34 : Operation 271 [38/57] (2.93ns)   --->   "%dc = dsqrt i64 @llvm.sqrt.f64, i64 %conv59_i" [../src/sobel.cpp:161->../src/canny_top.cpp:25]   --->   Operation 271 'dsqrt' 'dc' <Predicate = true> <Delay = 2.93> <CoreInst = "DSqrt">   --->   Core 52 'DSqrt' <Latency = 56> <II = 1> <Delay = 2.93> <FuncUnit> <Opcode : 'dsqrt'> <InPorts = 1> <OutPorts = 1>

State 35 <SV = 34> <Delay = 2.93>
ST_35 : Operation 272 [37/57] (2.93ns)   --->   "%dc = dsqrt i64 @llvm.sqrt.f64, i64 %conv59_i" [../src/sobel.cpp:161->../src/canny_top.cpp:25]   --->   Operation 272 'dsqrt' 'dc' <Predicate = true> <Delay = 2.93> <CoreInst = "DSqrt">   --->   Core 52 'DSqrt' <Latency = 56> <II = 1> <Delay = 2.93> <FuncUnit> <Opcode : 'dsqrt'> <InPorts = 1> <OutPorts = 1>

State 36 <SV = 35> <Delay = 2.93>
ST_36 : Operation 273 [36/57] (2.93ns)   --->   "%dc = dsqrt i64 @llvm.sqrt.f64, i64 %conv59_i" [../src/sobel.cpp:161->../src/canny_top.cpp:25]   --->   Operation 273 'dsqrt' 'dc' <Predicate = true> <Delay = 2.93> <CoreInst = "DSqrt">   --->   Core 52 'DSqrt' <Latency = 56> <II = 1> <Delay = 2.93> <FuncUnit> <Opcode : 'dsqrt'> <InPorts = 1> <OutPorts = 1>

State 37 <SV = 36> <Delay = 2.93>
ST_37 : Operation 274 [35/57] (2.93ns)   --->   "%dc = dsqrt i64 @llvm.sqrt.f64, i64 %conv59_i" [../src/sobel.cpp:161->../src/canny_top.cpp:25]   --->   Operation 274 'dsqrt' 'dc' <Predicate = true> <Delay = 2.93> <CoreInst = "DSqrt">   --->   Core 52 'DSqrt' <Latency = 56> <II = 1> <Delay = 2.93> <FuncUnit> <Opcode : 'dsqrt'> <InPorts = 1> <OutPorts = 1>

State 38 <SV = 37> <Delay = 2.93>
ST_38 : Operation 275 [34/57] (2.93ns)   --->   "%dc = dsqrt i64 @llvm.sqrt.f64, i64 %conv59_i" [../src/sobel.cpp:161->../src/canny_top.cpp:25]   --->   Operation 275 'dsqrt' 'dc' <Predicate = true> <Delay = 2.93> <CoreInst = "DSqrt">   --->   Core 52 'DSqrt' <Latency = 56> <II = 1> <Delay = 2.93> <FuncUnit> <Opcode : 'dsqrt'> <InPorts = 1> <OutPorts = 1>

State 39 <SV = 38> <Delay = 2.93>
ST_39 : Operation 276 [33/57] (2.93ns)   --->   "%dc = dsqrt i64 @llvm.sqrt.f64, i64 %conv59_i" [../src/sobel.cpp:161->../src/canny_top.cpp:25]   --->   Operation 276 'dsqrt' 'dc' <Predicate = true> <Delay = 2.93> <CoreInst = "DSqrt">   --->   Core 52 'DSqrt' <Latency = 56> <II = 1> <Delay = 2.93> <FuncUnit> <Opcode : 'dsqrt'> <InPorts = 1> <OutPorts = 1>

State 40 <SV = 39> <Delay = 2.93>
ST_40 : Operation 277 [32/57] (2.93ns)   --->   "%dc = dsqrt i64 @llvm.sqrt.f64, i64 %conv59_i" [../src/sobel.cpp:161->../src/canny_top.cpp:25]   --->   Operation 277 'dsqrt' 'dc' <Predicate = true> <Delay = 2.93> <CoreInst = "DSqrt">   --->   Core 52 'DSqrt' <Latency = 56> <II = 1> <Delay = 2.93> <FuncUnit> <Opcode : 'dsqrt'> <InPorts = 1> <OutPorts = 1>

State 41 <SV = 40> <Delay = 2.93>
ST_41 : Operation 278 [31/57] (2.93ns)   --->   "%dc = dsqrt i64 @llvm.sqrt.f64, i64 %conv59_i" [../src/sobel.cpp:161->../src/canny_top.cpp:25]   --->   Operation 278 'dsqrt' 'dc' <Predicate = true> <Delay = 2.93> <CoreInst = "DSqrt">   --->   Core 52 'DSqrt' <Latency = 56> <II = 1> <Delay = 2.93> <FuncUnit> <Opcode : 'dsqrt'> <InPorts = 1> <OutPorts = 1>

State 42 <SV = 41> <Delay = 2.93>
ST_42 : Operation 279 [30/57] (2.93ns)   --->   "%dc = dsqrt i64 @llvm.sqrt.f64, i64 %conv59_i" [../src/sobel.cpp:161->../src/canny_top.cpp:25]   --->   Operation 279 'dsqrt' 'dc' <Predicate = true> <Delay = 2.93> <CoreInst = "DSqrt">   --->   Core 52 'DSqrt' <Latency = 56> <II = 1> <Delay = 2.93> <FuncUnit> <Opcode : 'dsqrt'> <InPorts = 1> <OutPorts = 1>

State 43 <SV = 42> <Delay = 2.93>
ST_43 : Operation 280 [29/57] (2.93ns)   --->   "%dc = dsqrt i64 @llvm.sqrt.f64, i64 %conv59_i" [../src/sobel.cpp:161->../src/canny_top.cpp:25]   --->   Operation 280 'dsqrt' 'dc' <Predicate = true> <Delay = 2.93> <CoreInst = "DSqrt">   --->   Core 52 'DSqrt' <Latency = 56> <II = 1> <Delay = 2.93> <FuncUnit> <Opcode : 'dsqrt'> <InPorts = 1> <OutPorts = 1>

State 44 <SV = 43> <Delay = 2.93>
ST_44 : Operation 281 [28/57] (2.93ns)   --->   "%dc = dsqrt i64 @llvm.sqrt.f64, i64 %conv59_i" [../src/sobel.cpp:161->../src/canny_top.cpp:25]   --->   Operation 281 'dsqrt' 'dc' <Predicate = true> <Delay = 2.93> <CoreInst = "DSqrt">   --->   Core 52 'DSqrt' <Latency = 56> <II = 1> <Delay = 2.93> <FuncUnit> <Opcode : 'dsqrt'> <InPorts = 1> <OutPorts = 1>

State 45 <SV = 44> <Delay = 2.93>
ST_45 : Operation 282 [27/57] (2.93ns)   --->   "%dc = dsqrt i64 @llvm.sqrt.f64, i64 %conv59_i" [../src/sobel.cpp:161->../src/canny_top.cpp:25]   --->   Operation 282 'dsqrt' 'dc' <Predicate = true> <Delay = 2.93> <CoreInst = "DSqrt">   --->   Core 52 'DSqrt' <Latency = 56> <II = 1> <Delay = 2.93> <FuncUnit> <Opcode : 'dsqrt'> <InPorts = 1> <OutPorts = 1>

State 46 <SV = 45> <Delay = 2.93>
ST_46 : Operation 283 [26/57] (2.93ns)   --->   "%dc = dsqrt i64 @llvm.sqrt.f64, i64 %conv59_i" [../src/sobel.cpp:161->../src/canny_top.cpp:25]   --->   Operation 283 'dsqrt' 'dc' <Predicate = true> <Delay = 2.93> <CoreInst = "DSqrt">   --->   Core 52 'DSqrt' <Latency = 56> <II = 1> <Delay = 2.93> <FuncUnit> <Opcode : 'dsqrt'> <InPorts = 1> <OutPorts = 1>

State 47 <SV = 46> <Delay = 2.93>
ST_47 : Operation 284 [25/57] (2.93ns)   --->   "%dc = dsqrt i64 @llvm.sqrt.f64, i64 %conv59_i" [../src/sobel.cpp:161->../src/canny_top.cpp:25]   --->   Operation 284 'dsqrt' 'dc' <Predicate = true> <Delay = 2.93> <CoreInst = "DSqrt">   --->   Core 52 'DSqrt' <Latency = 56> <II = 1> <Delay = 2.93> <FuncUnit> <Opcode : 'dsqrt'> <InPorts = 1> <OutPorts = 1>

State 48 <SV = 47> <Delay = 2.93>
ST_48 : Operation 285 [24/57] (2.93ns)   --->   "%dc = dsqrt i64 @llvm.sqrt.f64, i64 %conv59_i" [../src/sobel.cpp:161->../src/canny_top.cpp:25]   --->   Operation 285 'dsqrt' 'dc' <Predicate = true> <Delay = 2.93> <CoreInst = "DSqrt">   --->   Core 52 'DSqrt' <Latency = 56> <II = 1> <Delay = 2.93> <FuncUnit> <Opcode : 'dsqrt'> <InPorts = 1> <OutPorts = 1>

State 49 <SV = 48> <Delay = 2.93>
ST_49 : Operation 286 [23/57] (2.93ns)   --->   "%dc = dsqrt i64 @llvm.sqrt.f64, i64 %conv59_i" [../src/sobel.cpp:161->../src/canny_top.cpp:25]   --->   Operation 286 'dsqrt' 'dc' <Predicate = true> <Delay = 2.93> <CoreInst = "DSqrt">   --->   Core 52 'DSqrt' <Latency = 56> <II = 1> <Delay = 2.93> <FuncUnit> <Opcode : 'dsqrt'> <InPorts = 1> <OutPorts = 1>

State 50 <SV = 49> <Delay = 2.93>
ST_50 : Operation 287 [22/57] (2.93ns)   --->   "%dc = dsqrt i64 @llvm.sqrt.f64, i64 %conv59_i" [../src/sobel.cpp:161->../src/canny_top.cpp:25]   --->   Operation 287 'dsqrt' 'dc' <Predicate = true> <Delay = 2.93> <CoreInst = "DSqrt">   --->   Core 52 'DSqrt' <Latency = 56> <II = 1> <Delay = 2.93> <FuncUnit> <Opcode : 'dsqrt'> <InPorts = 1> <OutPorts = 1>

State 51 <SV = 50> <Delay = 2.93>
ST_51 : Operation 288 [21/57] (2.93ns)   --->   "%dc = dsqrt i64 @llvm.sqrt.f64, i64 %conv59_i" [../src/sobel.cpp:161->../src/canny_top.cpp:25]   --->   Operation 288 'dsqrt' 'dc' <Predicate = true> <Delay = 2.93> <CoreInst = "DSqrt">   --->   Core 52 'DSqrt' <Latency = 56> <II = 1> <Delay = 2.93> <FuncUnit> <Opcode : 'dsqrt'> <InPorts = 1> <OutPorts = 1>

State 52 <SV = 51> <Delay = 2.93>
ST_52 : Operation 289 [20/57] (2.93ns)   --->   "%dc = dsqrt i64 @llvm.sqrt.f64, i64 %conv59_i" [../src/sobel.cpp:161->../src/canny_top.cpp:25]   --->   Operation 289 'dsqrt' 'dc' <Predicate = true> <Delay = 2.93> <CoreInst = "DSqrt">   --->   Core 52 'DSqrt' <Latency = 56> <II = 1> <Delay = 2.93> <FuncUnit> <Opcode : 'dsqrt'> <InPorts = 1> <OutPorts = 1>

State 53 <SV = 52> <Delay = 2.93>
ST_53 : Operation 290 [19/57] (2.93ns)   --->   "%dc = dsqrt i64 @llvm.sqrt.f64, i64 %conv59_i" [../src/sobel.cpp:161->../src/canny_top.cpp:25]   --->   Operation 290 'dsqrt' 'dc' <Predicate = true> <Delay = 2.93> <CoreInst = "DSqrt">   --->   Core 52 'DSqrt' <Latency = 56> <II = 1> <Delay = 2.93> <FuncUnit> <Opcode : 'dsqrt'> <InPorts = 1> <OutPorts = 1>

State 54 <SV = 53> <Delay = 2.93>
ST_54 : Operation 291 [18/57] (2.93ns)   --->   "%dc = dsqrt i64 @llvm.sqrt.f64, i64 %conv59_i" [../src/sobel.cpp:161->../src/canny_top.cpp:25]   --->   Operation 291 'dsqrt' 'dc' <Predicate = true> <Delay = 2.93> <CoreInst = "DSqrt">   --->   Core 52 'DSqrt' <Latency = 56> <II = 1> <Delay = 2.93> <FuncUnit> <Opcode : 'dsqrt'> <InPorts = 1> <OutPorts = 1>

State 55 <SV = 54> <Delay = 2.93>
ST_55 : Operation 292 [17/57] (2.93ns)   --->   "%dc = dsqrt i64 @llvm.sqrt.f64, i64 %conv59_i" [../src/sobel.cpp:161->../src/canny_top.cpp:25]   --->   Operation 292 'dsqrt' 'dc' <Predicate = true> <Delay = 2.93> <CoreInst = "DSqrt">   --->   Core 52 'DSqrt' <Latency = 56> <II = 1> <Delay = 2.93> <FuncUnit> <Opcode : 'dsqrt'> <InPorts = 1> <OutPorts = 1>

State 56 <SV = 55> <Delay = 2.93>
ST_56 : Operation 293 [16/57] (2.93ns)   --->   "%dc = dsqrt i64 @llvm.sqrt.f64, i64 %conv59_i" [../src/sobel.cpp:161->../src/canny_top.cpp:25]   --->   Operation 293 'dsqrt' 'dc' <Predicate = true> <Delay = 2.93> <CoreInst = "DSqrt">   --->   Core 52 'DSqrt' <Latency = 56> <II = 1> <Delay = 2.93> <FuncUnit> <Opcode : 'dsqrt'> <InPorts = 1> <OutPorts = 1>

State 57 <SV = 56> <Delay = 2.93>
ST_57 : Operation 294 [15/57] (2.93ns)   --->   "%dc = dsqrt i64 @llvm.sqrt.f64, i64 %conv59_i" [../src/sobel.cpp:161->../src/canny_top.cpp:25]   --->   Operation 294 'dsqrt' 'dc' <Predicate = true> <Delay = 2.93> <CoreInst = "DSqrt">   --->   Core 52 'DSqrt' <Latency = 56> <II = 1> <Delay = 2.93> <FuncUnit> <Opcode : 'dsqrt'> <InPorts = 1> <OutPorts = 1>

State 58 <SV = 57> <Delay = 2.93>
ST_58 : Operation 295 [14/57] (2.93ns)   --->   "%dc = dsqrt i64 @llvm.sqrt.f64, i64 %conv59_i" [../src/sobel.cpp:161->../src/canny_top.cpp:25]   --->   Operation 295 'dsqrt' 'dc' <Predicate = true> <Delay = 2.93> <CoreInst = "DSqrt">   --->   Core 52 'DSqrt' <Latency = 56> <II = 1> <Delay = 2.93> <FuncUnit> <Opcode : 'dsqrt'> <InPorts = 1> <OutPorts = 1>

State 59 <SV = 58> <Delay = 2.93>
ST_59 : Operation 296 [13/57] (2.93ns)   --->   "%dc = dsqrt i64 @llvm.sqrt.f64, i64 %conv59_i" [../src/sobel.cpp:161->../src/canny_top.cpp:25]   --->   Operation 296 'dsqrt' 'dc' <Predicate = true> <Delay = 2.93> <CoreInst = "DSqrt">   --->   Core 52 'DSqrt' <Latency = 56> <II = 1> <Delay = 2.93> <FuncUnit> <Opcode : 'dsqrt'> <InPorts = 1> <OutPorts = 1>

State 60 <SV = 59> <Delay = 2.93>
ST_60 : Operation 297 [12/57] (2.93ns)   --->   "%dc = dsqrt i64 @llvm.sqrt.f64, i64 %conv59_i" [../src/sobel.cpp:161->../src/canny_top.cpp:25]   --->   Operation 297 'dsqrt' 'dc' <Predicate = true> <Delay = 2.93> <CoreInst = "DSqrt">   --->   Core 52 'DSqrt' <Latency = 56> <II = 1> <Delay = 2.93> <FuncUnit> <Opcode : 'dsqrt'> <InPorts = 1> <OutPorts = 1>

State 61 <SV = 60> <Delay = 2.93>
ST_61 : Operation 298 [11/57] (2.93ns)   --->   "%dc = dsqrt i64 @llvm.sqrt.f64, i64 %conv59_i" [../src/sobel.cpp:161->../src/canny_top.cpp:25]   --->   Operation 298 'dsqrt' 'dc' <Predicate = true> <Delay = 2.93> <CoreInst = "DSqrt">   --->   Core 52 'DSqrt' <Latency = 56> <II = 1> <Delay = 2.93> <FuncUnit> <Opcode : 'dsqrt'> <InPorts = 1> <OutPorts = 1>

State 62 <SV = 61> <Delay = 2.93>
ST_62 : Operation 299 [10/57] (2.93ns)   --->   "%dc = dsqrt i64 @llvm.sqrt.f64, i64 %conv59_i" [../src/sobel.cpp:161->../src/canny_top.cpp:25]   --->   Operation 299 'dsqrt' 'dc' <Predicate = true> <Delay = 2.93> <CoreInst = "DSqrt">   --->   Core 52 'DSqrt' <Latency = 56> <II = 1> <Delay = 2.93> <FuncUnit> <Opcode : 'dsqrt'> <InPorts = 1> <OutPorts = 1>

State 63 <SV = 62> <Delay = 2.93>
ST_63 : Operation 300 [9/57] (2.93ns)   --->   "%dc = dsqrt i64 @llvm.sqrt.f64, i64 %conv59_i" [../src/sobel.cpp:161->../src/canny_top.cpp:25]   --->   Operation 300 'dsqrt' 'dc' <Predicate = true> <Delay = 2.93> <CoreInst = "DSqrt">   --->   Core 52 'DSqrt' <Latency = 56> <II = 1> <Delay = 2.93> <FuncUnit> <Opcode : 'dsqrt'> <InPorts = 1> <OutPorts = 1>

State 64 <SV = 63> <Delay = 2.93>
ST_64 : Operation 301 [8/57] (2.93ns)   --->   "%dc = dsqrt i64 @llvm.sqrt.f64, i64 %conv59_i" [../src/sobel.cpp:161->../src/canny_top.cpp:25]   --->   Operation 301 'dsqrt' 'dc' <Predicate = true> <Delay = 2.93> <CoreInst = "DSqrt">   --->   Core 52 'DSqrt' <Latency = 56> <II = 1> <Delay = 2.93> <FuncUnit> <Opcode : 'dsqrt'> <InPorts = 1> <OutPorts = 1>

State 65 <SV = 64> <Delay = 2.93>
ST_65 : Operation 302 [7/57] (2.93ns)   --->   "%dc = dsqrt i64 @llvm.sqrt.f64, i64 %conv59_i" [../src/sobel.cpp:161->../src/canny_top.cpp:25]   --->   Operation 302 'dsqrt' 'dc' <Predicate = true> <Delay = 2.93> <CoreInst = "DSqrt">   --->   Core 52 'DSqrt' <Latency = 56> <II = 1> <Delay = 2.93> <FuncUnit> <Opcode : 'dsqrt'> <InPorts = 1> <OutPorts = 1>

State 66 <SV = 65> <Delay = 2.93>
ST_66 : Operation 303 [6/57] (2.93ns)   --->   "%dc = dsqrt i64 @llvm.sqrt.f64, i64 %conv59_i" [../src/sobel.cpp:161->../src/canny_top.cpp:25]   --->   Operation 303 'dsqrt' 'dc' <Predicate = true> <Delay = 2.93> <CoreInst = "DSqrt">   --->   Core 52 'DSqrt' <Latency = 56> <II = 1> <Delay = 2.93> <FuncUnit> <Opcode : 'dsqrt'> <InPorts = 1> <OutPorts = 1>

State 67 <SV = 66> <Delay = 2.93>
ST_67 : Operation 304 [5/57] (2.93ns)   --->   "%dc = dsqrt i64 @llvm.sqrt.f64, i64 %conv59_i" [../src/sobel.cpp:161->../src/canny_top.cpp:25]   --->   Operation 304 'dsqrt' 'dc' <Predicate = true> <Delay = 2.93> <CoreInst = "DSqrt">   --->   Core 52 'DSqrt' <Latency = 56> <II = 1> <Delay = 2.93> <FuncUnit> <Opcode : 'dsqrt'> <InPorts = 1> <OutPorts = 1>

State 68 <SV = 67> <Delay = 2.93>
ST_68 : Operation 305 [4/57] (2.93ns)   --->   "%dc = dsqrt i64 @llvm.sqrt.f64, i64 %conv59_i" [../src/sobel.cpp:161->../src/canny_top.cpp:25]   --->   Operation 305 'dsqrt' 'dc' <Predicate = true> <Delay = 2.93> <CoreInst = "DSqrt">   --->   Core 52 'DSqrt' <Latency = 56> <II = 1> <Delay = 2.93> <FuncUnit> <Opcode : 'dsqrt'> <InPorts = 1> <OutPorts = 1>

State 69 <SV = 68> <Delay = 2.93>
ST_69 : Operation 306 [3/57] (2.93ns)   --->   "%dc = dsqrt i64 @llvm.sqrt.f64, i64 %conv59_i" [../src/sobel.cpp:161->../src/canny_top.cpp:25]   --->   Operation 306 'dsqrt' 'dc' <Predicate = true> <Delay = 2.93> <CoreInst = "DSqrt">   --->   Core 52 'DSqrt' <Latency = 56> <II = 1> <Delay = 2.93> <FuncUnit> <Opcode : 'dsqrt'> <InPorts = 1> <OutPorts = 1>

State 70 <SV = 69> <Delay = 2.93>
ST_70 : Operation 307 [2/57] (2.93ns)   --->   "%dc = dsqrt i64 @llvm.sqrt.f64, i64 %conv59_i" [../src/sobel.cpp:161->../src/canny_top.cpp:25]   --->   Operation 307 'dsqrt' 'dc' <Predicate = true> <Delay = 2.93> <CoreInst = "DSqrt">   --->   Core 52 'DSqrt' <Latency = 56> <II = 1> <Delay = 2.93> <FuncUnit> <Opcode : 'dsqrt'> <InPorts = 1> <OutPorts = 1>

State 71 <SV = 70> <Delay = 2.93>
ST_71 : Operation 308 [1/57] (2.93ns)   --->   "%dc = dsqrt i64 @llvm.sqrt.f64, i64 %conv59_i" [../src/sobel.cpp:161->../src/canny_top.cpp:25]   --->   Operation 308 'dsqrt' 'dc' <Predicate = true> <Delay = 2.93> <CoreInst = "DSqrt">   --->   Core 52 'DSqrt' <Latency = 56> <II = 1> <Delay = 2.93> <FuncUnit> <Opcode : 'dsqrt'> <InPorts = 1> <OutPorts = 1>
ST_71 : Operation 340 [1/1] (0.42ns)   --->   "%ret_ln0 = ret"   --->   Operation 340 'ret' 'ret_ln0' <Predicate = (icmp_ln118)> <Delay = 0.42>

State 72 <SV = 71> <Delay = 2.67>
ST_72 : Operation 309 [1/1] (0.00ns)   --->   "%data = bitcast i64 %dc" [C:\scratch\2025.2\hls_product\666\2025.2\src\shared\hls\clib/src/hls\utils/x_hls_utils.h:459->C:\scratch\2025.2\hls_product\666\2025.2\src\shared\hls\clib/hlsmath/include/FloatingPoint\hls_case_IEEE754.h:13->C:\scratch\2025.2\hls_product\666\2025.2\src\shared\hls\clib/hlsmath/include/FloatingPoint\hls_case_IEEE754.h:117->C:\scratch\2025.2\hls_product\666\2025.2\src\shared\hls\clib\hlsmath\src\lib_floatconversion.cpp:55->../src/sobel.cpp:161->../src/canny_top.cpp:25]   --->   Operation 309 'bitcast' 'data' <Predicate = true> <Delay = 0.00>
ST_72 : Operation 310 [1/1] (0.00ns)   --->   "%xs_sign = bitselect i1 @_ssdm_op_BitSelect.i1.i64.i32, i64 %data, i32 63" [C:\scratch\2025.2\hls_product\666\2025.2\src\shared\hls\clib/src/hls\utils/x_hls_utils.h:460->C:\scratch\2025.2\hls_product\666\2025.2\src\shared\hls\clib/hlsmath/include/FloatingPoint\hls_case_IEEE754.h:13->C:\scratch\2025.2\hls_product\666\2025.2\src\shared\hls\clib/hlsmath/include/FloatingPoint\hls_case_IEEE754.h:117->C:\scratch\2025.2\hls_product\666\2025.2\src\shared\hls\clib\hlsmath\src\lib_floatconversion.cpp:55->../src/sobel.cpp:161->../src/canny_top.cpp:25]   --->   Operation 310 'bitselect' 'xs_sign' <Predicate = true> <Delay = 0.00>
ST_72 : Operation 311 [1/1] (0.00ns)   --->   "%xs_exp = partselect i11 @_ssdm_op_PartSelect.i11.i64.i32, i64 %data, i32 52" [C:\scratch\2025.2\hls_product\666\2025.2\src\shared\hls\clib/src/hls\utils/x_hls_utils.h:461->C:\scratch\2025.2\hls_product\666\2025.2\src\shared\hls\clib/hlsmath/include/FloatingPoint\hls_case_IEEE754.h:13->C:\scratch\2025.2\hls_product\666\2025.2\src\shared\hls\clib/hlsmath/include/FloatingPoint\hls_case_IEEE754.h:117->C:\scratch\2025.2\hls_product\666\2025.2\src\shared\hls\clib\hlsmath\src\lib_floatconversion.cpp:55->../src/sobel.cpp:161->../src/canny_top.cpp:25]   --->   Operation 311 'partselect' 'xs_exp' <Predicate = true> <Delay = 0.00>
ST_72 : Operation 312 [1/1] (0.00ns)   --->   "%trunc_ln505 = trunc i64 %data" [C:\scratch\2025.2\hls_product\666\2025.2\src\shared\hls\clib/src/hls\utils/x_hls_utils.h:505->C:\scratch\2025.2\hls_product\666\2025.2\src\shared\hls\clib/hlsmath/include/FloatingPoint\hls_case_IEEE754.h:15->C:\scratch\2025.2\hls_product\666\2025.2\src\shared\hls\clib/hlsmath/include/FloatingPoint\hls_case_IEEE754.h:117->C:\scratch\2025.2\hls_product\666\2025.2\src\shared\hls\clib\hlsmath\src\lib_floatconversion.cpp:55->../src/sobel.cpp:161->../src/canny_top.cpp:25]   --->   Operation 312 'trunc' 'trunc_ln505' <Predicate = true> <Delay = 0.00>
ST_72 : Operation 313 [1/1] (0.00ns)   --->   "%mantissa = bitconcatenate i54 @_ssdm_op_BitConcatenate.i54.i1.i52.i1, i1 1, i52 %trunc_ln505, i1 0" [C:\scratch\2025.2\hls_product\666\2025.2\src\shared\hls\clib/hlsmath/include/FloatingPoint\hls_case_IEEE754.h:15->C:\scratch\2025.2\hls_product\666\2025.2\src\shared\hls\clib/hlsmath/include/FloatingPoint\hls_case_IEEE754.h:117->C:\scratch\2025.2\hls_product\666\2025.2\src\shared\hls\clib\hlsmath\src\lib_floatconversion.cpp:55->../src/sobel.cpp:161->../src/canny_top.cpp:25]   --->   Operation 313 'bitconcatenate' 'mantissa' <Predicate = true> <Delay = 0.00>
ST_72 : Operation 314 [1/1] (0.00ns)   --->   "%zext_ln15 = zext i54 %mantissa" [C:\scratch\2025.2\hls_product\666\2025.2\src\shared\hls\clib/hlsmath/include/FloatingPoint\hls_case_IEEE754.h:15->C:\scratch\2025.2\hls_product\666\2025.2\src\shared\hls\clib/hlsmath/include/FloatingPoint\hls_case_IEEE754.h:117->C:\scratch\2025.2\hls_product\666\2025.2\src\shared\hls\clib\hlsmath\src\lib_floatconversion.cpp:55->../src/sobel.cpp:161->../src/canny_top.cpp:25]   --->   Operation 314 'zext' 'zext_ln15' <Predicate = true> <Delay = 0.00>
ST_72 : Operation 315 [1/1] (0.00ns)   --->   "%zext_ln486 = zext i11 %xs_exp" [C:\scratch\2025.2\hls_product\666\2025.2\src\shared\hls\clib/src/hls\utils/x_hls_utils.h:486->C:\scratch\2025.2\hls_product\666\2025.2\src\shared\hls\clib/hlsmath/include/FloatingPoint\hls_case_IEEE754.h:18->C:\scratch\2025.2\hls_product\666\2025.2\src\shared\hls\clib/hlsmath/include/FloatingPoint\hls_case_IEEE754.h:117->C:\scratch\2025.2\hls_product\666\2025.2\src\shared\hls\clib\hlsmath\src\lib_floatconversion.cpp:55->../src/sobel.cpp:161->../src/canny_top.cpp:25]   --->   Operation 315 'zext' 'zext_ln486' <Predicate = true> <Delay = 0.00>
ST_72 : Operation 316 [1/1] (0.79ns)   --->   "%add_ln486 = add i12 %zext_ln486, i12 3073" [C:\scratch\2025.2\hls_product\666\2025.2\src\shared\hls\clib/src/hls\utils/x_hls_utils.h:486->C:\scratch\2025.2\hls_product\666\2025.2\src\shared\hls\clib/hlsmath/include/FloatingPoint\hls_case_IEEE754.h:18->C:\scratch\2025.2\hls_product\666\2025.2\src\shared\hls\clib/hlsmath/include/FloatingPoint\hls_case_IEEE754.h:117->C:\scratch\2025.2\hls_product\666\2025.2\src\shared\hls\clib\hlsmath\src\lib_floatconversion.cpp:55->../src/sobel.cpp:161->../src/canny_top.cpp:25]   --->   Operation 316 'add' 'add_ln486' <Predicate = true> <Delay = 0.79> <CoreInst = "Adder">   --->   Core 1 'Adder' <Latency = 0> <II = 1> <Delay = 0.79> <FuncUnit> <Opcode : 'add' 'sub'> <InPorts = 2> <OutPorts = 1>
ST_72 : Operation 317 [1/1] (0.00ns)   --->   "%tmp_11 = bitselect i1 @_ssdm_op_BitSelect.i1.i12.i32, i12 %add_ln486, i32 11" [C:\scratch\2025.2\hls_product\666\2025.2\src\shared\hls\clib/hlsmath/include/FloatingPoint\hls_case_IEEE754.h:18->C:\scratch\2025.2\hls_product\666\2025.2\src\shared\hls\clib/hlsmath/include/FloatingPoint\hls_case_IEEE754.h:117->C:\scratch\2025.2\hls_product\666\2025.2\src\shared\hls\clib\hlsmath\src\lib_floatconversion.cpp:55->../src/sobel.cpp:161->../src/canny_top.cpp:25]   --->   Operation 317 'bitselect' 'tmp_11' <Predicate = true> <Delay = 0.00>
ST_72 : Operation 318 [1/1] (0.79ns)   --->   "%sub_ln18 = sub i11 1023, i11 %xs_exp" [C:\scratch\2025.2\hls_product\666\2025.2\src\shared\hls\clib/hlsmath/include/FloatingPoint\hls_case_IEEE754.h:18->C:\scratch\2025.2\hls_product\666\2025.2\src\shared\hls\clib/hlsmath/include/FloatingPoint\hls_case_IEEE754.h:117->C:\scratch\2025.2\hls_product\666\2025.2\src\shared\hls\clib\hlsmath\src\lib_floatconversion.cpp:55->../src/sobel.cpp:161->../src/canny_top.cpp:25]   --->   Operation 318 'sub' 'sub_ln18' <Predicate = true> <Delay = 0.79> <CoreInst = "Adder">   --->   Core 1 'Adder' <Latency = 0> <II = 1> <Delay = 0.79> <FuncUnit> <Opcode : 'add' 'sub'> <InPorts = 2> <OutPorts = 1>
ST_72 : Operation 319 [1/1] (0.00ns)   --->   "%sext_ln18 = sext i11 %sub_ln18" [C:\scratch\2025.2\hls_product\666\2025.2\src\shared\hls\clib/hlsmath/include/FloatingPoint\hls_case_IEEE754.h:18->C:\scratch\2025.2\hls_product\666\2025.2\src\shared\hls\clib/hlsmath/include/FloatingPoint\hls_case_IEEE754.h:117->C:\scratch\2025.2\hls_product\666\2025.2\src\shared\hls\clib\hlsmath\src\lib_floatconversion.cpp:55->../src/sobel.cpp:161->../src/canny_top.cpp:25]   --->   Operation 319 'sext' 'sext_ln18' <Predicate = true> <Delay = 0.00>
ST_72 : Operation 320 [1/1] (0.37ns)   --->   "%select_ln18 = select i1 %tmp_11, i12 %sext_ln18, i12 %add_ln486" [C:\scratch\2025.2\hls_product\666\2025.2\src\shared\hls\clib/hlsmath/include/FloatingPoint\hls_case_IEEE754.h:18->C:\scratch\2025.2\hls_product\666\2025.2\src\shared\hls\clib/hlsmath/include/FloatingPoint\hls_case_IEEE754.h:117->C:\scratch\2025.2\hls_product\666\2025.2\src\shared\hls\clib\hlsmath\src\lib_floatconversion.cpp:55->../src/sobel.cpp:161->../src/canny_top.cpp:25]   --->   Operation 320 'select' 'select_ln18' <Predicate = true> <Delay = 0.37> <CoreInst = "Sel">   --->   Core 73 'Sel' <Latency = 0> <II = 1> <Delay = 0.37> <FuncUnit> <Opcode : 'select'> <InPorts = 3> <OutPorts = 1>
ST_72 : Operation 321 [1/1] (0.00ns)   --->   "%sext_ln18_1 = sext i12 %select_ln18" [C:\scratch\2025.2\hls_product\666\2025.2\src\shared\hls\clib/hlsmath/include/FloatingPoint\hls_case_IEEE754.h:18->C:\scratch\2025.2\hls_product\666\2025.2\src\shared\hls\clib/hlsmath/include/FloatingPoint\hls_case_IEEE754.h:117->C:\scratch\2025.2\hls_product\666\2025.2\src\shared\hls\clib\hlsmath\src\lib_floatconversion.cpp:55->../src/sobel.cpp:161->../src/canny_top.cpp:25]   --->   Operation 321 'sext' 'sext_ln18_1' <Predicate = true> <Delay = 0.00>
ST_72 : Operation 322 [1/1] (0.00ns)   --->   "%zext_ln18 = zext i32 %sext_ln18_1" [C:\scratch\2025.2\hls_product\666\2025.2\src\shared\hls\clib/hlsmath/include/FloatingPoint\hls_case_IEEE754.h:18->C:\scratch\2025.2\hls_product\666\2025.2\src\shared\hls\clib/hlsmath/include/FloatingPoint\hls_case_IEEE754.h:117->C:\scratch\2025.2\hls_product\666\2025.2\src\shared\hls\clib\hlsmath\src\lib_floatconversion.cpp:55->../src/sobel.cpp:161->../src/canny_top.cpp:25]   --->   Operation 322 'zext' 'zext_ln18' <Predicate = true> <Delay = 0.00>
ST_72 : Operation 323 [1/1] (1.50ns)   --->   "%lshr_ln18 = lshr i137 %zext_ln15, i137 %zext_ln18" [C:\scratch\2025.2\hls_product\666\2025.2\src\shared\hls\clib/hlsmath/include/FloatingPoint\hls_case_IEEE754.h:18->C:\scratch\2025.2\hls_product\666\2025.2\src\shared\hls\clib/hlsmath/include/FloatingPoint\hls_case_IEEE754.h:117->C:\scratch\2025.2\hls_product\666\2025.2\src\shared\hls\clib\hlsmath\src\lib_floatconversion.cpp:55->../src/sobel.cpp:161->../src/canny_top.cpp:25]   --->   Operation 323 'lshr' 'lshr_ln18' <Predicate = true> <Delay = 1.50> <CoreInst = "Shifter">   --->   Core 75 'Shifter' <Latency = 0> <II = 1> <Delay = 1.50> <FuncUnit> <Opcode : 'shl' 'lshr' 'ashr'> <InPorts = 2> <OutPorts = 1>
ST_72 : Operation 324 [1/1] (0.00ns)   --->   "%tmp_10 = partselect i32 @_ssdm_op_PartSelect.i32.i137.i32.i32, i137 %lshr_ln18, i32 53, i32 84" [C:\scratch\2025.2\hls_product\666\2025.2\src\shared\hls\clib/hlsmath/include/FloatingPoint\hls_case_IEEE754.h:21->C:\scratch\2025.2\hls_product\666\2025.2\src\shared\hls\clib/hlsmath/include/FloatingPoint\hls_case_IEEE754.h:117->C:\scratch\2025.2\hls_product\666\2025.2\src\shared\hls\clib\hlsmath\src\lib_floatconversion.cpp:55->../src/sobel.cpp:161->../src/canny_top.cpp:25]   --->   Operation 324 'partselect' 'tmp_10' <Predicate = true> <Delay = 0.00>

State 73 <SV = 72> <Delay = 3.41>
ST_73 : Operation 325 [1/1] (1.50ns)   --->   "%shl_ln18 = shl i137 %zext_ln15, i137 %zext_ln18" [C:\scratch\2025.2\hls_product\666\2025.2\src\shared\hls\clib/hlsmath/include/FloatingPoint\hls_case_IEEE754.h:18->C:\scratch\2025.2\hls_product\666\2025.2\src\shared\hls\clib/hlsmath/include/FloatingPoint\hls_case_IEEE754.h:117->C:\scratch\2025.2\hls_product\666\2025.2\src\shared\hls\clib\hlsmath\src\lib_floatconversion.cpp:55->../src/sobel.cpp:161->../src/canny_top.cpp:25]   --->   Operation 325 'shl' 'shl_ln18' <Predicate = (!tmp_11)> <Delay = 1.50> <CoreInst = "Shifter">   --->   Core 75 'Shifter' <Latency = 0> <II = 1> <Delay = 1.50> <FuncUnit> <Opcode : 'shl' 'lshr' 'ashr'> <InPorts = 2> <OutPorts = 1>
ST_73 : Operation 326 [1/1] (0.00ns)   --->   "%tmp_12 = partselect i32 @_ssdm_op_PartSelect.i32.i137.i32.i32, i137 %shl_ln18, i32 53, i32 84" [C:\scratch\2025.2\hls_product\666\2025.2\src\shared\hls\clib/hlsmath/include/FloatingPoint\hls_case_IEEE754.h:21->C:\scratch\2025.2\hls_product\666\2025.2\src\shared\hls\clib/hlsmath/include/FloatingPoint\hls_case_IEEE754.h:117->C:\scratch\2025.2\hls_product\666\2025.2\src\shared\hls\clib\hlsmath\src\lib_floatconversion.cpp:55->../src/sobel.cpp:161->../src/canny_top.cpp:25]   --->   Operation 326 'partselect' 'tmp_12' <Predicate = (!tmp_11)> <Delay = 0.00>
ST_73 : Operation 327 [1/1] (0.44ns)   --->   "%val = select i1 %tmp_11, i32 %tmp_10, i32 %tmp_12" [C:\scratch\2025.2\hls_product\666\2025.2\src\shared\hls\clib/hlsmath/include/FloatingPoint\hls_case_IEEE754.h:18->C:\scratch\2025.2\hls_product\666\2025.2\src\shared\hls\clib/hlsmath/include/FloatingPoint\hls_case_IEEE754.h:117->C:\scratch\2025.2\hls_product\666\2025.2\src\shared\hls\clib\hlsmath\src\lib_floatconversion.cpp:55->../src/sobel.cpp:161->../src/canny_top.cpp:25]   --->   Operation 327 'select' 'val' <Predicate = true> <Delay = 0.44> <CoreInst = "Sel">   --->   Core 73 'Sel' <Latency = 0> <II = 1> <Delay = 0.44> <FuncUnit> <Opcode : 'select'> <InPorts = 3> <OutPorts = 1>
ST_73 : Operation 328 [1/1] (1.01ns)   --->   "%result_2 = sub i32 0, i32 %val" [C:\scratch\2025.2\hls_product\666\2025.2\src\shared\hls\clib/hlsmath/include/FloatingPoint\hls_case_IEEE754.h:59->C:\scratch\2025.2\hls_product\666\2025.2\src\shared\hls\clib/hlsmath/include/FloatingPoint\hls_case_IEEE754.h:117->C:\scratch\2025.2\hls_product\666\2025.2\src\shared\hls\clib\hlsmath\src\lib_floatconversion.cpp:55->../src/sobel.cpp:161->../src/canny_top.cpp:25]   --->   Operation 328 'sub' 'result_2' <Predicate = (xs_sign)> <Delay = 1.01> <CoreInst = "Adder">   --->   Core 1 'Adder' <Latency = 0> <II = 1> <Delay = 1.01> <FuncUnit> <Opcode : 'add' 'sub'> <InPorts = 2> <OutPorts = 1>
ST_73 : Operation 329 [1/1] (0.44ns)   --->   "%result_4 = select i1 %xs_sign, i32 %result_2, i32 %val" [C:\scratch\2025.2\hls_product\666\2025.2\src\shared\hls\clib/hlsmath/include/FloatingPoint\hls_case_IEEE754.h:59->C:\scratch\2025.2\hls_product\666\2025.2\src\shared\hls\clib/hlsmath/include/FloatingPoint\hls_case_IEEE754.h:117->C:\scratch\2025.2\hls_product\666\2025.2\src\shared\hls\clib\hlsmath\src\lib_floatconversion.cpp:55->../src/sobel.cpp:161->../src/canny_top.cpp:25]   --->   Operation 329 'select' 'result_4' <Predicate = true> <Delay = 0.44> <CoreInst = "Sel">   --->   Core 73 'Sel' <Latency = 0> <II = 1> <Delay = 0.44> <FuncUnit> <Opcode : 'select'> <InPorts = 3> <OutPorts = 1>
ST_73 : Operation 330 [1/1] (0.00ns)   --->   "%tmp_13 = partselect i24 @_ssdm_op_PartSelect.i24.i32.i32.i32, i32 %result_4, i32 8, i32 31" [../src/sobel.cpp:166->../src/canny_top.cpp:25]   --->   Operation 330 'partselect' 'tmp_13' <Predicate = true> <Delay = 0.00>
ST_73 : Operation 331 [1/1] (0.00ns)   --->   "%trunc_ln171 = trunc i32 %result_4" [../src/sobel.cpp:171->../src/canny_top.cpp:25]   --->   Operation 331 'trunc' 'trunc_ln171' <Predicate = true> <Delay = 0.00>

State 74 <SV = 73> <Delay = 2.56>
ST_74 : Operation 332 [1/1] (0.00ns)   --->   "%specpipeline_ln118 = specpipeline void @_ssdm_op_SpecPipeline, i32 4294967295, i32 0, i32 0, i32 0, i32 4294967295, void @empty_0" [../src/sobel.cpp:118->../src/canny_top.cpp:25]   --->   Operation 332 'specpipeline' 'specpipeline_ln118' <Predicate = true> <Delay = 0.00>
ST_74 : Operation 333 [1/1] (0.00ns)   --->   "%speclooptripcount_ln118 = speclooptripcount void @_ssdm_op_SpecLoopTripCount, i64 510, i64 510, i64 510" [../src/sobel.cpp:118->../src/canny_top.cpp:25]   --->   Operation 333 'speclooptripcount' 'speclooptripcount_ln118' <Predicate = true> <Delay = 0.00>
ST_74 : Operation 334 [1/1] (0.00ns)   --->   "%specloopname_ln118 = specloopname void @_ssdm_op_SpecLoopName, void @empty_5" [../src/sobel.cpp:118->../src/canny_top.cpp:25]   --->   Operation 334 'specloopname' 'specloopname_ln118' <Predicate = true> <Delay = 0.00>
ST_74 : Operation 335 [1/1] (0.93ns)   --->   "%icmp_ln166 = icmp_sgt  i24 %tmp_13, i24 0" [../src/sobel.cpp:166->../src/canny_top.cpp:25]   --->   Operation 335 'icmp' 'icmp_ln166' <Predicate = true> <Delay = 0.93> <CoreInst = "Cmp">   --->   Core 9 'Cmp' <Latency = 0> <II = 1> <Delay = 0.93> <FuncUnit> <Opcode : 'seteq' 'setne' 'setle' 'setge' 'setlt' 'setgt'> <InPorts = 2> <OutPorts = 1>
ST_74 : Operation 336 [1/1] (0.39ns)   --->   "%select_ln171 = select i1 %icmp_ln166, i8 255, i8 %trunc_ln171" [../src/sobel.cpp:171->../src/canny_top.cpp:25]   --->   Operation 336 'select' 'select_ln171' <Predicate = true> <Delay = 0.39> <CoreInst = "Sel">   --->   Core 73 'Sel' <Latency = 0> <II = 1> <Delay = 0.39> <FuncUnit> <Opcode : 'select'> <InPorts = 3> <OutPorts = 1>
ST_74 : Operation 337 [1/1] (0.00ns)   --->   "%out_sobel_magnitude_addr = getelementptr i8 %out_sobel_magnitude, i64 0, i64 %zext_ln118" [../src/sobel.cpp:170->../src/canny_top.cpp:25]   --->   Operation 337 'getelementptr' 'out_sobel_magnitude_addr' <Predicate = true> <Delay = 0.00>
ST_74 : Operation 338 [1/1] ( I:1.23ns O:1.23ns )   --->   "%store_ln170 = store i8 %select_ln171, i9 %out_sobel_magnitude_addr" [../src/sobel.cpp:170->../src/canny_top.cpp:25]   --->   Operation 338 'store' 'store_ln170' <Predicate = true> <Delay = 1.23> <CoreInst = "RAM">   --->   Core 82 'RAM' <Latency = 1> <II = 1> <Delay = 1.23> <Storage> <Opcode : 'load' 'store'> <Ports = 2> <Width = 8> <Depth = 512> <RAM>
ST_74 : Operation 339 [1/1] (0.00ns)   --->   "%br_ln118 = br void %VITIS_LOOP_122_3.i" [../src/sobel.cpp:118->../src/canny_top.cpp:25]   --->   Operation 339 'br' 'br_ln118' <Predicate = true> <Delay = 0.00>


============================================================
+ Verbose Summary: Binding
============================================================
STG Binding: 
---------------- STG Properties BEGIN ----------------
- Is combinational: 0
- Is one-state seq: 0
- Is datapath-only: 0
- Is pipelined: 0
- Is top level: 0
Port [ Return ] is wired: 1; IO mode=ap_ctrl_hs:ce=0
Port [ result]:  wired=1; compound=0; hidden=0; nouse=0; global=0; static=0; extern=0; dir=0; type=0; pingpong=0; private_global=0; IO mode=ap_none:ce=0
Port [ writeSlot]:  wired=1; compound=0; hidden=0; nouse=0; global=0; static=0; extern=0; dir=0; type=0; pingpong=0; private_global=0; IO mode=ap_none:ce=0
Port [ result_7]:  wired=1; compound=0; hidden=0; nouse=0; global=0; static=0; extern=0; dir=0; type=0; pingpong=0; private_global=0; IO mode=ap_none:ce=0
Port [ out_sobel_magnitude]:  wired=1; compound=1; hidden=0; nouse=0; global=0; static=0; extern=0; dir=1; type=1; pingpong=1; private_global=0; MemPort=[03]; IO mode=ap_memory:ce=0
Port [ out_sobel_direction]:  wired=1; compound=1; hidden=0; nouse=0; global=0; static=0; extern=0; dir=1; type=1; pingpong=1; private_global=0; MemPort=[03]; IO mode=ap_memory:ce=0
Port [ p_anonymous_namespace_lineBuffer_16_0]:  wired=1; compound=1; hidden=0; nouse=0; global=1; static=1; extern=0; dir=0; type=1; pingpong=0; private_global=0; MemPort=[11]; IO mode=ap_memory:ce=0
Port [ p_anonymous_namespace_lineBuffer_16_1]:  wired=1; compound=1; hidden=0; nouse=0; global=1; static=1; extern=0; dir=0; type=1; pingpong=0; private_global=0; MemPort=[11]; IO mode=ap_memory:ce=0
---------------- STG Properties END ------------------

---------------- Datapath Model BEGIN ----------------

<LifeTime>
<method=bitvector/>
column_1                                     (alloca           ) [ 011000000000000000000000000000000000000000000000000000000000000000000000000]
result_7_read                                (read             ) [ 011110000000000000000000000000000000000000000000000000000000000000000000000]
writeSlot_read                               (read             ) [ 001100000000000000000000000000000000000000000000000000000000000000000000000]
result_read                                  (read             ) [ 001000000000000000000000000000000000000000000000000000000000000000000000000]
store_ln118                                  (store            ) [ 000000000000000000000000000000000000000000000000000000000000000000000000000]
br_ln0                                       (br               ) [ 000000000000000000000000000000000000000000000000000000000000000000000000000]
column                                       (load             ) [ 011111111000000000000000000000000000000000000000000000000000000000000000000]
icmp_ln118                                   (icmp             ) [ 011111111111111111111111111111111111111111111111111111111111111111111111000]
br_ln118                                     (br               ) [ 000000000000000000000000000000000000000000000000000000000000000000000000000]
trunc_ln118                                  (trunc            ) [ 011111000000000000000000000000000000000000000000000000000000000000000000000]
lshr_ln1                                     (partselect       ) [ 000000000000000000000000000000000000000000000000000000000000000000000000000]
tmp_5                                        (bitconcatenate   ) [ 000000000000000000000000000000000000000000000000000000000000000000000000000]
zext_ln143                                   (zext             ) [ 000000000000000000000000000000000000000000000000000000000000000000000000000]
p_anonymous_namespace_lineBuffer_16_0_addr   (getelementptr    ) [ 000100000000000000000000000000000000000000000000000000000000000000000000000]
tmp_7                                        (bitconcatenate   ) [ 000000000000000000000000000000000000000000000000000000000000000000000000000]
zext_ln143_1                                 (zext             ) [ 000000000000000000000000000000000000000000000000000000000000000000000000000]
p_anonymous_namespace_lineBuffer_16_0_addr_2 (getelementptr    ) [ 000100000000000000000000000000000000000000000000000000000000000000000000000]
p_anonymous_namespace_lineBuffer_16_1_addr   (getelementptr    ) [ 000100000000000000000000000000000000000000000000000000000000000000000000000]
p_anonymous_namespace_lineBuffer_16_1_addr_2 (getelementptr    ) [ 000100000000000000000000000000000000000000000000000000000000000000000000000]
add_ln140                                    (add              ) [ 000000000000000000000000000000000000000000000000000000000000000000000000000]
lshr_ln2                                     (partselect       ) [ 010110000000000000000000000000000000000000000000000000000000000000000000000]
tmp_9                                        (bitconcatenate   ) [ 000000000000000000000000000000000000000000000000000000000000000000000000000]
zext_ln143_2                                 (zext             ) [ 000000000000000000000000000000000000000000000000000000000000000000000000000]
p_anonymous_namespace_lineBuffer_16_0_addr_1 (getelementptr    ) [ 000100000000000000000000000000000000000000000000000000000000000000000000000]
p_anonymous_namespace_lineBuffer_16_1_addr_1 (getelementptr    ) [ 000100000000000000000000000000000000000000000000000000000000000000000000000]
add_ln140_1                                  (add              ) [ 000000000000000000000000000000000000000000000000000000000000000000000000000]
lshr_ln143_1                                 (partselect       ) [ 010110000000000000000000000000000000000000000000000000000000000000000000000]
tmp_2                                        (bitconcatenate   ) [ 000000000000000000000000000000000000000000000000000000000000000000000000000]
zext_ln143_6                                 (zext             ) [ 000000000000000000000000000000000000000000000000000000000000000000000000000]
p_anonymous_namespace_lineBuffer_16_0_addr_3 (getelementptr    ) [ 000100000000000000000000000000000000000000000000000000000000000000000000000]
p_anonymous_namespace_lineBuffer_16_1_addr_3 (getelementptr    ) [ 000100000000000000000000000000000000000000000000000000000000000000000000000]
store_ln118                                  (store            ) [ 000000000000000000000000000000000000000000000000000000000000000000000000000]
tmp_1                                        (bitconcatenate   ) [ 000000000000000000000000000000000000000000000000000000000000000000000000000]
zext_ln143_5                                 (zext             ) [ 000000000000000000000000000000000000000000000000000000000000000000000000000]
p_anonymous_namespace_lineBuffer_16_0_addr_6 (getelementptr    ) [ 010010000000000000000000000000000000000000000000000000000000000000000000000]
p_anonymous_namespace_lineBuffer_16_1_addr_6 (getelementptr    ) [ 010010000000000000000000000000000000000000000000000000000000000000000000000]
p_anonymous_namespace_lineBuffer_16_0_load   (load             ) [ 000000000000000000000000000000000000000000000000000000000000000000000000000]
p_anonymous_namespace_lineBuffer_16_1_load   (load             ) [ 000000000000000000000000000000000000000000000000000000000000000000000000000]
pixel                                        (select           ) [ 010010000000000000000000000000000000000000000000000000000000000000000000000]
p_anonymous_namespace_lineBuffer_16_0_load_1 (load             ) [ 000000000000000000000000000000000000000000000000000000000000000000000000000]
p_anonymous_namespace_lineBuffer_16_1_load_1 (load             ) [ 000000000000000000000000000000000000000000000000000000000000000000000000000]
select_ln143                                 (select           ) [ 000000000000000000000000000000000000000000000000000000000000000000000000000]
zext_ln140                                   (zext             ) [ 000000000000000000000000000000000000000000000000000000000000000000000000000]
tmp_4                                        (bitconcatenate   ) [ 000000000000000000000000000000000000000000000000000000000000000000000000000]
zext_ln143_8                                 (zext             ) [ 000000000000000000000000000000000000000000000000000000000000000000000000000]
p_anonymous_namespace_lineBuffer_16_0_addr_7 (getelementptr    ) [ 010010000000000000000000000000000000000000000000000000000000000000000000000]
p_anonymous_namespace_lineBuffer_16_1_addr_7 (getelementptr    ) [ 010010000000000000000000000000000000000000000000000000000000000000000000000]
p_anonymous_namespace_lineBuffer_16_0_load_2 (load             ) [ 000000000000000000000000000000000000000000000000000000000000000000000000000]
p_anonymous_namespace_lineBuffer_16_1_load_2 (load             ) [ 000000000000000000000000000000000000000000000000000000000000000000000000000]
pixel_1                                      (select           ) [ 010010000000000000000000000000000000000000000000000000000000000000000000000]
p_anonymous_namespace_lineBuffer_16_0_load_6 (load             ) [ 000000000000000000000000000000000000000000000000000000000000000000000000000]
p_anonymous_namespace_lineBuffer_16_1_load_6 (load             ) [ 000000000000000000000000000000000000000000000000000000000000000000000000000]
select_ln143_5                               (select           ) [ 000000000000000000000000000000000000000000000000000000000000000000000000000]
select_ln143_6_cast                          (zext             ) [ 000000000000000000000000000000000000000000000000000000000000000000000000000]
tmp3                                         (sub              ) [ 010010000000000000000000000000000000000000000000000000000000000000000000000]
tmp_s                                        (bitconcatenate   ) [ 000000000000000000000000000000000000000000000000000000000000000000000000000]
zext_ln143_3                                 (zext             ) [ 000000000000000000000000000000000000000000000000000000000000000000000000000]
p_anonymous_namespace_lineBuffer_16_0_addr_4 (getelementptr    ) [ 001001000000000000000000000000000000000000000000000000000000000000000000000]
p_anonymous_namespace_lineBuffer_16_1_addr_4 (getelementptr    ) [ 001001000000000000000000000000000000000000000000000000000000000000000000000]
zext_ln142                                   (zext             ) [ 000000000000000000000000000000000000000000000000000000000000000000000000000]
tmp_3                                        (bitconcatenate   ) [ 000000000000000000000000000000000000000000000000000000000000000000000000000]
zext_ln143_7                                 (zext             ) [ 000000000000000000000000000000000000000000000000000000000000000000000000000]
p_anonymous_namespace_lineBuffer_16_0_addr_5 (getelementptr    ) [ 001001000000000000000000000000000000000000000000000000000000000000000000000]
p_anonymous_namespace_lineBuffer_16_1_addr_5 (getelementptr    ) [ 001001000000000000000000000000000000000000000000000000000000000000000000000]
zext_ln142_1                                 (zext             ) [ 000000000000000000000000000000000000000000000000000000000000000000000000000]
p_anonymous_namespace_lineBuffer_16_0_load_5 (load             ) [ 000000000000000000000000000000000000000000000000000000000000000000000000000]
p_anonymous_namespace_lineBuffer_16_1_load_5 (load             ) [ 000000000000000000000000000000000000000000000000000000000000000000000000000]
pixel_2                                      (select           ) [ 001101100000000000000000000000000000000000000000000000000000000000000000000]
zext_ln142_2                                 (zext             ) [ 000000000000000000000000000000000000000000000000000000000000000000000000000]
sub_ln145                                    (sub              ) [ 001001000000000000000000000000000000000000000000000000000000000000000000000]
tmp_8                                        (bitconcatenate   ) [ 000000000000000000000000000000000000000000000000000000000000000000000000000]
sext_ln149                                   (sext             ) [ 000000000000000000000000000000000000000000000000000000000000000000000000000]
add_ln149                                    (add              ) [ 000000000000000000000000000000000000000000000000000000000000000000000000000]
zext_ln149                                   (zext             ) [ 000000000000000000000000000000000000000000000000000000000000000000000000000]
sub_ln149                                    (sub              ) [ 000000000000000000000000000000000000000000000000000000000000000000000000000]
p_anonymous_namespace_lineBuffer_16_0_load_7 (load             ) [ 000000000000000000000000000000000000000000000000000000000000000000000000000]
p_anonymous_namespace_lineBuffer_16_1_load_7 (load             ) [ 000000000000000000000000000000000000000000000000000000000000000000000000000]
pixel_3                                      (select           ) [ 001101100000000000000000000000000000000000000000000000000000000000000000000]
zext_ln142_3                                 (zext             ) [ 000000000000000000000000000000000000000000000000000000000000000000000000000]
add_ln149_1                                  (add              ) [ 000000000000000000000000000000000000000000000000000000000000000000000000000]
sext_ln149_3                                 (sext             ) [ 000000000000000000000000000000000000000000000000000000000000000000000000000]
add_ln149_2                                  (add              ) [ 001001000000000000000000000000000000000000000000000000000000000000000000000]
gradientY                                    (add              ) [ 011101111000000000000000000000000000000000000000000000000000000000000000000]
p_anonymous_namespace_lineBuffer_16_0_load_3 (load             ) [ 000000000000000000000000000000000000000000000000000000000000000000000000000]
p_anonymous_namespace_lineBuffer_16_1_load_3 (load             ) [ 000000000000000000000000000000000000000000000000000000000000000000000000000]
select_ln143_2                               (select           ) [ 000000000000000000000000000000000000000000000000000000000000000000000000000]
zext_ln143_4                                 (zext             ) [ 000000000000000000000000000000000000000000000000000000000000000000000000000]
p_anonymous_namespace_lineBuffer_16_0_load_4 (load             ) [ 000000000000000000000000000000000000000000000000000000000000000000000000000]
p_anonymous_namespace_lineBuffer_16_1_load_4 (load             ) [ 000000000000000000000000000000000000000000000000000000000000000000000000000]
select_ln143_3                               (select           ) [ 000000000000000000000000000000000000000000000000000000000000000000000000000]
zext_ln25                                    (zext             ) [ 000000000000000000000000000000000000000000000000000000000000000000000000000]
sub_ln145_cast1                              (sext             ) [ 000000000000000000000000000000000000000000000000000000000000000000000000000]
tmp                                          (sub              ) [ 000000000000000000000000000000000000000000000000000000000000000000000000000]
tmp_6                                        (bitconcatenate   ) [ 000000000000000000000000000000000000000000000000000000000000000000000000000]
sext_ln119                                   (sext             ) [ 000000000000000000000000000000000000000000000000000000000000000000000000000]
add_ln145                                    (add              ) [ 000100100000000000000000000000000000000000000000000000000000000000000000000]
sext_ln120                                   (sext             ) [ 000000000000000000000000000000000000000000000000000000000000000000000000000]
sext_ln120_1                                 (sext             ) [ 010100110000000000000000000000000000000000000000000000000000000000000000000]
tmp_15                                       (bitselect        ) [ 000000000000000000000000000000000000000000000000000000000000000000000000000]
sub_ln31_1                                   (sub              ) [ 000000000000000000000000000000000000000000000000000000000000000000000000000]
absoluteY                                    (select           ) [ 000100100000000000000000000000000000000000000000000000000000000000000000000]
zext_ln39                                    (zext             ) [ 000000000000000000000000000000000000000000000000000000000000000000000000000]
mul_ln45                                     (mul              ) [ 010100110000000000000000000000000000000000000000000000000000000000000000000]
zext_ln142_4                                 (zext             ) [ 000000000000000000000000000000000000000000000000000000000000000000000000000]
zext_ln142_5                                 (zext             ) [ 000000000000000000000000000000000000000000000000000000000000000000000000000]
gradientX_2                                  (sub              ) [ 000000000000000000000000000000000000000000000000000000000000000000000000000]
gradientX                                    (add              ) [ 011000011000000000000000000000000000000000000000000000000000000000000000000]
sext_ln149_1                                 (sext             ) [ 000000000000000000000000000000000000000000000000000000000000000000000000000]
trunc_ln149                                  (trunc            ) [ 000000000000000000000000000000000000000000000000000000000000000000000000000]
sext_ln149_2                                 (sext             ) [ 000000000000000000000000000000000000000000000000000000000000000000000000000]
mul_ln156                                    (mul              ) [ 011000011000000000000000000000000000000000000000000000000000000000000000000]
tmp_14                                       (bitselect        ) [ 000000000000000000000000000000000000000000000000000000000000000000000000000]
sub_ln31                                     (sub              ) [ 000000000000000000000000000000000000000000000000000000000000000000000000000]
absoluteX                                    (select           ) [ 010000010000000000000000000000000000000000000000000000000000000000000000000]
or_ln41                                      (or               ) [ 000000000000000000000000000000000000000000000000000000000000000000000000000]
icmp_ln41                                    (icmp             ) [ 011000011000000000000000000000000000000000000000000000000000000000000000000]
mul_ln156_1                                  (mul              ) [ 001000001000000000000000000000000000000000000000000000000000000000000000000]
zext_ln38                                    (zext             ) [ 000000000000000000000000000000000000000000000000000000000000000000000000000]
zext_ln38_1                                  (zext             ) [ 000000000000000000000000000000000000000000000000000000000000000000000000000]
zext_ln45                                    (zext             ) [ 000000000000000000000000000000000000000000000000000000000000000000000000000]
zext_ln45_1                                  (zext             ) [ 000000000000000000000000000000000000000000000000000000000000000000000000000]
mul_ln45_1                                   (mul              ) [ 000000000000000000000000000000000000000000000000000000000000000000000000000]
zext_ln45_2                                  (zext             ) [ 000000000000000000000000000000000000000000000000000000000000000000000000000]
icmp_ln45                                    (icmp             ) [ 001000001000000000000000000000000000000000000000000000000000000000000000000]
mul_ln49                                     (mul              ) [ 000000000000000000000000000000000000000000000000000000000000000000000000000]
zext_ln49                                    (zext             ) [ 000000000000000000000000000000000000000000000000000000000000000000000000000]
icmp_ln49                                    (icmp             ) [ 001000001000000000000000000000000000000000000000000000000000000000000000000]
zext_ln118                                   (zext             ) [ 011100000111111111111111111111111111111111111111111111111111111111111111111]
squaredMagnitude                             (add              ) [ 000100000100000000000000000000000000000000000000000000000000000000000000000]
or_ln54                                      (or               ) [ 000000000000000000000000000000000000000000000000000000000000000000000000000]
sext_ln55                                    (sext             ) [ 000000000000000000000000000000000000000000000000000000000000000000000000000]
and_ln55                                     (and              ) [ 000000000000000000000000000000000000000000000000000000000000000000000000000]
sext_ln45                                    (sext             ) [ 000000000000000000000000000000000000000000000000000000000000000000000000000]
xor_ln45                                     (xor              ) [ 000000000000000000000000000000000000000000000000000000000000000000000000000]
or_ln45                                      (or               ) [ 000000000000000000000000000000000000000000000000000000000000000000000000000]
xor_ln41                                     (xor              ) [ 000000000000000000000000000000000000000000000000000000000000000000000000000]
and_ln45                                     (and              ) [ 000000000000000000000000000000000000000000000000000000000000000000000000000]
xor_ln49                                     (xor              ) [ 000000000000000000000000000000000000000000000000000000000000000000000000000]
and_ln49                                     (and              ) [ 000000000000000000000000000000000000000000000000000000000000000000000000000]
tmp_16                                       (bitselect        ) [ 000000000000000000000000000000000000000000000000000000000000000000000000000]
tmp_17                                       (bitselect        ) [ 000000000000000000000000000000000000000000000000000000000000000000000000000]
xor_ln55                                     (xor              ) [ 000000000000000000000000000000000000000000000000000000000000000000000000000]
and_ln55_1                                   (and              ) [ 000000000000000000000000000000000000000000000000000000000000000000000000000]
and_ln55_2                                   (and              ) [ 000000000000000000000000000000000000000000000000000000000000000000000000000]
and_ln55_3                                   (and              ) [ 000000000000000000000000000000000000000000000000000000000000000000000000000]
sel_tmp                                      (bitconcatenate   ) [ 000000000000000000000000000000000000000000000000000000000000000000000000000]
retval_0_i_i                                 (sparsemux        ) [ 000000000000000000000000000000000000000000000000000000000000000000000000000]
out_sobel_direction_addr                     (getelementptr    ) [ 000000000000000000000000000000000000000000000000000000000000000000000000000]
store_ln173                                  (store            ) [ 000000000000000000000000000000000000000000000000000000000000000000000000000]
sext_ln162                                   (sext             ) [ 011100000011111000000000000000000000000000000000000000000000000000000000000]
conv59_i                                     (sitodp           ) [ 011100000000000111111111111111111111111111111111111111111111111111111111000]
dc                                           (dsqrt            ) [ 000100000000000000000000000000000000000000000000000000000000000000000000100]
data                                         (bitcast          ) [ 000000000000000000000000000000000000000000000000000000000000000000000000000]
xs_sign                                      (bitselect        ) [ 010000000000000000000000000000000000000000000000000000000000000000000000010]
xs_exp                                       (partselect       ) [ 000000000000000000000000000000000000000000000000000000000000000000000000000]
trunc_ln505                                  (trunc            ) [ 000000000000000000000000000000000000000000000000000000000000000000000000000]
mantissa                                     (bitconcatenate   ) [ 000000000000000000000000000000000000000000000000000000000000000000000000000]
zext_ln15                                    (zext             ) [ 010000000000000000000000000000000000000000000000000000000000000000000000010]
zext_ln486                                   (zext             ) [ 000000000000000000000000000000000000000000000000000000000000000000000000000]
add_ln486                                    (add              ) [ 000000000000000000000000000000000000000000000000000000000000000000000000000]
tmp_11                                       (bitselect        ) [ 010000000000000000000000000000000000000000000000000000000000000000000000010]
sub_ln18                                     (sub              ) [ 000000000000000000000000000000000000000000000000000000000000000000000000000]
sext_ln18                                    (sext             ) [ 000000000000000000000000000000000000000000000000000000000000000000000000000]
select_ln18                                  (select           ) [ 000000000000000000000000000000000000000000000000000000000000000000000000000]
sext_ln18_1                                  (sext             ) [ 000000000000000000000000000000000000000000000000000000000000000000000000000]
zext_ln18                                    (zext             ) [ 010000000000000000000000000000000000000000000000000000000000000000000000010]
lshr_ln18                                    (lshr             ) [ 000000000000000000000000000000000000000000000000000000000000000000000000000]
tmp_10                                       (partselect       ) [ 010000000000000000000000000000000000000000000000000000000000000000000000010]
shl_ln18                                     (shl              ) [ 000000000000000000000000000000000000000000000000000000000000000000000000000]
tmp_12                                       (partselect       ) [ 000000000000000000000000000000000000000000000000000000000000000000000000000]
val                                          (select           ) [ 000000000000000000000000000000000000000000000000000000000000000000000000000]
result_2                                     (sub              ) [ 000000000000000000000000000000000000000000000000000000000000000000000000000]
result_4                                     (select           ) [ 000000000000000000000000000000000000000000000000000000000000000000000000000]
tmp_13                                       (partselect       ) [ 001000000000000000000000000000000000000000000000000000000000000000000000001]
trunc_ln171                                  (trunc            ) [ 001000000000000000000000000000000000000000000000000000000000000000000000001]
specpipeline_ln118                           (specpipeline     ) [ 000000000000000000000000000000000000000000000000000000000000000000000000000]
speclooptripcount_ln118                      (speclooptripcount) [ 000000000000000000000000000000000000000000000000000000000000000000000000000]
specloopname_ln118                           (specloopname     ) [ 000000000000000000000000000000000000000000000000000000000000000000000000000]
icmp_ln166                                   (icmp             ) [ 000000000000000000000000000000000000000000000000000000000000000000000000000]
select_ln171                                 (select           ) [ 000000000000000000000000000000000000000000000000000000000000000000000000000]
out_sobel_magnitude_addr                     (getelementptr    ) [ 000000000000000000000000000000000000000000000000000000000000000000000000000]
store_ln170                                  (store            ) [ 000000000000000000000000000000000000000000000000000000000000000000000000000]
br_ln118                                     (br               ) [ 000000000000000000000000000000000000000000000000000000000000000000000000000]
ret_ln0                                      (ret              ) [ 000000000000000000000000000000000000000000000000000000000000000000000000000]
</LifeTime>

<model>

<comp_list>
<comp id="0" class="1000" name="result">
<pin_list>
<pin id="1" dir="1" index="0" bw="1" slack="0"/>
</pin_list>
<bind>
<StgValue><ssdm name="result"/></StgValue>
</bind>
</comp>

<comp id="2" class="1000" name="writeSlot">
<pin_list>
<pin id="3" dir="1" index="0" bw="1" slack="0"/>
</pin_list>
<bind>
<StgValue><ssdm name="writeSlot"/></StgValue>
</bind>
</comp>

<comp id="4" class="1000" name="result_7">
<pin_list>
<pin id="5" dir="1" index="0" bw="1" slack="0"/>
</pin_list>
<bind>
<StgValue><ssdm name="result_7"/></StgValue>
</bind>
</comp>

<comp id="6" class="1000" name="out_sobel_magnitude">
<pin_list>
<pin id="7" dir="1" index="0" bw="1" slack="0"/>
</pin_list>
<bind>
<StgValue><ssdm name="out_sobel_magnitude"/><MemPortTyVec>0 3 </MemPortTyVec>
</StgValue>
</bind>
</comp>

<comp id="8" class="1000" name="out_sobel_direction">
<pin_list>
<pin id="9" dir="1" index="0" bw="1" slack="0"/>
</pin_list>
<bind>
<StgValue><ssdm name="out_sobel_direction"/><MemPortTyVec>0 3 </MemPortTyVec>
</StgValue>
</bind>
</comp>

<comp id="10" class="1000" name="p_anonymous_namespace_lineBuffer_16_0">
<pin_list>
<pin id="11" dir="1" index="0" bw="1" slack="0"/>
</pin_list>
<bind>
<StgValue><ssdm name="p_anonymous_namespace_lineBuffer_16_0"/><MemPortTyVec>1 1 </MemPortTyVec>
</StgValue>
</bind>
</comp>

<comp id="12" class="1000" name="p_anonymous_namespace_lineBuffer_16_1">
<pin_list>
<pin id="13" dir="1" index="0" bw="1" slack="0"/>
</pin_list>
<bind>
<StgValue><ssdm name="p_anonymous_namespace_lineBuffer_16_1"/><MemPortTyVec>1 1 </MemPortTyVec>
</StgValue>
</bind>
</comp>

<comp id="14" class="1001" name="const_14">
<pin_list>
<pin id="15" dir="1" index="0" bw="1" slack="0"/>
</pin_list>
<bind>
<StgValue><ssdm name=""/></StgValue>
</bind>
</comp>

<comp id="16" class="1001" name="const_16">
<pin_list>
<pin id="17" dir="1" index="0" bw="1" slack="0"/>
</pin_list>
<bind>
<StgValue><ssdm name="_ssdm_op_Read.ap_auto.i2"/></StgValue>
</bind>
</comp>

<comp id="18" class="1001" name="const_18">
<pin_list>
<pin id="19" dir="1" index="0" bw="1" slack="0"/>
</pin_list>
<bind>
<StgValue><ssdm name=""/></StgValue>
</bind>
</comp>

<comp id="20" class="1001" name="const_20">
<pin_list>
<pin id="21" dir="1" index="0" bw="1" slack="0"/>
</pin_list>
<bind>
<StgValue><ssdm name=""/></StgValue>
</bind>
</comp>

<comp id="22" class="1001" name="const_22">
<pin_list>
<pin id="23" dir="1" index="0" bw="1" slack="0"/>
</pin_list>
<bind>
<StgValue><ssdm name="_ssdm_op_PartSelect.i8.i9.i32.i32"/></StgValue>
</bind>
</comp>

<comp id="24" class="1001" name="const_24">
<pin_list>
<pin id="25" dir="1" index="0" bw="1" slack="0"/>
</pin_list>
<bind>
<StgValue><ssdm name=""/></StgValue>
</bind>
</comp>

<comp id="26" class="1001" name="const_26">
<pin_list>
<pin id="27" dir="1" index="0" bw="1" slack="0"/>
</pin_list>
<bind>
<StgValue><ssdm name="_ssdm_op_BitConcatenate.i10.i2.i8"/></StgValue>
</bind>
</comp>

<comp id="28" class="1001" name="const_28">
<pin_list>
<pin id="29" dir="1" index="0" bw="1" slack="0"/>
</pin_list>
<bind>
<StgValue><ssdm name=""/></StgValue>
</bind>
</comp>

<comp id="30" class="1001" name="const_30">
<pin_list>
<pin id="31" dir="1" index="0" bw="1" slack="0"/>
</pin_list>
<bind>
<StgValue><ssdm name="_ssdm_op_BitConcatenate.i10.i9.i1"/></StgValue>
</bind>
</comp>

<comp id="32" class="1001" name="const_32">
<pin_list>
<pin id="33" dir="1" index="0" bw="1" slack="0"/>
</pin_list>
<bind>
<StgValue><ssdm name=""/></StgValue>
</bind>
</comp>

<comp id="34" class="1001" name="const_34">
<pin_list>
<pin id="35" dir="1" index="0" bw="1" slack="0"/>
</pin_list>
<bind>
<StgValue><ssdm name="_ssdm_op_BitSelect.i1.i32.i32"/></StgValue>
</bind>
</comp>

<comp id="36" class="1001" name="const_36">
<pin_list>
<pin id="37" dir="1" index="0" bw="1" slack="0"/>
</pin_list>
<bind>
<StgValue><ssdm name=""/></StgValue>
</bind>
</comp>

<comp id="38" class="1001" name="const_38">
<pin_list>
<pin id="39" dir="1" index="0" bw="1" slack="0"/>
</pin_list>
<bind>
<StgValue><ssdm name=""/></StgValue>
</bind>
</comp>

<comp id="40" class="1001" name="const_40">
<pin_list>
<pin id="41" dir="1" index="0" bw="1" slack="0"/>
</pin_list>
<bind>
<StgValue><ssdm name=""/></StgValue>
</bind>
</comp>

<comp id="42" class="1001" name="const_42">
<pin_list>
<pin id="43" dir="1" index="0" bw="1" slack="0"/>
</pin_list>
<bind>
<StgValue><ssdm name=""/></StgValue>
</bind>
</comp>

<comp id="44" class="1001" name="const_44">
<pin_list>
<pin id="45" dir="1" index="0" bw="1" slack="0"/>
</pin_list>
<bind>
<StgValue><ssdm name=""/></StgValue>
</bind>
</comp>

<comp id="46" class="1001" name="const_46">
<pin_list>
<pin id="47" dir="1" index="0" bw="1" slack="0"/>
</pin_list>
<bind>
<StgValue><ssdm name=""/></StgValue>
</bind>
</comp>

<comp id="48" class="1001" name="const_48">
<pin_list>
<pin id="49" dir="1" index="0" bw="1" slack="0"/>
</pin_list>
<bind>
<StgValue><ssdm name="_ssdm_op_BitConcatenate.i3.i1.i1.i1"/></StgValue>
</bind>
</comp>

<comp id="50" class="1001" name="const_50">
<pin_list>
<pin id="51" dir="1" index="0" bw="1" slack="0"/>
</pin_list>
<bind>
<StgValue><ssdm name="_ssdm_op_SparseMux.ap_auto.4i2.i2.i3"/></StgValue>
</bind>
</comp>

<comp id="52" class="1001" name="const_52">
<pin_list>
<pin id="53" dir="1" index="0" bw="1" slack="0"/>
</pin_list>
<bind>
<StgValue><ssdm name=""/></StgValue>
</bind>
</comp>

<comp id="54" class="1001" name="const_54">
<pin_list>
<pin id="55" dir="1" index="0" bw="1" slack="0"/>
</pin_list>
<bind>
<StgValue><ssdm name=""/></StgValue>
</bind>
</comp>

<comp id="56" class="1001" name="const_56">
<pin_list>
<pin id="57" dir="1" index="0" bw="1" slack="0"/>
</pin_list>
<bind>
<StgValue><ssdm name=""/></StgValue>
</bind>
</comp>

<comp id="58" class="1001" name="const_58">
<pin_list>
<pin id="59" dir="1" index="0" bw="1" slack="0"/>
</pin_list>
<bind>
<StgValue><ssdm name=""/></StgValue>
</bind>
</comp>

<comp id="60" class="1001" name="const_60">
<pin_list>
<pin id="61" dir="1" index="0" bw="1" slack="0"/>
</pin_list>
<bind>
<StgValue><ssdm name=""/></StgValue>
</bind>
</comp>

<comp id="62" class="1001" name="const_62">
<pin_list>
<pin id="63" dir="1" index="0" bw="1" slack="0"/>
</pin_list>
<bind>
<StgValue><ssdm name=""/></StgValue>
</bind>
</comp>

<comp id="64" class="1001" name="const_64">
<pin_list>
<pin id="65" dir="1" index="0" bw="1" slack="0"/>
</pin_list>
<bind>
<StgValue><ssdm name=""/></StgValue>
</bind>
</comp>

<comp id="66" class="1001" name="const_66">
<pin_list>
<pin id="67" dir="1" index="0" bw="1" slack="0"/>
</pin_list>
<bind>
<StgValue><ssdm name=""/></StgValue>
</bind>
</comp>

<comp id="68" class="1001" name="const_68">
<pin_list>
<pin id="69" dir="1" index="0" bw="1" slack="0"/>
</pin_list>
<bind>
<StgValue><ssdm name=""/></StgValue>
</bind>
</comp>

<comp id="70" class="1001" name="const_70">
<pin_list>
<pin id="71" dir="1" index="0" bw="1" slack="0"/>
</pin_list>
<bind>
<StgValue><ssdm name="llvm.sqrt.f64"/></StgValue>
</bind>
</comp>

<comp id="72" class="1001" name="const_72">
<pin_list>
<pin id="73" dir="1" index="0" bw="1" slack="0"/>
</pin_list>
<bind>
<StgValue><ssdm name="_ssdm_op_BitSelect.i1.i64.i32"/></StgValue>
</bind>
</comp>

<comp id="74" class="1001" name="const_74">
<pin_list>
<pin id="75" dir="1" index="0" bw="1" slack="0"/>
</pin_list>
<bind>
<StgValue><ssdm name=""/></StgValue>
</bind>
</comp>

<comp id="76" class="1001" name="const_76">
<pin_list>
<pin id="77" dir="1" index="0" bw="1" slack="0"/>
</pin_list>
<bind>
<StgValue><ssdm name="_ssdm_op_PartSelect.i11.i64.i32"/></StgValue>
</bind>
</comp>

<comp id="78" class="1001" name="const_78">
<pin_list>
<pin id="79" dir="1" index="0" bw="1" slack="0"/>
</pin_list>
<bind>
<StgValue><ssdm name=""/></StgValue>
</bind>
</comp>

<comp id="80" class="1001" name="const_80">
<pin_list>
<pin id="81" dir="1" index="0" bw="1" slack="0"/>
</pin_list>
<bind>
<StgValue><ssdm name="_ssdm_op_BitConcatenate.i54.i1.i52.i1"/></StgValue>
</bind>
</comp>

<comp id="82" class="1001" name="const_82">
<pin_list>
<pin id="83" dir="1" index="0" bw="1" slack="0"/>
</pin_list>
<bind>
<StgValue><ssdm name=""/></StgValue>
</bind>
</comp>

<comp id="84" class="1001" name="const_84">
<pin_list>
<pin id="85" dir="1" index="0" bw="1" slack="0"/>
</pin_list>
<bind>
<StgValue><ssdm name="_ssdm_op_BitSelect.i1.i12.i32"/></StgValue>
</bind>
</comp>

<comp id="86" class="1001" name="const_86">
<pin_list>
<pin id="87" dir="1" index="0" bw="1" slack="0"/>
</pin_list>
<bind>
<StgValue><ssdm name=""/></StgValue>
</bind>
</comp>

<comp id="88" class="1001" name="const_88">
<pin_list>
<pin id="89" dir="1" index="0" bw="1" slack="0"/>
</pin_list>
<bind>
<StgValue><ssdm name=""/></StgValue>
</bind>
</comp>

<comp id="90" class="1001" name="const_90">
<pin_list>
<pin id="91" dir="1" index="0" bw="1" slack="0"/>
</pin_list>
<bind>
<StgValue><ssdm name="_ssdm_op_PartSelect.i32.i137.i32.i32"/></StgValue>
</bind>
</comp>

<comp id="92" class="1001" name="const_92">
<pin_list>
<pin id="93" dir="1" index="0" bw="1" slack="0"/>
</pin_list>
<bind>
<StgValue><ssdm name=""/></StgValue>
</bind>
</comp>

<comp id="94" class="1001" name="const_94">
<pin_list>
<pin id="95" dir="1" index="0" bw="1" slack="0"/>
</pin_list>
<bind>
<StgValue><ssdm name=""/></StgValue>
</bind>
</comp>

<comp id="96" class="1001" name="const_96">
<pin_list>
<pin id="97" dir="1" index="0" bw="1" slack="0"/>
</pin_list>
<bind>
<StgValue><ssdm name=""/></StgValue>
</bind>
</comp>

<comp id="98" class="1001" name="const_98">
<pin_list>
<pin id="99" dir="1" index="0" bw="1" slack="0"/>
</pin_list>
<bind>
<StgValue><ssdm name="_ssdm_op_PartSelect.i24.i32.i32.i32"/></StgValue>
</bind>
</comp>

<comp id="100" class="1001" name="const_100">
<pin_list>
<pin id="101" dir="1" index="0" bw="1" slack="2147483647"/>
</pin_list>
<bind>
<StgValue><ssdm name="_ssdm_op_SpecPipeline"/></StgValue>
</bind>
</comp>

<comp id="102" class="1001" name="const_102">
<pin_list>
<pin id="103" dir="1" index="0" bw="1" slack="2147483647"/>
</pin_list>
<bind>
<StgValue><ssdm name=""/></StgValue>
</bind>
</comp>

<comp id="104" class="1001" name="const_104">
<pin_list>
<pin id="105" dir="1" index="0" bw="1" slack="2147483647"/>
</pin_list>
<bind>
<StgValue><ssdm name="empty_0"/></StgValue>
</bind>
</comp>

<comp id="106" class="1001" name="const_106">
<pin_list>
<pin id="107" dir="1" index="0" bw="1" slack="2147483647"/>
</pin_list>
<bind>
<StgValue><ssdm name="_ssdm_op_SpecLoopTripCount"/></StgValue>
</bind>
</comp>

<comp id="108" class="1001" name="const_108">
<pin_list>
<pin id="109" dir="1" index="0" bw="1" slack="2147483647"/>
</pin_list>
<bind>
<StgValue><ssdm name=""/></StgValue>
</bind>
</comp>

<comp id="110" class="1001" name="const_110">
<pin_list>
<pin id="111" dir="1" index="0" bw="1" slack="2147483647"/>
</pin_list>
<bind>
<StgValue><ssdm name="_ssdm_op_SpecLoopName"/></StgValue>
</bind>
</comp>

<comp id="112" class="1001" name="const_112">
<pin_list>
<pin id="113" dir="1" index="0" bw="1" slack="2147483647"/>
</pin_list>
<bind>
<StgValue><ssdm name="empty_5"/></StgValue>
</bind>
</comp>

<comp id="114" class="1001" name="const_114">
<pin_list>
<pin id="115" dir="1" index="0" bw="1" slack="0"/>
</pin_list>
<bind>
<StgValue><ssdm name=""/></StgValue>
</bind>
</comp>

<comp id="116" class="1001" name="const_116">
<pin_list>
<pin id="117" dir="1" index="0" bw="1" slack="0"/>
</pin_list>
<bind>
<StgValue><ssdm name=""/></StgValue>
</bind>
</comp>

<comp id="118" class="1004" name="column_1_fu_118">
<pin_list>
<pin id="119" dir="0" index="0" bw="1" slack="0"/>
<pin id="120" dir="1" index="1" bw="9" slack="0"/>
</pin_list>
<bind>
<opcode="alloca(26) " fcode="alloca"/>
<opset="column_1/1 "/>
</bind>
</comp>

<comp id="122" class="1004" name="result_7_read_read_fu_122">
<pin_list>
<pin id="123" dir="0" index="0" bw="2" slack="0"/>
<pin id="124" dir="0" index="1" bw="2" slack="0"/>
<pin id="125" dir="1" index="2" bw="2" slack="3"/>
</pin_list>
<bind>
<opcode="read(1150) " fcode="read"/>
<opset="result_7_read/1 "/>
</bind>
</comp>

<comp id="128" class="1004" name="writeSlot_read_read_fu_128">
<pin_list>
<pin id="129" dir="0" index="0" bw="2" slack="0"/>
<pin id="130" dir="0" index="1" bw="2" slack="0"/>
<pin id="131" dir="1" index="2" bw="2" slack="1"/>
</pin_list>
<bind>
<opcode="read(1150) " fcode="read"/>
<opset="writeSlot_read/1 "/>
</bind>
</comp>

<comp id="134" class="1004" name="result_read_read_fu_134">
<pin_list>
<pin id="135" dir="0" index="0" bw="2" slack="0"/>
<pin id="136" dir="0" index="1" bw="2" slack="0"/>
<pin id="137" dir="1" index="2" bw="2" slack="1"/>
</pin_list>
<bind>
<opcode="read(1150) " fcode="read"/>
<opset="result_read/1 "/>
</bind>
</comp>

<comp id="140" class="1004" name="p_anonymous_namespace_lineBuffer_16_0_addr_gep_fu_140">
<pin_list>
<pin id="141" dir="0" index="0" bw="8" slack="0"/>
<pin id="142" dir="0" index="1" bw="1" slack="0"/>
<pin id="143" dir="0" index="2" bw="10" slack="0"/>
<pin id="144" dir="1" index="3" bw="10" slack="0"/>
</pin_list>
<bind>
<opcode="getelementptr(29) " fcode="getelementptr"/>
<opset="p_anonymous_namespace_lineBuffer_16_0_addr/2 "/>
</bind>
</comp>

<comp id="147" class="1004" name="p_anonymous_namespace_lineBuffer_16_0_addr_2_gep_fu_147">
<pin_list>
<pin id="148" dir="0" index="0" bw="8" slack="0"/>
<pin id="149" dir="0" index="1" bw="1" slack="0"/>
<pin id="150" dir="0" index="2" bw="10" slack="0"/>
<pin id="151" dir="1" index="3" bw="10" slack="0"/>
</pin_list>
<bind>
<opcode="getelementptr(29) " fcode="getelementptr"/>
<opset="p_anonymous_namespace_lineBuffer_16_0_addr_2/2 "/>
</bind>
</comp>

<comp id="154" class="1004" name="p_anonymous_namespace_lineBuffer_16_1_addr_gep_fu_154">
<pin_list>
<pin id="155" dir="0" index="0" bw="8" slack="0"/>
<pin id="156" dir="0" index="1" bw="1" slack="0"/>
<pin id="157" dir="0" index="2" bw="10" slack="0"/>
<pin id="158" dir="1" index="3" bw="10" slack="0"/>
</pin_list>
<bind>
<opcode="getelementptr(29) " fcode="getelementptr"/>
<opset="p_anonymous_namespace_lineBuffer_16_1_addr/2 "/>
</bind>
</comp>

<comp id="161" class="1004" name="p_anonymous_namespace_lineBuffer_16_1_addr_2_gep_fu_161">
<pin_list>
<pin id="162" dir="0" index="0" bw="8" slack="0"/>
<pin id="163" dir="0" index="1" bw="1" slack="0"/>
<pin id="164" dir="0" index="2" bw="10" slack="0"/>
<pin id="165" dir="1" index="3" bw="10" slack="0"/>
</pin_list>
<bind>
<opcode="getelementptr(29) " fcode="getelementptr"/>
<opset="p_anonymous_namespace_lineBuffer_16_1_addr_2/2 "/>
</bind>
</comp>

<comp id="168" class="1004" name="p_anonymous_namespace_lineBuffer_16_0_addr_1_gep_fu_168">
<pin_list>
<pin id="169" dir="0" index="0" bw="8" slack="0"/>
<pin id="170" dir="0" index="1" bw="1" slack="0"/>
<pin id="171" dir="0" index="2" bw="10" slack="0"/>
<pin id="172" dir="1" index="3" bw="10" slack="0"/>
</pin_list>
<bind>
<opcode="getelementptr(29) " fcode="getelementptr"/>
<opset="p_anonymous_namespace_lineBuffer_16_0_addr_1/2 "/>
</bind>
</comp>

<comp id="175" class="1004" name="p_anonymous_namespace_lineBuffer_16_1_addr_1_gep_fu_175">
<pin_list>
<pin id="176" dir="0" index="0" bw="8" slack="0"/>
<pin id="177" dir="0" index="1" bw="1" slack="0"/>
<pin id="178" dir="0" index="2" bw="10" slack="0"/>
<pin id="179" dir="1" index="3" bw="10" slack="0"/>
</pin_list>
<bind>
<opcode="getelementptr(29) " fcode="getelementptr"/>
<opset="p_anonymous_namespace_lineBuffer_16_1_addr_1/2 "/>
</bind>
</comp>

<comp id="182" class="1004" name="grp_access_fu_182">
<pin_list>
<pin id="183" dir="0" index="0" bw="10" slack="0"/>
<pin id="184" dir="0" index="1" bw="8" slack="2147483647"/>
<pin id="185" dir="0" index="2" bw="0" slack="0"/>
<pin id="187" dir="0" index="4" bw="10" slack="2147483647"/>
<pin id="188" dir="0" index="5" bw="8" slack="2147483647"/>
<pin id="189" dir="0" index="6" bw="0" slack="2147483647"/>
<pin id="186" dir="1" index="3" bw="8" slack="0"/>
<pin id="190" dir="1" index="7" bw="8" slack="0"/>
</pin_list>
<bind>
<opcode="load(27) " fcode="load"/>
<opset="p_anonymous_namespace_lineBuffer_16_0_load/2 p_anonymous_namespace_lineBuffer_16_0_load_1/2 p_anonymous_namespace_lineBuffer_16_0_load_2/2 p_anonymous_namespace_lineBuffer_16_0_load_6/2 p_anonymous_namespace_lineBuffer_16_0_load_5/3 p_anonymous_namespace_lineBuffer_16_0_load_7/3 p_anonymous_namespace_lineBuffer_16_0_load_3/4 p_anonymous_namespace_lineBuffer_16_0_load_4/4 "/>
</bind>
</comp>

<comp id="192" class="1004" name="grp_access_fu_192">
<pin_list>
<pin id="193" dir="0" index="0" bw="10" slack="0"/>
<pin id="194" dir="0" index="1" bw="8" slack="2147483647"/>
<pin id="195" dir="0" index="2" bw="0" slack="0"/>
<pin id="197" dir="0" index="4" bw="10" slack="2147483647"/>
<pin id="198" dir="0" index="5" bw="8" slack="2147483647"/>
<pin id="199" dir="0" index="6" bw="0" slack="2147483647"/>
<pin id="196" dir="1" index="3" bw="8" slack="0"/>
<pin id="200" dir="1" index="7" bw="8" slack="0"/>
</pin_list>
<bind>
<opcode="load(27) " fcode="load"/>
<opset="p_anonymous_namespace_lineBuffer_16_1_load/2 p_anonymous_namespace_lineBuffer_16_1_load_1/2 p_anonymous_namespace_lineBuffer_16_1_load_2/2 p_anonymous_namespace_lineBuffer_16_1_load_6/2 p_anonymous_namespace_lineBuffer_16_1_load_5/3 p_anonymous_namespace_lineBuffer_16_1_load_7/3 p_anonymous_namespace_lineBuffer_16_1_load_3/4 p_anonymous_namespace_lineBuffer_16_1_load_4/4 "/>
</bind>
</comp>

<comp id="204" class="1004" name="p_anonymous_namespace_lineBuffer_16_0_addr_3_gep_fu_204">
<pin_list>
<pin id="205" dir="0" index="0" bw="8" slack="0"/>
<pin id="206" dir="0" index="1" bw="1" slack="0"/>
<pin id="207" dir="0" index="2" bw="10" slack="0"/>
<pin id="208" dir="1" index="3" bw="10" slack="0"/>
</pin_list>
<bind>
<opcode="getelementptr(29) " fcode="getelementptr"/>
<opset="p_anonymous_namespace_lineBuffer_16_0_addr_3/2 "/>
</bind>
</comp>

<comp id="211" class="1004" name="p_anonymous_namespace_lineBuffer_16_1_addr_3_gep_fu_211">
<pin_list>
<pin id="212" dir="0" index="0" bw="8" slack="0"/>
<pin id="213" dir="0" index="1" bw="1" slack="0"/>
<pin id="214" dir="0" index="2" bw="10" slack="0"/>
<pin id="215" dir="1" index="3" bw="10" slack="0"/>
</pin_list>
<bind>
<opcode="getelementptr(29) " fcode="getelementptr"/>
<opset="p_anonymous_namespace_lineBuffer_16_1_addr_3/2 "/>
</bind>
</comp>

<comp id="222" class="1004" name="p_anonymous_namespace_lineBuffer_16_0_addr_6_gep_fu_222">
<pin_list>
<pin id="223" dir="0" index="0" bw="8" slack="0"/>
<pin id="224" dir="0" index="1" bw="1" slack="0"/>
<pin id="225" dir="0" index="2" bw="10" slack="0"/>
<pin id="226" dir="1" index="3" bw="10" slack="0"/>
</pin_list>
<bind>
<opcode="getelementptr(29) " fcode="getelementptr"/>
<opset="p_anonymous_namespace_lineBuffer_16_0_addr_6/3 "/>
</bind>
</comp>

<comp id="229" class="1004" name="p_anonymous_namespace_lineBuffer_16_1_addr_6_gep_fu_229">
<pin_list>
<pin id="230" dir="0" index="0" bw="8" slack="0"/>
<pin id="231" dir="0" index="1" bw="1" slack="0"/>
<pin id="232" dir="0" index="2" bw="10" slack="0"/>
<pin id="233" dir="1" index="3" bw="10" slack="0"/>
</pin_list>
<bind>
<opcode="getelementptr(29) " fcode="getelementptr"/>
<opset="p_anonymous_namespace_lineBuffer_16_1_addr_6/3 "/>
</bind>
</comp>

<comp id="236" class="1004" name="p_anonymous_namespace_lineBuffer_16_0_addr_7_gep_fu_236">
<pin_list>
<pin id="237" dir="0" index="0" bw="8" slack="0"/>
<pin id="238" dir="0" index="1" bw="1" slack="0"/>
<pin id="239" dir="0" index="2" bw="10" slack="0"/>
<pin id="240" dir="1" index="3" bw="10" slack="0"/>
</pin_list>
<bind>
<opcode="getelementptr(29) " fcode="getelementptr"/>
<opset="p_anonymous_namespace_lineBuffer_16_0_addr_7/3 "/>
</bind>
</comp>

<comp id="243" class="1004" name="p_anonymous_namespace_lineBuffer_16_1_addr_7_gep_fu_243">
<pin_list>
<pin id="244" dir="0" index="0" bw="8" slack="0"/>
<pin id="245" dir="0" index="1" bw="1" slack="0"/>
<pin id="246" dir="0" index="2" bw="10" slack="0"/>
<pin id="247" dir="1" index="3" bw="10" slack="0"/>
</pin_list>
<bind>
<opcode="getelementptr(29) " fcode="getelementptr"/>
<opset="p_anonymous_namespace_lineBuffer_16_1_addr_7/3 "/>
</bind>
</comp>

<comp id="254" class="1004" name="p_anonymous_namespace_lineBuffer_16_0_addr_4_gep_fu_254">
<pin_list>
<pin id="255" dir="0" index="0" bw="8" slack="0"/>
<pin id="256" dir="0" index="1" bw="1" slack="0"/>
<pin id="257" dir="0" index="2" bw="10" slack="0"/>
<pin id="258" dir="1" index="3" bw="10" slack="0"/>
</pin_list>
<bind>
<opcode="getelementptr(29) " fcode="getelementptr"/>
<opset="p_anonymous_namespace_lineBuffer_16_0_addr_4/4 "/>
</bind>
</comp>

<comp id="261" class="1004" name="p_anonymous_namespace_lineBuffer_16_1_addr_4_gep_fu_261">
<pin_list>
<pin id="262" dir="0" index="0" bw="8" slack="0"/>
<pin id="263" dir="0" index="1" bw="1" slack="0"/>
<pin id="264" dir="0" index="2" bw="10" slack="0"/>
<pin id="265" dir="1" index="3" bw="10" slack="0"/>
</pin_list>
<bind>
<opcode="getelementptr(29) " fcode="getelementptr"/>
<opset="p_anonymous_namespace_lineBuffer_16_1_addr_4/4 "/>
</bind>
</comp>

<comp id="268" class="1004" name="p_anonymous_namespace_lineBuffer_16_0_addr_5_gep_fu_268">
<pin_list>
<pin id="269" dir="0" index="0" bw="8" slack="0"/>
<pin id="270" dir="0" index="1" bw="1" slack="0"/>
<pin id="271" dir="0" index="2" bw="10" slack="0"/>
<pin id="272" dir="1" index="3" bw="10" slack="0"/>
</pin_list>
<bind>
<opcode="getelementptr(29) " fcode="getelementptr"/>
<opset="p_anonymous_namespace_lineBuffer_16_0_addr_5/4 "/>
</bind>
</comp>

<comp id="275" class="1004" name="p_anonymous_namespace_lineBuffer_16_1_addr_5_gep_fu_275">
<pin_list>
<pin id="276" dir="0" index="0" bw="8" slack="0"/>
<pin id="277" dir="0" index="1" bw="1" slack="0"/>
<pin id="278" dir="0" index="2" bw="10" slack="0"/>
<pin id="279" dir="1" index="3" bw="10" slack="0"/>
</pin_list>
<bind>
<opcode="getelementptr(29) " fcode="getelementptr"/>
<opset="p_anonymous_namespace_lineBuffer_16_1_addr_5/4 "/>
</bind>
</comp>

<comp id="286" class="1004" name="out_sobel_direction_addr_gep_fu_286">
<pin_list>
<pin id="287" dir="0" index="0" bw="2" slack="0"/>
<pin id="288" dir="0" index="1" bw="1" slack="0"/>
<pin id="289" dir="0" index="2" bw="9" slack="0"/>
<pin id="290" dir="1" index="3" bw="9" slack="0"/>
</pin_list>
<bind>
<opcode="getelementptr(29) " fcode="getelementptr"/>
<opset="out_sobel_direction_addr/8 "/>
</bind>
</comp>

<comp id="293" class="1004" name="store_ln173_access_fu_293">
<pin_list>
<pin id="294" dir="0" index="0" bw="9" slack="0"/>
<pin id="295" dir="0" index="1" bw="2" slack="0"/>
<pin id="296" dir="0" index="2" bw="0" slack="2147483647"/>
<pin id="297" dir="1" index="3" bw="2" slack="2147483647"/>
</pin_list>
<bind>
<opcode="store(28) " fcode="store"/>
<opset="store_ln173/8 "/>
</bind>
</comp>

<comp id="299" class="1004" name="out_sobel_magnitude_addr_gep_fu_299">
<pin_list>
<pin id="300" dir="0" index="0" bw="8" slack="0"/>
<pin id="301" dir="0" index="1" bw="1" slack="0"/>
<pin id="302" dir="0" index="2" bw="9" slack="66"/>
<pin id="303" dir="1" index="3" bw="9" slack="0"/>
</pin_list>
<bind>
<opcode="getelementptr(29) " fcode="getelementptr"/>
<opset="out_sobel_magnitude_addr/74 "/>
</bind>
</comp>

<comp id="306" class="1004" name="store_ln170_access_fu_306">
<pin_list>
<pin id="307" dir="0" index="0" bw="9" slack="0"/>
<pin id="308" dir="0" index="1" bw="8" slack="0"/>
<pin id="309" dir="0" index="2" bw="0" slack="2147483647"/>
<pin id="310" dir="1" index="3" bw="8" slack="2147483647"/>
</pin_list>
<bind>
<opcode="store(28) " fcode="store"/>
<opset="store_ln170/74 "/>
</bind>
</comp>

<comp id="312" class="1004" name="grp_fu_312">
<pin_list>
<pin id="313" dir="0" index="0" bw="22" slack="0"/>
<pin id="314" dir="1" index="1" bw="64" slack="1"/>
</pin_list>
<bind>
<opcode="sitodp(517) " fcode="sitodp"/>
<opset="conv59_i/9 "/>
</bind>
</comp>

<comp id="315" class="1004" name="grp_fu_315">
<pin_list>
<pin id="316" dir="0" index="0" bw="64" slack="0"/>
<pin id="317" dir="0" index="1" bw="64" slack="1"/>
<pin id="318" dir="1" index="2" bw="64" slack="1"/>
</pin_list>
<bind>
<opcode="dsqrt(518) " fcode="dsqrt"/>
<opset="dc/15 "/>
</bind>
</comp>

<comp id="320" class="1004" name="grp_fu_320">
<pin_list>
<pin id="321" dir="0" index="0" bw="1" slack="3"/>
<pin id="322" dir="0" index="1" bw="8" slack="0"/>
<pin id="323" dir="0" index="2" bw="8" slack="0"/>
<pin id="324" dir="1" index="3" bw="8" slack="0"/>
</pin_list>
<bind>
<opcode="select(49) " fcode="select"/>
<opset="pixel_2/4 select_ln143_2/5 "/>
</bind>
</comp>

<comp id="327" class="1004" name="grp_fu_327">
<pin_list>
<pin id="328" dir="0" index="0" bw="1" slack="3"/>
<pin id="329" dir="0" index="1" bw="8" slack="0"/>
<pin id="330" dir="0" index="2" bw="8" slack="0"/>
<pin id="331" dir="1" index="3" bw="8" slack="0"/>
</pin_list>
<bind>
<opcode="select(49) " fcode="select"/>
<opset="pixel_3/4 select_ln143_3/5 "/>
</bind>
</comp>

<comp id="334" class="1004" name="store_ln118_store_fu_334">
<pin_list>
<pin id="335" dir="0" index="0" bw="1" slack="0"/>
<pin id="336" dir="0" index="1" bw="9" slack="0"/>
<pin id="337" dir="1" index="2" bw="0" slack="2147483647"/>
</pin_list>
<bind>
<opcode="store(28) " fcode="store"/>
<opset="store_ln118/1 "/>
</bind>
</comp>

<comp id="339" class="1004" name="column_load_fu_339">
<pin_list>
<pin id="340" dir="0" index="0" bw="9" slack="0"/>
<pin id="341" dir="1" index="1" bw="9" slack="0"/>
</pin_list>
<bind>
<opcode="load(27) " fcode="load"/>
<opset="column/1 "/>
</bind>
</comp>

<comp id="342" class="1004" name="icmp_ln118_fu_342">
<pin_list>
<pin id="343" dir="0" index="0" bw="9" slack="0"/>
<pin id="344" dir="0" index="1" bw="1" slack="0"/>
<pin id="345" dir="1" index="2" bw="1" slack="1"/>
</pin_list>
<bind>
<opcode="icmp(45) " fcode="icmp"/>
<opset="icmp_ln118/1 "/>
</bind>
</comp>

<comp id="348" class="1004" name="trunc_ln118_fu_348">
<pin_list>
<pin id="349" dir="0" index="0" bw="9" slack="0"/>
<pin id="350" dir="1" index="1" bw="1" slack="1"/>
</pin_list>
<bind>
<opcode="trunc(33) " fcode="trunc"/>
<opset="trunc_ln118/1 "/>
</bind>
</comp>

<comp id="352" class="1004" name="lshr_ln1_fu_352">
<pin_list>
<pin id="353" dir="0" index="0" bw="8" slack="0"/>
<pin id="354" dir="0" index="1" bw="9" slack="1"/>
<pin id="355" dir="0" index="2" bw="1" slack="0"/>
<pin id="356" dir="0" index="3" bw="5" slack="0"/>
<pin id="357" dir="1" index="4" bw="8" slack="0"/>
</pin_list>
<bind>
<opcode="partselect(1002) " fcode="partselect"/>
<opset="lshr_ln1/2 "/>
</bind>
</comp>

<comp id="361" class="1004" name="tmp_5_fu_361">
<pin_list>
<pin id="362" dir="0" index="0" bw="10" slack="0"/>
<pin id="363" dir="0" index="1" bw="2" slack="1"/>
<pin id="364" dir="0" index="2" bw="8" slack="0"/>
<pin id="365" dir="1" index="3" bw="10" slack="0"/>
</pin_list>
<bind>
<opcode="bitconcatenate(1004) " fcode="bitconcatenate"/>
<opset="tmp_5/2 "/>
</bind>
</comp>

<comp id="368" class="1004" name="zext_ln143_fu_368">
<pin_list>
<pin id="369" dir="0" index="0" bw="10" slack="0"/>
<pin id="370" dir="1" index="1" bw="64" slack="0"/>
</pin_list>
<bind>
<opcode="zext(34) " fcode="zext"/>
<opset="zext_ln143/2 "/>
</bind>
</comp>

<comp id="374" class="1004" name="tmp_7_fu_374">
<pin_list>
<pin id="375" dir="0" index="0" bw="10" slack="0"/>
<pin id="376" dir="0" index="1" bw="2" slack="1"/>
<pin id="377" dir="0" index="2" bw="8" slack="0"/>
<pin id="378" dir="1" index="3" bw="10" slack="0"/>
</pin_list>
<bind>
<opcode="bitconcatenate(1004) " fcode="bitconcatenate"/>
<opset="tmp_7/2 "/>
</bind>
</comp>

<comp id="381" class="1004" name="zext_ln143_1_fu_381">
<pin_list>
<pin id="382" dir="0" index="0" bw="10" slack="0"/>
<pin id="383" dir="1" index="1" bw="64" slack="0"/>
</pin_list>
<bind>
<opcode="zext(34) " fcode="zext"/>
<opset="zext_ln143_1/2 "/>
</bind>
</comp>

<comp id="387" class="1004" name="add_ln140_fu_387">
<pin_list>
<pin id="388" dir="0" index="0" bw="9" slack="1"/>
<pin id="389" dir="0" index="1" bw="1" slack="0"/>
<pin id="390" dir="1" index="2" bw="9" slack="0"/>
</pin_list>
<bind>
<opcode="add(8) " fcode="add"/>
<opset="add_ln140/2 "/>
</bind>
</comp>

<comp id="392" class="1004" name="lshr_ln2_fu_392">
<pin_list>
<pin id="393" dir="0" index="0" bw="8" slack="0"/>
<pin id="394" dir="0" index="1" bw="9" slack="0"/>
<pin id="395" dir="0" index="2" bw="1" slack="0"/>
<pin id="396" dir="0" index="3" bw="5" slack="0"/>
<pin id="397" dir="1" index="4" bw="8" slack="0"/>
</pin_list>
<bind>
<opcode="partselect(1002) " fcode="partselect"/>
<opset="lshr_ln2/2 "/>
</bind>
</comp>

<comp id="402" class="1004" name="tmp_9_fu_402">
<pin_list>
<pin id="403" dir="0" index="0" bw="10" slack="0"/>
<pin id="404" dir="0" index="1" bw="2" slack="1"/>
<pin id="405" dir="0" index="2" bw="8" slack="0"/>
<pin id="406" dir="1" index="3" bw="10" slack="0"/>
</pin_list>
<bind>
<opcode="bitconcatenate(1004) " fcode="bitconcatenate"/>
<opset="tmp_9/2 "/>
</bind>
</comp>

<comp id="409" class="1004" name="zext_ln143_2_fu_409">
<pin_list>
<pin id="410" dir="0" index="0" bw="10" slack="0"/>
<pin id="411" dir="1" index="1" bw="64" slack="0"/>
</pin_list>
<bind>
<opcode="zext(34) " fcode="zext"/>
<opset="zext_ln143_2/2 "/>
</bind>
</comp>

<comp id="415" class="1004" name="add_ln140_1_fu_415">
<pin_list>
<pin id="416" dir="0" index="0" bw="9" slack="1"/>
<pin id="417" dir="0" index="1" bw="1" slack="0"/>
<pin id="418" dir="1" index="2" bw="9" slack="0"/>
</pin_list>
<bind>
<opcode="add(8) " fcode="add"/>
<opset="add_ln140_1/2 "/>
</bind>
</comp>

<comp id="420" class="1004" name="lshr_ln143_1_fu_420">
<pin_list>
<pin id="421" dir="0" index="0" bw="8" slack="0"/>
<pin id="422" dir="0" index="1" bw="9" slack="0"/>
<pin id="423" dir="0" index="2" bw="1" slack="0"/>
<pin id="424" dir="0" index="3" bw="5" slack="0"/>
<pin id="425" dir="1" index="4" bw="8" slack="0"/>
</pin_list>
<bind>
<opcode="partselect(1002) " fcode="partselect"/>
<opset="lshr_ln143_1/2 "/>
</bind>
</comp>

<comp id="430" class="1004" name="tmp_2_fu_430">
<pin_list>
<pin id="431" dir="0" index="0" bw="10" slack="0"/>
<pin id="432" dir="0" index="1" bw="2" slack="1"/>
<pin id="433" dir="0" index="2" bw="8" slack="0"/>
<pin id="434" dir="1" index="3" bw="10" slack="0"/>
</pin_list>
<bind>
<opcode="bitconcatenate(1004) " fcode="bitconcatenate"/>
<opset="tmp_2/2 "/>
</bind>
</comp>

<comp id="437" class="1004" name="zext_ln143_6_fu_437">
<pin_list>
<pin id="438" dir="0" index="0" bw="10" slack="0"/>
<pin id="439" dir="1" index="1" bw="64" slack="0"/>
</pin_list>
<bind>
<opcode="zext(34) " fcode="zext"/>
<opset="zext_ln143_6/2 "/>
</bind>
</comp>

<comp id="443" class="1004" name="store_ln118_store_fu_443">
<pin_list>
<pin id="444" dir="0" index="0" bw="9" slack="0"/>
<pin id="445" dir="0" index="1" bw="9" slack="1"/>
<pin id="446" dir="1" index="2" bw="0" slack="2147483647"/>
</pin_list>
<bind>
<opcode="store(28) " fcode="store"/>
<opset="store_ln118/2 "/>
</bind>
</comp>

<comp id="448" class="1004" name="tmp_1_fu_448">
<pin_list>
<pin id="449" dir="0" index="0" bw="10" slack="0"/>
<pin id="450" dir="0" index="1" bw="2" slack="2"/>
<pin id="451" dir="0" index="2" bw="8" slack="1"/>
<pin id="452" dir="1" index="3" bw="10" slack="0"/>
</pin_list>
<bind>
<opcode="bitconcatenate(1004) " fcode="bitconcatenate"/>
<opset="tmp_1/3 "/>
</bind>
</comp>

<comp id="454" class="1004" name="zext_ln143_5_fu_454">
<pin_list>
<pin id="455" dir="0" index="0" bw="10" slack="0"/>
<pin id="456" dir="1" index="1" bw="64" slack="0"/>
</pin_list>
<bind>
<opcode="zext(34) " fcode="zext"/>
<opset="zext_ln143_5/3 "/>
</bind>
</comp>

<comp id="460" class="1004" name="pixel_fu_460">
<pin_list>
<pin id="461" dir="0" index="0" bw="1" slack="2"/>
<pin id="462" dir="0" index="1" bw="8" slack="0"/>
<pin id="463" dir="0" index="2" bw="8" slack="0"/>
<pin id="464" dir="1" index="3" bw="8" slack="1"/>
</pin_list>
<bind>
<opcode="select(49) " fcode="select"/>
<opset="pixel/3 "/>
</bind>
</comp>

<comp id="467" class="1004" name="select_ln143_fu_467">
<pin_list>
<pin id="468" dir="0" index="0" bw="1" slack="2"/>
<pin id="469" dir="0" index="1" bw="8" slack="0"/>
<pin id="470" dir="0" index="2" bw="8" slack="0"/>
<pin id="471" dir="1" index="3" bw="8" slack="0"/>
</pin_list>
<bind>
<opcode="select(49) " fcode="select"/>
<opset="select_ln143/3 "/>
</bind>
</comp>

<comp id="474" class="1004" name="zext_ln140_fu_474">
<pin_list>
<pin id="475" dir="0" index="0" bw="8" slack="0"/>
<pin id="476" dir="1" index="1" bw="9" slack="0"/>
</pin_list>
<bind>
<opcode="zext(34) " fcode="zext"/>
<opset="zext_ln140/3 "/>
</bind>
</comp>

<comp id="478" class="1004" name="tmp_4_fu_478">
<pin_list>
<pin id="479" dir="0" index="0" bw="10" slack="0"/>
<pin id="480" dir="0" index="1" bw="2" slack="2"/>
<pin id="481" dir="0" index="2" bw="8" slack="1"/>
<pin id="482" dir="1" index="3" bw="10" slack="0"/>
</pin_list>
<bind>
<opcode="bitconcatenate(1004) " fcode="bitconcatenate"/>
<opset="tmp_4/3 "/>
</bind>
</comp>

<comp id="484" class="1004" name="zext_ln143_8_fu_484">
<pin_list>
<pin id="485" dir="0" index="0" bw="10" slack="0"/>
<pin id="486" dir="1" index="1" bw="64" slack="0"/>
</pin_list>
<bind>
<opcode="zext(34) " fcode="zext"/>
<opset="zext_ln143_8/3 "/>
</bind>
</comp>

<comp id="490" class="1004" name="pixel_1_fu_490">
<pin_list>
<pin id="491" dir="0" index="0" bw="1" slack="2"/>
<pin id="492" dir="0" index="1" bw="8" slack="0"/>
<pin id="493" dir="0" index="2" bw="8" slack="0"/>
<pin id="494" dir="1" index="3" bw="8" slack="1"/>
</pin_list>
<bind>
<opcode="select(49) " fcode="select"/>
<opset="pixel_1/3 "/>
</bind>
</comp>

<comp id="497" class="1004" name="select_ln143_5_fu_497">
<pin_list>
<pin id="498" dir="0" index="0" bw="1" slack="2"/>
<pin id="499" dir="0" index="1" bw="8" slack="0"/>
<pin id="500" dir="0" index="2" bw="8" slack="0"/>
<pin id="501" dir="1" index="3" bw="8" slack="0"/>
</pin_list>
<bind>
<opcode="select(49) " fcode="select"/>
<opset="select_ln143_5/3 "/>
</bind>
</comp>

<comp id="504" class="1004" name="select_ln143_6_cast_fu_504">
<pin_list>
<pin id="505" dir="0" index="0" bw="8" slack="0"/>
<pin id="506" dir="1" index="1" bw="9" slack="0"/>
</pin_list>
<bind>
<opcode="zext(34) " fcode="zext"/>
<opset="select_ln143_6_cast/3 "/>
</bind>
</comp>

<comp id="508" class="1004" name="tmp3_fu_508">
<pin_list>
<pin id="509" dir="0" index="0" bw="8" slack="0"/>
<pin id="510" dir="0" index="1" bw="8" slack="0"/>
<pin id="511" dir="1" index="2" bw="9" slack="1"/>
</pin_list>
<bind>
<opcode="sub(10) " fcode="sub"/>
<opset="tmp3/3 "/>
</bind>
</comp>

<comp id="514" class="1004" name="tmp_s_fu_514">
<pin_list>
<pin id="515" dir="0" index="0" bw="10" slack="0"/>
<pin id="516" dir="0" index="1" bw="2" slack="3"/>
<pin id="517" dir="0" index="2" bw="8" slack="2"/>
<pin id="518" dir="1" index="3" bw="10" slack="0"/>
</pin_list>
<bind>
<opcode="bitconcatenate(1004) " fcode="bitconcatenate"/>
<opset="tmp_s/4 "/>
</bind>
</comp>

<comp id="520" class="1004" name="zext_ln143_3_fu_520">
<pin_list>
<pin id="521" dir="0" index="0" bw="10" slack="0"/>
<pin id="522" dir="1" index="1" bw="64" slack="0"/>
</pin_list>
<bind>
<opcode="zext(34) " fcode="zext"/>
<opset="zext_ln143_3/4 "/>
</bind>
</comp>

<comp id="526" class="1004" name="zext_ln142_fu_526">
<pin_list>
<pin id="527" dir="0" index="0" bw="8" slack="1"/>
<pin id="528" dir="1" index="1" bw="9" slack="0"/>
</pin_list>
<bind>
<opcode="zext(34) " fcode="zext"/>
<opset="zext_ln142/4 "/>
</bind>
</comp>

<comp id="529" class="1004" name="tmp_3_fu_529">
<pin_list>
<pin id="530" dir="0" index="0" bw="10" slack="0"/>
<pin id="531" dir="0" index="1" bw="2" slack="3"/>
<pin id="532" dir="0" index="2" bw="8" slack="2"/>
<pin id="533" dir="1" index="3" bw="10" slack="0"/>
</pin_list>
<bind>
<opcode="bitconcatenate(1004) " fcode="bitconcatenate"/>
<opset="tmp_3/4 "/>
</bind>
</comp>

<comp id="535" class="1004" name="zext_ln143_7_fu_535">
<pin_list>
<pin id="536" dir="0" index="0" bw="10" slack="0"/>
<pin id="537" dir="1" index="1" bw="64" slack="0"/>
</pin_list>
<bind>
<opcode="zext(34) " fcode="zext"/>
<opset="zext_ln143_7/4 "/>
</bind>
</comp>

<comp id="541" class="1004" name="zext_ln142_1_fu_541">
<pin_list>
<pin id="542" dir="0" index="0" bw="8" slack="1"/>
<pin id="543" dir="1" index="1" bw="9" slack="0"/>
</pin_list>
<bind>
<opcode="zext(34) " fcode="zext"/>
<opset="zext_ln142_1/4 "/>
</bind>
</comp>

<comp id="544" class="1004" name="zext_ln142_2_fu_544">
<pin_list>
<pin id="545" dir="0" index="0" bw="8" slack="0"/>
<pin id="546" dir="1" index="1" bw="10" slack="0"/>
</pin_list>
<bind>
<opcode="zext(34) " fcode="zext"/>
<opset="zext_ln142_2/4 "/>
</bind>
</comp>

<comp id="548" class="1004" name="sub_ln145_fu_548">
<pin_list>
<pin id="549" dir="0" index="0" bw="8" slack="0"/>
<pin id="550" dir="0" index="1" bw="8" slack="0"/>
<pin id="551" dir="1" index="2" bw="9" slack="1"/>
</pin_list>
<bind>
<opcode="sub(10) " fcode="sub"/>
<opset="sub_ln145/4 "/>
</bind>
</comp>

<comp id="554" class="1004" name="tmp_8_fu_554">
<pin_list>
<pin id="555" dir="0" index="0" bw="10" slack="0"/>
<pin id="556" dir="0" index="1" bw="9" slack="1"/>
<pin id="557" dir="0" index="2" bw="1" slack="0"/>
<pin id="558" dir="1" index="3" bw="10" slack="0"/>
</pin_list>
<bind>
<opcode="bitconcatenate(1004) " fcode="bitconcatenate"/>
<opset="tmp_8/4 "/>
</bind>
</comp>

<comp id="561" class="1004" name="sext_ln149_fu_561">
<pin_list>
<pin id="562" dir="0" index="0" bw="10" slack="0"/>
<pin id="563" dir="1" index="1" bw="11" slack="0"/>
</pin_list>
<bind>
<opcode="sext(35) " fcode="sext"/>
<opset="sext_ln149/4 "/>
</bind>
</comp>

<comp id="565" class="1004" name="add_ln149_fu_565">
<pin_list>
<pin id="566" dir="0" index="0" bw="8" slack="0"/>
<pin id="567" dir="0" index="1" bw="8" slack="0"/>
<pin id="568" dir="1" index="2" bw="9" slack="0"/>
</pin_list>
<bind>
<opcode="add(8) " fcode="add"/>
<opset="add_ln149/4 "/>
</bind>
</comp>

<comp id="571" class="1004" name="zext_ln149_fu_571">
<pin_list>
<pin id="572" dir="0" index="0" bw="9" slack="0"/>
<pin id="573" dir="1" index="1" bw="10" slack="0"/>
</pin_list>
<bind>
<opcode="zext(34) " fcode="zext"/>
<opset="zext_ln149/4 "/>
</bind>
</comp>

<comp id="575" class="1004" name="sub_ln149_fu_575">
<pin_list>
<pin id="576" dir="0" index="0" bw="8" slack="0"/>
<pin id="577" dir="0" index="1" bw="9" slack="0"/>
<pin id="578" dir="1" index="2" bw="10" slack="0"/>
</pin_list>
<bind>
<opcode="sub(10) " fcode="sub"/>
<opset="sub_ln149/4 "/>
</bind>
</comp>

<comp id="581" class="1004" name="zext_ln142_3_fu_581">
<pin_list>
<pin id="582" dir="0" index="0" bw="8" slack="0"/>
<pin id="583" dir="1" index="1" bw="10" slack="0"/>
</pin_list>
<bind>
<opcode="zext(34) " fcode="zext"/>
<opset="zext_ln142_3/4 "/>
</bind>
</comp>

<comp id="585" class="1004" name="add_ln149_1_fu_585">
<pin_list>
<pin id="586" dir="0" index="0" bw="10" slack="0"/>
<pin id="587" dir="0" index="1" bw="8" slack="0"/>
<pin id="588" dir="1" index="2" bw="10" slack="0"/>
</pin_list>
<bind>
<opcode="add(8) " fcode="add"/>
<opset="add_ln149_1/4 "/>
</bind>
</comp>

<comp id="591" class="1004" name="sext_ln149_3_fu_591">
<pin_list>
<pin id="592" dir="0" index="0" bw="10" slack="0"/>
<pin id="593" dir="1" index="1" bw="11" slack="0"/>
</pin_list>
<bind>
<opcode="sext(35) " fcode="sext"/>
<opset="sext_ln149_3/4 "/>
</bind>
</comp>

<comp id="595" class="1004" name="add_ln149_2_fu_595">
<pin_list>
<pin id="596" dir="0" index="0" bw="10" slack="0"/>
<pin id="597" dir="0" index="1" bw="10" slack="0"/>
<pin id="598" dir="1" index="2" bw="10" slack="1"/>
</pin_list>
<bind>
<opcode="add(8) " fcode="add"/>
<opset="add_ln149_2/4 "/>
</bind>
</comp>

<comp id="601" class="1004" name="gradientY_fu_601">
<pin_list>
<pin id="602" dir="0" index="0" bw="10" slack="0"/>
<pin id="603" dir="0" index="1" bw="10" slack="0"/>
<pin id="604" dir="1" index="2" bw="11" slack="1"/>
</pin_list>
<bind>
<opcode="add(8) " fcode="add"/>
<opset="gradientY/4 "/>
</bind>
</comp>

<comp id="607" class="1004" name="zext_ln143_4_fu_607">
<pin_list>
<pin id="608" dir="0" index="0" bw="8" slack="0"/>
<pin id="609" dir="1" index="1" bw="9" slack="0"/>
</pin_list>
<bind>
<opcode="zext(34) " fcode="zext"/>
<opset="zext_ln143_4/5 "/>
</bind>
</comp>

<comp id="611" class="1004" name="zext_ln25_fu_611">
<pin_list>
<pin id="612" dir="0" index="0" bw="8" slack="0"/>
<pin id="613" dir="1" index="1" bw="9" slack="0"/>
</pin_list>
<bind>
<opcode="zext(34) " fcode="zext"/>
<opset="zext_ln25/5 "/>
</bind>
</comp>

<comp id="615" class="1004" name="sub_ln145_cast1_fu_615">
<pin_list>
<pin id="616" dir="0" index="0" bw="9" slack="1"/>
<pin id="617" dir="1" index="1" bw="11" slack="0"/>
</pin_list>
<bind>
<opcode="sext(35) " fcode="sext"/>
<opset="sub_ln145_cast1/5 "/>
</bind>
</comp>

<comp id="618" class="1004" name="tmp_fu_618">
<pin_list>
<pin id="619" dir="0" index="0" bw="8" slack="0"/>
<pin id="620" dir="0" index="1" bw="8" slack="0"/>
<pin id="621" dir="1" index="2" bw="9" slack="0"/>
</pin_list>
<bind>
<opcode="sub(10) " fcode="sub"/>
<opset="tmp/5 "/>
</bind>
</comp>

<comp id="624" class="1004" name="tmp_6_fu_624">
<pin_list>
<pin id="625" dir="0" index="0" bw="10" slack="0"/>
<pin id="626" dir="0" index="1" bw="9" slack="0"/>
<pin id="627" dir="0" index="2" bw="1" slack="0"/>
<pin id="628" dir="1" index="3" bw="10" slack="0"/>
</pin_list>
<bind>
<opcode="bitconcatenate(1004) " fcode="bitconcatenate"/>
<opset="tmp_6/5 "/>
</bind>
</comp>

<comp id="632" class="1004" name="sext_ln119_fu_632">
<pin_list>
<pin id="633" dir="0" index="0" bw="10" slack="0"/>
<pin id="634" dir="1" index="1" bw="11" slack="0"/>
</pin_list>
<bind>
<opcode="sext(35) " fcode="sext"/>
<opset="sext_ln119/5 "/>
</bind>
</comp>

<comp id="636" class="1004" name="add_ln145_fu_636">
<pin_list>
<pin id="637" dir="0" index="0" bw="10" slack="0"/>
<pin id="638" dir="0" index="1" bw="9" slack="0"/>
<pin id="639" dir="1" index="2" bw="11" slack="1"/>
</pin_list>
<bind>
<opcode="add(8) " fcode="add"/>
<opset="add_ln145/5 "/>
</bind>
</comp>

<comp id="642" class="1004" name="sext_ln120_fu_642">
<pin_list>
<pin id="643" dir="0" index="0" bw="11" slack="1"/>
<pin id="644" dir="1" index="1" bw="32" slack="0"/>
</pin_list>
<bind>
<opcode="sext(35) " fcode="sext"/>
<opset="sext_ln120/5 "/>
</bind>
</comp>

<comp id="645" class="1004" name="sext_ln120_1_fu_645">
<pin_list>
<pin id="646" dir="0" index="0" bw="11" slack="1"/>
<pin id="647" dir="1" index="1" bw="22" slack="0"/>
</pin_list>
<bind>
<opcode="sext(35) " fcode="sext"/>
<opset="sext_ln120_1/5 "/>
</bind>
</comp>

<comp id="648" class="1004" name="tmp_15_fu_648">
<pin_list>
<pin id="649" dir="0" index="0" bw="1" slack="0"/>
<pin id="650" dir="0" index="1" bw="11" slack="0"/>
<pin id="651" dir="0" index="2" bw="6" slack="0"/>
<pin id="652" dir="1" index="3" bw="1" slack="0"/>
</pin_list>
<bind>
<opcode="bitselect(1000) " fcode="bitselect"/>
<opset="tmp_15/5 "/>
</bind>
</comp>

<comp id="656" class="1004" name="sub_ln31_1_fu_656">
<pin_list>
<pin id="657" dir="0" index="0" bw="1" slack="0"/>
<pin id="658" dir="0" index="1" bw="10" slack="1"/>
<pin id="659" dir="1" index="2" bw="10" slack="0"/>
</pin_list>
<bind>
<opcode="sub(10) " fcode="sub"/>
<opset="sub_ln31_1/5 "/>
</bind>
</comp>

<comp id="661" class="1004" name="absoluteY_fu_661">
<pin_list>
<pin id="662" dir="0" index="0" bw="1" slack="0"/>
<pin id="663" dir="0" index="1" bw="10" slack="0"/>
<pin id="664" dir="0" index="2" bw="10" slack="1"/>
<pin id="665" dir="1" index="3" bw="10" slack="0"/>
</pin_list>
<bind>
<opcode="select(49) " fcode="select"/>
<opset="absoluteY/5 "/>
</bind>
</comp>

<comp id="668" class="1004" name="zext_ln39_fu_668">
<pin_list>
<pin id="669" dir="0" index="0" bw="10" slack="0"/>
<pin id="670" dir="1" index="1" bw="20" slack="0"/>
</pin_list>
<bind>
<opcode="zext(34) " fcode="zext"/>
<opset="zext_ln39/5 "/>
</bind>
</comp>

<comp id="672" class="1004" name="mul_ln45_fu_672">
<pin_list>
<pin id="673" dir="0" index="0" bw="10" slack="0"/>
<pin id="674" dir="0" index="1" bw="11" slack="0"/>
<pin id="675" dir="1" index="2" bw="20" slack="2"/>
</pin_list>
<bind>
<opcode="mul(12) " fcode="mul"/>
<opset="mul_ln45/5 "/>
</bind>
</comp>

<comp id="678" class="1004" name="zext_ln142_4_fu_678">
<pin_list>
<pin id="679" dir="0" index="0" bw="8" slack="2"/>
<pin id="680" dir="1" index="1" bw="11" slack="0"/>
</pin_list>
<bind>
<opcode="zext(34) " fcode="zext"/>
<opset="zext_ln142_4/6 "/>
</bind>
</comp>

<comp id="681" class="1004" name="zext_ln142_5_fu_681">
<pin_list>
<pin id="682" dir="0" index="0" bw="8" slack="2"/>
<pin id="683" dir="1" index="1" bw="11" slack="0"/>
</pin_list>
<bind>
<opcode="zext(34) " fcode="zext"/>
<opset="zext_ln142_5/6 "/>
</bind>
</comp>

<comp id="684" class="1004" name="gradientX_2_fu_684">
<pin_list>
<pin id="685" dir="0" index="0" bw="11" slack="1"/>
<pin id="686" dir="0" index="1" bw="8" slack="0"/>
<pin id="687" dir="1" index="2" bw="11" slack="0"/>
</pin_list>
<bind>
<opcode="sub(10) " fcode="sub"/>
<opset="gradientX_2/6 "/>
</bind>
</comp>

<comp id="689" class="1004" name="gradientX_fu_689">
<pin_list>
<pin id="690" dir="0" index="0" bw="11" slack="0"/>
<pin id="691" dir="0" index="1" bw="8" slack="0"/>
<pin id="692" dir="1" index="2" bw="11" slack="0"/>
</pin_list>
<bind>
<opcode="add(8) " fcode="add"/>
<opset="gradientX/6 "/>
</bind>
</comp>

<comp id="695" class="1004" name="sext_ln149_1_fu_695">
<pin_list>
<pin id="696" dir="0" index="0" bw="11" slack="0"/>
<pin id="697" dir="1" index="1" bw="32" slack="0"/>
</pin_list>
<bind>
<opcode="sext(35) " fcode="sext"/>
<opset="sext_ln149_1/6 "/>
</bind>
</comp>

<comp id="699" class="1004" name="trunc_ln149_fu_699">
<pin_list>
<pin id="700" dir="0" index="0" bw="11" slack="0"/>
<pin id="701" dir="1" index="1" bw="10" slack="0"/>
</pin_list>
<bind>
<opcode="trunc(33) " fcode="trunc"/>
<opset="trunc_ln149/6 "/>
</bind>
</comp>

<comp id="703" class="1004" name="sext_ln149_2_fu_703">
<pin_list>
<pin id="704" dir="0" index="0" bw="11" slack="0"/>
<pin id="705" dir="1" index="1" bw="22" slack="0"/>
</pin_list>
<bind>
<opcode="sext(35) " fcode="sext"/>
<opset="sext_ln149_2/6 "/>
</bind>
</comp>

<comp id="707" class="1004" name="mul_ln156_fu_707">
<pin_list>
<pin id="708" dir="0" index="0" bw="11" slack="0"/>
<pin id="709" dir="0" index="1" bw="11" slack="0"/>
<pin id="710" dir="1" index="2" bw="22" slack="1"/>
</pin_list>
<bind>
<opcode="mul(12) " fcode="mul"/>
<opset="mul_ln156/6 "/>
</bind>
</comp>

<comp id="713" class="1004" name="tmp_14_fu_713">
<pin_list>
<pin id="714" dir="0" index="0" bw="1" slack="0"/>
<pin id="715" dir="0" index="1" bw="11" slack="0"/>
<pin id="716" dir="0" index="2" bw="6" slack="0"/>
<pin id="717" dir="1" index="3" bw="1" slack="0"/>
</pin_list>
<bind>
<opcode="bitselect(1000) " fcode="bitselect"/>
<opset="tmp_14/6 "/>
</bind>
</comp>

<comp id="721" class="1004" name="sub_ln31_fu_721">
<pin_list>
<pin id="722" dir="0" index="0" bw="1" slack="0"/>
<pin id="723" dir="0" index="1" bw="10" slack="0"/>
<pin id="724" dir="1" index="2" bw="10" slack="0"/>
</pin_list>
<bind>
<opcode="sub(10) " fcode="sub"/>
<opset="sub_ln31/6 "/>
</bind>
</comp>

<comp id="727" class="1004" name="absoluteX_fu_727">
<pin_list>
<pin id="728" dir="0" index="0" bw="1" slack="0"/>
<pin id="729" dir="0" index="1" bw="10" slack="0"/>
<pin id="730" dir="0" index="2" bw="10" slack="0"/>
<pin id="731" dir="1" index="3" bw="10" slack="0"/>
</pin_list>
<bind>
<opcode="select(49) " fcode="select"/>
<opset="absoluteX/6 "/>
</bind>
</comp>

<comp id="735" class="1004" name="or_ln41_fu_735">
<pin_list>
<pin id="736" dir="0" index="0" bw="10" slack="0"/>
<pin id="737" dir="0" index="1" bw="10" slack="1"/>
<pin id="738" dir="1" index="2" bw="10" slack="0"/>
</pin_list>
<bind>
<opcode="or(24) " fcode="or"/>
<opset="or_ln41/6 "/>
</bind>
</comp>

<comp id="740" class="1004" name="icmp_ln41_fu_740">
<pin_list>
<pin id="741" dir="0" index="0" bw="10" slack="0"/>
<pin id="742" dir="0" index="1" bw="1" slack="0"/>
<pin id="743" dir="1" index="2" bw="1" slack="2"/>
</pin_list>
<bind>
<opcode="icmp(45) " fcode="icmp"/>
<opset="icmp_ln41/6 "/>
</bind>
</comp>

<comp id="746" class="1004" name="zext_ln38_fu_746">
<pin_list>
<pin id="747" dir="0" index="0" bw="10" slack="1"/>
<pin id="748" dir="1" index="1" bw="22" slack="0"/>
</pin_list>
<bind>
<opcode="zext(34) " fcode="zext"/>
<opset="zext_ln38/7 "/>
</bind>
</comp>

<comp id="749" class="1004" name="zext_ln38_1_fu_749">
<pin_list>
<pin id="750" dir="0" index="0" bw="10" slack="1"/>
<pin id="751" dir="1" index="1" bw="19" slack="0"/>
</pin_list>
<bind>
<opcode="zext(34) " fcode="zext"/>
<opset="zext_ln38_1/7 "/>
</bind>
</comp>

<comp id="752" class="1004" name="zext_ln45_fu_752">
<pin_list>
<pin id="753" dir="0" index="0" bw="20" slack="2"/>
<pin id="754" dir="1" index="1" bw="23" slack="0"/>
</pin_list>
<bind>
<opcode="zext(34) " fcode="zext"/>
<opset="zext_ln45/7 "/>
</bind>
</comp>

<comp id="755" class="1004" name="zext_ln45_1_fu_755">
<pin_list>
<pin id="756" dir="0" index="0" bw="20" slack="2"/>
<pin id="757" dir="1" index="1" bw="21" slack="0"/>
</pin_list>
<bind>
<opcode="zext(34) " fcode="zext"/>
<opset="zext_ln45_1/7 "/>
</bind>
</comp>

<comp id="758" class="1004" name="mul_ln45_1_fu_758">
<pin_list>
<pin id="759" dir="0" index="0" bw="10" slack="0"/>
<pin id="760" dir="0" index="1" bw="10" slack="0"/>
<pin id="761" dir="1" index="2" bw="19" slack="0"/>
</pin_list>
<bind>
<opcode="mul(12) " fcode="mul"/>
<opset="mul_ln45_1/7 "/>
</bind>
</comp>

<comp id="764" class="1004" name="zext_ln45_2_fu_764">
<pin_list>
<pin id="765" dir="0" index="0" bw="19" slack="0"/>
<pin id="766" dir="1" index="1" bw="21" slack="0"/>
</pin_list>
<bind>
<opcode="zext(34) " fcode="zext"/>
<opset="zext_ln45_2/7 "/>
</bind>
</comp>

<comp id="768" class="1004" name="icmp_ln45_fu_768">
<pin_list>
<pin id="769" dir="0" index="0" bw="20" slack="0"/>
<pin id="770" dir="0" index="1" bw="19" slack="0"/>
<pin id="771" dir="1" index="2" bw="1" slack="1"/>
</pin_list>
<bind>
<opcode="icmp(45) " fcode="icmp"/>
<opset="icmp_ln45/7 "/>
</bind>
</comp>

<comp id="774" class="1004" name="mul_ln49_fu_774">
<pin_list>
<pin id="775" dir="0" index="0" bw="10" slack="0"/>
<pin id="776" dir="0" index="1" bw="13" slack="0"/>
<pin id="777" dir="1" index="2" bw="22" slack="0"/>
</pin_list>
<bind>
<opcode="mul(12) " fcode="mul"/>
<opset="mul_ln49/7 "/>
</bind>
</comp>

<comp id="780" class="1004" name="zext_ln49_fu_780">
<pin_list>
<pin id="781" dir="0" index="0" bw="22" slack="0"/>
<pin id="782" dir="1" index="1" bw="23" slack="0"/>
</pin_list>
<bind>
<opcode="zext(34) " fcode="zext"/>
<opset="zext_ln49/7 "/>
</bind>
</comp>

<comp id="784" class="1004" name="icmp_ln49_fu_784">
<pin_list>
<pin id="785" dir="0" index="0" bw="20" slack="0"/>
<pin id="786" dir="0" index="1" bw="22" slack="0"/>
<pin id="787" dir="1" index="2" bw="1" slack="1"/>
</pin_list>
<bind>
<opcode="icmp(45) " fcode="icmp"/>
<opset="icmp_ln49/7 "/>
</bind>
</comp>

<comp id="790" class="1004" name="zext_ln118_fu_790">
<pin_list>
<pin id="791" dir="0" index="0" bw="9" slack="7"/>
<pin id="792" dir="1" index="1" bw="64" slack="0"/>
</pin_list>
<bind>
<opcode="zext(34) " fcode="zext"/>
<opset="zext_ln118/8 "/>
</bind>
</comp>

<comp id="794" class="1004" name="or_ln54_fu_794">
<pin_list>
<pin id="795" dir="0" index="0" bw="11" slack="2"/>
<pin id="796" dir="0" index="1" bw="11" slack="4"/>
<pin id="797" dir="1" index="2" bw="11" slack="0"/>
</pin_list>
<bind>
<opcode="or(24) " fcode="or"/>
<opset="or_ln54/8 "/>
</bind>
</comp>

<comp id="798" class="1004" name="sext_ln55_fu_798">
<pin_list>
<pin id="799" dir="0" index="0" bw="11" slack="0"/>
<pin id="800" dir="1" index="1" bw="32" slack="0"/>
</pin_list>
<bind>
<opcode="sext(35) " fcode="sext"/>
<opset="sext_ln55/8 "/>
</bind>
</comp>

<comp id="802" class="1004" name="and_ln55_fu_802">
<pin_list>
<pin id="803" dir="0" index="0" bw="11" slack="4"/>
<pin id="804" dir="0" index="1" bw="11" slack="2"/>
<pin id="805" dir="1" index="2" bw="11" slack="0"/>
</pin_list>
<bind>
<opcode="and(23) " fcode="and"/>
<opset="and_ln55/8 "/>
</bind>
</comp>

<comp id="806" class="1004" name="sext_ln45_fu_806">
<pin_list>
<pin id="807" dir="0" index="0" bw="11" slack="0"/>
<pin id="808" dir="1" index="1" bw="32" slack="0"/>
</pin_list>
<bind>
<opcode="sext(35) " fcode="sext"/>
<opset="sext_ln45/8 "/>
</bind>
</comp>

<comp id="810" class="1004" name="xor_ln45_fu_810">
<pin_list>
<pin id="811" dir="0" index="0" bw="1" slack="1"/>
<pin id="812" dir="0" index="1" bw="1" slack="0"/>
<pin id="813" dir="1" index="2" bw="1" slack="0"/>
</pin_list>
<bind>
<opcode="xor(25) " fcode="xor"/>
<opset="xor_ln45/8 "/>
</bind>
</comp>

<comp id="815" class="1004" name="or_ln45_fu_815">
<pin_list>
<pin id="816" dir="0" index="0" bw="1" slack="2"/>
<pin id="817" dir="0" index="1" bw="1" slack="0"/>
<pin id="818" dir="1" index="2" bw="1" slack="0"/>
</pin_list>
<bind>
<opcode="or(24) " fcode="or"/>
<opset="or_ln45/8 "/>
</bind>
</comp>

<comp id="820" class="1004" name="xor_ln41_fu_820">
<pin_list>
<pin id="821" dir="0" index="0" bw="1" slack="2"/>
<pin id="822" dir="0" index="1" bw="1" slack="0"/>
<pin id="823" dir="1" index="2" bw="1" slack="0"/>
</pin_list>
<bind>
<opcode="xor(25) " fcode="xor"/>
<opset="xor_ln41/8 "/>
</bind>
</comp>

<comp id="825" class="1004" name="and_ln45_fu_825">
<pin_list>
<pin id="826" dir="0" index="0" bw="1" slack="1"/>
<pin id="827" dir="0" index="1" bw="1" slack="0"/>
<pin id="828" dir="1" index="2" bw="1" slack="0"/>
</pin_list>
<bind>
<opcode="and(23) " fcode="and"/>
<opset="and_ln45/8 "/>
</bind>
</comp>

<comp id="830" class="1004" name="xor_ln49_fu_830">
<pin_list>
<pin id="831" dir="0" index="0" bw="1" slack="1"/>
<pin id="832" dir="0" index="1" bw="1" slack="0"/>
<pin id="833" dir="1" index="2" bw="1" slack="0"/>
</pin_list>
<bind>
<opcode="xor(25) " fcode="xor"/>
<opset="xor_ln49/8 "/>
</bind>
</comp>

<comp id="835" class="1004" name="and_ln49_fu_835">
<pin_list>
<pin id="836" dir="0" index="0" bw="1" slack="0"/>
<pin id="837" dir="0" index="1" bw="1" slack="0"/>
<pin id="838" dir="1" index="2" bw="1" slack="0"/>
</pin_list>
<bind>
<opcode="and(23) " fcode="and"/>
<opset="and_ln49/8 "/>
</bind>
</comp>

<comp id="841" class="1004" name="tmp_16_fu_841">
<pin_list>
<pin id="842" dir="0" index="0" bw="1" slack="0"/>
<pin id="843" dir="0" index="1" bw="11" slack="0"/>
<pin id="844" dir="0" index="2" bw="6" slack="0"/>
<pin id="845" dir="1" index="3" bw="1" slack="0"/>
</pin_list>
<bind>
<opcode="bitselect(1000) " fcode="bitselect"/>
<opset="tmp_16/8 "/>
</bind>
</comp>

<comp id="849" class="1004" name="tmp_17_fu_849">
<pin_list>
<pin id="850" dir="0" index="0" bw="1" slack="0"/>
<pin id="851" dir="0" index="1" bw="11" slack="0"/>
<pin id="852" dir="0" index="2" bw="6" slack="0"/>
<pin id="853" dir="1" index="3" bw="1" slack="0"/>
</pin_list>
<bind>
<opcode="bitselect(1000) " fcode="bitselect"/>
<opset="tmp_17/8 "/>
</bind>
</comp>

<comp id="857" class="1004" name="xor_ln55_fu_857">
<pin_list>
<pin id="858" dir="0" index="0" bw="1" slack="0"/>
<pin id="859" dir="0" index="1" bw="1" slack="0"/>
<pin id="860" dir="1" index="2" bw="1" slack="0"/>
</pin_list>
<bind>
<opcode="xor(25) " fcode="xor"/>
<opset="xor_ln55/8 "/>
</bind>
</comp>

<comp id="863" class="1004" name="and_ln55_1_fu_863">
<pin_list>
<pin id="864" dir="0" index="0" bw="1" slack="0"/>
<pin id="865" dir="0" index="1" bw="1" slack="1"/>
<pin id="866" dir="1" index="2" bw="1" slack="0"/>
</pin_list>
<bind>
<opcode="and(23) " fcode="and"/>
<opset="and_ln55_1/8 "/>
</bind>
</comp>

<comp id="868" class="1004" name="and_ln55_2_fu_868">
<pin_list>
<pin id="869" dir="0" index="0" bw="1" slack="0"/>
<pin id="870" dir="0" index="1" bw="1" slack="0"/>
<pin id="871" dir="1" index="2" bw="1" slack="0"/>
</pin_list>
<bind>
<opcode="and(23) " fcode="and"/>
<opset="and_ln55_2/8 "/>
</bind>
</comp>

<comp id="874" class="1004" name="and_ln55_3_fu_874">
<pin_list>
<pin id="875" dir="0" index="0" bw="1" slack="0"/>
<pin id="876" dir="0" index="1" bw="1" slack="0"/>
<pin id="877" dir="1" index="2" bw="1" slack="0"/>
</pin_list>
<bind>
<opcode="and(23) " fcode="and"/>
<opset="and_ln55_3/8 "/>
</bind>
</comp>

<comp id="880" class="1004" name="sel_tmp_fu_880">
<pin_list>
<pin id="881" dir="0" index="0" bw="3" slack="0"/>
<pin id="882" dir="0" index="1" bw="1" slack="0"/>
<pin id="883" dir="0" index="2" bw="1" slack="0"/>
<pin id="884" dir="0" index="3" bw="1" slack="0"/>
<pin id="885" dir="1" index="4" bw="3" slack="0"/>
</pin_list>
<bind>
<opcode="bitconcatenate(1004) " fcode="bitconcatenate"/>
<opset="sel_tmp/8 "/>
</bind>
</comp>

<comp id="890" class="1004" name="retval_0_i_i_fu_890">
<pin_list>
<pin id="891" dir="0" index="0" bw="2" slack="0"/>
<pin id="892" dir="0" index="1" bw="3" slack="0"/>
<pin id="893" dir="0" index="2" bw="2" slack="0"/>
<pin id="894" dir="0" index="3" bw="3" slack="0"/>
<pin id="895" dir="0" index="4" bw="2" slack="0"/>
<pin id="896" dir="0" index="5" bw="3" slack="0"/>
<pin id="897" dir="0" index="6" bw="2" slack="0"/>
<pin id="898" dir="0" index="7" bw="3" slack="0"/>
<pin id="899" dir="0" index="8" bw="2" slack="0"/>
<pin id="900" dir="0" index="9" bw="2" slack="0"/>
<pin id="901" dir="0" index="10" bw="3" slack="0"/>
<pin id="902" dir="1" index="11" bw="2" slack="0"/>
</pin_list>
<bind>
<opcode="sparsemux(1197) " fcode="sparsemux"/>
<opset="retval_0_i_i/8 "/>
</bind>
</comp>

<comp id="915" class="1004" name="sext_ln162_fu_915">
<pin_list>
<pin id="916" dir="0" index="0" bw="22" slack="1"/>
<pin id="917" dir="1" index="1" bw="32" slack="0"/>
</pin_list>
<bind>
<opcode="sext(35) " fcode="sext"/>
<opset="sext_ln162/9 "/>
</bind>
</comp>

<comp id="919" class="1004" name="data_fu_919">
<pin_list>
<pin id="920" dir="0" index="0" bw="64" slack="1"/>
<pin id="921" dir="1" index="1" bw="64" slack="0"/>
</pin_list>
<bind>
<opcode="bitcast(44) " fcode="bitcast"/>
<opset="data/72 "/>
</bind>
</comp>

<comp id="922" class="1004" name="xs_sign_fu_922">
<pin_list>
<pin id="923" dir="0" index="0" bw="1" slack="0"/>
<pin id="924" dir="0" index="1" bw="64" slack="0"/>
<pin id="925" dir="0" index="2" bw="7" slack="0"/>
<pin id="926" dir="1" index="3" bw="1" slack="1"/>
</pin_list>
<bind>
<opcode="bitselect(1000) " fcode="bitselect"/>
<opset="xs_sign/72 "/>
</bind>
</comp>

<comp id="930" class="1004" name="xs_exp_fu_930">
<pin_list>
<pin id="931" dir="0" index="0" bw="11" slack="0"/>
<pin id="932" dir="0" index="1" bw="64" slack="0"/>
<pin id="933" dir="0" index="2" bw="7" slack="0"/>
<pin id="934" dir="1" index="3" bw="11" slack="0"/>
</pin_list>
<bind>
<opcode="partselect(1002) " fcode="partselect"/>
<opset="xs_exp/72 "/>
</bind>
</comp>

<comp id="938" class="1004" name="trunc_ln505_fu_938">
<pin_list>
<pin id="939" dir="0" index="0" bw="64" slack="0"/>
<pin id="940" dir="1" index="1" bw="52" slack="0"/>
</pin_list>
<bind>
<opcode="trunc(33) " fcode="trunc"/>
<opset="trunc_ln505/72 "/>
</bind>
</comp>

<comp id="942" class="1004" name="mantissa_fu_942">
<pin_list>
<pin id="943" dir="0" index="0" bw="54" slack="0"/>
<pin id="944" dir="0" index="1" bw="1" slack="0"/>
<pin id="945" dir="0" index="2" bw="52" slack="0"/>
<pin id="946" dir="0" index="3" bw="1" slack="0"/>
<pin id="947" dir="1" index="4" bw="54" slack="0"/>
</pin_list>
<bind>
<opcode="bitconcatenate(1004) " fcode="bitconcatenate"/>
<opset="mantissa/72 "/>
</bind>
</comp>

<comp id="952" class="1004" name="zext_ln15_fu_952">
<pin_list>
<pin id="953" dir="0" index="0" bw="54" slack="0"/>
<pin id="954" dir="1" index="1" bw="137" slack="0"/>
</pin_list>
<bind>
<opcode="zext(34) " fcode="zext"/>
<opset="zext_ln15/72 "/>
</bind>
</comp>

<comp id="956" class="1004" name="zext_ln486_fu_956">
<pin_list>
<pin id="957" dir="0" index="0" bw="11" slack="0"/>
<pin id="958" dir="1" index="1" bw="12" slack="0"/>
</pin_list>
<bind>
<opcode="zext(34) " fcode="zext"/>
<opset="zext_ln486/72 "/>
</bind>
</comp>

<comp id="960" class="1004" name="add_ln486_fu_960">
<pin_list>
<pin id="961" dir="0" index="0" bw="11" slack="0"/>
<pin id="962" dir="0" index="1" bw="11" slack="0"/>
<pin id="963" dir="1" index="2" bw="12" slack="0"/>
</pin_list>
<bind>
<opcode="add(8) " fcode="add"/>
<opset="add_ln486/72 "/>
</bind>
</comp>

<comp id="966" class="1004" name="tmp_11_fu_966">
<pin_list>
<pin id="967" dir="0" index="0" bw="1" slack="0"/>
<pin id="968" dir="0" index="1" bw="12" slack="0"/>
<pin id="969" dir="0" index="2" bw="5" slack="0"/>
<pin id="970" dir="1" index="3" bw="1" slack="0"/>
</pin_list>
<bind>
<opcode="bitselect(1000) " fcode="bitselect"/>
<opset="tmp_11/72 "/>
</bind>
</comp>

<comp id="974" class="1004" name="sub_ln18_fu_974">
<pin_list>
<pin id="975" dir="0" index="0" bw="11" slack="0"/>
<pin id="976" dir="0" index="1" bw="11" slack="0"/>
<pin id="977" dir="1" index="2" bw="11" slack="0"/>
</pin_list>
<bind>
<opcode="sub(10) " fcode="sub"/>
<opset="sub_ln18/72 "/>
</bind>
</comp>

<comp id="980" class="1004" name="sext_ln18_fu_980">
<pin_list>
<pin id="981" dir="0" index="0" bw="11" slack="0"/>
<pin id="982" dir="1" index="1" bw="12" slack="0"/>
</pin_list>
<bind>
<opcode="sext(35) " fcode="sext"/>
<opset="sext_ln18/72 "/>
</bind>
</comp>

<comp id="984" class="1004" name="select_ln18_fu_984">
<pin_list>
<pin id="985" dir="0" index="0" bw="1" slack="0"/>
<pin id="986" dir="0" index="1" bw="11" slack="0"/>
<pin id="987" dir="0" index="2" bw="12" slack="0"/>
<pin id="988" dir="1" index="3" bw="12" slack="0"/>
</pin_list>
<bind>
<opcode="select(49) " fcode="select"/>
<opset="select_ln18/72 "/>
</bind>
</comp>

<comp id="992" class="1004" name="sext_ln18_1_fu_992">
<pin_list>
<pin id="993" dir="0" index="0" bw="12" slack="0"/>
<pin id="994" dir="1" index="1" bw="32" slack="0"/>
</pin_list>
<bind>
<opcode="sext(35) " fcode="sext"/>
<opset="sext_ln18_1/72 "/>
</bind>
</comp>

<comp id="996" class="1004" name="zext_ln18_fu_996">
<pin_list>
<pin id="997" dir="0" index="0" bw="12" slack="0"/>
<pin id="998" dir="1" index="1" bw="137" slack="0"/>
</pin_list>
<bind>
<opcode="zext(34) " fcode="zext"/>
<opset="zext_ln18/72 "/>
</bind>
</comp>

<comp id="1000" class="1004" name="lshr_ln18_fu_1000">
<pin_list>
<pin id="1001" dir="0" index="0" bw="54" slack="0"/>
<pin id="1002" dir="0" index="1" bw="32" slack="0"/>
<pin id="1003" dir="1" index="2" bw="137" slack="0"/>
</pin_list>
<bind>
<opcode="lshr(21) " fcode="lshr"/>
<opset="lshr_ln18/72 "/>
</bind>
</comp>

<comp id="1006" class="1004" name="tmp_10_fu_1006">
<pin_list>
<pin id="1007" dir="0" index="0" bw="32" slack="0"/>
<pin id="1008" dir="0" index="1" bw="137" slack="0"/>
<pin id="1009" dir="0" index="2" bw="7" slack="0"/>
<pin id="1010" dir="0" index="3" bw="8" slack="0"/>
<pin id="1011" dir="1" index="4" bw="32" slack="1"/>
</pin_list>
<bind>
<opcode="partselect(1002) " fcode="partselect"/>
<opset="tmp_10/72 "/>
</bind>
</comp>

<comp id="1016" class="1004" name="shl_ln18_fu_1016">
<pin_list>
<pin id="1017" dir="0" index="0" bw="54" slack="1"/>
<pin id="1018" dir="0" index="1" bw="32" slack="1"/>
<pin id="1019" dir="1" index="2" bw="137" slack="0"/>
</pin_list>
<bind>
<opcode="shl(20) " fcode="shl"/>
<opset="shl_ln18/73 "/>
</bind>
</comp>

<comp id="1020" class="1004" name="tmp_12_fu_1020">
<pin_list>
<pin id="1021" dir="0" index="0" bw="32" slack="0"/>
<pin id="1022" dir="0" index="1" bw="137" slack="0"/>
<pin id="1023" dir="0" index="2" bw="7" slack="0"/>
<pin id="1024" dir="0" index="3" bw="8" slack="0"/>
<pin id="1025" dir="1" index="4" bw="32" slack="0"/>
</pin_list>
<bind>
<opcode="partselect(1002) " fcode="partselect"/>
<opset="tmp_12/73 "/>
</bind>
</comp>

<comp id="1030" class="1004" name="val_fu_1030">
<pin_list>
<pin id="1031" dir="0" index="0" bw="1" slack="1"/>
<pin id="1032" dir="0" index="1" bw="32" slack="1"/>
<pin id="1033" dir="0" index="2" bw="32" slack="0"/>
<pin id="1034" dir="1" index="3" bw="32" slack="0"/>
</pin_list>
<bind>
<opcode="select(49) " fcode="select"/>
<opset="val/73 "/>
</bind>
</comp>

<comp id="1036" class="1004" name="result_2_fu_1036">
<pin_list>
<pin id="1037" dir="0" index="0" bw="1" slack="0"/>
<pin id="1038" dir="0" index="1" bw="32" slack="0"/>
<pin id="1039" dir="1" index="2" bw="32" slack="0"/>
</pin_list>
<bind>
<opcode="sub(10) " fcode="sub"/>
<opset="result_2/73 "/>
</bind>
</comp>

<comp id="1042" class="1004" name="result_4_fu_1042">
<pin_list>
<pin id="1043" dir="0" index="0" bw="1" slack="1"/>
<pin id="1044" dir="0" index="1" bw="32" slack="0"/>
<pin id="1045" dir="0" index="2" bw="32" slack="0"/>
<pin id="1046" dir="1" index="3" bw="32" slack="0"/>
</pin_list>
<bind>
<opcode="select(49) " fcode="select"/>
<opset="result_4/73 "/>
</bind>
</comp>

<comp id="1049" class="1004" name="tmp_13_fu_1049">
<pin_list>
<pin id="1050" dir="0" index="0" bw="24" slack="0"/>
<pin id="1051" dir="0" index="1" bw="32" slack="0"/>
<pin id="1052" dir="0" index="2" bw="5" slack="0"/>
<pin id="1053" dir="0" index="3" bw="6" slack="0"/>
<pin id="1054" dir="1" index="4" bw="24" slack="1"/>
</pin_list>
<bind>
<opcode="partselect(1002) " fcode="partselect"/>
<opset="tmp_13/73 "/>
</bind>
</comp>

<comp id="1059" class="1004" name="trunc_ln171_fu_1059">
<pin_list>
<pin id="1060" dir="0" index="0" bw="32" slack="0"/>
<pin id="1061" dir="1" index="1" bw="8" slack="1"/>
</pin_list>
<bind>
<opcode="trunc(33) " fcode="trunc"/>
<opset="trunc_ln171/73 "/>
</bind>
</comp>

<comp id="1063" class="1004" name="icmp_ln166_fu_1063">
<pin_list>
<pin id="1064" dir="0" index="0" bw="24" slack="1"/>
<pin id="1065" dir="0" index="1" bw="1" slack="0"/>
<pin id="1066" dir="1" index="2" bw="1" slack="0"/>
</pin_list>
<bind>
<opcode="icmp(45) " fcode="icmp"/>
<opset="icmp_ln166/74 "/>
</bind>
</comp>

<comp id="1068" class="1004" name="select_ln171_fu_1068">
<pin_list>
<pin id="1069" dir="0" index="0" bw="1" slack="0"/>
<pin id="1070" dir="0" index="1" bw="1" slack="0"/>
<pin id="1071" dir="0" index="2" bw="8" slack="1"/>
<pin id="1072" dir="1" index="3" bw="8" slack="0"/>
</pin_list>
<bind>
<opcode="select(49) " fcode="select"/>
<opset="select_ln171/74 "/>
</bind>
</comp>

<comp id="1076" class="1007" name="grp_fu_1076">
<pin_list>
<pin id="1077" dir="0" index="0" bw="11" slack="0"/>
<pin id="1078" dir="0" index="1" bw="11" slack="0"/>
<pin id="1079" dir="0" index="2" bw="22" slack="2147483647"/>
<pin id="1080" dir="1" index="3" bw="22" slack="1"/>
</pin_list>
<bind>
<opcode="muladd(1172) " fcode="muladd"/>
<opset="mul_ln156_1/5 squaredMagnitude/7 "/>
</bind>
</comp>

<comp id="1083" class="1005" name="column_1_reg_1083">
<pin_list>
<pin id="1084" dir="0" index="0" bw="9" slack="0"/>
<pin id="1085" dir="1" index="1" bw="9" slack="0"/>
</pin_list>
<bind>
<opset="column_1 "/>
</bind>
</comp>

<comp id="1090" class="1005" name="result_7_read_reg_1090">
<pin_list>
<pin id="1091" dir="0" index="0" bw="2" slack="3"/>
<pin id="1092" dir="1" index="1" bw="2" slack="3"/>
</pin_list>
<bind>
<opset="result_7_read "/>
</bind>
</comp>

<comp id="1096" class="1005" name="writeSlot_read_reg_1096">
<pin_list>
<pin id="1097" dir="0" index="0" bw="2" slack="1"/>
<pin id="1098" dir="1" index="1" bw="2" slack="1"/>
</pin_list>
<bind>
<opset="writeSlot_read "/>
</bind>
</comp>

<comp id="1103" class="1005" name="result_read_reg_1103">
<pin_list>
<pin id="1104" dir="0" index="0" bw="2" slack="1"/>
<pin id="1105" dir="1" index="1" bw="2" slack="1"/>
</pin_list>
<bind>
<opset="result_read "/>
</bind>
</comp>

<comp id="1110" class="1005" name="column_reg_1110">
<pin_list>
<pin id="1111" dir="0" index="0" bw="9" slack="1"/>
<pin id="1112" dir="1" index="1" bw="9" slack="1"/>
</pin_list>
<bind>
<opset="column "/>
</bind>
</comp>

<comp id="1118" class="1005" name="icmp_ln118_reg_1118">
<pin_list>
<pin id="1119" dir="0" index="0" bw="1" slack="1"/>
<pin id="1120" dir="1" index="1" bw="1" slack="2147483647"/>
</pin_list>
<bind>
<opset="icmp_ln118 "/>
</bind>
</comp>

<comp id="1122" class="1005" name="trunc_ln118_reg_1122">
<pin_list>
<pin id="1123" dir="0" index="0" bw="1" slack="1"/>
<pin id="1124" dir="1" index="1" bw="1" slack="2"/>
</pin_list>
<bind>
<opset="trunc_ln118 "/>
</bind>
</comp>

<comp id="1132" class="1005" name="p_anonymous_namespace_lineBuffer_16_0_addr_reg_1132">
<pin_list>
<pin id="1133" dir="0" index="0" bw="10" slack="1"/>
<pin id="1134" dir="1" index="1" bw="10" slack="1"/>
</pin_list>
<bind>
<opset="p_anonymous_namespace_lineBuffer_16_0_addr "/>
</bind>
</comp>

<comp id="1137" class="1005" name="p_anonymous_namespace_lineBuffer_16_0_addr_2_reg_1137">
<pin_list>
<pin id="1138" dir="0" index="0" bw="10" slack="1"/>
<pin id="1139" dir="1" index="1" bw="10" slack="1"/>
</pin_list>
<bind>
<opset="p_anonymous_namespace_lineBuffer_16_0_addr_2 "/>
</bind>
</comp>

<comp id="1142" class="1005" name="p_anonymous_namespace_lineBuffer_16_1_addr_reg_1142">
<pin_list>
<pin id="1143" dir="0" index="0" bw="10" slack="1"/>
<pin id="1144" dir="1" index="1" bw="10" slack="1"/>
</pin_list>
<bind>
<opset="p_anonymous_namespace_lineBuffer_16_1_addr "/>
</bind>
</comp>

<comp id="1147" class="1005" name="p_anonymous_namespace_lineBuffer_16_1_addr_2_reg_1147">
<pin_list>
<pin id="1148" dir="0" index="0" bw="10" slack="1"/>
<pin id="1149" dir="1" index="1" bw="10" slack="1"/>
</pin_list>
<bind>
<opset="p_anonymous_namespace_lineBuffer_16_1_addr_2 "/>
</bind>
</comp>

<comp id="1152" class="1005" name="lshr_ln2_reg_1152">
<pin_list>
<pin id="1153" dir="0" index="0" bw="8" slack="1"/>
<pin id="1154" dir="1" index="1" bw="8" slack="1"/>
</pin_list>
<bind>
<opset="lshr_ln2 "/>
</bind>
</comp>

<comp id="1158" class="1005" name="p_anonymous_namespace_lineBuffer_16_0_addr_1_reg_1158">
<pin_list>
<pin id="1159" dir="0" index="0" bw="10" slack="1"/>
<pin id="1160" dir="1" index="1" bw="10" slack="1"/>
</pin_list>
<bind>
<opset="p_anonymous_namespace_lineBuffer_16_0_addr_1 "/>
</bind>
</comp>

<comp id="1163" class="1005" name="p_anonymous_namespace_lineBuffer_16_1_addr_1_reg_1163">
<pin_list>
<pin id="1164" dir="0" index="0" bw="10" slack="1"/>
<pin id="1165" dir="1" index="1" bw="10" slack="1"/>
</pin_list>
<bind>
<opset="p_anonymous_namespace_lineBuffer_16_1_addr_1 "/>
</bind>
</comp>

<comp id="1168" class="1005" name="lshr_ln143_1_reg_1168">
<pin_list>
<pin id="1169" dir="0" index="0" bw="8" slack="1"/>
<pin id="1170" dir="1" index="1" bw="8" slack="1"/>
</pin_list>
<bind>
<opset="lshr_ln143_1 "/>
</bind>
</comp>

<comp id="1174" class="1005" name="p_anonymous_namespace_lineBuffer_16_0_addr_3_reg_1174">
<pin_list>
<pin id="1175" dir="0" index="0" bw="10" slack="1"/>
<pin id="1176" dir="1" index="1" bw="10" slack="1"/>
</pin_list>
<bind>
<opset="p_anonymous_namespace_lineBuffer_16_0_addr_3 "/>
</bind>
</comp>

<comp id="1179" class="1005" name="p_anonymous_namespace_lineBuffer_16_1_addr_3_reg_1179">
<pin_list>
<pin id="1180" dir="0" index="0" bw="10" slack="1"/>
<pin id="1181" dir="1" index="1" bw="10" slack="1"/>
</pin_list>
<bind>
<opset="p_anonymous_namespace_lineBuffer_16_1_addr_3 "/>
</bind>
</comp>

<comp id="1184" class="1005" name="p_anonymous_namespace_lineBuffer_16_0_addr_6_reg_1184">
<pin_list>
<pin id="1185" dir="0" index="0" bw="10" slack="1"/>
<pin id="1186" dir="1" index="1" bw="10" slack="1"/>
</pin_list>
<bind>
<opset="p_anonymous_namespace_lineBuffer_16_0_addr_6 "/>
</bind>
</comp>

<comp id="1189" class="1005" name="p_anonymous_namespace_lineBuffer_16_1_addr_6_reg_1189">
<pin_list>
<pin id="1190" dir="0" index="0" bw="10" slack="1"/>
<pin id="1191" dir="1" index="1" bw="10" slack="1"/>
</pin_list>
<bind>
<opset="p_anonymous_namespace_lineBuffer_16_1_addr_6 "/>
</bind>
</comp>

<comp id="1194" class="1005" name="pixel_reg_1194">
<pin_list>
<pin id="1195" dir="0" index="0" bw="8" slack="1"/>
<pin id="1196" dir="1" index="1" bw="8" slack="1"/>
</pin_list>
<bind>
<opset="pixel "/>
</bind>
</comp>

<comp id="1199" class="1005" name="p_anonymous_namespace_lineBuffer_16_0_addr_7_reg_1199">
<pin_list>
<pin id="1200" dir="0" index="0" bw="10" slack="1"/>
<pin id="1201" dir="1" index="1" bw="10" slack="1"/>
</pin_list>
<bind>
<opset="p_anonymous_namespace_lineBuffer_16_0_addr_7 "/>
</bind>
</comp>

<comp id="1204" class="1005" name="p_anonymous_namespace_lineBuffer_16_1_addr_7_reg_1204">
<pin_list>
<pin id="1205" dir="0" index="0" bw="10" slack="1"/>
<pin id="1206" dir="1" index="1" bw="10" slack="1"/>
</pin_list>
<bind>
<opset="p_anonymous_namespace_lineBuffer_16_1_addr_7 "/>
</bind>
</comp>

<comp id="1209" class="1005" name="pixel_1_reg_1209">
<pin_list>
<pin id="1210" dir="0" index="0" bw="8" slack="1"/>
<pin id="1211" dir="1" index="1" bw="8" slack="1"/>
</pin_list>
<bind>
<opset="pixel_1 "/>
</bind>
</comp>

<comp id="1214" class="1005" name="tmp3_reg_1214">
<pin_list>
<pin id="1215" dir="0" index="0" bw="9" slack="1"/>
<pin id="1216" dir="1" index="1" bw="9" slack="1"/>
</pin_list>
<bind>
<opset="tmp3 "/>
</bind>
</comp>

<comp id="1219" class="1005" name="p_anonymous_namespace_lineBuffer_16_0_addr_4_reg_1219">
<pin_list>
<pin id="1220" dir="0" index="0" bw="10" slack="1"/>
<pin id="1221" dir="1" index="1" bw="10" slack="1"/>
</pin_list>
<bind>
<opset="p_anonymous_namespace_lineBuffer_16_0_addr_4 "/>
</bind>
</comp>

<comp id="1224" class="1005" name="p_anonymous_namespace_lineBuffer_16_1_addr_4_reg_1224">
<pin_list>
<pin id="1225" dir="0" index="0" bw="10" slack="1"/>
<pin id="1226" dir="1" index="1" bw="10" slack="1"/>
</pin_list>
<bind>
<opset="p_anonymous_namespace_lineBuffer_16_1_addr_4 "/>
</bind>
</comp>

<comp id="1229" class="1005" name="p_anonymous_namespace_lineBuffer_16_0_addr_5_reg_1229">
<pin_list>
<pin id="1230" dir="0" index="0" bw="10" slack="1"/>
<pin id="1231" dir="1" index="1" bw="10" slack="1"/>
</pin_list>
<bind>
<opset="p_anonymous_namespace_lineBuffer_16_0_addr_5 "/>
</bind>
</comp>

<comp id="1234" class="1005" name="p_anonymous_namespace_lineBuffer_16_1_addr_5_reg_1234">
<pin_list>
<pin id="1235" dir="0" index="0" bw="10" slack="1"/>
<pin id="1236" dir="1" index="1" bw="10" slack="1"/>
</pin_list>
<bind>
<opset="p_anonymous_namespace_lineBuffer_16_1_addr_5 "/>
</bind>
</comp>

<comp id="1239" class="1005" name="pixel_2_reg_1239">
<pin_list>
<pin id="1240" dir="0" index="0" bw="8" slack="2"/>
<pin id="1241" dir="1" index="1" bw="8" slack="2"/>
</pin_list>
<bind>
<opset="pixel_2 "/>
</bind>
</comp>

<comp id="1244" class="1005" name="sub_ln145_reg_1244">
<pin_list>
<pin id="1245" dir="0" index="0" bw="9" slack="1"/>
<pin id="1246" dir="1" index="1" bw="9" slack="1"/>
</pin_list>
<bind>
<opset="sub_ln145 "/>
</bind>
</comp>

<comp id="1249" class="1005" name="pixel_3_reg_1249">
<pin_list>
<pin id="1250" dir="0" index="0" bw="8" slack="2"/>
<pin id="1251" dir="1" index="1" bw="8" slack="2"/>
</pin_list>
<bind>
<opset="pixel_3 "/>
</bind>
</comp>

<comp id="1254" class="1005" name="add_ln149_2_reg_1254">
<pin_list>
<pin id="1255" dir="0" index="0" bw="10" slack="1"/>
<pin id="1256" dir="1" index="1" bw="10" slack="1"/>
</pin_list>
<bind>
<opset="add_ln149_2 "/>
</bind>
</comp>

<comp id="1260" class="1005" name="gradientY_reg_1260">
<pin_list>
<pin id="1261" dir="0" index="0" bw="11" slack="1"/>
<pin id="1262" dir="1" index="1" bw="11" slack="1"/>
</pin_list>
<bind>
<opset="gradientY "/>
</bind>
</comp>

<comp id="1268" class="1005" name="add_ln145_reg_1268">
<pin_list>
<pin id="1269" dir="0" index="0" bw="11" slack="1"/>
<pin id="1270" dir="1" index="1" bw="11" slack="1"/>
</pin_list>
<bind>
<opset="add_ln145 "/>
</bind>
</comp>

<comp id="1273" class="1005" name="sext_ln120_1_reg_1273">
<pin_list>
<pin id="1274" dir="0" index="0" bw="22" slack="1"/>
<pin id="1275" dir="1" index="1" bw="22" slack="1"/>
</pin_list>
<bind>
<opset="sext_ln120_1 "/>
</bind>
</comp>

<comp id="1279" class="1005" name="absoluteY_reg_1279">
<pin_list>
<pin id="1280" dir="0" index="0" bw="10" slack="1"/>
<pin id="1281" dir="1" index="1" bw="10" slack="1"/>
</pin_list>
<bind>
<opset="absoluteY "/>
</bind>
</comp>

<comp id="1284" class="1005" name="mul_ln45_reg_1284">
<pin_list>
<pin id="1285" dir="0" index="0" bw="20" slack="2"/>
<pin id="1286" dir="1" index="1" bw="20" slack="2"/>
</pin_list>
<bind>
<opset="mul_ln45 "/>
</bind>
</comp>

<comp id="1290" class="1005" name="gradientX_reg_1290">
<pin_list>
<pin id="1291" dir="0" index="0" bw="11" slack="2"/>
<pin id="1292" dir="1" index="1" bw="11" slack="2"/>
</pin_list>
<bind>
<opset="gradientX "/>
</bind>
</comp>

<comp id="1296" class="1005" name="mul_ln156_reg_1296">
<pin_list>
<pin id="1297" dir="0" index="0" bw="22" slack="1"/>
<pin id="1298" dir="1" index="1" bw="22" slack="1"/>
</pin_list>
<bind>
<opset="mul_ln156 "/>
</bind>
</comp>

<comp id="1301" class="1005" name="absoluteX_reg_1301">
<pin_list>
<pin id="1302" dir="0" index="0" bw="10" slack="1"/>
<pin id="1303" dir="1" index="1" bw="10" slack="1"/>
</pin_list>
<bind>
<opset="absoluteX "/>
</bind>
</comp>

<comp id="1307" class="1005" name="icmp_ln41_reg_1307">
<pin_list>
<pin id="1308" dir="0" index="0" bw="1" slack="2"/>
<pin id="1309" dir="1" index="1" bw="1" slack="2"/>
</pin_list>
<bind>
<opset="icmp_ln41 "/>
</bind>
</comp>

<comp id="1313" class="1005" name="icmp_ln45_reg_1313">
<pin_list>
<pin id="1314" dir="0" index="0" bw="1" slack="1"/>
<pin id="1315" dir="1" index="1" bw="1" slack="1"/>
</pin_list>
<bind>
<opset="icmp_ln45 "/>
</bind>
</comp>

<comp id="1319" class="1005" name="icmp_ln49_reg_1319">
<pin_list>
<pin id="1320" dir="0" index="0" bw="1" slack="1"/>
<pin id="1321" dir="1" index="1" bw="1" slack="1"/>
</pin_list>
<bind>
<opset="icmp_ln49 "/>
</bind>
</comp>

<comp id="1325" class="1005" name="zext_ln118_reg_1325">
<pin_list>
<pin id="1326" dir="0" index="0" bw="64" slack="66"/>
<pin id="1327" dir="1" index="1" bw="64" slack="66"/>
</pin_list>
<bind>
<opset="zext_ln118 "/>
</bind>
</comp>

<comp id="1330" class="1005" name="squaredMagnitude_reg_1330">
<pin_list>
<pin id="1331" dir="0" index="0" bw="22" slack="1"/>
<pin id="1332" dir="1" index="1" bw="22" slack="1"/>
</pin_list>
<bind>
<opset="squaredMagnitude "/>
</bind>
</comp>

<comp id="1335" class="1005" name="sext_ln162_reg_1335">
<pin_list>
<pin id="1336" dir="0" index="0" bw="32" slack="1"/>
<pin id="1337" dir="1" index="1" bw="32" slack="1"/>
</pin_list>
<bind>
<opset="sext_ln162 "/>
</bind>
</comp>

<comp id="1340" class="1005" name="conv59_i_reg_1340">
<pin_list>
<pin id="1341" dir="0" index="0" bw="64" slack="1"/>
<pin id="1342" dir="1" index="1" bw="64" slack="1"/>
</pin_list>
<bind>
<opset="conv59_i "/>
</bind>
</comp>

<comp id="1345" class="1005" name="dc_reg_1345">
<pin_list>
<pin id="1346" dir="0" index="0" bw="64" slack="1"/>
<pin id="1347" dir="1" index="1" bw="64" slack="1"/>
</pin_list>
<bind>
<opset="dc "/>
</bind>
</comp>

<comp id="1350" class="1005" name="xs_sign_reg_1350">
<pin_list>
<pin id="1351" dir="0" index="0" bw="1" slack="1"/>
<pin id="1352" dir="1" index="1" bw="1" slack="1"/>
</pin_list>
<bind>
<opset="xs_sign "/>
</bind>
</comp>

<comp id="1355" class="1005" name="zext_ln15_reg_1355">
<pin_list>
<pin id="1356" dir="0" index="0" bw="137" slack="1"/>
<pin id="1357" dir="1" index="1" bw="137" slack="1"/>
</pin_list>
<bind>
<opset="zext_ln15 "/>
</bind>
</comp>

<comp id="1360" class="1005" name="tmp_11_reg_1360">
<pin_list>
<pin id="1361" dir="0" index="0" bw="1" slack="1"/>
<pin id="1362" dir="1" index="1" bw="1" slack="1"/>
</pin_list>
<bind>
<opset="tmp_11 "/>
</bind>
</comp>

<comp id="1365" class="1005" name="zext_ln18_reg_1365">
<pin_list>
<pin id="1366" dir="0" index="0" bw="137" slack="1"/>
<pin id="1367" dir="1" index="1" bw="137" slack="1"/>
</pin_list>
<bind>
<opset="zext_ln18 "/>
</bind>
</comp>

<comp id="1370" class="1005" name="tmp_10_reg_1370">
<pin_list>
<pin id="1371" dir="0" index="0" bw="32" slack="1"/>
<pin id="1372" dir="1" index="1" bw="32" slack="1"/>
</pin_list>
<bind>
<opset="tmp_10 "/>
</bind>
</comp>

<comp id="1375" class="1005" name="tmp_13_reg_1375">
<pin_list>
<pin id="1376" dir="0" index="0" bw="24" slack="1"/>
<pin id="1377" dir="1" index="1" bw="24" slack="1"/>
</pin_list>
<bind>
<opset="tmp_13 "/>
</bind>
</comp>

<comp id="1380" class="1005" name="trunc_ln171_reg_1380">
<pin_list>
<pin id="1381" dir="0" index="0" bw="8" slack="1"/>
<pin id="1382" dir="1" index="1" bw="8" slack="1"/>
</pin_list>
<bind>
<opset="trunc_ln171 "/>
</bind>
</comp>

</comp_list>

<net_list>
<net id="121"><net_src comp="14" pin="0"/><net_sink comp="118" pin=0"/></net>

<net id="126"><net_src comp="16" pin="0"/><net_sink comp="122" pin=0"/></net>

<net id="127"><net_src comp="4" pin="0"/><net_sink comp="122" pin=1"/></net>

<net id="132"><net_src comp="16" pin="0"/><net_sink comp="128" pin=0"/></net>

<net id="133"><net_src comp="2" pin="0"/><net_sink comp="128" pin=1"/></net>

<net id="138"><net_src comp="16" pin="0"/><net_sink comp="134" pin=0"/></net>

<net id="139"><net_src comp="0" pin="0"/><net_sink comp="134" pin=1"/></net>

<net id="145"><net_src comp="10" pin="0"/><net_sink comp="140" pin=0"/></net>

<net id="146"><net_src comp="28" pin="0"/><net_sink comp="140" pin=1"/></net>

<net id="152"><net_src comp="10" pin="0"/><net_sink comp="147" pin=0"/></net>

<net id="153"><net_src comp="28" pin="0"/><net_sink comp="147" pin=1"/></net>

<net id="159"><net_src comp="12" pin="0"/><net_sink comp="154" pin=0"/></net>

<net id="160"><net_src comp="28" pin="0"/><net_sink comp="154" pin=1"/></net>

<net id="166"><net_src comp="12" pin="0"/><net_sink comp="161" pin=0"/></net>

<net id="167"><net_src comp="28" pin="0"/><net_sink comp="161" pin=1"/></net>

<net id="173"><net_src comp="10" pin="0"/><net_sink comp="168" pin=0"/></net>

<net id="174"><net_src comp="28" pin="0"/><net_sink comp="168" pin=1"/></net>

<net id="180"><net_src comp="12" pin="0"/><net_sink comp="175" pin=0"/></net>

<net id="181"><net_src comp="28" pin="0"/><net_sink comp="175" pin=1"/></net>

<net id="191"><net_src comp="168" pin="3"/><net_sink comp="182" pin=2"/></net>

<net id="201"><net_src comp="175" pin="3"/><net_sink comp="192" pin=2"/></net>

<net id="202"><net_src comp="140" pin="3"/><net_sink comp="182" pin=2"/></net>

<net id="203"><net_src comp="154" pin="3"/><net_sink comp="192" pin=2"/></net>

<net id="209"><net_src comp="10" pin="0"/><net_sink comp="204" pin=0"/></net>

<net id="210"><net_src comp="28" pin="0"/><net_sink comp="204" pin=1"/></net>

<net id="216"><net_src comp="12" pin="0"/><net_sink comp="211" pin=0"/></net>

<net id="217"><net_src comp="28" pin="0"/><net_sink comp="211" pin=1"/></net>

<net id="218"><net_src comp="204" pin="3"/><net_sink comp="182" pin=0"/></net>

<net id="219"><net_src comp="211" pin="3"/><net_sink comp="192" pin=0"/></net>

<net id="220"><net_src comp="147" pin="3"/><net_sink comp="182" pin=0"/></net>

<net id="221"><net_src comp="161" pin="3"/><net_sink comp="192" pin=0"/></net>

<net id="227"><net_src comp="10" pin="0"/><net_sink comp="222" pin=0"/></net>

<net id="228"><net_src comp="28" pin="0"/><net_sink comp="222" pin=1"/></net>

<net id="234"><net_src comp="12" pin="0"/><net_sink comp="229" pin=0"/></net>

<net id="235"><net_src comp="28" pin="0"/><net_sink comp="229" pin=1"/></net>

<net id="241"><net_src comp="10" pin="0"/><net_sink comp="236" pin=0"/></net>

<net id="242"><net_src comp="28" pin="0"/><net_sink comp="236" pin=1"/></net>

<net id="248"><net_src comp="12" pin="0"/><net_sink comp="243" pin=0"/></net>

<net id="249"><net_src comp="28" pin="0"/><net_sink comp="243" pin=1"/></net>

<net id="250"><net_src comp="222" pin="3"/><net_sink comp="182" pin=2"/></net>

<net id="251"><net_src comp="229" pin="3"/><net_sink comp="192" pin=2"/></net>

<net id="252"><net_src comp="236" pin="3"/><net_sink comp="182" pin=0"/></net>

<net id="253"><net_src comp="243" pin="3"/><net_sink comp="192" pin=0"/></net>

<net id="259"><net_src comp="10" pin="0"/><net_sink comp="254" pin=0"/></net>

<net id="260"><net_src comp="28" pin="0"/><net_sink comp="254" pin=1"/></net>

<net id="266"><net_src comp="12" pin="0"/><net_sink comp="261" pin=0"/></net>

<net id="267"><net_src comp="28" pin="0"/><net_sink comp="261" pin=1"/></net>

<net id="273"><net_src comp="10" pin="0"/><net_sink comp="268" pin=0"/></net>

<net id="274"><net_src comp="28" pin="0"/><net_sink comp="268" pin=1"/></net>

<net id="280"><net_src comp="12" pin="0"/><net_sink comp="275" pin=0"/></net>

<net id="281"><net_src comp="28" pin="0"/><net_sink comp="275" pin=1"/></net>

<net id="282"><net_src comp="254" pin="3"/><net_sink comp="182" pin=2"/></net>

<net id="283"><net_src comp="261" pin="3"/><net_sink comp="192" pin=2"/></net>

<net id="284"><net_src comp="268" pin="3"/><net_sink comp="182" pin=0"/></net>

<net id="285"><net_src comp="275" pin="3"/><net_sink comp="192" pin=0"/></net>

<net id="291"><net_src comp="8" pin="0"/><net_sink comp="286" pin=0"/></net>

<net id="292"><net_src comp="28" pin="0"/><net_sink comp="286" pin=1"/></net>

<net id="298"><net_src comp="286" pin="3"/><net_sink comp="293" pin=0"/></net>

<net id="304"><net_src comp="6" pin="0"/><net_sink comp="299" pin=0"/></net>

<net id="305"><net_src comp="28" pin="0"/><net_sink comp="299" pin=1"/></net>

<net id="311"><net_src comp="299" pin="3"/><net_sink comp="306" pin=0"/></net>

<net id="319"><net_src comp="70" pin="0"/><net_sink comp="315" pin=0"/></net>

<net id="325"><net_src comp="182" pin="7"/><net_sink comp="320" pin=1"/></net>

<net id="326"><net_src comp="192" pin="7"/><net_sink comp="320" pin=2"/></net>

<net id="332"><net_src comp="182" pin="3"/><net_sink comp="327" pin=1"/></net>

<net id="333"><net_src comp="192" pin="3"/><net_sink comp="327" pin=2"/></net>

<net id="338"><net_src comp="18" pin="0"/><net_sink comp="334" pin=0"/></net>

<net id="346"><net_src comp="339" pin="1"/><net_sink comp="342" pin=0"/></net>

<net id="347"><net_src comp="20" pin="0"/><net_sink comp="342" pin=1"/></net>

<net id="351"><net_src comp="339" pin="1"/><net_sink comp="348" pin=0"/></net>

<net id="358"><net_src comp="22" pin="0"/><net_sink comp="352" pin=0"/></net>

<net id="359"><net_src comp="14" pin="0"/><net_sink comp="352" pin=2"/></net>

<net id="360"><net_src comp="24" pin="0"/><net_sink comp="352" pin=3"/></net>

<net id="366"><net_src comp="26" pin="0"/><net_sink comp="361" pin=0"/></net>

<net id="367"><net_src comp="352" pin="4"/><net_sink comp="361" pin=2"/></net>

<net id="371"><net_src comp="361" pin="3"/><net_sink comp="368" pin=0"/></net>

<net id="372"><net_src comp="368" pin="1"/><net_sink comp="140" pin=2"/></net>

<net id="373"><net_src comp="368" pin="1"/><net_sink comp="154" pin=2"/></net>

<net id="379"><net_src comp="26" pin="0"/><net_sink comp="374" pin=0"/></net>

<net id="380"><net_src comp="352" pin="4"/><net_sink comp="374" pin=2"/></net>

<net id="384"><net_src comp="374" pin="3"/><net_sink comp="381" pin=0"/></net>

<net id="385"><net_src comp="381" pin="1"/><net_sink comp="147" pin=2"/></net>

<net id="386"><net_src comp="381" pin="1"/><net_sink comp="161" pin=2"/></net>

<net id="391"><net_src comp="20" pin="0"/><net_sink comp="387" pin=1"/></net>

<net id="398"><net_src comp="22" pin="0"/><net_sink comp="392" pin=0"/></net>

<net id="399"><net_src comp="387" pin="2"/><net_sink comp="392" pin=1"/></net>

<net id="400"><net_src comp="14" pin="0"/><net_sink comp="392" pin=2"/></net>

<net id="401"><net_src comp="24" pin="0"/><net_sink comp="392" pin=3"/></net>

<net id="407"><net_src comp="26" pin="0"/><net_sink comp="402" pin=0"/></net>

<net id="408"><net_src comp="392" pin="4"/><net_sink comp="402" pin=2"/></net>

<net id="412"><net_src comp="402" pin="3"/><net_sink comp="409" pin=0"/></net>

<net id="413"><net_src comp="409" pin="1"/><net_sink comp="168" pin=2"/></net>

<net id="414"><net_src comp="409" pin="1"/><net_sink comp="175" pin=2"/></net>

<net id="419"><net_src comp="18" pin="0"/><net_sink comp="415" pin=1"/></net>

<net id="426"><net_src comp="22" pin="0"/><net_sink comp="420" pin=0"/></net>

<net id="427"><net_src comp="415" pin="2"/><net_sink comp="420" pin=1"/></net>

<net id="428"><net_src comp="14" pin="0"/><net_sink comp="420" pin=2"/></net>

<net id="429"><net_src comp="24" pin="0"/><net_sink comp="420" pin=3"/></net>

<net id="435"><net_src comp="26" pin="0"/><net_sink comp="430" pin=0"/></net>

<net id="436"><net_src comp="420" pin="4"/><net_sink comp="430" pin=2"/></net>

<net id="440"><net_src comp="430" pin="3"/><net_sink comp="437" pin=0"/></net>

<net id="441"><net_src comp="437" pin="1"/><net_sink comp="204" pin=2"/></net>

<net id="442"><net_src comp="437" pin="1"/><net_sink comp="211" pin=2"/></net>

<net id="447"><net_src comp="415" pin="2"/><net_sink comp="443" pin=0"/></net>

<net id="453"><net_src comp="26" pin="0"/><net_sink comp="448" pin=0"/></net>

<net id="457"><net_src comp="448" pin="3"/><net_sink comp="454" pin=0"/></net>

<net id="458"><net_src comp="454" pin="1"/><net_sink comp="222" pin=2"/></net>

<net id="459"><net_src comp="454" pin="1"/><net_sink comp="229" pin=2"/></net>

<net id="465"><net_src comp="182" pin="7"/><net_sink comp="460" pin=1"/></net>

<net id="466"><net_src comp="192" pin="7"/><net_sink comp="460" pin=2"/></net>

<net id="472"><net_src comp="192" pin="7"/><net_sink comp="467" pin=1"/></net>

<net id="473"><net_src comp="182" pin="7"/><net_sink comp="467" pin=2"/></net>

<net id="477"><net_src comp="467" pin="3"/><net_sink comp="474" pin=0"/></net>

<net id="483"><net_src comp="26" pin="0"/><net_sink comp="478" pin=0"/></net>

<net id="487"><net_src comp="478" pin="3"/><net_sink comp="484" pin=0"/></net>

<net id="488"><net_src comp="484" pin="1"/><net_sink comp="236" pin=2"/></net>

<net id="489"><net_src comp="484" pin="1"/><net_sink comp="243" pin=2"/></net>

<net id="495"><net_src comp="182" pin="3"/><net_sink comp="490" pin=1"/></net>

<net id="496"><net_src comp="192" pin="3"/><net_sink comp="490" pin=2"/></net>

<net id="502"><net_src comp="192" pin="3"/><net_sink comp="497" pin=1"/></net>

<net id="503"><net_src comp="182" pin="3"/><net_sink comp="497" pin=2"/></net>

<net id="507"><net_src comp="497" pin="3"/><net_sink comp="504" pin=0"/></net>

<net id="512"><net_src comp="504" pin="1"/><net_sink comp="508" pin=0"/></net>

<net id="513"><net_src comp="474" pin="1"/><net_sink comp="508" pin=1"/></net>

<net id="519"><net_src comp="26" pin="0"/><net_sink comp="514" pin=0"/></net>

<net id="523"><net_src comp="514" pin="3"/><net_sink comp="520" pin=0"/></net>

<net id="524"><net_src comp="520" pin="1"/><net_sink comp="254" pin=2"/></net>

<net id="525"><net_src comp="520" pin="1"/><net_sink comp="261" pin=2"/></net>

<net id="534"><net_src comp="26" pin="0"/><net_sink comp="529" pin=0"/></net>

<net id="538"><net_src comp="529" pin="3"/><net_sink comp="535" pin=0"/></net>

<net id="539"><net_src comp="535" pin="1"/><net_sink comp="268" pin=2"/></net>

<net id="540"><net_src comp="535" pin="1"/><net_sink comp="275" pin=2"/></net>

<net id="547"><net_src comp="320" pin="3"/><net_sink comp="544" pin=0"/></net>

<net id="552"><net_src comp="541" pin="1"/><net_sink comp="548" pin=0"/></net>

<net id="553"><net_src comp="526" pin="1"/><net_sink comp="548" pin=1"/></net>

<net id="559"><net_src comp="30" pin="0"/><net_sink comp="554" pin=0"/></net>

<net id="560"><net_src comp="32" pin="0"/><net_sink comp="554" pin=2"/></net>

<net id="564"><net_src comp="554" pin="3"/><net_sink comp="561" pin=0"/></net>

<net id="569"><net_src comp="541" pin="1"/><net_sink comp="565" pin=0"/></net>

<net id="570"><net_src comp="526" pin="1"/><net_sink comp="565" pin=1"/></net>

<net id="574"><net_src comp="565" pin="2"/><net_sink comp="571" pin=0"/></net>

<net id="579"><net_src comp="544" pin="1"/><net_sink comp="575" pin=0"/></net>

<net id="580"><net_src comp="571" pin="1"/><net_sink comp="575" pin=1"/></net>

<net id="584"><net_src comp="327" pin="3"/><net_sink comp="581" pin=0"/></net>

<net id="589"><net_src comp="575" pin="2"/><net_sink comp="585" pin=0"/></net>

<net id="590"><net_src comp="581" pin="1"/><net_sink comp="585" pin=1"/></net>

<net id="594"><net_src comp="585" pin="2"/><net_sink comp="591" pin=0"/></net>

<net id="599"><net_src comp="585" pin="2"/><net_sink comp="595" pin=0"/></net>

<net id="600"><net_src comp="554" pin="3"/><net_sink comp="595" pin=1"/></net>

<net id="605"><net_src comp="591" pin="1"/><net_sink comp="601" pin=0"/></net>

<net id="606"><net_src comp="561" pin="1"/><net_sink comp="601" pin=1"/></net>

<net id="610"><net_src comp="320" pin="3"/><net_sink comp="607" pin=0"/></net>

<net id="614"><net_src comp="327" pin="3"/><net_sink comp="611" pin=0"/></net>

<net id="622"><net_src comp="611" pin="1"/><net_sink comp="618" pin=0"/></net>

<net id="623"><net_src comp="607" pin="1"/><net_sink comp="618" pin=1"/></net>

<net id="629"><net_src comp="30" pin="0"/><net_sink comp="624" pin=0"/></net>

<net id="630"><net_src comp="618" pin="2"/><net_sink comp="624" pin=1"/></net>

<net id="631"><net_src comp="32" pin="0"/><net_sink comp="624" pin=2"/></net>

<net id="635"><net_src comp="624" pin="3"/><net_sink comp="632" pin=0"/></net>

<net id="640"><net_src comp="632" pin="1"/><net_sink comp="636" pin=0"/></net>

<net id="641"><net_src comp="615" pin="1"/><net_sink comp="636" pin=1"/></net>

<net id="653"><net_src comp="34" pin="0"/><net_sink comp="648" pin=0"/></net>

<net id="654"><net_src comp="642" pin="1"/><net_sink comp="648" pin=1"/></net>

<net id="655"><net_src comp="36" pin="0"/><net_sink comp="648" pin=2"/></net>

<net id="660"><net_src comp="38" pin="0"/><net_sink comp="656" pin=0"/></net>

<net id="666"><net_src comp="648" pin="3"/><net_sink comp="661" pin=0"/></net>

<net id="667"><net_src comp="656" pin="2"/><net_sink comp="661" pin=1"/></net>

<net id="671"><net_src comp="661" pin="3"/><net_sink comp="668" pin=0"/></net>

<net id="676"><net_src comp="668" pin="1"/><net_sink comp="672" pin=0"/></net>

<net id="677"><net_src comp="40" pin="0"/><net_sink comp="672" pin=1"/></net>

<net id="688"><net_src comp="678" pin="1"/><net_sink comp="684" pin=1"/></net>

<net id="693"><net_src comp="684" pin="2"/><net_sink comp="689" pin=0"/></net>

<net id="694"><net_src comp="681" pin="1"/><net_sink comp="689" pin=1"/></net>

<net id="698"><net_src comp="689" pin="2"/><net_sink comp="695" pin=0"/></net>

<net id="702"><net_src comp="689" pin="2"/><net_sink comp="699" pin=0"/></net>

<net id="706"><net_src comp="689" pin="2"/><net_sink comp="703" pin=0"/></net>

<net id="711"><net_src comp="703" pin="1"/><net_sink comp="707" pin=0"/></net>

<net id="712"><net_src comp="703" pin="1"/><net_sink comp="707" pin=1"/></net>

<net id="718"><net_src comp="34" pin="0"/><net_sink comp="713" pin=0"/></net>

<net id="719"><net_src comp="695" pin="1"/><net_sink comp="713" pin=1"/></net>

<net id="720"><net_src comp="36" pin="0"/><net_sink comp="713" pin=2"/></net>

<net id="725"><net_src comp="38" pin="0"/><net_sink comp="721" pin=0"/></net>

<net id="726"><net_src comp="699" pin="1"/><net_sink comp="721" pin=1"/></net>

<net id="732"><net_src comp="713" pin="3"/><net_sink comp="727" pin=0"/></net>

<net id="733"><net_src comp="721" pin="2"/><net_sink comp="727" pin=1"/></net>

<net id="734"><net_src comp="699" pin="1"/><net_sink comp="727" pin=2"/></net>

<net id="739"><net_src comp="727" pin="3"/><net_sink comp="735" pin=0"/></net>

<net id="744"><net_src comp="735" pin="2"/><net_sink comp="740" pin=0"/></net>

<net id="745"><net_src comp="38" pin="0"/><net_sink comp="740" pin=1"/></net>

<net id="762"><net_src comp="749" pin="1"/><net_sink comp="758" pin=0"/></net>

<net id="763"><net_src comp="42" pin="0"/><net_sink comp="758" pin=1"/></net>

<net id="767"><net_src comp="758" pin="2"/><net_sink comp="764" pin=0"/></net>

<net id="772"><net_src comp="755" pin="1"/><net_sink comp="768" pin=0"/></net>

<net id="773"><net_src comp="764" pin="1"/><net_sink comp="768" pin=1"/></net>

<net id="778"><net_src comp="746" pin="1"/><net_sink comp="774" pin=0"/></net>

<net id="779"><net_src comp="44" pin="0"/><net_sink comp="774" pin=1"/></net>

<net id="783"><net_src comp="774" pin="2"/><net_sink comp="780" pin=0"/></net>

<net id="788"><net_src comp="752" pin="1"/><net_sink comp="784" pin=0"/></net>

<net id="789"><net_src comp="780" pin="1"/><net_sink comp="784" pin=1"/></net>

<net id="793"><net_src comp="790" pin="1"/><net_sink comp="286" pin=2"/></net>

<net id="801"><net_src comp="794" pin="2"/><net_sink comp="798" pin=0"/></net>

<net id="809"><net_src comp="802" pin="2"/><net_sink comp="806" pin=0"/></net>

<net id="814"><net_src comp="46" pin="0"/><net_sink comp="810" pin=1"/></net>

<net id="819"><net_src comp="810" pin="2"/><net_sink comp="815" pin=1"/></net>

<net id="824"><net_src comp="46" pin="0"/><net_sink comp="820" pin=1"/></net>

<net id="829"><net_src comp="820" pin="2"/><net_sink comp="825" pin=1"/></net>

<net id="834"><net_src comp="46" pin="0"/><net_sink comp="830" pin=1"/></net>

<net id="839"><net_src comp="825" pin="2"/><net_sink comp="835" pin=0"/></net>

<net id="840"><net_src comp="830" pin="2"/><net_sink comp="835" pin=1"/></net>

<net id="846"><net_src comp="34" pin="0"/><net_sink comp="841" pin=0"/></net>

<net id="847"><net_src comp="798" pin="1"/><net_sink comp="841" pin=1"/></net>

<net id="848"><net_src comp="36" pin="0"/><net_sink comp="841" pin=2"/></net>

<net id="854"><net_src comp="34" pin="0"/><net_sink comp="849" pin=0"/></net>

<net id="855"><net_src comp="806" pin="1"/><net_sink comp="849" pin=1"/></net>

<net id="856"><net_src comp="36" pin="0"/><net_sink comp="849" pin=2"/></net>

<net id="861"><net_src comp="849" pin="3"/><net_sink comp="857" pin=0"/></net>

<net id="862"><net_src comp="46" pin="0"/><net_sink comp="857" pin=1"/></net>

<net id="867"><net_src comp="825" pin="2"/><net_sink comp="863" pin=0"/></net>

<net id="872"><net_src comp="841" pin="3"/><net_sink comp="868" pin=0"/></net>

<net id="873"><net_src comp="857" pin="2"/><net_sink comp="868" pin=1"/></net>

<net id="878"><net_src comp="868" pin="2"/><net_sink comp="874" pin=0"/></net>

<net id="879"><net_src comp="863" pin="2"/><net_sink comp="874" pin=1"/></net>

<net id="886"><net_src comp="48" pin="0"/><net_sink comp="880" pin=0"/></net>

<net id="887"><net_src comp="815" pin="2"/><net_sink comp="880" pin=1"/></net>

<net id="888"><net_src comp="835" pin="2"/><net_sink comp="880" pin=2"/></net>

<net id="889"><net_src comp="874" pin="2"/><net_sink comp="880" pin=3"/></net>

<net id="903"><net_src comp="50" pin="0"/><net_sink comp="890" pin=0"/></net>

<net id="904"><net_src comp="52" pin="0"/><net_sink comp="890" pin=1"/></net>

<net id="905"><net_src comp="54" pin="0"/><net_sink comp="890" pin=2"/></net>

<net id="906"><net_src comp="56" pin="0"/><net_sink comp="890" pin=3"/></net>

<net id="907"><net_src comp="58" pin="0"/><net_sink comp="890" pin=4"/></net>

<net id="908"><net_src comp="60" pin="0"/><net_sink comp="890" pin=5"/></net>

<net id="909"><net_src comp="62" pin="0"/><net_sink comp="890" pin=6"/></net>

<net id="910"><net_src comp="64" pin="0"/><net_sink comp="890" pin=7"/></net>

<net id="911"><net_src comp="66" pin="0"/><net_sink comp="890" pin=8"/></net>

<net id="912"><net_src comp="68" pin="0"/><net_sink comp="890" pin=9"/></net>

<net id="913"><net_src comp="880" pin="4"/><net_sink comp="890" pin=10"/></net>

<net id="914"><net_src comp="890" pin="11"/><net_sink comp="293" pin=1"/></net>

<net id="918"><net_src comp="915" pin="1"/><net_sink comp="312" pin=0"/></net>

<net id="927"><net_src comp="72" pin="0"/><net_sink comp="922" pin=0"/></net>

<net id="928"><net_src comp="919" pin="1"/><net_sink comp="922" pin=1"/></net>

<net id="929"><net_src comp="74" pin="0"/><net_sink comp="922" pin=2"/></net>

<net id="935"><net_src comp="76" pin="0"/><net_sink comp="930" pin=0"/></net>

<net id="936"><net_src comp="919" pin="1"/><net_sink comp="930" pin=1"/></net>

<net id="937"><net_src comp="78" pin="0"/><net_sink comp="930" pin=2"/></net>

<net id="941"><net_src comp="919" pin="1"/><net_sink comp="938" pin=0"/></net>

<net id="948"><net_src comp="80" pin="0"/><net_sink comp="942" pin=0"/></net>

<net id="949"><net_src comp="46" pin="0"/><net_sink comp="942" pin=1"/></net>

<net id="950"><net_src comp="938" pin="1"/><net_sink comp="942" pin=2"/></net>

<net id="951"><net_src comp="32" pin="0"/><net_sink comp="942" pin=3"/></net>

<net id="955"><net_src comp="942" pin="4"/><net_sink comp="952" pin=0"/></net>

<net id="959"><net_src comp="930" pin="3"/><net_sink comp="956" pin=0"/></net>

<net id="964"><net_src comp="956" pin="1"/><net_sink comp="960" pin=0"/></net>

<net id="965"><net_src comp="82" pin="0"/><net_sink comp="960" pin=1"/></net>

<net id="971"><net_src comp="84" pin="0"/><net_sink comp="966" pin=0"/></net>

<net id="972"><net_src comp="960" pin="2"/><net_sink comp="966" pin=1"/></net>

<net id="973"><net_src comp="86" pin="0"/><net_sink comp="966" pin=2"/></net>

<net id="978"><net_src comp="88" pin="0"/><net_sink comp="974" pin=0"/></net>

<net id="979"><net_src comp="930" pin="3"/><net_sink comp="974" pin=1"/></net>

<net id="983"><net_src comp="974" pin="2"/><net_sink comp="980" pin=0"/></net>

<net id="989"><net_src comp="966" pin="3"/><net_sink comp="984" pin=0"/></net>

<net id="990"><net_src comp="980" pin="1"/><net_sink comp="984" pin=1"/></net>

<net id="991"><net_src comp="960" pin="2"/><net_sink comp="984" pin=2"/></net>

<net id="995"><net_src comp="984" pin="3"/><net_sink comp="992" pin=0"/></net>

<net id="999"><net_src comp="992" pin="1"/><net_sink comp="996" pin=0"/></net>

<net id="1004"><net_src comp="952" pin="1"/><net_sink comp="1000" pin=0"/></net>

<net id="1005"><net_src comp="996" pin="1"/><net_sink comp="1000" pin=1"/></net>

<net id="1012"><net_src comp="90" pin="0"/><net_sink comp="1006" pin=0"/></net>

<net id="1013"><net_src comp="1000" pin="2"/><net_sink comp="1006" pin=1"/></net>

<net id="1014"><net_src comp="92" pin="0"/><net_sink comp="1006" pin=2"/></net>

<net id="1015"><net_src comp="94" pin="0"/><net_sink comp="1006" pin=3"/></net>

<net id="1026"><net_src comp="90" pin="0"/><net_sink comp="1020" pin=0"/></net>

<net id="1027"><net_src comp="1016" pin="2"/><net_sink comp="1020" pin=1"/></net>

<net id="1028"><net_src comp="92" pin="0"/><net_sink comp="1020" pin=2"/></net>

<net id="1029"><net_src comp="94" pin="0"/><net_sink comp="1020" pin=3"/></net>

<net id="1035"><net_src comp="1020" pin="4"/><net_sink comp="1030" pin=2"/></net>

<net id="1040"><net_src comp="96" pin="0"/><net_sink comp="1036" pin=0"/></net>

<net id="1041"><net_src comp="1030" pin="3"/><net_sink comp="1036" pin=1"/></net>

<net id="1047"><net_src comp="1036" pin="2"/><net_sink comp="1042" pin=1"/></net>

<net id="1048"><net_src comp="1030" pin="3"/><net_sink comp="1042" pin=2"/></net>

<net id="1055"><net_src comp="98" pin="0"/><net_sink comp="1049" pin=0"/></net>

<net id="1056"><net_src comp="1042" pin="3"/><net_sink comp="1049" pin=1"/></net>

<net id="1057"><net_src comp="24" pin="0"/><net_sink comp="1049" pin=2"/></net>

<net id="1058"><net_src comp="36" pin="0"/><net_sink comp="1049" pin=3"/></net>

<net id="1062"><net_src comp="1042" pin="3"/><net_sink comp="1059" pin=0"/></net>

<net id="1067"><net_src comp="114" pin="0"/><net_sink comp="1063" pin=1"/></net>

<net id="1073"><net_src comp="1063" pin="2"/><net_sink comp="1068" pin=0"/></net>

<net id="1074"><net_src comp="116" pin="0"/><net_sink comp="1068" pin=1"/></net>

<net id="1075"><net_src comp="1068" pin="3"/><net_sink comp="306" pin=1"/></net>

<net id="1081"><net_src comp="645" pin="1"/><net_sink comp="1076" pin=0"/></net>

<net id="1082"><net_src comp="645" pin="1"/><net_sink comp="1076" pin=1"/></net>

<net id="1086"><net_src comp="118" pin="1"/><net_sink comp="1083" pin=0"/></net>

<net id="1087"><net_src comp="1083" pin="1"/><net_sink comp="334" pin=1"/></net>

<net id="1088"><net_src comp="1083" pin="1"/><net_sink comp="339" pin=0"/></net>

<net id="1089"><net_src comp="1083" pin="1"/><net_sink comp="443" pin=1"/></net>

<net id="1093"><net_src comp="122" pin="2"/><net_sink comp="1090" pin=0"/></net>

<net id="1094"><net_src comp="1090" pin="1"/><net_sink comp="514" pin=1"/></net>

<net id="1095"><net_src comp="1090" pin="1"/><net_sink comp="529" pin=1"/></net>

<net id="1099"><net_src comp="128" pin="2"/><net_sink comp="1096" pin=0"/></net>

<net id="1100"><net_src comp="1096" pin="1"/><net_sink comp="374" pin=1"/></net>

<net id="1101"><net_src comp="1096" pin="1"/><net_sink comp="448" pin=1"/></net>

<net id="1102"><net_src comp="1096" pin="1"/><net_sink comp="478" pin=1"/></net>

<net id="1106"><net_src comp="134" pin="2"/><net_sink comp="1103" pin=0"/></net>

<net id="1107"><net_src comp="1103" pin="1"/><net_sink comp="361" pin=1"/></net>

<net id="1108"><net_src comp="1103" pin="1"/><net_sink comp="402" pin=1"/></net>

<net id="1109"><net_src comp="1103" pin="1"/><net_sink comp="430" pin=1"/></net>

<net id="1113"><net_src comp="339" pin="1"/><net_sink comp="1110" pin=0"/></net>

<net id="1114"><net_src comp="1110" pin="1"/><net_sink comp="352" pin=1"/></net>

<net id="1115"><net_src comp="1110" pin="1"/><net_sink comp="387" pin=0"/></net>

<net id="1116"><net_src comp="1110" pin="1"/><net_sink comp="415" pin=0"/></net>

<net id="1117"><net_src comp="1110" pin="1"/><net_sink comp="790" pin=0"/></net>

<net id="1121"><net_src comp="342" pin="2"/><net_sink comp="1118" pin=0"/></net>

<net id="1125"><net_src comp="348" pin="1"/><net_sink comp="1122" pin=0"/></net>

<net id="1126"><net_src comp="1122" pin="1"/><net_sink comp="460" pin=0"/></net>

<net id="1127"><net_src comp="1122" pin="1"/><net_sink comp="467" pin=0"/></net>

<net id="1128"><net_src comp="1122" pin="1"/><net_sink comp="490" pin=0"/></net>

<net id="1129"><net_src comp="1122" pin="1"/><net_sink comp="497" pin=0"/></net>

<net id="1130"><net_src comp="1122" pin="1"/><net_sink comp="320" pin=0"/></net>

<net id="1131"><net_src comp="1122" pin="1"/><net_sink comp="327" pin=0"/></net>

<net id="1135"><net_src comp="140" pin="3"/><net_sink comp="1132" pin=0"/></net>

<net id="1136"><net_src comp="1132" pin="1"/><net_sink comp="182" pin=2"/></net>

<net id="1140"><net_src comp="147" pin="3"/><net_sink comp="1137" pin=0"/></net>

<net id="1141"><net_src comp="1137" pin="1"/><net_sink comp="182" pin=0"/></net>

<net id="1145"><net_src comp="154" pin="3"/><net_sink comp="1142" pin=0"/></net>

<net id="1146"><net_src comp="1142" pin="1"/><net_sink comp="192" pin=2"/></net>

<net id="1150"><net_src comp="161" pin="3"/><net_sink comp="1147" pin=0"/></net>

<net id="1151"><net_src comp="1147" pin="1"/><net_sink comp="192" pin=0"/></net>

<net id="1155"><net_src comp="392" pin="4"/><net_sink comp="1152" pin=0"/></net>

<net id="1156"><net_src comp="1152" pin="1"/><net_sink comp="448" pin=2"/></net>

<net id="1157"><net_src comp="1152" pin="1"/><net_sink comp="514" pin=2"/></net>

<net id="1161"><net_src comp="168" pin="3"/><net_sink comp="1158" pin=0"/></net>

<net id="1162"><net_src comp="1158" pin="1"/><net_sink comp="182" pin=2"/></net>

<net id="1166"><net_src comp="175" pin="3"/><net_sink comp="1163" pin=0"/></net>

<net id="1167"><net_src comp="1163" pin="1"/><net_sink comp="192" pin=2"/></net>

<net id="1171"><net_src comp="420" pin="4"/><net_sink comp="1168" pin=0"/></net>

<net id="1172"><net_src comp="1168" pin="1"/><net_sink comp="478" pin=2"/></net>

<net id="1173"><net_src comp="1168" pin="1"/><net_sink comp="529" pin=2"/></net>

<net id="1177"><net_src comp="204" pin="3"/><net_sink comp="1174" pin=0"/></net>

<net id="1178"><net_src comp="1174" pin="1"/><net_sink comp="182" pin=0"/></net>

<net id="1182"><net_src comp="211" pin="3"/><net_sink comp="1179" pin=0"/></net>

<net id="1183"><net_src comp="1179" pin="1"/><net_sink comp="192" pin=0"/></net>

<net id="1187"><net_src comp="222" pin="3"/><net_sink comp="1184" pin=0"/></net>

<net id="1188"><net_src comp="1184" pin="1"/><net_sink comp="182" pin=2"/></net>

<net id="1192"><net_src comp="229" pin="3"/><net_sink comp="1189" pin=0"/></net>

<net id="1193"><net_src comp="1189" pin="1"/><net_sink comp="192" pin=2"/></net>

<net id="1197"><net_src comp="460" pin="3"/><net_sink comp="1194" pin=0"/></net>

<net id="1198"><net_src comp="1194" pin="1"/><net_sink comp="526" pin=0"/></net>

<net id="1202"><net_src comp="236" pin="3"/><net_sink comp="1199" pin=0"/></net>

<net id="1203"><net_src comp="1199" pin="1"/><net_sink comp="182" pin=0"/></net>

<net id="1207"><net_src comp="243" pin="3"/><net_sink comp="1204" pin=0"/></net>

<net id="1208"><net_src comp="1204" pin="1"/><net_sink comp="192" pin=0"/></net>

<net id="1212"><net_src comp="490" pin="3"/><net_sink comp="1209" pin=0"/></net>

<net id="1213"><net_src comp="1209" pin="1"/><net_sink comp="541" pin=0"/></net>

<net id="1217"><net_src comp="508" pin="2"/><net_sink comp="1214" pin=0"/></net>

<net id="1218"><net_src comp="1214" pin="1"/><net_sink comp="554" pin=1"/></net>

<net id="1222"><net_src comp="254" pin="3"/><net_sink comp="1219" pin=0"/></net>

<net id="1223"><net_src comp="1219" pin="1"/><net_sink comp="182" pin=2"/></net>

<net id="1227"><net_src comp="261" pin="3"/><net_sink comp="1224" pin=0"/></net>

<net id="1228"><net_src comp="1224" pin="1"/><net_sink comp="192" pin=2"/></net>

<net id="1232"><net_src comp="268" pin="3"/><net_sink comp="1229" pin=0"/></net>

<net id="1233"><net_src comp="1229" pin="1"/><net_sink comp="182" pin=0"/></net>

<net id="1237"><net_src comp="275" pin="3"/><net_sink comp="1234" pin=0"/></net>

<net id="1238"><net_src comp="1234" pin="1"/><net_sink comp="192" pin=0"/></net>

<net id="1242"><net_src comp="320" pin="3"/><net_sink comp="1239" pin=0"/></net>

<net id="1243"><net_src comp="1239" pin="1"/><net_sink comp="678" pin=0"/></net>

<net id="1247"><net_src comp="548" pin="2"/><net_sink comp="1244" pin=0"/></net>

<net id="1248"><net_src comp="1244" pin="1"/><net_sink comp="615" pin=0"/></net>

<net id="1252"><net_src comp="327" pin="3"/><net_sink comp="1249" pin=0"/></net>

<net id="1253"><net_src comp="1249" pin="1"/><net_sink comp="681" pin=0"/></net>

<net id="1257"><net_src comp="595" pin="2"/><net_sink comp="1254" pin=0"/></net>

<net id="1258"><net_src comp="1254" pin="1"/><net_sink comp="656" pin=1"/></net>

<net id="1259"><net_src comp="1254" pin="1"/><net_sink comp="661" pin=2"/></net>

<net id="1263"><net_src comp="601" pin="2"/><net_sink comp="1260" pin=0"/></net>

<net id="1264"><net_src comp="1260" pin="1"/><net_sink comp="642" pin=0"/></net>

<net id="1265"><net_src comp="1260" pin="1"/><net_sink comp="645" pin=0"/></net>

<net id="1266"><net_src comp="1260" pin="1"/><net_sink comp="794" pin=1"/></net>

<net id="1267"><net_src comp="1260" pin="1"/><net_sink comp="802" pin=0"/></net>

<net id="1271"><net_src comp="636" pin="2"/><net_sink comp="1268" pin=0"/></net>

<net id="1272"><net_src comp="1268" pin="1"/><net_sink comp="684" pin=0"/></net>

<net id="1276"><net_src comp="645" pin="1"/><net_sink comp="1273" pin=0"/></net>

<net id="1277"><net_src comp="1273" pin="1"/><net_sink comp="1076" pin=0"/></net>

<net id="1278"><net_src comp="1273" pin="1"/><net_sink comp="1076" pin=1"/></net>

<net id="1282"><net_src comp="661" pin="3"/><net_sink comp="1279" pin=0"/></net>

<net id="1283"><net_src comp="1279" pin="1"/><net_sink comp="735" pin=1"/></net>

<net id="1287"><net_src comp="672" pin="2"/><net_sink comp="1284" pin=0"/></net>

<net id="1288"><net_src comp="1284" pin="1"/><net_sink comp="752" pin=0"/></net>

<net id="1289"><net_src comp="1284" pin="1"/><net_sink comp="755" pin=0"/></net>

<net id="1293"><net_src comp="689" pin="2"/><net_sink comp="1290" pin=0"/></net>

<net id="1294"><net_src comp="1290" pin="1"/><net_sink comp="794" pin=0"/></net>

<net id="1295"><net_src comp="1290" pin="1"/><net_sink comp="802" pin=1"/></net>

<net id="1299"><net_src comp="707" pin="2"/><net_sink comp="1296" pin=0"/></net>

<net id="1300"><net_src comp="1296" pin="1"/><net_sink comp="1076" pin=0"/></net>

<net id="1304"><net_src comp="727" pin="3"/><net_sink comp="1301" pin=0"/></net>

<net id="1305"><net_src comp="1301" pin="1"/><net_sink comp="746" pin=0"/></net>

<net id="1306"><net_src comp="1301" pin="1"/><net_sink comp="749" pin=0"/></net>

<net id="1310"><net_src comp="740" pin="2"/><net_sink comp="1307" pin=0"/></net>

<net id="1311"><net_src comp="1307" pin="1"/><net_sink comp="815" pin=0"/></net>

<net id="1312"><net_src comp="1307" pin="1"/><net_sink comp="820" pin=0"/></net>

<net id="1316"><net_src comp="768" pin="2"/><net_sink comp="1313" pin=0"/></net>

<net id="1317"><net_src comp="1313" pin="1"/><net_sink comp="810" pin=0"/></net>

<net id="1318"><net_src comp="1313" pin="1"/><net_sink comp="825" pin=0"/></net>

<net id="1322"><net_src comp="784" pin="2"/><net_sink comp="1319" pin=0"/></net>

<net id="1323"><net_src comp="1319" pin="1"/><net_sink comp="830" pin=0"/></net>

<net id="1324"><net_src comp="1319" pin="1"/><net_sink comp="863" pin=1"/></net>

<net id="1328"><net_src comp="790" pin="1"/><net_sink comp="1325" pin=0"/></net>

<net id="1329"><net_src comp="1325" pin="1"/><net_sink comp="299" pin=2"/></net>

<net id="1333"><net_src comp="1076" pin="3"/><net_sink comp="1330" pin=0"/></net>

<net id="1334"><net_src comp="1330" pin="1"/><net_sink comp="915" pin=0"/></net>

<net id="1338"><net_src comp="915" pin="1"/><net_sink comp="1335" pin=0"/></net>

<net id="1339"><net_src comp="1335" pin="1"/><net_sink comp="312" pin=0"/></net>

<net id="1343"><net_src comp="312" pin="1"/><net_sink comp="1340" pin=0"/></net>

<net id="1344"><net_src comp="1340" pin="1"/><net_sink comp="315" pin=1"/></net>

<net id="1348"><net_src comp="315" pin="2"/><net_sink comp="1345" pin=0"/></net>

<net id="1349"><net_src comp="1345" pin="1"/><net_sink comp="919" pin=0"/></net>

<net id="1353"><net_src comp="922" pin="3"/><net_sink comp="1350" pin=0"/></net>

<net id="1354"><net_src comp="1350" pin="1"/><net_sink comp="1042" pin=0"/></net>

<net id="1358"><net_src comp="952" pin="1"/><net_sink comp="1355" pin=0"/></net>

<net id="1359"><net_src comp="1355" pin="1"/><net_sink comp="1016" pin=0"/></net>

<net id="1363"><net_src comp="966" pin="3"/><net_sink comp="1360" pin=0"/></net>

<net id="1364"><net_src comp="1360" pin="1"/><net_sink comp="1030" pin=0"/></net>

<net id="1368"><net_src comp="996" pin="1"/><net_sink comp="1365" pin=0"/></net>

<net id="1369"><net_src comp="1365" pin="1"/><net_sink comp="1016" pin=1"/></net>

<net id="1373"><net_src comp="1006" pin="4"/><net_sink comp="1370" pin=0"/></net>

<net id="1374"><net_src comp="1370" pin="1"/><net_sink comp="1030" pin=1"/></net>

<net id="1378"><net_src comp="1049" pin="4"/><net_sink comp="1375" pin=0"/></net>

<net id="1379"><net_src comp="1375" pin="1"/><net_sink comp="1063" pin=0"/></net>

<net id="1383"><net_src comp="1059" pin="1"/><net_sink comp="1380" pin=0"/></net>

<net id="1384"><net_src comp="1380" pin="1"/><net_sink comp="1068" pin=2"/></net>

</net_list>

</model> 
---------------- Datapath Model END ------------------

* FSMD analyzer results:
  - Output states:
	Port: out_sobel_magnitude | {74 }
	Port: out_sobel_direction | {8 }
 - Input state : 
	Port: sobel_Pipeline_VITIS_LOOP_118_2 : result | {1 }
	Port: sobel_Pipeline_VITIS_LOOP_118_2 : writeSlot | {1 }
	Port: sobel_Pipeline_VITIS_LOOP_118_2 : result_7 | {1 }
	Port: sobel_Pipeline_VITIS_LOOP_118_2 : p_anonymous_namespace_lineBuffer_16_0 | {2 3 4 5 }
	Port: sobel_Pipeline_VITIS_LOOP_118_2 : p_anonymous_namespace_lineBuffer_16_1 | {2 3 4 5 }
  - Chain level:
	State 1
		store_ln118 : 1
		column : 1
		icmp_ln118 : 2
		br_ln118 : 3
		trunc_ln118 : 2
	State 2
		tmp_5 : 1
		zext_ln143 : 2
		p_anonymous_namespace_lineBuffer_16_0_addr : 3
		tmp_7 : 1
		zext_ln143_1 : 2
		p_anonymous_namespace_lineBuffer_16_0_addr_2 : 3
		p_anonymous_namespace_lineBuffer_16_1_addr : 3
		p_anonymous_namespace_lineBuffer_16_1_addr_2 : 3
		lshr_ln2 : 1
		tmp_9 : 2
		zext_ln143_2 : 3
		p_anonymous_namespace_lineBuffer_16_0_addr_1 : 4
		p_anonymous_namespace_lineBuffer_16_1_addr_1 : 4
		p_anonymous_namespace_lineBuffer_16_0_load : 5
		p_anonymous_namespace_lineBuffer_16_1_load : 5
		p_anonymous_namespace_lineBuffer_16_0_load_1 : 4
		p_anonymous_namespace_lineBuffer_16_1_load_1 : 4
		lshr_ln143_1 : 1
		tmp_2 : 2
		zext_ln143_6 : 3
		p_anonymous_namespace_lineBuffer_16_0_addr_3 : 4
		p_anonymous_namespace_lineBuffer_16_1_addr_3 : 4
		p_anonymous_namespace_lineBuffer_16_0_load_2 : 5
		p_anonymous_namespace_lineBuffer_16_1_load_2 : 5
		p_anonymous_namespace_lineBuffer_16_0_load_6 : 4
		p_anonymous_namespace_lineBuffer_16_1_load_6 : 4
		store_ln118 : 1
	State 3
		zext_ln143_5 : 1
		p_anonymous_namespace_lineBuffer_16_0_addr_6 : 2
		p_anonymous_namespace_lineBuffer_16_1_addr_6 : 2
		pixel : 1
		select_ln143 : 1
		zext_ln140 : 2
		zext_ln143_8 : 1
		p_anonymous_namespace_lineBuffer_16_0_addr_7 : 2
		p_anonymous_namespace_lineBuffer_16_1_addr_7 : 2
		pixel_1 : 1
		p_anonymous_namespace_lineBuffer_16_0_load_5 : 3
		p_anonymous_namespace_lineBuffer_16_1_load_5 : 3
		select_ln143_5 : 1
		select_ln143_6_cast : 2
		tmp3 : 3
		p_anonymous_namespace_lineBuffer_16_0_load_7 : 3
		p_anonymous_namespace_lineBuffer_16_1_load_7 : 3
	State 4
		zext_ln143_3 : 1
		p_anonymous_namespace_lineBuffer_16_0_addr_4 : 2
		p_anonymous_namespace_lineBuffer_16_1_addr_4 : 2
		zext_ln143_7 : 1
		p_anonymous_namespace_lineBuffer_16_0_addr_5 : 2
		p_anonymous_namespace_lineBuffer_16_1_addr_5 : 2
		p_anonymous_namespace_lineBuffer_16_0_load_3 : 3
		p_anonymous_namespace_lineBuffer_16_1_load_3 : 3
		p_anonymous_namespace_lineBuffer_16_0_load_4 : 3
		p_anonymous_namespace_lineBuffer_16_1_load_4 : 3
		pixel_2 : 1
		zext_ln142_2 : 2
		sub_ln145 : 1
		sext_ln149 : 1
		add_ln149 : 1
		zext_ln149 : 2
		sub_ln149 : 3
		pixel_3 : 1
		zext_ln142_3 : 2
		add_ln149_1 : 4
		sext_ln149_3 : 5
		add_ln149_2 : 5
		gradientY : 6
	State 5
		select_ln143_2 : 1
		zext_ln143_4 : 2
		select_ln143_3 : 1
		zext_ln25 : 2
		tmp : 3
		tmp_6 : 4
		sext_ln119 : 5
		add_ln145 : 6
		mul_ln156_1 : 1
		tmp_15 : 1
		absoluteY : 2
		zext_ln39 : 3
		mul_ln45 : 4
	State 6
		gradientX_2 : 1
		gradientX : 2
		sext_ln149_1 : 3
		trunc_ln149 : 3
		sext_ln149_2 : 3
		mul_ln156 : 4
		tmp_14 : 4
		sub_ln31 : 4
		absoluteX : 5
		or_ln41 : 6
		icmp_ln41 : 6
	State 7
		squaredMagnitude : 1
		mul_ln45_1 : 1
		zext_ln45_2 : 2
		icmp_ln45 : 3
		mul_ln49 : 1
		zext_ln49 : 2
		icmp_ln49 : 3
	State 8
		tmp_16 : 1
		tmp_17 : 1
		xor_ln55 : 2
		and_ln55_2 : 2
		and_ln55_3 : 2
		sel_tmp : 2
		retval_0_i_i : 3
		out_sobel_direction_addr : 1
		store_ln173 : 4
	State 9
		conv59_i : 1
	State 10
	State 11
	State 12
	State 13
	State 14
	State 15
	State 16
	State 17
	State 18
	State 19
	State 20
	State 21
	State 22
	State 23
	State 24
	State 25
	State 26
	State 27
	State 28
	State 29
	State 30
	State 31
	State 32
	State 33
	State 34
	State 35
	State 36
	State 37
	State 38
	State 39
	State 40
	State 41
	State 42
	State 43
	State 44
	State 45
	State 46
	State 47
	State 48
	State 49
	State 50
	State 51
	State 52
	State 53
	State 54
	State 55
	State 56
	State 57
	State 58
	State 59
	State 60
	State 61
	State 62
	State 63
	State 64
	State 65
	State 66
	State 67
	State 68
	State 69
	State 70
	State 71
	State 72
		xs_sign : 1
		xs_exp : 1
		trunc_ln505 : 1
		mantissa : 2
		zext_ln15 : 3
		zext_ln486 : 2
		add_ln486 : 3
		tmp_11 : 4
		sub_ln18 : 2
		sext_ln18 : 3
		select_ln18 : 5
		sext_ln18_1 : 6
		zext_ln18 : 7
		lshr_ln18 : 8
		tmp_10 : 9
	State 73
		tmp_12 : 1
		val : 2
		result_2 : 3
		result_4 : 4
		tmp_13 : 5
		trunc_ln171 : 5
	State 74
		select_ln171 : 1
		store_ln170 : 2


============================================================
+ Verbose Summary: Datapath Resource usage 
============================================================

* Functional unit list:
|----------|----------------------------|---------|---------|---------|
| Operation|       Functional Unit      |   DSP   |    FF   |   LUT   |
|----------|----------------------------|---------|---------|---------|
|          |         tmp3_fu_508        |    0    |    0    |    15   |
|          |      sub_ln145_fu_548      |    0    |    0    |    15   |
|          |      sub_ln149_fu_575      |    0    |    0    |    18   |
|          |         tmp_fu_618         |    0    |    0    |    15   |
|    sub   |      sub_ln31_1_fu_656     |    0    |    0    |    17   |
|          |     gradientX_2_fu_684     |    0    |    0    |    17   |
|          |       sub_ln31_fu_721      |    0    |    0    |    17   |
|          |       sub_ln18_fu_974      |    0    |    0    |    18   |
|          |      result_2_fu_1036      |    0    |    0    |    39   |
|----------|----------------------------|---------|---------|---------|
|   lshr   |      lshr_ln18_fu_1000     |    0    |    0    |   159   |
|----------|----------------------------|---------|---------|---------|
|    shl   |      shl_ln18_fu_1016      |    0    |    0    |   159   |
|----------|----------------------------|---------|---------|---------|
|          |         grp_fu_320         |    0    |    0    |    8    |
|          |         grp_fu_327         |    0    |    0    |    8    |
|          |        pixel_fu_460        |    0    |    0    |    8    |
|          |     select_ln143_fu_467    |    0    |    0    |    8    |
|          |       pixel_1_fu_490       |    0    |    0    |    8    |
|  select  |    select_ln143_5_fu_497   |    0    |    0    |    8    |
|          |      absoluteY_fu_661      |    0    |    0    |    10   |
|          |      absoluteX_fu_727      |    0    |    0    |    10   |
|          |     select_ln18_fu_984     |    0    |    0    |    11   |
|          |         val_fu_1030        |    0    |    0    |    32   |
|          |      result_4_fu_1042      |    0    |    0    |    32   |
|          |    select_ln171_fu_1068    |    0    |    0    |    8    |
|----------|----------------------------|---------|---------|---------|
|          |      add_ln140_fu_387      |    0    |    0    |    16   |
|          |     add_ln140_1_fu_415     |    0    |    0    |    16   |
|          |      add_ln149_fu_565      |    0    |    0    |    15   |
|          |     add_ln149_1_fu_585     |    0    |    0    |    18   |
|    add   |     add_ln149_2_fu_595     |    0    |    0    |    17   |
|          |      gradientY_fu_601      |    0    |    0    |    17   |
|          |      add_ln145_fu_636      |    0    |    0    |    17   |
|          |      gradientX_fu_689      |    0    |    0    |    17   |
|          |      add_ln486_fu_960      |    0    |    0    |    18   |
|----------|----------------------------|---------|---------|---------|
|          |      icmp_ln118_fu_342     |    0    |    0    |    16   |
|          |      icmp_ln41_fu_740      |    0    |    0    |    17   |
|   icmp   |      icmp_ln45_fu_768      |    0    |    0    |    27   |
|          |      icmp_ln49_fu_784      |    0    |    0    |    29   |
|          |     icmp_ln166_fu_1063     |    0    |    0    |    31   |
|----------|----------------------------|---------|---------|---------|
|          |       mul_ln45_fu_672      |    1    |    0    |    5    |
|    mul   |      mul_ln156_fu_707      |    1    |    0    |    5    |
|          |      mul_ln45_1_fu_758     |    0    |    0    |    62   |
|          |       mul_ln49_fu_774      |    1    |    0    |    5    |
|----------|----------------------------|---------|---------|---------|
|          |       or_ln41_fu_735       |    0    |    0    |    10   |
|    or    |       or_ln54_fu_794       |    0    |    0    |    11   |
|          |       or_ln45_fu_815       |    0    |    0    |    2    |
|----------|----------------------------|---------|---------|---------|
|          |       and_ln55_fu_802      |    0    |    0    |    11   |
|          |       and_ln45_fu_825      |    0    |    0    |    2    |
|    and   |       and_ln49_fu_835      |    0    |    0    |    2    |
|          |      and_ln55_1_fu_863     |    0    |    0    |    2    |
|          |      and_ln55_2_fu_868     |    0    |    0    |    2    |
|          |      and_ln55_3_fu_874     |    0    |    0    |    2    |
|----------|----------------------------|---------|---------|---------|
| sparsemux|     retval_0_i_i_fu_890    |    0    |    0    |    14   |
|----------|----------------------------|---------|---------|---------|
|          |       xor_ln45_fu_810      |    0    |    0    |    2    |
|    xor   |       xor_ln41_fu_820      |    0    |    0    |    2    |
|          |       xor_ln49_fu_830      |    0    |    0    |    2    |
|          |       xor_ln55_fu_857      |    0    |    0    |    2    |
|----------|----------------------------|---------|---------|---------|
|  muladd  |         grp_fu_1076        |    1    |    0    |    0    |
|----------|----------------------------|---------|---------|---------|
|          |  result_7_read_read_fu_122 |    0    |    0    |    0    |
|   read   | writeSlot_read_read_fu_128 |    0    |    0    |    0    |
|          |   result_read_read_fu_134  |    0    |    0    |    0    |
|----------|----------------------------|---------|---------|---------|
|  sitodp  |         grp_fu_312         |    0    |    0    |    0    |
|----------|----------------------------|---------|---------|---------|
|   dsqrt  |         grp_fu_315         |    0    |    0    |    0    |
|----------|----------------------------|---------|---------|---------|
|          |     trunc_ln118_fu_348     |    0    |    0    |    0    |
|   trunc  |     trunc_ln149_fu_699     |    0    |    0    |    0    |
|          |     trunc_ln505_fu_938     |    0    |    0    |    0    |
|          |     trunc_ln171_fu_1059    |    0    |    0    |    0    |
|----------|----------------------------|---------|---------|---------|
|          |       lshr_ln1_fu_352      |    0    |    0    |    0    |
|          |       lshr_ln2_fu_392      |    0    |    0    |    0    |
|          |     lshr_ln143_1_fu_420    |    0    |    0    |    0    |
|partselect|        xs_exp_fu_930       |    0    |    0    |    0    |
|          |       tmp_10_fu_1006       |    0    |    0    |    0    |
|          |       tmp_12_fu_1020       |    0    |    0    |    0    |
|          |       tmp_13_fu_1049       |    0    |    0    |    0    |
|----------|----------------------------|---------|---------|---------|
|          |        tmp_5_fu_361        |    0    |    0    |    0    |
|          |        tmp_7_fu_374        |    0    |    0    |    0    |
|          |        tmp_9_fu_402        |    0    |    0    |    0    |
|          |        tmp_2_fu_430        |    0    |    0    |    0    |
|          |        tmp_1_fu_448        |    0    |    0    |    0    |
|bitconcatenate|        tmp_4_fu_478        |    0    |    0    |    0    |
|          |        tmp_s_fu_514        |    0    |    0    |    0    |
|          |        tmp_3_fu_529        |    0    |    0    |    0    |
|          |        tmp_8_fu_554        |    0    |    0    |    0    |
|          |        tmp_6_fu_624        |    0    |    0    |    0    |
|          |       sel_tmp_fu_880       |    0    |    0    |    0    |
|          |       mantissa_fu_942      |    0    |    0    |    0    |
|----------|----------------------------|---------|---------|---------|
|          |      zext_ln143_fu_368     |    0    |    0    |    0    |
|          |     zext_ln143_1_fu_381    |    0    |    0    |    0    |
|          |     zext_ln143_2_fu_409    |    0    |    0    |    0    |
|          |     zext_ln143_6_fu_437    |    0    |    0    |    0    |
|          |     zext_ln143_5_fu_454    |    0    |    0    |    0    |
|          |      zext_ln140_fu_474     |    0    |    0    |    0    |
|          |     zext_ln143_8_fu_484    |    0    |    0    |    0    |
|          | select_ln143_6_cast_fu_504 |    0    |    0    |    0    |
|          |     zext_ln143_3_fu_520    |    0    |    0    |    0    |
|          |      zext_ln142_fu_526     |    0    |    0    |    0    |
|          |     zext_ln143_7_fu_535    |    0    |    0    |    0    |
|          |     zext_ln142_1_fu_541    |    0    |    0    |    0    |
|          |     zext_ln142_2_fu_544    |    0    |    0    |    0    |
|          |      zext_ln149_fu_571     |    0    |    0    |    0    |
|   zext   |     zext_ln142_3_fu_581    |    0    |    0    |    0    |
|          |     zext_ln143_4_fu_607    |    0    |    0    |    0    |
|          |      zext_ln25_fu_611      |    0    |    0    |    0    |
|          |      zext_ln39_fu_668      |    0    |    0    |    0    |
|          |     zext_ln142_4_fu_678    |    0    |    0    |    0    |
|          |     zext_ln142_5_fu_681    |    0    |    0    |    0    |
|          |      zext_ln38_fu_746      |    0    |    0    |    0    |
|          |     zext_ln38_1_fu_749     |    0    |    0    |    0    |
|          |      zext_ln45_fu_752      |    0    |    0    |    0    |
|          |     zext_ln45_1_fu_755     |    0    |    0    |    0    |
|          |     zext_ln45_2_fu_764     |    0    |    0    |    0    |
|          |      zext_ln49_fu_780      |    0    |    0    |    0    |
|          |      zext_ln118_fu_790     |    0    |    0    |    0    |
|          |      zext_ln15_fu_952      |    0    |    0    |    0    |
|          |      zext_ln486_fu_956     |    0    |    0    |    0    |
|          |      zext_ln18_fu_996      |    0    |    0    |    0    |
|----------|----------------------------|---------|---------|---------|
|          |      sext_ln149_fu_561     |    0    |    0    |    0    |
|          |     sext_ln149_3_fu_591    |    0    |    0    |    0    |
|          |   sub_ln145_cast1_fu_615   |    0    |    0    |    0    |
|          |      sext_ln119_fu_632     |    0    |    0    |    0    |
|          |      sext_ln120_fu_642     |    0    |    0    |    0    |
|          |     sext_ln120_1_fu_645    |    0    |    0    |    0    |
|   sext   |     sext_ln149_1_fu_695    |    0    |    0    |    0    |
|          |     sext_ln149_2_fu_703    |    0    |    0    |    0    |
|          |      sext_ln55_fu_798      |    0    |    0    |    0    |
|          |      sext_ln45_fu_806      |    0    |    0    |    0    |
|          |      sext_ln162_fu_915     |    0    |    0    |    0    |
|          |      sext_ln18_fu_980      |    0    |    0    |    0    |
|          |     sext_ln18_1_fu_992     |    0    |    0    |    0    |
|----------|----------------------------|---------|---------|---------|
|          |        tmp_15_fu_648       |    0    |    0    |    0    |
|          |        tmp_14_fu_713       |    0    |    0    |    0    |
| bitselect|        tmp_16_fu_841       |    0    |    0    |    0    |
|          |        tmp_17_fu_849       |    0    |    0    |    0    |
|          |       xs_sign_fu_922       |    0    |    0    |    0    |
|          |        tmp_11_fu_966       |    0    |    0    |    0    |
|----------|----------------------------|---------|---------|---------|
|   Total  |                            |    4    |    0    |   1054  |
|----------|----------------------------|---------|---------|---------|

Memories:
N/A

* Register list:
+-----------------------------------------------------+--------+
|                                                     |   FF   |
+-----------------------------------------------------+--------+
|                  absoluteX_reg_1301                 |   10   |
|                  absoluteY_reg_1279                 |   10   |
|                  add_ln145_reg_1268                 |   11   |
|                 add_ln149_2_reg_1254                |   10   |
|                  column_1_reg_1083                  |    9   |
|                   column_reg_1110                   |    9   |
|                  conv59_i_reg_1340                  |   64   |
|                     dc_reg_1345                     |   64   |
|                  gradientX_reg_1290                 |   11   |
|                  gradientY_reg_1260                 |   11   |
|                 icmp_ln118_reg_1118                 |    1   |
|                  icmp_ln41_reg_1307                 |    1   |
|                  icmp_ln45_reg_1313                 |    1   |
|                  icmp_ln49_reg_1319                 |    1   |
|                lshr_ln143_1_reg_1168                |    8   |
|                  lshr_ln2_reg_1152                  |    8   |
|                  mul_ln156_reg_1296                 |   22   |
|                  mul_ln45_reg_1284                  |   20   |
|p_anonymous_namespace_lineBuffer_16_0_addr_1_reg_1158|   10   |
|p_anonymous_namespace_lineBuffer_16_0_addr_2_reg_1137|   10   |
|p_anonymous_namespace_lineBuffer_16_0_addr_3_reg_1174|   10   |
|p_anonymous_namespace_lineBuffer_16_0_addr_4_reg_1219|   10   |
|p_anonymous_namespace_lineBuffer_16_0_addr_5_reg_1229|   10   |
|p_anonymous_namespace_lineBuffer_16_0_addr_6_reg_1184|   10   |
|p_anonymous_namespace_lineBuffer_16_0_addr_7_reg_1199|   10   |
| p_anonymous_namespace_lineBuffer_16_0_addr_reg_1132 |   10   |
|p_anonymous_namespace_lineBuffer_16_1_addr_1_reg_1163|   10   |
|p_anonymous_namespace_lineBuffer_16_1_addr_2_reg_1147|   10   |
|p_anonymous_namespace_lineBuffer_16_1_addr_3_reg_1179|   10   |
|p_anonymous_namespace_lineBuffer_16_1_addr_4_reg_1224|   10   |
|p_anonymous_namespace_lineBuffer_16_1_addr_5_reg_1234|   10   |
|p_anonymous_namespace_lineBuffer_16_1_addr_6_reg_1189|   10   |
|p_anonymous_namespace_lineBuffer_16_1_addr_7_reg_1204|   10   |
| p_anonymous_namespace_lineBuffer_16_1_addr_reg_1142 |   10   |
|                   pixel_1_reg_1209                  |    8   |
|                   pixel_2_reg_1239                  |    8   |
|                   pixel_3_reg_1249                  |    8   |
|                    pixel_reg_1194                   |    8   |
|                result_7_read_reg_1090               |    2   |
|                 result_read_reg_1103                |    2   |
|                sext_ln120_1_reg_1273                |   22   |
|                 sext_ln162_reg_1335                 |   32   |
|              squaredMagnitude_reg_1330              |   22   |
|                  sub_ln145_reg_1244                 |    9   |
|                    tmp3_reg_1214                    |    9   |
|                   tmp_10_reg_1370                   |   32   |
|                   tmp_11_reg_1360                   |    1   |
|                   tmp_13_reg_1375                   |   24   |
|                 trunc_ln118_reg_1122                |    1   |
|                 trunc_ln171_reg_1380                |    8   |
|               writeSlot_read_reg_1096               |    2   |
|                   xs_sign_reg_1350                  |    1   |
|                 zext_ln118_reg_1325                 |   64   |
|                  zext_ln15_reg_1355                 |   137  |
|                  zext_ln18_reg_1365                 |   137  |
+-----------------------------------------------------+--------+
|                        Total                        |   968  |
+-----------------------------------------------------+--------+

* Multiplexer (MUX) list: 
|-------------------|------|------|------|--------||---------||---------||---------|
|        Comp       |  Pin | Size |  BW  | S x BW ||  Delay  ||    FF   ||   LUT   |
|-------------------|------|------|------|--------||---------||---------||---------|
| grp_access_fu_182 |  p0  |   8  |  10  |   80   ||    0    ||    43   |
| grp_access_fu_182 |  p2  |   8  |   0  |    0   ||    0    ||    43   |
| grp_access_fu_192 |  p0  |   8  |  10  |   80   ||    0    ||    43   |
| grp_access_fu_192 |  p2  |   8  |   0  |    0   ||    0    ||    43   |
|     grp_fu_312    |  p0  |   2  |  22  |   44   ||    0    ||    9    |
|    grp_fu_1076    |  p0  |   3  |  11  |   33   ||    0    ||    14   |
|    grp_fu_1076    |  p1  |   2  |  11  |   22   ||    0    ||    9    |
|-------------------|------|------|------|--------||---------||---------||---------|
|       Total       |      |      |      |   259  ||  4.214  ||    0    ||   204   |
|-------------------|------|------|------|--------||---------||---------||---------|



* Summary:
+-----------+--------+--------+--------+--------+
|           |   DSP  |  Delay |   FF   |   LUT  |
+-----------+--------+--------+--------+--------+
|  Function |    4   |    -   |    0   |  1054  |
|   Memory  |    -   |    -   |    -   |    -   |
|Multiplexer|    -   |    4   |    0   |   204  |
|  Register |    -   |    -   |   968  |    -   |
+-----------+--------+--------+--------+--------+
|   Total   |    4   |    4   |   968  |  1258  |
+-----------+--------+--------+--------+--------+
