

================================================================
== Vitis HLS Report for 'sobel_Pipeline_VITIS_LOOP_116_2'
================================================================
* Date:           Sat Jul 25 12:05:02 2026

* Version:        2025.2 (Build 6295257 on Nov 14 2025)
* Project:        canny_top
* Solution:       hls (Vitis Kernel Flow Target)
* Product family: zynquplus
* Target device:  xck26-sfvc784-2LV-c


================================================================
== Performance Estimates
================================================================
+ Timing: 
    * Summary: 
    +--------+---------+----------+------------+
    |  Clock |  Target | Estimated| Uncertainty|
    +--------+---------+----------+------------+
    |ap_clk  |  5.00 ns|  3.626 ns|     1.35 ns|
    +--------+---------+----------+------------+

+ Latency: 
    * Summary: 
    +---------+---------+-----------+-----------+-----+-----+-------------------+
    |  Latency (cycles) |   Latency (absolute)  |  Interval |      Pipeline     |
    |   min   |   max   |    min    |    max    | min | max |        Type       |
    +---------+---------+-----------+-----------+-----+-----+-------------------+
    |     2054|     2054|  10.270 us|  10.270 us|    0|    0|  loop pipeline stp|
    +---------+---------+-----------+-----------+-----+-----+-------------------+

    + Detail: 
        * Instance: 
        N/A

        * Loop: 
        +--------------------+---------+---------+----------+-----------+-----------+------+----------+
        |                    |  Latency (cycles) | Iteration|  Initiation Interval  | Trip |          |
        |      Loop Name     |   min   |   max   |  Latency |  achieved |   target  | Count| Pipelined|
        +--------------------+---------+---------+----------+-----------+-----------+------+----------+
        |- VITIS_LOOP_116_2  |     2052|     2052|         9|          4|          1|   512|       yes|
        +--------------------+---------+---------+----------+-----------+-----------+------+----------+

============================================================
+ Verbose Summary: Synthesis Manager
============================================================
InlineROM: 1
ExposeGlobal: 0
============================================================
+ Verbose Summary: CDFG Model
============================================================
IsTopModel: 0
ResetActiveHigh: 1
IsCombinational: 0
IsDatapathOnly: 0
HasWiredReturn: 1
HasMFsm: 2
HasVarLatency: 1
IsPipeline: 0
IsRtlPipelined: 0
IsInstanceOverlapped: 0
IsDontTouch: 0
HasImplIP: 0
IsGatedGlobalClock: 0

+ Individual pipeline summary: 
  * Pipeline-0: initiation interval (II) = 4, depth = 9


============================================================
+ Verbose Summary: Schedule
============================================================
* Number of FSM states : 9
* Pipeline : 1
  Pipeline-0 : II = 4, D = 9, States = { 1 2 3 4 5 6 7 8 9 }
* Dataflow Pipeline: 0

* FSM state transitions: 
1 --> 2 
2 --> 3 
3 --> 4 
4 --> 5 
5 --> 6 
6 --> 7 
7 --> 8 
8 --> 9 
9 --> 

* FSM state operations: 

State 1 <SV = 0> <Delay = 2.83>
ST_1 : Operation 12 [1/1] (0.00ns)   --->   "%column = alloca i32 1" [../src/sobel.cpp:116->../src/canny_top.cpp:31]   --->   Operation 12 'alloca' 'column' <Predicate = true> <Delay = 0.00>
ST_1 : Operation 13 [1/1] (0.00ns)   --->   "%select_ln27_2_read = read i2 @_ssdm_op_Read.ap_auto.i2, i2 %select_ln27_2"   --->   Operation 13 'read' 'select_ln27_2_read' <Predicate = true> <Delay = 0.00>
ST_1 : Operation 14 [1/1] (0.00ns)   --->   "%select_ln27_1_read = read i2 @_ssdm_op_Read.ap_auto.i2, i2 %select_ln27_1"   --->   Operation 14 'read' 'select_ln27_1_read' <Predicate = true> <Delay = 0.00>
ST_1 : Operation 15 [1/1] (0.00ns)   --->   "%select_ln27_read = read i2 @_ssdm_op_Read.ap_auto.i2, i2 %select_ln27"   --->   Operation 15 'read' 'select_ln27_read' <Predicate = true> <Delay = 0.00>
ST_1 : Operation 16 [1/1] (0.42ns)   --->   "%store_ln116 = store i10 0, i10 %column" [../src/sobel.cpp:116->../src/canny_top.cpp:31]   --->   Operation 16 'store' 'store_ln116' <Predicate = true> <Delay = 0.42>
ST_1 : Operation 17 [1/1] (0.00ns)   --->   "%br_ln0 = br void %VITIS_LOOP_120_3.i"   --->   Operation 17 'br' 'br_ln0' <Predicate = true> <Delay = 0.00>
ST_1 : Operation 18 [1/1] (0.00ns)   --->   "%column_1 = load i10 %column" [../src/sobel.cpp:116->../src/canny_top.cpp:31]   --->   Operation 18 'load' 'column_1' <Predicate = true> <Delay = 0.00>
ST_1 : Operation 19 [1/1] (0.78ns)   --->   "%icmp_ln116 = icmp_eq  i10 %column_1, i10 512" [../src/sobel.cpp:116->../src/canny_top.cpp:31]   --->   Operation 19 'icmp' 'icmp_ln116' <Predicate = true> <Delay = 0.78> <CoreInst = "Cmp">   --->   Core 9 'Cmp' <Latency = 0> <II = 1> <Delay = 0.78> <FuncUnit> <Opcode : 'seteq' 'setne' 'setle' 'setge' 'setlt' 'setgt'> <InPorts = 2> <OutPorts = 1>
ST_1 : Operation 20 [1/1] (0.78ns)   --->   "%add_ln116 = add i10 %column_1, i10 1" [../src/sobel.cpp:116->../src/canny_top.cpp:31]   --->   Operation 20 'add' 'add_ln116' <Predicate = true> <Delay = 0.78> <CoreInst = "Adder">   --->   Core 1 'Adder' <Latency = 0> <II = 1> <Delay = 0.78> <FuncUnit> <Opcode : 'add' 'sub'> <InPorts = 2> <OutPorts = 1>
ST_1 : Operation 21 [1/1] (0.00ns)   --->   "%br_ln116 = br i1 %icmp_ln116, void %VITIS_LOOP_120_3.split.i_ifconv, void %_Z5sobelPKhP13GradientPixelbPb.2.exit.loopexit.exitStub" [../src/sobel.cpp:116->../src/canny_top.cpp:31]   --->   Operation 21 'br' 'br_ln116' <Predicate = true> <Delay = 0.00>
ST_1 : Operation 22 [1/1] (0.00ns)   --->   "%sourceColumn_1 = trunc i10 %column_1" [../src/sobel.cpp:138->../src/canny_top.cpp:31]   --->   Operation 22 'trunc' 'sourceColumn_1' <Predicate = (!icmp_ln116)> <Delay = 0.00>
ST_1 : Operation 23 [1/1] (0.00ns)   --->   "%zext_ln138 = zext i9 %sourceColumn_1" [../src/sobel.cpp:138->../src/canny_top.cpp:31]   --->   Operation 23 'zext' 'zext_ln138' <Predicate = (!icmp_ln116)> <Delay = 0.00>
ST_1 : Operation 24 [1/1] (0.77ns)   --->   "%add_ln138 = add i10 %zext_ln138, i10 1023" [../src/sobel.cpp:138->../src/canny_top.cpp:31]   --->   Operation 24 'add' 'add_ln138' <Predicate = (!icmp_ln116)> <Delay = 0.77> <CoreInst = "Adder">   --->   Core 1 'Adder' <Latency = 0> <II = 1> <Delay = 0.77> <FuncUnit> <Opcode : 'add' 'sub'> <InPorts = 2> <OutPorts = 1>
ST_1 : Operation 25 [1/1] (0.00ns)   --->   "%trunc_ln64 = trunc i10 %add_ln138" [../src/sobel.cpp:64->../src/sobel.cpp:138->../src/canny_top.cpp:31]   --->   Operation 25 'trunc' 'trunc_ln64' <Predicate = (!icmp_ln116)> <Delay = 0.00>
ST_1 : Operation 26 [1/1] (0.00ns)   --->   "%tmp_1 = bitselect i1 @_ssdm_op_BitSelect.i1.i10.i32, i10 %add_ln138, i32 9" [../src/sobel.cpp:65->../src/sobel.cpp:138->../src/canny_top.cpp:31]   --->   Operation 26 'bitselect' 'tmp_1' <Predicate = (!icmp_ln116)> <Delay = 0.00>
ST_1 : Operation 27 [1/1] (0.39ns)   --->   "%sourceColumn = select i1 %tmp_1, i9 0, i9 %trunc_ln64" [../src/sobel.cpp:65->../src/sobel.cpp:138->../src/canny_top.cpp:31]   --->   Operation 27 'select' 'sourceColumn' <Predicate = (!icmp_ln116)> <Delay = 0.39> <CoreInst = "Sel">   --->   Core 73 'Sel' <Latency = 0> <II = 1> <Delay = 0.39> <FuncUnit> <Opcode : 'select'> <InPorts = 3> <OutPorts = 1>
ST_1 : Operation 28 [1/1] (0.00ns)   --->   "%tmp_6 = bitconcatenate i11 @_ssdm_op_BitConcatenate.i11.i2.i9, i2 %select_ln27_read, i9 %sourceColumn" [../src/sobel.cpp:141->../src/canny_top.cpp:31]   --->   Operation 28 'bitconcatenate' 'tmp_6' <Predicate = (!icmp_ln116)> <Delay = 0.00>
ST_1 : Operation 29 [1/1] (0.00ns)   --->   "%zext_ln141 = zext i11 %tmp_6" [../src/sobel.cpp:141->../src/canny_top.cpp:31]   --->   Operation 29 'zext' 'zext_ln141' <Predicate = (!icmp_ln116)> <Delay = 0.00>
ST_1 : Operation 30 [1/1] (0.00ns)   --->   "%lineBuffer_addr = getelementptr i8 %lineBuffer, i64 0, i64 %zext_ln141" [../src/sobel.cpp:141->../src/canny_top.cpp:31]   --->   Operation 30 'getelementptr' 'lineBuffer_addr' <Predicate = (!icmp_ln116)> <Delay = 0.00>
ST_1 : Operation 31 [2/2] (1.23ns)   --->   "%pixel = load i11 %lineBuffer_addr" [../src/sobel.cpp:141->../src/canny_top.cpp:31]   --->   Operation 31 'load' 'pixel' <Predicate = (!icmp_ln116)> <Delay = 1.23> <CoreInst = "RAM">   --->   Core 82 'RAM' <Latency = 1> <II = 1> <Delay = 1.23> <Storage> <Opcode : 'load' 'store'> <Ports = 2> <Width = 8> <Depth = 1536> <RAM>
ST_1 : Operation 32 [1/1] (0.77ns)   --->   "%add_ln138_1 = add i10 %zext_ln138, i10 1" [../src/sobel.cpp:138->../src/canny_top.cpp:31]   --->   Operation 32 'add' 'add_ln138_1' <Predicate = (!icmp_ln116)> <Delay = 0.77> <CoreInst = "Adder">   --->   Core 1 'Adder' <Latency = 0> <II = 1> <Delay = 0.77> <FuncUnit> <Opcode : 'add' 'sub'> <InPorts = 2> <OutPorts = 1>
ST_1 : Operation 33 [1/1] (0.00ns)   --->   "%trunc_ln64_1 = trunc i10 %add_ln138_1" [../src/sobel.cpp:64->../src/sobel.cpp:138->../src/canny_top.cpp:31]   --->   Operation 33 'trunc' 'trunc_ln64_1' <Predicate = (!icmp_ln116)> <Delay = 0.00>
ST_1 : Operation 34 [1/1] (0.00ns)   --->   "%tmp_2 = bitselect i1 @_ssdm_op_BitSelect.i1.i10.i32, i10 %add_ln138_1, i32 9" [../src/sobel.cpp:67->../src/sobel.cpp:138->../src/canny_top.cpp:31]   --->   Operation 34 'bitselect' 'tmp_2' <Predicate = (!icmp_ln116)> <Delay = 0.00>
ST_1 : Operation 35 [1/1] (0.39ns)   --->   "%sourceColumn_2 = select i1 %tmp_2, i9 511, i9 %trunc_ln64_1" [../src/sobel.cpp:65->../src/sobel.cpp:138->../src/canny_top.cpp:31]   --->   Operation 35 'select' 'sourceColumn_2' <Predicate = (!icmp_ln116)> <Delay = 0.39> <CoreInst = "Sel">   --->   Core 73 'Sel' <Latency = 0> <II = 1> <Delay = 0.39> <FuncUnit> <Opcode : 'select'> <InPorts = 3> <OutPorts = 1>
ST_1 : Operation 36 [1/1] (0.00ns)   --->   "%tmp_3 = bitconcatenate i11 @_ssdm_op_BitConcatenate.i11.i2.i9, i2 %select_ln27_read, i9 %sourceColumn_2" [../src/sobel.cpp:141->../src/canny_top.cpp:31]   --->   Operation 36 'bitconcatenate' 'tmp_3' <Predicate = (!icmp_ln116)> <Delay = 0.00>
ST_1 : Operation 37 [1/1] (0.00ns)   --->   "%zext_ln141_5 = zext i11 %tmp_3" [../src/sobel.cpp:141->../src/canny_top.cpp:31]   --->   Operation 37 'zext' 'zext_ln141_5' <Predicate = (!icmp_ln116)> <Delay = 0.00>
ST_1 : Operation 38 [1/1] (0.00ns)   --->   "%lineBuffer_addr_5 = getelementptr i8 %lineBuffer, i64 0, i64 %zext_ln141_5" [../src/sobel.cpp:141->../src/canny_top.cpp:31]   --->   Operation 38 'getelementptr' 'lineBuffer_addr_5' <Predicate = (!icmp_ln116)> <Delay = 0.00>
ST_1 : Operation 39 [2/2] (1.23ns)   --->   "%pixel_1 = load i11 %lineBuffer_addr_5" [../src/sobel.cpp:141->../src/canny_top.cpp:31]   --->   Operation 39 'load' 'pixel_1' <Predicate = (!icmp_ln116)> <Delay = 1.23> <CoreInst = "RAM">   --->   Core 82 'RAM' <Latency = 1> <II = 1> <Delay = 1.23> <Storage> <Opcode : 'load' 'store'> <Ports = 2> <Width = 8> <Depth = 1536> <RAM>
ST_1 : Operation 40 [1/1] (0.42ns)   --->   "%store_ln116 = store i10 %add_ln116, i10 %column" [../src/sobel.cpp:116->../src/canny_top.cpp:31]   --->   Operation 40 'store' 'store_ln116' <Predicate = (!icmp_ln116)> <Delay = 0.42>

State 2 <SV = 1> <Delay = 1.23>
ST_2 : Operation 41 [1/1] (0.00ns)   --->   "%tmp_7 = bitconcatenate i11 @_ssdm_op_BitConcatenate.i11.i2.i9, i2 %select_ln27_1_read, i9 %sourceColumn" [../src/sobel.cpp:141->../src/canny_top.cpp:31]   --->   Operation 41 'bitconcatenate' 'tmp_7' <Predicate = (!icmp_ln116)> <Delay = 0.00>
ST_2 : Operation 42 [1/1] (0.00ns)   --->   "%zext_ln141_1 = zext i11 %tmp_7" [../src/sobel.cpp:141->../src/canny_top.cpp:31]   --->   Operation 42 'zext' 'zext_ln141_1' <Predicate = (!icmp_ln116)> <Delay = 0.00>
ST_2 : Operation 43 [1/1] (0.00ns)   --->   "%lineBuffer_addr_1 = getelementptr i8 %lineBuffer, i64 0, i64 %zext_ln141_1" [../src/sobel.cpp:141->../src/canny_top.cpp:31]   --->   Operation 43 'getelementptr' 'lineBuffer_addr_1' <Predicate = (!icmp_ln116)> <Delay = 0.00>
ST_2 : Operation 44 [1/2] ( I:1.23ns O:1.23ns )   --->   "%pixel = load i11 %lineBuffer_addr" [../src/sobel.cpp:141->../src/canny_top.cpp:31]   --->   Operation 44 'load' 'pixel' <Predicate = (!icmp_ln116)> <Delay = 1.23> <CoreInst = "RAM">   --->   Core 82 'RAM' <Latency = 1> <II = 1> <Delay = 1.23> <Storage> <Opcode : 'load' 'store'> <Ports = 2> <Width = 8> <Depth = 1536> <RAM>
ST_2 : Operation 45 [1/1] (0.00ns)   --->   "%tmp_9 = bitconcatenate i11 @_ssdm_op_BitConcatenate.i11.i2.i9, i2 %select_ln27_read, i9 %sourceColumn_1" [../src/sobel.cpp:141->../src/canny_top.cpp:31]   --->   Operation 45 'bitconcatenate' 'tmp_9' <Predicate = (!icmp_ln116)> <Delay = 0.00>
ST_2 : Operation 46 [1/1] (0.00ns)   --->   "%zext_ln141_3 = zext i11 %tmp_9" [../src/sobel.cpp:141->../src/canny_top.cpp:31]   --->   Operation 46 'zext' 'zext_ln141_3' <Predicate = (!icmp_ln116)> <Delay = 0.00>
ST_2 : Operation 47 [1/1] (0.00ns)   --->   "%lineBuffer_addr_3 = getelementptr i8 %lineBuffer, i64 0, i64 %zext_ln141_3" [../src/sobel.cpp:141->../src/canny_top.cpp:31]   --->   Operation 47 'getelementptr' 'lineBuffer_addr_3' <Predicate = (!icmp_ln116)> <Delay = 0.00>
ST_2 : Operation 48 [2/2] (1.23ns)   --->   "%lineBuffer_load = load i11 %lineBuffer_addr_3" [../src/sobel.cpp:141->../src/canny_top.cpp:31]   --->   Operation 48 'load' 'lineBuffer_load' <Predicate = (!icmp_ln116)> <Delay = 1.23> <CoreInst = "RAM">   --->   Core 82 'RAM' <Latency = 1> <II = 1> <Delay = 1.23> <Storage> <Opcode : 'load' 'store'> <Ports = 2> <Width = 8> <Depth = 1536> <RAM>
ST_2 : Operation 49 [1/2] ( I:1.23ns O:1.23ns )   --->   "%pixel_1 = load i11 %lineBuffer_addr_5" [../src/sobel.cpp:141->../src/canny_top.cpp:31]   --->   Operation 49 'load' 'pixel_1' <Predicate = (!icmp_ln116)> <Delay = 1.23> <CoreInst = "RAM">   --->   Core 82 'RAM' <Latency = 1> <II = 1> <Delay = 1.23> <Storage> <Opcode : 'load' 'store'> <Ports = 2> <Width = 8> <Depth = 1536> <RAM>
ST_2 : Operation 50 [2/2] (1.23ns)   --->   "%lineBuffer_load_2 = load i11 %lineBuffer_addr_1" [../src/sobel.cpp:141->../src/canny_top.cpp:31]   --->   Operation 50 'load' 'lineBuffer_load_2' <Predicate = (!icmp_ln116)> <Delay = 1.23> <CoreInst = "RAM">   --->   Core 82 'RAM' <Latency = 1> <II = 1> <Delay = 1.23> <Storage> <Opcode : 'load' 'store'> <Ports = 2> <Width = 8> <Depth = 1536> <RAM>

State 3 <SV = 2> <Delay = 1.23>
ST_3 : Operation 51 [1/1] (0.00ns)   --->   "%tmp_8 = bitconcatenate i11 @_ssdm_op_BitConcatenate.i11.i2.i9, i2 %select_ln27_2_read, i9 %sourceColumn" [../src/sobel.cpp:141->../src/canny_top.cpp:31]   --->   Operation 51 'bitconcatenate' 'tmp_8' <Predicate = (!icmp_ln116)> <Delay = 0.00>
ST_3 : Operation 52 [1/1] (0.00ns)   --->   "%zext_ln141_2 = zext i11 %tmp_8" [../src/sobel.cpp:141->../src/canny_top.cpp:31]   --->   Operation 52 'zext' 'zext_ln141_2' <Predicate = (!icmp_ln116)> <Delay = 0.00>
ST_3 : Operation 53 [1/1] (0.00ns)   --->   "%lineBuffer_addr_2 = getelementptr i8 %lineBuffer, i64 0, i64 %zext_ln141_2" [../src/sobel.cpp:141->../src/canny_top.cpp:31]   --->   Operation 53 'getelementptr' 'lineBuffer_addr_2' <Predicate = (!icmp_ln116)> <Delay = 0.00>
ST_3 : Operation 54 [1/2] ( I:1.23ns O:1.23ns )   --->   "%lineBuffer_load = load i11 %lineBuffer_addr_3" [../src/sobel.cpp:141->../src/canny_top.cpp:31]   --->   Operation 54 'load' 'lineBuffer_load' <Predicate = (!icmp_ln116)> <Delay = 1.23> <CoreInst = "RAM">   --->   Core 82 'RAM' <Latency = 1> <II = 1> <Delay = 1.23> <Storage> <Opcode : 'load' 'store'> <Ports = 2> <Width = 8> <Depth = 1536> <RAM>
ST_3 : Operation 55 [1/1] (0.00ns)   --->   "%tmp_4 = bitconcatenate i11 @_ssdm_op_BitConcatenate.i11.i2.i9, i2 %select_ln27_1_read, i9 %sourceColumn_2" [../src/sobel.cpp:141->../src/canny_top.cpp:31]   --->   Operation 55 'bitconcatenate' 'tmp_4' <Predicate = (!icmp_ln116)> <Delay = 0.00>
ST_3 : Operation 56 [1/1] (0.00ns)   --->   "%zext_ln141_7 = zext i11 %tmp_4" [../src/sobel.cpp:141->../src/canny_top.cpp:31]   --->   Operation 56 'zext' 'zext_ln141_7' <Predicate = (!icmp_ln116)> <Delay = 0.00>
ST_3 : Operation 57 [1/1] (0.00ns)   --->   "%lineBuffer_addr_6 = getelementptr i8 %lineBuffer, i64 0, i64 %zext_ln141_7" [../src/sobel.cpp:141->../src/canny_top.cpp:31]   --->   Operation 57 'getelementptr' 'lineBuffer_addr_6' <Predicate = (!icmp_ln116)> <Delay = 0.00>
ST_3 : Operation 58 [1/2] ( I:1.23ns O:1.23ns )   --->   "%lineBuffer_load_2 = load i11 %lineBuffer_addr_1" [../src/sobel.cpp:141->../src/canny_top.cpp:31]   --->   Operation 58 'load' 'lineBuffer_load_2' <Predicate = (!icmp_ln116)> <Delay = 1.23> <CoreInst = "RAM">   --->   Core 82 'RAM' <Latency = 1> <II = 1> <Delay = 1.23> <Storage> <Opcode : 'load' 'store'> <Ports = 2> <Width = 8> <Depth = 1536> <RAM>
ST_3 : Operation 59 [2/2] (1.23ns)   --->   "%lineBuffer_load_3 = load i11 %lineBuffer_addr_6" [../src/sobel.cpp:141->../src/canny_top.cpp:31]   --->   Operation 59 'load' 'lineBuffer_load_3' <Predicate = (!icmp_ln116)> <Delay = 1.23> <CoreInst = "RAM">   --->   Core 82 'RAM' <Latency = 1> <II = 1> <Delay = 1.23> <Storage> <Opcode : 'load' 'store'> <Ports = 2> <Width = 8> <Depth = 1536> <RAM>
ST_3 : Operation 60 [2/2] (1.23ns)   --->   "%pixel_2 = load i11 %lineBuffer_addr_2" [../src/sobel.cpp:141->../src/canny_top.cpp:31]   --->   Operation 60 'load' 'pixel_2' <Predicate = (!icmp_ln116)> <Delay = 1.23> <CoreInst = "RAM">   --->   Core 82 'RAM' <Latency = 1> <II = 1> <Delay = 1.23> <Storage> <Opcode : 'load' 'store'> <Ports = 2> <Width = 8> <Depth = 1536> <RAM>

State 4 <SV = 3> <Delay = 2.00>
ST_4 : Operation 61 [1/1] (0.00ns)   --->   "%tmp_s = bitconcatenate i11 @_ssdm_op_BitConcatenate.i11.i2.i9, i2 %select_ln27_2_read, i9 %sourceColumn_1" [../src/sobel.cpp:141->../src/canny_top.cpp:31]   --->   Operation 61 'bitconcatenate' 'tmp_s' <Predicate = (!icmp_ln116)> <Delay = 0.00>
ST_4 : Operation 62 [1/1] (0.00ns)   --->   "%zext_ln141_4 = zext i11 %tmp_s" [../src/sobel.cpp:141->../src/canny_top.cpp:31]   --->   Operation 62 'zext' 'zext_ln141_4' <Predicate = (!icmp_ln116)> <Delay = 0.00>
ST_4 : Operation 63 [1/1] (0.00ns)   --->   "%lineBuffer_addr_4 = getelementptr i8 %lineBuffer, i64 0, i64 %zext_ln141_4" [../src/sobel.cpp:141->../src/canny_top.cpp:31]   --->   Operation 63 'getelementptr' 'lineBuffer_addr_4' <Predicate = (!icmp_ln116)> <Delay = 0.00>
ST_4 : Operation 64 [1/1] (0.00ns)   --->   "%tmp_5 = bitconcatenate i11 @_ssdm_op_BitConcatenate.i11.i2.i9, i2 %select_ln27_2_read, i9 %sourceColumn_2" [../src/sobel.cpp:141->../src/canny_top.cpp:31]   --->   Operation 64 'bitconcatenate' 'tmp_5' <Predicate = (!icmp_ln116)> <Delay = 0.00>
ST_4 : Operation 65 [1/1] (0.00ns)   --->   "%zext_ln141_8 = zext i11 %tmp_5" [../src/sobel.cpp:141->../src/canny_top.cpp:31]   --->   Operation 65 'zext' 'zext_ln141_8' <Predicate = (!icmp_ln116)> <Delay = 0.00>
ST_4 : Operation 66 [1/1] (0.00ns)   --->   "%lineBuffer_addr_7 = getelementptr i8 %lineBuffer, i64 0, i64 %zext_ln141_8" [../src/sobel.cpp:141->../src/canny_top.cpp:31]   --->   Operation 66 'getelementptr' 'lineBuffer_addr_7' <Predicate = (!icmp_ln116)> <Delay = 0.00>
ST_4 : Operation 67 [1/1] (0.00ns)   --->   "%zext_ln141_6 = zext i8 %lineBuffer_load_2" [../src/sobel.cpp:141->../src/canny_top.cpp:31]   --->   Operation 67 'zext' 'zext_ln141_6' <Predicate = (!icmp_ln116)> <Delay = 0.00>
ST_4 : Operation 68 [1/2] ( I:1.23ns O:1.23ns )   --->   "%lineBuffer_load_3 = load i11 %lineBuffer_addr_6" [../src/sobel.cpp:141->../src/canny_top.cpp:31]   --->   Operation 68 'load' 'lineBuffer_load_3' <Predicate = (!icmp_ln116)> <Delay = 1.23> <CoreInst = "RAM">   --->   Core 82 'RAM' <Latency = 1> <II = 1> <Delay = 1.23> <Storage> <Opcode : 'load' 'store'> <Ports = 2> <Width = 8> <Depth = 1536> <RAM>
ST_4 : Operation 69 [1/1] (0.00ns)   --->   "%zext_ln64 = zext i8 %lineBuffer_load_3" [../src/sobel.cpp:64->../src/sobel.cpp:125->../src/canny_top.cpp:31]   --->   Operation 69 'zext' 'zext_ln64' <Predicate = (!icmp_ln116)> <Delay = 0.00>
ST_4 : Operation 70 [1/2] ( I:1.23ns O:1.23ns )   --->   "%pixel_2 = load i11 %lineBuffer_addr_2" [../src/sobel.cpp:141->../src/canny_top.cpp:31]   --->   Operation 70 'load' 'pixel_2' <Predicate = (!icmp_ln116)> <Delay = 1.23> <CoreInst = "RAM">   --->   Core 82 'RAM' <Latency = 1> <II = 1> <Delay = 1.23> <Storage> <Opcode : 'load' 'store'> <Ports = 2> <Width = 8> <Depth = 1536> <RAM>
ST_4 : Operation 71 [1/1] (0.76ns)   --->   "%tmp = sub i9 %zext_ln64, i9 %zext_ln141_6" [../src/sobel.cpp:64->../src/sobel.cpp:125->../src/canny_top.cpp:31]   --->   Operation 71 'sub' 'tmp' <Predicate = (!icmp_ln116)> <Delay = 0.76> <CoreInst = "Adder">   --->   Core 1 'Adder' <Latency = 0> <II = 1> <Delay = 0.76> <FuncUnit> <Opcode : 'add' 'sub'> <InPorts = 2> <OutPorts = 1>
ST_4 : Operation 72 [2/2] (1.23ns)   --->   "%lineBuffer_load_5 = load i11 %lineBuffer_addr_4" [../src/sobel.cpp:141->../src/canny_top.cpp:31]   --->   Operation 72 'load' 'lineBuffer_load_5' <Predicate = (!icmp_ln116)> <Delay = 1.23> <CoreInst = "RAM">   --->   Core 82 'RAM' <Latency = 1> <II = 1> <Delay = 1.23> <Storage> <Opcode : 'load' 'store'> <Ports = 2> <Width = 8> <Depth = 1536> <RAM>
ST_4 : Operation 73 [2/2] (1.23ns)   --->   "%pixel_3 = load i11 %lineBuffer_addr_7" [../src/sobel.cpp:141->../src/canny_top.cpp:31]   --->   Operation 73 'load' 'pixel_3' <Predicate = (!icmp_ln116)> <Delay = 1.23> <CoreInst = "RAM">   --->   Core 82 'RAM' <Latency = 1> <II = 1> <Delay = 1.23> <Storage> <Opcode : 'load' 'store'> <Ports = 2> <Width = 8> <Depth = 1536> <RAM>

State 5 <SV = 4> <Delay = 2.98>
ST_5 : Operation 74 [1/1] (0.00ns)   --->   "%zext_ln140 = zext i8 %pixel" [../src/sobel.cpp:140->../src/canny_top.cpp:31]   --->   Operation 74 'zext' 'zext_ln140' <Predicate = true> <Delay = 0.00>
ST_5 : Operation 75 [1/1] (0.00ns)   --->   "%zext_ln138_1 = zext i8 %lineBuffer_load" [../src/sobel.cpp:138->../src/canny_top.cpp:31]   --->   Operation 75 'zext' 'zext_ln138_1' <Predicate = true> <Delay = 0.00>
ST_5 : Operation 76 [1/1] (0.00ns)   --->   "%zext_ln140_1 = zext i8 %pixel_1" [../src/sobel.cpp:140->../src/canny_top.cpp:31]   --->   Operation 76 'zext' 'zext_ln140_1' <Predicate = true> <Delay = 0.00>
ST_5 : Operation 77 [1/1] (0.00ns)   --->   "%zext_ln140_2 = zext i8 %pixel_2" [../src/sobel.cpp:140->../src/canny_top.cpp:31]   --->   Operation 77 'zext' 'zext_ln140_2' <Predicate = true> <Delay = 0.00>
ST_5 : Operation 78 [1/1] (0.76ns)   --->   "%sub_ln143 = sub i9 %zext_ln140_1, i9 %zext_ln140" [../src/sobel.cpp:143->../src/canny_top.cpp:31]   --->   Operation 78 'sub' 'sub_ln143' <Predicate = true> <Delay = 0.76> <CoreInst = "Adder">   --->   Core 1 'Adder' <Latency = 0> <II = 1> <Delay = 0.76> <FuncUnit> <Opcode : 'add' 'sub'> <InPorts = 2> <OutPorts = 1>
ST_5 : Operation 79 [1/1] (0.00ns)   --->   "%sub_ln143_cast = sext i9 %sub_ln143" [../src/sobel.cpp:143->../src/canny_top.cpp:31]   --->   Operation 79 'sext' 'sub_ln143_cast' <Predicate = true> <Delay = 0.00>
ST_5 : Operation 80 [1/1] (0.00ns)   --->   "%tmp_10 = bitconcatenate i10 @_ssdm_op_BitConcatenate.i10.i9.i1, i9 %tmp, i1 0" [../src/sobel.cpp:64->../src/sobel.cpp:125->../src/canny_top.cpp:31]   --->   Operation 80 'bitconcatenate' 'tmp_10' <Predicate = true> <Delay = 0.00>
ST_5 : Operation 81 [1/1] (0.00ns)   --->   "%sext_ln143 = sext i10 %tmp_10" [../src/sobel.cpp:143->../src/canny_top.cpp:31]   --->   Operation 81 'sext' 'sext_ln143' <Predicate = true> <Delay = 0.00>
ST_5 : Operation 82 [1/1] (0.00ns) (grouped into TernaryAdder)   --->   "%sub_ln143_1 = sub i10 %sub_ln143_cast, i10 %zext_ln140_2" [../src/sobel.cpp:143->../src/canny_top.cpp:31]   --->   Operation 82 'sub' 'sub_ln143_1' <Predicate = true> <Delay = 0.00> <CoreInst = "TAddSub">   --->   Core 10 'TAddSub' <Latency = 0> <II = 1> <Delay = 0.48> <IPBlock> <Opcode : 'add' 'sub'> <InPorts = 3> <OutPorts = 1> <Sync> <CReg>
ST_5 : Operation 83 [1/2] ( I:1.23ns O:1.23ns )   --->   "%lineBuffer_load_5 = load i11 %lineBuffer_addr_4" [../src/sobel.cpp:141->../src/canny_top.cpp:31]   --->   Operation 83 'load' 'lineBuffer_load_5' <Predicate = true> <Delay = 1.23> <CoreInst = "RAM">   --->   Core 82 'RAM' <Latency = 1> <II = 1> <Delay = 1.23> <Storage> <Opcode : 'load' 'store'> <Ports = 2> <Width = 8> <Depth = 1536> <RAM>
ST_5 : Operation 84 [1/1] (0.00ns)   --->   "%p_anonymous_namespace_lineBuffer_1_load_6_cast = zext i8 %lineBuffer_load_5" [../src/sobel.cpp:141->../src/canny_top.cpp:31]   --->   Operation 84 'zext' 'p_anonymous_namespace_lineBuffer_1_load_6_cast' <Predicate = true> <Delay = 0.00>
ST_5 : Operation 85 [1/1] (0.76ns)   --->   "%tmp3 = sub i9 %p_anonymous_namespace_lineBuffer_1_load_6_cast, i9 %zext_ln138_1" [../src/sobel.cpp:141->../src/canny_top.cpp:31]   --->   Operation 85 'sub' 'tmp3' <Predicate = true> <Delay = 0.76> <CoreInst = "Adder">   --->   Core 1 'Adder' <Latency = 0> <II = 1> <Delay = 0.76> <FuncUnit> <Opcode : 'add' 'sub'> <InPorts = 2> <OutPorts = 1>
ST_5 : Operation 86 [1/1] (0.00ns)   --->   "%tmp_11 = bitconcatenate i10 @_ssdm_op_BitConcatenate.i10.i9.i1, i9 %tmp3, i1 0" [../src/sobel.cpp:141->../src/canny_top.cpp:31]   --->   Operation 86 'bitconcatenate' 'tmp_11' <Predicate = true> <Delay = 0.00>
ST_5 : Operation 87 [1/1] (0.00ns)   --->   "%sext_ln147 = sext i10 %tmp_11" [../src/sobel.cpp:147->../src/canny_top.cpp:31]   --->   Operation 87 'sext' 'sext_ln147' <Predicate = true> <Delay = 0.00>
ST_5 : Operation 88 [1/1] (0.76ns)   --->   "%add_ln147 = add i9 %zext_ln140_1, i9 %zext_ln140" [../src/sobel.cpp:147->../src/canny_top.cpp:31]   --->   Operation 88 'add' 'add_ln147' <Predicate = true> <Delay = 0.76> <CoreInst = "Adder">   --->   Core 1 'Adder' <Latency = 0> <II = 1> <Delay = 0.76> <FuncUnit> <Opcode : 'add' 'sub'> <InPorts = 2> <OutPorts = 1>
ST_5 : Operation 89 [1/1] (0.00ns)   --->   "%zext_ln147 = zext i9 %add_ln147" [../src/sobel.cpp:147->../src/canny_top.cpp:31]   --->   Operation 89 'zext' 'zext_ln147' <Predicate = true> <Delay = 0.00>
ST_5 : Operation 90 [1/1] (0.00ns) (grouped into TernaryAdder)   --->   "%sub_ln147 = sub i10 %zext_ln140_2, i10 %zext_ln147" [../src/sobel.cpp:147->../src/canny_top.cpp:31]   --->   Operation 90 'sub' 'sub_ln147' <Predicate = true> <Delay = 0.00> <CoreInst = "TAddSub">   --->   Core 10 'TAddSub' <Latency = 0> <II = 1> <Delay = 0.48> <IPBlock> <Opcode : 'add' 'sub'> <InPorts = 3> <OutPorts = 1> <Sync> <CReg>
ST_5 : Operation 91 [1/2] ( I:1.23ns O:1.23ns )   --->   "%pixel_3 = load i11 %lineBuffer_addr_7" [../src/sobel.cpp:141->../src/canny_top.cpp:31]   --->   Operation 91 'load' 'pixel_3' <Predicate = true> <Delay = 1.23> <CoreInst = "RAM">   --->   Core 82 'RAM' <Latency = 1> <II = 1> <Delay = 1.23> <Storage> <Opcode : 'load' 'store'> <Ports = 2> <Width = 8> <Depth = 1536> <RAM>
ST_5 : Operation 92 [1/1] (0.00ns)   --->   "%zext_ln140_3 = zext i8 %pixel_3" [../src/sobel.cpp:140->../src/canny_top.cpp:31]   --->   Operation 92 'zext' 'zext_ln140_3' <Predicate = true> <Delay = 0.00>
ST_5 : Operation 93 [1/1] (0.96ns) (root node of TernaryAdder)   --->   "%add_ln143 = add i10 %sub_ln143_1, i10 %zext_ln140_3" [../src/sobel.cpp:143->../src/canny_top.cpp:31]   --->   Operation 93 'add' 'add_ln143' <Predicate = true> <Delay = 0.96> <CoreInst = "TAddSub">   --->   Core 10 'TAddSub' <Latency = 0> <II = 1> <Delay = 0.48> <IPBlock> <Opcode : 'add' 'sub'> <InPorts = 3> <OutPorts = 1> <Sync> <CReg>
ST_5 : Operation 94 [1/1] (0.00ns)   --->   "%sext_ln143_1 = sext i10 %add_ln143" [../src/sobel.cpp:143->../src/canny_top.cpp:31]   --->   Operation 94 'sext' 'sext_ln143_1' <Predicate = true> <Delay = 0.00>
ST_5 : Operation 95 [1/1] (0.78ns)   --->   "%add_ln143_1 = add i10 %add_ln143, i10 %tmp_10" [../src/sobel.cpp:143->../src/canny_top.cpp:31]   --->   Operation 95 'add' 'add_ln143_1' <Predicate = true> <Delay = 0.78> <CoreInst = "Adder">   --->   Core 1 'Adder' <Latency = 0> <II = 1> <Delay = 0.78> <FuncUnit> <Opcode : 'add' 'sub'> <InPorts = 2> <OutPorts = 1>
ST_5 : Operation 96 [1/1] (0.78ns)   --->   "%gradientX = add i11 %sext_ln143_1, i11 %sext_ln143" [../src/sobel.cpp:143->../src/canny_top.cpp:31]   --->   Operation 96 'add' 'gradientX' <Predicate = true> <Delay = 0.78> <CoreInst = "Adder">   --->   Core 1 'Adder' <Latency = 0> <II = 1> <Delay = 0.78> <FuncUnit> <Opcode : 'add' 'sub'> <InPorts = 2> <OutPorts = 1>
ST_5 : Operation 97 [1/1] (0.96ns) (root node of TernaryAdder)   --->   "%gradientY_2 = add i10 %sub_ln147, i10 %zext_ln140_3" [../src/sobel.cpp:147->../src/canny_top.cpp:31]   --->   Operation 97 'add' 'gradientY_2' <Predicate = true> <Delay = 0.96> <CoreInst = "TAddSub">   --->   Core 10 'TAddSub' <Latency = 0> <II = 1> <Delay = 0.48> <IPBlock> <Opcode : 'add' 'sub'> <InPorts = 3> <OutPorts = 1> <Sync> <CReg>
ST_5 : Operation 98 [1/1] (0.00ns)   --->   "%sext_ln147_2 = sext i10 %gradientY_2" [../src/sobel.cpp:147->../src/canny_top.cpp:31]   --->   Operation 98 'sext' 'sext_ln147_2' <Predicate = true> <Delay = 0.00>
ST_5 : Operation 99 [1/1] (0.78ns)   --->   "%add_ln147_2 = add i10 %tmp_11, i10 %gradientY_2" [../src/sobel.cpp:147->../src/canny_top.cpp:31]   --->   Operation 99 'add' 'add_ln147_2' <Predicate = true> <Delay = 0.78> <CoreInst = "Adder">   --->   Core 1 'Adder' <Latency = 0> <II = 1> <Delay = 0.78> <FuncUnit> <Opcode : 'add' 'sub'> <InPorts = 2> <OutPorts = 1>
ST_5 : Operation 100 [1/1] (0.78ns)   --->   "%gradientY = add i11 %sext_ln147, i11 %sext_ln147_2" [../src/sobel.cpp:147->../src/canny_top.cpp:31]   --->   Operation 100 'add' 'gradientY' <Predicate = true> <Delay = 0.78> <CoreInst = "Adder">   --->   Core 1 'Adder' <Latency = 0> <II = 1> <Delay = 0.78> <FuncUnit> <Opcode : 'add' 'sub'> <InPorts = 2> <OutPorts = 1>
ST_5 : Operation 153 [1/1] (0.42ns)   --->   "%ret_ln0 = ret"   --->   Operation 153 'ret' 'ret_ln0' <Predicate = (icmp_ln116)> <Delay = 0.42>

State 6 <SV = 5> <Delay = 3.33>
ST_6 : Operation 101 [1/1] (0.00ns)   --->   "%zext_ln116 = zext i10 %column_1" [../src/sobel.cpp:116->../src/canny_top.cpp:31]   --->   Operation 101 'zext' 'zext_ln116' <Predicate = true> <Delay = 0.00>
ST_6 : Operation 102 [1/1] (0.00ns)   --->   "%sext_ln147_1 = sext i11 %gradientX" [../src/sobel.cpp:147->../src/canny_top.cpp:31]   --->   Operation 102 'sext' 'sext_ln147_1' <Predicate = true> <Delay = 0.00>
ST_6 : Operation 103 [1/1] (0.00ns)   --->   "%sext_ln118 = sext i11 %gradientY" [../src/sobel.cpp:118->../src/canny_top.cpp:31]   --->   Operation 103 'sext' 'sext_ln118' <Predicate = true> <Delay = 0.00>
ST_6 : Operation 104 [1/1] (0.00ns)   --->   "%tmp_12 = bitselect i1 @_ssdm_op_BitSelect.i1.i32.i32, i32 %sext_ln147_1, i32 31" [../src/sobel.cpp:32->../src/sobel.cpp:154->../src/canny_top.cpp:31]   --->   Operation 104 'bitselect' 'tmp_12' <Predicate = true> <Delay = 0.00>
ST_6 : Operation 105 [1/1] (0.78ns)   --->   "%sub_ln32 = sub i10 0, i10 %add_ln143_1" [../src/sobel.cpp:32->../src/sobel.cpp:154->../src/canny_top.cpp:31]   --->   Operation 105 'sub' 'sub_ln32' <Predicate = true> <Delay = 0.78> <CoreInst = "Adder">   --->   Core 1 'Adder' <Latency = 0> <II = 1> <Delay = 0.78> <FuncUnit> <Opcode : 'add' 'sub'> <InPorts = 2> <OutPorts = 1>
ST_6 : Operation 106 [1/1] (0.40ns)   --->   "%absoluteX = select i1 %tmp_12, i10 %sub_ln32, i10 %add_ln143_1" [../src/sobel.cpp:32->../src/sobel.cpp:154->../src/canny_top.cpp:31]   --->   Operation 106 'select' 'absoluteX' <Predicate = true> <Delay = 0.40> <CoreInst = "Sel">   --->   Core 73 'Sel' <Latency = 0> <II = 1> <Delay = 0.40> <FuncUnit> <Opcode : 'select'> <InPorts = 3> <OutPorts = 1>
ST_6 : Operation 107 [1/1] (0.00ns)   --->   "%tmp_13 = bitselect i1 @_ssdm_op_BitSelect.i1.i32.i32, i32 %sext_ln118, i32 31" [../src/sobel.cpp:32->../src/sobel.cpp:154->../src/canny_top.cpp:31]   --->   Operation 107 'bitselect' 'tmp_13' <Predicate = true> <Delay = 0.00>
ST_6 : Operation 108 [1/1] (0.78ns)   --->   "%sub_ln32_1 = sub i10 0, i10 %add_ln147_2" [../src/sobel.cpp:32->../src/sobel.cpp:154->../src/canny_top.cpp:31]   --->   Operation 108 'sub' 'sub_ln32_1' <Predicate = true> <Delay = 0.78> <CoreInst = "Adder">   --->   Core 1 'Adder' <Latency = 0> <II = 1> <Delay = 0.78> <FuncUnit> <Opcode : 'add' 'sub'> <InPorts = 2> <OutPorts = 1>
ST_6 : Operation 109 [1/1] (0.40ns)   --->   "%absoluteY = select i1 %tmp_13, i10 %sub_ln32_1, i10 %add_ln147_2" [../src/sobel.cpp:32->../src/sobel.cpp:154->../src/canny_top.cpp:31]   --->   Operation 109 'select' 'absoluteY' <Predicate = true> <Delay = 0.40> <CoreInst = "Sel">   --->   Core 73 'Sel' <Latency = 0> <II = 1> <Delay = 0.40> <FuncUnit> <Opcode : 'select'> <InPorts = 3> <OutPorts = 1>
ST_6 : Operation 110 [1/1] (0.00ns)   --->   "%zext_ln154 = zext i10 %absoluteY" [../src/sobel.cpp:154->../src/canny_top.cpp:31]   --->   Operation 110 'zext' 'zext_ln154' <Predicate = true> <Delay = 0.00>
ST_6 : Operation 111 [1/1] (0.00ns)   --->   "%zext_ln154_1 = zext i10 %absoluteX" [../src/sobel.cpp:154->../src/canny_top.cpp:31]   --->   Operation 111 'zext' 'zext_ln154_1' <Predicate = true> <Delay = 0.00>
ST_6 : Operation 112 [1/1] (0.00ns)   --->   "%zext_ln154_2 = zext i10 %absoluteY" [../src/sobel.cpp:154->../src/canny_top.cpp:31]   --->   Operation 112 'zext' 'zext_ln154_2' <Predicate = true> <Delay = 0.00>
ST_6 : Operation 113 [1/1] (0.78ns)   --->   "%add_ln154 = add i11 %zext_ln154_2, i11 %zext_ln154_1" [../src/sobel.cpp:154->../src/canny_top.cpp:31]   --->   Operation 113 'add' 'add_ln154' <Predicate = true> <Delay = 0.78> <CoreInst = "Adder">   --->   Core 1 'Adder' <Latency = 0> <II = 1> <Delay = 0.78> <FuncUnit> <Opcode : 'add' 'sub'> <InPorts = 2> <OutPorts = 1>
ST_6 : Operation 114 [1/1] (0.00ns)   --->   "%out_sobel_magnitude_addr = getelementptr i11 %out_sobel_magnitude, i64 0, i64 %zext_ln116" [../src/sobel.cpp:154->../src/canny_top.cpp:31]   --->   Operation 114 'getelementptr' 'out_sobel_magnitude_addr' <Predicate = true> <Delay = 0.00>
ST_6 : Operation 115 [1/1] ( I:1.23ns O:1.23ns )   --->   "%store_ln154 = store i11 %add_ln154, i9 %out_sobel_magnitude_addr" [../src/sobel.cpp:154->../src/canny_top.cpp:31]   --->   Operation 115 'store' 'store_ln154' <Predicate = true> <Delay = 1.23> <CoreInst = "RAM">   --->   Core 82 'RAM' <Latency = 1> <II = 1> <Delay = 1.23> <Storage> <Opcode : 'load' 'store'> <Ports = 2> <Width = 11> <Depth = 512> <RAM>
ST_6 : Operation 116 [1/1] (0.00ns) (grouped into LUT with out node icmp_ln42)   --->   "%or_ln42 = or i10 %absoluteY, i10 %absoluteX" [../src/sobel.cpp:42->../src/sobel.cpp:157->../src/canny_top.cpp:31]   --->   Operation 116 'or' 'or_ln42' <Predicate = true> <Delay = 0.00> <CoreInst = "LogicGate">   --->   Core 74 'LogicGate' <Latency = 0> <II = 1> <Delay = 0.35> <FuncUnit> <Opcode : 'and' 'or' 'xor'> <InPorts = 2> <OutPorts = 1>
ST_6 : Operation 117 [1/1] (0.78ns) (out node of the LUT)   --->   "%icmp_ln42 = icmp_eq  i10 %or_ln42, i10 0" [../src/sobel.cpp:42->../src/sobel.cpp:157->../src/canny_top.cpp:31]   --->   Operation 117 'icmp' 'icmp_ln42' <Predicate = true> <Delay = 0.78> <CoreInst = "Cmp">   --->   Core 9 'Cmp' <Latency = 0> <II = 1> <Delay = 0.78> <FuncUnit> <Opcode : 'seteq' 'setne' 'setle' 'setge' 'setlt' 'setgt'> <InPorts = 2> <OutPorts = 1>
ST_6 : Operation 118 [1/1] (2.14ns)   --->   "%mul_ln46 = mul i20 %zext_ln154, i20 1000" [../src/sobel.cpp:46->../src/sobel.cpp:157->../src/canny_top.cpp:31]   --->   Operation 118 'mul' 'mul_ln46' <Predicate = true> <Delay = 2.14> <CoreInst = "Multiplier">   --->   Core 3 'Multiplier' <Latency = 0> <II = 1> <Delay = 2.14> <FuncUnit> <Opcode : 'mul'> <InPorts = 2> <OutPorts = 1>

State 7 <SV = 6> <Delay = 3.00>
ST_7 : Operation 119 [1/1] (0.00ns)   --->   "%zext_ln32_1 = zext i10 %absoluteX" [../src/sobel.cpp:32->../src/sobel.cpp:154->../src/canny_top.cpp:31]   --->   Operation 119 'zext' 'zext_ln32_1' <Predicate = true> <Delay = 0.00>
ST_7 : Operation 120 [1/1] (0.00ns)   --->   "%zext_ln46_1 = zext i20 %mul_ln46" [../src/sobel.cpp:46->../src/sobel.cpp:157->../src/canny_top.cpp:31]   --->   Operation 120 'zext' 'zext_ln46_1' <Predicate = true> <Delay = 0.00>
ST_7 : Operation 121 [1/1] (2.11ns)   --->   "%mul_ln46_1 = mul i19 %zext_ln32_1, i19 414" [../src/sobel.cpp:46->../src/sobel.cpp:157->../src/canny_top.cpp:31]   --->   Operation 121 'mul' 'mul_ln46_1' <Predicate = true> <Delay = 2.11> <CoreInst = "Multiplier">   --->   Core 3 'Multiplier' <Latency = 0> <II = 1> <Delay = 2.11> <FuncUnit> <Opcode : 'mul'> <InPorts = 2> <OutPorts = 1>
ST_7 : Operation 122 [1/1] (0.00ns)   --->   "%zext_ln46_2 = zext i19 %mul_ln46_1" [../src/sobel.cpp:46->../src/sobel.cpp:157->../src/canny_top.cpp:31]   --->   Operation 122 'zext' 'zext_ln46_2' <Predicate = true> <Delay = 0.00>
ST_7 : Operation 123 [1/1] (0.89ns)   --->   "%icmp_ln46 = icmp_ugt  i21 %zext_ln46_1, i21 %zext_ln46_2" [../src/sobel.cpp:46->../src/sobel.cpp:157->../src/canny_top.cpp:31]   --->   Operation 123 'icmp' 'icmp_ln46' <Predicate = true> <Delay = 0.89> <CoreInst = "Cmp">   --->   Core 9 'Cmp' <Latency = 0> <II = 1> <Delay = 0.89> <FuncUnit> <Opcode : 'seteq' 'setne' 'setle' 'setge' 'setlt' 'setgt'> <InPorts = 2> <OutPorts = 1>

State 8 <SV = 7> <Delay = 3.62>
ST_8 : Operation 124 [1/1] (0.00ns)   --->   "%zext_ln32 = zext i10 %absoluteX" [../src/sobel.cpp:32->../src/sobel.cpp:154->../src/canny_top.cpp:31]   --->   Operation 124 'zext' 'zext_ln32' <Predicate = true> <Delay = 0.00>
ST_8 : Operation 125 [1/1] (0.00ns)   --->   "%zext_ln46 = zext i20 %mul_ln46" [../src/sobel.cpp:46->../src/sobel.cpp:157->../src/canny_top.cpp:31]   --->   Operation 125 'zext' 'zext_ln46' <Predicate = true> <Delay = 0.00>
ST_8 : Operation 126 [1/1] (2.23ns)   --->   "%mul_ln50 = mul i22 %zext_ln32, i22 2414" [../src/sobel.cpp:50->../src/sobel.cpp:157->../src/canny_top.cpp:31]   --->   Operation 126 'mul' 'mul_ln50' <Predicate = true> <Delay = 2.23> <CoreInst = "Multiplier">   --->   Core 3 'Multiplier' <Latency = 0> <II = 1> <Delay = 2.23> <FuncUnit> <Opcode : 'mul'> <InPorts = 2> <OutPorts = 1>
ST_8 : Operation 127 [1/1] (0.00ns)   --->   "%zext_ln50 = zext i22 %mul_ln50" [../src/sobel.cpp:50->../src/sobel.cpp:157->../src/canny_top.cpp:31]   --->   Operation 127 'zext' 'zext_ln50' <Predicate = true> <Delay = 0.00>
ST_8 : Operation 128 [1/1] (0.91ns)   --->   "%icmp_ln50 = icmp_ult  i23 %zext_ln46, i23 %zext_ln50" [../src/sobel.cpp:50->../src/sobel.cpp:157->../src/canny_top.cpp:31]   --->   Operation 128 'icmp' 'icmp_ln50' <Predicate = true> <Delay = 0.91> <CoreInst = "Cmp">   --->   Core 9 'Cmp' <Latency = 0> <II = 1> <Delay = 0.91> <FuncUnit> <Opcode : 'seteq' 'setne' 'setle' 'setge' 'setlt' 'setgt'> <InPorts = 2> <OutPorts = 1>
ST_8 : Operation 129 [1/1] (0.00ns) (grouped into LUT with out node retval_0_i31_i)   --->   "%or_ln55 = or i11 %gradientY, i11 %gradientX" [../src/sobel.cpp:55->../src/sobel.cpp:157->../src/canny_top.cpp:31]   --->   Operation 129 'or' 'or_ln55' <Predicate = true> <Delay = 0.00> <CoreInst = "LogicGate">   --->   Core 74 'LogicGate' <Latency = 0> <II = 1> <Delay = 0.33> <FuncUnit> <Opcode : 'and' 'or' 'xor'> <InPorts = 2> <OutPorts = 1>
ST_8 : Operation 130 [1/1] (0.00ns) (grouped into LUT with out node retval_0_i31_i)   --->   "%sext_ln56 = sext i11 %or_ln55" [../src/sobel.cpp:56->../src/sobel.cpp:157->../src/canny_top.cpp:31]   --->   Operation 130 'sext' 'sext_ln56' <Predicate = true> <Delay = 0.00>
ST_8 : Operation 131 [1/1] (0.00ns) (grouped into LUT with out node retval_0_i31_i)   --->   "%and_ln56 = and i11 %gradientX, i11 %gradientY" [../src/sobel.cpp:56->../src/sobel.cpp:157->../src/canny_top.cpp:31]   --->   Operation 131 'and' 'and_ln56' <Predicate = true> <Delay = 0.00> <CoreInst = "LogicGate">   --->   Core 74 'LogicGate' <Latency = 0> <II = 1> <Delay = 0.33> <FuncUnit> <Opcode : 'and' 'or' 'xor'> <InPorts = 2> <OutPorts = 1>
ST_8 : Operation 132 [1/1] (0.00ns) (grouped into LUT with out node retval_0_i31_i)   --->   "%sext_ln46 = sext i11 %and_ln56" [../src/sobel.cpp:46->../src/sobel.cpp:157->../src/canny_top.cpp:31]   --->   Operation 132 'sext' 'sext_ln46' <Predicate = true> <Delay = 0.00>
ST_8 : Operation 133 [1/1] (0.00ns) (grouped into LUT with out node retval_0_i31_i)   --->   "%xor_ln46 = xor i1 %icmp_ln46, i1 1" [../src/sobel.cpp:46->../src/sobel.cpp:157->../src/canny_top.cpp:31]   --->   Operation 133 'xor' 'xor_ln46' <Predicate = true> <Delay = 0.00> <CoreInst = "LogicGate">   --->   Core 74 'LogicGate' <Latency = 0> <II = 1> <Delay = 0.28> <FuncUnit> <Opcode : 'and' 'or' 'xor'> <InPorts = 2> <OutPorts = 1>
ST_8 : Operation 134 [1/1] (0.00ns) (grouped into LUT with out node retval_0_i31_i)   --->   "%or_ln46 = or i1 %icmp_ln42, i1 %xor_ln46" [../src/sobel.cpp:46->../src/sobel.cpp:157->../src/canny_top.cpp:31]   --->   Operation 134 'or' 'or_ln46' <Predicate = true> <Delay = 0.00> <CoreInst = "LogicGate">   --->   Core 74 'LogicGate' <Latency = 0> <II = 1> <Delay = 0.28> <FuncUnit> <Opcode : 'and' 'or' 'xor'> <InPorts = 2> <OutPorts = 1>
ST_8 : Operation 135 [1/1] (0.00ns) (grouped into LUT with out node and_ln46)   --->   "%xor_ln42 = xor i1 %icmp_ln42, i1 1" [../src/sobel.cpp:42->../src/sobel.cpp:157->../src/canny_top.cpp:31]   --->   Operation 135 'xor' 'xor_ln42' <Predicate = true> <Delay = 0.00> <CoreInst = "LogicGate">   --->   Core 74 'LogicGate' <Latency = 0> <II = 1> <Delay = 0.28> <FuncUnit> <Opcode : 'and' 'or' 'xor'> <InPorts = 2> <OutPorts = 1>
ST_8 : Operation 136 [1/1] (0.28ns) (out node of the LUT)   --->   "%and_ln46 = and i1 %icmp_ln46, i1 %xor_ln42" [../src/sobel.cpp:46->../src/sobel.cpp:157->../src/canny_top.cpp:31]   --->   Operation 136 'and' 'and_ln46' <Predicate = true> <Delay = 0.28> <CoreInst = "LogicGate">   --->   Core 74 'LogicGate' <Latency = 0> <II = 1> <Delay = 0.28> <FuncUnit> <Opcode : 'and' 'or' 'xor'> <InPorts = 2> <OutPorts = 1>
ST_8 : Operation 137 [1/1] (0.00ns) (grouped into LUT with out node retval_0_i31_i)   --->   "%xor_ln50 = xor i1 %icmp_ln50, i1 1" [../src/sobel.cpp:50->../src/sobel.cpp:157->../src/canny_top.cpp:31]   --->   Operation 137 'xor' 'xor_ln50' <Predicate = true> <Delay = 0.00> <CoreInst = "LogicGate">   --->   Core 74 'LogicGate' <Latency = 0> <II = 1> <Delay = 0.28> <FuncUnit> <Opcode : 'and' 'or' 'xor'> <InPorts = 2> <OutPorts = 1>
ST_8 : Operation 138 [1/1] (0.00ns) (grouped into LUT with out node retval_0_i31_i)   --->   "%and_ln50 = and i1 %and_ln46, i1 %xor_ln50" [../src/sobel.cpp:50->../src/sobel.cpp:157->../src/canny_top.cpp:31]   --->   Operation 138 'and' 'and_ln50' <Predicate = true> <Delay = 0.00> <CoreInst = "LogicGate">   --->   Core 74 'LogicGate' <Latency = 0> <II = 1> <Delay = 0.28> <FuncUnit> <Opcode : 'and' 'or' 'xor'> <InPorts = 2> <OutPorts = 1>
ST_8 : Operation 139 [1/1] (0.00ns) (grouped into LUT with out node retval_0_i31_i)   --->   "%tmp_14 = bitselect i1 @_ssdm_op_BitSelect.i1.i32.i32, i32 %sext_ln56, i32 31" [../src/sobel.cpp:55->../src/sobel.cpp:157->../src/canny_top.cpp:31]   --->   Operation 139 'bitselect' 'tmp_14' <Predicate = true> <Delay = 0.00>
ST_8 : Operation 140 [1/1] (0.00ns) (grouped into LUT with out node retval_0_i31_i)   --->   "%tmp_15 = bitselect i1 @_ssdm_op_BitSelect.i1.i32.i32, i32 %sext_ln46, i32 31" [../src/sobel.cpp:56->../src/sobel.cpp:157->../src/canny_top.cpp:31]   --->   Operation 140 'bitselect' 'tmp_15' <Predicate = true> <Delay = 0.00>
ST_8 : Operation 141 [1/1] (0.00ns) (grouped into LUT with out node retval_0_i31_i)   --->   "%xor_ln56 = xor i1 %tmp_15, i1 1" [../src/sobel.cpp:56->../src/sobel.cpp:157->../src/canny_top.cpp:31]   --->   Operation 141 'xor' 'xor_ln56' <Predicate = true> <Delay = 0.00> <CoreInst = "LogicGate">   --->   Core 74 'LogicGate' <Latency = 0> <II = 1> <Delay = 0.28> <FuncUnit> <Opcode : 'and' 'or' 'xor'> <InPorts = 2> <OutPorts = 1>
ST_8 : Operation 142 [1/1] (0.00ns) (grouped into LUT with out node retval_0_i31_i)   --->   "%and_ln56_1 = and i1 %and_ln46, i1 %icmp_ln50" [../src/sobel.cpp:56->../src/sobel.cpp:157->../src/canny_top.cpp:31]   --->   Operation 142 'and' 'and_ln56_1' <Predicate = true> <Delay = 0.00> <CoreInst = "LogicGate">   --->   Core 74 'LogicGate' <Latency = 0> <II = 1> <Delay = 0.28> <FuncUnit> <Opcode : 'and' 'or' 'xor'> <InPorts = 2> <OutPorts = 1>
ST_8 : Operation 143 [1/1] (0.00ns) (grouped into LUT with out node retval_0_i31_i)   --->   "%and_ln56_2 = and i1 %tmp_14, i1 %xor_ln56" [../src/sobel.cpp:56->../src/sobel.cpp:157->../src/canny_top.cpp:31]   --->   Operation 143 'and' 'and_ln56_2' <Predicate = true> <Delay = 0.00> <CoreInst = "LogicGate">   --->   Core 74 'LogicGate' <Latency = 0> <II = 1> <Delay = 0.28> <FuncUnit> <Opcode : 'and' 'or' 'xor'> <InPorts = 2> <OutPorts = 1>
ST_8 : Operation 144 [1/1] (0.00ns) (grouped into LUT with out node retval_0_i31_i)   --->   "%and_ln56_3 = and i1 %and_ln56_2, i1 %and_ln56_1" [../src/sobel.cpp:56->../src/sobel.cpp:157->../src/canny_top.cpp:31]   --->   Operation 144 'and' 'and_ln56_3' <Predicate = true> <Delay = 0.00> <CoreInst = "LogicGate">   --->   Core 74 'LogicGate' <Latency = 0> <II = 1> <Delay = 0.28> <FuncUnit> <Opcode : 'and' 'or' 'xor'> <InPorts = 2> <OutPorts = 1>
ST_8 : Operation 145 [1/1] (0.00ns) (grouped into LUT with out node retval_0_i31_i)   --->   "%sel_tmp = bitconcatenate i3 @_ssdm_op_BitConcatenate.i3.i1.i1.i1, i1 %or_ln46, i1 %and_ln50, i1 %and_ln56_3" [../src/sobel.cpp:46->../src/sobel.cpp:157->../src/canny_top.cpp:31]   --->   Operation 145 'bitconcatenate' 'sel_tmp' <Predicate = true> <Delay = 0.00>
ST_8 : Operation 146 [1/1] (0.47ns) (out node of the LUT)   --->   "%retval_0_i31_i = sparsemux i2 @_ssdm_op_SparseMux.ap_auto.4i2.i2.i3, i3 4, i2 0, i3 2, i2 2, i3 1, i2 3, i3 0, i2 1, i2 0, i3 %sel_tmp" [../src/sobel.cpp:46->../src/sobel.cpp:157->../src/canny_top.cpp:31]   --->   Operation 146 'sparsemux' 'retval_0_i31_i' <Predicate = true> <Delay = 0.47> <CoreInst = "OneHotSparseMux_HasDef">   --->   Core 152 'OneHotSparseMux_HasDef' <Latency = 0> <II = 1> <Delay = 0.47> <FuncUnit> <Opcode : 'sparsemux'> <InPorts = 2> <OutPorts = 1>

State 9 <SV = 8> <Delay = 1.23>
ST_9 : Operation 147 [1/1] (0.00ns)   --->   "%specpipeline_ln116 = specpipeline void @_ssdm_op_SpecPipeline, i32 4294967295, i32 0, i32 0, i32 0, i32 4294967295, void @empty" [../src/sobel.cpp:116->../src/canny_top.cpp:31]   --->   Operation 147 'specpipeline' 'specpipeline_ln116' <Predicate = true> <Delay = 0.00>
ST_9 : Operation 148 [1/1] (0.00ns)   --->   "%speclooptripcount_ln116 = speclooptripcount void @_ssdm_op_SpecLoopTripCount, i64 512, i64 512, i64 512" [../src/sobel.cpp:116->../src/canny_top.cpp:31]   --->   Operation 148 'speclooptripcount' 'speclooptripcount_ln116' <Predicate = true> <Delay = 0.00>
ST_9 : Operation 149 [1/1] (0.00ns)   --->   "%specloopname_ln116 = specloopname void @_ssdm_op_SpecLoopName, void @empty_22" [../src/sobel.cpp:116->../src/canny_top.cpp:31]   --->   Operation 149 'specloopname' 'specloopname_ln116' <Predicate = true> <Delay = 0.00>
ST_9 : Operation 150 [1/1] (0.00ns)   --->   "%out_sobel_direction_addr = getelementptr i2 %out_sobel_direction, i64 0, i64 %zext_ln116" [../src/sobel.cpp:156->../src/canny_top.cpp:31]   --->   Operation 150 'getelementptr' 'out_sobel_direction_addr' <Predicate = true> <Delay = 0.00>
ST_9 : Operation 151 [1/1] ( I:1.23ns O:1.23ns )   --->   "%store_ln156 = store i2 %retval_0_i31_i, i9 %out_sobel_direction_addr" [../src/sobel.cpp:156->../src/canny_top.cpp:31]   --->   Operation 151 'store' 'store_ln156' <Predicate = true> <Delay = 1.23> <CoreInst = "RAM">   --->   Core 82 'RAM' <Latency = 1> <II = 1> <Delay = 1.23> <Storage> <Opcode : 'load' 'store'> <Ports = 2> <Width = 2> <Depth = 512> <RAM>
ST_9 : Operation 152 [1/1] (0.00ns)   --->   "%br_ln116 = br void %VITIS_LOOP_120_3.i" [../src/sobel.cpp:116->../src/canny_top.cpp:31]   --->   Operation 152 'br' 'br_ln116' <Predicate = true> <Delay = 0.00>


============================================================
+ Verbose Summary: Binding
============================================================
STG Binding: 
---------------- STG Properties BEGIN ----------------
- Is combinational: 0
- Is one-state seq: 0
- Is datapath-only: 0
- Is pipelined: 0
- Is top level: 0
Port [ Return ] is wired: 1; IO mode=ap_ctrl_hs:ce=0
Port [ select_ln27]:  wired=1; compound=0; hidden=0; nouse=0; global=0; static=0; extern=0; dir=0; type=0; pingpong=0; private_global=0; IO mode=ap_none:ce=0
Port [ select_ln27_1]:  wired=1; compound=0; hidden=0; nouse=0; global=0; static=0; extern=0; dir=0; type=0; pingpong=0; private_global=0; IO mode=ap_none:ce=0
Port [ select_ln27_2]:  wired=1; compound=0; hidden=0; nouse=0; global=0; static=0; extern=0; dir=0; type=0; pingpong=0; private_global=0; IO mode=ap_none:ce=0
Port [ out_sobel_magnitude]:  wired=1; compound=1; hidden=0; nouse=0; global=0; static=0; extern=0; dir=1; type=1; pingpong=1; private_global=0; MemPort=[03]; IO mode=ap_memory:ce=0
Port [ out_sobel_direction]:  wired=1; compound=1; hidden=0; nouse=0; global=0; static=0; extern=0; dir=1; type=1; pingpong=1; private_global=0; MemPort=[03]; IO mode=ap_memory:ce=0
Port [ lineBuffer]:  wired=1; compound=1; hidden=0; nouse=0; global=1; static=1; extern=0; dir=0; type=1; pingpong=0; private_global=0; MemPort=[11]; IO mode=ap_memory:ce=0
---------------- STG Properties END ------------------

---------------- Datapath Model BEGIN ----------------

<LifeTime>
<method=bitvector/>
column                                         (alloca           ) [ 0100000000]
select_ln27_2_read                             (read             ) [ 0011100000]
select_ln27_1_read                             (read             ) [ 0011000000]
select_ln27_read                               (read             ) [ 0010000000]
store_ln116                                    (store            ) [ 0000000000]
br_ln0                                         (br               ) [ 0000000000]
column_1                                       (load             ) [ 0111111000]
icmp_ln116                                     (icmp             ) [ 0111110000]
add_ln116                                      (add              ) [ 0000000000]
br_ln116                                       (br               ) [ 0000000000]
sourceColumn_1                                 (trunc            ) [ 0011100000]
zext_ln138                                     (zext             ) [ 0000000000]
add_ln138                                      (add              ) [ 0000000000]
trunc_ln64                                     (trunc            ) [ 0000000000]
tmp_1                                          (bitselect        ) [ 0000000000]
sourceColumn                                   (select           ) [ 0011000000]
tmp_6                                          (bitconcatenate   ) [ 0000000000]
zext_ln141                                     (zext             ) [ 0000000000]
lineBuffer_addr                                (getelementptr    ) [ 0010000000]
add_ln138_1                                    (add              ) [ 0000000000]
trunc_ln64_1                                   (trunc            ) [ 0000000000]
tmp_2                                          (bitselect        ) [ 0000000000]
sourceColumn_2                                 (select           ) [ 0011100000]
tmp_3                                          (bitconcatenate   ) [ 0000000000]
zext_ln141_5                                   (zext             ) [ 0000000000]
lineBuffer_addr_5                              (getelementptr    ) [ 0010000000]
store_ln116                                    (store            ) [ 0000000000]
tmp_7                                          (bitconcatenate   ) [ 0000000000]
zext_ln141_1                                   (zext             ) [ 0000000000]
lineBuffer_addr_1                              (getelementptr    ) [ 0001000000]
pixel                                          (load             ) [ 0101110000]
tmp_9                                          (bitconcatenate   ) [ 0000000000]
zext_ln141_3                                   (zext             ) [ 0000000000]
lineBuffer_addr_3                              (getelementptr    ) [ 0001000000]
pixel_1                                        (load             ) [ 0101110000]
tmp_8                                          (bitconcatenate   ) [ 0000000000]
zext_ln141_2                                   (zext             ) [ 0000000000]
lineBuffer_addr_2                              (getelementptr    ) [ 0000100000]
lineBuffer_load                                (load             ) [ 0100110000]
tmp_4                                          (bitconcatenate   ) [ 0000000000]
zext_ln141_7                                   (zext             ) [ 0000000000]
lineBuffer_addr_6                              (getelementptr    ) [ 0000100000]
lineBuffer_load_2                              (load             ) [ 0000100000]
tmp_s                                          (bitconcatenate   ) [ 0000000000]
zext_ln141_4                                   (zext             ) [ 0000000000]
lineBuffer_addr_4                              (getelementptr    ) [ 0100010000]
tmp_5                                          (bitconcatenate   ) [ 0000000000]
zext_ln141_8                                   (zext             ) [ 0000000000]
lineBuffer_addr_7                              (getelementptr    ) [ 0100010000]
zext_ln141_6                                   (zext             ) [ 0000000000]
lineBuffer_load_3                              (load             ) [ 0000000000]
zext_ln64                                      (zext             ) [ 0000000000]
pixel_2                                        (load             ) [ 0100010000]
tmp                                            (sub              ) [ 0100010000]
zext_ln140                                     (zext             ) [ 0000000000]
zext_ln138_1                                   (zext             ) [ 0000000000]
zext_ln140_1                                   (zext             ) [ 0000000000]
zext_ln140_2                                   (zext             ) [ 0000000000]
sub_ln143                                      (sub              ) [ 0000000000]
sub_ln143_cast                                 (sext             ) [ 0000000000]
tmp_10                                         (bitconcatenate   ) [ 0000000000]
sext_ln143                                     (sext             ) [ 0000000000]
sub_ln143_1                                    (sub              ) [ 0000000000]
lineBuffer_load_5                              (load             ) [ 0000000000]
p_anonymous_namespace_lineBuffer_1_load_6_cast (zext             ) [ 0000000000]
tmp3                                           (sub              ) [ 0000000000]
tmp_11                                         (bitconcatenate   ) [ 0000000000]
sext_ln147                                     (sext             ) [ 0000000000]
add_ln147                                      (add              ) [ 0000000000]
zext_ln147                                     (zext             ) [ 0000000000]
sub_ln147                                      (sub              ) [ 0000000000]
pixel_3                                        (load             ) [ 0000000000]
zext_ln140_3                                   (zext             ) [ 0000000000]
add_ln143                                      (add              ) [ 0000000000]
sext_ln143_1                                   (sext             ) [ 0000000000]
add_ln143_1                                    (add              ) [ 0010001000]
gradientX                                      (add              ) [ 0011101110]
gradientY_2                                    (add              ) [ 0000000000]
sext_ln147_2                                   (sext             ) [ 0000000000]
add_ln147_2                                    (add              ) [ 0010001000]
gradientY                                      (add              ) [ 0011101110]
zext_ln116                                     (zext             ) [ 0101100111]
sext_ln147_1                                   (sext             ) [ 0000000000]
sext_ln118                                     (sext             ) [ 0000000000]
tmp_12                                         (bitselect        ) [ 0000000000]
sub_ln32                                       (sub              ) [ 0000000000]
absoluteX                                      (select           ) [ 0001100110]
tmp_13                                         (bitselect        ) [ 0000000000]
sub_ln32_1                                     (sub              ) [ 0000000000]
absoluteY                                      (select           ) [ 0000000000]
zext_ln154                                     (zext             ) [ 0000000000]
zext_ln154_1                                   (zext             ) [ 0000000000]
zext_ln154_2                                   (zext             ) [ 0000000000]
add_ln154                                      (add              ) [ 0000000000]
out_sobel_magnitude_addr                       (getelementptr    ) [ 0000000000]
store_ln154                                    (store            ) [ 0000000000]
or_ln42                                        (or               ) [ 0000000000]
icmp_ln42                                      (icmp             ) [ 0001100110]
mul_ln46                                       (mul              ) [ 0001100110]
zext_ln32_1                                    (zext             ) [ 0000000000]
zext_ln46_1                                    (zext             ) [ 0000000000]
mul_ln46_1                                     (mul              ) [ 0000000000]
zext_ln46_2                                    (zext             ) [ 0000000000]
icmp_ln46                                      (icmp             ) [ 0000100010]
zext_ln32                                      (zext             ) [ 0000000000]
zext_ln46                                      (zext             ) [ 0000000000]
mul_ln50                                       (mul              ) [ 0000000000]
zext_ln50                                      (zext             ) [ 0000000000]
icmp_ln50                                      (icmp             ) [ 0000000000]
or_ln55                                        (or               ) [ 0000000000]
sext_ln56                                      (sext             ) [ 0000000000]
and_ln56                                       (and              ) [ 0000000000]
sext_ln46                                      (sext             ) [ 0000000000]
xor_ln46                                       (xor              ) [ 0000000000]
or_ln46                                        (or               ) [ 0000000000]
xor_ln42                                       (xor              ) [ 0000000000]
and_ln46                                       (and              ) [ 0000000000]
xor_ln50                                       (xor              ) [ 0000000000]
and_ln50                                       (and              ) [ 0000000000]
tmp_14                                         (bitselect        ) [ 0000000000]
tmp_15                                         (bitselect        ) [ 0000000000]
xor_ln56                                       (xor              ) [ 0000000000]
and_ln56_1                                     (and              ) [ 0000000000]
and_ln56_2                                     (and              ) [ 0000000000]
and_ln56_3                                     (and              ) [ 0000000000]
sel_tmp                                        (bitconcatenate   ) [ 0000000000]
retval_0_i31_i                                 (sparsemux        ) [ 0100000001]
specpipeline_ln116                             (specpipeline     ) [ 0000000000]
speclooptripcount_ln116                        (speclooptripcount) [ 0000000000]
specloopname_ln116                             (specloopname     ) [ 0000000000]
out_sobel_direction_addr                       (getelementptr    ) [ 0000000000]
store_ln156                                    (store            ) [ 0000000000]
br_ln116                                       (br               ) [ 0000000000]
ret_ln0                                        (ret              ) [ 0000000000]
</LifeTime>

<model>

<comp_list>
<comp id="0" class="1000" name="select_ln27">
<pin_list>
<pin id="1" dir="1" index="0" bw="1" slack="0"/>
</pin_list>
<bind>
<StgValue><ssdm name="select_ln27"/></StgValue>
</bind>
</comp>

<comp id="2" class="1000" name="select_ln27_1">
<pin_list>
<pin id="3" dir="1" index="0" bw="1" slack="0"/>
</pin_list>
<bind>
<StgValue><ssdm name="select_ln27_1"/></StgValue>
</bind>
</comp>

<comp id="4" class="1000" name="select_ln27_2">
<pin_list>
<pin id="5" dir="1" index="0" bw="1" slack="0"/>
</pin_list>
<bind>
<StgValue><ssdm name="select_ln27_2"/></StgValue>
</bind>
</comp>

<comp id="6" class="1000" name="out_sobel_magnitude">
<pin_list>
<pin id="7" dir="1" index="0" bw="1" slack="0"/>
</pin_list>
<bind>
<StgValue><ssdm name="out_sobel_magnitude"/><MemPortTyVec>0 3 </MemPortTyVec>
</StgValue>
</bind>
</comp>

<comp id="8" class="1000" name="out_sobel_direction">
<pin_list>
<pin id="9" dir="1" index="0" bw="1" slack="0"/>
</pin_list>
<bind>
<StgValue><ssdm name="out_sobel_direction"/><MemPortTyVec>0 3 </MemPortTyVec>
</StgValue>
</bind>
</comp>

<comp id="10" class="1000" name="lineBuffer">
<pin_list>
<pin id="11" dir="1" index="0" bw="1" slack="0"/>
</pin_list>
<bind>
<StgValue><ssdm name="lineBuffer"/><MemPortTyVec>1 1 </MemPortTyVec>
</StgValue>
</bind>
</comp>

<comp id="12" class="1001" name="const_12">
<pin_list>
<pin id="13" dir="1" index="0" bw="1" slack="0"/>
</pin_list>
<bind>
<StgValue><ssdm name=""/></StgValue>
</bind>
</comp>

<comp id="14" class="1001" name="const_14">
<pin_list>
<pin id="15" dir="1" index="0" bw="1" slack="0"/>
</pin_list>
<bind>
<StgValue><ssdm name="_ssdm_op_Read.ap_auto.i2"/></StgValue>
</bind>
</comp>

<comp id="16" class="1001" name="const_16">
<pin_list>
<pin id="17" dir="1" index="0" bw="1" slack="0"/>
</pin_list>
<bind>
<StgValue><ssdm name=""/></StgValue>
</bind>
</comp>

<comp id="18" class="1001" name="const_18">
<pin_list>
<pin id="19" dir="1" index="0" bw="1" slack="0"/>
</pin_list>
<bind>
<StgValue><ssdm name=""/></StgValue>
</bind>
</comp>

<comp id="20" class="1001" name="const_20">
<pin_list>
<pin id="21" dir="1" index="0" bw="1" slack="0"/>
</pin_list>
<bind>
<StgValue><ssdm name=""/></StgValue>
</bind>
</comp>

<comp id="22" class="1001" name="const_22">
<pin_list>
<pin id="23" dir="1" index="0" bw="1" slack="0"/>
</pin_list>
<bind>
<StgValue><ssdm name=""/></StgValue>
</bind>
</comp>

<comp id="24" class="1001" name="const_24">
<pin_list>
<pin id="25" dir="1" index="0" bw="1" slack="0"/>
</pin_list>
<bind>
<StgValue><ssdm name="_ssdm_op_BitSelect.i1.i10.i32"/></StgValue>
</bind>
</comp>

<comp id="26" class="1001" name="const_26">
<pin_list>
<pin id="27" dir="1" index="0" bw="1" slack="0"/>
</pin_list>
<bind>
<StgValue><ssdm name=""/></StgValue>
</bind>
</comp>

<comp id="28" class="1001" name="const_28">
<pin_list>
<pin id="29" dir="1" index="0" bw="1" slack="0"/>
</pin_list>
<bind>
<StgValue><ssdm name=""/></StgValue>
</bind>
</comp>

<comp id="30" class="1001" name="const_30">
<pin_list>
<pin id="31" dir="1" index="0" bw="1" slack="0"/>
</pin_list>
<bind>
<StgValue><ssdm name="_ssdm_op_BitConcatenate.i11.i2.i9"/></StgValue>
</bind>
</comp>

<comp id="32" class="1001" name="const_32">
<pin_list>
<pin id="33" dir="1" index="0" bw="1" slack="0"/>
</pin_list>
<bind>
<StgValue><ssdm name=""/></StgValue>
</bind>
</comp>

<comp id="34" class="1001" name="const_34">
<pin_list>
<pin id="35" dir="1" index="0" bw="1" slack="0"/>
</pin_list>
<bind>
<StgValue><ssdm name=""/></StgValue>
</bind>
</comp>

<comp id="36" class="1001" name="const_36">
<pin_list>
<pin id="37" dir="1" index="0" bw="1" slack="0"/>
</pin_list>
<bind>
<StgValue><ssdm name="_ssdm_op_BitConcatenate.i10.i9.i1"/></StgValue>
</bind>
</comp>

<comp id="38" class="1001" name="const_38">
<pin_list>
<pin id="39" dir="1" index="0" bw="1" slack="0"/>
</pin_list>
<bind>
<StgValue><ssdm name=""/></StgValue>
</bind>
</comp>

<comp id="40" class="1001" name="const_40">
<pin_list>
<pin id="41" dir="1" index="0" bw="1" slack="0"/>
</pin_list>
<bind>
<StgValue><ssdm name="_ssdm_op_BitSelect.i1.i32.i32"/></StgValue>
</bind>
</comp>

<comp id="42" class="1001" name="const_42">
<pin_list>
<pin id="43" dir="1" index="0" bw="1" slack="0"/>
</pin_list>
<bind>
<StgValue><ssdm name=""/></StgValue>
</bind>
</comp>

<comp id="44" class="1001" name="const_44">
<pin_list>
<pin id="45" dir="1" index="0" bw="1" slack="0"/>
</pin_list>
<bind>
<StgValue><ssdm name=""/></StgValue>
</bind>
</comp>

<comp id="46" class="1001" name="const_46">
<pin_list>
<pin id="47" dir="1" index="0" bw="1" slack="0"/>
</pin_list>
<bind>
<StgValue><ssdm name=""/></StgValue>
</bind>
</comp>

<comp id="48" class="1001" name="const_48">
<pin_list>
<pin id="49" dir="1" index="0" bw="1" slack="0"/>
</pin_list>
<bind>
<StgValue><ssdm name=""/></StgValue>
</bind>
</comp>

<comp id="50" class="1001" name="const_50">
<pin_list>
<pin id="51" dir="1" index="0" bw="1" slack="0"/>
</pin_list>
<bind>
<StgValue><ssdm name=""/></StgValue>
</bind>
</comp>

<comp id="52" class="1001" name="const_52">
<pin_list>
<pin id="53" dir="1" index="0" bw="1" slack="0"/>
</pin_list>
<bind>
<StgValue><ssdm name="_ssdm_op_BitConcatenate.i3.i1.i1.i1"/></StgValue>
</bind>
</comp>

<comp id="54" class="1001" name="const_54">
<pin_list>
<pin id="55" dir="1" index="0" bw="1" slack="0"/>
</pin_list>
<bind>
<StgValue><ssdm name="_ssdm_op_SparseMux.ap_auto.4i2.i2.i3"/></StgValue>
</bind>
</comp>

<comp id="56" class="1001" name="const_56">
<pin_list>
<pin id="57" dir="1" index="0" bw="1" slack="0"/>
</pin_list>
<bind>
<StgValue><ssdm name=""/></StgValue>
</bind>
</comp>

<comp id="58" class="1001" name="const_58">
<pin_list>
<pin id="59" dir="1" index="0" bw="1" slack="0"/>
</pin_list>
<bind>
<StgValue><ssdm name=""/></StgValue>
</bind>
</comp>

<comp id="60" class="1001" name="const_60">
<pin_list>
<pin id="61" dir="1" index="0" bw="1" slack="0"/>
</pin_list>
<bind>
<StgValue><ssdm name=""/></StgValue>
</bind>
</comp>

<comp id="62" class="1001" name="const_62">
<pin_list>
<pin id="63" dir="1" index="0" bw="1" slack="0"/>
</pin_list>
<bind>
<StgValue><ssdm name=""/></StgValue>
</bind>
</comp>

<comp id="64" class="1001" name="const_64">
<pin_list>
<pin id="65" dir="1" index="0" bw="1" slack="0"/>
</pin_list>
<bind>
<StgValue><ssdm name=""/></StgValue>
</bind>
</comp>

<comp id="66" class="1001" name="const_66">
<pin_list>
<pin id="67" dir="1" index="0" bw="1" slack="0"/>
</pin_list>
<bind>
<StgValue><ssdm name=""/></StgValue>
</bind>
</comp>

<comp id="68" class="1001" name="const_68">
<pin_list>
<pin id="69" dir="1" index="0" bw="1" slack="0"/>
</pin_list>
<bind>
<StgValue><ssdm name=""/></StgValue>
</bind>
</comp>

<comp id="70" class="1001" name="const_70">
<pin_list>
<pin id="71" dir="1" index="0" bw="1" slack="0"/>
</pin_list>
<bind>
<StgValue><ssdm name=""/></StgValue>
</bind>
</comp>

<comp id="72" class="1001" name="const_72">
<pin_list>
<pin id="73" dir="1" index="0" bw="1" slack="0"/>
</pin_list>
<bind>
<StgValue><ssdm name=""/></StgValue>
</bind>
</comp>

<comp id="74" class="1001" name="const_74">
<pin_list>
<pin id="75" dir="1" index="0" bw="1" slack="2147483647"/>
</pin_list>
<bind>
<StgValue><ssdm name="_ssdm_op_SpecPipeline"/></StgValue>
</bind>
</comp>

<comp id="76" class="1001" name="const_76">
<pin_list>
<pin id="77" dir="1" index="0" bw="1" slack="2147483647"/>
</pin_list>
<bind>
<StgValue><ssdm name=""/></StgValue>
</bind>
</comp>

<comp id="78" class="1001" name="const_78">
<pin_list>
<pin id="79" dir="1" index="0" bw="1" slack="2147483647"/>
</pin_list>
<bind>
<StgValue><ssdm name=""/></StgValue>
</bind>
</comp>

<comp id="80" class="1001" name="const_80">
<pin_list>
<pin id="81" dir="1" index="0" bw="1" slack="2147483647"/>
</pin_list>
<bind>
<StgValue><ssdm name="empty"/></StgValue>
</bind>
</comp>

<comp id="82" class="1001" name="const_82">
<pin_list>
<pin id="83" dir="1" index="0" bw="1" slack="2147483647"/>
</pin_list>
<bind>
<StgValue><ssdm name="_ssdm_op_SpecLoopTripCount"/></StgValue>
</bind>
</comp>

<comp id="84" class="1001" name="const_84">
<pin_list>
<pin id="85" dir="1" index="0" bw="1" slack="2147483647"/>
</pin_list>
<bind>
<StgValue><ssdm name=""/></StgValue>
</bind>
</comp>

<comp id="86" class="1001" name="const_86">
<pin_list>
<pin id="87" dir="1" index="0" bw="1" slack="2147483647"/>
</pin_list>
<bind>
<StgValue><ssdm name="_ssdm_op_SpecLoopName"/></StgValue>
</bind>
</comp>

<comp id="88" class="1001" name="const_88">
<pin_list>
<pin id="89" dir="1" index="0" bw="1" slack="2147483647"/>
</pin_list>
<bind>
<StgValue><ssdm name="empty_22"/></StgValue>
</bind>
</comp>

<comp id="90" class="1004" name="column_fu_90">
<pin_list>
<pin id="91" dir="0" index="0" bw="1" slack="0"/>
<pin id="92" dir="1" index="1" bw="10" slack="0"/>
</pin_list>
<bind>
<opcode="alloca(26) " fcode="alloca"/>
<opset="column/1 "/>
</bind>
</comp>

<comp id="94" class="1004" name="select_ln27_2_read_read_fu_94">
<pin_list>
<pin id="95" dir="0" index="0" bw="2" slack="0"/>
<pin id="96" dir="0" index="1" bw="2" slack="0"/>
<pin id="97" dir="1" index="2" bw="2" slack="2"/>
</pin_list>
<bind>
<opcode="read(1150) " fcode="read"/>
<opset="select_ln27_2_read/1 "/>
</bind>
</comp>

<comp id="100" class="1004" name="select_ln27_1_read_read_fu_100">
<pin_list>
<pin id="101" dir="0" index="0" bw="2" slack="0"/>
<pin id="102" dir="0" index="1" bw="2" slack="0"/>
<pin id="103" dir="1" index="2" bw="2" slack="1"/>
</pin_list>
<bind>
<opcode="read(1150) " fcode="read"/>
<opset="select_ln27_1_read/1 "/>
</bind>
</comp>

<comp id="106" class="1004" name="select_ln27_read_read_fu_106">
<pin_list>
<pin id="107" dir="0" index="0" bw="2" slack="0"/>
<pin id="108" dir="0" index="1" bw="2" slack="0"/>
<pin id="109" dir="1" index="2" bw="2" slack="0"/>
</pin_list>
<bind>
<opcode="read(1150) " fcode="read"/>
<opset="select_ln27_read/1 "/>
</bind>
</comp>

<comp id="112" class="1004" name="lineBuffer_addr_gep_fu_112">
<pin_list>
<pin id="113" dir="0" index="0" bw="8" slack="0"/>
<pin id="114" dir="0" index="1" bw="1" slack="0"/>
<pin id="115" dir="0" index="2" bw="11" slack="0"/>
<pin id="116" dir="1" index="3" bw="11" slack="0"/>
</pin_list>
<bind>
<opcode="getelementptr(29) " fcode="getelementptr"/>
<opset="lineBuffer_addr/1 "/>
</bind>
</comp>

<comp id="119" class="1004" name="grp_access_fu_119">
<pin_list>
<pin id="120" dir="0" index="0" bw="11" slack="0"/>
<pin id="121" dir="0" index="1" bw="8" slack="2147483647"/>
<pin id="122" dir="0" index="2" bw="0" slack="0"/>
<pin id="124" dir="0" index="4" bw="11" slack="2147483647"/>
<pin id="125" dir="0" index="5" bw="8" slack="2147483647"/>
<pin id="126" dir="0" index="6" bw="0" slack="2147483647"/>
<pin id="123" dir="1" index="3" bw="8" slack="0"/>
<pin id="127" dir="1" index="7" bw="8" slack="0"/>
</pin_list>
<bind>
<opcode="load(27) " fcode="load"/>
<opset="pixel/1 pixel_1/1 lineBuffer_load/2 lineBuffer_load_2/2 lineBuffer_load_3/3 pixel_2/3 lineBuffer_load_5/4 pixel_3/4 "/>
</bind>
</comp>

<comp id="129" class="1004" name="lineBuffer_addr_5_gep_fu_129">
<pin_list>
<pin id="130" dir="0" index="0" bw="8" slack="0"/>
<pin id="131" dir="0" index="1" bw="1" slack="0"/>
<pin id="132" dir="0" index="2" bw="11" slack="0"/>
<pin id="133" dir="1" index="3" bw="11" slack="0"/>
</pin_list>
<bind>
<opcode="getelementptr(29) " fcode="getelementptr"/>
<opset="lineBuffer_addr_5/1 "/>
</bind>
</comp>

<comp id="137" class="1004" name="lineBuffer_addr_1_gep_fu_137">
<pin_list>
<pin id="138" dir="0" index="0" bw="8" slack="0"/>
<pin id="139" dir="0" index="1" bw="1" slack="0"/>
<pin id="140" dir="0" index="2" bw="11" slack="0"/>
<pin id="141" dir="1" index="3" bw="11" slack="0"/>
</pin_list>
<bind>
<opcode="getelementptr(29) " fcode="getelementptr"/>
<opset="lineBuffer_addr_1/2 "/>
</bind>
</comp>

<comp id="144" class="1004" name="lineBuffer_addr_3_gep_fu_144">
<pin_list>
<pin id="145" dir="0" index="0" bw="8" slack="0"/>
<pin id="146" dir="0" index="1" bw="1" slack="0"/>
<pin id="147" dir="0" index="2" bw="11" slack="0"/>
<pin id="148" dir="1" index="3" bw="11" slack="0"/>
</pin_list>
<bind>
<opcode="getelementptr(29) " fcode="getelementptr"/>
<opset="lineBuffer_addr_3/2 "/>
</bind>
</comp>

<comp id="153" class="1004" name="lineBuffer_addr_2_gep_fu_153">
<pin_list>
<pin id="154" dir="0" index="0" bw="8" slack="0"/>
<pin id="155" dir="0" index="1" bw="1" slack="0"/>
<pin id="156" dir="0" index="2" bw="11" slack="0"/>
<pin id="157" dir="1" index="3" bw="11" slack="0"/>
</pin_list>
<bind>
<opcode="getelementptr(29) " fcode="getelementptr"/>
<opset="lineBuffer_addr_2/3 "/>
</bind>
</comp>

<comp id="160" class="1004" name="lineBuffer_addr_6_gep_fu_160">
<pin_list>
<pin id="161" dir="0" index="0" bw="8" slack="0"/>
<pin id="162" dir="0" index="1" bw="1" slack="0"/>
<pin id="163" dir="0" index="2" bw="11" slack="0"/>
<pin id="164" dir="1" index="3" bw="11" slack="0"/>
</pin_list>
<bind>
<opcode="getelementptr(29) " fcode="getelementptr"/>
<opset="lineBuffer_addr_6/3 "/>
</bind>
</comp>

<comp id="169" class="1004" name="lineBuffer_addr_4_gep_fu_169">
<pin_list>
<pin id="170" dir="0" index="0" bw="8" slack="0"/>
<pin id="171" dir="0" index="1" bw="1" slack="0"/>
<pin id="172" dir="0" index="2" bw="11" slack="0"/>
<pin id="173" dir="1" index="3" bw="11" slack="0"/>
</pin_list>
<bind>
<opcode="getelementptr(29) " fcode="getelementptr"/>
<opset="lineBuffer_addr_4/4 "/>
</bind>
</comp>

<comp id="176" class="1004" name="lineBuffer_addr_7_gep_fu_176">
<pin_list>
<pin id="177" dir="0" index="0" bw="8" slack="0"/>
<pin id="178" dir="0" index="1" bw="1" slack="0"/>
<pin id="179" dir="0" index="2" bw="11" slack="0"/>
<pin id="180" dir="1" index="3" bw="11" slack="0"/>
</pin_list>
<bind>
<opcode="getelementptr(29) " fcode="getelementptr"/>
<opset="lineBuffer_addr_7/4 "/>
</bind>
</comp>

<comp id="185" class="1004" name="out_sobel_magnitude_addr_gep_fu_185">
<pin_list>
<pin id="186" dir="0" index="0" bw="11" slack="0"/>
<pin id="187" dir="0" index="1" bw="1" slack="0"/>
<pin id="188" dir="0" index="2" bw="10" slack="0"/>
<pin id="189" dir="1" index="3" bw="9" slack="0"/>
</pin_list>
<bind>
<opcode="getelementptr(29) " fcode="getelementptr"/>
<opset="out_sobel_magnitude_addr/6 "/>
</bind>
</comp>

<comp id="192" class="1004" name="store_ln154_access_fu_192">
<pin_list>
<pin id="193" dir="0" index="0" bw="9" slack="0"/>
<pin id="194" dir="0" index="1" bw="11" slack="0"/>
<pin id="195" dir="0" index="2" bw="0" slack="2147483647"/>
<pin id="196" dir="1" index="3" bw="11" slack="2147483647"/>
</pin_list>
<bind>
<opcode="store(28) " fcode="store"/>
<opset="store_ln154/6 "/>
</bind>
</comp>

<comp id="198" class="1004" name="out_sobel_direction_addr_gep_fu_198">
<pin_list>
<pin id="199" dir="0" index="0" bw="2" slack="0"/>
<pin id="200" dir="0" index="1" bw="1" slack="0"/>
<pin id="201" dir="0" index="2" bw="10" slack="3"/>
<pin id="202" dir="1" index="3" bw="9" slack="0"/>
</pin_list>
<bind>
<opcode="getelementptr(29) " fcode="getelementptr"/>
<opset="out_sobel_direction_addr/9 "/>
</bind>
</comp>

<comp id="205" class="1004" name="store_ln156_access_fu_205">
<pin_list>
<pin id="206" dir="0" index="0" bw="9" slack="0"/>
<pin id="207" dir="0" index="1" bw="2" slack="1"/>
<pin id="208" dir="0" index="2" bw="0" slack="2147483647"/>
<pin id="209" dir="1" index="3" bw="2" slack="2147483647"/>
</pin_list>
<bind>
<opcode="store(28) " fcode="store"/>
<opset="store_ln156/9 "/>
</bind>
</comp>

<comp id="211" class="1005" name="reg_211">
<pin_list>
<pin id="212" dir="0" index="0" bw="8" slack="1"/>
<pin id="213" dir="1" index="1" bw="8" slack="1"/>
</pin_list>
<bind>
<opset="lineBuffer_load_2 pixel_2 "/>
</bind>
</comp>

<comp id="215" class="1004" name="store_ln116_store_fu_215">
<pin_list>
<pin id="216" dir="0" index="0" bw="1" slack="0"/>
<pin id="217" dir="0" index="1" bw="10" slack="0"/>
<pin id="218" dir="1" index="2" bw="0" slack="2147483647"/>
</pin_list>
<bind>
<opcode="store(28) " fcode="store"/>
<opset="store_ln116/1 "/>
</bind>
</comp>

<comp id="220" class="1004" name="column_1_load_fu_220">
<pin_list>
<pin id="221" dir="0" index="0" bw="10" slack="0"/>
<pin id="222" dir="1" index="1" bw="10" slack="0"/>
</pin_list>
<bind>
<opcode="load(27) " fcode="load"/>
<opset="column_1/1 "/>
</bind>
</comp>

<comp id="223" class="1004" name="icmp_ln116_fu_223">
<pin_list>
<pin id="224" dir="0" index="0" bw="10" slack="0"/>
<pin id="225" dir="0" index="1" bw="10" slack="0"/>
<pin id="226" dir="1" index="2" bw="1" slack="1"/>
</pin_list>
<bind>
<opcode="icmp(45) " fcode="icmp"/>
<opset="icmp_ln116/1 "/>
</bind>
</comp>

<comp id="229" class="1004" name="add_ln116_fu_229">
<pin_list>
<pin id="230" dir="0" index="0" bw="10" slack="0"/>
<pin id="231" dir="0" index="1" bw="1" slack="0"/>
<pin id="232" dir="1" index="2" bw="10" slack="0"/>
</pin_list>
<bind>
<opcode="add(8) " fcode="add"/>
<opset="add_ln116/1 "/>
</bind>
</comp>

<comp id="235" class="1004" name="sourceColumn_1_fu_235">
<pin_list>
<pin id="236" dir="0" index="0" bw="10" slack="0"/>
<pin id="237" dir="1" index="1" bw="9" slack="0"/>
</pin_list>
<bind>
<opcode="trunc(33) " fcode="trunc"/>
<opset="sourceColumn_1/1 "/>
</bind>
</comp>

<comp id="239" class="1004" name="zext_ln138_fu_239">
<pin_list>
<pin id="240" dir="0" index="0" bw="9" slack="0"/>
<pin id="241" dir="1" index="1" bw="10" slack="0"/>
</pin_list>
<bind>
<opcode="zext(34) " fcode="zext"/>
<opset="zext_ln138/1 "/>
</bind>
</comp>

<comp id="243" class="1004" name="add_ln138_fu_243">
<pin_list>
<pin id="244" dir="0" index="0" bw="9" slack="0"/>
<pin id="245" dir="0" index="1" bw="1" slack="0"/>
<pin id="246" dir="1" index="2" bw="10" slack="0"/>
</pin_list>
<bind>
<opcode="add(8) " fcode="add"/>
<opset="add_ln138/1 "/>
</bind>
</comp>

<comp id="249" class="1004" name="trunc_ln64_fu_249">
<pin_list>
<pin id="250" dir="0" index="0" bw="10" slack="0"/>
<pin id="251" dir="1" index="1" bw="9" slack="0"/>
</pin_list>
<bind>
<opcode="trunc(33) " fcode="trunc"/>
<opset="trunc_ln64/1 "/>
</bind>
</comp>

<comp id="253" class="1004" name="tmp_1_fu_253">
<pin_list>
<pin id="254" dir="0" index="0" bw="1" slack="0"/>
<pin id="255" dir="0" index="1" bw="10" slack="0"/>
<pin id="256" dir="0" index="2" bw="5" slack="0"/>
<pin id="257" dir="1" index="3" bw="1" slack="0"/>
</pin_list>
<bind>
<opcode="bitselect(1000) " fcode="bitselect"/>
<opset="tmp_1/1 "/>
</bind>
</comp>

<comp id="261" class="1004" name="sourceColumn_fu_261">
<pin_list>
<pin id="262" dir="0" index="0" bw="1" slack="0"/>
<pin id="263" dir="0" index="1" bw="1" slack="0"/>
<pin id="264" dir="0" index="2" bw="9" slack="0"/>
<pin id="265" dir="1" index="3" bw="9" slack="0"/>
</pin_list>
<bind>
<opcode="select(49) " fcode="select"/>
<opset="sourceColumn/1 "/>
</bind>
</comp>

<comp id="269" class="1004" name="tmp_6_fu_269">
<pin_list>
<pin id="270" dir="0" index="0" bw="11" slack="0"/>
<pin id="271" dir="0" index="1" bw="2" slack="0"/>
<pin id="272" dir="0" index="2" bw="9" slack="0"/>
<pin id="273" dir="1" index="3" bw="11" slack="0"/>
</pin_list>
<bind>
<opcode="bitconcatenate(1004) " fcode="bitconcatenate"/>
<opset="tmp_6/1 "/>
</bind>
</comp>

<comp id="277" class="1004" name="zext_ln141_fu_277">
<pin_list>
<pin id="278" dir="0" index="0" bw="11" slack="0"/>
<pin id="279" dir="1" index="1" bw="64" slack="0"/>
</pin_list>
<bind>
<opcode="zext(34) " fcode="zext"/>
<opset="zext_ln141/1 "/>
</bind>
</comp>

<comp id="282" class="1004" name="add_ln138_1_fu_282">
<pin_list>
<pin id="283" dir="0" index="0" bw="9" slack="0"/>
<pin id="284" dir="0" index="1" bw="1" slack="0"/>
<pin id="285" dir="1" index="2" bw="10" slack="0"/>
</pin_list>
<bind>
<opcode="add(8) " fcode="add"/>
<opset="add_ln138_1/1 "/>
</bind>
</comp>

<comp id="288" class="1004" name="trunc_ln64_1_fu_288">
<pin_list>
<pin id="289" dir="0" index="0" bw="10" slack="0"/>
<pin id="290" dir="1" index="1" bw="9" slack="0"/>
</pin_list>
<bind>
<opcode="trunc(33) " fcode="trunc"/>
<opset="trunc_ln64_1/1 "/>
</bind>
</comp>

<comp id="292" class="1004" name="tmp_2_fu_292">
<pin_list>
<pin id="293" dir="0" index="0" bw="1" slack="0"/>
<pin id="294" dir="0" index="1" bw="10" slack="0"/>
<pin id="295" dir="0" index="2" bw="5" slack="0"/>
<pin id="296" dir="1" index="3" bw="1" slack="0"/>
</pin_list>
<bind>
<opcode="bitselect(1000) " fcode="bitselect"/>
<opset="tmp_2/1 "/>
</bind>
</comp>

<comp id="300" class="1004" name="sourceColumn_2_fu_300">
<pin_list>
<pin id="301" dir="0" index="0" bw="1" slack="0"/>
<pin id="302" dir="0" index="1" bw="1" slack="0"/>
<pin id="303" dir="0" index="2" bw="9" slack="0"/>
<pin id="304" dir="1" index="3" bw="9" slack="0"/>
</pin_list>
<bind>
<opcode="select(49) " fcode="select"/>
<opset="sourceColumn_2/1 "/>
</bind>
</comp>

<comp id="308" class="1004" name="tmp_3_fu_308">
<pin_list>
<pin id="309" dir="0" index="0" bw="11" slack="0"/>
<pin id="310" dir="0" index="1" bw="2" slack="0"/>
<pin id="311" dir="0" index="2" bw="9" slack="0"/>
<pin id="312" dir="1" index="3" bw="11" slack="0"/>
</pin_list>
<bind>
<opcode="bitconcatenate(1004) " fcode="bitconcatenate"/>
<opset="tmp_3/1 "/>
</bind>
</comp>

<comp id="316" class="1004" name="zext_ln141_5_fu_316">
<pin_list>
<pin id="317" dir="0" index="0" bw="11" slack="0"/>
<pin id="318" dir="1" index="1" bw="64" slack="0"/>
</pin_list>
<bind>
<opcode="zext(34) " fcode="zext"/>
<opset="zext_ln141_5/1 "/>
</bind>
</comp>

<comp id="321" class="1004" name="store_ln116_store_fu_321">
<pin_list>
<pin id="322" dir="0" index="0" bw="10" slack="0"/>
<pin id="323" dir="0" index="1" bw="10" slack="0"/>
<pin id="324" dir="1" index="2" bw="0" slack="2147483647"/>
</pin_list>
<bind>
<opcode="store(28) " fcode="store"/>
<opset="store_ln116/1 "/>
</bind>
</comp>

<comp id="326" class="1004" name="tmp_7_fu_326">
<pin_list>
<pin id="327" dir="0" index="0" bw="11" slack="0"/>
<pin id="328" dir="0" index="1" bw="2" slack="1"/>
<pin id="329" dir="0" index="2" bw="9" slack="1"/>
<pin id="330" dir="1" index="3" bw="11" slack="0"/>
</pin_list>
<bind>
<opcode="bitconcatenate(1004) " fcode="bitconcatenate"/>
<opset="tmp_7/2 "/>
</bind>
</comp>

<comp id="332" class="1004" name="zext_ln141_1_fu_332">
<pin_list>
<pin id="333" dir="0" index="0" bw="11" slack="0"/>
<pin id="334" dir="1" index="1" bw="64" slack="0"/>
</pin_list>
<bind>
<opcode="zext(34) " fcode="zext"/>
<opset="zext_ln141_1/2 "/>
</bind>
</comp>

<comp id="337" class="1004" name="tmp_9_fu_337">
<pin_list>
<pin id="338" dir="0" index="0" bw="11" slack="0"/>
<pin id="339" dir="0" index="1" bw="2" slack="1"/>
<pin id="340" dir="0" index="2" bw="9" slack="1"/>
<pin id="341" dir="1" index="3" bw="11" slack="0"/>
</pin_list>
<bind>
<opcode="bitconcatenate(1004) " fcode="bitconcatenate"/>
<opset="tmp_9/2 "/>
</bind>
</comp>

<comp id="343" class="1004" name="zext_ln141_3_fu_343">
<pin_list>
<pin id="344" dir="0" index="0" bw="11" slack="0"/>
<pin id="345" dir="1" index="1" bw="64" slack="0"/>
</pin_list>
<bind>
<opcode="zext(34) " fcode="zext"/>
<opset="zext_ln141_3/2 "/>
</bind>
</comp>

<comp id="348" class="1004" name="tmp_8_fu_348">
<pin_list>
<pin id="349" dir="0" index="0" bw="11" slack="0"/>
<pin id="350" dir="0" index="1" bw="2" slack="2"/>
<pin id="351" dir="0" index="2" bw="9" slack="2"/>
<pin id="352" dir="1" index="3" bw="11" slack="0"/>
</pin_list>
<bind>
<opcode="bitconcatenate(1004) " fcode="bitconcatenate"/>
<opset="tmp_8/3 "/>
</bind>
</comp>

<comp id="354" class="1004" name="zext_ln141_2_fu_354">
<pin_list>
<pin id="355" dir="0" index="0" bw="11" slack="0"/>
<pin id="356" dir="1" index="1" bw="64" slack="0"/>
</pin_list>
<bind>
<opcode="zext(34) " fcode="zext"/>
<opset="zext_ln141_2/3 "/>
</bind>
</comp>

<comp id="359" class="1004" name="tmp_4_fu_359">
<pin_list>
<pin id="360" dir="0" index="0" bw="11" slack="0"/>
<pin id="361" dir="0" index="1" bw="2" slack="2"/>
<pin id="362" dir="0" index="2" bw="9" slack="2"/>
<pin id="363" dir="1" index="3" bw="11" slack="0"/>
</pin_list>
<bind>
<opcode="bitconcatenate(1004) " fcode="bitconcatenate"/>
<opset="tmp_4/3 "/>
</bind>
</comp>

<comp id="365" class="1004" name="zext_ln141_7_fu_365">
<pin_list>
<pin id="366" dir="0" index="0" bw="11" slack="0"/>
<pin id="367" dir="1" index="1" bw="64" slack="0"/>
</pin_list>
<bind>
<opcode="zext(34) " fcode="zext"/>
<opset="zext_ln141_7/3 "/>
</bind>
</comp>

<comp id="370" class="1004" name="tmp_s_fu_370">
<pin_list>
<pin id="371" dir="0" index="0" bw="11" slack="0"/>
<pin id="372" dir="0" index="1" bw="2" slack="3"/>
<pin id="373" dir="0" index="2" bw="9" slack="3"/>
<pin id="374" dir="1" index="3" bw="11" slack="0"/>
</pin_list>
<bind>
<opcode="bitconcatenate(1004) " fcode="bitconcatenate"/>
<opset="tmp_s/4 "/>
</bind>
</comp>

<comp id="376" class="1004" name="zext_ln141_4_fu_376">
<pin_list>
<pin id="377" dir="0" index="0" bw="11" slack="0"/>
<pin id="378" dir="1" index="1" bw="64" slack="0"/>
</pin_list>
<bind>
<opcode="zext(34) " fcode="zext"/>
<opset="zext_ln141_4/4 "/>
</bind>
</comp>

<comp id="381" class="1004" name="tmp_5_fu_381">
<pin_list>
<pin id="382" dir="0" index="0" bw="11" slack="0"/>
<pin id="383" dir="0" index="1" bw="2" slack="3"/>
<pin id="384" dir="0" index="2" bw="9" slack="3"/>
<pin id="385" dir="1" index="3" bw="11" slack="0"/>
</pin_list>
<bind>
<opcode="bitconcatenate(1004) " fcode="bitconcatenate"/>
<opset="tmp_5/4 "/>
</bind>
</comp>

<comp id="387" class="1004" name="zext_ln141_8_fu_387">
<pin_list>
<pin id="388" dir="0" index="0" bw="11" slack="0"/>
<pin id="389" dir="1" index="1" bw="64" slack="0"/>
</pin_list>
<bind>
<opcode="zext(34) " fcode="zext"/>
<opset="zext_ln141_8/4 "/>
</bind>
</comp>

<comp id="392" class="1004" name="zext_ln141_6_fu_392">
<pin_list>
<pin id="393" dir="0" index="0" bw="8" slack="1"/>
<pin id="394" dir="1" index="1" bw="9" slack="0"/>
</pin_list>
<bind>
<opcode="zext(34) " fcode="zext"/>
<opset="zext_ln141_6/4 "/>
</bind>
</comp>

<comp id="396" class="1004" name="zext_ln64_fu_396">
<pin_list>
<pin id="397" dir="0" index="0" bw="8" slack="0"/>
<pin id="398" dir="1" index="1" bw="9" slack="0"/>
</pin_list>
<bind>
<opcode="zext(34) " fcode="zext"/>
<opset="zext_ln64/4 "/>
</bind>
</comp>

<comp id="400" class="1004" name="tmp_fu_400">
<pin_list>
<pin id="401" dir="0" index="0" bw="8" slack="0"/>
<pin id="402" dir="0" index="1" bw="8" slack="0"/>
<pin id="403" dir="1" index="2" bw="9" slack="1"/>
</pin_list>
<bind>
<opcode="sub(10) " fcode="sub"/>
<opset="tmp/4 "/>
</bind>
</comp>

<comp id="406" class="1004" name="zext_ln140_fu_406">
<pin_list>
<pin id="407" dir="0" index="0" bw="8" slack="3"/>
<pin id="408" dir="1" index="1" bw="9" slack="0"/>
</pin_list>
<bind>
<opcode="zext(34) " fcode="zext"/>
<opset="zext_ln140/5 "/>
</bind>
</comp>

<comp id="409" class="1004" name="zext_ln138_1_fu_409">
<pin_list>
<pin id="410" dir="0" index="0" bw="8" slack="2"/>
<pin id="411" dir="1" index="1" bw="9" slack="0"/>
</pin_list>
<bind>
<opcode="zext(34) " fcode="zext"/>
<opset="zext_ln138_1/5 "/>
</bind>
</comp>

<comp id="412" class="1004" name="zext_ln140_1_fu_412">
<pin_list>
<pin id="413" dir="0" index="0" bw="8" slack="3"/>
<pin id="414" dir="1" index="1" bw="9" slack="0"/>
</pin_list>
<bind>
<opcode="zext(34) " fcode="zext"/>
<opset="zext_ln140_1/5 "/>
</bind>
</comp>

<comp id="415" class="1004" name="zext_ln140_2_fu_415">
<pin_list>
<pin id="416" dir="0" index="0" bw="8" slack="1"/>
<pin id="417" dir="1" index="1" bw="10" slack="0"/>
</pin_list>
<bind>
<opcode="zext(34) " fcode="zext"/>
<opset="zext_ln140_2/5 "/>
</bind>
</comp>

<comp id="419" class="1004" name="sub_ln143_fu_419">
<pin_list>
<pin id="420" dir="0" index="0" bw="8" slack="0"/>
<pin id="421" dir="0" index="1" bw="8" slack="0"/>
<pin id="422" dir="1" index="2" bw="9" slack="0"/>
</pin_list>
<bind>
<opcode="sub(10) " fcode="sub"/>
<opset="sub_ln143/5 "/>
</bind>
</comp>

<comp id="425" class="1004" name="sub_ln143_cast_fu_425">
<pin_list>
<pin id="426" dir="0" index="0" bw="9" slack="0"/>
<pin id="427" dir="1" index="1" bw="10" slack="0"/>
</pin_list>
<bind>
<opcode="sext(35) " fcode="sext"/>
<opset="sub_ln143_cast/5 "/>
</bind>
</comp>

<comp id="429" class="1004" name="tmp_10_fu_429">
<pin_list>
<pin id="430" dir="0" index="0" bw="10" slack="0"/>
<pin id="431" dir="0" index="1" bw="9" slack="1"/>
<pin id="432" dir="0" index="2" bw="1" slack="0"/>
<pin id="433" dir="1" index="3" bw="10" slack="0"/>
</pin_list>
<bind>
<opcode="bitconcatenate(1004) " fcode="bitconcatenate"/>
<opset="tmp_10/5 "/>
</bind>
</comp>

<comp id="436" class="1004" name="sext_ln143_fu_436">
<pin_list>
<pin id="437" dir="0" index="0" bw="10" slack="0"/>
<pin id="438" dir="1" index="1" bw="11" slack="0"/>
</pin_list>
<bind>
<opcode="sext(35) " fcode="sext"/>
<opset="sext_ln143/5 "/>
</bind>
</comp>

<comp id="440" class="1004" name="sub_ln143_1_fu_440">
<pin_list>
<pin id="441" dir="0" index="0" bw="9" slack="0"/>
<pin id="442" dir="0" index="1" bw="8" slack="0"/>
<pin id="443" dir="1" index="2" bw="10" slack="0"/>
</pin_list>
<bind>
<opcode="sub(10) " fcode="sub"/>
<opset="sub_ln143_1/5 "/>
</bind>
</comp>

<comp id="446" class="1004" name="p_anonymous_namespace_lineBuffer_1_load_6_cast_fu_446">
<pin_list>
<pin id="447" dir="0" index="0" bw="8" slack="0"/>
<pin id="448" dir="1" index="1" bw="9" slack="0"/>
</pin_list>
<bind>
<opcode="zext(34) " fcode="zext"/>
<opset="p_anonymous_namespace_lineBuffer_1_load_6_cast/5 "/>
</bind>
</comp>

<comp id="450" class="1004" name="tmp3_fu_450">
<pin_list>
<pin id="451" dir="0" index="0" bw="8" slack="0"/>
<pin id="452" dir="0" index="1" bw="8" slack="0"/>
<pin id="453" dir="1" index="2" bw="9" slack="0"/>
</pin_list>
<bind>
<opcode="sub(10) " fcode="sub"/>
<opset="tmp3/5 "/>
</bind>
</comp>

<comp id="456" class="1004" name="tmp_11_fu_456">
<pin_list>
<pin id="457" dir="0" index="0" bw="10" slack="0"/>
<pin id="458" dir="0" index="1" bw="9" slack="0"/>
<pin id="459" dir="0" index="2" bw="1" slack="0"/>
<pin id="460" dir="1" index="3" bw="10" slack="0"/>
</pin_list>
<bind>
<opcode="bitconcatenate(1004) " fcode="bitconcatenate"/>
<opset="tmp_11/5 "/>
</bind>
</comp>

<comp id="464" class="1004" name="sext_ln147_fu_464">
<pin_list>
<pin id="465" dir="0" index="0" bw="10" slack="0"/>
<pin id="466" dir="1" index="1" bw="11" slack="0"/>
</pin_list>
<bind>
<opcode="sext(35) " fcode="sext"/>
<opset="sext_ln147/5 "/>
</bind>
</comp>

<comp id="468" class="1004" name="add_ln147_fu_468">
<pin_list>
<pin id="469" dir="0" index="0" bw="8" slack="0"/>
<pin id="470" dir="0" index="1" bw="8" slack="0"/>
<pin id="471" dir="1" index="2" bw="9" slack="0"/>
</pin_list>
<bind>
<opcode="add(8) " fcode="add"/>
<opset="add_ln147/5 "/>
</bind>
</comp>

<comp id="474" class="1004" name="zext_ln147_fu_474">
<pin_list>
<pin id="475" dir="0" index="0" bw="9" slack="0"/>
<pin id="476" dir="1" index="1" bw="10" slack="0"/>
</pin_list>
<bind>
<opcode="zext(34) " fcode="zext"/>
<opset="zext_ln147/5 "/>
</bind>
</comp>

<comp id="478" class="1004" name="sub_ln147_fu_478">
<pin_list>
<pin id="479" dir="0" index="0" bw="8" slack="0"/>
<pin id="480" dir="0" index="1" bw="9" slack="0"/>
<pin id="481" dir="1" index="2" bw="10" slack="0"/>
</pin_list>
<bind>
<opcode="sub(10) " fcode="sub"/>
<opset="sub_ln147/5 "/>
</bind>
</comp>

<comp id="484" class="1004" name="zext_ln140_3_fu_484">
<pin_list>
<pin id="485" dir="0" index="0" bw="8" slack="0"/>
<pin id="486" dir="1" index="1" bw="10" slack="0"/>
</pin_list>
<bind>
<opcode="zext(34) " fcode="zext"/>
<opset="zext_ln140_3/5 "/>
</bind>
</comp>

<comp id="488" class="1004" name="add_ln143_fu_488">
<pin_list>
<pin id="489" dir="0" index="0" bw="10" slack="0"/>
<pin id="490" dir="0" index="1" bw="8" slack="0"/>
<pin id="491" dir="1" index="2" bw="10" slack="0"/>
</pin_list>
<bind>
<opcode="add(8) " fcode="add"/>
<opset="add_ln143/5 "/>
</bind>
</comp>

<comp id="494" class="1004" name="sext_ln143_1_fu_494">
<pin_list>
<pin id="495" dir="0" index="0" bw="10" slack="0"/>
<pin id="496" dir="1" index="1" bw="11" slack="0"/>
</pin_list>
<bind>
<opcode="sext(35) " fcode="sext"/>
<opset="sext_ln143_1/5 "/>
</bind>
</comp>

<comp id="498" class="1004" name="add_ln143_1_fu_498">
<pin_list>
<pin id="499" dir="0" index="0" bw="10" slack="0"/>
<pin id="500" dir="0" index="1" bw="10" slack="0"/>
<pin id="501" dir="1" index="2" bw="10" slack="1"/>
</pin_list>
<bind>
<opcode="add(8) " fcode="add"/>
<opset="add_ln143_1/5 "/>
</bind>
</comp>

<comp id="504" class="1004" name="gradientX_fu_504">
<pin_list>
<pin id="505" dir="0" index="0" bw="10" slack="0"/>
<pin id="506" dir="0" index="1" bw="10" slack="0"/>
<pin id="507" dir="1" index="2" bw="11" slack="1"/>
</pin_list>
<bind>
<opcode="add(8) " fcode="add"/>
<opset="gradientX/5 "/>
</bind>
</comp>

<comp id="510" class="1004" name="gradientY_2_fu_510">
<pin_list>
<pin id="511" dir="0" index="0" bw="10" slack="0"/>
<pin id="512" dir="0" index="1" bw="8" slack="0"/>
<pin id="513" dir="1" index="2" bw="10" slack="0"/>
</pin_list>
<bind>
<opcode="add(8) " fcode="add"/>
<opset="gradientY_2/5 "/>
</bind>
</comp>

<comp id="516" class="1004" name="sext_ln147_2_fu_516">
<pin_list>
<pin id="517" dir="0" index="0" bw="10" slack="0"/>
<pin id="518" dir="1" index="1" bw="11" slack="0"/>
</pin_list>
<bind>
<opcode="sext(35) " fcode="sext"/>
<opset="sext_ln147_2/5 "/>
</bind>
</comp>

<comp id="520" class="1004" name="add_ln147_2_fu_520">
<pin_list>
<pin id="521" dir="0" index="0" bw="10" slack="0"/>
<pin id="522" dir="0" index="1" bw="10" slack="0"/>
<pin id="523" dir="1" index="2" bw="10" slack="1"/>
</pin_list>
<bind>
<opcode="add(8) " fcode="add"/>
<opset="add_ln147_2/5 "/>
</bind>
</comp>

<comp id="526" class="1004" name="gradientY_fu_526">
<pin_list>
<pin id="527" dir="0" index="0" bw="10" slack="0"/>
<pin id="528" dir="0" index="1" bw="10" slack="0"/>
<pin id="529" dir="1" index="2" bw="11" slack="1"/>
</pin_list>
<bind>
<opcode="add(8) " fcode="add"/>
<opset="gradientY/5 "/>
</bind>
</comp>

<comp id="532" class="1004" name="zext_ln116_fu_532">
<pin_list>
<pin id="533" dir="0" index="0" bw="10" slack="5"/>
<pin id="534" dir="1" index="1" bw="64" slack="0"/>
</pin_list>
<bind>
<opcode="zext(34) " fcode="zext"/>
<opset="zext_ln116/6 "/>
</bind>
</comp>

<comp id="536" class="1004" name="sext_ln147_1_fu_536">
<pin_list>
<pin id="537" dir="0" index="0" bw="11" slack="1"/>
<pin id="538" dir="1" index="1" bw="32" slack="0"/>
</pin_list>
<bind>
<opcode="sext(35) " fcode="sext"/>
<opset="sext_ln147_1/6 "/>
</bind>
</comp>

<comp id="539" class="1004" name="sext_ln118_fu_539">
<pin_list>
<pin id="540" dir="0" index="0" bw="11" slack="1"/>
<pin id="541" dir="1" index="1" bw="32" slack="0"/>
</pin_list>
<bind>
<opcode="sext(35) " fcode="sext"/>
<opset="sext_ln118/6 "/>
</bind>
</comp>

<comp id="542" class="1004" name="tmp_12_fu_542">
<pin_list>
<pin id="543" dir="0" index="0" bw="1" slack="0"/>
<pin id="544" dir="0" index="1" bw="11" slack="0"/>
<pin id="545" dir="0" index="2" bw="6" slack="0"/>
<pin id="546" dir="1" index="3" bw="1" slack="0"/>
</pin_list>
<bind>
<opcode="bitselect(1000) " fcode="bitselect"/>
<opset="tmp_12/6 "/>
</bind>
</comp>

<comp id="550" class="1004" name="sub_ln32_fu_550">
<pin_list>
<pin id="551" dir="0" index="0" bw="1" slack="0"/>
<pin id="552" dir="0" index="1" bw="10" slack="1"/>
<pin id="553" dir="1" index="2" bw="10" slack="0"/>
</pin_list>
<bind>
<opcode="sub(10) " fcode="sub"/>
<opset="sub_ln32/6 "/>
</bind>
</comp>

<comp id="555" class="1004" name="absoluteX_fu_555">
<pin_list>
<pin id="556" dir="0" index="0" bw="1" slack="0"/>
<pin id="557" dir="0" index="1" bw="10" slack="0"/>
<pin id="558" dir="0" index="2" bw="10" slack="1"/>
<pin id="559" dir="1" index="3" bw="10" slack="0"/>
</pin_list>
<bind>
<opcode="select(49) " fcode="select"/>
<opset="absoluteX/6 "/>
</bind>
</comp>

<comp id="562" class="1004" name="tmp_13_fu_562">
<pin_list>
<pin id="563" dir="0" index="0" bw="1" slack="0"/>
<pin id="564" dir="0" index="1" bw="11" slack="0"/>
<pin id="565" dir="0" index="2" bw="6" slack="0"/>
<pin id="566" dir="1" index="3" bw="1" slack="0"/>
</pin_list>
<bind>
<opcode="bitselect(1000) " fcode="bitselect"/>
<opset="tmp_13/6 "/>
</bind>
</comp>

<comp id="570" class="1004" name="sub_ln32_1_fu_570">
<pin_list>
<pin id="571" dir="0" index="0" bw="1" slack="0"/>
<pin id="572" dir="0" index="1" bw="10" slack="1"/>
<pin id="573" dir="1" index="2" bw="10" slack="0"/>
</pin_list>
<bind>
<opcode="sub(10) " fcode="sub"/>
<opset="sub_ln32_1/6 "/>
</bind>
</comp>

<comp id="575" class="1004" name="absoluteY_fu_575">
<pin_list>
<pin id="576" dir="0" index="0" bw="1" slack="0"/>
<pin id="577" dir="0" index="1" bw="10" slack="0"/>
<pin id="578" dir="0" index="2" bw="10" slack="1"/>
<pin id="579" dir="1" index="3" bw="10" slack="0"/>
</pin_list>
<bind>
<opcode="select(49) " fcode="select"/>
<opset="absoluteY/6 "/>
</bind>
</comp>

<comp id="582" class="1004" name="zext_ln154_fu_582">
<pin_list>
<pin id="583" dir="0" index="0" bw="10" slack="0"/>
<pin id="584" dir="1" index="1" bw="20" slack="0"/>
</pin_list>
<bind>
<opcode="zext(34) " fcode="zext"/>
<opset="zext_ln154/6 "/>
</bind>
</comp>

<comp id="586" class="1004" name="zext_ln154_1_fu_586">
<pin_list>
<pin id="587" dir="0" index="0" bw="10" slack="0"/>
<pin id="588" dir="1" index="1" bw="11" slack="0"/>
</pin_list>
<bind>
<opcode="zext(34) " fcode="zext"/>
<opset="zext_ln154_1/6 "/>
</bind>
</comp>

<comp id="590" class="1004" name="zext_ln154_2_fu_590">
<pin_list>
<pin id="591" dir="0" index="0" bw="10" slack="0"/>
<pin id="592" dir="1" index="1" bw="11" slack="0"/>
</pin_list>
<bind>
<opcode="zext(34) " fcode="zext"/>
<opset="zext_ln154_2/6 "/>
</bind>
</comp>

<comp id="594" class="1004" name="add_ln154_fu_594">
<pin_list>
<pin id="595" dir="0" index="0" bw="10" slack="0"/>
<pin id="596" dir="0" index="1" bw="10" slack="0"/>
<pin id="597" dir="1" index="2" bw="11" slack="0"/>
</pin_list>
<bind>
<opcode="add(8) " fcode="add"/>
<opset="add_ln154/6 "/>
</bind>
</comp>

<comp id="601" class="1004" name="or_ln42_fu_601">
<pin_list>
<pin id="602" dir="0" index="0" bw="10" slack="0"/>
<pin id="603" dir="0" index="1" bw="10" slack="0"/>
<pin id="604" dir="1" index="2" bw="10" slack="0"/>
</pin_list>
<bind>
<opcode="or(24) " fcode="or"/>
<opset="or_ln42/6 "/>
</bind>
</comp>

<comp id="607" class="1004" name="icmp_ln42_fu_607">
<pin_list>
<pin id="608" dir="0" index="0" bw="10" slack="0"/>
<pin id="609" dir="0" index="1" bw="1" slack="0"/>
<pin id="610" dir="1" index="2" bw="1" slack="2"/>
</pin_list>
<bind>
<opcode="icmp(45) " fcode="icmp"/>
<opset="icmp_ln42/6 "/>
</bind>
</comp>

<comp id="613" class="1004" name="mul_ln46_fu_613">
<pin_list>
<pin id="614" dir="0" index="0" bw="10" slack="0"/>
<pin id="615" dir="0" index="1" bw="11" slack="0"/>
<pin id="616" dir="1" index="2" bw="20" slack="1"/>
</pin_list>
<bind>
<opcode="mul(12) " fcode="mul"/>
<opset="mul_ln46/6 "/>
</bind>
</comp>

<comp id="619" class="1004" name="zext_ln32_1_fu_619">
<pin_list>
<pin id="620" dir="0" index="0" bw="10" slack="1"/>
<pin id="621" dir="1" index="1" bw="19" slack="0"/>
</pin_list>
<bind>
<opcode="zext(34) " fcode="zext"/>
<opset="zext_ln32_1/7 "/>
</bind>
</comp>

<comp id="622" class="1004" name="zext_ln46_1_fu_622">
<pin_list>
<pin id="623" dir="0" index="0" bw="20" slack="1"/>
<pin id="624" dir="1" index="1" bw="21" slack="0"/>
</pin_list>
<bind>
<opcode="zext(34) " fcode="zext"/>
<opset="zext_ln46_1/7 "/>
</bind>
</comp>

<comp id="625" class="1004" name="mul_ln46_1_fu_625">
<pin_list>
<pin id="626" dir="0" index="0" bw="10" slack="0"/>
<pin id="627" dir="0" index="1" bw="10" slack="0"/>
<pin id="628" dir="1" index="2" bw="19" slack="0"/>
</pin_list>
<bind>
<opcode="mul(12) " fcode="mul"/>
<opset="mul_ln46_1/7 "/>
</bind>
</comp>

<comp id="631" class="1004" name="zext_ln46_2_fu_631">
<pin_list>
<pin id="632" dir="0" index="0" bw="19" slack="0"/>
<pin id="633" dir="1" index="1" bw="21" slack="0"/>
</pin_list>
<bind>
<opcode="zext(34) " fcode="zext"/>
<opset="zext_ln46_2/7 "/>
</bind>
</comp>

<comp id="635" class="1004" name="icmp_ln46_fu_635">
<pin_list>
<pin id="636" dir="0" index="0" bw="20" slack="0"/>
<pin id="637" dir="0" index="1" bw="19" slack="0"/>
<pin id="638" dir="1" index="2" bw="1" slack="1"/>
</pin_list>
<bind>
<opcode="icmp(45) " fcode="icmp"/>
<opset="icmp_ln46/7 "/>
</bind>
</comp>

<comp id="641" class="1004" name="zext_ln32_fu_641">
<pin_list>
<pin id="642" dir="0" index="0" bw="10" slack="2"/>
<pin id="643" dir="1" index="1" bw="22" slack="0"/>
</pin_list>
<bind>
<opcode="zext(34) " fcode="zext"/>
<opset="zext_ln32/8 "/>
</bind>
</comp>

<comp id="644" class="1004" name="zext_ln46_fu_644">
<pin_list>
<pin id="645" dir="0" index="0" bw="20" slack="2"/>
<pin id="646" dir="1" index="1" bw="23" slack="0"/>
</pin_list>
<bind>
<opcode="zext(34) " fcode="zext"/>
<opset="zext_ln46/8 "/>
</bind>
</comp>

<comp id="647" class="1004" name="mul_ln50_fu_647">
<pin_list>
<pin id="648" dir="0" index="0" bw="10" slack="0"/>
<pin id="649" dir="0" index="1" bw="13" slack="0"/>
<pin id="650" dir="1" index="2" bw="22" slack="0"/>
</pin_list>
<bind>
<opcode="mul(12) " fcode="mul"/>
<opset="mul_ln50/8 "/>
</bind>
</comp>

<comp id="653" class="1004" name="zext_ln50_fu_653">
<pin_list>
<pin id="654" dir="0" index="0" bw="22" slack="0"/>
<pin id="655" dir="1" index="1" bw="23" slack="0"/>
</pin_list>
<bind>
<opcode="zext(34) " fcode="zext"/>
<opset="zext_ln50/8 "/>
</bind>
</comp>

<comp id="657" class="1004" name="icmp_ln50_fu_657">
<pin_list>
<pin id="658" dir="0" index="0" bw="20" slack="0"/>
<pin id="659" dir="0" index="1" bw="22" slack="0"/>
<pin id="660" dir="1" index="2" bw="1" slack="0"/>
</pin_list>
<bind>
<opcode="icmp(45) " fcode="icmp"/>
<opset="icmp_ln50/8 "/>
</bind>
</comp>

<comp id="663" class="1004" name="or_ln55_fu_663">
<pin_list>
<pin id="664" dir="0" index="0" bw="11" slack="3"/>
<pin id="665" dir="0" index="1" bw="11" slack="3"/>
<pin id="666" dir="1" index="2" bw="11" slack="0"/>
</pin_list>
<bind>
<opcode="or(24) " fcode="or"/>
<opset="or_ln55/8 "/>
</bind>
</comp>

<comp id="667" class="1004" name="sext_ln56_fu_667">
<pin_list>
<pin id="668" dir="0" index="0" bw="11" slack="0"/>
<pin id="669" dir="1" index="1" bw="32" slack="0"/>
</pin_list>
<bind>
<opcode="sext(35) " fcode="sext"/>
<opset="sext_ln56/8 "/>
</bind>
</comp>

<comp id="671" class="1004" name="and_ln56_fu_671">
<pin_list>
<pin id="672" dir="0" index="0" bw="11" slack="3"/>
<pin id="673" dir="0" index="1" bw="11" slack="3"/>
<pin id="674" dir="1" index="2" bw="11" slack="0"/>
</pin_list>
<bind>
<opcode="and(23) " fcode="and"/>
<opset="and_ln56/8 "/>
</bind>
</comp>

<comp id="675" class="1004" name="sext_ln46_fu_675">
<pin_list>
<pin id="676" dir="0" index="0" bw="11" slack="0"/>
<pin id="677" dir="1" index="1" bw="32" slack="0"/>
</pin_list>
<bind>
<opcode="sext(35) " fcode="sext"/>
<opset="sext_ln46/8 "/>
</bind>
</comp>

<comp id="679" class="1004" name="xor_ln46_fu_679">
<pin_list>
<pin id="680" dir="0" index="0" bw="1" slack="1"/>
<pin id="681" dir="0" index="1" bw="1" slack="0"/>
<pin id="682" dir="1" index="2" bw="1" slack="0"/>
</pin_list>
<bind>
<opcode="xor(25) " fcode="xor"/>
<opset="xor_ln46/8 "/>
</bind>
</comp>

<comp id="684" class="1004" name="or_ln46_fu_684">
<pin_list>
<pin id="685" dir="0" index="0" bw="1" slack="2"/>
<pin id="686" dir="0" index="1" bw="1" slack="0"/>
<pin id="687" dir="1" index="2" bw="1" slack="0"/>
</pin_list>
<bind>
<opcode="or(24) " fcode="or"/>
<opset="or_ln46/8 "/>
</bind>
</comp>

<comp id="689" class="1004" name="xor_ln42_fu_689">
<pin_list>
<pin id="690" dir="0" index="0" bw="1" slack="2"/>
<pin id="691" dir="0" index="1" bw="1" slack="0"/>
<pin id="692" dir="1" index="2" bw="1" slack="0"/>
</pin_list>
<bind>
<opcode="xor(25) " fcode="xor"/>
<opset="xor_ln42/8 "/>
</bind>
</comp>

<comp id="694" class="1004" name="and_ln46_fu_694">
<pin_list>
<pin id="695" dir="0" index="0" bw="1" slack="1"/>
<pin id="696" dir="0" index="1" bw="1" slack="0"/>
<pin id="697" dir="1" index="2" bw="1" slack="0"/>
</pin_list>
<bind>
<opcode="and(23) " fcode="and"/>
<opset="and_ln46/8 "/>
</bind>
</comp>

<comp id="699" class="1004" name="xor_ln50_fu_699">
<pin_list>
<pin id="700" dir="0" index="0" bw="1" slack="0"/>
<pin id="701" dir="0" index="1" bw="1" slack="0"/>
<pin id="702" dir="1" index="2" bw="1" slack="0"/>
</pin_list>
<bind>
<opcode="xor(25) " fcode="xor"/>
<opset="xor_ln50/8 "/>
</bind>
</comp>

<comp id="705" class="1004" name="and_ln50_fu_705">
<pin_list>
<pin id="706" dir="0" index="0" bw="1" slack="0"/>
<pin id="707" dir="0" index="1" bw="1" slack="0"/>
<pin id="708" dir="1" index="2" bw="1" slack="0"/>
</pin_list>
<bind>
<opcode="and(23) " fcode="and"/>
<opset="and_ln50/8 "/>
</bind>
</comp>

<comp id="711" class="1004" name="tmp_14_fu_711">
<pin_list>
<pin id="712" dir="0" index="0" bw="1" slack="0"/>
<pin id="713" dir="0" index="1" bw="11" slack="0"/>
<pin id="714" dir="0" index="2" bw="6" slack="0"/>
<pin id="715" dir="1" index="3" bw="1" slack="0"/>
</pin_list>
<bind>
<opcode="bitselect(1000) " fcode="bitselect"/>
<opset="tmp_14/8 "/>
</bind>
</comp>

<comp id="719" class="1004" name="tmp_15_fu_719">
<pin_list>
<pin id="720" dir="0" index="0" bw="1" slack="0"/>
<pin id="721" dir="0" index="1" bw="11" slack="0"/>
<pin id="722" dir="0" index="2" bw="6" slack="0"/>
<pin id="723" dir="1" index="3" bw="1" slack="0"/>
</pin_list>
<bind>
<opcode="bitselect(1000) " fcode="bitselect"/>
<opset="tmp_15/8 "/>
</bind>
</comp>

<comp id="727" class="1004" name="xor_ln56_fu_727">
<pin_list>
<pin id="728" dir="0" index="0" bw="1" slack="0"/>
<pin id="729" dir="0" index="1" bw="1" slack="0"/>
<pin id="730" dir="1" index="2" bw="1" slack="0"/>
</pin_list>
<bind>
<opcode="xor(25) " fcode="xor"/>
<opset="xor_ln56/8 "/>
</bind>
</comp>

<comp id="733" class="1004" name="and_ln56_1_fu_733">
<pin_list>
<pin id="734" dir="0" index="0" bw="1" slack="0"/>
<pin id="735" dir="0" index="1" bw="1" slack="0"/>
<pin id="736" dir="1" index="2" bw="1" slack="0"/>
</pin_list>
<bind>
<opcode="and(23) " fcode="and"/>
<opset="and_ln56_1/8 "/>
</bind>
</comp>

<comp id="739" class="1004" name="and_ln56_2_fu_739">
<pin_list>
<pin id="740" dir="0" index="0" bw="1" slack="0"/>
<pin id="741" dir="0" index="1" bw="1" slack="0"/>
<pin id="742" dir="1" index="2" bw="1" slack="0"/>
</pin_list>
<bind>
<opcode="and(23) " fcode="and"/>
<opset="and_ln56_2/8 "/>
</bind>
</comp>

<comp id="745" class="1004" name="and_ln56_3_fu_745">
<pin_list>
<pin id="746" dir="0" index="0" bw="1" slack="0"/>
<pin id="747" dir="0" index="1" bw="1" slack="0"/>
<pin id="748" dir="1" index="2" bw="1" slack="0"/>
</pin_list>
<bind>
<opcode="and(23) " fcode="and"/>
<opset="and_ln56_3/8 "/>
</bind>
</comp>

<comp id="751" class="1004" name="sel_tmp_fu_751">
<pin_list>
<pin id="752" dir="0" index="0" bw="3" slack="0"/>
<pin id="753" dir="0" index="1" bw="1" slack="0"/>
<pin id="754" dir="0" index="2" bw="1" slack="0"/>
<pin id="755" dir="0" index="3" bw="1" slack="0"/>
<pin id="756" dir="1" index="4" bw="3" slack="0"/>
</pin_list>
<bind>
<opcode="bitconcatenate(1004) " fcode="bitconcatenate"/>
<opset="sel_tmp/8 "/>
</bind>
</comp>

<comp id="761" class="1004" name="retval_0_i31_i_fu_761">
<pin_list>
<pin id="762" dir="0" index="0" bw="2" slack="0"/>
<pin id="763" dir="0" index="1" bw="3" slack="0"/>
<pin id="764" dir="0" index="2" bw="2" slack="0"/>
<pin id="765" dir="0" index="3" bw="3" slack="0"/>
<pin id="766" dir="0" index="4" bw="2" slack="0"/>
<pin id="767" dir="0" index="5" bw="3" slack="0"/>
<pin id="768" dir="0" index="6" bw="2" slack="0"/>
<pin id="769" dir="0" index="7" bw="3" slack="0"/>
<pin id="770" dir="0" index="8" bw="2" slack="0"/>
<pin id="771" dir="0" index="9" bw="2" slack="0"/>
<pin id="772" dir="0" index="10" bw="3" slack="0"/>
<pin id="773" dir="1" index="11" bw="2" slack="1"/>
</pin_list>
<bind>
<opcode="sparsemux(1197) " fcode="sparsemux"/>
<opset="retval_0_i31_i/8 "/>
</bind>
</comp>

<comp id="785" class="1005" name="column_reg_785">
<pin_list>
<pin id="786" dir="0" index="0" bw="10" slack="0"/>
<pin id="787" dir="1" index="1" bw="10" slack="0"/>
</pin_list>
<bind>
<opset="column "/>
</bind>
</comp>

<comp id="792" class="1005" name="select_ln27_2_read_reg_792">
<pin_list>
<pin id="793" dir="0" index="0" bw="2" slack="2"/>
<pin id="794" dir="1" index="1" bw="2" slack="2"/>
</pin_list>
<bind>
<opset="select_ln27_2_read "/>
</bind>
</comp>

<comp id="799" class="1005" name="select_ln27_1_read_reg_799">
<pin_list>
<pin id="800" dir="0" index="0" bw="2" slack="1"/>
<pin id="801" dir="1" index="1" bw="2" slack="1"/>
</pin_list>
<bind>
<opset="select_ln27_1_read "/>
</bind>
</comp>

<comp id="805" class="1005" name="select_ln27_read_reg_805">
<pin_list>
<pin id="806" dir="0" index="0" bw="2" slack="1"/>
<pin id="807" dir="1" index="1" bw="2" slack="1"/>
</pin_list>
<bind>
<opset="select_ln27_read "/>
</bind>
</comp>

<comp id="810" class="1005" name="column_1_reg_810">
<pin_list>
<pin id="811" dir="0" index="0" bw="10" slack="5"/>
<pin id="812" dir="1" index="1" bw="10" slack="5"/>
</pin_list>
<bind>
<opset="column_1 "/>
</bind>
</comp>

<comp id="815" class="1005" name="icmp_ln116_reg_815">
<pin_list>
<pin id="816" dir="0" index="0" bw="1" slack="1"/>
<pin id="817" dir="1" index="1" bw="1" slack="2147483647"/>
</pin_list>
<bind>
<opset="icmp_ln116 "/>
</bind>
</comp>

<comp id="819" class="1005" name="sourceColumn_1_reg_819">
<pin_list>
<pin id="820" dir="0" index="0" bw="9" slack="1"/>
<pin id="821" dir="1" index="1" bw="9" slack="1"/>
</pin_list>
<bind>
<opset="sourceColumn_1 "/>
</bind>
</comp>

<comp id="825" class="1005" name="sourceColumn_reg_825">
<pin_list>
<pin id="826" dir="0" index="0" bw="9" slack="1"/>
<pin id="827" dir="1" index="1" bw="9" slack="1"/>
</pin_list>
<bind>
<opset="sourceColumn "/>
</bind>
</comp>

<comp id="831" class="1005" name="lineBuffer_addr_reg_831">
<pin_list>
<pin id="832" dir="0" index="0" bw="11" slack="1"/>
<pin id="833" dir="1" index="1" bw="11" slack="1"/>
</pin_list>
<bind>
<opset="lineBuffer_addr "/>
</bind>
</comp>

<comp id="836" class="1005" name="sourceColumn_2_reg_836">
<pin_list>
<pin id="837" dir="0" index="0" bw="9" slack="2"/>
<pin id="838" dir="1" index="1" bw="9" slack="2"/>
</pin_list>
<bind>
<opset="sourceColumn_2 "/>
</bind>
</comp>

<comp id="842" class="1005" name="lineBuffer_addr_5_reg_842">
<pin_list>
<pin id="843" dir="0" index="0" bw="11" slack="1"/>
<pin id="844" dir="1" index="1" bw="11" slack="1"/>
</pin_list>
<bind>
<opset="lineBuffer_addr_5 "/>
</bind>
</comp>

<comp id="847" class="1005" name="lineBuffer_addr_1_reg_847">
<pin_list>
<pin id="848" dir="0" index="0" bw="11" slack="1"/>
<pin id="849" dir="1" index="1" bw="11" slack="1"/>
</pin_list>
<bind>
<opset="lineBuffer_addr_1 "/>
</bind>
</comp>

<comp id="852" class="1005" name="pixel_reg_852">
<pin_list>
<pin id="853" dir="0" index="0" bw="8" slack="3"/>
<pin id="854" dir="1" index="1" bw="8" slack="3"/>
</pin_list>
<bind>
<opset="pixel "/>
</bind>
</comp>

<comp id="857" class="1005" name="lineBuffer_addr_3_reg_857">
<pin_list>
<pin id="858" dir="0" index="0" bw="11" slack="1"/>
<pin id="859" dir="1" index="1" bw="11" slack="1"/>
</pin_list>
<bind>
<opset="lineBuffer_addr_3 "/>
</bind>
</comp>

<comp id="862" class="1005" name="pixel_1_reg_862">
<pin_list>
<pin id="863" dir="0" index="0" bw="8" slack="3"/>
<pin id="864" dir="1" index="1" bw="8" slack="3"/>
</pin_list>
<bind>
<opset="pixel_1 "/>
</bind>
</comp>

<comp id="867" class="1005" name="lineBuffer_addr_2_reg_867">
<pin_list>
<pin id="868" dir="0" index="0" bw="11" slack="1"/>
<pin id="869" dir="1" index="1" bw="11" slack="1"/>
</pin_list>
<bind>
<opset="lineBuffer_addr_2 "/>
</bind>
</comp>

<comp id="872" class="1005" name="lineBuffer_load_reg_872">
<pin_list>
<pin id="873" dir="0" index="0" bw="8" slack="2"/>
<pin id="874" dir="1" index="1" bw="8" slack="2"/>
</pin_list>
<bind>
<opset="lineBuffer_load "/>
</bind>
</comp>

<comp id="877" class="1005" name="lineBuffer_addr_6_reg_877">
<pin_list>
<pin id="878" dir="0" index="0" bw="11" slack="1"/>
<pin id="879" dir="1" index="1" bw="11" slack="1"/>
</pin_list>
<bind>
<opset="lineBuffer_addr_6 "/>
</bind>
</comp>

<comp id="882" class="1005" name="lineBuffer_addr_4_reg_882">
<pin_list>
<pin id="883" dir="0" index="0" bw="11" slack="1"/>
<pin id="884" dir="1" index="1" bw="11" slack="1"/>
</pin_list>
<bind>
<opset="lineBuffer_addr_4 "/>
</bind>
</comp>

<comp id="887" class="1005" name="lineBuffer_addr_7_reg_887">
<pin_list>
<pin id="888" dir="0" index="0" bw="11" slack="1"/>
<pin id="889" dir="1" index="1" bw="11" slack="1"/>
</pin_list>
<bind>
<opset="lineBuffer_addr_7 "/>
</bind>
</comp>

<comp id="892" class="1005" name="tmp_reg_892">
<pin_list>
<pin id="893" dir="0" index="0" bw="9" slack="1"/>
<pin id="894" dir="1" index="1" bw="9" slack="1"/>
</pin_list>
<bind>
<opset="tmp "/>
</bind>
</comp>

<comp id="897" class="1005" name="add_ln143_1_reg_897">
<pin_list>
<pin id="898" dir="0" index="0" bw="10" slack="1"/>
<pin id="899" dir="1" index="1" bw="10" slack="1"/>
</pin_list>
<bind>
<opset="add_ln143_1 "/>
</bind>
</comp>

<comp id="903" class="1005" name="gradientX_reg_903">
<pin_list>
<pin id="904" dir="0" index="0" bw="11" slack="1"/>
<pin id="905" dir="1" index="1" bw="11" slack="1"/>
</pin_list>
<bind>
<opset="gradientX "/>
</bind>
</comp>

<comp id="910" class="1005" name="add_ln147_2_reg_910">
<pin_list>
<pin id="911" dir="0" index="0" bw="10" slack="1"/>
<pin id="912" dir="1" index="1" bw="10" slack="1"/>
</pin_list>
<bind>
<opset="add_ln147_2 "/>
</bind>
</comp>

<comp id="916" class="1005" name="gradientY_reg_916">
<pin_list>
<pin id="917" dir="0" index="0" bw="11" slack="1"/>
<pin id="918" dir="1" index="1" bw="11" slack="1"/>
</pin_list>
<bind>
<opset="gradientY "/>
</bind>
</comp>

<comp id="923" class="1005" name="zext_ln116_reg_923">
<pin_list>
<pin id="924" dir="0" index="0" bw="64" slack="3"/>
<pin id="925" dir="1" index="1" bw="64" slack="3"/>
</pin_list>
<bind>
<opset="zext_ln116 "/>
</bind>
</comp>

<comp id="928" class="1005" name="absoluteX_reg_928">
<pin_list>
<pin id="929" dir="0" index="0" bw="10" slack="1"/>
<pin id="930" dir="1" index="1" bw="10" slack="1"/>
</pin_list>
<bind>
<opset="absoluteX "/>
</bind>
</comp>

<comp id="934" class="1005" name="icmp_ln42_reg_934">
<pin_list>
<pin id="935" dir="0" index="0" bw="1" slack="2"/>
<pin id="936" dir="1" index="1" bw="1" slack="2"/>
</pin_list>
<bind>
<opset="icmp_ln42 "/>
</bind>
</comp>

<comp id="940" class="1005" name="mul_ln46_reg_940">
<pin_list>
<pin id="941" dir="0" index="0" bw="20" slack="1"/>
<pin id="942" dir="1" index="1" bw="20" slack="1"/>
</pin_list>
<bind>
<opset="mul_ln46 "/>
</bind>
</comp>

<comp id="946" class="1005" name="icmp_ln46_reg_946">
<pin_list>
<pin id="947" dir="0" index="0" bw="1" slack="1"/>
<pin id="948" dir="1" index="1" bw="1" slack="1"/>
</pin_list>
<bind>
<opset="icmp_ln46 "/>
</bind>
</comp>

<comp id="952" class="1005" name="retval_0_i31_i_reg_952">
<pin_list>
<pin id="953" dir="0" index="0" bw="2" slack="1"/>
<pin id="954" dir="1" index="1" bw="2" slack="1"/>
</pin_list>
<bind>
<opset="retval_0_i31_i "/>
</bind>
</comp>

</comp_list>

<net_list>
<net id="93"><net_src comp="12" pin="0"/><net_sink comp="90" pin=0"/></net>

<net id="98"><net_src comp="14" pin="0"/><net_sink comp="94" pin=0"/></net>

<net id="99"><net_src comp="4" pin="0"/><net_sink comp="94" pin=1"/></net>

<net id="104"><net_src comp="14" pin="0"/><net_sink comp="100" pin=0"/></net>

<net id="105"><net_src comp="2" pin="0"/><net_sink comp="100" pin=1"/></net>

<net id="110"><net_src comp="14" pin="0"/><net_sink comp="106" pin=0"/></net>

<net id="111"><net_src comp="0" pin="0"/><net_sink comp="106" pin=1"/></net>

<net id="117"><net_src comp="10" pin="0"/><net_sink comp="112" pin=0"/></net>

<net id="118"><net_src comp="32" pin="0"/><net_sink comp="112" pin=1"/></net>

<net id="128"><net_src comp="112" pin="3"/><net_sink comp="119" pin=2"/></net>

<net id="134"><net_src comp="10" pin="0"/><net_sink comp="129" pin=0"/></net>

<net id="135"><net_src comp="32" pin="0"/><net_sink comp="129" pin=1"/></net>

<net id="136"><net_src comp="129" pin="3"/><net_sink comp="119" pin=0"/></net>

<net id="142"><net_src comp="10" pin="0"/><net_sink comp="137" pin=0"/></net>

<net id="143"><net_src comp="32" pin="0"/><net_sink comp="137" pin=1"/></net>

<net id="149"><net_src comp="10" pin="0"/><net_sink comp="144" pin=0"/></net>

<net id="150"><net_src comp="32" pin="0"/><net_sink comp="144" pin=1"/></net>

<net id="151"><net_src comp="144" pin="3"/><net_sink comp="119" pin=2"/></net>

<net id="152"><net_src comp="137" pin="3"/><net_sink comp="119" pin=0"/></net>

<net id="158"><net_src comp="10" pin="0"/><net_sink comp="153" pin=0"/></net>

<net id="159"><net_src comp="32" pin="0"/><net_sink comp="153" pin=1"/></net>

<net id="165"><net_src comp="10" pin="0"/><net_sink comp="160" pin=0"/></net>

<net id="166"><net_src comp="32" pin="0"/><net_sink comp="160" pin=1"/></net>

<net id="167"><net_src comp="160" pin="3"/><net_sink comp="119" pin=2"/></net>

<net id="168"><net_src comp="153" pin="3"/><net_sink comp="119" pin=0"/></net>

<net id="174"><net_src comp="10" pin="0"/><net_sink comp="169" pin=0"/></net>

<net id="175"><net_src comp="32" pin="0"/><net_sink comp="169" pin=1"/></net>

<net id="181"><net_src comp="10" pin="0"/><net_sink comp="176" pin=0"/></net>

<net id="182"><net_src comp="32" pin="0"/><net_sink comp="176" pin=1"/></net>

<net id="183"><net_src comp="169" pin="3"/><net_sink comp="119" pin=2"/></net>

<net id="184"><net_src comp="176" pin="3"/><net_sink comp="119" pin=0"/></net>

<net id="190"><net_src comp="6" pin="0"/><net_sink comp="185" pin=0"/></net>

<net id="191"><net_src comp="32" pin="0"/><net_sink comp="185" pin=1"/></net>

<net id="197"><net_src comp="185" pin="3"/><net_sink comp="192" pin=0"/></net>

<net id="203"><net_src comp="8" pin="0"/><net_sink comp="198" pin=0"/></net>

<net id="204"><net_src comp="32" pin="0"/><net_sink comp="198" pin=1"/></net>

<net id="210"><net_src comp="198" pin="3"/><net_sink comp="205" pin=0"/></net>

<net id="214"><net_src comp="119" pin="3"/><net_sink comp="211" pin=0"/></net>

<net id="219"><net_src comp="16" pin="0"/><net_sink comp="215" pin=0"/></net>

<net id="227"><net_src comp="220" pin="1"/><net_sink comp="223" pin=0"/></net>

<net id="228"><net_src comp="18" pin="0"/><net_sink comp="223" pin=1"/></net>

<net id="233"><net_src comp="220" pin="1"/><net_sink comp="229" pin=0"/></net>

<net id="234"><net_src comp="20" pin="0"/><net_sink comp="229" pin=1"/></net>

<net id="238"><net_src comp="220" pin="1"/><net_sink comp="235" pin=0"/></net>

<net id="242"><net_src comp="235" pin="1"/><net_sink comp="239" pin=0"/></net>

<net id="247"><net_src comp="239" pin="1"/><net_sink comp="243" pin=0"/></net>

<net id="248"><net_src comp="22" pin="0"/><net_sink comp="243" pin=1"/></net>

<net id="252"><net_src comp="243" pin="2"/><net_sink comp="249" pin=0"/></net>

<net id="258"><net_src comp="24" pin="0"/><net_sink comp="253" pin=0"/></net>

<net id="259"><net_src comp="243" pin="2"/><net_sink comp="253" pin=1"/></net>

<net id="260"><net_src comp="26" pin="0"/><net_sink comp="253" pin=2"/></net>

<net id="266"><net_src comp="253" pin="3"/><net_sink comp="261" pin=0"/></net>

<net id="267"><net_src comp="28" pin="0"/><net_sink comp="261" pin=1"/></net>

<net id="268"><net_src comp="249" pin="1"/><net_sink comp="261" pin=2"/></net>

<net id="274"><net_src comp="30" pin="0"/><net_sink comp="269" pin=0"/></net>

<net id="275"><net_src comp="106" pin="2"/><net_sink comp="269" pin=1"/></net>

<net id="276"><net_src comp="261" pin="3"/><net_sink comp="269" pin=2"/></net>

<net id="280"><net_src comp="269" pin="3"/><net_sink comp="277" pin=0"/></net>

<net id="281"><net_src comp="277" pin="1"/><net_sink comp="112" pin=2"/></net>

<net id="286"><net_src comp="239" pin="1"/><net_sink comp="282" pin=0"/></net>

<net id="287"><net_src comp="20" pin="0"/><net_sink comp="282" pin=1"/></net>

<net id="291"><net_src comp="282" pin="2"/><net_sink comp="288" pin=0"/></net>

<net id="297"><net_src comp="24" pin="0"/><net_sink comp="292" pin=0"/></net>

<net id="298"><net_src comp="282" pin="2"/><net_sink comp="292" pin=1"/></net>

<net id="299"><net_src comp="26" pin="0"/><net_sink comp="292" pin=2"/></net>

<net id="305"><net_src comp="292" pin="3"/><net_sink comp="300" pin=0"/></net>

<net id="306"><net_src comp="34" pin="0"/><net_sink comp="300" pin=1"/></net>

<net id="307"><net_src comp="288" pin="1"/><net_sink comp="300" pin=2"/></net>

<net id="313"><net_src comp="30" pin="0"/><net_sink comp="308" pin=0"/></net>

<net id="314"><net_src comp="106" pin="2"/><net_sink comp="308" pin=1"/></net>

<net id="315"><net_src comp="300" pin="3"/><net_sink comp="308" pin=2"/></net>

<net id="319"><net_src comp="308" pin="3"/><net_sink comp="316" pin=0"/></net>

<net id="320"><net_src comp="316" pin="1"/><net_sink comp="129" pin=2"/></net>

<net id="325"><net_src comp="229" pin="2"/><net_sink comp="321" pin=0"/></net>

<net id="331"><net_src comp="30" pin="0"/><net_sink comp="326" pin=0"/></net>

<net id="335"><net_src comp="326" pin="3"/><net_sink comp="332" pin=0"/></net>

<net id="336"><net_src comp="332" pin="1"/><net_sink comp="137" pin=2"/></net>

<net id="342"><net_src comp="30" pin="0"/><net_sink comp="337" pin=0"/></net>

<net id="346"><net_src comp="337" pin="3"/><net_sink comp="343" pin=0"/></net>

<net id="347"><net_src comp="343" pin="1"/><net_sink comp="144" pin=2"/></net>

<net id="353"><net_src comp="30" pin="0"/><net_sink comp="348" pin=0"/></net>

<net id="357"><net_src comp="348" pin="3"/><net_sink comp="354" pin=0"/></net>

<net id="358"><net_src comp="354" pin="1"/><net_sink comp="153" pin=2"/></net>

<net id="364"><net_src comp="30" pin="0"/><net_sink comp="359" pin=0"/></net>

<net id="368"><net_src comp="359" pin="3"/><net_sink comp="365" pin=0"/></net>

<net id="369"><net_src comp="365" pin="1"/><net_sink comp="160" pin=2"/></net>

<net id="375"><net_src comp="30" pin="0"/><net_sink comp="370" pin=0"/></net>

<net id="379"><net_src comp="370" pin="3"/><net_sink comp="376" pin=0"/></net>

<net id="380"><net_src comp="376" pin="1"/><net_sink comp="169" pin=2"/></net>

<net id="386"><net_src comp="30" pin="0"/><net_sink comp="381" pin=0"/></net>

<net id="390"><net_src comp="381" pin="3"/><net_sink comp="387" pin=0"/></net>

<net id="391"><net_src comp="387" pin="1"/><net_sink comp="176" pin=2"/></net>

<net id="395"><net_src comp="211" pin="1"/><net_sink comp="392" pin=0"/></net>

<net id="399"><net_src comp="119" pin="7"/><net_sink comp="396" pin=0"/></net>

<net id="404"><net_src comp="396" pin="1"/><net_sink comp="400" pin=0"/></net>

<net id="405"><net_src comp="392" pin="1"/><net_sink comp="400" pin=1"/></net>

<net id="418"><net_src comp="211" pin="1"/><net_sink comp="415" pin=0"/></net>

<net id="423"><net_src comp="412" pin="1"/><net_sink comp="419" pin=0"/></net>

<net id="424"><net_src comp="406" pin="1"/><net_sink comp="419" pin=1"/></net>

<net id="428"><net_src comp="419" pin="2"/><net_sink comp="425" pin=0"/></net>

<net id="434"><net_src comp="36" pin="0"/><net_sink comp="429" pin=0"/></net>

<net id="435"><net_src comp="38" pin="0"/><net_sink comp="429" pin=2"/></net>

<net id="439"><net_src comp="429" pin="3"/><net_sink comp="436" pin=0"/></net>

<net id="444"><net_src comp="425" pin="1"/><net_sink comp="440" pin=0"/></net>

<net id="445"><net_src comp="415" pin="1"/><net_sink comp="440" pin=1"/></net>

<net id="449"><net_src comp="119" pin="7"/><net_sink comp="446" pin=0"/></net>

<net id="454"><net_src comp="446" pin="1"/><net_sink comp="450" pin=0"/></net>

<net id="455"><net_src comp="409" pin="1"/><net_sink comp="450" pin=1"/></net>

<net id="461"><net_src comp="36" pin="0"/><net_sink comp="456" pin=0"/></net>

<net id="462"><net_src comp="450" pin="2"/><net_sink comp="456" pin=1"/></net>

<net id="463"><net_src comp="38" pin="0"/><net_sink comp="456" pin=2"/></net>

<net id="467"><net_src comp="456" pin="3"/><net_sink comp="464" pin=0"/></net>

<net id="472"><net_src comp="412" pin="1"/><net_sink comp="468" pin=0"/></net>

<net id="473"><net_src comp="406" pin="1"/><net_sink comp="468" pin=1"/></net>

<net id="477"><net_src comp="468" pin="2"/><net_sink comp="474" pin=0"/></net>

<net id="482"><net_src comp="415" pin="1"/><net_sink comp="478" pin=0"/></net>

<net id="483"><net_src comp="474" pin="1"/><net_sink comp="478" pin=1"/></net>

<net id="487"><net_src comp="119" pin="3"/><net_sink comp="484" pin=0"/></net>

<net id="492"><net_src comp="440" pin="2"/><net_sink comp="488" pin=0"/></net>

<net id="493"><net_src comp="484" pin="1"/><net_sink comp="488" pin=1"/></net>

<net id="497"><net_src comp="488" pin="2"/><net_sink comp="494" pin=0"/></net>

<net id="502"><net_src comp="488" pin="2"/><net_sink comp="498" pin=0"/></net>

<net id="503"><net_src comp="429" pin="3"/><net_sink comp="498" pin=1"/></net>

<net id="508"><net_src comp="494" pin="1"/><net_sink comp="504" pin=0"/></net>

<net id="509"><net_src comp="436" pin="1"/><net_sink comp="504" pin=1"/></net>

<net id="514"><net_src comp="478" pin="2"/><net_sink comp="510" pin=0"/></net>

<net id="515"><net_src comp="484" pin="1"/><net_sink comp="510" pin=1"/></net>

<net id="519"><net_src comp="510" pin="2"/><net_sink comp="516" pin=0"/></net>

<net id="524"><net_src comp="456" pin="3"/><net_sink comp="520" pin=0"/></net>

<net id="525"><net_src comp="510" pin="2"/><net_sink comp="520" pin=1"/></net>

<net id="530"><net_src comp="464" pin="1"/><net_sink comp="526" pin=0"/></net>

<net id="531"><net_src comp="516" pin="1"/><net_sink comp="526" pin=1"/></net>

<net id="535"><net_src comp="532" pin="1"/><net_sink comp="185" pin=2"/></net>

<net id="547"><net_src comp="40" pin="0"/><net_sink comp="542" pin=0"/></net>

<net id="548"><net_src comp="536" pin="1"/><net_sink comp="542" pin=1"/></net>

<net id="549"><net_src comp="42" pin="0"/><net_sink comp="542" pin=2"/></net>

<net id="554"><net_src comp="16" pin="0"/><net_sink comp="550" pin=0"/></net>

<net id="560"><net_src comp="542" pin="3"/><net_sink comp="555" pin=0"/></net>

<net id="561"><net_src comp="550" pin="2"/><net_sink comp="555" pin=1"/></net>

<net id="567"><net_src comp="40" pin="0"/><net_sink comp="562" pin=0"/></net>

<net id="568"><net_src comp="539" pin="1"/><net_sink comp="562" pin=1"/></net>

<net id="569"><net_src comp="42" pin="0"/><net_sink comp="562" pin=2"/></net>

<net id="574"><net_src comp="16" pin="0"/><net_sink comp="570" pin=0"/></net>

<net id="580"><net_src comp="562" pin="3"/><net_sink comp="575" pin=0"/></net>

<net id="581"><net_src comp="570" pin="2"/><net_sink comp="575" pin=1"/></net>

<net id="585"><net_src comp="575" pin="3"/><net_sink comp="582" pin=0"/></net>

<net id="589"><net_src comp="555" pin="3"/><net_sink comp="586" pin=0"/></net>

<net id="593"><net_src comp="575" pin="3"/><net_sink comp="590" pin=0"/></net>

<net id="598"><net_src comp="590" pin="1"/><net_sink comp="594" pin=0"/></net>

<net id="599"><net_src comp="586" pin="1"/><net_sink comp="594" pin=1"/></net>

<net id="600"><net_src comp="594" pin="2"/><net_sink comp="192" pin=1"/></net>

<net id="605"><net_src comp="575" pin="3"/><net_sink comp="601" pin=0"/></net>

<net id="606"><net_src comp="555" pin="3"/><net_sink comp="601" pin=1"/></net>

<net id="611"><net_src comp="601" pin="2"/><net_sink comp="607" pin=0"/></net>

<net id="612"><net_src comp="16" pin="0"/><net_sink comp="607" pin=1"/></net>

<net id="617"><net_src comp="582" pin="1"/><net_sink comp="613" pin=0"/></net>

<net id="618"><net_src comp="44" pin="0"/><net_sink comp="613" pin=1"/></net>

<net id="629"><net_src comp="619" pin="1"/><net_sink comp="625" pin=0"/></net>

<net id="630"><net_src comp="46" pin="0"/><net_sink comp="625" pin=1"/></net>

<net id="634"><net_src comp="625" pin="2"/><net_sink comp="631" pin=0"/></net>

<net id="639"><net_src comp="622" pin="1"/><net_sink comp="635" pin=0"/></net>

<net id="640"><net_src comp="631" pin="1"/><net_sink comp="635" pin=1"/></net>

<net id="651"><net_src comp="641" pin="1"/><net_sink comp="647" pin=0"/></net>

<net id="652"><net_src comp="48" pin="0"/><net_sink comp="647" pin=1"/></net>

<net id="656"><net_src comp="647" pin="2"/><net_sink comp="653" pin=0"/></net>

<net id="661"><net_src comp="644" pin="1"/><net_sink comp="657" pin=0"/></net>

<net id="662"><net_src comp="653" pin="1"/><net_sink comp="657" pin=1"/></net>

<net id="670"><net_src comp="663" pin="2"/><net_sink comp="667" pin=0"/></net>

<net id="678"><net_src comp="671" pin="2"/><net_sink comp="675" pin=0"/></net>

<net id="683"><net_src comp="50" pin="0"/><net_sink comp="679" pin=1"/></net>

<net id="688"><net_src comp="679" pin="2"/><net_sink comp="684" pin=1"/></net>

<net id="693"><net_src comp="50" pin="0"/><net_sink comp="689" pin=1"/></net>

<net id="698"><net_src comp="689" pin="2"/><net_sink comp="694" pin=1"/></net>

<net id="703"><net_src comp="657" pin="2"/><net_sink comp="699" pin=0"/></net>

<net id="704"><net_src comp="50" pin="0"/><net_sink comp="699" pin=1"/></net>

<net id="709"><net_src comp="694" pin="2"/><net_sink comp="705" pin=0"/></net>

<net id="710"><net_src comp="699" pin="2"/><net_sink comp="705" pin=1"/></net>

<net id="716"><net_src comp="40" pin="0"/><net_sink comp="711" pin=0"/></net>

<net id="717"><net_src comp="667" pin="1"/><net_sink comp="711" pin=1"/></net>

<net id="718"><net_src comp="42" pin="0"/><net_sink comp="711" pin=2"/></net>

<net id="724"><net_src comp="40" pin="0"/><net_sink comp="719" pin=0"/></net>

<net id="725"><net_src comp="675" pin="1"/><net_sink comp="719" pin=1"/></net>

<net id="726"><net_src comp="42" pin="0"/><net_sink comp="719" pin=2"/></net>

<net id="731"><net_src comp="719" pin="3"/><net_sink comp="727" pin=0"/></net>

<net id="732"><net_src comp="50" pin="0"/><net_sink comp="727" pin=1"/></net>

<net id="737"><net_src comp="694" pin="2"/><net_sink comp="733" pin=0"/></net>

<net id="738"><net_src comp="657" pin="2"/><net_sink comp="733" pin=1"/></net>

<net id="743"><net_src comp="711" pin="3"/><net_sink comp="739" pin=0"/></net>

<net id="744"><net_src comp="727" pin="2"/><net_sink comp="739" pin=1"/></net>

<net id="749"><net_src comp="739" pin="2"/><net_sink comp="745" pin=0"/></net>

<net id="750"><net_src comp="733" pin="2"/><net_sink comp="745" pin=1"/></net>

<net id="757"><net_src comp="52" pin="0"/><net_sink comp="751" pin=0"/></net>

<net id="758"><net_src comp="684" pin="2"/><net_sink comp="751" pin=1"/></net>

<net id="759"><net_src comp="705" pin="2"/><net_sink comp="751" pin=2"/></net>

<net id="760"><net_src comp="745" pin="2"/><net_sink comp="751" pin=3"/></net>

<net id="774"><net_src comp="54" pin="0"/><net_sink comp="761" pin=0"/></net>

<net id="775"><net_src comp="56" pin="0"/><net_sink comp="761" pin=1"/></net>

<net id="776"><net_src comp="58" pin="0"/><net_sink comp="761" pin=2"/></net>

<net id="777"><net_src comp="60" pin="0"/><net_sink comp="761" pin=3"/></net>

<net id="778"><net_src comp="62" pin="0"/><net_sink comp="761" pin=4"/></net>

<net id="779"><net_src comp="64" pin="0"/><net_sink comp="761" pin=5"/></net>

<net id="780"><net_src comp="66" pin="0"/><net_sink comp="761" pin=6"/></net>

<net id="781"><net_src comp="68" pin="0"/><net_sink comp="761" pin=7"/></net>

<net id="782"><net_src comp="70" pin="0"/><net_sink comp="761" pin=8"/></net>

<net id="783"><net_src comp="72" pin="0"/><net_sink comp="761" pin=9"/></net>

<net id="784"><net_src comp="751" pin="4"/><net_sink comp="761" pin=10"/></net>

<net id="788"><net_src comp="90" pin="1"/><net_sink comp="785" pin=0"/></net>

<net id="789"><net_src comp="785" pin="1"/><net_sink comp="215" pin=1"/></net>

<net id="790"><net_src comp="785" pin="1"/><net_sink comp="220" pin=0"/></net>

<net id="791"><net_src comp="785" pin="1"/><net_sink comp="321" pin=1"/></net>

<net id="795"><net_src comp="94" pin="2"/><net_sink comp="792" pin=0"/></net>

<net id="796"><net_src comp="792" pin="1"/><net_sink comp="348" pin=1"/></net>

<net id="797"><net_src comp="792" pin="1"/><net_sink comp="370" pin=1"/></net>

<net id="798"><net_src comp="792" pin="1"/><net_sink comp="381" pin=1"/></net>

<net id="802"><net_src comp="100" pin="2"/><net_sink comp="799" pin=0"/></net>

<net id="803"><net_src comp="799" pin="1"/><net_sink comp="326" pin=1"/></net>

<net id="804"><net_src comp="799" pin="1"/><net_sink comp="359" pin=1"/></net>

<net id="808"><net_src comp="106" pin="2"/><net_sink comp="805" pin=0"/></net>

<net id="809"><net_src comp="805" pin="1"/><net_sink comp="337" pin=1"/></net>

<net id="813"><net_src comp="220" pin="1"/><net_sink comp="810" pin=0"/></net>

<net id="814"><net_src comp="810" pin="1"/><net_sink comp="532" pin=0"/></net>

<net id="818"><net_src comp="223" pin="2"/><net_sink comp="815" pin=0"/></net>

<net id="822"><net_src comp="235" pin="1"/><net_sink comp="819" pin=0"/></net>

<net id="823"><net_src comp="819" pin="1"/><net_sink comp="337" pin=2"/></net>

<net id="824"><net_src comp="819" pin="1"/><net_sink comp="370" pin=2"/></net>

<net id="828"><net_src comp="261" pin="3"/><net_sink comp="825" pin=0"/></net>

<net id="829"><net_src comp="825" pin="1"/><net_sink comp="326" pin=2"/></net>

<net id="830"><net_src comp="825" pin="1"/><net_sink comp="348" pin=2"/></net>

<net id="834"><net_src comp="112" pin="3"/><net_sink comp="831" pin=0"/></net>

<net id="835"><net_src comp="831" pin="1"/><net_sink comp="119" pin=2"/></net>

<net id="839"><net_src comp="300" pin="3"/><net_sink comp="836" pin=0"/></net>

<net id="840"><net_src comp="836" pin="1"/><net_sink comp="359" pin=2"/></net>

<net id="841"><net_src comp="836" pin="1"/><net_sink comp="381" pin=2"/></net>

<net id="845"><net_src comp="129" pin="3"/><net_sink comp="842" pin=0"/></net>

<net id="846"><net_src comp="842" pin="1"/><net_sink comp="119" pin=0"/></net>

<net id="850"><net_src comp="137" pin="3"/><net_sink comp="847" pin=0"/></net>

<net id="851"><net_src comp="847" pin="1"/><net_sink comp="119" pin=0"/></net>

<net id="855"><net_src comp="119" pin="7"/><net_sink comp="852" pin=0"/></net>

<net id="856"><net_src comp="852" pin="1"/><net_sink comp="406" pin=0"/></net>

<net id="860"><net_src comp="144" pin="3"/><net_sink comp="857" pin=0"/></net>

<net id="861"><net_src comp="857" pin="1"/><net_sink comp="119" pin=2"/></net>

<net id="865"><net_src comp="119" pin="3"/><net_sink comp="862" pin=0"/></net>

<net id="866"><net_src comp="862" pin="1"/><net_sink comp="412" pin=0"/></net>

<net id="870"><net_src comp="153" pin="3"/><net_sink comp="867" pin=0"/></net>

<net id="871"><net_src comp="867" pin="1"/><net_sink comp="119" pin=0"/></net>

<net id="875"><net_src comp="119" pin="7"/><net_sink comp="872" pin=0"/></net>

<net id="876"><net_src comp="872" pin="1"/><net_sink comp="409" pin=0"/></net>

<net id="880"><net_src comp="160" pin="3"/><net_sink comp="877" pin=0"/></net>

<net id="881"><net_src comp="877" pin="1"/><net_sink comp="119" pin=2"/></net>

<net id="885"><net_src comp="169" pin="3"/><net_sink comp="882" pin=0"/></net>

<net id="886"><net_src comp="882" pin="1"/><net_sink comp="119" pin=2"/></net>

<net id="890"><net_src comp="176" pin="3"/><net_sink comp="887" pin=0"/></net>

<net id="891"><net_src comp="887" pin="1"/><net_sink comp="119" pin=0"/></net>

<net id="895"><net_src comp="400" pin="2"/><net_sink comp="892" pin=0"/></net>

<net id="896"><net_src comp="892" pin="1"/><net_sink comp="429" pin=1"/></net>

<net id="900"><net_src comp="498" pin="2"/><net_sink comp="897" pin=0"/></net>

<net id="901"><net_src comp="897" pin="1"/><net_sink comp="550" pin=1"/></net>

<net id="902"><net_src comp="897" pin="1"/><net_sink comp="555" pin=2"/></net>

<net id="906"><net_src comp="504" pin="2"/><net_sink comp="903" pin=0"/></net>

<net id="907"><net_src comp="903" pin="1"/><net_sink comp="536" pin=0"/></net>

<net id="908"><net_src comp="903" pin="1"/><net_sink comp="663" pin=1"/></net>

<net id="909"><net_src comp="903" pin="1"/><net_sink comp="671" pin=0"/></net>

<net id="913"><net_src comp="520" pin="2"/><net_sink comp="910" pin=0"/></net>

<net id="914"><net_src comp="910" pin="1"/><net_sink comp="570" pin=1"/></net>

<net id="915"><net_src comp="910" pin="1"/><net_sink comp="575" pin=2"/></net>

<net id="919"><net_src comp="526" pin="2"/><net_sink comp="916" pin=0"/></net>

<net id="920"><net_src comp="916" pin="1"/><net_sink comp="539" pin=0"/></net>

<net id="921"><net_src comp="916" pin="1"/><net_sink comp="663" pin=0"/></net>

<net id="922"><net_src comp="916" pin="1"/><net_sink comp="671" pin=1"/></net>

<net id="926"><net_src comp="532" pin="1"/><net_sink comp="923" pin=0"/></net>

<net id="927"><net_src comp="923" pin="1"/><net_sink comp="198" pin=2"/></net>

<net id="931"><net_src comp="555" pin="3"/><net_sink comp="928" pin=0"/></net>

<net id="932"><net_src comp="928" pin="1"/><net_sink comp="619" pin=0"/></net>

<net id="933"><net_src comp="928" pin="1"/><net_sink comp="641" pin=0"/></net>

<net id="937"><net_src comp="607" pin="2"/><net_sink comp="934" pin=0"/></net>

<net id="938"><net_src comp="934" pin="1"/><net_sink comp="684" pin=0"/></net>

<net id="939"><net_src comp="934" pin="1"/><net_sink comp="689" pin=0"/></net>

<net id="943"><net_src comp="613" pin="2"/><net_sink comp="940" pin=0"/></net>

<net id="944"><net_src comp="940" pin="1"/><net_sink comp="622" pin=0"/></net>

<net id="945"><net_src comp="940" pin="1"/><net_sink comp="644" pin=0"/></net>

<net id="949"><net_src comp="635" pin="2"/><net_sink comp="946" pin=0"/></net>

<net id="950"><net_src comp="946" pin="1"/><net_sink comp="679" pin=0"/></net>

<net id="951"><net_src comp="946" pin="1"/><net_sink comp="694" pin=0"/></net>

<net id="955"><net_src comp="761" pin="11"/><net_sink comp="952" pin=0"/></net>

<net id="956"><net_src comp="952" pin="1"/><net_sink comp="205" pin=1"/></net>

</net_list>

</model> 
---------------- Datapath Model END ------------------

* FSMD analyzer results:
  - Output states:
	Port: out_sobel_magnitude | {6 }
	Port: out_sobel_direction | {9 }
 - Input state : 
	Port: sobel_Pipeline_VITIS_LOOP_116_2 : select_ln27 | {1 }
	Port: sobel_Pipeline_VITIS_LOOP_116_2 : select_ln27_1 | {1 }
	Port: sobel_Pipeline_VITIS_LOOP_116_2 : select_ln27_2 | {1 }
	Port: sobel_Pipeline_VITIS_LOOP_116_2 : lineBuffer | {1 2 3 4 5 }
  - Chain level:
	State 1
		store_ln116 : 1
		column_1 : 1
		icmp_ln116 : 2
		add_ln116 : 2
		br_ln116 : 3
		sourceColumn_1 : 2
		zext_ln138 : 3
		add_ln138 : 4
		trunc_ln64 : 5
		tmp_1 : 5
		sourceColumn : 6
		tmp_6 : 7
		zext_ln141 : 8
		lineBuffer_addr : 9
		pixel : 10
		add_ln138_1 : 4
		trunc_ln64_1 : 5
		tmp_2 : 5
		sourceColumn_2 : 6
		tmp_3 : 7
		zext_ln141_5 : 8
		lineBuffer_addr_5 : 9
		pixel_1 : 10
		store_ln116 : 3
	State 2
		zext_ln141_1 : 1
		lineBuffer_addr_1 : 2
		zext_ln141_3 : 1
		lineBuffer_addr_3 : 2
		lineBuffer_load : 3
		lineBuffer_load_2 : 3
	State 3
		zext_ln141_2 : 1
		lineBuffer_addr_2 : 2
		zext_ln141_7 : 1
		lineBuffer_addr_6 : 2
		lineBuffer_load_3 : 3
		pixel_2 : 3
	State 4
		zext_ln141_4 : 1
		lineBuffer_addr_4 : 2
		zext_ln141_8 : 1
		lineBuffer_addr_7 : 2
		zext_ln64 : 1
		tmp : 2
		lineBuffer_load_5 : 3
		pixel_3 : 3
	State 5
		sub_ln143 : 1
		sub_ln143_cast : 2
		sext_ln143 : 1
		sub_ln143_1 : 3
		p_anonymous_namespace_lineBuffer_1_load_6_cast : 1
		tmp3 : 2
		tmp_11 : 3
		sext_ln147 : 4
		add_ln147 : 1
		zext_ln147 : 2
		sub_ln147 : 3
		zext_ln140_3 : 1
		add_ln143 : 4
		sext_ln143_1 : 5
		add_ln143_1 : 5
		gradientX : 6
		gradientY_2 : 4
		sext_ln147_2 : 5
		add_ln147_2 : 5
		gradientY : 6
	State 6
		tmp_12 : 1
		absoluteX : 2
		tmp_13 : 1
		absoluteY : 2
		zext_ln154 : 3
		zext_ln154_1 : 3
		zext_ln154_2 : 3
		add_ln154 : 4
		out_sobel_magnitude_addr : 1
		store_ln154 : 5
		or_ln42 : 3
		icmp_ln42 : 3
		mul_ln46 : 4
	State 7
		mul_ln46_1 : 1
		zext_ln46_2 : 2
		icmp_ln46 : 3
	State 8
		mul_ln50 : 1
		zext_ln50 : 2
		icmp_ln50 : 3
		xor_ln50 : 4
		and_ln50 : 4
		tmp_14 : 1
		tmp_15 : 1
		xor_ln56 : 2
		and_ln56_1 : 4
		and_ln56_2 : 2
		and_ln56_3 : 2
		sel_tmp : 2
		retval_0_i31_i : 3
	State 9
		store_ln156 : 1


============================================================
+ Verbose Summary: Datapath Resource usage 
============================================================

* Functional unit list:
|----------|-------------------------------------------------------|---------|---------|---------|
| Operation|                    Functional Unit                    |   DSP   |    FF   |   LUT   |
|----------|-------------------------------------------------------|---------|---------|---------|
|          |                    add_ln116_fu_229                   |    0    |    0    |    17   |
|          |                    add_ln138_fu_243                   |    0    |    0    |    16   |
|          |                   add_ln138_1_fu_282                  |    0    |    0    |    16   |
|          |                    add_ln147_fu_468                   |    0    |    0    |    15   |
|          |                    add_ln143_fu_488                   |    0    |    0    |    18   |
|    add   |                   add_ln143_1_fu_498                  |    0    |    0    |    17   |
|          |                    gradientX_fu_504                   |    0    |    0    |    17   |
|          |                   gradientY_2_fu_510                  |    0    |    0    |    18   |
|          |                   add_ln147_2_fu_520                  |    0    |    0    |    17   |
|          |                    gradientY_fu_526                   |    0    |    0    |    17   |
|          |                    add_ln154_fu_594                   |    0    |    0    |    17   |
|----------|-------------------------------------------------------|---------|---------|---------|
|          |                       tmp_fu_400                      |    0    |    0    |    15   |
|          |                    sub_ln143_fu_419                   |    0    |    0    |    15   |
|          |                   sub_ln143_1_fu_440                  |    0    |    0    |    18   |
|    sub   |                      tmp3_fu_450                      |    0    |    0    |    15   |
|          |                    sub_ln147_fu_478                   |    0    |    0    |    18   |
|          |                    sub_ln32_fu_550                    |    0    |    0    |    17   |
|          |                   sub_ln32_1_fu_570                   |    0    |    0    |    17   |
|----------|-------------------------------------------------------|---------|---------|---------|
|          |                   icmp_ln116_fu_223                   |    0    |    0    |    17   |
|   icmp   |                    icmp_ln42_fu_607                   |    0    |    0    |    17   |
|          |                    icmp_ln46_fu_635                   |    0    |    0    |    27   |
|          |                    icmp_ln50_fu_657                   |    0    |    0    |    29   |
|----------|-------------------------------------------------------|---------|---------|---------|
|          |                    mul_ln46_fu_613                    |    1    |    0    |    5    |
|    mul   |                   mul_ln46_1_fu_625                   |    0    |    0    |    62   |
|          |                    mul_ln50_fu_647                    |    1    |    0    |    5    |
|----------|-------------------------------------------------------|---------|---------|---------|
|          |                  sourceColumn_fu_261                  |    0    |    0    |    9    |
|  select  |                 sourceColumn_2_fu_300                 |    0    |    0    |    9    |
|          |                    absoluteX_fu_555                   |    0    |    0    |    10   |
|          |                    absoluteY_fu_575                   |    0    |    0    |    10   |
|----------|-------------------------------------------------------|---------|---------|---------|
|          |                     or_ln42_fu_601                    |    0    |    0    |    10   |
|    or    |                     or_ln55_fu_663                    |    0    |    0    |    11   |
|          |                     or_ln46_fu_684                    |    0    |    0    |    2    |
|----------|-------------------------------------------------------|---------|---------|---------|
|          |                    and_ln56_fu_671                    |    0    |    0    |    11   |
|          |                    and_ln46_fu_694                    |    0    |    0    |    2    |
|    and   |                    and_ln50_fu_705                    |    0    |    0    |    2    |
|          |                   and_ln56_1_fu_733                   |    0    |    0    |    2    |
|          |                   and_ln56_2_fu_739                   |    0    |    0    |    2    |
|          |                   and_ln56_3_fu_745                   |    0    |    0    |    2    |
|----------|-------------------------------------------------------|---------|---------|---------|
| sparsemux|                 retval_0_i31_i_fu_761                 |    0    |    0    |    14   |
|----------|-------------------------------------------------------|---------|---------|---------|
|          |                    xor_ln46_fu_679                    |    0    |    0    |    2    |
|    xor   |                    xor_ln42_fu_689                    |    0    |    0    |    2    |
|          |                    xor_ln50_fu_699                    |    0    |    0    |    2    |
|          |                    xor_ln56_fu_727                    |    0    |    0    |    2    |
|----------|-------------------------------------------------------|---------|---------|---------|
|          |             select_ln27_2_read_read_fu_94             |    0    |    0    |    0    |
|   read   |             select_ln27_1_read_read_fu_100            |    0    |    0    |    0    |
|          |              select_ln27_read_read_fu_106             |    0    |    0    |    0    |
|----------|-------------------------------------------------------|---------|---------|---------|
|          |                 sourceColumn_1_fu_235                 |    0    |    0    |    0    |
|   trunc  |                   trunc_ln64_fu_249                   |    0    |    0    |    0    |
|          |                  trunc_ln64_1_fu_288                  |    0    |    0    |    0    |
|----------|-------------------------------------------------------|---------|---------|---------|
|          |                   zext_ln138_fu_239                   |    0    |    0    |    0    |
|          |                   zext_ln141_fu_277                   |    0    |    0    |    0    |
|          |                  zext_ln141_5_fu_316                  |    0    |    0    |    0    |
|          |                  zext_ln141_1_fu_332                  |    0    |    0    |    0    |
|          |                  zext_ln141_3_fu_343                  |    0    |    0    |    0    |
|          |                  zext_ln141_2_fu_354                  |    0    |    0    |    0    |
|          |                  zext_ln141_7_fu_365                  |    0    |    0    |    0    |
|          |                  zext_ln141_4_fu_376                  |    0    |    0    |    0    |
|          |                  zext_ln141_8_fu_387                  |    0    |    0    |    0    |
|          |                  zext_ln141_6_fu_392                  |    0    |    0    |    0    |
|          |                    zext_ln64_fu_396                   |    0    |    0    |    0    |
|          |                   zext_ln140_fu_406                   |    0    |    0    |    0    |
|          |                  zext_ln138_1_fu_409                  |    0    |    0    |    0    |
|   zext   |                  zext_ln140_1_fu_412                  |    0    |    0    |    0    |
|          |                  zext_ln140_2_fu_415                  |    0    |    0    |    0    |
|          | p_anonymous_namespace_lineBuffer_1_load_6_cast_fu_446 |    0    |    0    |    0    |
|          |                   zext_ln147_fu_474                   |    0    |    0    |    0    |
|          |                  zext_ln140_3_fu_484                  |    0    |    0    |    0    |
|          |                   zext_ln116_fu_532                   |    0    |    0    |    0    |
|          |                   zext_ln154_fu_582                   |    0    |    0    |    0    |
|          |                  zext_ln154_1_fu_586                  |    0    |    0    |    0    |
|          |                  zext_ln154_2_fu_590                  |    0    |    0    |    0    |
|          |                   zext_ln32_1_fu_619                  |    0    |    0    |    0    |
|          |                   zext_ln46_1_fu_622                  |    0    |    0    |    0    |
|          |                   zext_ln46_2_fu_631                  |    0    |    0    |    0    |
|          |                    zext_ln32_fu_641                   |    0    |    0    |    0    |
|          |                    zext_ln46_fu_644                   |    0    |    0    |    0    |
|          |                    zext_ln50_fu_653                   |    0    |    0    |    0    |
|----------|-------------------------------------------------------|---------|---------|---------|
|          |                      tmp_1_fu_253                     |    0    |    0    |    0    |
|          |                      tmp_2_fu_292                     |    0    |    0    |    0    |
| bitselect|                     tmp_12_fu_542                     |    0    |    0    |    0    |
|          |                     tmp_13_fu_562                     |    0    |    0    |    0    |
|          |                     tmp_14_fu_711                     |    0    |    0    |    0    |
|          |                     tmp_15_fu_719                     |    0    |    0    |    0    |
|----------|-------------------------------------------------------|---------|---------|---------|
|          |                      tmp_6_fu_269                     |    0    |    0    |    0    |
|          |                      tmp_3_fu_308                     |    0    |    0    |    0    |
|          |                      tmp_7_fu_326                     |    0    |    0    |    0    |
|          |                      tmp_9_fu_337                     |    0    |    0    |    0    |
|          |                      tmp_8_fu_348                     |    0    |    0    |    0    |
|bitconcatenate|                      tmp_4_fu_359                     |    0    |    0    |    0    |
|          |                      tmp_s_fu_370                     |    0    |    0    |    0    |
|          |                      tmp_5_fu_381                     |    0    |    0    |    0    |
|          |                     tmp_10_fu_429                     |    0    |    0    |    0    |
|          |                     tmp_11_fu_456                     |    0    |    0    |    0    |
|          |                     sel_tmp_fu_751                    |    0    |    0    |    0    |
|----------|-------------------------------------------------------|---------|---------|---------|
|          |                 sub_ln143_cast_fu_425                 |    0    |    0    |    0    |
|          |                   sext_ln143_fu_436                   |    0    |    0    |    0    |
|          |                   sext_ln147_fu_464                   |    0    |    0    |    0    |
|          |                  sext_ln143_1_fu_494                  |    0    |    0    |    0    |
|   sext   |                  sext_ln147_2_fu_516                  |    0    |    0    |    0    |
|          |                  sext_ln147_1_fu_536                  |    0    |    0    |    0    |
|          |                   sext_ln118_fu_539                   |    0    |    0    |    0    |
|          |                    sext_ln56_fu_667                   |    0    |    0    |    0    |
|          |                    sext_ln46_fu_675                   |    0    |    0    |    0    |
|----------|-------------------------------------------------------|---------|---------|---------|
|   Total  |                                                       |    2    |    0    |   566   |
|----------|-------------------------------------------------------|---------|---------|---------|

Memories:
N/A

* Register list:
+--------------------------+--------+
|                          |   FF   |
+--------------------------+--------+
|     absoluteX_reg_928    |   10   |
|    add_ln143_1_reg_897   |   10   |
|    add_ln147_2_reg_910   |   10   |
|     column_1_reg_810     |   10   |
|      column_reg_785      |   10   |
|     gradientX_reg_903    |   11   |
|     gradientY_reg_916    |   11   |
|    icmp_ln116_reg_815    |    1   |
|     icmp_ln42_reg_934    |    1   |
|     icmp_ln46_reg_946    |    1   |
| lineBuffer_addr_1_reg_847|   11   |
| lineBuffer_addr_2_reg_867|   11   |
| lineBuffer_addr_3_reg_857|   11   |
| lineBuffer_addr_4_reg_882|   11   |
| lineBuffer_addr_5_reg_842|   11   |
| lineBuffer_addr_6_reg_877|   11   |
| lineBuffer_addr_7_reg_887|   11   |
|  lineBuffer_addr_reg_831 |   11   |
|  lineBuffer_load_reg_872 |    8   |
|     mul_ln46_reg_940     |   20   |
|      pixel_1_reg_862     |    8   |
|       pixel_reg_852      |    8   |
|          reg_211         |    8   |
|  retval_0_i31_i_reg_952  |    2   |
|select_ln27_1_read_reg_799|    2   |
|select_ln27_2_read_reg_792|    2   |
| select_ln27_read_reg_805 |    2   |
|  sourceColumn_1_reg_819  |    9   |
|  sourceColumn_2_reg_836  |    9   |
|   sourceColumn_reg_825   |    9   |
|        tmp_reg_892       |    9   |
|    zext_ln116_reg_923    |   64   |
+--------------------------+--------+
|           Total          |   323  |
+--------------------------+--------+

* Multiplexer (MUX) list: 
|-------------------|------|------|------|--------||---------||---------||---------|
|        Comp       |  Pin | Size |  BW  | S x BW ||  Delay  ||    FF   ||   LUT   |
|-------------------|------|------|------|--------||---------||---------||---------|
| grp_access_fu_119 |  p0  |   8  |  11  |   88   ||    0    ||    43   |
| grp_access_fu_119 |  p2  |   8  |   0  |    0   ||    0    ||    43   |
|-------------------|------|------|------|--------||---------||---------||---------|
|       Total       |      |      |      |   88   ||  1.442  ||    0    ||    86   |
|-------------------|------|------|------|--------||---------||---------||---------|



* Summary:
+-----------+--------+--------+--------+--------+
|           |   DSP  |  Delay |   FF   |   LUT  |
+-----------+--------+--------+--------+--------+
|  Function |    2   |    -   |    0   |   566  |
|   Memory  |    -   |    -   |    -   |    -   |
|Multiplexer|    -   |    1   |    0   |   86   |
|  Register |    -   |    -   |   323  |    -   |
+-----------+--------+--------+--------+--------+
|   Total   |    2   |    1   |   323  |   652  |
+-----------+--------+--------+--------+--------+
