

================================================================
== Vitis HLS Report for 'sobel_Pipeline_VITIS_LOOP_149_6'
================================================================
* Date:           Sat Aug  1 17:30:25 2026

* Version:        2025.2 (Build 6295257 on Nov 14 2025)
* Project:        canny_top
* Solution:       hls (Vitis Kernel Flow Target)
* Product family: zynquplus
* Target device:  xck26-sfvc784-2LV-c


================================================================
== Performance Estimates
================================================================
+ Timing: 
    * Summary: 
    +--------+---------+----------+------------+
    |  Clock |  Target | Estimated| Uncertainty|
    +--------+---------+----------+------------+
    |ap_clk  |  5.00 ns|  3.645 ns|     1.35 ns|
    +--------+---------+----------+------------+

+ Latency: 
    * Summary: 
    +---------+---------+----------+----------+-----+-----+-------------------+
    |  Latency (cycles) |  Latency (absolute) |  Interval |      Pipeline     |
    |   min   |   max   |    min   |    max   | min | max |        Type       |
    +---------+---------+----------+----------+-----+-----+-------------------+
    |      644|      644|  3.220 us|  3.220 us|    0|    0|  loop pipeline stp|
    +---------+---------+----------+----------+-----+-----+-------------------+

    + Detail: 
        * Instance: 
        N/A

        * Loop: 
        +--------------------+---------+---------+----------+-----------+-----------+------+----------+
        |                    |  Latency (cycles) | Iteration|  Initiation Interval  | Trip |          |
        |      Loop Name     |   min   |   max   |  Latency |  achieved |   target  | Count| Pipelined|
        +--------------------+---------+---------+----------+-----------+-----------+------+----------+
        |- VITIS_LOOP_149_6  |      642|      642|         4|          1|          1|   640|       yes|
        +--------------------+---------+---------+----------+-----------+-----------+------+----------+

============================================================
+ Verbose Summary: Synthesis Manager
============================================================
InlineROM: 1
ExposeGlobal: 0
============================================================
+ Verbose Summary: CDFG Model
============================================================
IsTopModel: 0
ResetActiveHigh: 1
IsCombinational: 0
IsDatapathOnly: 0
HasWiredReturn: 1
HasMFsm: 2
HasVarLatency: 1
IsPipeline: 0
IsRtlPipelined: 0
IsInstanceOverlapped: 0
IsDontTouch: 0
HasImplIP: 0
IsGatedGlobalClock: 0

+ Individual pipeline summary: 
  * Pipeline-0: initiation interval (II) = 1, depth = 4


============================================================
+ Verbose Summary: Schedule
============================================================
* Number of FSM states : 4
* Pipeline : 1
  Pipeline-0 : II = 1, D = 4, States = { 1 2 3 4 }
* Dataflow Pipeline: 0

* FSM state transitions: 
1 --> 2 
2 --> 3 
3 --> 4 
4 --> 

* FSM state operations: 

State 1 <SV = 0> <Delay = 3.64>
ST_1 : Operation 7 [1/1] (0.00ns)   --->   "%column_1 = alloca i32 1" [../src/sobel.cpp:149]   --->   Operation 7 'alloca' 'column_1' <Predicate = true> <Delay = 0.00>
ST_1 : Operation 8 [1/1] (0.00ns)   --->   "%pixel = alloca i32 1" [../src/sobel.cpp:165]   --->   Operation 8 'alloca' 'pixel' <Predicate = true> <Delay = 0.00>
ST_1 : Operation 9 [1/1] (0.00ns)   --->   "%empty_52 = alloca i32 1"   --->   Operation 9 'alloca' 'empty_52' <Predicate = true> <Delay = 0.00>
ST_1 : Operation 10 [1/1] (0.00ns)   --->   "%empty_53 = alloca i32 1"   --->   Operation 10 'alloca' 'empty_53' <Predicate = true> <Delay = 0.00>
ST_1 : Operation 11 [1/1] (0.00ns)   --->   "%pixel_2 = alloca i32 1" [../src/sobel.cpp:165]   --->   Operation 11 'alloca' 'pixel_2' <Predicate = true> <Delay = 0.00>
ST_1 : Operation 12 [1/1] (0.00ns)   --->   "%empty_54 = alloca i32 1"   --->   Operation 12 'alloca' 'empty_54' <Predicate = true> <Delay = 0.00>
ST_1 : Operation 13 [1/1] (0.00ns)   --->   "%pixel_1 = alloca i32 1" [../src/sobel.cpp:165]   --->   Operation 13 'alloca' 'pixel_1' <Predicate = true> <Delay = 0.00>
ST_1 : Operation 14 [1/1] (0.00ns)   --->   "%empty_55 = alloca i32 1"   --->   Operation 14 'alloca' 'empty_55' <Predicate = true> <Delay = 0.00>
ST_1 : Operation 15 [1/1] (0.00ns)   --->   "%pixel_3 = alloca i32 1" [../src/sobel.cpp:165]   --->   Operation 15 'alloca' 'pixel_3' <Predicate = true> <Delay = 0.00>
ST_1 : Operation 16 [1/1] (0.00ns)   --->   "%empty_56 = alloca i32 1"   --->   Operation 16 'alloca' 'empty_56' <Predicate = true> <Delay = 0.00>
ST_1 : Operation 17 [1/1] (0.00ns)   --->   "%specinterface_ln0 = specinterface void @_ssdm_op_SpecInterface, i24 %sobel_out, void @empty_10, i32 0, i32 0, void @empty_4, i32 0, i32 0, void @empty_4, void @empty_4, void @empty_4, i32 0, i32 0, i32 0, i32 0, void @empty_4, void @empty_4, i32 4294967295, i32 0, i32 0, i32 0"   --->   Operation 17 'specinterface' 'specinterface_ln0' <Predicate = true> <Delay = 0.00>
ST_1 : Operation 18 [1/1] (0.00ns)   --->   "%select_ln23_read = read i2 @_ssdm_op_Read.ap_auto.i2, i2 %select_ln23"   --->   Operation 18 'read' 'select_ln23_read' <Predicate = true> <Delay = 0.00>
ST_1 : Operation 19 [1/1] (0.00ns)   --->   "%tmp_11 = read i2 @_ssdm_op_Read.ap_auto.i2, i2 %empty"   --->   Operation 19 'read' 'tmp_11' <Predicate = true> <Delay = 0.00>
ST_1 : Operation 20 [1/1] (0.00ns)   --->   "%tmp_12 = read i2 @_ssdm_op_Read.ap_auto.i2, i2 %empty_30"   --->   Operation 20 'read' 'tmp_12' <Predicate = true> <Delay = 0.00>
ST_1 : Operation 21 [1/1] (0.00ns)   --->   "%tmp_1_read = read i8 @_ssdm_op_Read.ap_auto.i8, i8 %tmp_1"   --->   Operation 21 'read' 'tmp_1_read' <Predicate = true> <Delay = 0.00>
ST_1 : Operation 22 [1/1] (0.00ns)   --->   "%tmp_4_read = read i8 @_ssdm_op_Read.ap_auto.i8, i8 %tmp_4"   --->   Operation 22 'read' 'tmp_4_read' <Predicate = true> <Delay = 0.00>
ST_1 : Operation 23 [1/1] (0.00ns)   --->   "%tmp_5_read = read i8 @_ssdm_op_Read.ap_auto.i8, i8 %tmp_5"   --->   Operation 23 'read' 'tmp_5_read' <Predicate = true> <Delay = 0.00>
ST_1 : Operation 24 [1/1] (0.00ns)   --->   "%tmp_3_read = read i8 @_ssdm_op_Read.ap_auto.i8, i8 %tmp_3"   --->   Operation 24 'read' 'tmp_3_read' <Predicate = true> <Delay = 0.00>
ST_1 : Operation 25 [1/1] (0.00ns)   --->   "%tmp_6_read = read i8 @_ssdm_op_Read.ap_auto.i8, i8 %tmp_6"   --->   Operation 25 'read' 'tmp_6_read' <Predicate = true> <Delay = 0.00>
ST_1 : Operation 26 [1/1] (0.00ns)   --->   "%tmp_2_read = read i8 @_ssdm_op_Read.ap_auto.i8, i8 %tmp_2"   --->   Operation 26 'read' 'tmp_2_read' <Predicate = true> <Delay = 0.00>
ST_1 : Operation 27 [1/1] (0.42ns)   --->   "%store_ln0 = store i8 %tmp_2_read, i8 %empty_56"   --->   Operation 27 'store' 'store_ln0' <Predicate = true> <Delay = 0.42>
ST_1 : Operation 28 [1/1] (0.42ns)   --->   "%store_ln165 = store i8 %tmp_6_read, i8 %pixel_3" [../src/sobel.cpp:165]   --->   Operation 28 'store' 'store_ln165' <Predicate = true> <Delay = 0.42>
ST_1 : Operation 29 [1/1] (0.42ns)   --->   "%store_ln0 = store i8 %tmp_3_read, i8 %empty_55"   --->   Operation 29 'store' 'store_ln0' <Predicate = true> <Delay = 0.42>
ST_1 : Operation 30 [1/1] (0.42ns)   --->   "%store_ln165 = store i8 %tmp_4_read, i8 %pixel_1" [../src/sobel.cpp:165]   --->   Operation 30 'store' 'store_ln165' <Predicate = true> <Delay = 0.42>
ST_1 : Operation 31 [1/1] (0.42ns)   --->   "%store_ln0 = store i8 %tmp_1_read, i8 %empty_54"   --->   Operation 31 'store' 'store_ln0' <Predicate = true> <Delay = 0.42>
ST_1 : Operation 32 [1/1] (0.42ns)   --->   "%store_ln165 = store i8 %tmp_3_read, i8 %pixel_2" [../src/sobel.cpp:165]   --->   Operation 32 'store' 'store_ln165' <Predicate = true> <Delay = 0.42>
ST_1 : Operation 33 [1/1] (0.42ns)   --->   "%store_ln0 = store i8 %tmp_5_read, i8 %empty_53"   --->   Operation 33 'store' 'store_ln0' <Predicate = true> <Delay = 0.42>
ST_1 : Operation 34 [1/1] (0.42ns)   --->   "%store_ln0 = store i8 %tmp_2_read, i8 %empty_52"   --->   Operation 34 'store' 'store_ln0' <Predicate = true> <Delay = 0.42>
ST_1 : Operation 35 [1/1] (0.42ns)   --->   "%store_ln165 = store i8 %tmp_1_read, i8 %pixel" [../src/sobel.cpp:165]   --->   Operation 35 'store' 'store_ln165' <Predicate = true> <Delay = 0.42>
ST_1 : Operation 36 [1/1] (0.42ns)   --->   "%store_ln149 = store i10 0, i10 %column_1" [../src/sobel.cpp:149]   --->   Operation 36 'store' 'store_ln149' <Predicate = true> <Delay = 0.42>
ST_1 : Operation 37 [1/1] (0.00ns)   --->   "%br_ln0 = br void %VITIS_LOOP_155_7"   --->   Operation 37 'br' 'br_ln0' <Predicate = true> <Delay = 0.00>
ST_1 : Operation 38 [1/1] (0.00ns)   --->   "%column = load i10 %column_1" [../src/sobel.cpp:185]   --->   Operation 38 'load' 'column' <Predicate = true> <Delay = 0.00>
ST_1 : Operation 39 [1/1] (0.78ns)   --->   "%icmp_ln149 = icmp_eq  i10 %column, i10 640" [../src/sobel.cpp:149]   --->   Operation 39 'icmp' 'icmp_ln149' <Predicate = true> <Delay = 0.78> <CoreInst = "Cmp">   --->   Core 9 'Cmp' <Latency = 0> <II = 1> <Delay = 0.78> <FuncUnit> <Opcode : 'seteq' 'setne' 'setle' 'setge' 'setlt' 'setgt'> <InPorts = 2> <OutPorts = 1>
ST_1 : Operation 40 [1/1] (0.78ns)   --->   "%column_2 = add i10 %column, i10 1" [../src/sobel.cpp:149]   --->   Operation 40 'add' 'column_2' <Predicate = true> <Delay = 0.78> <CoreInst = "Adder">   --->   Core 1 'Adder' <Latency = 0> <II = 1> <Delay = 0.78> <FuncUnit> <Opcode : 'add' 'sub'> <InPorts = 2> <OutPorts = 1>
ST_1 : Operation 41 [1/1] (0.00ns)   --->   "%br_ln149 = br i1 %icmp_ln149, void %VITIS_LOOP_155_7.split_ifconv, void %cleanup.loopexit.exitStub" [../src/sobel.cpp:149]   --->   Operation 41 'br' 'br_ln149' <Predicate = true> <Delay = 0.00>
ST_1 : Operation 42 [1/1] (0.78ns)   --->   "%add_ln185 = add i10 %column, i10 2" [../src/sobel.cpp:185]   --->   Operation 42 'add' 'add_ln185' <Predicate = (!icmp_ln149)> <Delay = 0.78> <CoreInst = "Adder">   --->   Core 1 'Adder' <Latency = 0> <II = 1> <Delay = 0.78> <FuncUnit> <Opcode : 'add' 'sub'> <InPorts = 2> <OutPorts = 1>
ST_1 : Operation 43 [1/1] (0.78ns)   --->   "%icmp_ln63 = icmp_ugt  i10 %add_ln185, i10 639" [../src/sobel.cpp:63->../src/sobel.cpp:185]   --->   Operation 43 'icmp' 'icmp_ln63' <Predicate = (!icmp_ln149)> <Delay = 0.78> <CoreInst = "Cmp">   --->   Core 9 'Cmp' <Latency = 0> <II = 1> <Delay = 0.78> <FuncUnit> <Opcode : 'seteq' 'setne' 'setle' 'setge' 'setlt' 'setgt'> <InPorts = 2> <OutPorts = 1>
ST_1 : Operation 44 [1/1] (0.40ns)   --->   "%nextColumn = select i1 %icmp_ln63, i10 639, i10 %add_ln185" [../src/sobel.cpp:63->../src/sobel.cpp:185]   --->   Operation 44 'select' 'nextColumn' <Predicate = (!icmp_ln149)> <Delay = 0.40> <CoreInst = "Sel">   --->   Core 73 'Sel' <Latency = 0> <II = 1> <Delay = 0.40> <FuncUnit> <Opcode : 'select'> <InPorts = 3> <OutPorts = 1>
ST_1 : Operation 45 [1/1] (0.00ns)   --->   "%zext_ln192 = zext i10 %nextColumn" [../src/sobel.cpp:192]   --->   Operation 45 'zext' 'zext_ln192' <Predicate = (!icmp_ln149)> <Delay = 0.00>
ST_1 : Operation 46 [1/1] (0.00ns)   --->   "%lineBuffer_addr = getelementptr i8 %lineBuffer, i64 0, i64 %zext_ln192" [../src/sobel.cpp:192]   --->   Operation 46 'getelementptr' 'lineBuffer_addr' <Predicate = (!icmp_ln149)> <Delay = 0.00>
ST_1 : Operation 47 [2/2] (1.23ns)   --->   "%banked = load i10 %lineBuffer_addr" [../src/sobel.cpp:192]   --->   Operation 47 'load' 'banked' <Predicate = (!icmp_ln149)> <Delay = 1.23> <CoreInst = "RAM">   --->   Core 82 'RAM' <Latency = 1> <II = 1> <Delay = 1.23> <Storage> <Opcode : 'load' 'store'> <Ports = 2> <Width = 8> <Depth = 640> <RAM>
ST_1 : Operation 48 [1/1] (0.00ns)   --->   "%lineBuffer_1_addr = getelementptr i8 %lineBuffer_1, i64 0, i64 %zext_ln192" [../src/sobel.cpp:192]   --->   Operation 48 'getelementptr' 'lineBuffer_1_addr' <Predicate = (!icmp_ln149)> <Delay = 0.00>
ST_1 : Operation 49 [1/1] (0.00ns)   --->   "%lineBuffer_2_addr = getelementptr i8 %lineBuffer_2, i64 0, i64 %zext_ln192" [../src/sobel.cpp:192]   --->   Operation 49 'getelementptr' 'lineBuffer_2_addr' <Predicate = (!icmp_ln149)> <Delay = 0.00>
ST_1 : Operation 50 [2/2] (1.23ns)   --->   "%banked_1 = load i10 %lineBuffer_1_addr" [../src/sobel.cpp:192]   --->   Operation 50 'load' 'banked_1' <Predicate = (!icmp_ln149)> <Delay = 1.23> <CoreInst = "RAM">   --->   Core 82 'RAM' <Latency = 1> <II = 1> <Delay = 1.23> <Storage> <Opcode : 'load' 'store'> <Ports = 2> <Width = 8> <Depth = 640> <RAM>
ST_1 : Operation 51 [2/2] (1.23ns)   --->   "%banked_2 = load i10 %lineBuffer_2_addr" [../src/sobel.cpp:192]   --->   Operation 51 'load' 'banked_2' <Predicate = (!icmp_ln149)> <Delay = 1.23> <CoreInst = "RAM">   --->   Core 82 'RAM' <Latency = 1> <II = 1> <Delay = 1.23> <Storage> <Opcode : 'load' 'store'> <Ports = 2> <Width = 8> <Depth = 640> <RAM>
ST_1 : Operation 52 [1/1] (0.42ns)   --->   "%store_ln149 = store i10 %column_2, i10 %column_1" [../src/sobel.cpp:149]   --->   Operation 52 'store' 'store_ln149' <Predicate = (!icmp_ln149)> <Delay = 0.42>

State 2 <SV = 1> <Delay = 3.64>
ST_2 : Operation 53 [1/1] (0.00ns)   --->   "%p_load38 = load i8 %empty_54" [../src/sobel.cpp:166]   --->   Operation 53 'load' 'p_load38' <Predicate = true> <Delay = 0.00>
ST_2 : Operation 54 [1/1] (0.00ns)   --->   "%pixel_4 = load i8 %pixel_1" [../src/sobel.cpp:165]   --->   Operation 54 'load' 'pixel_4' <Predicate = true> <Delay = 0.00>
ST_2 : Operation 55 [1/1] (0.00ns)   --->   "%p_load37 = load i8 %empty_55"   --->   Operation 55 'load' 'p_load37' <Predicate = true> <Delay = 0.00>
ST_2 : Operation 56 [1/1] (0.00ns)   --->   "%pixel_5 = load i8 %pixel_3" [../src/sobel.cpp:165]   --->   Operation 56 'load' 'pixel_5' <Predicate = true> <Delay = 0.00>
ST_2 : Operation 57 [1/1] (0.00ns)   --->   "%p_load = load i8 %empty_56"   --->   Operation 57 'load' 'p_load' <Predicate = true> <Delay = 0.00>
ST_2 : Operation 58 [1/1] (0.00ns)   --->   "%pixel_load = load i8 %pixel" [../src/sobel.cpp:165]   --->   Operation 58 'load' 'pixel_load' <Predicate = (!icmp_ln149)> <Delay = 0.00>
ST_2 : Operation 59 [1/1] (0.00ns)   --->   "%p_load40 = load i8 %empty_52"   --->   Operation 59 'load' 'p_load40' <Predicate = (!icmp_ln149)> <Delay = 0.00>
ST_2 : Operation 60 [1/1] (0.00ns)   --->   "%p_load39 = load i8 %empty_53"   --->   Operation 60 'load' 'p_load39' <Predicate = (!icmp_ln149)> <Delay = 0.00>
ST_2 : Operation 61 [1/1] (0.00ns)   --->   "%pixel_2_load = load i8 %pixel_2" [../src/sobel.cpp:165]   --->   Operation 61 'load' 'pixel_2_load' <Predicate = (!icmp_ln149)> <Delay = 0.00>
ST_2 : Operation 62 [1/1] (0.00ns)   --->   "%zext_ln165_4 = zext i8 %pixel_load" [../src/sobel.cpp:165]   --->   Operation 62 'zext' 'zext_ln165_4' <Predicate = (!icmp_ln149)> <Delay = 0.00>
ST_2 : Operation 63 [1/1] (0.00ns)   --->   "%zext_ln165 = zext i8 %pixel_load" [../src/sobel.cpp:165]   --->   Operation 63 'zext' 'zext_ln165' <Predicate = (!icmp_ln149)> <Delay = 0.00>
ST_2 : Operation 64 [1/1] (0.00ns)   --->   "%zext_ln166 = zext i8 %p_load38" [../src/sobel.cpp:166]   --->   Operation 64 'zext' 'zext_ln166' <Predicate = (!icmp_ln149)> <Delay = 0.00>
ST_2 : Operation 65 [1/1] (0.00ns)   --->   "%zext_ln165_1 = zext i8 %pixel_4" [../src/sobel.cpp:165]   --->   Operation 65 'zext' 'zext_ln165_1' <Predicate = (!icmp_ln149)> <Delay = 0.00>
ST_2 : Operation 66 [1/1] (0.00ns)   --->   "%p_cast8 = zext i8 %p_load40"   --->   Operation 66 'zext' 'p_cast8' <Predicate = (!icmp_ln149)> <Delay = 0.00>
ST_2 : Operation 67 [1/1] (0.00ns)   --->   "%zext_ln166_1 = zext i8 %p_load39" [../src/sobel.cpp:166]   --->   Operation 67 'zext' 'zext_ln166_1' <Predicate = (!icmp_ln149)> <Delay = 0.00>
ST_2 : Operation 68 [1/1] (0.00ns)   --->   "%zext_ln165_2 = zext i8 %pixel_2_load" [../src/sobel.cpp:165]   --->   Operation 68 'zext' 'zext_ln165_2' <Predicate = (!icmp_ln149)> <Delay = 0.00>
ST_2 : Operation 69 [1/1] (0.76ns)   --->   "%tmp = sub i9 %zext_ln166_1, i9 %p_cast8" [../src/sobel.cpp:166]   --->   Operation 69 'sub' 'tmp' <Predicate = (!icmp_ln149)> <Delay = 0.76> <CoreInst = "Adder">   --->   Core 1 'Adder' <Latency = 0> <II = 1> <Delay = 0.76> <FuncUnit> <Opcode : 'add' 'sub'> <InPorts = 2> <OutPorts = 1>
ST_2 : Operation 70 [1/1] (0.00ns)   --->   "%tmp_8 = bitconcatenate i10 @_ssdm_op_BitConcatenate.i10.i9.i1, i9 %tmp, i1 0" [../src/sobel.cpp:166]   --->   Operation 70 'bitconcatenate' 'tmp_8' <Predicate = (!icmp_ln149)> <Delay = 0.00>
ST_2 : Operation 71 [1/1] (0.00ns)   --->   "%sext_ln152 = sext i10 %tmp_8" [../src/sobel.cpp:152]   --->   Operation 71 'sext' 'sext_ln152' <Predicate = (!icmp_ln149)> <Delay = 0.00>
ST_2 : Operation 72 [1/1] (0.00ns)   --->   "%p_cast9 = zext i8 %p_load37"   --->   Operation 72 'zext' 'p_cast9' <Predicate = (!icmp_ln149)> <Delay = 0.00>
ST_2 : Operation 73 [1/1] (0.76ns)   --->   "%tmp3 = sub i9 %p_cast9, i9 %zext_ln166" [../src/sobel.cpp:166]   --->   Operation 73 'sub' 'tmp3' <Predicate = (!icmp_ln149)> <Delay = 0.76> <CoreInst = "Adder">   --->   Core 1 'Adder' <Latency = 0> <II = 1> <Delay = 0.76> <FuncUnit> <Opcode : 'add' 'sub'> <InPorts = 2> <OutPorts = 1>
ST_2 : Operation 74 [1/1] (0.00ns)   --->   "%tmp_10 = bitconcatenate i10 @_ssdm_op_BitConcatenate.i10.i9.i1, i9 %tmp3, i1 0" [../src/sobel.cpp:166]   --->   Operation 74 'bitconcatenate' 'tmp_10' <Predicate = (!icmp_ln149)> <Delay = 0.00>
ST_2 : Operation 75 [1/1] (0.00ns)   --->   "%sext_ln153 = sext i10 %tmp_10" [../src/sobel.cpp:153]   --->   Operation 75 'sext' 'sext_ln153' <Predicate = (!icmp_ln149)> <Delay = 0.00>
ST_2 : Operation 76 [1/1] (0.00ns)   --->   "%zext_ln165_3 = zext i8 %pixel_5" [../src/sobel.cpp:165]   --->   Operation 76 'zext' 'zext_ln165_3' <Predicate = (!icmp_ln149)> <Delay = 0.00>
ST_2 : Operation 77 [1/1] (0.76ns)   --->   "%sub_ln168 = sub i9 %zext_ln165_3, i9 %zext_ln165_2" [../src/sobel.cpp:168]   --->   Operation 77 'sub' 'sub_ln168' <Predicate = (!icmp_ln149)> <Delay = 0.76> <CoreInst = "Adder">   --->   Core 1 'Adder' <Latency = 0> <II = 1> <Delay = 0.76> <FuncUnit> <Opcode : 'add' 'sub'> <InPorts = 2> <OutPorts = 1>
ST_2 : Operation 78 [1/1] (0.00ns)   --->   "%sext_ln168 = sext i9 %sub_ln168" [../src/sobel.cpp:168]   --->   Operation 78 'sext' 'sext_ln168' <Predicate = (!icmp_ln149)> <Delay = 0.00>
ST_2 : Operation 79 [1/1] (0.77ns)   --->   "%add_ln168 = add i10 %sext_ln168, i10 %zext_ln165_1" [../src/sobel.cpp:168]   --->   Operation 79 'add' 'add_ln168' <Predicate = (!icmp_ln149)> <Delay = 0.77> <CoreInst = "Adder">   --->   Core 1 'Adder' <Latency = 0> <II = 1> <Delay = 0.77> <FuncUnit> <Opcode : 'add' 'sub'> <InPorts = 2> <OutPorts = 1>
ST_2 : Operation 80 [1/1] (0.00ns)   --->   "%sext_ln168_1 = sext i10 %add_ln168" [../src/sobel.cpp:168]   --->   Operation 80 'sext' 'sext_ln168_1' <Predicate = (!icmp_ln149)> <Delay = 0.00>
ST_2 : Operation 81 [1/1] (0.00ns) (grouped into TernaryAdder)   --->   "%gradientX_2 = add i11 %sext_ln152, i11 %sext_ln168_1" [../src/sobel.cpp:168]   --->   Operation 81 'add' 'gradientX_2' <Predicate = (!icmp_ln149)> <Delay = 0.00> <CoreInst = "TAddSub">   --->   Core 10 'TAddSub' <Latency = 0> <II = 1> <Delay = 0.48> <IPBlock> <Opcode : 'add' 'sub'> <InPorts = 3> <OutPorts = 1> <Sync> <CReg>
ST_2 : Operation 82 [1/1] (0.91ns) (root node of TernaryAdder)   --->   "%gradientX = sub i11 %gradientX_2, i11 %zext_ln165_4" [../src/sobel.cpp:168]   --->   Operation 82 'sub' 'gradientX' <Predicate = (!icmp_ln149)> <Delay = 0.91> <CoreInst = "TAddSub">   --->   Core 10 'TAddSub' <Latency = 0> <II = 1> <Delay = 0.48> <IPBlock> <Opcode : 'add' 'sub'> <InPorts = 3> <OutPorts = 1> <Sync> <CReg>
ST_2 : Operation 83 [1/1] (0.00ns)   --->   "%sext_ln172 = sext i11 %gradientX" [../src/sobel.cpp:172]   --->   Operation 83 'sext' 'sext_ln172' <Predicate = (!icmp_ln149)> <Delay = 0.00>
ST_2 : Operation 84 [1/1] (0.00ns)   --->   "%trunc_ln172 = trunc i11 %gradientX" [../src/sobel.cpp:172]   --->   Operation 84 'trunc' 'trunc_ln172' <Predicate = (!icmp_ln149)> <Delay = 0.00>
ST_2 : Operation 85 [1/1] (0.76ns)   --->   "%add_ln172 = add i9 %zext_ln165_2, i9 %zext_ln165_3" [../src/sobel.cpp:172]   --->   Operation 85 'add' 'add_ln172' <Predicate = (!icmp_ln149)> <Delay = 0.76> <CoreInst = "Adder">   --->   Core 1 'Adder' <Latency = 0> <II = 1> <Delay = 0.76> <FuncUnit> <Opcode : 'add' 'sub'> <InPorts = 2> <OutPorts = 1>
ST_2 : Operation 86 [1/1] (0.00ns)   --->   "%zext_ln172 = zext i9 %add_ln172" [../src/sobel.cpp:172]   --->   Operation 86 'zext' 'zext_ln172' <Predicate = (!icmp_ln149)> <Delay = 0.00>
ST_2 : Operation 87 [1/1] (0.00ns) (grouped into TernaryAdder)   --->   "%sub_ln172 = sub i10 %zext_ln172, i10 %zext_ln165_1" [../src/sobel.cpp:172]   --->   Operation 87 'sub' 'sub_ln172' <Predicate = (!icmp_ln149)> <Delay = 0.00> <CoreInst = "TAddSub">   --->   Core 10 'TAddSub' <Latency = 0> <II = 1> <Delay = 0.48> <IPBlock> <Opcode : 'add' 'sub'> <InPorts = 3> <OutPorts = 1> <Sync> <CReg>
ST_2 : Operation 88 [1/1] (0.96ns) (root node of TernaryAdder)   --->   "%gradientY_2 = sub i10 %sub_ln172, i10 %zext_ln165" [../src/sobel.cpp:172]   --->   Operation 88 'sub' 'gradientY_2' <Predicate = (!icmp_ln149)> <Delay = 0.96> <CoreInst = "TAddSub">   --->   Core 10 'TAddSub' <Latency = 0> <II = 1> <Delay = 0.48> <IPBlock> <Opcode : 'add' 'sub'> <InPorts = 3> <OutPorts = 1> <Sync> <CReg>
ST_2 : Operation 89 [1/1] (0.00ns)   --->   "%sext_ln172_1 = sext i10 %gradientY_2" [../src/sobel.cpp:172]   --->   Operation 89 'sext' 'sext_ln172_1' <Predicate = (!icmp_ln149)> <Delay = 0.00>
ST_2 : Operation 90 [1/1] (0.78ns)   --->   "%add_ln172_1 = add i10 %tmp_10, i10 %gradientY_2" [../src/sobel.cpp:172]   --->   Operation 90 'add' 'add_ln172_1' <Predicate = (!icmp_ln149)> <Delay = 0.78> <CoreInst = "Adder">   --->   Core 1 'Adder' <Latency = 0> <II = 1> <Delay = 0.78> <FuncUnit> <Opcode : 'add' 'sub'> <InPorts = 2> <OutPorts = 1>
ST_2 : Operation 91 [1/1] (0.78ns)   --->   "%gradientY = add i11 %sext_ln153, i11 %sext_ln172_1" [../src/sobel.cpp:172]   --->   Operation 91 'add' 'gradientY' <Predicate = (!icmp_ln149)> <Delay = 0.78> <CoreInst = "Adder">   --->   Core 1 'Adder' <Latency = 0> <II = 1> <Delay = 0.78> <FuncUnit> <Opcode : 'add' 'sub'> <InPorts = 2> <OutPorts = 1>
ST_2 : Operation 92 [1/1] (0.00ns)   --->   "%tmp_13 = bitselect i1 @_ssdm_op_BitSelect.i1.i32.i32, i32 %sext_ln172, i32 31" [../src/sobel.cpp:28->../src/sobel.cpp:180]   --->   Operation 92 'bitselect' 'tmp_13' <Predicate = (!icmp_ln149)> <Delay = 0.00>
ST_2 : Operation 93 [1/1] (0.78ns)   --->   "%sub_ln28 = sub i10 0, i10 %trunc_ln172" [../src/sobel.cpp:28->../src/sobel.cpp:180]   --->   Operation 93 'sub' 'sub_ln28' <Predicate = (!icmp_ln149)> <Delay = 0.78> <CoreInst = "Adder">   --->   Core 1 'Adder' <Latency = 0> <II = 1> <Delay = 0.78> <FuncUnit> <Opcode : 'add' 'sub'> <InPorts = 2> <OutPorts = 1>
ST_2 : Operation 94 [1/1] (0.40ns)   --->   "%absoluteX = select i1 %tmp_13, i10 %sub_ln28, i10 %trunc_ln172" [../src/sobel.cpp:28->../src/sobel.cpp:180]   --->   Operation 94 'select' 'absoluteX' <Predicate = (!icmp_ln149)> <Delay = 0.40> <CoreInst = "Sel">   --->   Core 73 'Sel' <Latency = 0> <II = 1> <Delay = 0.40> <FuncUnit> <Opcode : 'select'> <InPorts = 3> <OutPorts = 1>
ST_2 : Operation 95 [1/1] (0.78ns)   --->   "%sub_ln28_1 = sub i10 0, i10 %add_ln172_1" [../src/sobel.cpp:28->../src/sobel.cpp:180]   --->   Operation 95 'sub' 'sub_ln28_1' <Predicate = (!icmp_ln149)> <Delay = 0.78> <CoreInst = "Adder">   --->   Core 1 'Adder' <Latency = 0> <II = 1> <Delay = 0.78> <FuncUnit> <Opcode : 'add' 'sub'> <InPorts = 2> <OutPorts = 1>
ST_2 : Operation 96 [1/2] ( I:1.23ns O:1.23ns )   --->   "%banked = load i10 %lineBuffer_addr" [../src/sobel.cpp:192]   --->   Operation 96 'load' 'banked' <Predicate = (!icmp_ln149)> <Delay = 1.23> <CoreInst = "RAM">   --->   Core 82 'RAM' <Latency = 1> <II = 1> <Delay = 1.23> <Storage> <Opcode : 'load' 'store'> <Ports = 2> <Width = 8> <Depth = 640> <RAM>
ST_2 : Operation 97 [1/2] ( I:1.23ns O:1.23ns )   --->   "%banked_1 = load i10 %lineBuffer_1_addr" [../src/sobel.cpp:192]   --->   Operation 97 'load' 'banked_1' <Predicate = (!icmp_ln149)> <Delay = 1.23> <CoreInst = "RAM">   --->   Core 82 'RAM' <Latency = 1> <II = 1> <Delay = 1.23> <Storage> <Opcode : 'load' 'store'> <Ports = 2> <Width = 8> <Depth = 640> <RAM>
ST_2 : Operation 98 [1/2] ( I:1.23ns O:1.23ns )   --->   "%banked_2 = load i10 %lineBuffer_2_addr" [../src/sobel.cpp:192]   --->   Operation 98 'load' 'banked_2' <Predicate = (!icmp_ln149)> <Delay = 1.23> <CoreInst = "RAM">   --->   Core 82 'RAM' <Latency = 1> <II = 1> <Delay = 1.23> <Storage> <Opcode : 'load' 'store'> <Ports = 2> <Width = 8> <Depth = 640> <RAM>
ST_2 : Operation 99 [1/1] (0.42ns)   --->   "%tmp_9 = sparsemux i8 @_ssdm_op_SparseMux.ap_auto.3i8.i8.i2, i2 0, i8 %banked, i2 1, i8 %banked_1, i2 2, i8 %banked_2, i8 0, i2 %tmp_12" [../src/sobel.cpp:199]   --->   Operation 99 'sparsemux' 'tmp_9' <Predicate = (!icmp_ln149)> <Delay = 0.42> <CoreInst = "OneHotSparseMux_HasDef">   --->   Core 152 'OneHotSparseMux_HasDef' <Latency = 0> <II = 1> <Delay = 0.42> <FuncUnit> <Opcode : 'sparsemux'> <InPorts = 2> <OutPorts = 1>
ST_2 : Operation 100 [1/1] (0.42ns)   --->   "%tmp_s = sparsemux i8 @_ssdm_op_SparseMux.ap_auto.3i8.i8.i2, i2 1, i8 %banked, i2 2, i8 %banked_1, i2 0, i8 %banked_2, i8 0, i2 %tmp_11" [../src/sobel.cpp:199]   --->   Operation 100 'sparsemux' 'tmp_s' <Predicate = (!icmp_ln149)> <Delay = 0.42> <CoreInst = "OneHotSparseMux_HasDef">   --->   Core 152 'OneHotSparseMux_HasDef' <Latency = 0> <II = 1> <Delay = 0.42> <FuncUnit> <Opcode : 'sparsemux'> <InPorts = 2> <OutPorts = 1>
ST_2 : Operation 101 [1/1] (0.42ns)   --->   "%tmp_7 = sparsemux i8 @_ssdm_op_SparseMux.ap_auto.3i8.i8.i2, i2 0, i8 %banked, i2 1, i8 %banked_1, i2 2, i8 %banked_2, i8 0, i2 %select_ln23_read" [../src/sobel.cpp:199]   --->   Operation 101 'sparsemux' 'tmp_7' <Predicate = (!icmp_ln149)> <Delay = 0.42> <CoreInst = "OneHotSparseMux_HasDef">   --->   Core 152 'OneHotSparseMux_HasDef' <Latency = 0> <II = 1> <Delay = 0.42> <FuncUnit> <Opcode : 'sparsemux'> <InPorts = 2> <OutPorts = 1>
ST_2 : Operation 102 [1/1] (0.42ns)   --->   "%store_ln0 = store i8 %p_load39, i8 %empty_56"   --->   Operation 102 'store' 'store_ln0' <Predicate = (!icmp_ln149)> <Delay = 0.42>
ST_2 : Operation 103 [1/1] (0.42ns)   --->   "%store_ln165 = store i8 %tmp_7, i8 %pixel_3" [../src/sobel.cpp:165]   --->   Operation 103 'store' 'store_ln165' <Predicate = (!icmp_ln149)> <Delay = 0.42>
ST_2 : Operation 104 [1/1] (0.42ns)   --->   "%store_ln165 = store i8 %pixel_5, i8 %empty_55" [../src/sobel.cpp:165]   --->   Operation 104 'store' 'store_ln165' <Predicate = (!icmp_ln149)> <Delay = 0.42>
ST_2 : Operation 105 [1/1] (0.42ns)   --->   "%store_ln165 = store i8 %tmp_9, i8 %pixel_1" [../src/sobel.cpp:165]   --->   Operation 105 'store' 'store_ln165' <Predicate = (!icmp_ln149)> <Delay = 0.42>
ST_2 : Operation 106 [1/1] (0.42ns)   --->   "%store_ln165 = store i8 %pixel_4, i8 %empty_54" [../src/sobel.cpp:165]   --->   Operation 106 'store' 'store_ln165' <Predicate = (!icmp_ln149)> <Delay = 0.42>
ST_2 : Operation 107 [1/1] (0.42ns)   --->   "%store_ln165 = store i8 %p_load37, i8 %pixel_2" [../src/sobel.cpp:165]   --->   Operation 107 'store' 'store_ln165' <Predicate = (!icmp_ln149)> <Delay = 0.42>
ST_2 : Operation 108 [1/1] (0.42ns)   --->   "%store_ln199 = store i8 %tmp_s, i8 %empty_53" [../src/sobel.cpp:199]   --->   Operation 108 'store' 'store_ln199' <Predicate = (!icmp_ln149)> <Delay = 0.42>
ST_2 : Operation 109 [1/1] (0.42ns)   --->   "%store_ln0 = store i8 %p_load, i8 %empty_52"   --->   Operation 109 'store' 'store_ln0' <Predicate = (!icmp_ln149)> <Delay = 0.42>
ST_2 : Operation 110 [1/1] (0.42ns)   --->   "%store_ln165 = store i8 %p_load38, i8 %pixel" [../src/sobel.cpp:165]   --->   Operation 110 'store' 'store_ln165' <Predicate = (!icmp_ln149)> <Delay = 0.42>

State 3 <SV = 2> <Delay = 3.45>
ST_3 : Operation 111 [1/1] (0.00ns)   --->   "%sext_ln153_1 = sext i11 %gradientY" [../src/sobel.cpp:153]   --->   Operation 111 'sext' 'sext_ln153_1' <Predicate = true> <Delay = 0.00>
ST_3 : Operation 112 [1/1] (0.00ns)   --->   "%zext_ln27 = zext i10 %absoluteX" [../src/sobel.cpp:27->../src/sobel.cpp:180]   --->   Operation 112 'zext' 'zext_ln27' <Predicate = true> <Delay = 0.00>
ST_3 : Operation 113 [1/1] (0.00ns)   --->   "%zext_ln27_1 = zext i10 %absoluteX" [../src/sobel.cpp:27->../src/sobel.cpp:180]   --->   Operation 113 'zext' 'zext_ln27_1' <Predicate = true> <Delay = 0.00>
ST_3 : Operation 114 [1/1] (0.00ns)   --->   "%tmp_14 = bitselect i1 @_ssdm_op_BitSelect.i1.i32.i32, i32 %sext_ln153_1, i32 31" [../src/sobel.cpp:28->../src/sobel.cpp:180]   --->   Operation 114 'bitselect' 'tmp_14' <Predicate = true> <Delay = 0.00>
ST_3 : Operation 115 [1/1] (0.40ns)   --->   "%absoluteY = select i1 %tmp_14, i10 %sub_ln28_1, i10 %add_ln172_1" [../src/sobel.cpp:28->../src/sobel.cpp:180]   --->   Operation 115 'select' 'absoluteY' <Predicate = true> <Delay = 0.40> <CoreInst = "Sel">   --->   Core 73 'Sel' <Latency = 0> <II = 1> <Delay = 0.40> <FuncUnit> <Opcode : 'select'> <InPorts = 3> <OutPorts = 1>
ST_3 : Operation 116 [1/1] (0.00ns)   --->   "%zext_ln180 = zext i10 %absoluteY" [../src/sobel.cpp:180]   --->   Operation 116 'zext' 'zext_ln180' <Predicate = true> <Delay = 0.00>
ST_3 : Operation 117 [1/1] (0.00ns)   --->   "%zext_ln180_1 = zext i10 %absoluteX" [../src/sobel.cpp:180]   --->   Operation 117 'zext' 'zext_ln180_1' <Predicate = true> <Delay = 0.00>
ST_3 : Operation 118 [1/1] (0.00ns)   --->   "%zext_ln180_2 = zext i10 %absoluteY" [../src/sobel.cpp:180]   --->   Operation 118 'zext' 'zext_ln180_2' <Predicate = true> <Delay = 0.00>
ST_3 : Operation 119 [1/1] (0.78ns)   --->   "%result_magnitude = add i11 %zext_ln180_2, i11 %zext_ln180_1" [../src/sobel.cpp:180]   --->   Operation 119 'add' 'result_magnitude' <Predicate = true> <Delay = 0.78> <CoreInst = "Adder">   --->   Core 1 'Adder' <Latency = 0> <II = 1> <Delay = 0.78> <FuncUnit> <Opcode : 'add' 'sub'> <InPorts = 2> <OutPorts = 1>
ST_3 : Operation 120 [1/1] (0.00ns) (grouped into LUT with out node icmp_ln38)   --->   "%or_ln38 = or i10 %absoluteY, i10 %absoluteX" [../src/sobel.cpp:38->../src/sobel.cpp:181]   --->   Operation 120 'or' 'or_ln38' <Predicate = true> <Delay = 0.00> <CoreInst = "LogicGate">   --->   Core 74 'LogicGate' <Latency = 0> <II = 1> <Delay = 0.35> <FuncUnit> <Opcode : 'and' 'or' 'xor'> <InPorts = 2> <OutPorts = 1>
ST_3 : Operation 121 [1/1] (0.78ns) (out node of the LUT)   --->   "%icmp_ln38 = icmp_eq  i10 %or_ln38, i10 0" [../src/sobel.cpp:38->../src/sobel.cpp:181]   --->   Operation 121 'icmp' 'icmp_ln38' <Predicate = true> <Delay = 0.78> <CoreInst = "Cmp">   --->   Core 9 'Cmp' <Latency = 0> <II = 1> <Delay = 0.78> <FuncUnit> <Opcode : 'seteq' 'setne' 'setle' 'setge' 'setlt' 'setgt'> <InPorts = 2> <OutPorts = 1>
ST_3 : Operation 122 [1/1] (2.14ns)   --->   "%mul_ln42 = mul i20 %zext_ln180, i20 1000" [../src/sobel.cpp:42->../src/sobel.cpp:181]   --->   Operation 122 'mul' 'mul_ln42' <Predicate = true> <Delay = 2.14> <CoreInst = "Multiplier">   --->   Core 3 'Multiplier' <Latency = 0> <II = 1> <Delay = 2.14> <FuncUnit> <Opcode : 'mul'> <InPorts = 2> <OutPorts = 1>
ST_3 : Operation 123 [1/1] (0.00ns)   --->   "%zext_ln42 = zext i20 %mul_ln42" [../src/sobel.cpp:42->../src/sobel.cpp:181]   --->   Operation 123 'zext' 'zext_ln42' <Predicate = true> <Delay = 0.00>
ST_3 : Operation 124 [1/1] (0.00ns)   --->   "%zext_ln42_1 = zext i20 %mul_ln42" [../src/sobel.cpp:42->../src/sobel.cpp:181]   --->   Operation 124 'zext' 'zext_ln42_1' <Predicate = true> <Delay = 0.00>
ST_3 : Operation 125 [1/1] (2.11ns)   --->   "%mul_ln42_1 = mul i19 %zext_ln27_1, i19 414" [../src/sobel.cpp:42->../src/sobel.cpp:181]   --->   Operation 125 'mul' 'mul_ln42_1' <Predicate = true> <Delay = 2.11> <CoreInst = "Multiplier">   --->   Core 3 'Multiplier' <Latency = 0> <II = 1> <Delay = 2.11> <FuncUnit> <Opcode : 'mul'> <InPorts = 2> <OutPorts = 1>
ST_3 : Operation 126 [1/1] (0.00ns)   --->   "%zext_ln42_2 = zext i19 %mul_ln42_1" [../src/sobel.cpp:42->../src/sobel.cpp:181]   --->   Operation 126 'zext' 'zext_ln42_2' <Predicate = true> <Delay = 0.00>
ST_3 : Operation 127 [1/1] (0.89ns)   --->   "%icmp_ln42 = icmp_ugt  i21 %zext_ln42_1, i21 %zext_ln42_2" [../src/sobel.cpp:42->../src/sobel.cpp:181]   --->   Operation 127 'icmp' 'icmp_ln42' <Predicate = true> <Delay = 0.89> <CoreInst = "Cmp">   --->   Core 9 'Cmp' <Latency = 0> <II = 1> <Delay = 0.89> <FuncUnit> <Opcode : 'seteq' 'setne' 'setle' 'setge' 'setlt' 'setgt'> <InPorts = 2> <OutPorts = 1>
ST_3 : Operation 128 [1/1] (2.23ns)   --->   "%mul_ln46 = mul i22 %zext_ln27, i22 2414" [../src/sobel.cpp:46->../src/sobel.cpp:181]   --->   Operation 128 'mul' 'mul_ln46' <Predicate = true> <Delay = 2.23> <CoreInst = "Multiplier">   --->   Core 3 'Multiplier' <Latency = 0> <II = 1> <Delay = 2.23> <FuncUnit> <Opcode : 'mul'> <InPorts = 2> <OutPorts = 1>
ST_3 : Operation 129 [1/1] (0.00ns)   --->   "%zext_ln46 = zext i22 %mul_ln46" [../src/sobel.cpp:46->../src/sobel.cpp:181]   --->   Operation 129 'zext' 'zext_ln46' <Predicate = true> <Delay = 0.00>
ST_3 : Operation 130 [1/1] (0.91ns)   --->   "%icmp_ln46 = icmp_ult  i23 %zext_ln42, i23 %zext_ln46" [../src/sobel.cpp:46->../src/sobel.cpp:181]   --->   Operation 130 'icmp' 'icmp_ln46' <Predicate = true> <Delay = 0.91> <CoreInst = "Cmp">   --->   Core 9 'Cmp' <Latency = 0> <II = 1> <Delay = 0.91> <FuncUnit> <Opcode : 'seteq' 'setne' 'setle' 'setge' 'setlt' 'setgt'> <InPorts = 2> <OutPorts = 1>
ST_3 : Operation 157 [1/1] (0.42ns)   --->   "%ret_ln0 = ret"   --->   Operation 157 'ret' 'ret_ln0' <Predicate = (icmp_ln149)> <Delay = 0.42>

State 4 <SV = 3> <Delay = 2.51>
ST_4 : Operation 131 [1/1] (0.00ns)   --->   "%specpipeline_ln150 = specpipeline void @_ssdm_op_SpecPipeline, i32 1, i32 0, i32 0, i32 0, i32 4294967295, void @empty_4" [../src/sobel.cpp:150]   --->   Operation 131 'specpipeline' 'specpipeline_ln150' <Predicate = true> <Delay = 0.00>
ST_4 : Operation 132 [1/1] (0.00ns)   --->   "%speclooptripcount_ln149 = speclooptripcount void @_ssdm_op_SpecLoopTripCount, i64 640, i64 640, i64 640" [../src/sobel.cpp:149]   --->   Operation 132 'speclooptripcount' 'speclooptripcount_ln149' <Predicate = true> <Delay = 0.00>
ST_4 : Operation 133 [1/1] (0.00ns)   --->   "%specloopname_ln149 = specloopname void @_ssdm_op_SpecLoopName, void @empty_13" [../src/sobel.cpp:149]   --->   Operation 133 'specloopname' 'specloopname_ln149' <Predicate = true> <Delay = 0.00>
ST_4 : Operation 134 [1/1] (0.00ns)   --->   "%zext_ln179 = zext i11 %result_magnitude" [../src/sobel.cpp:179]   --->   Operation 134 'zext' 'zext_ln179' <Predicate = true> <Delay = 0.00>
ST_4 : Operation 135 [1/1] (0.00ns) (grouped into LUT with out node result_direction)   --->   "%or_ln51 = or i11 %gradientY, i11 %gradientX" [../src/sobel.cpp:51->../src/sobel.cpp:181]   --->   Operation 135 'or' 'or_ln51' <Predicate = true> <Delay = 0.00> <CoreInst = "LogicGate">   --->   Core 74 'LogicGate' <Latency = 0> <II = 1> <Delay = 0.33> <FuncUnit> <Opcode : 'and' 'or' 'xor'> <InPorts = 2> <OutPorts = 1>
ST_4 : Operation 136 [1/1] (0.00ns) (grouped into LUT with out node result_direction)   --->   "%sext_ln52 = sext i11 %or_ln51" [../src/sobel.cpp:52->../src/sobel.cpp:181]   --->   Operation 136 'sext' 'sext_ln52' <Predicate = true> <Delay = 0.00>
ST_4 : Operation 137 [1/1] (0.00ns) (grouped into LUT with out node result_direction)   --->   "%and_ln52 = and i11 %gradientX, i11 %gradientY" [../src/sobel.cpp:52->../src/sobel.cpp:181]   --->   Operation 137 'and' 'and_ln52' <Predicate = true> <Delay = 0.00> <CoreInst = "LogicGate">   --->   Core 74 'LogicGate' <Latency = 0> <II = 1> <Delay = 0.33> <FuncUnit> <Opcode : 'and' 'or' 'xor'> <InPorts = 2> <OutPorts = 1>
ST_4 : Operation 138 [1/1] (0.00ns) (grouped into LUT with out node result_direction)   --->   "%sext_ln42 = sext i11 %and_ln52" [../src/sobel.cpp:42->../src/sobel.cpp:181]   --->   Operation 138 'sext' 'sext_ln42' <Predicate = true> <Delay = 0.00>
ST_4 : Operation 139 [1/1] (0.00ns) (grouped into LUT with out node result_direction)   --->   "%xor_ln42 = xor i1 %icmp_ln42, i1 1" [../src/sobel.cpp:42->../src/sobel.cpp:181]   --->   Operation 139 'xor' 'xor_ln42' <Predicate = true> <Delay = 0.00> <CoreInst = "LogicGate">   --->   Core 74 'LogicGate' <Latency = 0> <II = 1> <Delay = 0.28> <FuncUnit> <Opcode : 'and' 'or' 'xor'> <InPorts = 2> <OutPorts = 1>
ST_4 : Operation 140 [1/1] (0.00ns) (grouped into LUT with out node result_direction)   --->   "%or_ln42 = or i1 %icmp_ln38, i1 %xor_ln42" [../src/sobel.cpp:42->../src/sobel.cpp:181]   --->   Operation 140 'or' 'or_ln42' <Predicate = true> <Delay = 0.00> <CoreInst = "LogicGate">   --->   Core 74 'LogicGate' <Latency = 0> <II = 1> <Delay = 0.28> <FuncUnit> <Opcode : 'and' 'or' 'xor'> <InPorts = 2> <OutPorts = 1>
ST_4 : Operation 141 [1/1] (0.00ns) (grouped into LUT with out node and_ln42)   --->   "%xor_ln38 = xor i1 %icmp_ln38, i1 1" [../src/sobel.cpp:38->../src/sobel.cpp:181]   --->   Operation 141 'xor' 'xor_ln38' <Predicate = true> <Delay = 0.00> <CoreInst = "LogicGate">   --->   Core 74 'LogicGate' <Latency = 0> <II = 1> <Delay = 0.28> <FuncUnit> <Opcode : 'and' 'or' 'xor'> <InPorts = 2> <OutPorts = 1>
ST_4 : Operation 142 [1/1] (0.28ns) (out node of the LUT)   --->   "%and_ln42 = and i1 %icmp_ln42, i1 %xor_ln38" [../src/sobel.cpp:42->../src/sobel.cpp:181]   --->   Operation 142 'and' 'and_ln42' <Predicate = true> <Delay = 0.28> <CoreInst = "LogicGate">   --->   Core 74 'LogicGate' <Latency = 0> <II = 1> <Delay = 0.28> <FuncUnit> <Opcode : 'and' 'or' 'xor'> <InPorts = 2> <OutPorts = 1>
ST_4 : Operation 143 [1/1] (0.00ns) (grouped into LUT with out node result_direction)   --->   "%xor_ln46 = xor i1 %icmp_ln46, i1 1" [../src/sobel.cpp:46->../src/sobel.cpp:181]   --->   Operation 143 'xor' 'xor_ln46' <Predicate = true> <Delay = 0.00> <CoreInst = "LogicGate">   --->   Core 74 'LogicGate' <Latency = 0> <II = 1> <Delay = 0.28> <FuncUnit> <Opcode : 'and' 'or' 'xor'> <InPorts = 2> <OutPorts = 1>
ST_4 : Operation 144 [1/1] (0.00ns) (grouped into LUT with out node result_direction)   --->   "%and_ln46 = and i1 %and_ln42, i1 %xor_ln46" [../src/sobel.cpp:46->../src/sobel.cpp:181]   --->   Operation 144 'and' 'and_ln46' <Predicate = true> <Delay = 0.00> <CoreInst = "LogicGate">   --->   Core 74 'LogicGate' <Latency = 0> <II = 1> <Delay = 0.28> <FuncUnit> <Opcode : 'and' 'or' 'xor'> <InPorts = 2> <OutPorts = 1>
ST_4 : Operation 145 [1/1] (0.00ns) (grouped into LUT with out node result_direction)   --->   "%tmp_15 = bitselect i1 @_ssdm_op_BitSelect.i1.i32.i32, i32 %sext_ln52, i32 31" [../src/sobel.cpp:51->../src/sobel.cpp:181]   --->   Operation 145 'bitselect' 'tmp_15' <Predicate = true> <Delay = 0.00>
ST_4 : Operation 146 [1/1] (0.00ns) (grouped into LUT with out node result_direction)   --->   "%tmp_16 = bitselect i1 @_ssdm_op_BitSelect.i1.i32.i32, i32 %sext_ln42, i32 31" [../src/sobel.cpp:52->../src/sobel.cpp:181]   --->   Operation 146 'bitselect' 'tmp_16' <Predicate = true> <Delay = 0.00>
ST_4 : Operation 147 [1/1] (0.00ns) (grouped into LUT with out node result_direction)   --->   "%xor_ln52 = xor i1 %tmp_16, i1 1" [../src/sobel.cpp:52->../src/sobel.cpp:181]   --->   Operation 147 'xor' 'xor_ln52' <Predicate = true> <Delay = 0.00> <CoreInst = "LogicGate">   --->   Core 74 'LogicGate' <Latency = 0> <II = 1> <Delay = 0.28> <FuncUnit> <Opcode : 'and' 'or' 'xor'> <InPorts = 2> <OutPorts = 1>
ST_4 : Operation 148 [1/1] (0.00ns) (grouped into LUT with out node result_direction)   --->   "%and_ln52_1 = and i1 %and_ln42, i1 %icmp_ln46" [../src/sobel.cpp:52->../src/sobel.cpp:181]   --->   Operation 148 'and' 'and_ln52_1' <Predicate = true> <Delay = 0.00> <CoreInst = "LogicGate">   --->   Core 74 'LogicGate' <Latency = 0> <II = 1> <Delay = 0.28> <FuncUnit> <Opcode : 'and' 'or' 'xor'> <InPorts = 2> <OutPorts = 1>
ST_4 : Operation 149 [1/1] (0.00ns) (grouped into LUT with out node result_direction)   --->   "%and_ln52_2 = and i1 %tmp_15, i1 %xor_ln52" [../src/sobel.cpp:52->../src/sobel.cpp:181]   --->   Operation 149 'and' 'and_ln52_2' <Predicate = true> <Delay = 0.00> <CoreInst = "LogicGate">   --->   Core 74 'LogicGate' <Latency = 0> <II = 1> <Delay = 0.28> <FuncUnit> <Opcode : 'and' 'or' 'xor'> <InPorts = 2> <OutPorts = 1>
ST_4 : Operation 150 [1/1] (0.00ns) (grouped into LUT with out node result_direction)   --->   "%and_ln52_3 = and i1 %and_ln52_2, i1 %and_ln52_1" [../src/sobel.cpp:52->../src/sobel.cpp:181]   --->   Operation 150 'and' 'and_ln52_3' <Predicate = true> <Delay = 0.00> <CoreInst = "LogicGate">   --->   Core 74 'LogicGate' <Latency = 0> <II = 1> <Delay = 0.28> <FuncUnit> <Opcode : 'and' 'or' 'xor'> <InPorts = 2> <OutPorts = 1>
ST_4 : Operation 151 [1/1] (0.00ns) (grouped into LUT with out node result_direction)   --->   "%sel_tmp = bitconcatenate i3 @_ssdm_op_BitConcatenate.i3.i1.i1.i1, i1 %or_ln42, i1 %and_ln46, i1 %and_ln52_3" [../src/sobel.cpp:42->../src/sobel.cpp:181]   --->   Operation 151 'bitconcatenate' 'sel_tmp' <Predicate = true> <Delay = 0.00>
ST_4 : Operation 152 [1/1] (0.47ns) (out node of the LUT)   --->   "%result_direction = sparsemux i2 @_ssdm_op_SparseMux.ap_auto.4i2.i2.i3, i3 4, i2 0, i3 2, i2 2, i3 1, i2 3, i3 0, i2 1, i2 0, i3 %sel_tmp" [../src/sobel.cpp:42->../src/sobel.cpp:181]   --->   Operation 152 'sparsemux' 'result_direction' <Predicate = true> <Delay = 0.47> <CoreInst = "OneHotSparseMux_HasDef">   --->   Core 152 'OneHotSparseMux_HasDef' <Latency = 0> <II = 1> <Delay = 0.47> <FuncUnit> <Opcode : 'sparsemux'> <InPorts = 2> <OutPorts = 1>
ST_4 : Operation 153 [1/1] (0.00ns)   --->   "%zext_ln182_cast = bitconcatenate i18 @_ssdm_op_BitConcatenate.i18.i2.i16, i2 %result_direction, i16 %zext_ln179" [../src/sobel.cpp:182]   --->   Operation 153 'bitconcatenate' 'zext_ln182_cast' <Predicate = true> <Delay = 0.00>
ST_4 : Operation 154 [1/1] (0.00ns)   --->   "%zext_ln182 = zext i18 %zext_ln182_cast" [../src/sobel.cpp:182]   --->   Operation 154 'zext' 'zext_ln182' <Predicate = true> <Delay = 0.00>
ST_4 : Operation 155 [1/1] ( I:1.75ns O:1.75ns )   --->   "%write_ln182 = write void @_ssdm_op_Write.ap_fifo.volatile.i24P0A, i24 %sobel_out, i24 %zext_ln182" [../src/sobel.cpp:182]   --->   Operation 155 'write' 'write_ln182' <Predicate = true> <Delay = 1.75> <CoreInst = "FIFO">   --->   Core 77 'FIFO' <Latency = 0> <II = 1> <Delay = 1.75> <Storage> <Opcode : 'read' 'write' 'nbread' 'nbwrite'> <Ports = 0> <Width = 24> <Depth = 1280> <FIFO>
ST_4 : Operation 156 [1/1] (0.00ns)   --->   "%br_ln149 = br void %VITIS_LOOP_155_7" [../src/sobel.cpp:149]   --->   Operation 156 'br' 'br_ln149' <Predicate = true> <Delay = 0.00>


============================================================
+ Verbose Summary: Binding
============================================================
STG Binding: 
---------------- STG Properties BEGIN ----------------
- Is combinational: 0
- Is one-state seq: 0
- Is datapath-only: 0
- Is pipelined: 0
- Is top level: 0
Port [ Return ] is wired: 1; IO mode=ap_ctrl_hs:ce=0
Port [ tmp_2]:  wired=1; compound=0; hidden=0; nouse=0; global=0; static=0; extern=0; dir=0; type=0; pingpong=0; private_global=0; IO mode=ap_none:ce=0
Port [ tmp_6]:  wired=1; compound=0; hidden=0; nouse=0; global=0; static=0; extern=0; dir=0; type=0; pingpong=0; private_global=0; IO mode=ap_none:ce=0
Port [ tmp_3]:  wired=1; compound=0; hidden=0; nouse=0; global=0; static=0; extern=0; dir=0; type=0; pingpong=0; private_global=0; IO mode=ap_none:ce=0
Port [ tmp_5]:  wired=1; compound=0; hidden=0; nouse=0; global=0; static=0; extern=0; dir=0; type=0; pingpong=0; private_global=0; IO mode=ap_none:ce=0
Port [ tmp_4]:  wired=1; compound=0; hidden=0; nouse=0; global=0; static=0; extern=0; dir=0; type=0; pingpong=0; private_global=0; IO mode=ap_none:ce=0
Port [ tmp_1]:  wired=1; compound=0; hidden=0; nouse=0; global=0; static=0; extern=0; dir=0; type=0; pingpong=0; private_global=0; IO mode=ap_none:ce=0
Port [ sobel_out]:  wired=1; compound=1; hidden=0; nouse=0; global=0; static=0; extern=0; dir=1; type=3; pingpong=0; private_global=0; IO mode=ap_fifo:ce=0
Port [ lineBuffer]:  wired=1; compound=1; hidden=0; nouse=0; global=0; static=0; extern=0; dir=0; type=1; pingpong=0; private_global=0; MemPort=[13]; IO mode=ap_memory:ce=0
Port [ lineBuffer_1]:  wired=1; compound=1; hidden=0; nouse=0; global=0; static=0; extern=0; dir=0; type=1; pingpong=0; private_global=0; MemPort=[13]; IO mode=ap_memory:ce=0
Port [ lineBuffer_2]:  wired=1; compound=1; hidden=0; nouse=0; global=0; static=0; extern=0; dir=0; type=1; pingpong=0; private_global=0; MemPort=[13]; IO mode=ap_memory:ce=0
Port [ empty_30]:  wired=1; compound=0; hidden=0; nouse=0; global=0; static=0; extern=0; dir=0; type=0; pingpong=0; private_global=0; IO mode=ap_none:ce=0
Port [ empty]:  wired=1; compound=0; hidden=0; nouse=0; global=0; static=0; extern=0; dir=0; type=0; pingpong=0; private_global=0; IO mode=ap_none:ce=0
Port [ select_ln23]:  wired=1; compound=0; hidden=0; nouse=0; global=0; static=0; extern=0; dir=0; type=0; pingpong=0; private_global=0; IO mode=ap_none:ce=0
---------------- STG Properties END ------------------

---------------- Datapath Model BEGIN ----------------

<LifeTime>
<method=bitvector/>
column_1                (alloca           ) [ 01000]
pixel                   (alloca           ) [ 01100]
empty_52                (alloca           ) [ 01100]
empty_53                (alloca           ) [ 01100]
pixel_2                 (alloca           ) [ 01100]
empty_54                (alloca           ) [ 01100]
pixel_1                 (alloca           ) [ 01100]
empty_55                (alloca           ) [ 01100]
pixel_3                 (alloca           ) [ 01100]
empty_56                (alloca           ) [ 01100]
specinterface_ln0       (specinterface    ) [ 00000]
select_ln23_read        (read             ) [ 01100]
tmp_11                  (read             ) [ 01100]
tmp_12                  (read             ) [ 01100]
tmp_1_read              (read             ) [ 00000]
tmp_4_read              (read             ) [ 00000]
tmp_5_read              (read             ) [ 00000]
tmp_3_read              (read             ) [ 00000]
tmp_6_read              (read             ) [ 00000]
tmp_2_read              (read             ) [ 00000]
store_ln0               (store            ) [ 00000]
store_ln165             (store            ) [ 00000]
store_ln0               (store            ) [ 00000]
store_ln165             (store            ) [ 00000]
store_ln0               (store            ) [ 00000]
store_ln165             (store            ) [ 00000]
store_ln0               (store            ) [ 00000]
store_ln0               (store            ) [ 00000]
store_ln165             (store            ) [ 00000]
store_ln149             (store            ) [ 00000]
br_ln0                  (br               ) [ 00000]
column                  (load             ) [ 00000]
icmp_ln149              (icmp             ) [ 01110]
column_2                (add              ) [ 00000]
br_ln149                (br               ) [ 00000]
add_ln185               (add              ) [ 00000]
icmp_ln63               (icmp             ) [ 00000]
nextColumn              (select           ) [ 00000]
zext_ln192              (zext             ) [ 00000]
lineBuffer_addr         (getelementptr    ) [ 01100]
lineBuffer_1_addr       (getelementptr    ) [ 01100]
lineBuffer_2_addr       (getelementptr    ) [ 01100]
store_ln149             (store            ) [ 00000]
p_load38                (load             ) [ 00000]
pixel_4                 (load             ) [ 00000]
p_load37                (load             ) [ 00000]
pixel_5                 (load             ) [ 00000]
p_load                  (load             ) [ 00000]
pixel_load              (load             ) [ 00000]
p_load40                (load             ) [ 00000]
p_load39                (load             ) [ 00000]
pixel_2_load            (load             ) [ 00000]
zext_ln165_4            (zext             ) [ 00000]
zext_ln165              (zext             ) [ 00000]
zext_ln166              (zext             ) [ 00000]
zext_ln165_1            (zext             ) [ 00000]
p_cast8                 (zext             ) [ 00000]
zext_ln166_1            (zext             ) [ 00000]
zext_ln165_2            (zext             ) [ 00000]
tmp                     (sub              ) [ 00000]
tmp_8                   (bitconcatenate   ) [ 00000]
sext_ln152              (sext             ) [ 00000]
p_cast9                 (zext             ) [ 00000]
tmp3                    (sub              ) [ 00000]
tmp_10                  (bitconcatenate   ) [ 00000]
sext_ln153              (sext             ) [ 00000]
zext_ln165_3            (zext             ) [ 00000]
sub_ln168               (sub              ) [ 00000]
sext_ln168              (sext             ) [ 00000]
add_ln168               (add              ) [ 00000]
sext_ln168_1            (sext             ) [ 00000]
gradientX_2             (add              ) [ 00000]
gradientX               (sub              ) [ 01011]
sext_ln172              (sext             ) [ 00000]
trunc_ln172             (trunc            ) [ 00000]
add_ln172               (add              ) [ 00000]
zext_ln172              (zext             ) [ 00000]
sub_ln172               (sub              ) [ 00000]
gradientY_2             (sub              ) [ 00000]
sext_ln172_1            (sext             ) [ 00000]
add_ln172_1             (add              ) [ 01010]
gradientY               (add              ) [ 01011]
tmp_13                  (bitselect        ) [ 00000]
sub_ln28                (sub              ) [ 00000]
absoluteX               (select           ) [ 01010]
sub_ln28_1              (sub              ) [ 01010]
banked                  (load             ) [ 00000]
banked_1                (load             ) [ 00000]
banked_2                (load             ) [ 00000]
tmp_9                   (sparsemux        ) [ 00000]
tmp_s                   (sparsemux        ) [ 00000]
tmp_7                   (sparsemux        ) [ 00000]
store_ln0               (store            ) [ 00000]
store_ln165             (store            ) [ 00000]
store_ln165             (store            ) [ 00000]
store_ln165             (store            ) [ 00000]
store_ln165             (store            ) [ 00000]
store_ln165             (store            ) [ 00000]
store_ln199             (store            ) [ 00000]
store_ln0               (store            ) [ 00000]
store_ln165             (store            ) [ 00000]
sext_ln153_1            (sext             ) [ 00000]
zext_ln27               (zext             ) [ 00000]
zext_ln27_1             (zext             ) [ 00000]
tmp_14                  (bitselect        ) [ 00000]
absoluteY               (select           ) [ 00000]
zext_ln180              (zext             ) [ 00000]
zext_ln180_1            (zext             ) [ 00000]
zext_ln180_2            (zext             ) [ 00000]
result_magnitude        (add              ) [ 01001]
or_ln38                 (or               ) [ 00000]
icmp_ln38               (icmp             ) [ 01001]
mul_ln42                (mul              ) [ 00000]
zext_ln42               (zext             ) [ 00000]
zext_ln42_1             (zext             ) [ 00000]
mul_ln42_1              (mul              ) [ 00000]
zext_ln42_2             (zext             ) [ 00000]
icmp_ln42               (icmp             ) [ 01001]
mul_ln46                (mul              ) [ 00000]
zext_ln46               (zext             ) [ 00000]
icmp_ln46               (icmp             ) [ 01001]
specpipeline_ln150      (specpipeline     ) [ 00000]
speclooptripcount_ln149 (speclooptripcount) [ 00000]
specloopname_ln149      (specloopname     ) [ 00000]
zext_ln179              (zext             ) [ 00000]
or_ln51                 (or               ) [ 00000]
sext_ln52               (sext             ) [ 00000]
and_ln52                (and              ) [ 00000]
sext_ln42               (sext             ) [ 00000]
xor_ln42                (xor              ) [ 00000]
or_ln42                 (or               ) [ 00000]
xor_ln38                (xor              ) [ 00000]
and_ln42                (and              ) [ 00000]
xor_ln46                (xor              ) [ 00000]
and_ln46                (and              ) [ 00000]
tmp_15                  (bitselect        ) [ 00000]
tmp_16                  (bitselect        ) [ 00000]
xor_ln52                (xor              ) [ 00000]
and_ln52_1              (and              ) [ 00000]
and_ln52_2              (and              ) [ 00000]
and_ln52_3              (and              ) [ 00000]
sel_tmp                 (bitconcatenate   ) [ 00000]
result_direction        (sparsemux        ) [ 00000]
zext_ln182_cast         (bitconcatenate   ) [ 00000]
zext_ln182              (zext             ) [ 00000]
write_ln182             (write            ) [ 00000]
br_ln149                (br               ) [ 00000]
ret_ln0                 (ret              ) [ 00000]
</LifeTime>

<model>

<comp_list>
<comp id="0" class="1000" name="tmp_2">
<pin_list>
<pin id="1" dir="1" index="0" bw="1" slack="0"/>
</pin_list>
<bind>
<StgValue><ssdm name="tmp_2"/></StgValue>
</bind>
</comp>

<comp id="2" class="1000" name="tmp_6">
<pin_list>
<pin id="3" dir="1" index="0" bw="1" slack="0"/>
</pin_list>
<bind>
<StgValue><ssdm name="tmp_6"/></StgValue>
</bind>
</comp>

<comp id="4" class="1000" name="tmp_3">
<pin_list>
<pin id="5" dir="1" index="0" bw="1" slack="0"/>
</pin_list>
<bind>
<StgValue><ssdm name="tmp_3"/></StgValue>
</bind>
</comp>

<comp id="6" class="1000" name="tmp_5">
<pin_list>
<pin id="7" dir="1" index="0" bw="1" slack="0"/>
</pin_list>
<bind>
<StgValue><ssdm name="tmp_5"/></StgValue>
</bind>
</comp>

<comp id="8" class="1000" name="tmp_4">
<pin_list>
<pin id="9" dir="1" index="0" bw="1" slack="0"/>
</pin_list>
<bind>
<StgValue><ssdm name="tmp_4"/></StgValue>
</bind>
</comp>

<comp id="10" class="1000" name="tmp_1">
<pin_list>
<pin id="11" dir="1" index="0" bw="1" slack="0"/>
</pin_list>
<bind>
<StgValue><ssdm name="tmp_1"/></StgValue>
</bind>
</comp>

<comp id="12" class="1000" name="sobel_out">
<pin_list>
<pin id="13" dir="1" index="0" bw="1" slack="0"/>
</pin_list>
<bind>
<StgValue><ssdm name="sobel_out"/></StgValue>
</bind>
</comp>

<comp id="14" class="1000" name="lineBuffer">
<pin_list>
<pin id="15" dir="1" index="0" bw="1" slack="0"/>
</pin_list>
<bind>
<StgValue><ssdm name="lineBuffer"/><MemPortTyVec>1 3 </MemPortTyVec>
</StgValue>
</bind>
</comp>

<comp id="16" class="1000" name="lineBuffer_1">
<pin_list>
<pin id="17" dir="1" index="0" bw="1" slack="0"/>
</pin_list>
<bind>
<StgValue><ssdm name="lineBuffer_1"/><MemPortTyVec>1 3 </MemPortTyVec>
</StgValue>
</bind>
</comp>

<comp id="18" class="1000" name="lineBuffer_2">
<pin_list>
<pin id="19" dir="1" index="0" bw="1" slack="0"/>
</pin_list>
<bind>
<StgValue><ssdm name="lineBuffer_2"/><MemPortTyVec>1 3 </MemPortTyVec>
</StgValue>
</bind>
</comp>

<comp id="20" class="1000" name="empty_30">
<pin_list>
<pin id="21" dir="1" index="0" bw="1" slack="0"/>
</pin_list>
<bind>
<StgValue><ssdm name="empty_30"/></StgValue>
</bind>
</comp>

<comp id="22" class="1000" name="empty">
<pin_list>
<pin id="23" dir="1" index="0" bw="1" slack="0"/>
</pin_list>
<bind>
<StgValue><ssdm name="empty"/></StgValue>
</bind>
</comp>

<comp id="24" class="1000" name="select_ln23">
<pin_list>
<pin id="25" dir="1" index="0" bw="1" slack="0"/>
</pin_list>
<bind>
<StgValue><ssdm name="select_ln23"/></StgValue>
</bind>
</comp>

<comp id="26" class="1001" name="const_26">
<pin_list>
<pin id="27" dir="1" index="0" bw="1" slack="0"/>
</pin_list>
<bind>
<StgValue><ssdm name=""/></StgValue>
</bind>
</comp>

<comp id="28" class="1001" name="const_28">
<pin_list>
<pin id="29" dir="1" index="0" bw="1" slack="2147483647"/>
</pin_list>
<bind>
<StgValue><ssdm name="_ssdm_op_SpecInterface"/></StgValue>
</bind>
</comp>

<comp id="30" class="1001" name="const_30">
<pin_list>
<pin id="31" dir="1" index="0" bw="1" slack="2147483647"/>
</pin_list>
<bind>
<StgValue><ssdm name="empty_10"/></StgValue>
</bind>
</comp>

<comp id="32" class="1001" name="const_32">
<pin_list>
<pin id="33" dir="1" index="0" bw="1" slack="2147483647"/>
</pin_list>
<bind>
<StgValue><ssdm name=""/></StgValue>
</bind>
</comp>

<comp id="34" class="1001" name="const_34">
<pin_list>
<pin id="35" dir="1" index="0" bw="1" slack="2147483647"/>
</pin_list>
<bind>
<StgValue><ssdm name="empty_4"/></StgValue>
</bind>
</comp>

<comp id="36" class="1001" name="const_36">
<pin_list>
<pin id="37" dir="1" index="0" bw="1" slack="2147483647"/>
</pin_list>
<bind>
<StgValue><ssdm name=""/></StgValue>
</bind>
</comp>

<comp id="38" class="1001" name="const_38">
<pin_list>
<pin id="39" dir="1" index="0" bw="1" slack="0"/>
</pin_list>
<bind>
<StgValue><ssdm name="_ssdm_op_Read.ap_auto.i2"/></StgValue>
</bind>
</comp>

<comp id="40" class="1001" name="const_40">
<pin_list>
<pin id="41" dir="1" index="0" bw="1" slack="0"/>
</pin_list>
<bind>
<StgValue><ssdm name="_ssdm_op_Read.ap_auto.i8"/></StgValue>
</bind>
</comp>

<comp id="42" class="1001" name="const_42">
<pin_list>
<pin id="43" dir="1" index="0" bw="1" slack="0"/>
</pin_list>
<bind>
<StgValue><ssdm name=""/></StgValue>
</bind>
</comp>

<comp id="44" class="1001" name="const_44">
<pin_list>
<pin id="45" dir="1" index="0" bw="1" slack="0"/>
</pin_list>
<bind>
<StgValue><ssdm name=""/></StgValue>
</bind>
</comp>

<comp id="46" class="1001" name="const_46">
<pin_list>
<pin id="47" dir="1" index="0" bw="1" slack="0"/>
</pin_list>
<bind>
<StgValue><ssdm name=""/></StgValue>
</bind>
</comp>

<comp id="48" class="1001" name="const_48">
<pin_list>
<pin id="49" dir="1" index="0" bw="1" slack="0"/>
</pin_list>
<bind>
<StgValue><ssdm name=""/></StgValue>
</bind>
</comp>

<comp id="50" class="1001" name="const_50">
<pin_list>
<pin id="51" dir="1" index="0" bw="1" slack="0"/>
</pin_list>
<bind>
<StgValue><ssdm name=""/></StgValue>
</bind>
</comp>

<comp id="52" class="1001" name="const_52">
<pin_list>
<pin id="53" dir="1" index="0" bw="1" slack="0"/>
</pin_list>
<bind>
<StgValue><ssdm name=""/></StgValue>
</bind>
</comp>

<comp id="54" class="1001" name="const_54">
<pin_list>
<pin id="55" dir="1" index="0" bw="1" slack="0"/>
</pin_list>
<bind>
<StgValue><ssdm name="_ssdm_op_BitConcatenate.i10.i9.i1"/></StgValue>
</bind>
</comp>

<comp id="56" class="1001" name="const_56">
<pin_list>
<pin id="57" dir="1" index="0" bw="1" slack="0"/>
</pin_list>
<bind>
<StgValue><ssdm name=""/></StgValue>
</bind>
</comp>

<comp id="58" class="1001" name="const_58">
<pin_list>
<pin id="59" dir="1" index="0" bw="1" slack="0"/>
</pin_list>
<bind>
<StgValue><ssdm name="_ssdm_op_BitSelect.i1.i32.i32"/></StgValue>
</bind>
</comp>

<comp id="60" class="1001" name="const_60">
<pin_list>
<pin id="61" dir="1" index="0" bw="1" slack="0"/>
</pin_list>
<bind>
<StgValue><ssdm name=""/></StgValue>
</bind>
</comp>

<comp id="62" class="1001" name="const_62">
<pin_list>
<pin id="63" dir="1" index="0" bw="1" slack="0"/>
</pin_list>
<bind>
<StgValue><ssdm name="_ssdm_op_SparseMux.ap_auto.3i8.i8.i2"/></StgValue>
</bind>
</comp>

<comp id="64" class="1001" name="const_64">
<pin_list>
<pin id="65" dir="1" index="0" bw="1" slack="0"/>
</pin_list>
<bind>
<StgValue><ssdm name=""/></StgValue>
</bind>
</comp>

<comp id="66" class="1001" name="const_66">
<pin_list>
<pin id="67" dir="1" index="0" bw="1" slack="0"/>
</pin_list>
<bind>
<StgValue><ssdm name=""/></StgValue>
</bind>
</comp>

<comp id="68" class="1001" name="const_68">
<pin_list>
<pin id="69" dir="1" index="0" bw="1" slack="0"/>
</pin_list>
<bind>
<StgValue><ssdm name=""/></StgValue>
</bind>
</comp>

<comp id="70" class="1001" name="const_70">
<pin_list>
<pin id="71" dir="1" index="0" bw="1" slack="0"/>
</pin_list>
<bind>
<StgValue><ssdm name=""/></StgValue>
</bind>
</comp>

<comp id="72" class="1001" name="const_72">
<pin_list>
<pin id="73" dir="1" index="0" bw="1" slack="0"/>
</pin_list>
<bind>
<StgValue><ssdm name=""/></StgValue>
</bind>
</comp>

<comp id="74" class="1001" name="const_74">
<pin_list>
<pin id="75" dir="1" index="0" bw="1" slack="0"/>
</pin_list>
<bind>
<StgValue><ssdm name=""/></StgValue>
</bind>
</comp>

<comp id="76" class="1001" name="const_76">
<pin_list>
<pin id="77" dir="1" index="0" bw="1" slack="0"/>
</pin_list>
<bind>
<StgValue><ssdm name=""/></StgValue>
</bind>
</comp>

<comp id="78" class="1001" name="const_78">
<pin_list>
<pin id="79" dir="1" index="0" bw="1" slack="2147483647"/>
</pin_list>
<bind>
<StgValue><ssdm name="_ssdm_op_SpecPipeline"/></StgValue>
</bind>
</comp>

<comp id="80" class="1001" name="const_80">
<pin_list>
<pin id="81" dir="1" index="0" bw="1" slack="2147483647"/>
</pin_list>
<bind>
<StgValue><ssdm name="_ssdm_op_SpecLoopTripCount"/></StgValue>
</bind>
</comp>

<comp id="82" class="1001" name="const_82">
<pin_list>
<pin id="83" dir="1" index="0" bw="1" slack="2147483647"/>
</pin_list>
<bind>
<StgValue><ssdm name=""/></StgValue>
</bind>
</comp>

<comp id="84" class="1001" name="const_84">
<pin_list>
<pin id="85" dir="1" index="0" bw="1" slack="2147483647"/>
</pin_list>
<bind>
<StgValue><ssdm name="_ssdm_op_SpecLoopName"/></StgValue>
</bind>
</comp>

<comp id="86" class="1001" name="const_86">
<pin_list>
<pin id="87" dir="1" index="0" bw="1" slack="2147483647"/>
</pin_list>
<bind>
<StgValue><ssdm name="empty_13"/></StgValue>
</bind>
</comp>

<comp id="88" class="1001" name="const_88">
<pin_list>
<pin id="89" dir="1" index="0" bw="1" slack="0"/>
</pin_list>
<bind>
<StgValue><ssdm name=""/></StgValue>
</bind>
</comp>

<comp id="90" class="1001" name="const_90">
<pin_list>
<pin id="91" dir="1" index="0" bw="1" slack="0"/>
</pin_list>
<bind>
<StgValue><ssdm name="_ssdm_op_BitConcatenate.i3.i1.i1.i1"/></StgValue>
</bind>
</comp>

<comp id="92" class="1001" name="const_92">
<pin_list>
<pin id="93" dir="1" index="0" bw="1" slack="0"/>
</pin_list>
<bind>
<StgValue><ssdm name="_ssdm_op_SparseMux.ap_auto.4i2.i2.i3"/></StgValue>
</bind>
</comp>

<comp id="94" class="1001" name="const_94">
<pin_list>
<pin id="95" dir="1" index="0" bw="1" slack="0"/>
</pin_list>
<bind>
<StgValue><ssdm name=""/></StgValue>
</bind>
</comp>

<comp id="96" class="1001" name="const_96">
<pin_list>
<pin id="97" dir="1" index="0" bw="1" slack="0"/>
</pin_list>
<bind>
<StgValue><ssdm name=""/></StgValue>
</bind>
</comp>

<comp id="98" class="1001" name="const_98">
<pin_list>
<pin id="99" dir="1" index="0" bw="1" slack="0"/>
</pin_list>
<bind>
<StgValue><ssdm name=""/></StgValue>
</bind>
</comp>

<comp id="100" class="1001" name="const_100">
<pin_list>
<pin id="101" dir="1" index="0" bw="1" slack="0"/>
</pin_list>
<bind>
<StgValue><ssdm name=""/></StgValue>
</bind>
</comp>

<comp id="102" class="1001" name="const_102">
<pin_list>
<pin id="103" dir="1" index="0" bw="1" slack="0"/>
</pin_list>
<bind>
<StgValue><ssdm name=""/></StgValue>
</bind>
</comp>

<comp id="104" class="1001" name="const_104">
<pin_list>
<pin id="105" dir="1" index="0" bw="1" slack="0"/>
</pin_list>
<bind>
<StgValue><ssdm name=""/></StgValue>
</bind>
</comp>

<comp id="106" class="1001" name="const_106">
<pin_list>
<pin id="107" dir="1" index="0" bw="1" slack="0"/>
</pin_list>
<bind>
<StgValue><ssdm name="_ssdm_op_BitConcatenate.i18.i2.i16"/></StgValue>
</bind>
</comp>

<comp id="108" class="1001" name="const_108">
<pin_list>
<pin id="109" dir="1" index="0" bw="1" slack="0"/>
</pin_list>
<bind>
<StgValue><ssdm name="_ssdm_op_Write.ap_fifo.volatile.i24P0A"/></StgValue>
</bind>
</comp>

<comp id="110" class="1004" name="column_1_fu_110">
<pin_list>
<pin id="111" dir="0" index="0" bw="1" slack="0"/>
<pin id="112" dir="1" index="1" bw="10" slack="0"/>
</pin_list>
<bind>
<opcode="alloca(26) " fcode="alloca"/>
<opset="column_1/1 "/>
</bind>
</comp>

<comp id="114" class="1004" name="pixel_fu_114">
<pin_list>
<pin id="115" dir="0" index="0" bw="1" slack="0"/>
<pin id="116" dir="1" index="1" bw="8" slack="0"/>
</pin_list>
<bind>
<opcode="alloca(26) " fcode="alloca"/>
<opset="pixel/1 "/>
</bind>
</comp>

<comp id="118" class="1004" name="empty_52_fu_118">
<pin_list>
<pin id="119" dir="0" index="0" bw="1" slack="0"/>
<pin id="120" dir="1" index="1" bw="8" slack="0"/>
</pin_list>
<bind>
<opcode="alloca(26) " fcode="alloca"/>
<opset="empty_52/1 "/>
</bind>
</comp>

<comp id="122" class="1004" name="empty_53_fu_122">
<pin_list>
<pin id="123" dir="0" index="0" bw="1" slack="0"/>
<pin id="124" dir="1" index="1" bw="8" slack="0"/>
</pin_list>
<bind>
<opcode="alloca(26) " fcode="alloca"/>
<opset="empty_53/1 "/>
</bind>
</comp>

<comp id="126" class="1004" name="pixel_2_fu_126">
<pin_list>
<pin id="127" dir="0" index="0" bw="1" slack="0"/>
<pin id="128" dir="1" index="1" bw="8" slack="0"/>
</pin_list>
<bind>
<opcode="alloca(26) " fcode="alloca"/>
<opset="pixel_2/1 "/>
</bind>
</comp>

<comp id="130" class="1004" name="empty_54_fu_130">
<pin_list>
<pin id="131" dir="0" index="0" bw="1" slack="0"/>
<pin id="132" dir="1" index="1" bw="8" slack="0"/>
</pin_list>
<bind>
<opcode="alloca(26) " fcode="alloca"/>
<opset="empty_54/1 "/>
</bind>
</comp>

<comp id="134" class="1004" name="pixel_1_fu_134">
<pin_list>
<pin id="135" dir="0" index="0" bw="1" slack="0"/>
<pin id="136" dir="1" index="1" bw="8" slack="0"/>
</pin_list>
<bind>
<opcode="alloca(26) " fcode="alloca"/>
<opset="pixel_1/1 "/>
</bind>
</comp>

<comp id="138" class="1004" name="empty_55_fu_138">
<pin_list>
<pin id="139" dir="0" index="0" bw="1" slack="0"/>
<pin id="140" dir="1" index="1" bw="8" slack="0"/>
</pin_list>
<bind>
<opcode="alloca(26) " fcode="alloca"/>
<opset="empty_55/1 "/>
</bind>
</comp>

<comp id="142" class="1004" name="pixel_3_fu_142">
<pin_list>
<pin id="143" dir="0" index="0" bw="1" slack="0"/>
<pin id="144" dir="1" index="1" bw="8" slack="0"/>
</pin_list>
<bind>
<opcode="alloca(26) " fcode="alloca"/>
<opset="pixel_3/1 "/>
</bind>
</comp>

<comp id="146" class="1004" name="empty_56_fu_146">
<pin_list>
<pin id="147" dir="0" index="0" bw="1" slack="0"/>
<pin id="148" dir="1" index="1" bw="8" slack="0"/>
</pin_list>
<bind>
<opcode="alloca(26) " fcode="alloca"/>
<opset="empty_56/1 "/>
</bind>
</comp>

<comp id="150" class="1004" name="select_ln23_read_read_fu_150">
<pin_list>
<pin id="151" dir="0" index="0" bw="2" slack="0"/>
<pin id="152" dir="0" index="1" bw="2" slack="0"/>
<pin id="153" dir="1" index="2" bw="2" slack="1"/>
</pin_list>
<bind>
<opcode="read(1150) " fcode="read"/>
<opset="select_ln23_read/1 "/>
</bind>
</comp>

<comp id="156" class="1004" name="tmp_11_read_fu_156">
<pin_list>
<pin id="157" dir="0" index="0" bw="2" slack="0"/>
<pin id="158" dir="0" index="1" bw="2" slack="0"/>
<pin id="159" dir="1" index="2" bw="2" slack="1"/>
</pin_list>
<bind>
<opcode="read(1150) " fcode="read"/>
<opset="tmp_11/1 "/>
</bind>
</comp>

<comp id="162" class="1004" name="tmp_12_read_fu_162">
<pin_list>
<pin id="163" dir="0" index="0" bw="2" slack="0"/>
<pin id="164" dir="0" index="1" bw="2" slack="0"/>
<pin id="165" dir="1" index="2" bw="2" slack="1"/>
</pin_list>
<bind>
<opcode="read(1150) " fcode="read"/>
<opset="tmp_12/1 "/>
</bind>
</comp>

<comp id="168" class="1004" name="tmp_1_read_read_fu_168">
<pin_list>
<pin id="169" dir="0" index="0" bw="8" slack="0"/>
<pin id="170" dir="0" index="1" bw="8" slack="0"/>
<pin id="171" dir="1" index="2" bw="8" slack="0"/>
</pin_list>
<bind>
<opcode="read(1150) " fcode="read"/>
<opset="tmp_1_read/1 "/>
</bind>
</comp>

<comp id="174" class="1004" name="tmp_4_read_read_fu_174">
<pin_list>
<pin id="175" dir="0" index="0" bw="8" slack="0"/>
<pin id="176" dir="0" index="1" bw="8" slack="0"/>
<pin id="177" dir="1" index="2" bw="8" slack="0"/>
</pin_list>
<bind>
<opcode="read(1150) " fcode="read"/>
<opset="tmp_4_read/1 "/>
</bind>
</comp>

<comp id="180" class="1004" name="tmp_5_read_read_fu_180">
<pin_list>
<pin id="181" dir="0" index="0" bw="8" slack="0"/>
<pin id="182" dir="0" index="1" bw="8" slack="0"/>
<pin id="183" dir="1" index="2" bw="8" slack="0"/>
</pin_list>
<bind>
<opcode="read(1150) " fcode="read"/>
<opset="tmp_5_read/1 "/>
</bind>
</comp>

<comp id="186" class="1004" name="tmp_3_read_read_fu_186">
<pin_list>
<pin id="187" dir="0" index="0" bw="8" slack="0"/>
<pin id="188" dir="0" index="1" bw="8" slack="0"/>
<pin id="189" dir="1" index="2" bw="8" slack="0"/>
</pin_list>
<bind>
<opcode="read(1150) " fcode="read"/>
<opset="tmp_3_read/1 "/>
</bind>
</comp>

<comp id="192" class="1004" name="tmp_6_read_read_fu_192">
<pin_list>
<pin id="193" dir="0" index="0" bw="8" slack="0"/>
<pin id="194" dir="0" index="1" bw="8" slack="0"/>
<pin id="195" dir="1" index="2" bw="8" slack="0"/>
</pin_list>
<bind>
<opcode="read(1150) " fcode="read"/>
<opset="tmp_6_read/1 "/>
</bind>
</comp>

<comp id="198" class="1004" name="tmp_2_read_read_fu_198">
<pin_list>
<pin id="199" dir="0" index="0" bw="8" slack="0"/>
<pin id="200" dir="0" index="1" bw="8" slack="0"/>
<pin id="201" dir="1" index="2" bw="8" slack="0"/>
</pin_list>
<bind>
<opcode="read(1150) " fcode="read"/>
<opset="tmp_2_read/1 "/>
</bind>
</comp>

<comp id="204" class="1004" name="write_ln182_write_fu_204">
<pin_list>
<pin id="205" dir="0" index="0" bw="0" slack="0"/>
<pin id="206" dir="0" index="1" bw="24" slack="0"/>
<pin id="207" dir="0" index="2" bw="18" slack="0"/>
<pin id="208" dir="1" index="3" bw="0" slack="2147483647"/>
</pin_list>
<bind>
<opcode="write(1151) " fcode="write"/>
<opset="write_ln182/4 "/>
</bind>
</comp>

<comp id="211" class="1004" name="lineBuffer_addr_gep_fu_211">
<pin_list>
<pin id="212" dir="0" index="0" bw="8" slack="0"/>
<pin id="213" dir="0" index="1" bw="1" slack="0"/>
<pin id="214" dir="0" index="2" bw="10" slack="0"/>
<pin id="215" dir="1" index="3" bw="10" slack="0"/>
</pin_list>
<bind>
<opcode="getelementptr(29) " fcode="getelementptr"/>
<opset="lineBuffer_addr/1 "/>
</bind>
</comp>

<comp id="218" class="1004" name="grp_access_fu_218">
<pin_list>
<pin id="219" dir="0" index="0" bw="10" slack="0"/>
<pin id="220" dir="0" index="1" bw="8" slack="2147483647"/>
<pin id="221" dir="0" index="2" bw="0" slack="2147483647"/>
<pin id="222" dir="1" index="3" bw="8" slack="0"/>
</pin_list>
<bind>
<opcode="load(27) " fcode="load"/>
<opset="banked/1 "/>
</bind>
</comp>

<comp id="224" class="1004" name="lineBuffer_1_addr_gep_fu_224">
<pin_list>
<pin id="225" dir="0" index="0" bw="8" slack="0"/>
<pin id="226" dir="0" index="1" bw="1" slack="0"/>
<pin id="227" dir="0" index="2" bw="10" slack="0"/>
<pin id="228" dir="1" index="3" bw="10" slack="0"/>
</pin_list>
<bind>
<opcode="getelementptr(29) " fcode="getelementptr"/>
<opset="lineBuffer_1_addr/1 "/>
</bind>
</comp>

<comp id="231" class="1004" name="lineBuffer_2_addr_gep_fu_231">
<pin_list>
<pin id="232" dir="0" index="0" bw="8" slack="0"/>
<pin id="233" dir="0" index="1" bw="1" slack="0"/>
<pin id="234" dir="0" index="2" bw="10" slack="0"/>
<pin id="235" dir="1" index="3" bw="10" slack="0"/>
</pin_list>
<bind>
<opcode="getelementptr(29) " fcode="getelementptr"/>
<opset="lineBuffer_2_addr/1 "/>
</bind>
</comp>

<comp id="238" class="1004" name="grp_access_fu_238">
<pin_list>
<pin id="239" dir="0" index="0" bw="10" slack="0"/>
<pin id="240" dir="0" index="1" bw="8" slack="2147483647"/>
<pin id="241" dir="0" index="2" bw="0" slack="2147483647"/>
<pin id="242" dir="1" index="3" bw="8" slack="0"/>
</pin_list>
<bind>
<opcode="load(27) " fcode="load"/>
<opset="banked_1/1 "/>
</bind>
</comp>

<comp id="244" class="1004" name="grp_access_fu_244">
<pin_list>
<pin id="245" dir="0" index="0" bw="10" slack="0"/>
<pin id="246" dir="0" index="1" bw="8" slack="2147483647"/>
<pin id="247" dir="0" index="2" bw="0" slack="2147483647"/>
<pin id="248" dir="1" index="3" bw="8" slack="0"/>
</pin_list>
<bind>
<opcode="load(27) " fcode="load"/>
<opset="banked_2/1 "/>
</bind>
</comp>

<comp id="250" class="1004" name="store_ln0_store_fu_250">
<pin_list>
<pin id="251" dir="0" index="0" bw="8" slack="0"/>
<pin id="252" dir="0" index="1" bw="8" slack="0"/>
<pin id="253" dir="1" index="2" bw="0" slack="2147483647"/>
</pin_list>
<bind>
<opcode="store(28) " fcode="store"/>
<opset="store_ln0/1 "/>
</bind>
</comp>

<comp id="255" class="1004" name="store_ln165_store_fu_255">
<pin_list>
<pin id="256" dir="0" index="0" bw="8" slack="0"/>
<pin id="257" dir="0" index="1" bw="8" slack="0"/>
<pin id="258" dir="1" index="2" bw="0" slack="2147483647"/>
</pin_list>
<bind>
<opcode="store(28) " fcode="store"/>
<opset="store_ln165/1 "/>
</bind>
</comp>

<comp id="260" class="1004" name="store_ln0_store_fu_260">
<pin_list>
<pin id="261" dir="0" index="0" bw="8" slack="0"/>
<pin id="262" dir="0" index="1" bw="8" slack="0"/>
<pin id="263" dir="1" index="2" bw="0" slack="2147483647"/>
</pin_list>
<bind>
<opcode="store(28) " fcode="store"/>
<opset="store_ln0/1 "/>
</bind>
</comp>

<comp id="265" class="1004" name="store_ln165_store_fu_265">
<pin_list>
<pin id="266" dir="0" index="0" bw="8" slack="0"/>
<pin id="267" dir="0" index="1" bw="8" slack="0"/>
<pin id="268" dir="1" index="2" bw="0" slack="2147483647"/>
</pin_list>
<bind>
<opcode="store(28) " fcode="store"/>
<opset="store_ln165/1 "/>
</bind>
</comp>

<comp id="270" class="1004" name="store_ln0_store_fu_270">
<pin_list>
<pin id="271" dir="0" index="0" bw="8" slack="0"/>
<pin id="272" dir="0" index="1" bw="8" slack="0"/>
<pin id="273" dir="1" index="2" bw="0" slack="2147483647"/>
</pin_list>
<bind>
<opcode="store(28) " fcode="store"/>
<opset="store_ln0/1 "/>
</bind>
</comp>

<comp id="275" class="1004" name="store_ln165_store_fu_275">
<pin_list>
<pin id="276" dir="0" index="0" bw="8" slack="0"/>
<pin id="277" dir="0" index="1" bw="8" slack="0"/>
<pin id="278" dir="1" index="2" bw="0" slack="2147483647"/>
</pin_list>
<bind>
<opcode="store(28) " fcode="store"/>
<opset="store_ln165/1 "/>
</bind>
</comp>

<comp id="280" class="1004" name="store_ln0_store_fu_280">
<pin_list>
<pin id="281" dir="0" index="0" bw="8" slack="0"/>
<pin id="282" dir="0" index="1" bw="8" slack="0"/>
<pin id="283" dir="1" index="2" bw="0" slack="2147483647"/>
</pin_list>
<bind>
<opcode="store(28) " fcode="store"/>
<opset="store_ln0/1 "/>
</bind>
</comp>

<comp id="285" class="1004" name="store_ln0_store_fu_285">
<pin_list>
<pin id="286" dir="0" index="0" bw="8" slack="0"/>
<pin id="287" dir="0" index="1" bw="8" slack="0"/>
<pin id="288" dir="1" index="2" bw="0" slack="2147483647"/>
</pin_list>
<bind>
<opcode="store(28) " fcode="store"/>
<opset="store_ln0/1 "/>
</bind>
</comp>

<comp id="290" class="1004" name="store_ln165_store_fu_290">
<pin_list>
<pin id="291" dir="0" index="0" bw="8" slack="0"/>
<pin id="292" dir="0" index="1" bw="8" slack="0"/>
<pin id="293" dir="1" index="2" bw="0" slack="2147483647"/>
</pin_list>
<bind>
<opcode="store(28) " fcode="store"/>
<opset="store_ln165/1 "/>
</bind>
</comp>

<comp id="295" class="1004" name="store_ln149_store_fu_295">
<pin_list>
<pin id="296" dir="0" index="0" bw="1" slack="0"/>
<pin id="297" dir="0" index="1" bw="10" slack="0"/>
<pin id="298" dir="1" index="2" bw="0" slack="2147483647"/>
</pin_list>
<bind>
<opcode="store(28) " fcode="store"/>
<opset="store_ln149/1 "/>
</bind>
</comp>

<comp id="300" class="1004" name="column_load_fu_300">
<pin_list>
<pin id="301" dir="0" index="0" bw="10" slack="0"/>
<pin id="302" dir="1" index="1" bw="10" slack="0"/>
</pin_list>
<bind>
<opcode="load(27) " fcode="load"/>
<opset="column/1 "/>
</bind>
</comp>

<comp id="303" class="1004" name="icmp_ln149_fu_303">
<pin_list>
<pin id="304" dir="0" index="0" bw="10" slack="0"/>
<pin id="305" dir="0" index="1" bw="10" slack="0"/>
<pin id="306" dir="1" index="2" bw="1" slack="1"/>
</pin_list>
<bind>
<opcode="icmp(45) " fcode="icmp"/>
<opset="icmp_ln149/1 "/>
</bind>
</comp>

<comp id="309" class="1004" name="column_2_fu_309">
<pin_list>
<pin id="310" dir="0" index="0" bw="10" slack="0"/>
<pin id="311" dir="0" index="1" bw="1" slack="0"/>
<pin id="312" dir="1" index="2" bw="10" slack="0"/>
</pin_list>
<bind>
<opcode="add(8) " fcode="add"/>
<opset="column_2/1 "/>
</bind>
</comp>

<comp id="315" class="1004" name="add_ln185_fu_315">
<pin_list>
<pin id="316" dir="0" index="0" bw="10" slack="0"/>
<pin id="317" dir="0" index="1" bw="3" slack="0"/>
<pin id="318" dir="1" index="2" bw="10" slack="0"/>
</pin_list>
<bind>
<opcode="add(8) " fcode="add"/>
<opset="add_ln185/1 "/>
</bind>
</comp>

<comp id="321" class="1004" name="icmp_ln63_fu_321">
<pin_list>
<pin id="322" dir="0" index="0" bw="10" slack="0"/>
<pin id="323" dir="0" index="1" bw="10" slack="0"/>
<pin id="324" dir="1" index="2" bw="1" slack="0"/>
</pin_list>
<bind>
<opcode="icmp(45) " fcode="icmp"/>
<opset="icmp_ln63/1 "/>
</bind>
</comp>

<comp id="327" class="1004" name="nextColumn_fu_327">
<pin_list>
<pin id="328" dir="0" index="0" bw="1" slack="0"/>
<pin id="329" dir="0" index="1" bw="10" slack="0"/>
<pin id="330" dir="0" index="2" bw="10" slack="0"/>
<pin id="331" dir="1" index="3" bw="10" slack="0"/>
</pin_list>
<bind>
<opcode="select(49) " fcode="select"/>
<opset="nextColumn/1 "/>
</bind>
</comp>

<comp id="335" class="1004" name="zext_ln192_fu_335">
<pin_list>
<pin id="336" dir="0" index="0" bw="10" slack="0"/>
<pin id="337" dir="1" index="1" bw="64" slack="0"/>
</pin_list>
<bind>
<opcode="zext(34) " fcode="zext"/>
<opset="zext_ln192/1 "/>
</bind>
</comp>

<comp id="342" class="1004" name="store_ln149_store_fu_342">
<pin_list>
<pin id="343" dir="0" index="0" bw="10" slack="0"/>
<pin id="344" dir="0" index="1" bw="10" slack="0"/>
<pin id="345" dir="1" index="2" bw="0" slack="2147483647"/>
</pin_list>
<bind>
<opcode="store(28) " fcode="store"/>
<opset="store_ln149/1 "/>
</bind>
</comp>

<comp id="347" class="1004" name="p_load38_load_fu_347">
<pin_list>
<pin id="348" dir="0" index="0" bw="8" slack="1"/>
<pin id="349" dir="1" index="1" bw="8" slack="0"/>
</pin_list>
<bind>
<opcode="load(27) " fcode="load"/>
<opset="p_load38/2 "/>
</bind>
</comp>

<comp id="350" class="1004" name="pixel_4_load_fu_350">
<pin_list>
<pin id="351" dir="0" index="0" bw="8" slack="1"/>
<pin id="352" dir="1" index="1" bw="8" slack="0"/>
</pin_list>
<bind>
<opcode="load(27) " fcode="load"/>
<opset="pixel_4/2 "/>
</bind>
</comp>

<comp id="353" class="1004" name="p_load37_load_fu_353">
<pin_list>
<pin id="354" dir="0" index="0" bw="8" slack="1"/>
<pin id="355" dir="1" index="1" bw="8" slack="0"/>
</pin_list>
<bind>
<opcode="load(27) " fcode="load"/>
<opset="p_load37/2 "/>
</bind>
</comp>

<comp id="356" class="1004" name="pixel_5_load_fu_356">
<pin_list>
<pin id="357" dir="0" index="0" bw="8" slack="1"/>
<pin id="358" dir="1" index="1" bw="8" slack="0"/>
</pin_list>
<bind>
<opcode="load(27) " fcode="load"/>
<opset="pixel_5/2 "/>
</bind>
</comp>

<comp id="359" class="1004" name="p_load_load_fu_359">
<pin_list>
<pin id="360" dir="0" index="0" bw="8" slack="1"/>
<pin id="361" dir="1" index="1" bw="8" slack="0"/>
</pin_list>
<bind>
<opcode="load(27) " fcode="load"/>
<opset="p_load/2 "/>
</bind>
</comp>

<comp id="362" class="1004" name="pixel_load_load_fu_362">
<pin_list>
<pin id="363" dir="0" index="0" bw="8" slack="1"/>
<pin id="364" dir="1" index="1" bw="8" slack="0"/>
</pin_list>
<bind>
<opcode="load(27) " fcode="load"/>
<opset="pixel_load/2 "/>
</bind>
</comp>

<comp id="365" class="1004" name="p_load40_load_fu_365">
<pin_list>
<pin id="366" dir="0" index="0" bw="8" slack="1"/>
<pin id="367" dir="1" index="1" bw="8" slack="0"/>
</pin_list>
<bind>
<opcode="load(27) " fcode="load"/>
<opset="p_load40/2 "/>
</bind>
</comp>

<comp id="368" class="1004" name="p_load39_load_fu_368">
<pin_list>
<pin id="369" dir="0" index="0" bw="8" slack="1"/>
<pin id="370" dir="1" index="1" bw="8" slack="0"/>
</pin_list>
<bind>
<opcode="load(27) " fcode="load"/>
<opset="p_load39/2 "/>
</bind>
</comp>

<comp id="371" class="1004" name="pixel_2_load_load_fu_371">
<pin_list>
<pin id="372" dir="0" index="0" bw="8" slack="1"/>
<pin id="373" dir="1" index="1" bw="8" slack="0"/>
</pin_list>
<bind>
<opcode="load(27) " fcode="load"/>
<opset="pixel_2_load/2 "/>
</bind>
</comp>

<comp id="374" class="1004" name="zext_ln165_4_fu_374">
<pin_list>
<pin id="375" dir="0" index="0" bw="8" slack="0"/>
<pin id="376" dir="1" index="1" bw="11" slack="0"/>
</pin_list>
<bind>
<opcode="zext(34) " fcode="zext"/>
<opset="zext_ln165_4/2 "/>
</bind>
</comp>

<comp id="378" class="1004" name="zext_ln165_fu_378">
<pin_list>
<pin id="379" dir="0" index="0" bw="8" slack="0"/>
<pin id="380" dir="1" index="1" bw="10" slack="0"/>
</pin_list>
<bind>
<opcode="zext(34) " fcode="zext"/>
<opset="zext_ln165/2 "/>
</bind>
</comp>

<comp id="382" class="1004" name="zext_ln166_fu_382">
<pin_list>
<pin id="383" dir="0" index="0" bw="8" slack="0"/>
<pin id="384" dir="1" index="1" bw="9" slack="0"/>
</pin_list>
<bind>
<opcode="zext(34) " fcode="zext"/>
<opset="zext_ln166/2 "/>
</bind>
</comp>

<comp id="386" class="1004" name="zext_ln165_1_fu_386">
<pin_list>
<pin id="387" dir="0" index="0" bw="8" slack="0"/>
<pin id="388" dir="1" index="1" bw="10" slack="0"/>
</pin_list>
<bind>
<opcode="zext(34) " fcode="zext"/>
<opset="zext_ln165_1/2 "/>
</bind>
</comp>

<comp id="390" class="1004" name="p_cast8_fu_390">
<pin_list>
<pin id="391" dir="0" index="0" bw="8" slack="0"/>
<pin id="392" dir="1" index="1" bw="9" slack="0"/>
</pin_list>
<bind>
<opcode="zext(34) " fcode="zext"/>
<opset="p_cast8/2 "/>
</bind>
</comp>

<comp id="394" class="1004" name="zext_ln166_1_fu_394">
<pin_list>
<pin id="395" dir="0" index="0" bw="8" slack="0"/>
<pin id="396" dir="1" index="1" bw="9" slack="0"/>
</pin_list>
<bind>
<opcode="zext(34) " fcode="zext"/>
<opset="zext_ln166_1/2 "/>
</bind>
</comp>

<comp id="398" class="1004" name="zext_ln165_2_fu_398">
<pin_list>
<pin id="399" dir="0" index="0" bw="8" slack="0"/>
<pin id="400" dir="1" index="1" bw="9" slack="0"/>
</pin_list>
<bind>
<opcode="zext(34) " fcode="zext"/>
<opset="zext_ln165_2/2 "/>
</bind>
</comp>

<comp id="402" class="1004" name="tmp_fu_402">
<pin_list>
<pin id="403" dir="0" index="0" bw="8" slack="0"/>
<pin id="404" dir="0" index="1" bw="8" slack="0"/>
<pin id="405" dir="1" index="2" bw="9" slack="0"/>
</pin_list>
<bind>
<opcode="sub(10) " fcode="sub"/>
<opset="tmp/2 "/>
</bind>
</comp>

<comp id="408" class="1004" name="tmp_8_fu_408">
<pin_list>
<pin id="409" dir="0" index="0" bw="10" slack="0"/>
<pin id="410" dir="0" index="1" bw="9" slack="0"/>
<pin id="411" dir="0" index="2" bw="1" slack="0"/>
<pin id="412" dir="1" index="3" bw="10" slack="0"/>
</pin_list>
<bind>
<opcode="bitconcatenate(1004) " fcode="bitconcatenate"/>
<opset="tmp_8/2 "/>
</bind>
</comp>

<comp id="416" class="1004" name="sext_ln152_fu_416">
<pin_list>
<pin id="417" dir="0" index="0" bw="10" slack="0"/>
<pin id="418" dir="1" index="1" bw="11" slack="0"/>
</pin_list>
<bind>
<opcode="sext(35) " fcode="sext"/>
<opset="sext_ln152/2 "/>
</bind>
</comp>

<comp id="420" class="1004" name="p_cast9_fu_420">
<pin_list>
<pin id="421" dir="0" index="0" bw="8" slack="0"/>
<pin id="422" dir="1" index="1" bw="9" slack="0"/>
</pin_list>
<bind>
<opcode="zext(34) " fcode="zext"/>
<opset="p_cast9/2 "/>
</bind>
</comp>

<comp id="424" class="1004" name="tmp3_fu_424">
<pin_list>
<pin id="425" dir="0" index="0" bw="8" slack="0"/>
<pin id="426" dir="0" index="1" bw="8" slack="0"/>
<pin id="427" dir="1" index="2" bw="9" slack="0"/>
</pin_list>
<bind>
<opcode="sub(10) " fcode="sub"/>
<opset="tmp3/2 "/>
</bind>
</comp>

<comp id="430" class="1004" name="tmp_10_fu_430">
<pin_list>
<pin id="431" dir="0" index="0" bw="10" slack="0"/>
<pin id="432" dir="0" index="1" bw="9" slack="0"/>
<pin id="433" dir="0" index="2" bw="1" slack="0"/>
<pin id="434" dir="1" index="3" bw="10" slack="0"/>
</pin_list>
<bind>
<opcode="bitconcatenate(1004) " fcode="bitconcatenate"/>
<opset="tmp_10/2 "/>
</bind>
</comp>

<comp id="438" class="1004" name="sext_ln153_fu_438">
<pin_list>
<pin id="439" dir="0" index="0" bw="10" slack="0"/>
<pin id="440" dir="1" index="1" bw="11" slack="0"/>
</pin_list>
<bind>
<opcode="sext(35) " fcode="sext"/>
<opset="sext_ln153/2 "/>
</bind>
</comp>

<comp id="442" class="1004" name="zext_ln165_3_fu_442">
<pin_list>
<pin id="443" dir="0" index="0" bw="8" slack="0"/>
<pin id="444" dir="1" index="1" bw="9" slack="0"/>
</pin_list>
<bind>
<opcode="zext(34) " fcode="zext"/>
<opset="zext_ln165_3/2 "/>
</bind>
</comp>

<comp id="446" class="1004" name="sub_ln168_fu_446">
<pin_list>
<pin id="447" dir="0" index="0" bw="8" slack="0"/>
<pin id="448" dir="0" index="1" bw="8" slack="0"/>
<pin id="449" dir="1" index="2" bw="9" slack="0"/>
</pin_list>
<bind>
<opcode="sub(10) " fcode="sub"/>
<opset="sub_ln168/2 "/>
</bind>
</comp>

<comp id="452" class="1004" name="sext_ln168_fu_452">
<pin_list>
<pin id="453" dir="0" index="0" bw="9" slack="0"/>
<pin id="454" dir="1" index="1" bw="10" slack="0"/>
</pin_list>
<bind>
<opcode="sext(35) " fcode="sext"/>
<opset="sext_ln168/2 "/>
</bind>
</comp>

<comp id="456" class="1004" name="add_ln168_fu_456">
<pin_list>
<pin id="457" dir="0" index="0" bw="9" slack="0"/>
<pin id="458" dir="0" index="1" bw="8" slack="0"/>
<pin id="459" dir="1" index="2" bw="10" slack="0"/>
</pin_list>
<bind>
<opcode="add(8) " fcode="add"/>
<opset="add_ln168/2 "/>
</bind>
</comp>

<comp id="462" class="1004" name="sext_ln168_1_fu_462">
<pin_list>
<pin id="463" dir="0" index="0" bw="10" slack="0"/>
<pin id="464" dir="1" index="1" bw="11" slack="0"/>
</pin_list>
<bind>
<opcode="sext(35) " fcode="sext"/>
<opset="sext_ln168_1/2 "/>
</bind>
</comp>

<comp id="466" class="1004" name="gradientX_2_fu_466">
<pin_list>
<pin id="467" dir="0" index="0" bw="10" slack="0"/>
<pin id="468" dir="0" index="1" bw="10" slack="0"/>
<pin id="469" dir="1" index="2" bw="11" slack="0"/>
</pin_list>
<bind>
<opcode="add(8) " fcode="add"/>
<opset="gradientX_2/2 "/>
</bind>
</comp>

<comp id="472" class="1004" name="gradientX_fu_472">
<pin_list>
<pin id="473" dir="0" index="0" bw="11" slack="0"/>
<pin id="474" dir="0" index="1" bw="8" slack="0"/>
<pin id="475" dir="1" index="2" bw="11" slack="0"/>
</pin_list>
<bind>
<opcode="sub(10) " fcode="sub"/>
<opset="gradientX/2 "/>
</bind>
</comp>

<comp id="478" class="1004" name="sext_ln172_fu_478">
<pin_list>
<pin id="479" dir="0" index="0" bw="11" slack="0"/>
<pin id="480" dir="1" index="1" bw="32" slack="0"/>
</pin_list>
<bind>
<opcode="sext(35) " fcode="sext"/>
<opset="sext_ln172/2 "/>
</bind>
</comp>

<comp id="482" class="1004" name="trunc_ln172_fu_482">
<pin_list>
<pin id="483" dir="0" index="0" bw="11" slack="0"/>
<pin id="484" dir="1" index="1" bw="10" slack="0"/>
</pin_list>
<bind>
<opcode="trunc(33) " fcode="trunc"/>
<opset="trunc_ln172/2 "/>
</bind>
</comp>

<comp id="486" class="1004" name="add_ln172_fu_486">
<pin_list>
<pin id="487" dir="0" index="0" bw="8" slack="0"/>
<pin id="488" dir="0" index="1" bw="8" slack="0"/>
<pin id="489" dir="1" index="2" bw="9" slack="0"/>
</pin_list>
<bind>
<opcode="add(8) " fcode="add"/>
<opset="add_ln172/2 "/>
</bind>
</comp>

<comp id="492" class="1004" name="zext_ln172_fu_492">
<pin_list>
<pin id="493" dir="0" index="0" bw="9" slack="0"/>
<pin id="494" dir="1" index="1" bw="10" slack="0"/>
</pin_list>
<bind>
<opcode="zext(34) " fcode="zext"/>
<opset="zext_ln172/2 "/>
</bind>
</comp>

<comp id="496" class="1004" name="sub_ln172_fu_496">
<pin_list>
<pin id="497" dir="0" index="0" bw="9" slack="0"/>
<pin id="498" dir="0" index="1" bw="8" slack="0"/>
<pin id="499" dir="1" index="2" bw="10" slack="0"/>
</pin_list>
<bind>
<opcode="sub(10) " fcode="sub"/>
<opset="sub_ln172/2 "/>
</bind>
</comp>

<comp id="502" class="1004" name="gradientY_2_fu_502">
<pin_list>
<pin id="503" dir="0" index="0" bw="10" slack="0"/>
<pin id="504" dir="0" index="1" bw="8" slack="0"/>
<pin id="505" dir="1" index="2" bw="10" slack="0"/>
</pin_list>
<bind>
<opcode="sub(10) " fcode="sub"/>
<opset="gradientY_2/2 "/>
</bind>
</comp>

<comp id="508" class="1004" name="sext_ln172_1_fu_508">
<pin_list>
<pin id="509" dir="0" index="0" bw="10" slack="0"/>
<pin id="510" dir="1" index="1" bw="11" slack="0"/>
</pin_list>
<bind>
<opcode="sext(35) " fcode="sext"/>
<opset="sext_ln172_1/2 "/>
</bind>
</comp>

<comp id="512" class="1004" name="add_ln172_1_fu_512">
<pin_list>
<pin id="513" dir="0" index="0" bw="10" slack="0"/>
<pin id="514" dir="0" index="1" bw="10" slack="0"/>
<pin id="515" dir="1" index="2" bw="10" slack="0"/>
</pin_list>
<bind>
<opcode="add(8) " fcode="add"/>
<opset="add_ln172_1/2 "/>
</bind>
</comp>

<comp id="518" class="1004" name="gradientY_fu_518">
<pin_list>
<pin id="519" dir="0" index="0" bw="10" slack="0"/>
<pin id="520" dir="0" index="1" bw="10" slack="0"/>
<pin id="521" dir="1" index="2" bw="11" slack="1"/>
</pin_list>
<bind>
<opcode="add(8) " fcode="add"/>
<opset="gradientY/2 "/>
</bind>
</comp>

<comp id="524" class="1004" name="tmp_13_fu_524">
<pin_list>
<pin id="525" dir="0" index="0" bw="1" slack="0"/>
<pin id="526" dir="0" index="1" bw="11" slack="0"/>
<pin id="527" dir="0" index="2" bw="6" slack="0"/>
<pin id="528" dir="1" index="3" bw="1" slack="0"/>
</pin_list>
<bind>
<opcode="bitselect(1000) " fcode="bitselect"/>
<opset="tmp_13/2 "/>
</bind>
</comp>

<comp id="532" class="1004" name="sub_ln28_fu_532">
<pin_list>
<pin id="533" dir="0" index="0" bw="1" slack="0"/>
<pin id="534" dir="0" index="1" bw="10" slack="0"/>
<pin id="535" dir="1" index="2" bw="10" slack="0"/>
</pin_list>
<bind>
<opcode="sub(10) " fcode="sub"/>
<opset="sub_ln28/2 "/>
</bind>
</comp>

<comp id="538" class="1004" name="absoluteX_fu_538">
<pin_list>
<pin id="539" dir="0" index="0" bw="1" slack="0"/>
<pin id="540" dir="0" index="1" bw="10" slack="0"/>
<pin id="541" dir="0" index="2" bw="10" slack="0"/>
<pin id="542" dir="1" index="3" bw="10" slack="1"/>
</pin_list>
<bind>
<opcode="select(49) " fcode="select"/>
<opset="absoluteX/2 "/>
</bind>
</comp>

<comp id="546" class="1004" name="sub_ln28_1_fu_546">
<pin_list>
<pin id="547" dir="0" index="0" bw="1" slack="0"/>
<pin id="548" dir="0" index="1" bw="10" slack="0"/>
<pin id="549" dir="1" index="2" bw="10" slack="1"/>
</pin_list>
<bind>
<opcode="sub(10) " fcode="sub"/>
<opset="sub_ln28_1/2 "/>
</bind>
</comp>

<comp id="552" class="1004" name="tmp_9_fu_552">
<pin_list>
<pin id="553" dir="0" index="0" bw="8" slack="0"/>
<pin id="554" dir="0" index="1" bw="2" slack="0"/>
<pin id="555" dir="0" index="2" bw="8" slack="0"/>
<pin id="556" dir="0" index="3" bw="2" slack="0"/>
<pin id="557" dir="0" index="4" bw="8" slack="0"/>
<pin id="558" dir="0" index="5" bw="2" slack="0"/>
<pin id="559" dir="0" index="6" bw="8" slack="0"/>
<pin id="560" dir="0" index="7" bw="8" slack="0"/>
<pin id="561" dir="0" index="8" bw="2" slack="1"/>
<pin id="562" dir="1" index="9" bw="8" slack="0"/>
</pin_list>
<bind>
<opcode="sparsemux(1197) " fcode="sparsemux"/>
<opset="tmp_9/2 "/>
</bind>
</comp>

<comp id="571" class="1004" name="tmp_s_fu_571">
<pin_list>
<pin id="572" dir="0" index="0" bw="8" slack="0"/>
<pin id="573" dir="0" index="1" bw="2" slack="0"/>
<pin id="574" dir="0" index="2" bw="8" slack="0"/>
<pin id="575" dir="0" index="3" bw="2" slack="0"/>
<pin id="576" dir="0" index="4" bw="8" slack="0"/>
<pin id="577" dir="0" index="5" bw="2" slack="0"/>
<pin id="578" dir="0" index="6" bw="8" slack="0"/>
<pin id="579" dir="0" index="7" bw="8" slack="0"/>
<pin id="580" dir="0" index="8" bw="2" slack="1"/>
<pin id="581" dir="1" index="9" bw="8" slack="0"/>
</pin_list>
<bind>
<opcode="sparsemux(1197) " fcode="sparsemux"/>
<opset="tmp_s/2 "/>
</bind>
</comp>

<comp id="590" class="1004" name="tmp_7_fu_590">
<pin_list>
<pin id="591" dir="0" index="0" bw="8" slack="0"/>
<pin id="592" dir="0" index="1" bw="2" slack="0"/>
<pin id="593" dir="0" index="2" bw="8" slack="0"/>
<pin id="594" dir="0" index="3" bw="2" slack="0"/>
<pin id="595" dir="0" index="4" bw="8" slack="0"/>
<pin id="596" dir="0" index="5" bw="2" slack="0"/>
<pin id="597" dir="0" index="6" bw="8" slack="0"/>
<pin id="598" dir="0" index="7" bw="8" slack="0"/>
<pin id="599" dir="0" index="8" bw="2" slack="1"/>
<pin id="600" dir="1" index="9" bw="8" slack="0"/>
</pin_list>
<bind>
<opcode="sparsemux(1197) " fcode="sparsemux"/>
<opset="tmp_7/2 "/>
</bind>
</comp>

<comp id="609" class="1004" name="store_ln0_store_fu_609">
<pin_list>
<pin id="610" dir="0" index="0" bw="8" slack="0"/>
<pin id="611" dir="0" index="1" bw="8" slack="1"/>
<pin id="612" dir="1" index="2" bw="0" slack="2147483647"/>
</pin_list>
<bind>
<opcode="store(28) " fcode="store"/>
<opset="store_ln0/2 "/>
</bind>
</comp>

<comp id="614" class="1004" name="store_ln165_store_fu_614">
<pin_list>
<pin id="615" dir="0" index="0" bw="8" slack="0"/>
<pin id="616" dir="0" index="1" bw="8" slack="1"/>
<pin id="617" dir="1" index="2" bw="0" slack="2147483647"/>
</pin_list>
<bind>
<opcode="store(28) " fcode="store"/>
<opset="store_ln165/2 "/>
</bind>
</comp>

<comp id="619" class="1004" name="store_ln165_store_fu_619">
<pin_list>
<pin id="620" dir="0" index="0" bw="8" slack="0"/>
<pin id="621" dir="0" index="1" bw="8" slack="1"/>
<pin id="622" dir="1" index="2" bw="0" slack="2147483647"/>
</pin_list>
<bind>
<opcode="store(28) " fcode="store"/>
<opset="store_ln165/2 "/>
</bind>
</comp>

<comp id="624" class="1004" name="store_ln165_store_fu_624">
<pin_list>
<pin id="625" dir="0" index="0" bw="8" slack="0"/>
<pin id="626" dir="0" index="1" bw="8" slack="1"/>
<pin id="627" dir="1" index="2" bw="0" slack="2147483647"/>
</pin_list>
<bind>
<opcode="store(28) " fcode="store"/>
<opset="store_ln165/2 "/>
</bind>
</comp>

<comp id="629" class="1004" name="store_ln165_store_fu_629">
<pin_list>
<pin id="630" dir="0" index="0" bw="8" slack="0"/>
<pin id="631" dir="0" index="1" bw="8" slack="1"/>
<pin id="632" dir="1" index="2" bw="0" slack="2147483647"/>
</pin_list>
<bind>
<opcode="store(28) " fcode="store"/>
<opset="store_ln165/2 "/>
</bind>
</comp>

<comp id="634" class="1004" name="store_ln165_store_fu_634">
<pin_list>
<pin id="635" dir="0" index="0" bw="8" slack="0"/>
<pin id="636" dir="0" index="1" bw="8" slack="1"/>
<pin id="637" dir="1" index="2" bw="0" slack="2147483647"/>
</pin_list>
<bind>
<opcode="store(28) " fcode="store"/>
<opset="store_ln165/2 "/>
</bind>
</comp>

<comp id="639" class="1004" name="store_ln199_store_fu_639">
<pin_list>
<pin id="640" dir="0" index="0" bw="8" slack="0"/>
<pin id="641" dir="0" index="1" bw="8" slack="1"/>
<pin id="642" dir="1" index="2" bw="0" slack="2147483647"/>
</pin_list>
<bind>
<opcode="store(28) " fcode="store"/>
<opset="store_ln199/2 "/>
</bind>
</comp>

<comp id="644" class="1004" name="store_ln0_store_fu_644">
<pin_list>
<pin id="645" dir="0" index="0" bw="8" slack="0"/>
<pin id="646" dir="0" index="1" bw="8" slack="1"/>
<pin id="647" dir="1" index="2" bw="0" slack="2147483647"/>
</pin_list>
<bind>
<opcode="store(28) " fcode="store"/>
<opset="store_ln0/2 "/>
</bind>
</comp>

<comp id="649" class="1004" name="store_ln165_store_fu_649">
<pin_list>
<pin id="650" dir="0" index="0" bw="8" slack="0"/>
<pin id="651" dir="0" index="1" bw="8" slack="1"/>
<pin id="652" dir="1" index="2" bw="0" slack="2147483647"/>
</pin_list>
<bind>
<opcode="store(28) " fcode="store"/>
<opset="store_ln165/2 "/>
</bind>
</comp>

<comp id="654" class="1004" name="sext_ln153_1_fu_654">
<pin_list>
<pin id="655" dir="0" index="0" bw="11" slack="1"/>
<pin id="656" dir="1" index="1" bw="32" slack="0"/>
</pin_list>
<bind>
<opcode="sext(35) " fcode="sext"/>
<opset="sext_ln153_1/3 "/>
</bind>
</comp>

<comp id="657" class="1004" name="zext_ln27_fu_657">
<pin_list>
<pin id="658" dir="0" index="0" bw="10" slack="1"/>
<pin id="659" dir="1" index="1" bw="22" slack="0"/>
</pin_list>
<bind>
<opcode="zext(34) " fcode="zext"/>
<opset="zext_ln27/3 "/>
</bind>
</comp>

<comp id="660" class="1004" name="zext_ln27_1_fu_660">
<pin_list>
<pin id="661" dir="0" index="0" bw="10" slack="1"/>
<pin id="662" dir="1" index="1" bw="19" slack="0"/>
</pin_list>
<bind>
<opcode="zext(34) " fcode="zext"/>
<opset="zext_ln27_1/3 "/>
</bind>
</comp>

<comp id="663" class="1004" name="tmp_14_fu_663">
<pin_list>
<pin id="664" dir="0" index="0" bw="1" slack="0"/>
<pin id="665" dir="0" index="1" bw="11" slack="0"/>
<pin id="666" dir="0" index="2" bw="6" slack="0"/>
<pin id="667" dir="1" index="3" bw="1" slack="0"/>
</pin_list>
<bind>
<opcode="bitselect(1000) " fcode="bitselect"/>
<opset="tmp_14/3 "/>
</bind>
</comp>

<comp id="671" class="1004" name="absoluteY_fu_671">
<pin_list>
<pin id="672" dir="0" index="0" bw="1" slack="0"/>
<pin id="673" dir="0" index="1" bw="10" slack="1"/>
<pin id="674" dir="0" index="2" bw="10" slack="1"/>
<pin id="675" dir="1" index="3" bw="10" slack="0"/>
</pin_list>
<bind>
<opcode="select(49) " fcode="select"/>
<opset="absoluteY/3 "/>
</bind>
</comp>

<comp id="677" class="1004" name="zext_ln180_fu_677">
<pin_list>
<pin id="678" dir="0" index="0" bw="10" slack="0"/>
<pin id="679" dir="1" index="1" bw="20" slack="0"/>
</pin_list>
<bind>
<opcode="zext(34) " fcode="zext"/>
<opset="zext_ln180/3 "/>
</bind>
</comp>

<comp id="681" class="1004" name="zext_ln180_1_fu_681">
<pin_list>
<pin id="682" dir="0" index="0" bw="10" slack="1"/>
<pin id="683" dir="1" index="1" bw="11" slack="0"/>
</pin_list>
<bind>
<opcode="zext(34) " fcode="zext"/>
<opset="zext_ln180_1/3 "/>
</bind>
</comp>

<comp id="684" class="1004" name="zext_ln180_2_fu_684">
<pin_list>
<pin id="685" dir="0" index="0" bw="10" slack="0"/>
<pin id="686" dir="1" index="1" bw="11" slack="0"/>
</pin_list>
<bind>
<opcode="zext(34) " fcode="zext"/>
<opset="zext_ln180_2/3 "/>
</bind>
</comp>

<comp id="688" class="1004" name="result_magnitude_fu_688">
<pin_list>
<pin id="689" dir="0" index="0" bw="10" slack="0"/>
<pin id="690" dir="0" index="1" bw="10" slack="0"/>
<pin id="691" dir="1" index="2" bw="11" slack="1"/>
</pin_list>
<bind>
<opcode="add(8) " fcode="add"/>
<opset="result_magnitude/3 "/>
</bind>
</comp>

<comp id="694" class="1004" name="or_ln38_fu_694">
<pin_list>
<pin id="695" dir="0" index="0" bw="10" slack="0"/>
<pin id="696" dir="0" index="1" bw="10" slack="1"/>
<pin id="697" dir="1" index="2" bw="10" slack="0"/>
</pin_list>
<bind>
<opcode="or(24) " fcode="or"/>
<opset="or_ln38/3 "/>
</bind>
</comp>

<comp id="699" class="1004" name="icmp_ln38_fu_699">
<pin_list>
<pin id="700" dir="0" index="0" bw="10" slack="0"/>
<pin id="701" dir="0" index="1" bw="1" slack="0"/>
<pin id="702" dir="1" index="2" bw="1" slack="1"/>
</pin_list>
<bind>
<opcode="icmp(45) " fcode="icmp"/>
<opset="icmp_ln38/3 "/>
</bind>
</comp>

<comp id="705" class="1004" name="mul_ln42_fu_705">
<pin_list>
<pin id="706" dir="0" index="0" bw="10" slack="0"/>
<pin id="707" dir="0" index="1" bw="11" slack="0"/>
<pin id="708" dir="1" index="2" bw="20" slack="0"/>
</pin_list>
<bind>
<opcode="mul(12) " fcode="mul"/>
<opset="mul_ln42/3 "/>
</bind>
</comp>

<comp id="711" class="1004" name="zext_ln42_fu_711">
<pin_list>
<pin id="712" dir="0" index="0" bw="20" slack="0"/>
<pin id="713" dir="1" index="1" bw="23" slack="0"/>
</pin_list>
<bind>
<opcode="zext(34) " fcode="zext"/>
<opset="zext_ln42/3 "/>
</bind>
</comp>

<comp id="715" class="1004" name="zext_ln42_1_fu_715">
<pin_list>
<pin id="716" dir="0" index="0" bw="20" slack="0"/>
<pin id="717" dir="1" index="1" bw="21" slack="0"/>
</pin_list>
<bind>
<opcode="zext(34) " fcode="zext"/>
<opset="zext_ln42_1/3 "/>
</bind>
</comp>

<comp id="719" class="1004" name="mul_ln42_1_fu_719">
<pin_list>
<pin id="720" dir="0" index="0" bw="10" slack="0"/>
<pin id="721" dir="0" index="1" bw="10" slack="0"/>
<pin id="722" dir="1" index="2" bw="19" slack="0"/>
</pin_list>
<bind>
<opcode="mul(12) " fcode="mul"/>
<opset="mul_ln42_1/3 "/>
</bind>
</comp>

<comp id="725" class="1004" name="zext_ln42_2_fu_725">
<pin_list>
<pin id="726" dir="0" index="0" bw="19" slack="0"/>
<pin id="727" dir="1" index="1" bw="21" slack="0"/>
</pin_list>
<bind>
<opcode="zext(34) " fcode="zext"/>
<opset="zext_ln42_2/3 "/>
</bind>
</comp>

<comp id="729" class="1004" name="icmp_ln42_fu_729">
<pin_list>
<pin id="730" dir="0" index="0" bw="20" slack="0"/>
<pin id="731" dir="0" index="1" bw="19" slack="0"/>
<pin id="732" dir="1" index="2" bw="1" slack="1"/>
</pin_list>
<bind>
<opcode="icmp(45) " fcode="icmp"/>
<opset="icmp_ln42/3 "/>
</bind>
</comp>

<comp id="735" class="1004" name="mul_ln46_fu_735">
<pin_list>
<pin id="736" dir="0" index="0" bw="10" slack="0"/>
<pin id="737" dir="0" index="1" bw="13" slack="0"/>
<pin id="738" dir="1" index="2" bw="22" slack="0"/>
</pin_list>
<bind>
<opcode="mul(12) " fcode="mul"/>
<opset="mul_ln46/3 "/>
</bind>
</comp>

<comp id="741" class="1004" name="zext_ln46_fu_741">
<pin_list>
<pin id="742" dir="0" index="0" bw="22" slack="0"/>
<pin id="743" dir="1" index="1" bw="23" slack="0"/>
</pin_list>
<bind>
<opcode="zext(34) " fcode="zext"/>
<opset="zext_ln46/3 "/>
</bind>
</comp>

<comp id="745" class="1004" name="icmp_ln46_fu_745">
<pin_list>
<pin id="746" dir="0" index="0" bw="20" slack="0"/>
<pin id="747" dir="0" index="1" bw="22" slack="0"/>
<pin id="748" dir="1" index="2" bw="1" slack="1"/>
</pin_list>
<bind>
<opcode="icmp(45) " fcode="icmp"/>
<opset="icmp_ln46/3 "/>
</bind>
</comp>

<comp id="751" class="1004" name="zext_ln179_fu_751">
<pin_list>
<pin id="752" dir="0" index="0" bw="11" slack="1"/>
<pin id="753" dir="1" index="1" bw="16" slack="0"/>
</pin_list>
<bind>
<opcode="zext(34) " fcode="zext"/>
<opset="zext_ln179/4 "/>
</bind>
</comp>

<comp id="754" class="1004" name="or_ln51_fu_754">
<pin_list>
<pin id="755" dir="0" index="0" bw="11" slack="2"/>
<pin id="756" dir="0" index="1" bw="11" slack="2"/>
<pin id="757" dir="1" index="2" bw="11" slack="0"/>
</pin_list>
<bind>
<opcode="or(24) " fcode="or"/>
<opset="or_ln51/4 "/>
</bind>
</comp>

<comp id="758" class="1004" name="sext_ln52_fu_758">
<pin_list>
<pin id="759" dir="0" index="0" bw="11" slack="0"/>
<pin id="760" dir="1" index="1" bw="32" slack="0"/>
</pin_list>
<bind>
<opcode="sext(35) " fcode="sext"/>
<opset="sext_ln52/4 "/>
</bind>
</comp>

<comp id="762" class="1004" name="and_ln52_fu_762">
<pin_list>
<pin id="763" dir="0" index="0" bw="11" slack="2"/>
<pin id="764" dir="0" index="1" bw="11" slack="2"/>
<pin id="765" dir="1" index="2" bw="11" slack="0"/>
</pin_list>
<bind>
<opcode="and(23) " fcode="and"/>
<opset="and_ln52/4 "/>
</bind>
</comp>

<comp id="766" class="1004" name="sext_ln42_fu_766">
<pin_list>
<pin id="767" dir="0" index="0" bw="11" slack="0"/>
<pin id="768" dir="1" index="1" bw="32" slack="0"/>
</pin_list>
<bind>
<opcode="sext(35) " fcode="sext"/>
<opset="sext_ln42/4 "/>
</bind>
</comp>

<comp id="770" class="1004" name="xor_ln42_fu_770">
<pin_list>
<pin id="771" dir="0" index="0" bw="1" slack="1"/>
<pin id="772" dir="0" index="1" bw="1" slack="0"/>
<pin id="773" dir="1" index="2" bw="1" slack="0"/>
</pin_list>
<bind>
<opcode="xor(25) " fcode="xor"/>
<opset="xor_ln42/4 "/>
</bind>
</comp>

<comp id="775" class="1004" name="or_ln42_fu_775">
<pin_list>
<pin id="776" dir="0" index="0" bw="1" slack="1"/>
<pin id="777" dir="0" index="1" bw="1" slack="0"/>
<pin id="778" dir="1" index="2" bw="1" slack="0"/>
</pin_list>
<bind>
<opcode="or(24) " fcode="or"/>
<opset="or_ln42/4 "/>
</bind>
</comp>

<comp id="780" class="1004" name="xor_ln38_fu_780">
<pin_list>
<pin id="781" dir="0" index="0" bw="1" slack="1"/>
<pin id="782" dir="0" index="1" bw="1" slack="0"/>
<pin id="783" dir="1" index="2" bw="1" slack="0"/>
</pin_list>
<bind>
<opcode="xor(25) " fcode="xor"/>
<opset="xor_ln38/4 "/>
</bind>
</comp>

<comp id="785" class="1004" name="and_ln42_fu_785">
<pin_list>
<pin id="786" dir="0" index="0" bw="1" slack="1"/>
<pin id="787" dir="0" index="1" bw="1" slack="0"/>
<pin id="788" dir="1" index="2" bw="1" slack="0"/>
</pin_list>
<bind>
<opcode="and(23) " fcode="and"/>
<opset="and_ln42/4 "/>
</bind>
</comp>

<comp id="790" class="1004" name="xor_ln46_fu_790">
<pin_list>
<pin id="791" dir="0" index="0" bw="1" slack="1"/>
<pin id="792" dir="0" index="1" bw="1" slack="0"/>
<pin id="793" dir="1" index="2" bw="1" slack="0"/>
</pin_list>
<bind>
<opcode="xor(25) " fcode="xor"/>
<opset="xor_ln46/4 "/>
</bind>
</comp>

<comp id="795" class="1004" name="and_ln46_fu_795">
<pin_list>
<pin id="796" dir="0" index="0" bw="1" slack="0"/>
<pin id="797" dir="0" index="1" bw="1" slack="0"/>
<pin id="798" dir="1" index="2" bw="1" slack="0"/>
</pin_list>
<bind>
<opcode="and(23) " fcode="and"/>
<opset="and_ln46/4 "/>
</bind>
</comp>

<comp id="801" class="1004" name="tmp_15_fu_801">
<pin_list>
<pin id="802" dir="0" index="0" bw="1" slack="0"/>
<pin id="803" dir="0" index="1" bw="11" slack="0"/>
<pin id="804" dir="0" index="2" bw="6" slack="0"/>
<pin id="805" dir="1" index="3" bw="1" slack="0"/>
</pin_list>
<bind>
<opcode="bitselect(1000) " fcode="bitselect"/>
<opset="tmp_15/4 "/>
</bind>
</comp>

<comp id="809" class="1004" name="tmp_16_fu_809">
<pin_list>
<pin id="810" dir="0" index="0" bw="1" slack="0"/>
<pin id="811" dir="0" index="1" bw="11" slack="0"/>
<pin id="812" dir="0" index="2" bw="6" slack="0"/>
<pin id="813" dir="1" index="3" bw="1" slack="0"/>
</pin_list>
<bind>
<opcode="bitselect(1000) " fcode="bitselect"/>
<opset="tmp_16/4 "/>
</bind>
</comp>

<comp id="817" class="1004" name="xor_ln52_fu_817">
<pin_list>
<pin id="818" dir="0" index="0" bw="1" slack="0"/>
<pin id="819" dir="0" index="1" bw="1" slack="0"/>
<pin id="820" dir="1" index="2" bw="1" slack="0"/>
</pin_list>
<bind>
<opcode="xor(25) " fcode="xor"/>
<opset="xor_ln52/4 "/>
</bind>
</comp>

<comp id="823" class="1004" name="and_ln52_1_fu_823">
<pin_list>
<pin id="824" dir="0" index="0" bw="1" slack="0"/>
<pin id="825" dir="0" index="1" bw="1" slack="1"/>
<pin id="826" dir="1" index="2" bw="1" slack="0"/>
</pin_list>
<bind>
<opcode="and(23) " fcode="and"/>
<opset="and_ln52_1/4 "/>
</bind>
</comp>

<comp id="828" class="1004" name="and_ln52_2_fu_828">
<pin_list>
<pin id="829" dir="0" index="0" bw="1" slack="0"/>
<pin id="830" dir="0" index="1" bw="1" slack="0"/>
<pin id="831" dir="1" index="2" bw="1" slack="0"/>
</pin_list>
<bind>
<opcode="and(23) " fcode="and"/>
<opset="and_ln52_2/4 "/>
</bind>
</comp>

<comp id="834" class="1004" name="and_ln52_3_fu_834">
<pin_list>
<pin id="835" dir="0" index="0" bw="1" slack="0"/>
<pin id="836" dir="0" index="1" bw="1" slack="0"/>
<pin id="837" dir="1" index="2" bw="1" slack="0"/>
</pin_list>
<bind>
<opcode="and(23) " fcode="and"/>
<opset="and_ln52_3/4 "/>
</bind>
</comp>

<comp id="840" class="1004" name="sel_tmp_fu_840">
<pin_list>
<pin id="841" dir="0" index="0" bw="3" slack="0"/>
<pin id="842" dir="0" index="1" bw="1" slack="0"/>
<pin id="843" dir="0" index="2" bw="1" slack="0"/>
<pin id="844" dir="0" index="3" bw="1" slack="0"/>
<pin id="845" dir="1" index="4" bw="3" slack="0"/>
</pin_list>
<bind>
<opcode="bitconcatenate(1004) " fcode="bitconcatenate"/>
<opset="sel_tmp/4 "/>
</bind>
</comp>

<comp id="850" class="1004" name="result_direction_fu_850">
<pin_list>
<pin id="851" dir="0" index="0" bw="2" slack="0"/>
<pin id="852" dir="0" index="1" bw="3" slack="0"/>
<pin id="853" dir="0" index="2" bw="2" slack="0"/>
<pin id="854" dir="0" index="3" bw="3" slack="0"/>
<pin id="855" dir="0" index="4" bw="2" slack="0"/>
<pin id="856" dir="0" index="5" bw="3" slack="0"/>
<pin id="857" dir="0" index="6" bw="2" slack="0"/>
<pin id="858" dir="0" index="7" bw="3" slack="0"/>
<pin id="859" dir="0" index="8" bw="2" slack="0"/>
<pin id="860" dir="0" index="9" bw="2" slack="0"/>
<pin id="861" dir="0" index="10" bw="3" slack="0"/>
<pin id="862" dir="1" index="11" bw="2" slack="0"/>
</pin_list>
<bind>
<opcode="sparsemux(1197) " fcode="sparsemux"/>
<opset="result_direction/4 "/>
</bind>
</comp>

<comp id="874" class="1004" name="zext_ln182_cast_fu_874">
<pin_list>
<pin id="875" dir="0" index="0" bw="18" slack="0"/>
<pin id="876" dir="0" index="1" bw="2" slack="0"/>
<pin id="877" dir="0" index="2" bw="11" slack="0"/>
<pin id="878" dir="1" index="3" bw="18" slack="0"/>
</pin_list>
<bind>
<opcode="bitconcatenate(1004) " fcode="bitconcatenate"/>
<opset="zext_ln182_cast/4 "/>
</bind>
</comp>

<comp id="882" class="1004" name="zext_ln182_fu_882">
<pin_list>
<pin id="883" dir="0" index="0" bw="18" slack="0"/>
<pin id="884" dir="1" index="1" bw="24" slack="0"/>
</pin_list>
<bind>
<opcode="zext(34) " fcode="zext"/>
<opset="zext_ln182/4 "/>
</bind>
</comp>

<comp id="887" class="1005" name="column_1_reg_887">
<pin_list>
<pin id="888" dir="0" index="0" bw="10" slack="0"/>
<pin id="889" dir="1" index="1" bw="10" slack="0"/>
</pin_list>
<bind>
<opset="column_1 "/>
</bind>
</comp>

<comp id="894" class="1005" name="pixel_reg_894">
<pin_list>
<pin id="895" dir="0" index="0" bw="8" slack="0"/>
<pin id="896" dir="1" index="1" bw="8" slack="0"/>
</pin_list>
<bind>
<opset="pixel "/>
</bind>
</comp>

<comp id="901" class="1005" name="empty_52_reg_901">
<pin_list>
<pin id="902" dir="0" index="0" bw="8" slack="0"/>
<pin id="903" dir="1" index="1" bw="8" slack="0"/>
</pin_list>
<bind>
<opset="empty_52 "/>
</bind>
</comp>

<comp id="908" class="1005" name="empty_53_reg_908">
<pin_list>
<pin id="909" dir="0" index="0" bw="8" slack="0"/>
<pin id="910" dir="1" index="1" bw="8" slack="0"/>
</pin_list>
<bind>
<opset="empty_53 "/>
</bind>
</comp>

<comp id="915" class="1005" name="pixel_2_reg_915">
<pin_list>
<pin id="916" dir="0" index="0" bw="8" slack="0"/>
<pin id="917" dir="1" index="1" bw="8" slack="0"/>
</pin_list>
<bind>
<opset="pixel_2 "/>
</bind>
</comp>

<comp id="922" class="1005" name="empty_54_reg_922">
<pin_list>
<pin id="923" dir="0" index="0" bw="8" slack="0"/>
<pin id="924" dir="1" index="1" bw="8" slack="0"/>
</pin_list>
<bind>
<opset="empty_54 "/>
</bind>
</comp>

<comp id="929" class="1005" name="pixel_1_reg_929">
<pin_list>
<pin id="930" dir="0" index="0" bw="8" slack="0"/>
<pin id="931" dir="1" index="1" bw="8" slack="0"/>
</pin_list>
<bind>
<opset="pixel_1 "/>
</bind>
</comp>

<comp id="936" class="1005" name="empty_55_reg_936">
<pin_list>
<pin id="937" dir="0" index="0" bw="8" slack="0"/>
<pin id="938" dir="1" index="1" bw="8" slack="0"/>
</pin_list>
<bind>
<opset="empty_55 "/>
</bind>
</comp>

<comp id="943" class="1005" name="pixel_3_reg_943">
<pin_list>
<pin id="944" dir="0" index="0" bw="8" slack="0"/>
<pin id="945" dir="1" index="1" bw="8" slack="0"/>
</pin_list>
<bind>
<opset="pixel_3 "/>
</bind>
</comp>

<comp id="950" class="1005" name="empty_56_reg_950">
<pin_list>
<pin id="951" dir="0" index="0" bw="8" slack="0"/>
<pin id="952" dir="1" index="1" bw="8" slack="0"/>
</pin_list>
<bind>
<opset="empty_56 "/>
</bind>
</comp>

<comp id="957" class="1005" name="select_ln23_read_reg_957">
<pin_list>
<pin id="958" dir="0" index="0" bw="2" slack="1"/>
<pin id="959" dir="1" index="1" bw="2" slack="1"/>
</pin_list>
<bind>
<opset="select_ln23_read "/>
</bind>
</comp>

<comp id="962" class="1005" name="tmp_11_reg_962">
<pin_list>
<pin id="963" dir="0" index="0" bw="2" slack="1"/>
<pin id="964" dir="1" index="1" bw="2" slack="1"/>
</pin_list>
<bind>
<opset="tmp_11 "/>
</bind>
</comp>

<comp id="967" class="1005" name="tmp_12_reg_967">
<pin_list>
<pin id="968" dir="0" index="0" bw="2" slack="1"/>
<pin id="969" dir="1" index="1" bw="2" slack="1"/>
</pin_list>
<bind>
<opset="tmp_12 "/>
</bind>
</comp>

<comp id="972" class="1005" name="icmp_ln149_reg_972">
<pin_list>
<pin id="973" dir="0" index="0" bw="1" slack="1"/>
<pin id="974" dir="1" index="1" bw="1" slack="2147483647"/>
</pin_list>
<bind>
<opset="icmp_ln149 "/>
</bind>
</comp>

<comp id="976" class="1005" name="lineBuffer_addr_reg_976">
<pin_list>
<pin id="977" dir="0" index="0" bw="10" slack="1"/>
<pin id="978" dir="1" index="1" bw="10" slack="1"/>
</pin_list>
<bind>
<opset="lineBuffer_addr "/>
</bind>
</comp>

<comp id="981" class="1005" name="lineBuffer_1_addr_reg_981">
<pin_list>
<pin id="982" dir="0" index="0" bw="10" slack="1"/>
<pin id="983" dir="1" index="1" bw="10" slack="1"/>
</pin_list>
<bind>
<opset="lineBuffer_1_addr "/>
</bind>
</comp>

<comp id="986" class="1005" name="lineBuffer_2_addr_reg_986">
<pin_list>
<pin id="987" dir="0" index="0" bw="10" slack="1"/>
<pin id="988" dir="1" index="1" bw="10" slack="1"/>
</pin_list>
<bind>
<opset="lineBuffer_2_addr "/>
</bind>
</comp>

<comp id="991" class="1005" name="gradientX_reg_991">
<pin_list>
<pin id="992" dir="0" index="0" bw="11" slack="2"/>
<pin id="993" dir="1" index="1" bw="11" slack="2"/>
</pin_list>
<bind>
<opset="gradientX "/>
</bind>
</comp>

<comp id="997" class="1005" name="add_ln172_1_reg_997">
<pin_list>
<pin id="998" dir="0" index="0" bw="10" slack="1"/>
<pin id="999" dir="1" index="1" bw="10" slack="1"/>
</pin_list>
<bind>
<opset="add_ln172_1 "/>
</bind>
</comp>

<comp id="1002" class="1005" name="gradientY_reg_1002">
<pin_list>
<pin id="1003" dir="0" index="0" bw="11" slack="1"/>
<pin id="1004" dir="1" index="1" bw="11" slack="1"/>
</pin_list>
<bind>
<opset="gradientY "/>
</bind>
</comp>

<comp id="1009" class="1005" name="absoluteX_reg_1009">
<pin_list>
<pin id="1010" dir="0" index="0" bw="10" slack="1"/>
<pin id="1011" dir="1" index="1" bw="10" slack="1"/>
</pin_list>
<bind>
<opset="absoluteX "/>
</bind>
</comp>

<comp id="1017" class="1005" name="sub_ln28_1_reg_1017">
<pin_list>
<pin id="1018" dir="0" index="0" bw="10" slack="1"/>
<pin id="1019" dir="1" index="1" bw="10" slack="1"/>
</pin_list>
<bind>
<opset="sub_ln28_1 "/>
</bind>
</comp>

<comp id="1022" class="1005" name="result_magnitude_reg_1022">
<pin_list>
<pin id="1023" dir="0" index="0" bw="11" slack="1"/>
<pin id="1024" dir="1" index="1" bw="11" slack="1"/>
</pin_list>
<bind>
<opset="result_magnitude "/>
</bind>
</comp>

<comp id="1027" class="1005" name="icmp_ln38_reg_1027">
<pin_list>
<pin id="1028" dir="0" index="0" bw="1" slack="1"/>
<pin id="1029" dir="1" index="1" bw="1" slack="1"/>
</pin_list>
<bind>
<opset="icmp_ln38 "/>
</bind>
</comp>

<comp id="1033" class="1005" name="icmp_ln42_reg_1033">
<pin_list>
<pin id="1034" dir="0" index="0" bw="1" slack="1"/>
<pin id="1035" dir="1" index="1" bw="1" slack="1"/>
</pin_list>
<bind>
<opset="icmp_ln42 "/>
</bind>
</comp>

<comp id="1039" class="1005" name="icmp_ln46_reg_1039">
<pin_list>
<pin id="1040" dir="0" index="0" bw="1" slack="1"/>
<pin id="1041" dir="1" index="1" bw="1" slack="1"/>
</pin_list>
<bind>
<opset="icmp_ln46 "/>
</bind>
</comp>

</comp_list>

<net_list>
<net id="113"><net_src comp="26" pin="0"/><net_sink comp="110" pin=0"/></net>

<net id="117"><net_src comp="26" pin="0"/><net_sink comp="114" pin=0"/></net>

<net id="121"><net_src comp="26" pin="0"/><net_sink comp="118" pin=0"/></net>

<net id="125"><net_src comp="26" pin="0"/><net_sink comp="122" pin=0"/></net>

<net id="129"><net_src comp="26" pin="0"/><net_sink comp="126" pin=0"/></net>

<net id="133"><net_src comp="26" pin="0"/><net_sink comp="130" pin=0"/></net>

<net id="137"><net_src comp="26" pin="0"/><net_sink comp="134" pin=0"/></net>

<net id="141"><net_src comp="26" pin="0"/><net_sink comp="138" pin=0"/></net>

<net id="145"><net_src comp="26" pin="0"/><net_sink comp="142" pin=0"/></net>

<net id="149"><net_src comp="26" pin="0"/><net_sink comp="146" pin=0"/></net>

<net id="154"><net_src comp="38" pin="0"/><net_sink comp="150" pin=0"/></net>

<net id="155"><net_src comp="24" pin="0"/><net_sink comp="150" pin=1"/></net>

<net id="160"><net_src comp="38" pin="0"/><net_sink comp="156" pin=0"/></net>

<net id="161"><net_src comp="22" pin="0"/><net_sink comp="156" pin=1"/></net>

<net id="166"><net_src comp="38" pin="0"/><net_sink comp="162" pin=0"/></net>

<net id="167"><net_src comp="20" pin="0"/><net_sink comp="162" pin=1"/></net>

<net id="172"><net_src comp="40" pin="0"/><net_sink comp="168" pin=0"/></net>

<net id="173"><net_src comp="10" pin="0"/><net_sink comp="168" pin=1"/></net>

<net id="178"><net_src comp="40" pin="0"/><net_sink comp="174" pin=0"/></net>

<net id="179"><net_src comp="8" pin="0"/><net_sink comp="174" pin=1"/></net>

<net id="184"><net_src comp="40" pin="0"/><net_sink comp="180" pin=0"/></net>

<net id="185"><net_src comp="6" pin="0"/><net_sink comp="180" pin=1"/></net>

<net id="190"><net_src comp="40" pin="0"/><net_sink comp="186" pin=0"/></net>

<net id="191"><net_src comp="4" pin="0"/><net_sink comp="186" pin=1"/></net>

<net id="196"><net_src comp="40" pin="0"/><net_sink comp="192" pin=0"/></net>

<net id="197"><net_src comp="2" pin="0"/><net_sink comp="192" pin=1"/></net>

<net id="202"><net_src comp="40" pin="0"/><net_sink comp="198" pin=0"/></net>

<net id="203"><net_src comp="0" pin="0"/><net_sink comp="198" pin=1"/></net>

<net id="209"><net_src comp="108" pin="0"/><net_sink comp="204" pin=0"/></net>

<net id="210"><net_src comp="12" pin="0"/><net_sink comp="204" pin=1"/></net>

<net id="216"><net_src comp="14" pin="0"/><net_sink comp="211" pin=0"/></net>

<net id="217"><net_src comp="52" pin="0"/><net_sink comp="211" pin=1"/></net>

<net id="223"><net_src comp="211" pin="3"/><net_sink comp="218" pin=0"/></net>

<net id="229"><net_src comp="16" pin="0"/><net_sink comp="224" pin=0"/></net>

<net id="230"><net_src comp="52" pin="0"/><net_sink comp="224" pin=1"/></net>

<net id="236"><net_src comp="18" pin="0"/><net_sink comp="231" pin=0"/></net>

<net id="237"><net_src comp="52" pin="0"/><net_sink comp="231" pin=1"/></net>

<net id="243"><net_src comp="224" pin="3"/><net_sink comp="238" pin=0"/></net>

<net id="249"><net_src comp="231" pin="3"/><net_sink comp="244" pin=0"/></net>

<net id="254"><net_src comp="198" pin="2"/><net_sink comp="250" pin=0"/></net>

<net id="259"><net_src comp="192" pin="2"/><net_sink comp="255" pin=0"/></net>

<net id="264"><net_src comp="186" pin="2"/><net_sink comp="260" pin=0"/></net>

<net id="269"><net_src comp="174" pin="2"/><net_sink comp="265" pin=0"/></net>

<net id="274"><net_src comp="168" pin="2"/><net_sink comp="270" pin=0"/></net>

<net id="279"><net_src comp="186" pin="2"/><net_sink comp="275" pin=0"/></net>

<net id="284"><net_src comp="180" pin="2"/><net_sink comp="280" pin=0"/></net>

<net id="289"><net_src comp="198" pin="2"/><net_sink comp="285" pin=0"/></net>

<net id="294"><net_src comp="168" pin="2"/><net_sink comp="290" pin=0"/></net>

<net id="299"><net_src comp="42" pin="0"/><net_sink comp="295" pin=0"/></net>

<net id="307"><net_src comp="300" pin="1"/><net_sink comp="303" pin=0"/></net>

<net id="308"><net_src comp="44" pin="0"/><net_sink comp="303" pin=1"/></net>

<net id="313"><net_src comp="300" pin="1"/><net_sink comp="309" pin=0"/></net>

<net id="314"><net_src comp="46" pin="0"/><net_sink comp="309" pin=1"/></net>

<net id="319"><net_src comp="300" pin="1"/><net_sink comp="315" pin=0"/></net>

<net id="320"><net_src comp="48" pin="0"/><net_sink comp="315" pin=1"/></net>

<net id="325"><net_src comp="315" pin="2"/><net_sink comp="321" pin=0"/></net>

<net id="326"><net_src comp="50" pin="0"/><net_sink comp="321" pin=1"/></net>

<net id="332"><net_src comp="321" pin="2"/><net_sink comp="327" pin=0"/></net>

<net id="333"><net_src comp="50" pin="0"/><net_sink comp="327" pin=1"/></net>

<net id="334"><net_src comp="315" pin="2"/><net_sink comp="327" pin=2"/></net>

<net id="338"><net_src comp="327" pin="3"/><net_sink comp="335" pin=0"/></net>

<net id="339"><net_src comp="335" pin="1"/><net_sink comp="211" pin=2"/></net>

<net id="340"><net_src comp="335" pin="1"/><net_sink comp="224" pin=2"/></net>

<net id="341"><net_src comp="335" pin="1"/><net_sink comp="231" pin=2"/></net>

<net id="346"><net_src comp="309" pin="2"/><net_sink comp="342" pin=0"/></net>

<net id="377"><net_src comp="362" pin="1"/><net_sink comp="374" pin=0"/></net>

<net id="381"><net_src comp="362" pin="1"/><net_sink comp="378" pin=0"/></net>

<net id="385"><net_src comp="347" pin="1"/><net_sink comp="382" pin=0"/></net>

<net id="389"><net_src comp="350" pin="1"/><net_sink comp="386" pin=0"/></net>

<net id="393"><net_src comp="365" pin="1"/><net_sink comp="390" pin=0"/></net>

<net id="397"><net_src comp="368" pin="1"/><net_sink comp="394" pin=0"/></net>

<net id="401"><net_src comp="371" pin="1"/><net_sink comp="398" pin=0"/></net>

<net id="406"><net_src comp="394" pin="1"/><net_sink comp="402" pin=0"/></net>

<net id="407"><net_src comp="390" pin="1"/><net_sink comp="402" pin=1"/></net>

<net id="413"><net_src comp="54" pin="0"/><net_sink comp="408" pin=0"/></net>

<net id="414"><net_src comp="402" pin="2"/><net_sink comp="408" pin=1"/></net>

<net id="415"><net_src comp="56" pin="0"/><net_sink comp="408" pin=2"/></net>

<net id="419"><net_src comp="408" pin="3"/><net_sink comp="416" pin=0"/></net>

<net id="423"><net_src comp="353" pin="1"/><net_sink comp="420" pin=0"/></net>

<net id="428"><net_src comp="420" pin="1"/><net_sink comp="424" pin=0"/></net>

<net id="429"><net_src comp="382" pin="1"/><net_sink comp="424" pin=1"/></net>

<net id="435"><net_src comp="54" pin="0"/><net_sink comp="430" pin=0"/></net>

<net id="436"><net_src comp="424" pin="2"/><net_sink comp="430" pin=1"/></net>

<net id="437"><net_src comp="56" pin="0"/><net_sink comp="430" pin=2"/></net>

<net id="441"><net_src comp="430" pin="3"/><net_sink comp="438" pin=0"/></net>

<net id="445"><net_src comp="356" pin="1"/><net_sink comp="442" pin=0"/></net>

<net id="450"><net_src comp="442" pin="1"/><net_sink comp="446" pin=0"/></net>

<net id="451"><net_src comp="398" pin="1"/><net_sink comp="446" pin=1"/></net>

<net id="455"><net_src comp="446" pin="2"/><net_sink comp="452" pin=0"/></net>

<net id="460"><net_src comp="452" pin="1"/><net_sink comp="456" pin=0"/></net>

<net id="461"><net_src comp="386" pin="1"/><net_sink comp="456" pin=1"/></net>

<net id="465"><net_src comp="456" pin="2"/><net_sink comp="462" pin=0"/></net>

<net id="470"><net_src comp="416" pin="1"/><net_sink comp="466" pin=0"/></net>

<net id="471"><net_src comp="462" pin="1"/><net_sink comp="466" pin=1"/></net>

<net id="476"><net_src comp="466" pin="2"/><net_sink comp="472" pin=0"/></net>

<net id="477"><net_src comp="374" pin="1"/><net_sink comp="472" pin=1"/></net>

<net id="481"><net_src comp="472" pin="2"/><net_sink comp="478" pin=0"/></net>

<net id="485"><net_src comp="472" pin="2"/><net_sink comp="482" pin=0"/></net>

<net id="490"><net_src comp="398" pin="1"/><net_sink comp="486" pin=0"/></net>

<net id="491"><net_src comp="442" pin="1"/><net_sink comp="486" pin=1"/></net>

<net id="495"><net_src comp="486" pin="2"/><net_sink comp="492" pin=0"/></net>

<net id="500"><net_src comp="492" pin="1"/><net_sink comp="496" pin=0"/></net>

<net id="501"><net_src comp="386" pin="1"/><net_sink comp="496" pin=1"/></net>

<net id="506"><net_src comp="496" pin="2"/><net_sink comp="502" pin=0"/></net>

<net id="507"><net_src comp="378" pin="1"/><net_sink comp="502" pin=1"/></net>

<net id="511"><net_src comp="502" pin="2"/><net_sink comp="508" pin=0"/></net>

<net id="516"><net_src comp="430" pin="3"/><net_sink comp="512" pin=0"/></net>

<net id="517"><net_src comp="502" pin="2"/><net_sink comp="512" pin=1"/></net>

<net id="522"><net_src comp="438" pin="1"/><net_sink comp="518" pin=0"/></net>

<net id="523"><net_src comp="508" pin="1"/><net_sink comp="518" pin=1"/></net>

<net id="529"><net_src comp="58" pin="0"/><net_sink comp="524" pin=0"/></net>

<net id="530"><net_src comp="478" pin="1"/><net_sink comp="524" pin=1"/></net>

<net id="531"><net_src comp="60" pin="0"/><net_sink comp="524" pin=2"/></net>

<net id="536"><net_src comp="42" pin="0"/><net_sink comp="532" pin=0"/></net>

<net id="537"><net_src comp="482" pin="1"/><net_sink comp="532" pin=1"/></net>

<net id="543"><net_src comp="524" pin="3"/><net_sink comp="538" pin=0"/></net>

<net id="544"><net_src comp="532" pin="2"/><net_sink comp="538" pin=1"/></net>

<net id="545"><net_src comp="482" pin="1"/><net_sink comp="538" pin=2"/></net>

<net id="550"><net_src comp="42" pin="0"/><net_sink comp="546" pin=0"/></net>

<net id="551"><net_src comp="512" pin="2"/><net_sink comp="546" pin=1"/></net>

<net id="563"><net_src comp="62" pin="0"/><net_sink comp="552" pin=0"/></net>

<net id="564"><net_src comp="64" pin="0"/><net_sink comp="552" pin=1"/></net>

<net id="565"><net_src comp="218" pin="3"/><net_sink comp="552" pin=2"/></net>

<net id="566"><net_src comp="66" pin="0"/><net_sink comp="552" pin=3"/></net>

<net id="567"><net_src comp="238" pin="3"/><net_sink comp="552" pin=4"/></net>

<net id="568"><net_src comp="68" pin="0"/><net_sink comp="552" pin=5"/></net>

<net id="569"><net_src comp="244" pin="3"/><net_sink comp="552" pin=6"/></net>

<net id="570"><net_src comp="70" pin="0"/><net_sink comp="552" pin=7"/></net>

<net id="582"><net_src comp="62" pin="0"/><net_sink comp="571" pin=0"/></net>

<net id="583"><net_src comp="66" pin="0"/><net_sink comp="571" pin=1"/></net>

<net id="584"><net_src comp="218" pin="3"/><net_sink comp="571" pin=2"/></net>

<net id="585"><net_src comp="68" pin="0"/><net_sink comp="571" pin=3"/></net>

<net id="586"><net_src comp="238" pin="3"/><net_sink comp="571" pin=4"/></net>

<net id="587"><net_src comp="64" pin="0"/><net_sink comp="571" pin=5"/></net>

<net id="588"><net_src comp="244" pin="3"/><net_sink comp="571" pin=6"/></net>

<net id="589"><net_src comp="70" pin="0"/><net_sink comp="571" pin=7"/></net>

<net id="601"><net_src comp="62" pin="0"/><net_sink comp="590" pin=0"/></net>

<net id="602"><net_src comp="64" pin="0"/><net_sink comp="590" pin=1"/></net>

<net id="603"><net_src comp="218" pin="3"/><net_sink comp="590" pin=2"/></net>

<net id="604"><net_src comp="66" pin="0"/><net_sink comp="590" pin=3"/></net>

<net id="605"><net_src comp="238" pin="3"/><net_sink comp="590" pin=4"/></net>

<net id="606"><net_src comp="68" pin="0"/><net_sink comp="590" pin=5"/></net>

<net id="607"><net_src comp="244" pin="3"/><net_sink comp="590" pin=6"/></net>

<net id="608"><net_src comp="70" pin="0"/><net_sink comp="590" pin=7"/></net>

<net id="613"><net_src comp="368" pin="1"/><net_sink comp="609" pin=0"/></net>

<net id="618"><net_src comp="590" pin="9"/><net_sink comp="614" pin=0"/></net>

<net id="623"><net_src comp="356" pin="1"/><net_sink comp="619" pin=0"/></net>

<net id="628"><net_src comp="552" pin="9"/><net_sink comp="624" pin=0"/></net>

<net id="633"><net_src comp="350" pin="1"/><net_sink comp="629" pin=0"/></net>

<net id="638"><net_src comp="353" pin="1"/><net_sink comp="634" pin=0"/></net>

<net id="643"><net_src comp="571" pin="9"/><net_sink comp="639" pin=0"/></net>

<net id="648"><net_src comp="359" pin="1"/><net_sink comp="644" pin=0"/></net>

<net id="653"><net_src comp="347" pin="1"/><net_sink comp="649" pin=0"/></net>

<net id="668"><net_src comp="58" pin="0"/><net_sink comp="663" pin=0"/></net>

<net id="669"><net_src comp="654" pin="1"/><net_sink comp="663" pin=1"/></net>

<net id="670"><net_src comp="60" pin="0"/><net_sink comp="663" pin=2"/></net>

<net id="676"><net_src comp="663" pin="3"/><net_sink comp="671" pin=0"/></net>

<net id="680"><net_src comp="671" pin="3"/><net_sink comp="677" pin=0"/></net>

<net id="687"><net_src comp="671" pin="3"/><net_sink comp="684" pin=0"/></net>

<net id="692"><net_src comp="684" pin="1"/><net_sink comp="688" pin=0"/></net>

<net id="693"><net_src comp="681" pin="1"/><net_sink comp="688" pin=1"/></net>

<net id="698"><net_src comp="671" pin="3"/><net_sink comp="694" pin=0"/></net>

<net id="703"><net_src comp="694" pin="2"/><net_sink comp="699" pin=0"/></net>

<net id="704"><net_src comp="42" pin="0"/><net_sink comp="699" pin=1"/></net>

<net id="709"><net_src comp="677" pin="1"/><net_sink comp="705" pin=0"/></net>

<net id="710"><net_src comp="72" pin="0"/><net_sink comp="705" pin=1"/></net>

<net id="714"><net_src comp="705" pin="2"/><net_sink comp="711" pin=0"/></net>

<net id="718"><net_src comp="705" pin="2"/><net_sink comp="715" pin=0"/></net>

<net id="723"><net_src comp="660" pin="1"/><net_sink comp="719" pin=0"/></net>

<net id="724"><net_src comp="74" pin="0"/><net_sink comp="719" pin=1"/></net>

<net id="728"><net_src comp="719" pin="2"/><net_sink comp="725" pin=0"/></net>

<net id="733"><net_src comp="715" pin="1"/><net_sink comp="729" pin=0"/></net>

<net id="734"><net_src comp="725" pin="1"/><net_sink comp="729" pin=1"/></net>

<net id="739"><net_src comp="657" pin="1"/><net_sink comp="735" pin=0"/></net>

<net id="740"><net_src comp="76" pin="0"/><net_sink comp="735" pin=1"/></net>

<net id="744"><net_src comp="735" pin="2"/><net_sink comp="741" pin=0"/></net>

<net id="749"><net_src comp="711" pin="1"/><net_sink comp="745" pin=0"/></net>

<net id="750"><net_src comp="741" pin="1"/><net_sink comp="745" pin=1"/></net>

<net id="761"><net_src comp="754" pin="2"/><net_sink comp="758" pin=0"/></net>

<net id="769"><net_src comp="762" pin="2"/><net_sink comp="766" pin=0"/></net>

<net id="774"><net_src comp="88" pin="0"/><net_sink comp="770" pin=1"/></net>

<net id="779"><net_src comp="770" pin="2"/><net_sink comp="775" pin=1"/></net>

<net id="784"><net_src comp="88" pin="0"/><net_sink comp="780" pin=1"/></net>

<net id="789"><net_src comp="780" pin="2"/><net_sink comp="785" pin=1"/></net>

<net id="794"><net_src comp="88" pin="0"/><net_sink comp="790" pin=1"/></net>

<net id="799"><net_src comp="785" pin="2"/><net_sink comp="795" pin=0"/></net>

<net id="800"><net_src comp="790" pin="2"/><net_sink comp="795" pin=1"/></net>

<net id="806"><net_src comp="58" pin="0"/><net_sink comp="801" pin=0"/></net>

<net id="807"><net_src comp="758" pin="1"/><net_sink comp="801" pin=1"/></net>

<net id="808"><net_src comp="60" pin="0"/><net_sink comp="801" pin=2"/></net>

<net id="814"><net_src comp="58" pin="0"/><net_sink comp="809" pin=0"/></net>

<net id="815"><net_src comp="766" pin="1"/><net_sink comp="809" pin=1"/></net>

<net id="816"><net_src comp="60" pin="0"/><net_sink comp="809" pin=2"/></net>

<net id="821"><net_src comp="809" pin="3"/><net_sink comp="817" pin=0"/></net>

<net id="822"><net_src comp="88" pin="0"/><net_sink comp="817" pin=1"/></net>

<net id="827"><net_src comp="785" pin="2"/><net_sink comp="823" pin=0"/></net>

<net id="832"><net_src comp="801" pin="3"/><net_sink comp="828" pin=0"/></net>

<net id="833"><net_src comp="817" pin="2"/><net_sink comp="828" pin=1"/></net>

<net id="838"><net_src comp="828" pin="2"/><net_sink comp="834" pin=0"/></net>

<net id="839"><net_src comp="823" pin="2"/><net_sink comp="834" pin=1"/></net>

<net id="846"><net_src comp="90" pin="0"/><net_sink comp="840" pin=0"/></net>

<net id="847"><net_src comp="775" pin="2"/><net_sink comp="840" pin=1"/></net>

<net id="848"><net_src comp="795" pin="2"/><net_sink comp="840" pin=2"/></net>

<net id="849"><net_src comp="834" pin="2"/><net_sink comp="840" pin=3"/></net>

<net id="863"><net_src comp="92" pin="0"/><net_sink comp="850" pin=0"/></net>

<net id="864"><net_src comp="94" pin="0"/><net_sink comp="850" pin=1"/></net>

<net id="865"><net_src comp="64" pin="0"/><net_sink comp="850" pin=2"/></net>

<net id="866"><net_src comp="96" pin="0"/><net_sink comp="850" pin=3"/></net>

<net id="867"><net_src comp="68" pin="0"/><net_sink comp="850" pin=4"/></net>

<net id="868"><net_src comp="98" pin="0"/><net_sink comp="850" pin=5"/></net>

<net id="869"><net_src comp="100" pin="0"/><net_sink comp="850" pin=6"/></net>

<net id="870"><net_src comp="102" pin="0"/><net_sink comp="850" pin=7"/></net>

<net id="871"><net_src comp="66" pin="0"/><net_sink comp="850" pin=8"/></net>

<net id="872"><net_src comp="104" pin="0"/><net_sink comp="850" pin=9"/></net>

<net id="873"><net_src comp="840" pin="4"/><net_sink comp="850" pin=10"/></net>

<net id="879"><net_src comp="106" pin="0"/><net_sink comp="874" pin=0"/></net>

<net id="880"><net_src comp="850" pin="11"/><net_sink comp="874" pin=1"/></net>

<net id="881"><net_src comp="751" pin="1"/><net_sink comp="874" pin=2"/></net>

<net id="885"><net_src comp="874" pin="3"/><net_sink comp="882" pin=0"/></net>

<net id="886"><net_src comp="882" pin="1"/><net_sink comp="204" pin=2"/></net>

<net id="890"><net_src comp="110" pin="1"/><net_sink comp="887" pin=0"/></net>

<net id="891"><net_src comp="887" pin="1"/><net_sink comp="295" pin=1"/></net>

<net id="892"><net_src comp="887" pin="1"/><net_sink comp="300" pin=0"/></net>

<net id="893"><net_src comp="887" pin="1"/><net_sink comp="342" pin=1"/></net>

<net id="897"><net_src comp="114" pin="1"/><net_sink comp="894" pin=0"/></net>

<net id="898"><net_src comp="894" pin="1"/><net_sink comp="290" pin=1"/></net>

<net id="899"><net_src comp="894" pin="1"/><net_sink comp="362" pin=0"/></net>

<net id="900"><net_src comp="894" pin="1"/><net_sink comp="649" pin=1"/></net>

<net id="904"><net_src comp="118" pin="1"/><net_sink comp="901" pin=0"/></net>

<net id="905"><net_src comp="901" pin="1"/><net_sink comp="285" pin=1"/></net>

<net id="906"><net_src comp="901" pin="1"/><net_sink comp="365" pin=0"/></net>

<net id="907"><net_src comp="901" pin="1"/><net_sink comp="644" pin=1"/></net>

<net id="911"><net_src comp="122" pin="1"/><net_sink comp="908" pin=0"/></net>

<net id="912"><net_src comp="908" pin="1"/><net_sink comp="280" pin=1"/></net>

<net id="913"><net_src comp="908" pin="1"/><net_sink comp="368" pin=0"/></net>

<net id="914"><net_src comp="908" pin="1"/><net_sink comp="639" pin=1"/></net>

<net id="918"><net_src comp="126" pin="1"/><net_sink comp="915" pin=0"/></net>

<net id="919"><net_src comp="915" pin="1"/><net_sink comp="275" pin=1"/></net>

<net id="920"><net_src comp="915" pin="1"/><net_sink comp="371" pin=0"/></net>

<net id="921"><net_src comp="915" pin="1"/><net_sink comp="634" pin=1"/></net>

<net id="925"><net_src comp="130" pin="1"/><net_sink comp="922" pin=0"/></net>

<net id="926"><net_src comp="922" pin="1"/><net_sink comp="270" pin=1"/></net>

<net id="927"><net_src comp="922" pin="1"/><net_sink comp="347" pin=0"/></net>

<net id="928"><net_src comp="922" pin="1"/><net_sink comp="629" pin=1"/></net>

<net id="932"><net_src comp="134" pin="1"/><net_sink comp="929" pin=0"/></net>

<net id="933"><net_src comp="929" pin="1"/><net_sink comp="265" pin=1"/></net>

<net id="934"><net_src comp="929" pin="1"/><net_sink comp="350" pin=0"/></net>

<net id="935"><net_src comp="929" pin="1"/><net_sink comp="624" pin=1"/></net>

<net id="939"><net_src comp="138" pin="1"/><net_sink comp="936" pin=0"/></net>

<net id="940"><net_src comp="936" pin="1"/><net_sink comp="260" pin=1"/></net>

<net id="941"><net_src comp="936" pin="1"/><net_sink comp="353" pin=0"/></net>

<net id="942"><net_src comp="936" pin="1"/><net_sink comp="619" pin=1"/></net>

<net id="946"><net_src comp="142" pin="1"/><net_sink comp="943" pin=0"/></net>

<net id="947"><net_src comp="943" pin="1"/><net_sink comp="255" pin=1"/></net>

<net id="948"><net_src comp="943" pin="1"/><net_sink comp="356" pin=0"/></net>

<net id="949"><net_src comp="943" pin="1"/><net_sink comp="614" pin=1"/></net>

<net id="953"><net_src comp="146" pin="1"/><net_sink comp="950" pin=0"/></net>

<net id="954"><net_src comp="950" pin="1"/><net_sink comp="250" pin=1"/></net>

<net id="955"><net_src comp="950" pin="1"/><net_sink comp="359" pin=0"/></net>

<net id="956"><net_src comp="950" pin="1"/><net_sink comp="609" pin=1"/></net>

<net id="960"><net_src comp="150" pin="2"/><net_sink comp="957" pin=0"/></net>

<net id="961"><net_src comp="957" pin="1"/><net_sink comp="590" pin=8"/></net>

<net id="965"><net_src comp="156" pin="2"/><net_sink comp="962" pin=0"/></net>

<net id="966"><net_src comp="962" pin="1"/><net_sink comp="571" pin=8"/></net>

<net id="970"><net_src comp="162" pin="2"/><net_sink comp="967" pin=0"/></net>

<net id="971"><net_src comp="967" pin="1"/><net_sink comp="552" pin=8"/></net>

<net id="975"><net_src comp="303" pin="2"/><net_sink comp="972" pin=0"/></net>

<net id="979"><net_src comp="211" pin="3"/><net_sink comp="976" pin=0"/></net>

<net id="980"><net_src comp="976" pin="1"/><net_sink comp="218" pin=0"/></net>

<net id="984"><net_src comp="224" pin="3"/><net_sink comp="981" pin=0"/></net>

<net id="985"><net_src comp="981" pin="1"/><net_sink comp="238" pin=0"/></net>

<net id="989"><net_src comp="231" pin="3"/><net_sink comp="986" pin=0"/></net>

<net id="990"><net_src comp="986" pin="1"/><net_sink comp="244" pin=0"/></net>

<net id="994"><net_src comp="472" pin="2"/><net_sink comp="991" pin=0"/></net>

<net id="995"><net_src comp="991" pin="1"/><net_sink comp="754" pin=1"/></net>

<net id="996"><net_src comp="991" pin="1"/><net_sink comp="762" pin=0"/></net>

<net id="1000"><net_src comp="512" pin="2"/><net_sink comp="997" pin=0"/></net>

<net id="1001"><net_src comp="997" pin="1"/><net_sink comp="671" pin=2"/></net>

<net id="1005"><net_src comp="518" pin="2"/><net_sink comp="1002" pin=0"/></net>

<net id="1006"><net_src comp="1002" pin="1"/><net_sink comp="654" pin=0"/></net>

<net id="1007"><net_src comp="1002" pin="1"/><net_sink comp="754" pin=0"/></net>

<net id="1008"><net_src comp="1002" pin="1"/><net_sink comp="762" pin=1"/></net>

<net id="1012"><net_src comp="538" pin="3"/><net_sink comp="1009" pin=0"/></net>

<net id="1013"><net_src comp="1009" pin="1"/><net_sink comp="657" pin=0"/></net>

<net id="1014"><net_src comp="1009" pin="1"/><net_sink comp="660" pin=0"/></net>

<net id="1015"><net_src comp="1009" pin="1"/><net_sink comp="681" pin=0"/></net>

<net id="1016"><net_src comp="1009" pin="1"/><net_sink comp="694" pin=1"/></net>

<net id="1020"><net_src comp="546" pin="2"/><net_sink comp="1017" pin=0"/></net>

<net id="1021"><net_src comp="1017" pin="1"/><net_sink comp="671" pin=1"/></net>

<net id="1025"><net_src comp="688" pin="2"/><net_sink comp="1022" pin=0"/></net>

<net id="1026"><net_src comp="1022" pin="1"/><net_sink comp="751" pin=0"/></net>

<net id="1030"><net_src comp="699" pin="2"/><net_sink comp="1027" pin=0"/></net>

<net id="1031"><net_src comp="1027" pin="1"/><net_sink comp="775" pin=0"/></net>

<net id="1032"><net_src comp="1027" pin="1"/><net_sink comp="780" pin=0"/></net>

<net id="1036"><net_src comp="729" pin="2"/><net_sink comp="1033" pin=0"/></net>

<net id="1037"><net_src comp="1033" pin="1"/><net_sink comp="770" pin=0"/></net>

<net id="1038"><net_src comp="1033" pin="1"/><net_sink comp="785" pin=0"/></net>

<net id="1042"><net_src comp="745" pin="2"/><net_sink comp="1039" pin=0"/></net>

<net id="1043"><net_src comp="1039" pin="1"/><net_sink comp="790" pin=0"/></net>

<net id="1044"><net_src comp="1039" pin="1"/><net_sink comp="823" pin=1"/></net>

</net_list>

</model> 
---------------- Datapath Model END ------------------

* FSMD analyzer results:
  - Output states:
	Port: sobel_out | {4 }
 - Input state : 
	Port: sobel_Pipeline_VITIS_LOOP_149_6 : tmp_2 | {1 }
	Port: sobel_Pipeline_VITIS_LOOP_149_6 : tmp_6 | {1 }
	Port: sobel_Pipeline_VITIS_LOOP_149_6 : tmp_3 | {1 }
	Port: sobel_Pipeline_VITIS_LOOP_149_6 : tmp_5 | {1 }
	Port: sobel_Pipeline_VITIS_LOOP_149_6 : tmp_4 | {1 }
	Port: sobel_Pipeline_VITIS_LOOP_149_6 : tmp_1 | {1 }
	Port: sobel_Pipeline_VITIS_LOOP_149_6 : lineBuffer | {1 2 }
	Port: sobel_Pipeline_VITIS_LOOP_149_6 : lineBuffer_1 | {1 2 }
	Port: sobel_Pipeline_VITIS_LOOP_149_6 : lineBuffer_2 | {1 2 }
	Port: sobel_Pipeline_VITIS_LOOP_149_6 : empty_30 | {1 }
	Port: sobel_Pipeline_VITIS_LOOP_149_6 : empty | {1 }
	Port: sobel_Pipeline_VITIS_LOOP_149_6 : select_ln23 | {1 }
  - Chain level:
	State 1
		store_ln149 : 1
		column : 1
		icmp_ln149 : 2
		column_2 : 2
		br_ln149 : 3
		add_ln185 : 2
		icmp_ln63 : 3
		nextColumn : 4
		zext_ln192 : 5
		lineBuffer_addr : 6
		banked : 7
		lineBuffer_1_addr : 6
		lineBuffer_2_addr : 6
		banked_1 : 7
		banked_2 : 7
		store_ln149 : 3
	State 2
		zext_ln165_4 : 1
		zext_ln165 : 1
		zext_ln166 : 1
		zext_ln165_1 : 1
		p_cast8 : 1
		zext_ln166_1 : 1
		zext_ln165_2 : 1
		tmp : 2
		tmp_8 : 3
		sext_ln152 : 4
		p_cast9 : 1
		tmp3 : 2
		tmp_10 : 3
		sext_ln153 : 4
		zext_ln165_3 : 1
		sub_ln168 : 2
		sext_ln168 : 3
		add_ln168 : 4
		sext_ln168_1 : 5
		gradientX_2 : 6
		gradientX : 7
		sext_ln172 : 8
		trunc_ln172 : 8
		add_ln172 : 2
		zext_ln172 : 3
		sub_ln172 : 4
		gradientY_2 : 5
		sext_ln172_1 : 6
		add_ln172_1 : 6
		gradientY : 7
		tmp_13 : 9
		sub_ln28 : 9
		absoluteX : 10
		sub_ln28_1 : 7
		tmp_9 : 1
		tmp_s : 1
		tmp_7 : 1
		store_ln0 : 1
		store_ln165 : 2
		store_ln165 : 1
		store_ln165 : 2
		store_ln165 : 1
		store_ln165 : 1
		store_ln199 : 2
		store_ln0 : 1
		store_ln165 : 1
	State 3
		tmp_14 : 1
		absoluteY : 2
		zext_ln180 : 3
		zext_ln180_2 : 3
		result_magnitude : 4
		or_ln38 : 3
		icmp_ln38 : 3
		mul_ln42 : 4
		zext_ln42 : 5
		zext_ln42_1 : 5
		mul_ln42_1 : 1
		zext_ln42_2 : 2
		icmp_ln42 : 6
		mul_ln46 : 1
		zext_ln46 : 2
		icmp_ln46 : 6
	State 4
		tmp_15 : 1
		tmp_16 : 1
		xor_ln52 : 2
		and_ln52_2 : 2
		and_ln52_3 : 2
		sel_tmp : 2
		result_direction : 3
		zext_ln182_cast : 4
		zext_ln182 : 5
		write_ln182 : 6


============================================================
+ Verbose Summary: Datapath Resource usage 
============================================================

* Functional unit list:
|----------|------------------------------|---------|---------|---------|
| Operation|        Functional Unit       |   DSP   |    FF   |   LUT   |
|----------|------------------------------|---------|---------|---------|
|          |        column_2_fu_309       |    0    |    0    |    17   |
|          |       add_ln185_fu_315       |    0    |    0    |    17   |
|          |       add_ln168_fu_456       |    0    |    0    |    16   |
|    add   |      gradientX_2_fu_466      |    0    |    0    |    18   |
|          |       add_ln172_fu_486       |    0    |    0    |    15   |
|          |      add_ln172_1_fu_512      |    0    |    0    |    17   |
|          |       gradientY_fu_518       |    0    |    0    |    17   |
|          |    result_magnitude_fu_688   |    0    |    0    |    17   |
|----------|------------------------------|---------|---------|---------|
|          |          tmp_fu_402          |    0    |    0    |    15   |
|          |          tmp3_fu_424         |    0    |    0    |    15   |
|          |       sub_ln168_fu_446       |    0    |    0    |    15   |
|    sub   |       gradientX_fu_472       |    0    |    0    |    17   |
|          |       sub_ln172_fu_496       |    0    |    0    |    18   |
|          |      gradientY_2_fu_502      |    0    |    0    |    18   |
|          |        sub_ln28_fu_532       |    0    |    0    |    17   |
|          |       sub_ln28_1_fu_546      |    0    |    0    |    17   |
|----------|------------------------------|---------|---------|---------|
|          |       icmp_ln149_fu_303      |    0    |    0    |    17   |
|          |       icmp_ln63_fu_321       |    0    |    0    |    17   |
|   icmp   |       icmp_ln38_fu_699       |    0    |    0    |    17   |
|          |       icmp_ln42_fu_729       |    0    |    0    |    27   |
|          |       icmp_ln46_fu_745       |    0    |    0    |    29   |
|----------|------------------------------|---------|---------|---------|
|          |        mul_ln42_fu_705       |    1    |    0    |    5    |
|    mul   |       mul_ln42_1_fu_719      |    0    |    0    |    62   |
|          |        mul_ln46_fu_735       |    1    |    0    |    5    |
|----------|------------------------------|---------|---------|---------|
|          |         tmp_9_fu_552         |    0    |    0    |    9    |
| sparsemux|         tmp_s_fu_571         |    0    |    0    |    9    |
|          |         tmp_7_fu_590         |    0    |    0    |    9    |
|          |    result_direction_fu_850   |    0    |    0    |    14   |
|----------|------------------------------|---------|---------|---------|
|          |       nextColumn_fu_327      |    0    |    0    |    10   |
|  select  |       absoluteX_fu_538       |    0    |    0    |    10   |
|          |       absoluteY_fu_671       |    0    |    0    |    10   |
|----------|------------------------------|---------|---------|---------|
|          |        or_ln38_fu_694        |    0    |    0    |    10   |
|    or    |        or_ln51_fu_754        |    0    |    0    |    11   |
|          |        or_ln42_fu_775        |    0    |    0    |    2    |
|----------|------------------------------|---------|---------|---------|
|          |        and_ln52_fu_762       |    0    |    0    |    11   |
|          |        and_ln42_fu_785       |    0    |    0    |    2    |
|    and   |        and_ln46_fu_795       |    0    |    0    |    2    |
|          |       and_ln52_1_fu_823      |    0    |    0    |    2    |
|          |       and_ln52_2_fu_828      |    0    |    0    |    2    |
|          |       and_ln52_3_fu_834      |    0    |    0    |    2    |
|----------|------------------------------|---------|---------|---------|
|          |        xor_ln42_fu_770       |    0    |    0    |    2    |
|    xor   |        xor_ln38_fu_780       |    0    |    0    |    2    |
|          |        xor_ln46_fu_790       |    0    |    0    |    2    |
|          |        xor_ln52_fu_817       |    0    |    0    |    2    |
|----------|------------------------------|---------|---------|---------|
|          | select_ln23_read_read_fu_150 |    0    |    0    |    0    |
|          |      tmp_11_read_fu_156      |    0    |    0    |    0    |
|          |      tmp_12_read_fu_162      |    0    |    0    |    0    |
|          |    tmp_1_read_read_fu_168    |    0    |    0    |    0    |
|   read   |    tmp_4_read_read_fu_174    |    0    |    0    |    0    |
|          |    tmp_5_read_read_fu_180    |    0    |    0    |    0    |
|          |    tmp_3_read_read_fu_186    |    0    |    0    |    0    |
|          |    tmp_6_read_read_fu_192    |    0    |    0    |    0    |
|          |    tmp_2_read_read_fu_198    |    0    |    0    |    0    |
|----------|------------------------------|---------|---------|---------|
|   write  |   write_ln182_write_fu_204   |    0    |    0    |    0    |
|----------|------------------------------|---------|---------|---------|
|          |       zext_ln192_fu_335      |    0    |    0    |    0    |
|          |      zext_ln165_4_fu_374     |    0    |    0    |    0    |
|          |       zext_ln165_fu_378      |    0    |    0    |    0    |
|          |       zext_ln166_fu_382      |    0    |    0    |    0    |
|          |      zext_ln165_1_fu_386     |    0    |    0    |    0    |
|          |        p_cast8_fu_390        |    0    |    0    |    0    |
|          |      zext_ln166_1_fu_394     |    0    |    0    |    0    |
|          |      zext_ln165_2_fu_398     |    0    |    0    |    0    |
|          |        p_cast9_fu_420        |    0    |    0    |    0    |
|          |      zext_ln165_3_fu_442     |    0    |    0    |    0    |
|   zext   |       zext_ln172_fu_492      |    0    |    0    |    0    |
|          |       zext_ln27_fu_657       |    0    |    0    |    0    |
|          |      zext_ln27_1_fu_660      |    0    |    0    |    0    |
|          |       zext_ln180_fu_677      |    0    |    0    |    0    |
|          |      zext_ln180_1_fu_681     |    0    |    0    |    0    |
|          |      zext_ln180_2_fu_684     |    0    |    0    |    0    |
|          |       zext_ln42_fu_711       |    0    |    0    |    0    |
|          |      zext_ln42_1_fu_715      |    0    |    0    |    0    |
|          |      zext_ln42_2_fu_725      |    0    |    0    |    0    |
|          |       zext_ln46_fu_741       |    0    |    0    |    0    |
|          |       zext_ln179_fu_751      |    0    |    0    |    0    |
|          |       zext_ln182_fu_882      |    0    |    0    |    0    |
|----------|------------------------------|---------|---------|---------|
|          |         tmp_8_fu_408         |    0    |    0    |    0    |
|bitconcatenate|         tmp_10_fu_430        |    0    |    0    |    0    |
|          |        sel_tmp_fu_840        |    0    |    0    |    0    |
|          |    zext_ln182_cast_fu_874    |    0    |    0    |    0    |
|----------|------------------------------|---------|---------|---------|
|          |       sext_ln152_fu_416      |    0    |    0    |    0    |
|          |       sext_ln153_fu_438      |    0    |    0    |    0    |
|          |       sext_ln168_fu_452      |    0    |    0    |    0    |
|          |      sext_ln168_1_fu_462     |    0    |    0    |    0    |
|   sext   |       sext_ln172_fu_478      |    0    |    0    |    0    |
|          |      sext_ln172_1_fu_508     |    0    |    0    |    0    |
|          |      sext_ln153_1_fu_654     |    0    |    0    |    0    |
|          |       sext_ln52_fu_758       |    0    |    0    |    0    |
|          |       sext_ln42_fu_766       |    0    |    0    |    0    |
|----------|------------------------------|---------|---------|---------|
|   trunc  |      trunc_ln172_fu_482      |    0    |    0    |    0    |
|----------|------------------------------|---------|---------|---------|
|          |         tmp_13_fu_524        |    0    |    0    |    0    |
| bitselect|         tmp_14_fu_663        |    0    |    0    |    0    |
|          |         tmp_15_fu_801        |    0    |    0    |    0    |
|          |         tmp_16_fu_809        |    0    |    0    |    0    |
|----------|------------------------------|---------|---------|---------|
|   Total  |                              |    2    |    0    |   568   |
|----------|------------------------------|---------|---------|---------|

Memories:
N/A

* Register list:
+-------------------------+--------+
|                         |   FF   |
+-------------------------+--------+
|    absoluteX_reg_1009   |   10   |
|   add_ln172_1_reg_997   |   10   |
|     column_1_reg_887    |   10   |
|     empty_52_reg_901    |    8   |
|     empty_53_reg_908    |    8   |
|     empty_54_reg_922    |    8   |
|     empty_55_reg_936    |    8   |
|     empty_56_reg_950    |    8   |
|    gradientX_reg_991    |   11   |
|    gradientY_reg_1002   |   11   |
|    icmp_ln149_reg_972   |    1   |
|    icmp_ln38_reg_1027   |    1   |
|    icmp_ln42_reg_1033   |    1   |
|    icmp_ln46_reg_1039   |    1   |
|lineBuffer_1_addr_reg_981|   10   |
|lineBuffer_2_addr_reg_986|   10   |
| lineBuffer_addr_reg_976 |   10   |
|     pixel_1_reg_929     |    8   |
|     pixel_2_reg_915     |    8   |
|     pixel_3_reg_943     |    8   |
|      pixel_reg_894      |    8   |
|result_magnitude_reg_1022|   11   |
| select_ln23_read_reg_957|    2   |
|   sub_ln28_1_reg_1017   |   10   |
|      tmp_11_reg_962     |    2   |
|      tmp_12_reg_967     |    2   |
+-------------------------+--------+
|          Total          |   185  |
+-------------------------+--------+

* Multiplexer (MUX) list: 
|-------------------|------|------|------|--------||---------||---------||---------|
|        Comp       |  Pin | Size |  BW  | S x BW ||  Delay  ||    FF   ||   LUT   |
|-------------------|------|------|------|--------||---------||---------||---------|
| grp_access_fu_218 |  p0  |   2  |  10  |   20   ||    0    ||    9    |
| grp_access_fu_238 |  p0  |   2  |  10  |   20   ||    0    ||    9    |
| grp_access_fu_244 |  p0  |   2  |  10  |   20   ||    0    ||    9    |
|-------------------|------|------|------|--------||---------||---------||---------|
|       Total       |      |      |      |   60   ||  1.281  ||    0    ||    27   |
|-------------------|------|------|------|--------||---------||---------||---------|



* Summary:
+-----------+--------+--------+--------+--------+
|           |   DSP  |  Delay |   FF   |   LUT  |
+-----------+--------+--------+--------+--------+
|  Function |    2   |    -   |    0   |   568  |
|   Memory  |    -   |    -   |    -   |    -   |
|Multiplexer|    -   |    1   |    0   |   27   |
|  Register |    -   |    -   |   185  |    -   |
+-----------+--------+--------+--------+--------+
|   Total   |    2   |    1   |   185  |   595  |
+-----------+--------+--------+--------+--------+
