

================================================================
== Synthesis Summary Report of 'canny_top'
================================================================
+ General Information: 
    * Date:           Sat Jul 25 12:05:05 2026
    * Version:        2025.2 (Build 6295257 on Nov 14 2025)
    * Project:        canny_top
    * Solution:       hls (Vitis Kernel Flow Target)
    * Product family: zynquplus
    * Target device:  xck26-sfvc784-2LV-c
    

* Performance & Resource Estimates: 
+-----------------------------------------------------------------+------+---------------------+----------+---------+------+----------+---------+-----------+------+----------+---------+-------------+-------------+-----+
|                             Modules                             | Issue|                     | Iteration|         | Trip |          |       Latency       |      |          |         |             |             |     |
|                             & Loops                             | Type |    Violation Type   |  Latency | Interval| Count| Pipelined| (cycles)|    (ns)   | Slack|   BRAM   |   DSP   |      FF     |     LUT     | URAM|
+-----------------------------------------------------------------+------+---------------------+----------+---------+------+----------+---------+-----------+------+----------+---------+-------------+-------------+-----+
|+ canny_top                                                      |     -|                    -|         -|  3808796|     -|        no|  3808795|  1.904e+07|  0.00|  53 (18%)|  4 (~0%)|  25777 (11%)|  37909 (32%)|    -|
| + canny_top_Pipeline_VITIS_LOOP_41_1_VITIS_LOOP_42_2            |     -|                    -|         -|        -|     -|       yes|     2562|  1.281e+04|  0.41|         -|        -|     28 (~0%)|    171 (~0%)|    -|
|  o VITIS_LOOP_41_1_VITIS_LOOP_42_2                              |     -|                    -|         2|        1|  2560|       yes|     2560|  1.280e+04|  3.65|         -|        -|            -|            -|    -|
| + canny_top_Pipeline_VITIS_LOOP_79_1_VITIS_LOOP_80_2            |     -|                    -|         -|        -|     -|       yes|     1538|  7.690e+03|  0.42|         -|        -|     26 (~0%)|    166 (~0%)|    -|
|  o VITIS_LOOP_79_1_VITIS_LOOP_80_2                              |     -|                    -|         2|        1|  1536|       yes|     1536|  7.680e+03|  3.65|         -|        -|            -|            -|    -|
| + canny_top_Pipeline_VITIS_LOOP_22_1_VITIS_LOOP_23_2            |     -|                    -|         -|        -|     -|       yes|     1538|  7.690e+03|  0.80|         -|        -|     37 (~0%)|    184 (~0%)|    -|
|  o VITIS_LOOP_22_1_VITIS_LOOP_23_2                              |     -|                    -|         2|        1|  1536|       yes|     1536|  7.680e+03|  3.65|         -|        -|            -|            -|    -|
| + canny_top_Pipeline_VITIS_LOOP_49_1_VITIS_LOOP_50_2            |     -|                    -|         -|        -|     -|       yes|     1538|  7.690e+03|  0.80|         -|        -|     25 (~0%)|    155 (~0%)|    -|
|  o VITIS_LOOP_49_1_VITIS_LOOP_50_2                              |     -|                    -|         1|        1|  1536|       yes|     1536|  7.680e+03|  3.65|         -|        -|            -|            -|    -|
| + canny_top_Pipeline_VITIS_LOOP_49_1_VITIS_LOOP_50_21           |     -|                    -|         -|        -|     -|       yes|     1538|  7.690e+03|  0.80|         -|        -|     25 (~0%)|    155 (~0%)|    -|
|  o VITIS_LOOP_49_1_VITIS_LOOP_50_2                              |     -|                    -|         1|        1|  1536|       yes|     1536|  7.680e+03|  3.65|         -|        -|            -|            -|    -|
| + canny_top_Pipeline_VITIS_LOOP_49_1_VITIS_LOOP_50_22           |     -|                    -|         -|        -|     -|       yes|     1538|  7.690e+03|  0.80|         -|        -|     25 (~0%)|    155 (~0%)|    -|
|  o VITIS_LOOP_49_1_VITIS_LOOP_50_2                              |     -|                    -|         1|        1|  1536|       yes|     1536|  7.680e+03|  3.65|         -|        -|            -|            -|    -|
| + canny_top_Pipeline_VITIS_LOOP_49_1_VITIS_LOOP_50_23           |     -|                    -|         -|        -|     -|       yes|     1538|  7.690e+03|  0.80|         -|        -|     25 (~0%)|    155 (~0%)|    -|
|  o VITIS_LOOP_49_1_VITIS_LOOP_50_2                              |     -|                    -|         1|        1|  1536|       yes|     1536|  7.680e+03|  3.65|         -|        -|            -|            -|    -|
| + dataflow_parent_loop_proc                                     |     -|                    -|         -|  3786640|     -|        no|  3806230|  1.903e+07|  0.00|   10 (3%)|  4 (~0%)|   23335 (9%)|  33750 (28%)|    -|
|  o VITIS_LOOP_12_1                                              |     -|                    -|     26872|     7282|   520|  dataflow|  3806229|  1.903e+07|  3.65|         -|        -|            -|            -|    -|
|   + dataflow_in_loop_VITIS_LOOP_12_1_1*                         |     -|                    -|         -|     7282|     -|  dataflow|    26870|  1.344e+05|  0.00|   10 (3%)|  4 (~0%)|   23315 (9%)|  33698 (28%)|    -|
|    + dataflow_in_loop_VITIS_LOOP_12_1_1_Block_newFuncRoot_proc  |     -|                    -|         -|        0|     -|        no|        0|      0.000|  3.29|         -|        -|     11 (~0%)|     37 (~0%)|    -|
|    + grayscale                                                  |     -|                    -|         -|     1615|     -|        no|     1615|  8.075e+03|  0.00|         -|  2 (~0%)|   1231 (~0%)|    7500 (6%)|    -|
|     + grayscale_Pipeline_VITIS_LOOP_7_1                         |     -|                    -|         -|        -|     -|       yes|     1613|  8.065e+03|  0.00|         -|  2 (~0%)|   1144 (~0%)|    7371 (6%)|    -|
|      o VITIS_LOOP_7_1                                           |    II|  Resource Limitation|        79|        3|   512|       yes|     1611|  8.055e+03|  3.65|         -|        -|            -|            -|    -|
|    + gaussian_blur                                              |     -|                    -|         -|     7281|     -|        no|     7281|  3.640e+04|  0.03|         -|        -|   11002 (4%)|   10500 (8%)|    -|
|     + gaussian_blur_Pipeline_VITIS_LOOP_57_1                    |     -|                    -|         -|        -|     -|       yes|      514|  2.570e+03|  1.18|         -|        -|     25 (~0%)|     92 (~0%)|    -|
|      o VITIS_LOOP_57_1                                          |     -|                    -|         2|        1|   512|       yes|      512|  2.560e+03|  3.65|         -|        -|            -|            -|    -|
|     + gaussian_blur_Pipeline_VITIS_LOOP_70_2                    |     -|                    -|         -|        -|     -|       yes|     6694|  3.347e+04|  0.03|         -|        -|    9589 (4%)|    8777 (7%)|    -|
|      o VITIS_LOOP_70_2                                          |    II|  Resource Limitation|        50|       13|   512|       yes|     6692|  3.346e+04|  3.65|         -|        -|            -|            -|    -|
|    + sobel                                                      |     -|                    -|         -|     2640|     -|        no|     2640|  1.320e+04|  0.02|         -|  2 (~0%)|   1524 (~0%)|    2327 (1%)|    -|
|     + sobel_Pipeline_VITIS_LOOP_100_1                           |     -|                    -|         -|        -|     -|       yes|      514|  2.570e+03|  1.18|         -|        -|     24 (~0%)|     91 (~0%)|    -|
|      o VITIS_LOOP_100_1                                         |     -|                    -|         2|        1|   512|       yes|      512|  2.560e+03|  3.65|         -|        -|            -|            -|    -|
|     + sobel_Pipeline_VITIS_LOOP_116_2                           |     -|                    -|         -|        -|     -|       yes|     2054|  1.027e+04|  0.02|         -|  2 (~0%)|    194 (~0%)|    721 (~0%)|    -|
|      o VITIS_LOOP_116_2                                         |    II|  Resource Limitation|         9|        4|   512|       yes|     2052|  1.026e+04|  3.65|         -|        -|            -|            -|    -|
|    + non_maximum_suppression                                    |     -|                    -|         -|     1614|     -|        no|     1614|  8.070e+03|  0.84|         -|        -|   1472 (~0%)|    2134 (1%)|    -|
|     + non_maximum_suppression_Pipeline_VITIS_LOOP_45_1          |     -|                    -|         -|        -|     -|       yes|      514|  2.570e+03|  1.18|         -|        -|     24 (~0%)|     91 (~0%)|    -|
|      o VITIS_LOOP_45_1                                          |     -|                    -|         2|        1|   512|       yes|      512|  2.560e+03|  3.65|         -|        -|            -|            -|    -|
|     + non_maximum_suppression_Pipeline_VITIS_LOOP_74_2          |     -|                    -|         -|        -|     -|       yes|     1027|  5.135e+03|  0.84|         -|        -|     77 (~0%)|    571 (~0%)|    -|
|      o VITIS_LOOP_74_2                                          |    II|  Resource Limitation|         4|        2|   512|       yes|     1025|  5.125e+03|  3.65|         -|        -|            -|            -|    -|
|    + double_threshold                                           |     -|                    -|         -|      516|     -|        no|      516|  2.580e+03|  1.40|         -|        -|     43 (~0%)|    162 (~0%)|    -|
|     + double_threshold_Pipeline_VITIS_LOOP_16_1                 |     -|                    -|         -|        -|     -|       yes|      515|  2.575e+03|  1.61|         -|        -|     37 (~0%)|    126 (~0%)|    -|
|      o VITIS_LOOP_16_1                                          |     -|                    -|         3|        1|   512|       yes|      513|  2.565e+03|  3.65|         -|        -|            -|            -|    -|
|    + hysteresis_1_s                                             |     -|                    -|         -|     3152|     -|        no|     3152|  1.576e+04|  0.02|         -|        -|   1490 (~0%)|    2192 (1%)|    -|
|     + hysteresis_1_Pipeline_VITIS_LOOP_72_1                     |     -|                    -|         -|        -|     -|       yes|      514|  2.570e+03|  1.18|         -|        -|     22 (~0%)|     73 (~0%)|    -|
|      o VITIS_LOOP_72_1                                          |     -|                    -|         2|        1|   512|       yes|      512|  2.560e+03|  3.65|         -|        -|            -|            -|    -|
|     + hysteresis_1_Pipeline_VITIS_LOOP_110_2                    |     -|                    -|         -|        -|     -|       yes|     2566|  1.283e+04|  0.02|         -|        -|    130 (~0%)|    657 (~0%)|    -|
|      o VITIS_LOOP_110_2                                         |    II|  Resource Limitation|        10|        5|   512|       yes|     2564|  1.282e+04|  3.65|         -|        -|            -|            -|    -|
|    + hysteresis_2_s                                             |     -|                    -|         -|     3152|     -|        no|     3152|  1.576e+04|  0.02|         -|        -|   1490 (~0%)|    2192 (1%)|    -|
|     + hysteresis_2_Pipeline_VITIS_LOOP_72_1                     |     -|                    -|         -|        -|     -|       yes|      514|  2.570e+03|  1.18|         -|        -|     22 (~0%)|     73 (~0%)|    -|
|      o VITIS_LOOP_72_1                                          |     -|                    -|         2|        1|   512|       yes|      512|  2.560e+03|  3.65|         -|        -|            -|            -|    -|
|     + hysteresis_2_Pipeline_VITIS_LOOP_110_2                    |     -|                    -|         -|        -|     -|       yes|     2566|  1.283e+04|  0.02|         -|        -|    130 (~0%)|    657 (~0%)|    -|
|      o VITIS_LOOP_110_2                                         |    II|  Resource Limitation|        10|        5|   512|       yes|     2564|  1.282e+04|  3.65|         -|        -|            -|            -|    -|
|    + hysteresis_3_s                                             |     -|                    -|         -|     3152|     -|        no|     3152|  1.576e+04|  0.02|         -|        -|   1490 (~0%)|    2192 (1%)|    -|
|     + hysteresis_3_Pipeline_VITIS_LOOP_72_1                     |     -|                    -|         -|        -|     -|       yes|      514|  2.570e+03|  1.18|         -|        -|     22 (~0%)|     73 (~0%)|    -|
|      o VITIS_LOOP_72_1                                          |     -|                    -|         2|        1|   512|       yes|      512|  2.560e+03|  3.65|         -|        -|            -|            -|    -|
|     + hysteresis_3_Pipeline_VITIS_LOOP_110_2                    |     -|                    -|         -|        -|     -|       yes|     2566|  1.283e+04|  0.02|         -|        -|    130 (~0%)|    657 (~0%)|    -|
|      o VITIS_LOOP_110_2                                         |    II|  Resource Limitation|        10|        5|   512|       yes|     2564|  1.282e+04|  3.65|         -|        -|            -|            -|    -|
|    + hysteresis_4_s                                             |     -|                    -|         -|     3152|     -|        no|     3152|  1.576e+04|  0.02|         -|        -|   1490 (~0%)|    2186 (1%)|    -|
|     + hysteresis_4_Pipeline_VITIS_LOOP_72_1                     |     -|                    -|         -|        -|     -|       yes|      514|  2.570e+03|  1.18|         -|        -|     22 (~0%)|     73 (~0%)|    -|
|      o VITIS_LOOP_72_1                                          |     -|                    -|         2|        1|   512|       yes|      512|  2.560e+03|  3.65|         -|        -|            -|            -|    -|
|     + hysteresis_4_Pipeline_VITIS_LOOP_110_2                    |     -|                    -|         -|        -|     -|       yes|     2566|  1.283e+04|  0.02|         -|        -|    130 (~0%)|    651 (~0%)|    -|
|      o VITIS_LOOP_110_2                                         |    II|  Resource Limitation|        10|        5|   512|       yes|     2564|  1.282e+04|  3.65|         -|        -|            -|            -|    -|
|    + output_row                                                 |     -|                    -|         -|      586|     -|        no|      586|  2.930e+03|  0.00|         -|        -|   1155 (~0%)|    1313 (1%)|    -|
|     + output_row_Pipeline_VITIS_LOOP_20_1                       |     -|                    -|         -|        -|     -|       yes|      515|  2.575e+03|  0.00|         -|        -|   1022 (~0%)|    601 (~0%)|    -|
|      o VITIS_LOOP_20_1                                          |     -|                    -|         3|        1|   512|       yes|      513|  2.565e+03|  3.65|         -|        -|            -|            -|    -|
+-----------------------------------------------------------------+------+---------------------+----------+---------+------+----------+---------+-----------+------+----------+---------+-------------+-------------+-----+
    II Violation Information: docs.amd.com/access/sources/dita/topic?Doc_Version=2025.2%20English&url=ug1448-hls-guidance&resourceid=200-880.html
    Name Prefix: '+' for module, 'o' for loop, '*' for dataflow


================================================================
== HW Interfaces
================================================================
* M_AXI
+------------+------------+------------+---------------+---------+--------+----------+-----------+--------------+--------------+-------------+-------------+-------------------+
| Interface  | Read/Write | Data Width | Address Width | Latency | Offset | Register | Max Widen | Max Read     | Max Write    | Num Read    | Num Write   | Resource Estimate |
|            |            | (SW->HW)   |               |         |        |          | Bitwidth  | Burst Length | Burst Length | Outstanding | Outstanding |                   |
+------------+------------+------------+---------------+---------+--------+----------+-----------+--------------+--------------+-------------+-------------+-------------------+
| m_axi_gmem | READ_WRITE | 24 -> 512  | 64            | 64      | slave  | 0        | 512       | 16           | 16           | 16          | 16          | BRAM=29           |
+------------+------------+------------+---------------+---------+--------+----------+-----------+--------------+--------------+-------------+-------------+-------------------+

* S_AXILITE Interfaces
+---------------+------------+---------------+--------+----------+
| Interface     | Data Width | Address Width | Offset | Register |
+---------------+------------+---------------+--------+----------+
| s_axi_control | 32         | 6             | 16     | 0        |
+---------------+------------+---------------+--------+----------+

* S_AXILITE Registers
+---------------+----------+--------+-------+--------+----------------------------------+------------------------------------------------------------------------------------+
| Interface     | Register | Offset | Width | Access | Description                      | Bit Fields                                                                         |
+---------------+----------+--------+-------+--------+----------------------------------+------------------------------------------------------------------------------------+
| s_axi_control | CTRL     | 0x00   | 32    | RW     | Control signals                  | 0=AP_START 1=AP_DONE 2=AP_IDLE 3=AP_READY 4=AP_CONTINUE 7=AUTO_RESTART 9=INTERRUPT |
| s_axi_control | GIER     | 0x04   | 32    | RW     | Global Interrupt Enable Register | 0=Enable                                                                           |
| s_axi_control | IP_IER   | 0x08   | 32    | RW     | IP Interrupt Enable Register     | 0=CHAN0_INT_EN 1=CHAN1_INT_EN                                                      |
| s_axi_control | IP_ISR   | 0x0c   | 32    | RW     | IP Interrupt Status Register     | 0=CHAN0_INT_ST 1=CHAN1_INT_ST                                                      |
| s_axi_control | in_r_1   | 0x10   | 32    | W      | Data signal of in_r              |                                                                                    |
| s_axi_control | in_r_2   | 0x14   | 32    | W      | Data signal of in_r              |                                                                                    |
| s_axi_control | out_r_1  | 0x1c   | 32    | W      | Data signal of out_r             |                                                                                    |
| s_axi_control | out_r_2  | 0x20   | 32    | W      | Data signal of out_r             |                                                                                    |
+---------------+----------+--------+-------+--------+----------------------------------+------------------------------------------------------------------------------------+

* TOP LEVEL CONTROL
+-----------+---------------+-----------+
| Interface | Type          | Ports     |
+-----------+---------------+-----------+
| ap_clk    | clock         | ap_clk    |
| ap_rst_n  | reset         | ap_rst_n  |
| interrupt | interrupt     | interrupt |
| ap_ctrl   | ap_ctrl_chain |           |
+-----------+---------------+-----------+


================================================================
== SW I/O Information
================================================================
* Top Function Arguments
+----------+-----------+----------------+
| Argument | Direction | Datatype       |
+----------+-----------+----------------+
| in       | inout     | RGBPixel*      |
| out      | inout     | unsigned char* |
+----------+-----------+----------------+

* SW-to-HW Mapping
+----------+---------------+-----------+----------+-----------------------------------+
| Argument | HW Interface  | HW Type   | HW Usage | HW Info                           |
+----------+---------------+-----------+----------+-----------------------------------+
| in       | m_axi_gmem    | interface |          | channel=0                         |
| in       | s_axi_control | register  | offset   | name=in_r_1 offset=0x10 range=32  |
| in       | s_axi_control | register  | offset   | name=in_r_2 offset=0x14 range=32  |
| out      | m_axi_gmem    | interface |          | channel=0                         |
| out      | s_axi_control | register  | offset   | name=out_r_1 offset=0x1c range=32 |
| out      | s_axi_control | register  | offset   | name=out_r_2 offset=0x20 range=32 |
+----------+---------------+-----------+----------+-----------------------------------+


================================================================
== M_AXI Burst Information
================================================================
 Note: All burst requests might be further partitioned into multiple requests during RTL generation based on max_read_burst_length or max_write_burst_length settings.

* Inferred Burst Summary
+--------------+-----------+--------+-------+
| HW Interface | Direction | Length | Width |
+--------------+-----------+--------+-------+
| m_axi_gmem   | write     | 8      | 512   |
+--------------+-----------+--------+-------+

* All M_AXI Variable Accesses
+--------------+----------+-----------------------------+-----------+--------------+--------+-----------------+-----------------------------+------------+---------------------------------------------------------------------------------------------+
| HW Interface | Variable | Access Location             | Direction | Burst Status | Length | Loop            | Loop Location               | Resolution | Problem                                                                                     |
+--------------+----------+-----------------------------+-----------+--------------+--------+-----------------+-----------------------------+------------+---------------------------------------------------------------------------------------------+
| m_axi_gmem   | input    | ../src/grayscale.cpp:9:33   | read      | Fail         |        |                 |                             |            | Inferred burst reverted due to burst accesses data width is different from m_axi port width |
| m_axi_gmem   | input    | ../src/grayscale.cpp:9:33   | read      | Widen Fail   |        | VITIS_LOOP_7_1  | ../src/grayscale.cpp:7:21   | 214-307    | Could not widen since type i8 size is greater than or equal to alignment 1(bytes)           |
| m_axi_gmem   | input    | ../src/grayscale.cpp:9:33   | read      | Inferred     | 1536   | VITIS_LOOP_7_1  | ../src/grayscale.cpp:7:21   |            |                                                                                             |
| m_axi_gmem   | input    | ../src/grayscale.cpp:10:34  | read      | Fail         |        |                 |                             |            | Inferred burst reverted due to burst accesses data width is different from m_axi port width |
| m_axi_gmem   | input    | ../src/grayscale.cpp:10:34  | read      | Widen Fail   |        | VITIS_LOOP_7_1  | ../src/grayscale.cpp:7:21   | 214-307    | Could not widen since type i8 size is greater than or equal to alignment 1(bytes)           |
| m_axi_gmem   | input    | ../src/grayscale.cpp:10:34  | read      | Inferred     | 1536   | VITIS_LOOP_7_1  | ../src/grayscale.cpp:7:21   |            |                                                                                             |
| m_axi_gmem   | input    | ../src/grayscale.cpp:11:33  | read      | Fail         |        |                 |                             |            | Inferred burst reverted due to burst accesses data width is different from m_axi port width |
| m_axi_gmem   | input    | ../src/grayscale.cpp:11:33  | read      | Widen Fail   |        | VITIS_LOOP_7_1  | ../src/grayscale.cpp:7:21   | 214-307    | Could not widen since type i8 size is greater than or equal to alignment 1(bytes)           |
| m_axi_gmem   | input    | ../src/grayscale.cpp:11:33  | read      | Inferred     | 1536   | VITIS_LOOP_7_1  | ../src/grayscale.cpp:7:21   |            |                                                                                             |
| m_axi_gmem   | output   | ../src/output_row.cpp:21:42 | write     | Widened      | 8      | VITIS_LOOP_20_1 | ../src/output_row.cpp:20:22 |            |                                                                                             |
| m_axi_gmem   | output   | ../src/output_row.cpp:21:42 | write     | Inferred     | 512    | VITIS_LOOP_20_1 | ../src/output_row.cpp:20:22 |            |                                                                                             |
+--------------+----------+-----------------------------+-----------+--------------+--------+-----------------+-----------------------------+------------+---------------------------------------------------------------------------------------------+

    * Resolution URL: docs.amd.com/access/sources/dita/topic?Doc_Version=2025.2%20English&url=ug1448-hls-guidance&resourceid=XXX-YYY.html (replace XXX-YYY with column value)

================================================================
== Bind Op Report
================================================================
+----------------------------------------------------------------+-----+--------+---------------------+-----------+------------------------+---------+
| Name                                                           | DSP | Pragma | Variable            | Op        | Impl                   | Latency |
+----------------------------------------------------------------+-----+--------+---------------------+-----------+------------------------+---------+
| + canny_top                                                    | 4   |        |                     |           |                        |         |
|  + canny_top_Pipeline_VITIS_LOOP_41_1_VITIS_LOOP_42_2          | 0   |        |                     |           |                        |         |
|    icmp_ln41_fu_88_p2                                          |     |        | icmp_ln41           | seteq     | auto                   | 0       |
|    add_ln41_1_fu_94_p2                                         |     |        | add_ln41_1          | add       | fabric                 | 0       |
|    add_ln41_fu_111_p2                                          |     |        | add_ln41            | add       | fabric                 | 0       |
|    icmp_ln42_fu_117_p2                                         |     |        | icmp_ln42           | seteq     | auto                   | 0       |
|    select_ln41_fu_123_p3                                       |     |        | select_ln41         | select    | auto_sel               | 0       |
|    select_ln41_1_fu_131_p3                                     |     |        | select_ln41_1       | select    | auto_sel               | 0       |
|    add_ln43_fu_151_p2                                          |     |        | add_ln43            | add       | fabric                 | 0       |
|    add_ln42_fu_162_p2                                          |     |        | add_ln42            | add       | fabric                 | 0       |
|  + canny_top_Pipeline_VITIS_LOOP_79_1_VITIS_LOOP_80_2          | 0   |        |                     |           |                        |         |
|    icmp_ln79_fu_88_p2                                          |     |        | icmp_ln79           | seteq     | auto                   | 0       |
|    add_ln79_1_fu_94_p2                                         |     |        | add_ln79_1          | add       | fabric                 | 0       |
|    add_ln79_fu_111_p2                                          |     |        | add_ln79            | add       | fabric                 | 0       |
|    icmp_ln80_fu_117_p2                                         |     |        | icmp_ln80           | seteq     | auto                   | 0       |
|    select_ln79_fu_123_p3                                       |     |        | select_ln79         | select    | auto_sel               | 0       |
|    select_ln79_1_fu_131_p3                                     |     |        | select_ln79_1       | select    | auto_sel               | 0       |
|    add_ln81_fu_151_p2                                          |     |        | add_ln81            | add       | fabric                 | 0       |
|    add_ln80_fu_162_p2                                          |     |        | add_ln80            | add       | fabric                 | 0       |
|  + canny_top_Pipeline_VITIS_LOOP_22_1_VITIS_LOOP_23_2          | 0   |        |                     |           |                        |         |
|    icmp_ln22_fu_123_p2                                         |     |        | icmp_ln22           | seteq     | auto                   | 0       |
|    add_ln22_1_fu_129_p2                                        |     |        | add_ln22_1          | add       | fabric                 | 0       |
|    add_ln22_fu_141_p2                                          |     |        | add_ln22            | add       | fabric                 | 0       |
|    icmp_ln23_fu_147_p2                                         |     |        | icmp_ln23           | seteq     | auto                   | 0       |
|    select_ln22_fu_153_p3                                       |     |        | select_ln22         | select    | auto_sel               | 0       |
|    select_ln22_1_fu_161_p3                                     |     |        | select_ln22_1       | select    | auto_sel               | 0       |
|    add_ln25_fu_181_p2                                          |     |        | add_ln25            | add       | fabric                 | 0       |
|    add_ln23_fu_220_p2                                          |     |        | add_ln23            | add       | fabric                 | 0       |
|  + canny_top_Pipeline_VITIS_LOOP_49_1_VITIS_LOOP_50_2          | 0   |        |                     |           |                        |         |
|    icmp_ln49_fu_106_p2                                         |     |        | icmp_ln49           | seteq     | auto                   | 0       |
|    add_ln49_3_fu_112_p2                                        |     |        | add_ln49_3          | add       | fabric                 | 0       |
|    add_ln49_fu_124_p2                                          |     |        | add_ln49            | add       | fabric                 | 0       |
|    icmp_ln50_fu_130_p2                                         |     |        | icmp_ln50           | seteq     | auto                   | 0       |
|    select_ln49_fu_136_p3                                       |     |        | select_ln49         | select    | auto_sel               | 0       |
|    select_ln49_1_fu_144_p3                                     |     |        | select_ln49_1       | select    | auto_sel               | 0       |
|    add_ln50_fu_180_p2                                          |     |        | add_ln50            | add       | fabric                 | 0       |
|  + canny_top_Pipeline_VITIS_LOOP_49_1_VITIS_LOOP_50_21         | 0   |        |                     |           |                        |         |
|    icmp_ln49_fu_106_p2                                         |     |        | icmp_ln49           | seteq     | auto                   | 0       |
|    add_ln49_fu_112_p2                                          |     |        | add_ln49            | add       | fabric                 | 0       |
|    add_ln49_1_fu_124_p2                                        |     |        | add_ln49_1          | add       | fabric                 | 0       |
|    icmp_ln50_fu_130_p2                                         |     |        | icmp_ln50           | seteq     | auto                   | 0       |
|    select_ln49_2_fu_136_p3                                     |     |        | select_ln49_2       | select    | auto_sel               | 0       |
|    select_ln49_fu_144_p3                                       |     |        | select_ln49         | select    | auto_sel               | 0       |
|    add_ln50_fu_180_p2                                          |     |        | add_ln50            | add       | fabric                 | 0       |
|  + canny_top_Pipeline_VITIS_LOOP_49_1_VITIS_LOOP_50_22         | 0   |        |                     |           |                        |         |
|    icmp_ln49_fu_106_p2                                         |     |        | icmp_ln49           | seteq     | auto                   | 0       |
|    add_ln49_fu_112_p2                                          |     |        | add_ln49            | add       | fabric                 | 0       |
|    add_ln49_2_fu_124_p2                                        |     |        | add_ln49_2          | add       | fabric                 | 0       |
|    icmp_ln50_fu_130_p2                                         |     |        | icmp_ln50           | seteq     | auto                   | 0       |
|    select_ln49_fu_136_p3                                       |     |        | select_ln49         | select    | auto_sel               | 0       |
|    select_ln49_2_fu_144_p3                                     |     |        | select_ln49_2       | select    | auto_sel               | 0       |
|    add_ln50_fu_180_p2                                          |     |        | add_ln50            | add       | fabric                 | 0       |
|  + canny_top_Pipeline_VITIS_LOOP_49_1_VITIS_LOOP_50_23         | 0   |        |                     |           |                        |         |
|    icmp_ln49_fu_106_p2                                         |     |        | icmp_ln49           | seteq     | auto                   | 0       |
|    add_ln49_fu_112_p2                                          |     |        | add_ln49            | add       | fabric                 | 0       |
|    add_ln49_1_fu_124_p2                                        |     |        | add_ln49_1          | add       | fabric                 | 0       |
|    icmp_ln50_fu_130_p2                                         |     |        | icmp_ln50           | seteq     | auto                   | 0       |
|    select_ln49_fu_136_p3                                       |     |        | select_ln49         | select    | auto_sel               | 0       |
|    select_ln49_1_fu_144_p3                                     |     |        | select_ln49_1       | select    | auto_sel               | 0       |
|    add_ln50_fu_180_p2                                          |     |        | add_ln50            | add       | fabric                 | 0       |
|  + dataflow_parent_loop_proc                                   | 4   |        |                     |           |                        |         |
|   + dataflow_in_loop_VITIS_LOOP_12_1_1                         | 4   |        |                     |           |                        |         |
|    + dataflow_in_loop_VITIS_LOOP_12_1_1_Block_newFuncRoot_proc | 0   |        |                     |           |                        |         |
|      select_ln26_fu_40_p3                                      |     |        | select_ln26         | select    | auto_sel               | 0       |
|    + grayscale                                                 | 2   |        |                     |           |                        |         |
|      empty_fu_73_p2                                            |     |        | empty               | sub       | fabric                 | 0       |
|      empty_46_fu_83_p2                                         |     |        | empty_46            | add       | fabric                 | 0       |
|     + grayscale_Pipeline_VITIS_LOOP_7_1                        | 2   |        |                     |           |                        |         |
|       sub_ln9_fu_141_p2                                        |     |        | sub_ln9             | sub       | fabric                 | 0       |
|       add_ln9_fu_151_p2                                        |     |        | add_ln9             | add       | fabric                 | 0       |
|       lshr_ln9_fu_284_p2                                       |     |        | lshr_ln9            | lshr      | auto_pipe              | 0       |
|       add_ln9_1_fu_187_p2                                      |     |        | add_ln9_1           | add       | fabric                 | 0       |
|       add_ln9_2_fu_196_p2                                      |     |        | add_ln9_2           | add       | fabric                 | 0       |
|       lshr_ln9_1_fu_305_p2                                     |     |        | lshr_ln9_1          | lshr      | auto_pipe              | 0       |
|       add_ln9_3_fu_225_p2                                      |     |        | add_ln9_3           | add       | fabric                 | 0       |
|       add_ln9_4_fu_234_p2                                      |     |        | add_ln9_4           | add       | fabric                 | 0       |
|       lshr_ln9_2_fu_329_p2                                     |     |        | lshr_ln9_2          | lshr      | auto_pipe              | 0       |
|       mul_8ns_8ns_15_1_1_U15                                   |     |        | mul_ln10            | mul       | auto                   | 0       |
|       mac_muladd_8ns_8ns_15ns_16_4_1_U17                       | 1   |        | mul_ln10_1          | mul       | dsp_slice              | 3       |
|       mac_muladd_8ns_5ns_15s_15_4_1_U16                        | 1   |        | mul_ln10_2          | mul       | dsp_slice              | 3       |
|       mac_muladd_8ns_5ns_15s_15_4_1_U16                        | 1   |        | zext_ln10_2         | zext      | dsp_slice              | 3       |
|       mac_muladd_8ns_5ns_15s_15_4_1_U16                        | 1   |        | add_ln10            | add       | dsp_slice              | 3       |
|       mac_muladd_8ns_8ns_15ns_16_4_1_U17                       | 1   |        | gray                | add       | dsp_slice              | 3       |
|       column_9_fu_253_p2                                       |     |        | column_9            | add       | fabric                 | 0       |
|       icmp_ln7_fu_171_p2                                       |     |        | icmp_ln7            | seteq     | auto                   | 0       |
|    + gaussian_blur                                             | 0   |        |                     |           |                        |         |
|      sub_ln28_fu_161_p2                                        |     |        | sub_ln28            | sub       | fabric                 | 0       |
|      srem_32ns_4ns_3_36_seq_1_U61                              |     |        | writeSlot           | srem      | auto_seq               | 35      |
|      add_ln61_fu_123_p2                                        |     |        | add_ln61            | add       | fabric                 | 0       |
|      outputRow_fu_148_p2                                       |     |        | outputRow           | add       | fabric                 | 0       |
|      add_ln78_fu_199_p2                                        |     |        | add_ln78            | add       | fabric                 | 0       |
|      sub_ln28_1_fu_212_p2                                      |     |        | sub_ln28_1          | sub       | fabric                 | 0       |
|      sub_ln30_fu_227_p2                                        |     |        | sub_ln30            | sub       | fabric                 | 0       |
|      add_ln78_1_fu_232_p2                                      |     |        | add_ln78_1          | add       | fabric                 | 0       |
|      sub_ln28_2_fu_245_p2                                      |     |        | sub_ln28_2          | sub       | fabric                 | 0       |
|      sub_ln30_1_fu_260_p2                                      |     |        | sub_ln30_1          | sub       | fabric                 | 0       |
|      icmp_ln29_fu_175_p2                                       |     |        | icmp_ln29           | setgt     | auto                   | 0       |
|      sub_ln30_2_fu_181_p2                                      |     |        | sub_ln30_2          | sub       | fabric                 | 0       |
|      grp_fu_193_p0                                             |     |        | select_ln29         | select    | auto_sel               | 0       |
|      srem_32ns_4ns_32_36_seq_1_U62                             |     |        | srem_ln22           | srem      | auto_seq               | 35      |
|      add_ln23_fu_277_p2                                        |     |        | add_ln23            | add       | fabric                 | 0       |
|      select_ln23_fu_283_p3                                     |     |        | select_ln23         | select    | auto_sel               | 0       |
|      add_ln78_2_fu_291_p2                                      |     |        | add_ln78_2          | add       | fabric                 | 0       |
|      sub_ln28_3_fu_304_p2                                      |     |        | sub_ln28_3          | sub       | fabric                 | 0       |
|      sub_ln30_3_fu_319_p2                                      |     |        | sub_ln30_3          | sub       | fabric                 | 0       |
|      sub_ln30_4_fu_324_p2                                      |     |        | sub_ln30_4          | sub       | fabric                 | 0       |
|     + gaussian_blur_Pipeline_VITIS_LOOP_57_1                   | 0   |        |                     |           |                        |         |
|       icmp_ln57_fu_97_p2                                       |     |        | icmp_ln57           | seteq     | auto                   | 0       |
|       add_ln57_fu_103_p2                                       |     |        | add_ln57            | add       | fabric                 | 0       |
|       add_ln58_fu_119_p2                                       |     |        | add_ln58            | add       | fabric                 | 0       |
|     + gaussian_blur_Pipeline_VITIS_LOOP_70_2                   | 0   |        |                     |           |                        |         |
|       icmp_ln29_fu_518_p2                                      |     |        | icmp_ln29           | setgt     | auto                   | 0       |
|       icmp_ln29_1_fu_524_p2                                    |     |        | icmp_ln29_1         | setgt     | auto                   | 0       |
|       icmp_ln29_2_fu_530_p2                                    |     |        | icmp_ln29_2         | setgt     | auto                   | 0       |
|       icmp_ln29_3_fu_536_p2                                    |     |        | icmp_ln29_3         | setgt     | auto                   | 0       |
|       icmp_ln70_fu_550_p2                                      |     |        | icmp_ln70           | seteq     | auto                   | 0       |
|       add_ln70_fu_629_p2                                       |     |        | add_ln70            | add       | fabric                 | 0       |
|       select_ln29_1_fu_556_p3                                  |     |        | select_ln29_1       | select    | auto_sel               | 0       |
|       grp_fu_572_p0                                            |     |        | absoluteSourceRow   | select    | auto_sel               | 0       |
|       srem_32ns_4ns_32_36_1_U32                                |     |        | result              | srem      | auto                   | 35      |
|       add_ln23_fu_651_p2                                       |     |        | add_ln23            | add       | fabric                 | 0       |
|       select_ln23_1_fu_657_p3                                  |     |        | select_ln23_1       | select    | auto_sel               | 0       |
|       add_ln91_fu_691_p2                                       |     |        | add_ln91            | add       | fabric                 | 0       |
|       sub_ln28_4_fu_705_p2                                     |     |        | sub_ln28_4          | sub       | fabric                 | 0       |
|       sourceColumn_fu_711_p3                                   |     |        | sourceColumn        | select    | auto_sel               | 0       |
|       add_ln95_fu_723_p2                                       |     |        | add_ln95            | add       | fabric                 | 0       |
|       add_ln95_1_fu_993_p2                                     |     |        | add_ln95_1          | add       | fabric                 | 0       |
|       add_ln91_1_fu_772_p2                                     |     |        | add_ln91_1          | add       | fabric                 | 0       |
|       sub_ln28_5_fu_785_p2                                     |     |        | sub_ln28_5          | sub       | fabric                 | 0       |
|       sourceColumn_3_fu_790_p3                                 |     |        | sourceColumn_3      | select    | auto_sel               | 0       |
|       add_ln95_2_fu_802_p2                                     |     |        | add_ln95_2          | add       | fabric                 | 0       |
|       add_ln95_3_fu_1006_p2                                    |     |        | add_ln95_3          | add       | fabric                 | 0       |
|       add_ln91_2_fu_850_p2                                     |     |        | add_ln91_2          | add       | fabric                 | 0       |
|       sub_ln30_2_fu_863_p2                                     |     |        | sub_ln30_2          | sub       | fabric                 | 0       |
|       sourceColumn_5_fu_868_p3                                 |     |        | sourceColumn_5      | select    | auto_sel               | 0       |
|       add_ln95_4_fu_880_p2                                     |     |        | add_ln95_4          | add       | fabric                 | 0       |
|       add_ln95_5_fu_1069_p2                                    |     |        | add_ln95_5          | add       | fabric                 | 0       |
|       add_ln91_3_fu_939_p2                                     |     |        | add_ln91_3          | add       | fabric                 | 0       |
|       sub_ln30_5_fu_952_p2                                     |     |        | sub_ln30_5          | sub       | fabric                 | 0       |
|       sourceColumn_6_fu_957_p3                                 |     |        | sourceColumn_6      | select    | auto_sel               | 0       |
|       add_ln95_6_fu_969_p2                                     |     |        | add_ln95_6          | add       | fabric                 | 0       |
|       add_ln95_7_fu_1078_p2                                    |     |        | add_ln95_7          | add       | fabric                 | 0       |
|       select_ln29_4_fu_578_p3                                  |     |        | select_ln29_4       | select    | auto_sel               | 0       |
|       grp_fu_589_p0                                            |     |        | absoluteSourceRow_1 | select    | auto_sel               | 0       |
|       srem_32ns_4ns_32_36_1_U33                                |     |        | result_8            | srem      | auto                   | 35      |
|       add_ln23_1_fu_746_p2                                     |     |        | add_ln23_1          | add       | fabric                 | 0       |
|       select_ln23_2_fu_752_p3                                  |     |        | select_ln23_2       | select    | auto_sel               | 0       |
|       add_ln95_8_fu_1118_p2                                    |     |        | add_ln95_8          | add       | fabric                 | 0       |
|       add_ln95_9_fu_1128_p2                                    |     |        | add_ln95_9          | add       | fabric                 | 0       |
|       add_ln95_10_fu_1191_p2                                   |     |        | add_ln95_10         | add       | fabric                 | 0       |
|       add_ln95_11_fu_1200_p2                                   |     |        | add_ln95_11         | add       | fabric                 | 0       |
|       select_ln29_fu_595_p3                                    |     |        | select_ln29         | select    | auto_sel               | 0       |
|       grp_fu_606_p0                                            |     |        | absoluteSourceRow_2 | select    | auto_sel               | 0       |
|       srem_32ns_4ns_32_36_1_U34                                |     |        | result_9            | srem      | auto                   | 35      |
|       add_ln23_2_fu_824_p2                                     |     |        | add_ln23_2          | add       | fabric                 | 0       |
|       select_ln23_3_fu_830_p3                                  |     |        | select_ln23_3       | select    | auto_sel               | 0       |
|       add_ln95_12_fu_1216_p2                                   |     |        | add_ln95_12         | add       | fabric                 | 0       |
|       add_ln95_13_fu_1226_p2                                   |     |        | add_ln95_13         | add       | fabric                 | 0       |
|       add_ln95_14_fu_1277_p2                                   |     |        | add_ln95_14         | add       | fabric                 | 0       |
|       add_ln95_15_fu_1286_p2                                   |     |        | add_ln95_15         | add       | fabric                 | 0       |
|       select_ln29_5_fu_612_p3                                  |     |        | select_ln29_5       | select    | auto_sel               | 0       |
|       grp_fu_623_p0                                            |     |        | absoluteSourceRow_3 | select    | auto_sel               | 0       |
|       srem_32ns_4ns_32_36_1_U35                                |     |        | result_10           | srem      | auto                   | 35      |
|       add_ln23_3_fu_902_p2                                     |     |        | add_ln23_3          | add       | fabric                 | 0       |
|       select_ln23_4_fu_908_p3                                  |     |        | select_ln23_4       | select    | auto_sel               | 0       |
|       add_ln95_16_fu_1302_p2                                   |     |        | add_ln95_16         | add       | fabric                 | 0       |
|       add_ln95_17_fu_1307_p2                                   |     |        | add_ln95_17         | add       | fabric                 | 0       |
|       add_ln95_18_fu_1312_p2                                   |     |        | add_ln95_18         | add       | fabric                 | 0       |
|       add_ln95_19_fu_1317_p2                                   |     |        | add_ln95_19         | add       | fabric                 | 0       |
|       empty_47_fu_987_p2                                       |     |        | empty_47            | add       | fabric                 | 0       |
|       tmp_fu_1247_p2                                           |     |        | tmp                 | add       | fabric                 | 0       |
|       empty_48_fu_1257_p2                                      |     |        | empty_48            | add       | fabric                 | 0       |
|       tmp3_fu_1406_p2                                          |     |        | tmp3                | add       | fabric                 | 0       |
|       tmp2_fu_1416_p2                                          |     |        | tmp2                | add       | fabric                 | 0       |
|       tmp8_fu_1099_p2                                          |     |        | tmp8                | add       | fabric                 | 0       |
|       tmp4_fu_1156_p2                                          |     |        | tmp4                | add       | fabric                 | 0       |
|       tmp10_fu_1166_p2                                         |     |        | tmp10               | add       | fabric                 | 0       |
|       tmp11_fu_1484_p2                                         |     |        | tmp11               | sub       | fabric                 | 0       |
|       empty_49_fu_1271_p2                                      |     |        | empty_49            | add       | fabric                 | 0       |
|       tmp5_fu_1341_p2                                          |     |        | tmp5                | add       | fabric                 | 0       |
|       tmp141_fu_1351_p2                                        |     |        | tmp141              | add       | fabric                 | 0       |
|       tmp16_fu_1105_p2                                         |     |        | tmp16               | add       | fabric                 | 0       |
|       tmp6_fu_1175_p2                                          |     |        | tmp6                | add       | fabric                 | 0       |
|       tmp18_fu_1185_p2                                         |     |        | tmp18               | add       | fabric                 | 0       |
|       tmp19_fu_1512_p2                                         |     |        | tmp19               | sub       | fabric                 | 0       |
|       sum_4_fu_1049_p2                                         |     |        | sum_4               | add       | fabric                 | 0       |
|       add_ln93_2_fu_1372_p2                                    |     |        | add_ln93_2          | add       | fabric                 | 0       |
|       add_ln93_5_fu_1422_p2                                    |     |        | add_ln93_5          | add       | fabric                 | 0       |
|    + sobel                                                     | 2   |        |                     |           |                        |         |
|      srem_32ns_3ns_2_36_seq_1_U88                              |     |        | writeSlot           | srem      | auto_seq               | 35      |
|      add_ln107_fu_103_p2                                       |     |        | add_ln107           | add       | fabric                 | 0       |
|      outputRow_fu_128_p2                                       |     |        | outputRow           | add       | fabric                 | 0       |
|      add_ln125_fu_141_p2                                       |     |        | add_ln125           | add       | fabric                 | 0       |
|      icmp_ln67_fu_164_p2                                       |     |        | icmp_ln67           | setgt     | auto                   | 0       |
|      srem_32ns_3ns_2_36_seq_1_U89                              |     |        | srem_ln27           | srem      | auto_seq               | 35      |
|      xor_ln27_fu_243_p2                                        |     |        | xor_ln27            | xor       | auto                   | 0       |
|      or_ln27_fu_252_p2                                         |     |        | or_ln27             | or        | auto                   | 0       |
|      select_ln27_fu_260_p3                                     |     |        | select_ln27         | select    | auto_sel               | 0       |
|      icmp_ln67_1_fu_186_p2                                     |     |        | icmp_ln67_1         | setgt     | auto                   | 0       |
|      urem_32ns_3ns_2_36_seq_1_U90                              |     |        | urem_ln27           | urem      | auto_seq               | 35      |
|      select_ln27_1_fu_273_p3                                   |     |        | select_ln27_1       | select    | auto_sel               | 0       |
|      icmp_ln67_2_fu_214_p2                                     |     |        | icmp_ln67_2         | setgt     | auto                   | 0       |
|      xor_ln27_1_fu_220_p2                                      |     |        | xor_ln27_1          | xor       | auto                   | 0       |
|      or_ln27_1_fu_230_p2                                       |     |        | or_ln27_1           | or        | auto                   | 0       |
|      select_ln27_2_fu_236_p3                                   |     |        | select_ln27_2       | select    | auto_sel               | 0       |
|     + sobel_Pipeline_VITIS_LOOP_100_1                          | 0   |        |                     |           |                        |         |
|       icmp_ln100_fu_115_p2                                     |     |        | icmp_ln100          | seteq     | auto                   | 0       |
|       add_ln100_fu_121_p2                                      |     |        | add_ln100           | add       | fabric                 | 0       |
|       add_ln101_fu_138_p2                                      |     |        | add_ln101           | add       | fabric                 | 0       |
|     + sobel_Pipeline_VITIS_LOOP_116_2                          | 2   |        |                     |           |                        |         |
|       icmp_ln116_fu_223_p2                                     |     |        | icmp_ln116          | seteq     | auto                   | 0       |
|       add_ln116_fu_229_p2                                      |     |        | add_ln116           | add       | fabric                 | 0       |
|       add_ln138_fu_243_p2                                      |     |        | add_ln138           | add       | fabric                 | 0       |
|       sourceColumn_fu_261_p3                                   |     |        | sourceColumn        | select    | auto_sel               | 0       |
|       add_ln138_1_fu_282_p2                                    |     |        | add_ln138_1         | add       | fabric                 | 0       |
|       sourceColumn_2_fu_300_p3                                 |     |        | sourceColumn_2      | select    | auto_sel               | 0       |
|       sub_ln143_fu_419_p2                                      |     |        | sub_ln143           | sub       | fabric                 | 0       |
|       tmp_fu_400_p2                                            |     |        | tmp                 | sub       | fabric                 | 0       |
|       tmp3_fu_450_p2                                           |     |        | tmp3                | sub       | fabric                 | 0       |
|       add_ln147_fu_468_p2                                      |     |        | add_ln147           | add       | fabric                 | 0       |
|       add_ln143_1_fu_498_p2                                    |     |        | add_ln143_1         | add       | fabric                 | 0       |
|       gradientX_fu_504_p2                                      |     |        | gradientX           | add       | fabric                 | 0       |
|       add_ln147_2_fu_520_p2                                    |     |        | add_ln147_2         | add       | fabric                 | 0       |
|       gradientY_fu_526_p2                                      |     |        | gradientY           | add       | fabric                 | 0       |
|       sub_ln32_fu_550_p2                                       |     |        | sub_ln32            | sub       | fabric                 | 0       |
|       absoluteX_fu_555_p3                                      |     |        | absoluteX           | select    | auto_sel               | 0       |
|       sub_ln32_1_fu_570_p2                                     |     |        | sub_ln32_1          | sub       | fabric                 | 0       |
|       absoluteY_fu_575_p3                                      |     |        | absoluteY           | select    | auto_sel               | 0       |
|       add_ln154_fu_594_p2                                      |     |        | add_ln154           | add       | fabric                 | 0       |
|       or_ln42_fu_601_p2                                        |     |        | or_ln42             | or        | auto                   | 0       |
|       icmp_ln42_fu_607_p2                                      |     |        | icmp_ln42           | seteq     | auto                   | 0       |
|       mul_10ns_11ns_20_1_1_U74                                 | 1   |        | mul_ln46            | mul       | auto                   | 0       |
|       mul_10ns_10ns_19_1_1_U75                                 |     |        | mul_ln46_1          | mul       | auto                   | 0       |
|       icmp_ln46_fu_635_p2                                      |     |        | icmp_ln46           | setgt     | auto                   | 0       |
|       mul_10ns_13ns_22_1_1_U76                                 | 1   |        | mul_ln50            | mul       | auto                   | 0       |
|       icmp_ln50_fu_657_p2                                      |     |        | icmp_ln50           | setlt     | auto                   | 0       |
|       or_ln55_fu_663_p2                                        |     |        | or_ln55             | or        | auto                   | 0       |
|       and_ln56_fu_671_p2                                       |     |        | and_ln56            | and       | auto                   | 0       |
|       xor_ln46_fu_679_p2                                       |     |        | xor_ln46            | xor       | auto                   | 0       |
|       or_ln46_fu_684_p2                                        |     |        | or_ln46             | or        | auto                   | 0       |
|       xor_ln42_fu_689_p2                                       |     |        | xor_ln42            | xor       | auto                   | 0       |
|       and_ln46_fu_694_p2                                       |     |        | and_ln46            | and       | auto                   | 0       |
|       xor_ln50_fu_699_p2                                       |     |        | xor_ln50            | xor       | auto                   | 0       |
|       and_ln50_fu_705_p2                                       |     |        | and_ln50            | and       | auto                   | 0       |
|       xor_ln56_fu_727_p2                                       |     |        | xor_ln56            | xor       | auto                   | 0       |
|       and_ln56_1_fu_733_p2                                     |     |        | and_ln56_1          | and       | auto                   | 0       |
|       and_ln56_2_fu_739_p2                                     |     |        | and_ln56_2          | and       | auto                   | 0       |
|       and_ln56_3_fu_745_p2                                     |     |        | and_ln56_3          | and       | auto                   | 0       |
|       sparsemux_9_3_2_1_1_U77                                  |     |        | retval_0_i31_i      | sparsemux | onehotencoding_realdef | 0       |
|    + non_maximum_suppression                                   | 0   |        |                     |           |                        |         |
|      srem_32ns_3ns_32_36_seq_1_U116                            |     |        | writeSlot           | srem      | auto_seq               | 35      |
|      add_ln49_fu_112_p2                                        |     |        | add_ln49            | add       | fabric                 | 0       |
|      outputRow_fu_138_p2                                       |     |        | outputRow           | add       | fabric                 | 0       |
|      grp_fu_160_p0                                             |     |        | add_ln66            | add       | fabric                 | 0       |
|      srem_32ns_3ns_32_36_seq_1_U117                            |     |        | result              | srem      | auto_seq               | 35      |
|      add_ln14_fu_203_p2                                        |     |        | add_ln14            | add       | fabric                 | 0       |
|      urem_32ns_3ns_2_36_seq_1_U118                             |     |        | result_3            | urem      | auto_seq               | 35      |
|      add_ln14_1_fu_179_p2                                      |     |        | add_ln14_1          | add       | fabric                 | 0       |
|      select_ln14_fu_209_p3                                     |     |        | select_ln14         | select    | auto_sel               | 0       |
|      select_ln14_1_fu_184_p3                                   |     |        | select_ln14_1       | select    | auto_sel               | 0       |
|     + non_maximum_suppression_Pipeline_VITIS_LOOP_45_1         | 0   |        |                     |           |                        |         |
|       icmp_ln45_fu_160_p2                                      |     |        | icmp_ln45           | seteq     | auto                   | 0       |
|       add_ln45_fu_166_p2                                       |     |        | add_ln45            | add       | fabric                 | 0       |
|       add_ln46_fu_191_p2                                       |     |        | add_ln46            | add       | fabric                 | 0       |
|     + non_maximum_suppression_Pipeline_VITIS_LOOP_74_2         | 0   |        |                     |           |                        |         |
|       hasBottom_fu_394_p2                                      |     |        | hasBottom           | setlt     | auto                   | 0       |
|       hasTop_fu_400_p2                                         |     |        | hasTop              | setne     | auto                   | 0       |
|       icmp_ln74_fu_414_p2                                      |     |        | icmp_ln74           | seteq     | auto                   | 0       |
|       add_ln74_fu_420_p2                                       |     |        | add_ln74            | add       | fabric                 | 0       |
|       add_ln76_fu_430_p2                                       |     |        | add_ln76            | add       | fabric                 | 0       |
|       centre_magnitude_fu_502_p3                               |     |        | centre_magnitude    | select    | auto_sel               | 0       |
|       hasLeft_fu_510_p2                                        |     |        | hasLeft             | setne     | auto                   | 0       |
|       hasRight_fu_515_p2                                       |     |        | hasRight            | setlt     | auto                   | 0       |
|       select_ln103_fu_618_p3                                   |     |        | select_ln103        | select    | auto_sel               | 0       |
|       neighbourOne_2_fu_625_p3                                 |     |        | neighbourOne_2      | select    | auto_sel               | 0       |
|       select_ln106_fu_634_p3                                   |     |        | select_ln106        | select    | auto_sel               | 0       |
|       and_ln94_fu_642_p2                                       |     |        | and_ln94            | and       | auto                   | 0       |
|       grp_fu_347_p2                                            |     |        | add_ln95            | add       | fabric                 | 0       |
|       grp_fu_377_p3                                            |     |        | select_ln95         | select    | auto_sel               | 0       |
|       neighbourOne_1_fu_646_p3                                 |     |        | neighbourOne_1      | select    | auto_sel               | 0       |
|       and_ln97_fu_543_p2                                       |     |        | and_ln97            | and       | auto                   | 0       |
|       grp_fu_362_p2                                            |     |        | add_ln98            | add       | fabric                 | 0       |
|       grp_fu_384_p3                                            |     |        | select_ln98         | select    | auto_sel               | 0       |
|       and_ln110_fu_656_p2                                      |     |        | and_ln110           | and       | auto                   | 0       |
|       grp_fu_362_p2                                            |     |        | add_ln111           | add       | fabric                 | 0       |
|       grp_fu_377_p3                                            |     |        | select_ln111        | select    | auto_sel               | 0       |
|       neighbourOne_3_fu_660_p3                                 |     |        | neighbourOne_3      | select    | auto_sel               | 0       |
|       and_ln113_fu_574_p2                                      |     |        | and_ln113           | and       | auto                   | 0       |
|       grp_fu_347_p2                                            |     |        | add_ln114           | add       | fabric                 | 0       |
|       grp_fu_384_p3                                            |     |        | select_ln114        | select    | auto_sel               | 0       |
|       grp_fu_347_p2                                            |     |        | add_ln87            | add       | fabric                 | 0       |
|       grp_fu_377_p3                                            |     |        | select_ln87         | select    | auto_sel               | 0       |
|       neighbourOne_fu_670_p3                                   |     |        | neighbourOne        | select    | auto_sel               | 0       |
|       grp_fu_362_p2                                            |     |        | add_ln90            | add       | fabric                 | 0       |
|       grp_fu_384_p3                                            |     |        | select_ln90         | select    | auto_sel               | 0       |
|       icmp_ln119_fu_679_p2                                     |     |        | icmp_ln119          | setlt     | auto                   | 0       |
|       xor_ln119_fu_693_p2                                      |     |        | xor_ln119           | xor       | auto                   | 0       |
|       icmp_ln120_fu_684_p2                                     |     |        | icmp_ln120          | setlt     | auto                   | 0       |
|       xor_ln120_fu_698_p2                                      |     |        | xor_ln120           | xor       | auto                   | 0       |
|       and_ln119_fu_703_p2                                      |     |        | and_ln119           | and       | auto                   | 0       |
|       select_ln119_fu_709_p3                                   |     |        | select_ln119        | select    | auto_sel               | 0       |
|    + double_threshold                                          | 0   |        |                     |           |                        |         |
|     + double_threshold_Pipeline_VITIS_LOOP_16_1                | 0   |        |                     |           |                        |         |
|       icmp_ln16_fu_78_p2                                       |     |        | icmp_ln16           | seteq     | auto                   | 0       |
|       add_ln16_fu_84_p2                                        |     |        | add_ln16            | add       | fabric                 | 0       |
|       icmp_ln19_fu_100_p2                                      |     |        | icmp_ln19           | setgt     | auto                   | 0       |
|       icmp_ln22_fu_106_p2                                      |     |        | icmp_ln22           | setgt     | auto                   | 0       |
|       select_ln19_1_fu_112_p3                                  |     |        | select_ln19_1       | select    | auto_sel               | 0       |
|       select_ln19_fu_119_p3                                    |     |        | select_ln19         | select    | auto_sel               | 0       |
|    + hysteresis_1_s                                            | 0   |        |                     |           |                        |         |
|      srem_32ns_3ns_32_36_seq_1_U149                            |     |        | writeSlot           | srem      | auto_seq               | 35      |
|      grp_fu_155_p0                                             |     |        | add_ln76            | add       | fabric                 | 0       |
|      outputRow_fu_120_p2                                       |     |        | outputRow           | add       | fabric                 | 0       |
|      urem_32ns_3ns_2_36_seq_1_U150                             |     |        | result              | urem      | auto_seq               | 35      |
|      add_ln18_fu_150_p2                                        |     |        | add_ln18            | add       | fabric                 | 0       |
|      srem_32ns_3ns_32_36_seq_1_U151                            |     |        | result_7            | srem      | auto_seq               | 35      |
|      add_ln18_4_fu_197_p2                                      |     |        | add_ln18_4          | add       | fabric                 | 0       |
|      select_ln18_fu_161_p3                                     |     |        | select_ln18         | select    | auto_sel               | 0       |
|      icmp_ln33_fu_168_p2                                       |     |        | icmp_ln33           | setlt     | auto                   | 0       |
|      icmp_ln38_fu_174_p2                                       |     |        | icmp_ln38           | setgt     | auto                   | 0       |
|      select_ln18_4_fu_212_p3                                   |     |        | select_ln18_4       | select    | auto_sel               | 0       |
|     + hysteresis_1_Pipeline_VITIS_LOOP_72_1                    | 0   |        |                     |           |                        |         |
|       icmp_ln72_fu_119_p2                                      |     |        | icmp_ln72           | seteq     | auto                   | 0       |
|       add_ln72_fu_125_p2                                       |     |        | add_ln72            | add       | fabric                 | 0       |
|     + hysteresis_1_Pipeline_VITIS_LOOP_110_2                   | 0   |        |                     |           |                        |         |
|       icmp_ln90_fu_368_p2                                      |     |        | icmp_ln90           | setlt     | auto                   | 0       |
|       icmp_ln89_fu_374_p2                                      |     |        | icmp_ln89           | seteq     | auto                   | 0       |
|       icmp_ln110_fu_388_p2                                     |     |        | icmp_ln110          | seteq     | auto                   | 0       |
|       add_ln110_fu_508_p2                                      |     |        | add_ln110           | add       | fabric                 | 0       |
|       centre_fu_429_p3                                         |     |        | centre              | select    | auto_sel               | 0       |
|       hasLeft_fu_437_p2                                        |     |        | hasLeft             | setne     | auto                   | 0       |
|       hasRight_fu_513_p2                                       |     |        | hasRight            | setlt     | auto                   | 0       |
|       xor_ln33_4_fu_454_p2                                     |     |        | xor_ln33_4          | xor       | auto                   | 0       |
|       or_ln33_fu_460_p2                                        |     |        | or_ln33             | or        | auto                   | 0       |
|       add_ln33_fu_465_p2                                       |     |        | add_ln33            | add       | fabric                 | 0       |
|       add_ln33_4_fu_485_p2                                     |     |        | add_ln33_4          | add       | fabric                 | 0       |
|       grp_fu_342_p3                                            |     |        | select_ln33         | select    | auto_sel               | 0       |
|       grp_fu_349_p2                                            |     |        | icmp_ln33           | seteq     | auto                   | 0       |
|       select_ln34_fu_518_p3                                    |     |        | select_ln34         | select    | auto_sel               | 0       |
|       icmp_ln34_fu_525_p2                                      |     |        | icmp_ln34           | seteq     | auto                   | 0       |
|       add_ln35_fu_531_p2                                       |     |        | add_ln35            | add       | fabric                 | 0       |
|       grp_fu_342_p3                                            |     |        | select_ln35         | select    | auto_sel               | 0       |
|       grp_fu_349_p2                                            |     |        | icmp_ln35           | seteq     | auto                   | 0       |
|       add_ln36_fu_564_p2                                       |     |        | add_ln36            | add       | fabric                 | 0       |
|       grp_fu_355_p3                                            |     |        | select_ln36         | select    | auto_sel               | 0       |
|       grp_fu_362_p2                                            |     |        | icmp_ln36           | seteq     | auto                   | 0       |
|       add_ln37_fu_592_p2                                       |     |        | add_ln37            | add       | fabric                 | 0       |
|       grp_fu_355_p3                                            |     |        | select_ln37         | select    | auto_sel               | 0       |
|       grp_fu_362_p2                                            |     |        | icmp_ln37           | seteq     | auto                   | 0       |
|       or_ln38_fu_620_p2                                        |     |        | or_ln38             | or        | auto                   | 0       |
|       add_ln38_fu_624_p2                                       |     |        | add_ln38            | add       | fabric                 | 0       |
|       add_ln38_4_fu_643_p2                                     |     |        | add_ln38_4          | add       | fabric                 | 0       |
|       grp_fu_355_p3                                            |     |        | select_ln38         | select    | auto_sel               | 0       |
|       grp_fu_362_p2                                            |     |        | icmp_ln38           | seteq     | auto                   | 0       |
|       select_ln39_fu_666_p3                                    |     |        | select_ln39         | select    | auto_sel               | 0       |
|       icmp_ln39_fu_673_p2                                      |     |        | icmp_ln39           | seteq     | auto                   | 0       |
|       xor_ln40_fu_679_p2                                       |     |        | xor_ln40            | xor       | auto                   | 0       |
|       or_ln40_fu_684_p2                                        |     |        | or_ln40             | or        | auto                   | 0       |
|       add_ln40_fu_689_p2                                       |     |        | add_ln40            | add       | fabric                 | 0       |
|       add_ln40_4_fu_708_p2                                     |     |        | add_ln40_4          | add       | fabric                 | 0       |
|       grp_fu_355_p3                                            |     |        | select_ln40         | select    | auto_sel               | 0       |
|       grp_fu_362_p2                                            |     |        | icmp_ln40           | seteq     | auto                   | 0       |
|    + hysteresis_2_s                                            | 0   |        |                     |           |                        |         |
|      srem_32ns_3ns_32_36_seq_1_U174                            |     |        | writeSlot           | srem      | auto_seq               | 35      |
|      grp_fu_155_p0                                             |     |        | add_ln76            | add       | fabric                 | 0       |
|      outputRow_fu_120_p2                                       |     |        | outputRow           | add       | fabric                 | 0       |
|      urem_32ns_3ns_2_36_seq_1_U175                             |     |        | result              | urem      | auto_seq               | 35      |
|      add_ln18_fu_150_p2                                        |     |        | add_ln18            | add       | fabric                 | 0       |
|      srem_32ns_3ns_32_36_seq_1_U176                            |     |        | result_6            | srem      | auto_seq               | 35      |
|      add_ln18_3_fu_197_p2                                      |     |        | add_ln18_3          | add       | fabric                 | 0       |
|      select_ln18_fu_161_p3                                     |     |        | select_ln18         | select    | auto_sel               | 0       |
|      icmp_ln33_fu_168_p2                                       |     |        | icmp_ln33           | setlt     | auto                   | 0       |
|      icmp_ln38_fu_174_p2                                       |     |        | icmp_ln38           | setgt     | auto                   | 0       |
|      select_ln18_3_fu_212_p3                                   |     |        | select_ln18_3       | select    | auto_sel               | 0       |
|     + hysteresis_2_Pipeline_VITIS_LOOP_72_1                    | 0   |        |                     |           |                        |         |
|       icmp_ln72_fu_119_p2                                      |     |        | icmp_ln72           | seteq     | auto                   | 0       |
|       add_ln72_fu_125_p2                                       |     |        | add_ln72            | add       | fabric                 | 0       |
|     + hysteresis_2_Pipeline_VITIS_LOOP_110_2                   | 0   |        |                     |           |                        |         |
|       icmp_ln90_fu_368_p2                                      |     |        | icmp_ln90           | setlt     | auto                   | 0       |
|       icmp_ln89_fu_374_p2                                      |     |        | icmp_ln89           | seteq     | auto                   | 0       |
|       icmp_ln110_fu_388_p2                                     |     |        | icmp_ln110          | seteq     | auto                   | 0       |
|       add_ln110_fu_508_p2                                      |     |        | add_ln110           | add       | fabric                 | 0       |
|       centre_fu_429_p3                                         |     |        | centre              | select    | auto_sel               | 0       |
|       hasLeft_fu_437_p2                                        |     |        | hasLeft             | setne     | auto                   | 0       |
|       hasRight_fu_513_p2                                       |     |        | hasRight            | setlt     | auto                   | 0       |
|       xor_ln33_3_fu_454_p2                                     |     |        | xor_ln33_3          | xor       | auto                   | 0       |
|       or_ln33_fu_460_p2                                        |     |        | or_ln33             | or        | auto                   | 0       |
|       add_ln33_fu_465_p2                                       |     |        | add_ln33            | add       | fabric                 | 0       |
|       add_ln33_3_fu_485_p2                                     |     |        | add_ln33_3          | add       | fabric                 | 0       |
|       grp_fu_342_p3                                            |     |        | select_ln33         | select    | auto_sel               | 0       |
|       grp_fu_349_p2                                            |     |        | icmp_ln33           | seteq     | auto                   | 0       |
|       select_ln34_fu_518_p3                                    |     |        | select_ln34         | select    | auto_sel               | 0       |
|       icmp_ln34_fu_525_p2                                      |     |        | icmp_ln34           | seteq     | auto                   | 0       |
|       add_ln35_fu_531_p2                                       |     |        | add_ln35            | add       | fabric                 | 0       |
|       grp_fu_342_p3                                            |     |        | select_ln35         | select    | auto_sel               | 0       |
|       grp_fu_349_p2                                            |     |        | icmp_ln35           | seteq     | auto                   | 0       |
|       add_ln36_fu_564_p2                                       |     |        | add_ln36            | add       | fabric                 | 0       |
|       grp_fu_355_p3                                            |     |        | select_ln36         | select    | auto_sel               | 0       |
|       grp_fu_362_p2                                            |     |        | icmp_ln36           | seteq     | auto                   | 0       |
|       add_ln37_fu_592_p2                                       |     |        | add_ln37            | add       | fabric                 | 0       |
|       grp_fu_355_p3                                            |     |        | select_ln37         | select    | auto_sel               | 0       |
|       grp_fu_362_p2                                            |     |        | icmp_ln37           | seteq     | auto                   | 0       |
|       or_ln38_fu_620_p2                                        |     |        | or_ln38             | or        | auto                   | 0       |
|       add_ln38_fu_624_p2                                       |     |        | add_ln38            | add       | fabric                 | 0       |
|       add_ln38_3_fu_643_p2                                     |     |        | add_ln38_3          | add       | fabric                 | 0       |
|       grp_fu_355_p3                                            |     |        | select_ln38         | select    | auto_sel               | 0       |
|       grp_fu_362_p2                                            |     |        | icmp_ln38           | seteq     | auto                   | 0       |
|       select_ln39_fu_666_p3                                    |     |        | select_ln39         | select    | auto_sel               | 0       |
|       icmp_ln39_fu_673_p2                                      |     |        | icmp_ln39           | seteq     | auto                   | 0       |
|       xor_ln40_fu_679_p2                                       |     |        | xor_ln40            | xor       | auto                   | 0       |
|       or_ln40_fu_684_p2                                        |     |        | or_ln40             | or        | auto                   | 0       |
|       add_ln40_fu_689_p2                                       |     |        | add_ln40            | add       | fabric                 | 0       |
|       add_ln40_3_fu_708_p2                                     |     |        | add_ln40_3          | add       | fabric                 | 0       |
|       grp_fu_355_p3                                            |     |        | select_ln40         | select    | auto_sel               | 0       |
|       grp_fu_362_p2                                            |     |        | icmp_ln40           | seteq     | auto                   | 0       |
|    + hysteresis_3_s                                            | 0   |        |                     |           |                        |         |
|      srem_32ns_3ns_32_36_seq_1_U199                            |     |        | writeSlot           | srem      | auto_seq               | 35      |
|      grp_fu_155_p0                                             |     |        | add_ln76            | add       | fabric                 | 0       |
|      outputRow_fu_120_p2                                       |     |        | outputRow           | add       | fabric                 | 0       |
|      urem_32ns_3ns_2_36_seq_1_U200                             |     |        | result              | urem      | auto_seq               | 35      |
|      add_ln18_fu_150_p2                                        |     |        | add_ln18            | add       | fabric                 | 0       |
|      srem_32ns_3ns_32_36_seq_1_U201                            |     |        | result_5            | srem      | auto_seq               | 35      |
|      add_ln18_2_fu_197_p2                                      |     |        | add_ln18_2          | add       | fabric                 | 0       |
|      select_ln18_fu_161_p3                                     |     |        | select_ln18         | select    | auto_sel               | 0       |
|      icmp_ln33_fu_168_p2                                       |     |        | icmp_ln33           | setlt     | auto                   | 0       |
|      icmp_ln38_fu_174_p2                                       |     |        | icmp_ln38           | setgt     | auto                   | 0       |
|      select_ln18_2_fu_212_p3                                   |     |        | select_ln18_2       | select    | auto_sel               | 0       |
|     + hysteresis_3_Pipeline_VITIS_LOOP_72_1                    | 0   |        |                     |           |                        |         |
|       icmp_ln72_fu_119_p2                                      |     |        | icmp_ln72           | seteq     | auto                   | 0       |
|       add_ln72_fu_125_p2                                       |     |        | add_ln72            | add       | fabric                 | 0       |
|     + hysteresis_3_Pipeline_VITIS_LOOP_110_2                   | 0   |        |                     |           |                        |         |
|       icmp_ln90_fu_368_p2                                      |     |        | icmp_ln90           | setlt     | auto                   | 0       |
|       icmp_ln89_fu_374_p2                                      |     |        | icmp_ln89           | seteq     | auto                   | 0       |
|       icmp_ln110_fu_388_p2                                     |     |        | icmp_ln110          | seteq     | auto                   | 0       |
|       add_ln110_fu_508_p2                                      |     |        | add_ln110           | add       | fabric                 | 0       |
|       centre_fu_429_p3                                         |     |        | centre              | select    | auto_sel               | 0       |
|       hasLeft_fu_437_p2                                        |     |        | hasLeft             | setne     | auto                   | 0       |
|       hasRight_fu_513_p2                                       |     |        | hasRight            | setlt     | auto                   | 0       |
|       xor_ln33_2_fu_454_p2                                     |     |        | xor_ln33_2          | xor       | auto                   | 0       |
|       or_ln33_fu_460_p2                                        |     |        | or_ln33             | or        | auto                   | 0       |
|       add_ln33_fu_465_p2                                       |     |        | add_ln33            | add       | fabric                 | 0       |
|       add_ln33_2_fu_485_p2                                     |     |        | add_ln33_2          | add       | fabric                 | 0       |
|       grp_fu_342_p3                                            |     |        | select_ln33         | select    | auto_sel               | 0       |
|       grp_fu_349_p2                                            |     |        | icmp_ln33           | seteq     | auto                   | 0       |
|       select_ln34_fu_518_p3                                    |     |        | select_ln34         | select    | auto_sel               | 0       |
|       icmp_ln34_fu_525_p2                                      |     |        | icmp_ln34           | seteq     | auto                   | 0       |
|       add_ln35_fu_531_p2                                       |     |        | add_ln35            | add       | fabric                 | 0       |
|       grp_fu_342_p3                                            |     |        | select_ln35         | select    | auto_sel               | 0       |
|       grp_fu_349_p2                                            |     |        | icmp_ln35           | seteq     | auto                   | 0       |
|       add_ln36_fu_564_p2                                       |     |        | add_ln36            | add       | fabric                 | 0       |
|       grp_fu_355_p3                                            |     |        | select_ln36         | select    | auto_sel               | 0       |
|       grp_fu_362_p2                                            |     |        | icmp_ln36           | seteq     | auto                   | 0       |
|       add_ln37_fu_592_p2                                       |     |        | add_ln37            | add       | fabric                 | 0       |
|       grp_fu_355_p3                                            |     |        | select_ln37         | select    | auto_sel               | 0       |
|       grp_fu_362_p2                                            |     |        | icmp_ln37           | seteq     | auto                   | 0       |
|       or_ln38_fu_620_p2                                        |     |        | or_ln38             | or        | auto                   | 0       |
|       add_ln38_fu_624_p2                                       |     |        | add_ln38            | add       | fabric                 | 0       |
|       add_ln38_2_fu_643_p2                                     |     |        | add_ln38_2          | add       | fabric                 | 0       |
|       grp_fu_355_p3                                            |     |        | select_ln38         | select    | auto_sel               | 0       |
|       grp_fu_362_p2                                            |     |        | icmp_ln38           | seteq     | auto                   | 0       |
|       select_ln39_fu_666_p3                                    |     |        | select_ln39         | select    | auto_sel               | 0       |
|       icmp_ln39_fu_673_p2                                      |     |        | icmp_ln39           | seteq     | auto                   | 0       |
|       xor_ln40_fu_679_p2                                       |     |        | xor_ln40            | xor       | auto                   | 0       |
|       or_ln40_fu_684_p2                                        |     |        | or_ln40             | or        | auto                   | 0       |
|       add_ln40_fu_689_p2                                       |     |        | add_ln40            | add       | fabric                 | 0       |
|       add_ln40_2_fu_708_p2                                     |     |        | add_ln40_2          | add       | fabric                 | 0       |
|       grp_fu_355_p3                                            |     |        | select_ln40         | select    | auto_sel               | 0       |
|       grp_fu_362_p2                                            |     |        | icmp_ln40           | seteq     | auto                   | 0       |
|    + hysteresis_4_s                                            | 0   |        |                     |           |                        |         |
|      srem_32ns_3ns_32_36_seq_1_U224                            |     |        | writeSlot           | srem      | auto_seq               | 35      |
|      grp_fu_155_p0                                             |     |        | add_ln76            | add       | fabric                 | 0       |
|      outputRow_fu_120_p2                                       |     |        | outputRow           | add       | fabric                 | 0       |
|      urem_32ns_3ns_2_36_seq_1_U225                             |     |        | result              | urem      | auto_seq               | 35      |
|      add_ln18_fu_150_p2                                        |     |        | add_ln18            | add       | fabric                 | 0       |
|      srem_32ns_3ns_32_36_seq_1_U226                            |     |        | result_4            | srem      | auto_seq               | 35      |
|      add_ln18_1_fu_197_p2                                      |     |        | add_ln18_1          | add       | fabric                 | 0       |
|      select_ln18_fu_161_p3                                     |     |        | select_ln18         | select    | auto_sel               | 0       |
|      icmp_ln33_fu_168_p2                                       |     |        | icmp_ln33           | setlt     | auto                   | 0       |
|      icmp_ln38_fu_174_p2                                       |     |        | icmp_ln38           | setgt     | auto                   | 0       |
|      select_ln18_1_fu_212_p3                                   |     |        | select_ln18_1       | select    | auto_sel               | 0       |
|     + hysteresis_4_Pipeline_VITIS_LOOP_72_1                    | 0   |        |                     |           |                        |         |
|       icmp_ln72_fu_119_p2                                      |     |        | icmp_ln72           | seteq     | auto                   | 0       |
|       add_ln72_fu_125_p2                                       |     |        | add_ln72            | add       | fabric                 | 0       |
|     + hysteresis_4_Pipeline_VITIS_LOOP_110_2                   | 0   |        |                     |           |                        |         |
|       icmp_ln90_fu_369_p2                                      |     |        | icmp_ln90           | setlt     | auto                   | 0       |
|       icmp_ln89_fu_375_p2                                      |     |        | icmp_ln89           | seteq     | auto                   | 0       |
|       icmp_ln110_fu_389_p2                                     |     |        | icmp_ln110          | seteq     | auto                   | 0       |
|       add_ln110_fu_509_p2                                      |     |        | add_ln110           | add       | fabric                 | 0       |
|       centre_fu_430_p3                                         |     |        | centre              | select    | auto_sel               | 0       |
|       hasLeft_fu_438_p2                                        |     |        | hasLeft             | setne     | auto                   | 0       |
|       hasRight_fu_514_p2                                       |     |        | hasRight            | setlt     | auto                   | 0       |
|       xor_ln33_1_fu_455_p2                                     |     |        | xor_ln33_1          | xor       | auto                   | 0       |
|       or_ln33_fu_461_p2                                        |     |        | or_ln33             | or        | auto                   | 0       |
|       add_ln33_fu_466_p2                                       |     |        | add_ln33            | add       | fabric                 | 0       |
|       add_ln33_1_fu_486_p2                                     |     |        | add_ln33_1          | add       | fabric                 | 0       |
|       grp_fu_343_p3                                            |     |        | select_ln33         | select    | auto_sel               | 0       |
|       grp_fu_350_p2                                            |     |        | icmp_ln33           | seteq     | auto                   | 0       |
|       select_ln34_fu_519_p3                                    |     |        | select_ln34         | select    | auto_sel               | 0       |
|       icmp_ln34_fu_526_p2                                      |     |        | icmp_ln34           | seteq     | auto                   | 0       |
|       add_ln35_fu_532_p2                                       |     |        | add_ln35            | add       | fabric                 | 0       |
|       grp_fu_343_p3                                            |     |        | select_ln35         | select    | auto_sel               | 0       |
|       grp_fu_350_p2                                            |     |        | icmp_ln35           | seteq     | auto                   | 0       |
|       add_ln36_fu_565_p2                                       |     |        | add_ln36            | add       | fabric                 | 0       |
|       grp_fu_356_p3                                            |     |        | select_ln36         | select    | auto_sel               | 0       |
|       grp_fu_363_p2                                            |     |        | icmp_ln36           | seteq     | auto                   | 0       |
|       add_ln37_fu_593_p2                                       |     |        | add_ln37            | add       | fabric                 | 0       |
|       grp_fu_356_p3                                            |     |        | select_ln37         | select    | auto_sel               | 0       |
|       grp_fu_363_p2                                            |     |        | icmp_ln37           | seteq     | auto                   | 0       |
|       or_ln38_fu_621_p2                                        |     |        | or_ln38             | or        | auto                   | 0       |
|       add_ln38_fu_625_p2                                       |     |        | add_ln38            | add       | fabric                 | 0       |
|       add_ln38_1_fu_644_p2                                     |     |        | add_ln38_1          | add       | fabric                 | 0       |
|       grp_fu_356_p3                                            |     |        | select_ln38         | select    | auto_sel               | 0       |
|       grp_fu_363_p2                                            |     |        | icmp_ln38           | seteq     | auto                   | 0       |
|       select_ln39_fu_667_p3                                    |     |        | select_ln39         | select    | auto_sel               | 0       |
|       icmp_ln39_fu_674_p2                                      |     |        | icmp_ln39           | seteq     | auto                   | 0       |
|       xor_ln40_fu_680_p2                                       |     |        | xor_ln40            | xor       | auto                   | 0       |
|       or_ln40_fu_685_p2                                        |     |        | or_ln40             | or        | auto                   | 0       |
|       add_ln40_fu_690_p2                                       |     |        | add_ln40            | add       | fabric                 | 0       |
|       add_ln40_1_fu_709_p2                                     |     |        | add_ln40_1          | add       | fabric                 | 0       |
|       grp_fu_356_p3                                            |     |        | select_ln40         | select    | auto_sel               | 0       |
|       grp_fu_363_p2                                            |     |        | icmp_ln40           | seteq     | auto                   | 0       |
|    + output_row                                                | 0   |        |                     |           |                        |         |
|      add_ln18_fu_95_p2                                         |     |        | add_ln18            | add       | fabric                 | 0       |
|      add_ln21_fu_113_p2                                        |     |        | add_ln21            | add       | fabric                 | 0       |
|      add_ln20_fu_123_p2                                        |     |        | add_ln20            | add       | fabric                 | 0       |
|     + output_row_Pipeline_VITIS_LOOP_20_1                      | 0   |        |                     |           |                        |         |
|       icmp_ln20_fu_116_p2                                      |     |        | icmp_ln20           | seteq     | auto                   | 0       |
|       add_ln20_fu_122_p2                                       |     |        | add_ln20            | add       | fabric                 | 0       |
|       icmp_ln21_fu_137_p2                                      |     |        | icmp_ln21           | seteq     | auto                   | 0       |
|       select_ln21_fu_177_p3                                    |     |        | select_ln21         | select    | auto_sel               | 0       |
+----------------------------------------------------------------+-----+--------+---------------------+-----------+------------------------+---------+


================================================================
== Storage Report
================================================================
+-----------------------------------------------------+----------------+------------+------+------+--------+-------------------------------------------------+------+---------+------------------+
| Name                                                | Usage          | Type       | BRAM | URAM | Pragma | Variable                                        | Impl | Latency | Bitwidth, Depth, |
|                                                     |                |            |      |      |        |                                                 |      |         | Banks            |
+-----------------------------------------------------+----------------+------------+------+------+--------+-------------------------------------------------+------+---------+------------------+
| + canny_top                                         |                |            | 53   | 0    |        |                                                 |      |         |                  |
|   control_s_axi_U                                   | interface      | s_axilite  |      |      |        |                                                 |      |         |                  |
|   gmem_m_axi_U                                      | interface      | m_axi      | 29   |      |        |                                                 |      |         |                  |
|   lineBuffer_1_U                                    | ram_2p         |            | 2    |      |        | lineBuffer_1                                    | auto | 1       | 8, 2560, 1       |
|   lineBuffer_U                                      | ram_2p         |            | 1    |      |        | lineBuffer                                      | auto | 1       | 8, 1536, 1       |
|   p_anonymous_namespace_lineBuffer_direction_U      | ram_1p         |            | 1    |      |        | p_anonymous_namespace_lineBuffer_direction      | auto | 1       | 2, 1536, 1       |
|   p_anonymous_namespace_lineBuffer_25_magnitude_0_U | ram_2p         |            | 1    |      |        | p_anonymous_namespace_lineBuffer_25_magnitude_0 | auto | 1       | 11, 768, 1       |
|   p_anonymous_namespace_lineBuffer_25_magnitude_1_U | ram_2p         |            | 1    |      |        | p_anonymous_namespace_lineBuffer_25_magnitude_1 | auto | 1       | 11, 768, 1       |
|   p_ZN12_GLOBAL_N_110lineBufferILi1EEE_0_U          | ram_2p         |            | 1    |      |        | p_ZN12_GLOBAL_N_110lineBufferILi1EEE_0          | auto | 1       | 8, 768, 1        |
|   p_ZN12_GLOBAL_N_110lineBufferILi1EEE_1_U          | ram_2p         |            | 1    |      |        | p_ZN12_GLOBAL_N_110lineBufferILi1EEE_1          | auto | 1       | 8, 768, 1        |
|   p_ZN12_GLOBAL_N_110lineBufferILi2EEE_0_U          | ram_2p         |            | 1    |      |        | p_ZN12_GLOBAL_N_110lineBufferILi2EEE_0          | auto | 1       | 8, 768, 1        |
|   p_ZN12_GLOBAL_N_110lineBufferILi2EEE_1_U          | ram_2p         |            | 1    |      |        | p_ZN12_GLOBAL_N_110lineBufferILi2EEE_1          | auto | 1       | 8, 768, 1        |
|   p_ZN12_GLOBAL_N_110lineBufferILi3EEE_0_U          | ram_2p         |            | 1    |      |        | p_ZN12_GLOBAL_N_110lineBufferILi3EEE_0          | auto | 1       | 8, 768, 1        |
|   p_ZN12_GLOBAL_N_110lineBufferILi3EEE_1_U          | ram_2p         |            | 1    |      |        | p_ZN12_GLOBAL_N_110lineBufferILi3EEE_1          | auto | 1       | 8, 768, 1        |
|   p_ZN12_GLOBAL_N_110lineBufferILi4EEE_0_U          | ram_2p         |            | 1    |      |        | p_ZN12_GLOBAL_N_110lineBufferILi4EEE_0          | auto | 1       | 8, 768, 1        |
|   p_ZN12_GLOBAL_N_110lineBufferILi4EEE_1_U          | ram_2p         |            | 1    |      |        | p_ZN12_GLOBAL_N_110lineBufferILi4EEE_1          | auto | 1       | 8, 768, 1        |
|  + dataflow_parent_loop_proc                        |                |            | 10   | 0    |        |                                                 |      |         |                  |
|   + dataflow_in_loop_VITIS_LOOP_12_1_1              |                |            | 10   | 0    |        |                                                 |      |         |                  |
|     cond_loc_channel_U                              | fifo channel   | task level |      |      |        | cond_loc_channel                                | srl  | 0       | 18, 2, 1         |
|     out_grayscale_U                                 | ram_1p channel | pipo       | 1    |      |        | out_grayscale                                   | auto | 1       | 8, 512, 2        |
|     out_gaussian_U                                  | ram_1p channel | pipo       | 1    |      |        | out_gaussian                                    | auto | 1       | 8, 512, 2        |
|     gaussian_valid_U                                | fifo channel   | task level |      |      |        | gaussian_valid                                  | srl  | 0       | 1, 2, 1          |
|     out_sobel_magnitude_U                           | ram_1p channel | pipo       | 1    |      |        | out_sobel_magnitude                             | auto | 1       | 11, 512, 2       |
|     out_sobel_direction_U                           | ram_1p channel | pipo       | 1    |      |        | out_sobel_direction                             | auto | 1       | 2, 512, 2        |
|     sobel_valid_U                                   | fifo channel   | task level |      |      |        | sobel_valid                                     | srl  | 0       | 1, 2, 1          |
|     out_nonmax_U                                    | ram_1p channel | pipo       | 1    |      |        | out_nonmax                                      | auto | 1       | 11, 512, 2       |
|     nonmax_valid_U                                  | fifo channel   | task level |      |      |        | nonmax_valid                                    | srl  | 0       | 1, 2, 1          |
|     out_double_U                                    | ram_1p channel | pipo       | 1    |      |        | out_double                                      | auto | 1       | 8, 512, 2        |
|     double_valid_U                                  | fifo channel   | task level |      |      |        | double_valid                                    | srl  | 0       | 1, 2, 1          |
|     out_hysteresis1_U                               | ram_1p channel | pipo       | 1    |      |        | out_hysteresis1                                 | auto | 1       | 8, 512, 2        |
|     hysteresis1_valid_U                             | fifo channel   | task level |      |      |        | hysteresis1_valid                               | srl  | 0       | 1, 2, 1          |
|     out_hysteresis2_U                               | ram_1p channel | pipo       | 1    |      |        | out_hysteresis2                                 | auto | 1       | 8, 512, 2        |
|     hysteresis2_valid_U                             | fifo channel   | task level |      |      |        | hysteresis2_valid                               | srl  | 0       | 1, 2, 1          |
|     out_hysteresis3_U                               | ram_1p channel | pipo       | 1    |      |        | out_hysteresis3                                 | auto | 1       | 8, 512, 2        |
|     hysteresis3_valid_U                             | fifo channel   | task level |      |      |        | hysteresis3_valid                               | srl  | 0       | 1, 2, 1          |
|     out_hysteresis4_U                               | ram_1p channel | pipo       | 1    |      |        | out_hysteresis4                                 | auto | 1       | 2, 512, 2        |
|     hysteresis4_valid_U                             | fifo channel   | task level |      |      |        | hysteresis4_valid                               | srl  | 0       | 1, 2, 1          |
+-----------------------------------------------------+----------------+------------+------+------+--------+-------------------------------------------------+------+---------+------------------+


================================================================
== Pragma Report
================================================================
* Inferred Pragmas
+--------------+---------+------------------------------------------------------------------------------------------------------------------------------------+-----------------------------------------------------------------------+
| Type         | Options | Location                                                                                                                           | Inferred From                                                         |
+--------------+---------+------------------------------------------------------------------------------------------------------------------------------------+-----------------------------------------------------------------------+
| LOOP_FLATTEN |         | loop VITIS_LOOP_41_1 (../src/gaussian_blur.cpp:41:22) in canny_top (../src/gaussian_blur.cpp:41)                                   | pipeline ../src/gaussian_blur.cpp:42 (Performance Budgeter)           |
| LOOP_FLATTEN |         | loop VITIS_LOOP_49_1 (../src/hysteresis.cpp:49:22) in canny_top (../src/hysteresis.cpp:49)                                         | pipeline ../src/hysteresis.cpp:50 (Performance Budgeter)              |
| LOOP_FLATTEN |         | loop VITIS_LOOP_22_1 (../src/non_maximum_suppression.cpp:22:22) in canny_top (../src/non_maximum_suppression.cpp:22)               | pipeline ../src/non_maximum_suppression.cpp:23 (Performance Budgeter) |
| LOOP_FLATTEN |         | loop VITIS_LOOP_79_1 (../src/sobel.cpp:79:22) in canny_top (../src/sobel.cpp:79)                                                   | pipeline ../src/sobel.cpp:80 (Performance Budgeter)                   |
| PIPELINE     |         | loop VITIS_LOOP_20_1 (../src/output_row.cpp:20:22) in output_row (../src/output_row.cpp:20)                                        | syn.compile.pipeline_loops=64                                         |
| PIPELINE     |         | loop VITIS_LOOP_72_1 (../src/hysteresis.cpp:72:22) in hysteresis<4> (../src/hysteresis.cpp:72)                                     | syn.compile.pipeline_loops=64                                         |
| PIPELINE     |         | loop VITIS_LOOP_110_2 (../src/hysteresis.cpp:110:23) in hysteresis<4> (../src/hysteresis.cpp:110)                                  | syn.compile.pipeline_loops=64                                         |
| PIPELINE     |         | loop VITIS_LOOP_16_1 (../src/double_threshold.cpp:16:22) in double_threshold (../src/double_threshold.cpp:16)                      | syn.compile.pipeline_loops=64                                         |
| PIPELINE     |         | loop VITIS_LOOP_45_1 (../src/non_maximum_suppression.cpp:45:22) in non_maximum_suppression (../src/non_maximum_suppression.cpp:45) | syn.compile.pipeline_loops=64                                         |
| PIPELINE     |         | loop VITIS_LOOP_74_2 (../src/non_maximum_suppression.cpp:74:22) in non_maximum_suppression (../src/non_maximum_suppression.cpp:74) | syn.compile.pipeline_loops=64                                         |
| PIPELINE     |         | loop VITIS_LOOP_100_1 (../src/sobel.cpp:100:23) in sobel (../src/sobel.cpp:100)                                                    | syn.compile.pipeline_loops=64                                         |
| PIPELINE     |         | loop VITIS_LOOP_116_2 (../src/sobel.cpp:116:23) in sobel (../src/sobel.cpp:116)                                                    | syn.compile.pipeline_loops=64                                         |
| PIPELINE     |         | loop VITIS_LOOP_57_1 (../src/gaussian_blur.cpp:57:22) in gaussian_blur (../src/gaussian_blur.cpp:57)                               | syn.compile.pipeline_loops=64                                         |
| PIPELINE     |         | loop VITIS_LOOP_70_2 (../src/gaussian_blur.cpp:70:22) in gaussian_blur (../src/gaussian_blur.cpp:70)                               | syn.compile.pipeline_loops=64                                         |
| PIPELINE     |         | loop VITIS_LOOP_7_1 (../src/grayscale.cpp:7:21) in grayscale (../src/grayscale.cpp:7)                                              | syn.compile.pipeline_loops=64                                         |
| PIPELINE     |         | loop VITIS_LOOP_42_2 (../src/gaussian_blur.cpp:42:26) in canny_top (../src/gaussian_blur.cpp:42)                                   | syn.compile.pipeline_loops=64                                         |
| PIPELINE     |         | loop VITIS_LOOP_80_2 (../src/sobel.cpp:80:26) in canny_top (../src/sobel.cpp:80)                                                   | syn.compile.pipeline_loops=64                                         |
| PIPELINE     |         | loop VITIS_LOOP_23_2 (../src/non_maximum_suppression.cpp:23:26) in canny_top (../src/non_maximum_suppression.cpp:23)               | syn.compile.pipeline_loops=64                                         |
| PIPELINE     |         | loop VITIS_LOOP_50_2 (../src/hysteresis.cpp:50:26) in canny_top (../src/hysteresis.cpp:50)                                         | syn.compile.pipeline_loops=64                                         |
+--------------+---------+------------------------------------------------------------------------------------------------------------------------------------+-----------------------------------------------------------------------+

* Valid Pragma Syntax
+----------+---------+----------------------------------------+
| Type     | Options | Location                               |
+----------+---------+----------------------------------------+
| DATAFLOW |         | in canny_top (../src/canny_top.cpp:13) |
+----------+---------+----------------------------------------+


